# Blender 4.4.0
# www.blender.org
mtllib Captain_Falcon_1108000736_texture.mtl
o Captain_Falcon_1108000736_texture
v 0.164728 0.174950 -0.661489
v 0.117345 0.174463 -0.650242
v 0.141178 0.236412 -0.660093
v 0.175138 0.246431 -0.663458
v 0.155798 0.144918 -0.650562
v 0.225102 0.198032 -0.653429
v 0.212902 0.254182 -0.645306
v 0.244532 0.235430 -0.646253
v 0.228631 0.116057 -0.642860
v 0.278806 0.137146 -0.635762
v 0.242474 0.107073 -0.642431
v 0.290245 0.181132 -0.634722
v 0.201817 0.126096 -0.618076
v 0.108830 0.140875 -0.621487
v 0.241647 0.278803 -0.616441
v 0.242939 0.355892 -0.608809
v 0.255215 0.191849 -0.627920
v 0.115270 0.330242 -0.620213
v 0.185067 0.082218 -0.607293
v 0.080936 0.178779 -0.619571
v 0.095223 0.274434 -0.623317
v 0.149638 0.411898 -0.615456
v 0.210105 0.068900 -0.604863
v 0.256033 0.095876 -0.619138
v 0.278171 0.251549 -0.603835
v 0.150568 0.105289 -0.575696
v 0.320615 0.189512 -0.602840
v 0.214304 0.392020 -0.614922
v 0.299289 0.149317 -0.582689
v 0.073234 0.227618 -0.607527
v 0.112534 0.419105 -0.597866
v 0.098070 0.334150 -0.602843
v 0.166814 0.451825 -0.601468
v 0.204933 0.066182 -0.569745
v 0.242189 0.430573 -0.581674
v 0.109077 0.129017 -0.566026
v 0.116442 0.483095 -0.586332
v 0.198515 0.548901 -0.588955
v 0.327886 0.235092 -0.574814
v 0.288401 0.284265 -0.561406
v 0.082852 0.313466 -0.556379
v 0.107158 0.450346 -0.570219
v 0.266479 0.483892 -0.577318
v 0.250884 0.100920 -0.558226
v 0.304141 0.327490 -0.553976
v 0.299628 0.352828 -0.556379
v 0.083919 0.178104 -0.558664
v 0.119010 0.579755 -0.554685
v 0.158205 0.065520 -0.554179
v 0.317764 0.184347 -0.580028
v 0.089257 0.422062 -0.563158
v 0.079046 0.234586 -0.537703
v 0.280326 0.538360 -0.557741
v 0.163984 0.596152 -0.558769
v 0.219800 0.598967 -0.547028
v 0.310666 0.470081 -0.537732
v 0.093977 0.471664 -0.537091
v 0.173605 0.059651 -0.523988
v 0.102201 0.100418 -0.525001
v 0.076553 0.361977 -0.529612
v 0.331837 0.145265 -0.507080
v 0.061713 0.152856 -0.532653
v 0.302110 0.422466 -0.514792
v 0.299645 0.553845 -0.531443
v 0.348007 0.216915 -0.536168
v 0.086608 0.260901 -0.519225
v 0.343297 0.266816 -0.507711
v 0.088938 0.550651 -0.535406
v 0.089862 0.437247 -0.529756
v 0.308427 0.292772 -0.473545
v 0.084999 0.324639 -0.498914
v 0.078728 0.398731 -0.517156
v 0.054986 0.509257 -0.525976
v 0.190618 0.628269 -0.515934
v 0.306070 0.579438 -0.493527
v 0.209439 0.077962 -0.504739
v 0.127483 0.622971 -0.516285
v 0.138440 0.076708 -0.504901
v 0.078876 0.125973 -0.495931
v 0.054290 0.170336 -0.512631
v 0.082129 0.602398 -0.507948
v 0.344173 0.131620 -0.442891
v 0.278138 0.095536 -0.466797
v 0.000107 0.429633 -0.492637
v 0.246400 0.623052 -0.494383
v 0.061829 0.202591 -0.492518
v 0.088257 0.255228 -0.479641
v 0.080824 0.349384 -0.498000
v 0.339968 0.525547 -0.480849
v 0.390108 0.237402 -0.424035
v 0.338241 0.463826 -0.468372
v 0.016786 0.540135 -0.493470
v 0.165875 0.658273 -0.444992
v 0.156582 0.077693 -0.468938
v 0.113660 0.279573 -0.466386
v 0.321434 0.331836 -0.441960
v -0.006096 0.495574 -0.482962
v 0.215478 0.647654 -0.458630
v 0.396762 0.177997 -0.403004
v 0.020400 0.338619 -0.458977
v 0.466534 -0.969289 -0.478458
v 0.371401 -0.960576 -0.489031
v 0.456303 -0.944515 -0.484432
v 0.323870 -0.971202 -0.488949
v 0.283063 -0.884783 -0.484639
v 0.071796 0.144165 -0.476039
v 0.016336 0.569202 -0.477260
v 0.059634 0.637460 -0.447532
v 0.345658 -0.977805 -0.479476
v 0.251765 -0.973440 -0.470268
v 0.369124 -0.918412 -0.485075
v 0.340607 -0.867837 -0.490786
v 0.398286 -0.870467 -0.485821
v 0.090949 0.243261 -0.427037
v 0.096406 0.652371 -0.436605
v 0.494553 -0.925691 -0.469498
v 0.459592 -0.902995 -0.476154
v 0.380389 -0.819223 -0.467733
v 0.562825 -0.950656 -0.466083
v 0.251085 -0.895309 -0.470721
v 0.083418 0.204080 -0.454192
v 0.414538 -0.976651 -0.453855
v 0.468294 -0.863841 -0.462368
v 0.271549 -0.801686 -0.449367
v 0.237186 0.088531 -0.444506
v 0.126590 0.125269 -0.441213
v 0.104578 0.299576 -0.462794
v 0.068770 0.295209 -0.450101
v 0.291213 0.605068 -0.439692
v 0.234381 -0.910912 -0.449023
v 0.534637 -0.892701 -0.449570
v 0.364329 -0.823423 -0.462411
v 0.071427 0.179582 -0.451978
v 0.326406 0.366677 -0.420031
v 0.309699 -0.768360 -0.434807
v 0.023295 0.609875 -0.447418
v 0.590249 -0.975368 -0.439520
v 0.364460 -0.767775 -0.431864
v 0.089310 0.161327 -0.451799
v 0.105254 0.266214 -0.433593
v 0.122492 0.280701 -0.449925
v -0.044840 0.460472 -0.423951
v 0.318982 0.578066 -0.406055
v 0.398707 -0.815739 -0.447782
v 0.555190 -0.894087 -0.451853
v 0.614970 -0.938072 -0.430487
v 0.237428 -0.838016 -0.421495
v 0.465774 -0.826051 -0.423537
v 0.348861 -0.739450 -0.456604
v 0.339234 -0.751895 -0.438678
v 0.322250 -0.729137 -0.458677
v 0.376196 0.278706 -0.377799
v -0.044475 0.515540 -0.433262
v -0.045837 0.544698 -0.423304
v -0.029745 0.585756 -0.415763
v 0.228578 -0.981056 -0.403791
v 0.522054 -0.979709 -0.376128
v 0.384388 -0.747682 -0.443322
v 0.345552 -0.679304 -0.440066
v 0.316601 0.430418 -0.406013
v 0.276222 -0.762068 -0.420030
v 0.308729 -0.735241 -0.433076
v 0.323139 -0.694284 -0.433461
v 0.165069 0.097241 -0.445370
v 0.110294 0.167661 -0.395399
v 0.552578 -0.871725 -0.418554
v 0.425401 -0.807135 -0.409461
v 0.392037 -0.689679 -0.425583
v -0.034870 0.404435 -0.425244
v 0.341577 0.526824 -0.377223
v 0.340616 0.464394 -0.379993
v 0.221269 0.643390 -0.427606
v 0.124386 0.660001 -0.407612
v 0.219907 -0.963166 -0.408152
v 0.274713 -0.725484 -0.418977
v 0.197204 0.116459 -0.397366
v 0.104259 0.198555 -0.435402
v 0.026782 0.235105 -0.374203
v -0.006726 0.319201 -0.406785
v -0.070628 0.500321 -0.414713
v 0.644436 -0.969190 -0.374508
v 0.508112 -0.853417 -0.402316
v 0.346464 -0.673140 -0.427331
v 0.372469 -0.672097 -0.419145
v 0.288145 -0.978850 -0.377844
v 0.380778 -0.973815 -0.405794
v 0.398172 -0.775247 -0.407258
v 0.287228 -0.747149 -0.413137
v 0.088942 0.246896 -0.410412
v 0.406669 -0.706437 -0.410862
v 0.287305 -0.641894 -0.402163
v 0.333860 -0.635283 -0.416614
v 0.018495 0.653956 -0.406597
v 0.223092 -0.899192 -0.385336
v 0.375243 -0.608751 -0.411189
v 0.309248 -0.596635 -0.409947
v 0.371569 0.150292 -0.355017
v 0.106544 0.225725 -0.402577
v -0.054271 0.351879 -0.357403
v -0.079961 0.547722 -0.401807
v 0.110199 0.673151 -0.402193
v -0.001942 0.751945 -0.393388
v 0.035778 0.714622 -0.408839
v 0.033381 0.674411 -0.429403
v 0.404270 -0.782153 -0.394674
v 0.271089 -0.689779 -0.394811
v 0.430018 -0.657219 -0.392352
v 0.269242 -0.618471 -0.386461
v 0.340591 -0.586899 -0.403856
v 0.178010 0.170507 -0.362341
v 0.301597 0.289430 -0.404530
v -0.119775 0.404312 -0.370319
v -0.093909 0.463742 -0.387848
v 0.154532 0.655422 -0.389036
v 0.024588 0.686555 -0.398566
v 0.230871 -0.853651 -0.366018
v 0.456133 -0.807524 -0.358282
v 0.393320 -0.524422 -0.401639
v 0.412618 -0.606925 -0.391860
v 0.320184 -0.492162 -0.399983
v 0.353337 -0.447089 -0.396822
v 0.265383 0.604618 -0.375062
v -0.015643 0.675385 -0.394513
v -0.044359 0.679001 -0.402518
v 0.413433 -0.787506 -0.376669
v 0.256431 -0.770439 -0.375555
v 0.296925 -0.579925 -0.388163
v -0.007571 -0.031495 -0.384565
v 0.086252 -0.027923 -0.404980
v 0.066667 -0.078578 -0.400687
v 0.135577 0.207307 -0.370981
v -0.063447 0.611835 -0.388203
v 0.085415 0.701286 -0.402604
v 0.417047 -0.772872 -0.387913
v 0.268979 -0.752775 -0.379440
v 0.425857 -0.459260 -0.383993
v 0.296400 -0.445856 -0.374393
v 0.133710 -0.079087 -0.387414
v 0.298909 0.323241 -0.361869
v -0.036769 0.674916 -0.386007
v 0.157773 0.692908 -0.386425
v -0.060122 0.732147 -0.374928
v 0.617852 -0.912242 -0.376515
v 0.430889 -0.715069 -0.368428
v 0.008305 -0.095991 -0.375577
v 0.053111 0.036763 -0.388448
v 0.116377 0.008716 -0.388935
v 0.112549 0.224177 -0.388223
v -0.009579 0.253509 -0.359050
v -0.107362 0.503932 -0.383541
v 0.025295 0.692445 -0.400604
v 0.019194 0.702398 -0.390868
v 0.007583 0.697336 -0.387254
v 0.070395 0.728985 -0.388695
v 0.160297 0.709350 -0.375014
v 0.023927 0.723139 -0.389799
v 0.571026 -0.874405 -0.368001
v 0.450410 -0.588596 -0.385132
v 0.267112 -0.586357 -0.361151
v 0.435938 -0.556120 -0.379901
v 0.084992 0.187594 -0.361965
v 0.305223 0.577267 -0.350765
v 0.187567 0.636763 -0.366403
v -0.002375 0.701285 -0.395592
v -0.024672 0.684889 -0.384620
v 0.132995 0.735372 -0.374940
v -0.036368 0.766536 -0.366594
v 0.353941 -0.979203 -0.314509
v 0.426843 -0.782312 -0.345787
v 0.263477 -0.503685 -0.358980
v 0.059216 -0.128949 -0.368700
v 0.301492 0.380743 -0.359870
v -0.097240 0.591333 -0.366173
v -0.028343 0.682761 -0.390235
v -0.044310 0.697325 -0.376144
v 0.262670 -0.748073 -0.350425
v 0.260862 -0.694226 -0.351682
v 0.383533 -0.376436 -0.350352
v -0.080385 0.649693 -0.362152
v -0.055233 0.676002 -0.371446
v -0.087723 0.677970 -0.369009
v -0.019018 0.754952 -0.369332
v 0.228539 -0.949126 -0.357918
v 0.131430 -0.134700 -0.361055
v -0.033959 -0.067177 -0.359296
v -0.045546 0.008933 -0.349674
v 0.121775 0.089366 -0.347748
v 0.342317 0.154635 -0.305640
v 0.449899 0.235788 -0.305315
v 0.422159 0.282348 -0.308028
v 0.268893 0.278869 -0.374966
v -0.054788 0.303915 -0.336612
v -0.155926 0.423188 -0.345258
v 0.001036 0.735842 -0.362368
v 0.109376 0.743498 -0.367037
v 0.457788 -0.564121 -0.373652
v 0.437099 0.187681 -0.311583
v 0.133587 0.198939 -0.352307
v 0.203947 0.653039 -0.335003
v 0.644587 -0.956393 -0.333662
v 0.439517 -0.419233 -0.355021
v 0.317571 -0.401648 -0.353066
v 0.177033 -0.211121 -0.357918
v 0.184574 -0.175252 -0.369297
v 0.235162 -0.160182 -0.375261
v 0.280525 -0.208664 -0.363986
v 0.269290 -0.154771 -0.371287
v 0.316890 -0.185465 -0.360152
v 0.184544 -0.086249 -0.361909
v 0.071734 0.122717 -0.367776
v 0.115627 0.172811 -0.366096
v 0.116709 0.117620 -0.358632
v 0.150876 0.176031 -0.358409
v 0.068067 0.178083 -0.371843
v 0.126318 0.183234 -0.346472
v 0.027574 0.190158 -0.352032
v 0.350246 0.280349 -0.336545
v 0.196617 0.708060 -0.351877
v 0.240510 -0.977115 -0.345467
v 0.470550 -0.535956 -0.349223
v 0.272147 -0.083706 -0.356257
v 0.008268 0.106290 -0.350513
v 0.027444 0.179550 -0.361585
v 0.276650 0.409033 -0.346438
v -0.207392 0.459222 -0.325280
v -0.151085 0.535381 -0.345645
v -0.081217 0.682822 -0.350183
v -0.108298 0.688533 -0.345531
v -0.047410 0.717865 -0.363213
v -0.051093 0.726853 -0.342717
v 0.605317 -0.905420 -0.322186
v 0.528856 -0.872044 -0.322236
v 0.420738 -0.809777 -0.344223
v 0.478187 -0.577986 -0.316807
v 0.486429 -0.480742 -0.329095
v 0.284180 -0.422406 -0.341217
v 0.099955 -0.166630 -0.335331
v -0.033033 0.072492 -0.317165
v 0.055716 0.099698 -0.349546
v 0.205347 0.190859 -0.340286
v 0.151603 0.197983 -0.348122
v 0.220526 0.276369 -0.366821
v 0.247238 0.255812 -0.341706
v 0.275546 0.327236 -0.345366
v 0.090770 0.768508 -0.352111
v 0.286177 -0.979029 -0.328640
v 0.629785 -0.982292 -0.308600
v 0.493287 -0.983605 -0.300863
v 0.487788 -0.846747 -0.335054
v 0.262204 -0.795694 -0.334980
v 0.261829 -0.260863 -0.333259
v 0.332524 -0.231210 -0.343014
v 0.338874 -0.097241 -0.341141
v 0.368401 -0.119642 -0.327922
v 0.189153 0.000010 -0.327376
v 0.001958 0.094053 -0.332398
v 0.150273 0.175852 -0.344973
v -0.032716 0.141684 -0.331840
v -0.012331 0.180801 -0.343529
v 0.223081 0.324998 -0.343239
v 0.316222 0.442381 -0.330738
v -0.126797 0.615197 -0.328565
v 0.012780 0.766385 -0.328034
v 0.246275 -0.862927 -0.333433
v 0.415026 -0.808793 -0.326345
v 0.256895 -0.631031 -0.334577
v 0.254249 -0.467100 -0.314284
v -0.018133 0.194173 -0.326560
v -0.094341 0.674967 -0.331631
v 0.191183 0.737234 -0.341217
v 0.314293 -0.981552 -0.333388
v 0.247019 -0.913297 -0.338541
v 0.275768 -0.788253 -0.333187
v 0.328863 -0.063316 -0.328159
v 0.235300 -0.017505 -0.325356
v -0.061098 0.012351 -0.334240
v 0.149424 0.109676 -0.332682
v -0.138559 0.373344 -0.331282
v 0.218924 0.610258 -0.329184
v 0.231824 0.658008 -0.299694
v 0.167545 0.752813 -0.333775
v 0.336110 -0.270495 -0.316974
v 0.014966 -0.141708 -0.326931
v -0.063764 -0.068737 -0.332746
v 0.179460 0.043488 -0.311653
v 0.166242 0.176328 -0.327993
v -0.229069 0.484715 -0.309363
v 0.268276 0.573357 -0.308986
v -0.105612 0.678076 -0.329013
v 0.151996 0.772744 -0.322881
v 0.250432 -0.534353 -0.316708
v -0.041558 -0.100255 -0.328748
v 0.153982 0.184354 -0.331361
v -0.051548 0.231337 -0.309250
v 0.207848 0.279011 -0.321694
v 0.248863 0.715672 -0.301313
v -0.044060 0.750811 -0.305402
v -0.074749 0.778507 -0.299818
v 0.441856 -0.828013 -0.320145
v 0.256650 -0.595474 -0.306564
v 0.333292 -0.363741 -0.317464
v 0.392866 -0.218277 -0.316768
v 0.412544 -0.154922 -0.299708
v -0.156247 -0.006805 -0.315579
v 0.287870 0.193869 -0.302415
v 0.196334 0.188904 -0.314501
v 0.233286 0.261466 -0.311437
v 0.249517 0.378527 -0.336654
v -0.132990 0.681625 -0.300083
v -0.088621 0.772810 -0.301997
v -0.067106 0.741700 -0.316514
v 0.262924 -0.945387 -0.327660
v 0.274401 -0.887683 -0.317237
v 0.279330 -0.758708 -0.311037
v 0.277302 -0.707775 -0.293208
v 0.491484 -0.398729 -0.288950
v 0.256369 -0.443387 -0.286892
v -0.165287 -0.064179 -0.311065
v -0.074752 0.082067 -0.319792
v 0.338790 0.258965 -0.297643
v -0.216821 0.541031 -0.296108
v 0.280342 -0.913899 -0.322524
v 0.253572 -0.619334 -0.307617
v 0.419199 -0.347720 -0.314016
v 0.198360 -0.278513 -0.304304
v 0.092523 -0.228090 -0.291797
v -0.125005 -0.108410 -0.303735
v -0.034962 0.082986 -0.313662
v 0.168191 0.100772 -0.301706
v 0.236148 0.226595 -0.325946
v 0.341552 -0.308561 -0.282307
v 0.372593 -0.081402 -0.305972
v 0.176599 0.114240 -0.304390
v 0.170403 0.184166 -0.315849
v 0.295691 0.401708 -0.288737
v -0.223121 0.432565 -0.303310
v 0.223940 0.735573 -0.296949
v 0.495184 -0.865646 -0.303865
v 0.285797 -0.833429 -0.312907
v 0.440923 -0.725490 -0.303019
v 0.267779 -0.649262 -0.289652
v 0.459030 -0.374976 -0.309909
v -0.054438 -0.113654 -0.294589
v 0.194269 0.168527 -0.278822
v -0.268786 0.180269 -0.319013
v -0.252242 0.190390 -0.321007
v -0.247050 0.142315 -0.307159
v -0.087867 0.183368 -0.297688
v 0.230103 0.237840 -0.291516
v 0.374893 0.275428 -0.287792
v -0.101634 0.244483 -0.282154
v 0.241841 0.345578 -0.285624
v 0.236854 0.597396 -0.304881
v 0.239023 0.678426 -0.264945
v 0.331175 -0.963256 -0.311243
v 0.298062 -0.791840 -0.298249
v 0.290530 -0.383889 -0.275517
v 0.385638 -0.333494 -0.304833
v 0.404419 -0.266777 -0.300682
v 0.048390 -0.170851 -0.283641
v -0.189718 -0.043101 -0.292761
v -0.093114 0.134596 -0.296363
v -0.303294 0.108656 -0.304476
v -0.221368 0.163866 -0.299641
v -0.062242 0.194293 -0.296727
v 0.296354 0.227716 -0.299341
v 0.308413 0.515071 -0.294679
v -0.126172 0.665920 -0.289780
v 0.399771 -0.827739 -0.298624
v 0.327688 -0.817771 -0.292316
v 0.504722 -0.354320 -0.289680
v 0.472921 -0.193826 -0.271674
v 0.293142 -0.021520 -0.293633
v 0.209093 0.032231 -0.274424
v -0.104584 0.063949 -0.297146
v -0.071007 0.075675 -0.305305
v -0.111405 0.117867 -0.295385
v 0.422548 0.173164 -0.257821
v -0.283665 0.192771 -0.293101
v 0.216863 0.260127 -0.291517
v -0.172083 0.339161 -0.288580
v 0.230718 0.631672 -0.287637
v -0.143986 0.681596 -0.270778
v 0.388646 -0.903598 -0.280643
v 0.327022 -0.861672 -0.306618
v 0.401356 -0.814911 -0.313331
v 0.474469 -0.267486 -0.271588
v -0.147698 0.057664 -0.282169
v -0.210743 0.400500 -0.289461
v -0.160159 0.632837 -0.278107
v -0.031190 0.759664 -0.275255
v 0.234645 0.741474 -0.265088
v 0.014477 0.768786 -0.301517
v 0.041673 0.766815 -0.300803
v 0.074316 0.766430 -0.294578
v -0.017005 0.848626 -0.303809
v 0.035201 0.853112 -0.311349
v 0.069249 0.832038 -0.302212
v 0.083293 0.886453 -0.291852
v 0.556331 -0.917340 -0.276834
v 0.279549 -0.733218 -0.283706
v 0.254807 -0.529797 -0.258651
v 0.496729 -0.542404 -0.266930
v 0.453729 -0.323562 -0.289094
v 0.262743 0.013499 -0.271943
v -0.240032 0.192717 -0.270760
v 0.191061 0.215299 -0.295362
v 0.468731 0.267056 -0.288793
v 0.008628 0.944595 -0.283590
v 0.393282 -0.932533 -0.286801
v 0.600297 -0.961092 -0.272207
v 0.379828 -0.823476 -0.306072
v 0.502591 -0.383882 -0.288751
v 0.372365 -0.313612 -0.278561
v 0.366646 -0.059376 -0.268469
v 0.197968 0.062404 -0.277635
v 0.358242 0.176563 -0.267109
v 0.444905 0.289097 -0.267520
v 0.103639 0.752970 -0.278844
v -0.066766 0.804527 -0.270136
v 0.499503 -0.994708 -0.274916
v 0.591605 -0.991187 -0.277554
v 0.526262 -0.901394 -0.270321
v 0.403307 -0.862798 -0.292380
v 0.369368 -0.835408 -0.295676
v 0.133009 -0.272852 -0.252403
v -0.237032 0.094131 -0.265221
v 0.363365 -0.866580 -0.289858
v 0.414489 -0.686226 -0.254321
v 0.478797 -0.604507 -0.261575
v 0.502518 -0.440184 -0.256609
v 0.528398 -0.390641 -0.259875
v 0.343870 -0.330169 -0.261867
v 0.437822 -0.311828 -0.276081
v 0.422259 -0.115738 -0.264222
v -0.126668 0.120360 -0.276023
v -0.131235 0.194300 -0.251778
v 0.352341 0.223105 -0.252020
v -0.202537 0.348664 -0.266233
v -0.084402 0.735520 -0.284184
v 0.210637 0.745960 -0.251469
v 0.109613 0.823452 -0.280612
v -0.077036 0.844566 -0.267468
v -0.036967 0.934429 -0.276985
v 0.459459 -0.985304 -0.274124
v 0.431178 -0.883514 -0.277212
v 0.349442 -0.741893 -0.251512
v 0.486154 -0.306235 -0.269362
v -0.189094 0.041879 -0.253665
v -0.274102 0.092266 -0.275770
v 0.195694 0.178524 -0.248072
v 0.202873 0.240770 -0.286995
v -0.238774 0.421857 -0.263008
v 0.083548 0.956160 -0.261392
v 0.279515 -0.651383 -0.251153
v 0.526459 -0.316506 -0.280309
v 0.507336 -0.333971 -0.269241
v 0.270872 -0.319493 -0.251863
v -0.118136 -0.147810 -0.257178
v -0.177154 0.062839 -0.270417
v 0.459661 0.190590 -0.256495
v 0.480943 0.225172 -0.267852
v -0.254713 0.500676 -0.259058
v 0.254499 0.563729 -0.235281
v 0.241642 0.605964 -0.240964
v -0.139265 0.665618 -0.245725
v 0.266613 0.715090 -0.215037
v 0.128695 0.900668 -0.250412
v 0.315364 -0.775834 -0.265720
v 0.256692 -0.482032 -0.242249
v 0.507104 -0.402062 -0.255608
v 0.333638 -0.333538 -0.237908
v 0.468165 -0.325531 -0.271096
v -0.198533 -0.126238 -0.250392
v -0.313984 0.113328 -0.241088
v -0.160856 0.100675 -0.270137
v -0.140724 0.132175 -0.264430
v 0.216917 0.265805 -0.235323
v 0.222365 0.274538 -0.267147
v -0.249033 0.564399 -0.245127
v 0.291294 0.527252 -0.242392
v -0.087416 0.892439 -0.252470
v 0.279895 -0.665306 -0.270092
v 0.429068 -0.611484 -0.212039
v 0.284865 -0.615855 -0.229222
v 0.555726 -0.329667 -0.229037
v 0.485225 -0.328654 -0.262466
v -0.021210 -0.148201 -0.237140
v -0.345391 0.141156 -0.252283
v 0.206527 0.110052 -0.224586
v 0.478981 0.270588 -0.245737
v -0.208359 0.605673 -0.253618
v 0.483852 -0.953910 -0.263254
v 0.289323 -0.660429 -0.241976
v -0.192932 0.118563 -0.257196
v -0.285616 0.222475 -0.224708
v 0.245369 0.335667 -0.219819
v 0.432013 0.365133 -0.258861
v 0.482675 0.349023 -0.260826
v 0.304570 0.458406 -0.207175
v 0.251647 0.660968 -0.239040
v -0.108591 0.763787 -0.245643
v -0.063572 0.734156 -0.247158
v -0.090501 0.777517 -0.261767
v 0.116077 0.749978 -0.263518
v 0.018781 0.992193 -0.244661
v 0.536590 -0.982064 -0.261775
v 0.287643 -0.595410 -0.232653
v 0.500264 -0.527262 -0.215108
v 0.519214 -0.319354 -0.246513
v 0.241015 0.038228 -0.239323
v -0.190202 0.085993 -0.247090
v -0.171370 0.116467 -0.267948
v -0.211658 0.077545 -0.230562
v -0.138836 0.242796 -0.244622
v 0.423920 0.281775 -0.236683
v 0.465724 0.387691 -0.258103
v 0.262242 0.701089 -0.252667
v 0.137412 0.833315 -0.247204
v -0.095340 0.805341 -0.267457
v -0.125924 0.835653 -0.245393
v -0.085471 0.944483 -0.235786
v -0.050369 0.975167 -0.240624
v 0.542349 -0.933766 -0.260004
v 0.285822 -0.405985 -0.213190
v -0.206885 0.049143 -0.247719
v 0.196794 0.091473 -0.219218
v -0.160722 0.128733 -0.241891
v -0.175109 0.638311 -0.246170
v -0.092341 0.753202 -0.242044
v -0.080888 0.765975 -0.246573
v 0.510575 -0.204702 -0.238668
v 0.497622 -0.160330 -0.230112
v -0.232710 -0.050132 -0.212510
v 0.433450 0.174601 -0.240905
v 0.384828 0.250646 -0.221475
v 0.119568 0.728077 -0.256288
v -0.171836 -0.161372 -0.247805
v -0.234859 -0.082753 -0.217949
v 0.302889 -0.007934 -0.236132
v -0.281778 0.105915 -0.226256
v -0.193264 0.135285 -0.227735
v -0.175077 0.143502 -0.248291
v -0.317948 0.214555 -0.206573
v 0.492153 0.382027 -0.231474
v 0.437880 0.404797 -0.233075
v -0.287147 0.482852 -0.190114
v -0.243248 0.595054 -0.251327
v -0.198346 0.631279 -0.254239
v 0.324117 -0.736366 -0.237180
v 0.329337 -0.337951 -0.220566
v 0.168754 -0.299716 -0.182385
v -0.160712 0.156071 -0.218578
v -0.145254 0.195136 -0.225355
v 0.382572 0.185954 -0.218626
v 0.474736 0.215035 -0.234463
v 0.493845 0.326125 -0.223692
v -0.245530 0.371247 -0.206490
v 0.413439 0.359587 -0.215382
v 0.289138 0.497989 -0.172523
v -0.229197 0.635152 -0.242192
v 0.234029 0.732965 -0.208463
v 0.464169 -0.586249 -0.221918
v 0.272115 -0.459047 -0.212492
v 0.508088 -0.424703 -0.216251
v 0.531533 -0.393200 -0.236181
v -0.130792 -0.242308 -0.228635
v -0.216176 -0.197926 -0.243706
v 0.019967 -0.184455 -0.207109
v -0.053351 -0.169827 -0.221820
v -0.227045 -0.140523 -0.233947
v -0.205745 0.026770 -0.223526
v 0.222324 0.042918 -0.210900
v -0.221941 0.072228 -0.200646
v -0.230420 0.348067 -0.212962
v 0.291095 0.391468 -0.196717
v -0.282541 0.531409 -0.216173
v -0.296237 0.541613 -0.228533
v -0.288286 0.586328 -0.224944
v 0.123801 0.745243 -0.222131
v 0.372829 -0.649296 -0.215184
v 0.540101 -0.319720 -0.225683
v -0.220096 -0.253720 -0.231062
v -0.244366 -0.170452 -0.236032
v 0.418870 -0.069258 -0.209464
v 0.363815 -0.026821 -0.217034
v -0.321790 0.131605 -0.234309
v -0.345881 0.154738 -0.227386
v 0.373298 0.228869 -0.213251
v -0.312746 0.538098 -0.234252
v -0.331129 0.580839 -0.231758
v -0.297763 0.557514 -0.248435
v -0.283676 0.577752 -0.232738
v 0.127230 0.710884 -0.238243
v -0.115039 0.860389 -0.218952
v 0.108802 0.975022 -0.216628
v 0.091821 -0.243894 -0.174869
v -0.215103 0.019196 -0.183337
v 0.287544 0.004882 -0.205586
v -0.248370 0.088224 -0.214735
v 0.209862 0.167176 -0.209303
v 0.434590 0.192921 -0.203902
v 0.464229 0.412361 -0.213595
v -0.261648 0.624667 -0.226502
v -0.230409 0.676442 -0.199195
v -0.169654 0.675118 -0.200321
v -0.154934 0.661240 -0.208094
v 0.254666 0.678658 -0.199162
v -0.113324 0.759735 -0.192822
v -0.137358 0.791360 -0.203007
v -0.043432 0.996126 -0.187813
v 0.328810 -0.685562 -0.227682
v 0.046847 -0.201718 -0.177617
v -0.019807 -0.178146 -0.214688
v -0.275905 -0.121864 -0.208055
v 0.265424 0.027255 -0.221827
v -0.202585 0.138368 -0.189402
v -0.156027 0.243627 -0.218681
v 0.510721 0.266600 -0.183577
v -0.347769 0.518700 -0.202273
v -0.303409 0.596722 -0.225381
v 0.276436 0.627186 -0.230577
v 0.272888 0.642861 -0.236062
v 0.275736 0.665762 -0.207611
v 0.143615 0.745066 -0.198940
v 0.273149 -0.315871 -0.162768
v -0.160117 -0.287879 -0.203661
v -0.292053 -0.244954 -0.216518
v 0.516661 -0.169341 -0.212856
v -0.265934 -0.095713 -0.199436
v -0.310356 0.138643 -0.199615
v 0.441430 0.346932 -0.201966
v 0.237994 0.602357 -0.202577
v -0.290065 0.649232 -0.211798
v 0.156455 0.707556 -0.214462
v -0.118239 0.903711 -0.193268
v -0.035408 -0.196387 -0.204248
v -0.228519 0.027802 -0.205636
v -0.180752 0.160585 -0.199923
v 0.254085 0.649950 -0.202877
v -0.247992 0.654099 -0.215374
v 0.248907 0.624083 -0.206721
v -0.150842 0.675436 -0.188927
v 0.120870 0.978018 -0.180200
v 0.325065 -0.657167 -0.212335
v 0.475546 -0.136334 -0.198365
v -0.305261 0.124642 -0.215850
v -0.334074 0.203294 -0.202037
v -0.253619 0.179362 -0.183683
v 0.211703 0.246543 -0.196641
v 0.485569 0.344490 -0.205923
v 0.302934 0.425794 -0.184549
v -0.343439 0.583591 -0.200082
v 0.128445 0.695183 -0.219618
v 0.147301 0.911629 -0.193910
v 0.153883 0.820891 -0.171209
v 0.492537 -0.517798 -0.188844
v 0.540018 -0.420381 -0.193448
v 0.324309 -0.361522 -0.186361
v -0.251521 -0.321224 -0.191250
v -0.342833 -0.233470 -0.189763
v -0.346276 -0.197425 -0.185356
v 0.203706 0.173857 -0.189500
v 0.475749 0.215842 -0.167797
v 0.439636 0.408979 -0.178115
v -0.332053 0.529687 -0.192556
v -0.369757 0.535505 -0.196366
v -0.340872 0.641973 -0.186825
v 0.584537 -0.333104 -0.170656
v -0.298408 -0.297521 -0.197337
v 0.530088 -0.199217 -0.195899
v 0.406078 -0.051455 -0.181002
v 0.197752 0.091331 -0.179041
v -0.155737 0.194707 -0.176526
v 0.448694 0.308115 -0.184463
v 0.504319 0.325726 -0.204035
v 0.252326 0.342392 -0.195927
v 0.465340 0.346381 -0.195102
v -0.322594 0.533623 -0.200304
v 0.258919 0.677393 -0.188357
v 0.132567 0.685152 -0.194394
v 0.298377 -0.533900 -0.191640
v 0.297391 -0.509464 -0.174390
v 0.495251 -0.449895 -0.168951
v 0.549577 -0.332037 -0.183438
v 0.238513 0.037561 -0.176768
v -0.284914 0.119627 -0.182322
v -0.307399 0.113996 -0.188691
v 0.390843 0.259540 -0.181193
v 0.255831 0.637698 -0.167625
v 0.264111 0.690036 -0.162941
v -0.100405 0.957746 -0.184667
v 0.070519 1.001948 -0.189081
v 0.326473 -0.618838 -0.194117
v 0.299158 -0.550642 -0.185889
v 0.579081 -0.318401 -0.158525
v -0.081544 -0.267819 -0.167716
v -0.293883 -0.097265 -0.181955
v -0.261262 0.098372 -0.183326
v -0.300347 0.158567 -0.168000
v -0.169005 0.181338 -0.192668
v -0.300980 0.516436 -0.182487
v -0.255077 0.697134 -0.173919
v 0.128483 0.738675 -0.184438
v -0.250837 -0.030214 -0.155515
v -0.298002 0.212494 -0.189719
v 0.440862 0.299579 -0.131839
v 0.175119 0.698608 -0.139648
v -0.125744 0.816822 -0.172405
v 0.347005 -0.022115 -0.129074
v 0.212905 0.038042 -0.171169
v -0.183668 0.188000 -0.182822
v -0.163022 0.250838 -0.174488
v 0.518324 0.290397 -0.167569
v 0.235239 0.290367 -0.153597
v 0.475270 0.378947 -0.169142
v 0.304347 0.475001 -0.186105
v -0.321177 0.506933 -0.183259
v -0.383585 0.676292 -0.132872
v -0.524525 -0.613367 -0.180697
v -0.531564 -0.565293 -0.194439
v -0.461965 -0.540982 -0.185924
v 0.433140 -0.543387 -0.160915
v -0.584009 -0.564237 -0.186566
v -0.574908 -0.505156 -0.178792
v -0.519006 -0.470220 -0.180842
v 0.342916 -0.340916 -0.164857
v -0.309228 -0.350821 -0.152561
v -0.363724 -0.327743 -0.146659
v 0.506826 -0.180186 -0.171203
v 0.467196 -0.112204 -0.163783
v -0.187589 0.152462 -0.174389
v -0.165396 0.190307 -0.175438
v 0.385631 0.224686 -0.174827
v 0.540040 0.346105 -0.159401
v 0.425496 0.361894 -0.173909
v -0.396178 0.510455 -0.175152
v 0.261925 0.526963 -0.162673
v 0.246959 0.557575 -0.153780
v 0.384754 -0.592749 -0.176807
v -0.453264 -0.462002 -0.167948
v -0.223987 0.010840 -0.149909
v -0.232521 0.097865 -0.156658
v -0.222793 0.151876 -0.160219
v -0.216323 0.325796 -0.171702
v 0.278065 0.380564 -0.148063
v -0.341535 0.521857 -0.179370
v -0.221556 0.697232 -0.171427
v -0.591269 -0.636960 -0.170242
v -0.417078 -0.491032 -0.158609
v 0.523853 -0.437337 -0.141818
v -0.210655 -0.334609 -0.162279
v -0.281729 -0.357899 -0.146703
v -0.274694 -0.046532 -0.150084
v 0.456398 0.366355 -0.158369
v -0.295969 0.450117 -0.133608
v -0.314106 0.505924 -0.162288
v -0.395802 0.535954 -0.166390
v -0.629019 -0.624566 -0.161852
v 0.343257 -0.589700 -0.173691
v -0.441116 -0.600782 -0.148317
v -0.509155 -0.438832 -0.161072
v 0.024448 -0.190323 -0.143688
v -0.359025 -0.159302 -0.154834
v 0.498665 -0.159800 -0.136811
v 0.274424 -0.000647 -0.140935
v 0.200607 0.161546 -0.151147
v -0.211854 0.128217 -0.151384
v 0.475486 0.338159 -0.142679
v -0.366634 0.505280 -0.151645
v 0.245535 0.670263 -0.140540
v 0.122580 0.685443 -0.149257
v 0.127922 0.677744 -0.143476
v -0.408013 -0.545588 -0.149751
v 0.521267 -0.234642 -0.146829
v -0.246249 0.028754 -0.146846
v -0.230367 0.063756 -0.150414
v 0.194332 0.102041 -0.139316
v -0.261484 0.117995 -0.149089
v 0.406130 0.235594 -0.133383
v -0.336987 0.499349 -0.156224
v -0.444804 0.601200 -0.130745
v 0.231330 0.616944 -0.124388
v 0.136479 0.941204 -0.129874
v -0.567563 -0.462624 -0.162720
v 0.324293 -0.450524 -0.147377
v 0.328110 -0.400242 -0.154356
v 0.232884 -0.292441 -0.135892
v 0.418054 -0.066141 -0.130264
v -0.262346 0.111644 -0.157607
v 0.201488 0.239107 -0.144173
v 0.514778 0.357675 -0.160986
v 0.400176 0.385131 -0.162190
v 0.438558 0.416653 -0.155453
v 0.149714 0.755165 -0.133316
v -0.125837 0.871709 -0.127787
v 0.153010 0.866132 -0.137893
v -0.119051 0.929237 -0.105693
v -0.536619 -0.661017 -0.151342
v 0.386417 -0.533226 -0.142045
v -0.638708 -0.556375 -0.150947
v -0.571909 -0.440437 -0.143035
v 0.338126 -0.360254 -0.148731
v 0.350206 -0.348602 -0.155180
v 0.553952 -0.329966 -0.162148
v -0.175930 0.288865 -0.142742
v 0.419361 0.334013 -0.151953
v 0.484366 0.390666 -0.163725
v 0.272879 0.437863 -0.104557
v 0.260878 0.469048 -0.091978
v -0.307650 0.460581 -0.136596
v -0.148479 0.682538 -0.151575
v -0.383915 0.728111 -0.067659
v 0.126766 0.722351 -0.142774
v -0.111204 0.754038 -0.142487
v -0.602820 -0.480255 -0.149777
v -0.125874 -0.316776 -0.128552
v -0.277275 0.432933 -0.120425
v -0.169334 0.702982 -0.116699
v -0.616635 -0.702443 -0.121398
v 0.334421 -0.562941 -0.151558
v 0.326262 -0.478285 -0.134898
v 0.463032 -0.459996 -0.136491
v -0.584527 -0.445380 -0.166986
v -0.485156 -0.417922 -0.134947
v -0.409094 -0.293252 -0.118961
v -0.338121 -0.101050 -0.133874
v -0.241151 -0.006111 -0.109192
v -0.213090 0.137486 -0.129353
v -0.181889 0.158315 -0.131297
v 0.187198 0.164269 -0.121896
v -0.167238 0.171588 -0.140185
v 0.538086 0.316850 -0.130832
v 0.238139 0.339945 -0.136905
v -0.434004 0.543732 -0.151434
v 0.225984 0.585567 -0.137934
v 0.216281 0.710998 -0.131133
v 0.237537 0.698629 -0.093128
v 0.145877 0.715346 -0.113025
v 0.374012 -0.544779 -0.122292
v -0.615611 -0.472376 -0.142647
v 0.587275 -0.336704 -0.120412
v 0.070345 -0.193061 -0.092849
v -0.399484 -0.212917 -0.128708
v -0.258118 0.055699 -0.137697
v -0.155932 0.189463 -0.144660
v 0.397149 0.373268 -0.138327
v 0.485725 0.408417 -0.131242
v -0.439353 0.538007 -0.136186
v 0.225708 0.638938 -0.094277
v 0.177406 0.811784 -0.141517
v 0.325373 -0.514311 -0.139577
v -0.442599 -0.426992 -0.132356
v 0.325428 -0.326356 -0.136670
v 0.229991 0.013590 -0.133224
v 0.178865 0.061340 -0.109828
v -0.296545 0.089341 -0.129986
v 0.494436 0.269464 -0.101911
v 0.394659 0.276109 -0.110208
v 0.463441 0.357208 -0.141932
v -0.331035 0.501247 -0.140810
v -0.449488 0.628794 -0.117296
v -0.126985 0.706447 -0.135106
v -0.098896 0.958754 -0.096189
v 0.031842 1.001348 -0.104369
v -0.430748 -0.608771 -0.121255
v -0.536717 -0.415163 -0.117675
v 0.350611 -0.418416 -0.125292
v -0.304260 -0.382219 -0.129606
v -0.380098 -0.369824 -0.127197
v 0.562010 -0.329158 -0.122583
v -0.020953 -0.243650 -0.118031
v 0.458092 0.315365 -0.117192
v 0.440805 0.323773 -0.116281
v 0.388770 0.353690 -0.132712
v 0.547280 0.366873 -0.108655
v 0.243943 0.521575 -0.105173
v 0.234146 0.599864 -0.116520
v -0.119606 0.805790 -0.112831
v 0.103795 0.985312 -0.130417
v -0.036501 0.984997 -0.067396
v -0.670851 -0.675568 -0.119866
v 0.383801 -0.531090 -0.118049
v -0.662287 -0.555009 -0.122293
v -0.644759 -0.522978 -0.129902
v -0.385426 -0.535039 -0.113382
v -0.594835 -0.434878 -0.117575
v 0.361661 -0.326886 -0.137759
v 0.563567 -0.326521 -0.092506
v -0.264154 0.011333 -0.138213
v -0.147086 0.262161 -0.098237
v 0.427598 0.309505 -0.116242
v 0.253296 0.492427 -0.101016
v -0.681040 -0.578303 -0.111085
v 0.403198 -0.480849 -0.120074
v 0.486029 -0.451513 -0.114067
v -0.220369 -0.359252 -0.093838
v -0.145619 -0.329541 -0.113281
v 0.129232 -0.245261 -0.124323
v -0.413361 -0.182699 -0.087300
v -0.300647 0.023342 -0.117233
v -0.247986 0.134669 -0.127093
v 0.457275 0.345620 -0.122414
v 0.384568 0.369481 -0.120961
v -0.366835 0.527298 -0.126689
v -0.467056 0.603258 -0.115709
v 0.229072 0.584408 -0.111557
v -0.302686 0.742686 -0.075233
v -0.787692 -0.907626 -0.125963
v -0.732616 -0.891248 -0.133871
v -0.748182 -0.974886 -0.128021
v -0.783863 -0.853330 -0.129501
v -0.688216 -0.831040 -0.123115
v -0.683957 -0.905194 -0.123484
v -0.744388 -0.783913 -0.110659
v -0.531467 -0.682535 -0.114384
v -0.578521 -0.717203 -0.088691
v -0.660249 -0.522474 -0.119427
v -0.391375 -0.464324 -0.115092
v -0.478821 -0.404400 -0.104723
v -0.322142 -0.393705 -0.114753
v -0.424103 -0.351681 -0.118918
v 0.480437 -0.167653 -0.093885
v 0.191786 0.023241 -0.137628
v 0.185434 0.044765 -0.119447
v -0.167077 0.139781 -0.113891
v -0.147289 0.184757 -0.094466
v 0.406240 0.307782 -0.112660
v -0.255512 0.423187 -0.092911
v 0.425356 0.378570 -0.123040
v 0.447428 0.399957 -0.119741
v -0.390202 0.447467 -0.106436
v 0.233754 0.555620 -0.101358
v -0.141803 0.679509 -0.110196
v 0.123243 0.711300 -0.115357
v 0.216422 0.692653 -0.056978
v -0.108668 0.739177 -0.114084
v -0.673255 -0.546722 -0.114384
v -0.366298 -0.405168 -0.114750
v -0.407669 -0.381509 -0.123802
v 0.558049 -0.326294 -0.104608
v 0.498899 -0.228762 -0.072153
v -0.315533 -0.061656 -0.099402
v -0.260574 0.001191 -0.103904
v 0.192218 -0.001274 -0.103509
v 0.167852 0.085853 -0.100079
v 0.261318 0.093351 -0.129222
v 0.273250 0.104371 -0.139498
v 0.284357 0.150994 -0.121099
v 0.186603 0.129904 -0.114977
v 0.266882 0.163515 -0.120813
v 0.210412 0.280856 -0.103569
v 0.416977 0.322144 -0.113406
v 0.249911 0.380771 -0.094921
v 0.117962 0.676539 -0.111773
v 0.168502 0.841072 -0.106420
v -0.688071 -0.978716 -0.115467
v 0.361302 -0.491780 -0.117251
v -0.616145 -0.429725 -0.113082
v -0.450328 -0.359694 -0.103893
v 0.376173 -0.372709 -0.095992
v 0.562140 -0.365515 -0.073366
v 0.213156 -0.282049 -0.104315
v 0.030983 -0.195284 -0.092870
v -0.273756 -0.028372 -0.102144
v -0.297590 0.086482 -0.099672
v -0.262350 0.113578 -0.094593
v 0.430728 0.259819 -0.099445
v 0.529986 0.325226 -0.088222
v -0.333093 0.429946 -0.109528
v -0.418875 0.491110 -0.098373
v -0.398244 0.552634 -0.117398
v 0.896821 0.590490 -0.086360
v 0.855690 0.601465 -0.129685
v 0.891358 0.600176 -0.084552
v -0.225936 0.722809 -0.104144
v -0.812662 -0.971127 -0.092438
v 0.415692 -0.454185 -0.106054
v 0.443548 -0.444361 -0.101465
v -0.555683 -0.413513 -0.081277
v 0.593045 -0.323546 -0.065457
v 0.169635 -0.268574 -0.109775
v -0.090657 -0.297209 -0.079835
v -0.283318 -0.020949 -0.095079
v -0.315907 -0.033481 -0.111355
v -0.337694 -0.000517 -0.092776
v 0.241008 -0.028020 -0.094732
v 0.176583 0.033844 -0.110962
v 0.175170 0.013737 -0.118207
v 0.182935 0.100139 -0.108138
v 0.200524 0.159402 -0.108391
v 0.392104 0.311256 -0.103666
v 0.420861 0.370619 -0.099685
v 0.769442 0.562249 -0.122063
v 0.819656 0.603601 -0.111448
v 0.163658 0.781290 -0.097425
v -0.717241 -0.655637 -0.096901
v -0.286685 -0.404490 -0.082437
v 0.224398 0.045919 -0.108341
v -0.198391 0.118455 -0.093283
v 0.451057 0.381321 -0.089822
v -0.469447 0.639170 -0.094079
v 0.229946 0.674257 -0.073727
v 0.128246 0.682477 -0.086545
v 0.120131 0.703351 -0.098371
v -0.117468 0.815194 -0.094639
v -0.674884 -0.972626 -0.072936
v -0.654329 -0.916712 -0.096193
v -0.654001 -0.870368 -0.098675
v -0.709404 -0.773724 -0.098308
v -0.709936 -0.750421 -0.096690
v -0.722013 -0.690033 -0.086922
v 0.385351 -0.430748 -0.104183
v -0.347963 -0.422081 -0.100809
v 0.385617 -0.408305 -0.093164
v 0.388477 -0.340019 -0.093128
v -0.450538 -0.331039 -0.089968
v -0.436662 -0.283005 -0.074175
v -0.385107 -0.133569 -0.072306
v 0.130709 0.011514 -0.072448
v -0.226041 0.129720 -0.094214
v -0.181263 0.143960 -0.099228
v -0.153248 0.158911 -0.090765
v 0.178595 0.166054 -0.104182
v 0.150938 0.235351 -0.074374
v 0.486356 0.369172 -0.101827
v 0.229272 0.535393 -0.075483
v -0.446555 0.585143 -0.105560
v 0.740567 0.565300 -0.093865
v -0.665486 -0.824469 -0.105873
v -0.675187 -0.777978 -0.086360
v 0.395450 -0.360198 -0.096361
v 0.385159 -0.285427 -0.053361
v 0.533492 -0.277966 -0.082857
v 0.300546 -0.044673 -0.083205
v 0.198488 -0.019121 -0.098042
v 0.193434 0.087897 -0.097394
v 0.492144 0.293666 -0.077452
v 0.380771 0.334064 -0.093352
v 0.194695 0.352684 -0.080987
v 0.789012 0.547256 -0.071449
v 0.731833 0.556576 -0.116886
v 0.665006 0.552456 -0.097341
v 0.670038 0.561258 -0.101398
v -0.127651 0.675978 -0.096334
v -0.096537 0.716334 -0.062675
v -0.292924 0.760899 -0.011096
v -0.099863 0.774521 -0.083604
v 0.137651 0.859446 -0.085331
v -0.093610 0.955238 -0.062936
v -0.429179 -0.225697 -0.078222
v -0.293113 -0.039848 -0.084006
v 0.205094 0.160890 -0.094998
v -0.116466 0.196324 -0.071605
v 0.419882 0.301837 -0.058115
v 0.189788 0.315670 -0.076689
v -0.310269 0.412165 -0.078804
v -0.444675 0.694486 -0.066047
v 0.221180 0.664231 -0.095187
v -0.425917 0.703084 -0.067366
v -0.130134 0.681448 -0.046411
v 0.085911 0.967556 -0.073778
v -0.644713 -0.982208 -0.061871
v -0.822912 -0.906009 -0.077378
v -0.799608 -0.815514 -0.071782
v -0.737392 -0.775673 -0.090111
v -0.715375 -0.601754 -0.054594
v -0.665874 -0.508707 -0.075977
v -0.366843 -0.471491 -0.087163
v -0.362468 -0.493113 -0.057286
v -0.471294 -0.337804 -0.057142
v 0.578057 -0.339767 -0.069788
v 0.579708 -0.311079 -0.054091
v -0.113141 -0.307282 -0.077566
v 0.353705 -0.073459 -0.059780
v -0.317009 -0.045104 -0.081719
v 0.148489 -0.015995 -0.086499
v -0.341221 0.035379 -0.078124
v 0.161016 0.036681 -0.093824
v -0.163348 0.132589 -0.083061
v 0.836444 0.562225 -0.075680
v -0.071828 0.688069 -0.095594
v -0.088924 0.709560 -0.104254
v -0.082441 0.688864 -0.092099
v 0.133079 0.681599 -0.055391
v -0.092593 0.729988 -0.090787
v -0.121559 0.886440 -0.076411
v -0.137505 0.919005 -0.088444
v -0.111376 0.962171 -0.089629
v -0.781774 -0.970169 -0.076453
v -0.826429 -0.839723 -0.064784
v -0.177240 0.108243 -0.097040
v -0.178783 0.121548 -0.077378
v -0.185493 0.369030 -0.074582
v -0.423575 0.424470 -0.056180
v 0.214068 0.558304 -0.077390
v -0.458268 0.550625 -0.069083
v -0.425702 0.594289 -0.085192
v 0.788893 0.570853 -0.070364
v 0.132392 0.770254 -0.073241
v 0.154845 0.820651 -0.073146
v -0.642475 -0.912049 -0.056484
v -0.651803 -0.786557 -0.059890
v -0.748128 -0.692546 -0.091613
v -0.409603 -0.585363 -0.034325
v -0.626720 -0.467773 -0.069280
v -0.618949 -0.448450 -0.062295
v 0.435264 -0.412305 -0.075413
v 0.518524 -0.380560 -0.057256
v 0.381321 -0.425849 -0.078367
v 0.387159 -0.366053 -0.073133
v -0.181062 -0.335815 -0.048183
v 0.149526 0.078194 -0.077654
v 0.184612 0.107032 -0.085522
v 0.167620 0.161979 -0.077428
v 0.457321 0.290070 -0.074728
v 0.172781 0.283427 -0.070793
v 0.413976 0.352924 -0.075980
v 0.501537 0.348517 -0.079359
v 0.608909 0.561775 -0.080720
v 0.598505 0.575090 -0.084266
v 0.866931 0.602822 -0.076583
v -0.451402 0.624696 -0.069091
v 0.203513 0.611673 -0.076779
v -0.455363 0.660631 -0.067281
v -0.126055 0.665756 -0.075058
v 0.063710 0.979392 -0.066408
v -0.744503 -0.748123 -0.073443
v -0.511085 -0.686661 -0.060103
v -0.329529 -0.465381 -0.052247
v -0.497409 -0.396974 -0.060909
v 0.433544 -0.377603 -0.098997
v 0.432619 -0.356173 -0.082901
v 0.538230 -0.326158 -0.067176
v 0.216403 -0.242890 -0.067213
v 0.076910 -0.182340 -0.059906
v -0.291305 0.110787 -0.071899
v -0.192866 0.112724 -0.075046
v -0.237361 0.139149 -0.060908
v -0.167799 0.152670 -0.072422
v -0.121059 0.271708 -0.063194
v -0.393873 0.409348 -0.042425
v 0.228559 0.496199 -0.060852
v 0.768606 0.548444 -0.036520
v 0.731241 0.572379 -0.044330
v 0.115828 0.904666 -0.063341
v -0.641682 -0.818205 -0.058707
v -0.764071 -0.740085 -0.080598
v -0.458097 -0.636660 -0.033593
v -0.683182 -0.538257 -0.062711
v -0.495467 -0.390399 -0.000978
v 0.395928 -0.395371 -0.060931
v 0.421844 -0.303387 -0.056434
v 0.111104 -0.188922 -0.071733
v 0.149611 -0.065524 -0.068960
v -0.414946 -0.043683 -0.037616
v -0.343688 0.070740 -0.054637
v 0.156772 0.090668 -0.080483
v -0.190145 0.131918 -0.067334
v -0.120772 0.161262 -0.049659
v 0.464141 0.343254 -0.073025
v -0.460694 0.452471 -0.051570
v 0.196757 0.587829 -0.065905
v -0.425465 0.620782 -0.068526
v 0.120061 0.688007 -0.053732
v -0.223746 0.731318 -0.015505
v -0.093854 0.795597 -0.074523
v -0.760060 -0.759962 -0.044525
v -0.248705 -0.392880 -0.041113
v 0.425036 -0.378963 -0.060507
v -0.055929 -0.270497 -0.054711
v -0.315671 -0.059052 -0.059542
v 0.182926 0.097068 -0.065848
v 0.142209 0.175623 -0.073529
v 0.421485 0.314998 -0.052289
v -0.475348 0.497451 -0.045136
v 0.216784 0.510574 -0.060581
v 0.203403 0.571252 -0.057863
v 0.866777 0.579176 -0.072125
v -0.110408 0.660485 -0.065375
v -0.068822 0.726632 -0.064043
v -0.060859 0.690221 -0.066361
v -0.097663 0.810343 -0.034974
v -0.109360 0.849348 -0.044603
v -0.781232 -0.776646 -0.044382
v -0.591263 -0.438552 -0.052935
v 0.460056 -0.363187 -0.068034
v -0.402740 -0.000691 -0.039230
v 0.133915 0.040580 -0.067521
v -0.164012 0.098018 -0.067358
v 0.188106 0.137050 -0.051775
v 0.117113 0.258096 -0.059690
v 0.202192 0.389398 -0.056894
v 0.200463 0.442638 -0.047132
v 0.533102 0.584729 -0.064677
v 0.189343 0.649392 -0.051193
v -0.068819 0.673898 -0.064041
v 0.027712 0.971218 -0.028762
v -0.743843 -0.660263 -0.037919
v -0.668293 -0.521851 -0.065036
v -0.297087 -0.440613 -0.038711
v 0.540078 -0.335353 -0.067574
v -0.108009 -0.306942 -0.053264
v -0.335591 -0.081227 -0.036256
v -0.354223 -0.067289 -0.077122
v 0.136820 0.069112 -0.060079
v -0.273764 0.413776 -0.050585
v 0.827163 0.559259 -0.056942
v 0.831213 0.593703 -0.030497
v -0.069746 0.677567 -0.045500
v 0.104311 0.667186 -0.075853
v 0.102094 0.694960 -0.071591
v 0.085590 0.670158 -0.078602
v -0.067265 0.767682 -0.049363
v 0.087911 0.927217 -0.040766
v -0.839198 -0.888529 -0.031705
v -0.561593 -0.719734 -0.039313
v -0.789254 -0.715775 -0.031267
v -0.687479 -0.555055 -0.054382
v 0.514354 -0.296499 -0.053776
v 0.449724 -0.232785 -0.049056
v 0.162439 0.068367 -0.050590
v 0.162634 0.168055 -0.037804
v 0.115237 0.176443 -0.060629
v 0.449162 0.317975 -0.062553
v -0.196118 0.426098 -0.044522
v 0.212885 0.481003 -0.057664
v -0.419750 0.617894 -0.058928
v -0.044575 0.682202 -0.068504
v -0.053022 0.704949 -0.070896
v 0.125544 0.817197 -0.061910
v -0.111665 0.951225 -0.052531
v 0.083506 0.980112 -0.061477
v -0.802783 -0.969752 -0.039414
v -0.829849 -0.974616 -0.042309
v 0.467301 -0.374707 -0.049557
v 0.471011 -0.367557 -0.057015
v 0.414155 -0.221959 -0.037043
v 0.174484 -0.106391 -0.064778
v -0.166767 0.115233 -0.058799
v -0.135905 0.332148 -0.036716
v 0.800728 0.589729 -0.005409
v -0.468181 0.596914 -0.035069
v -0.111832 0.642069 -0.040069
v -0.091320 0.629470 -0.049329
v 0.090637 0.668832 -0.041115
v 0.084125 0.718765 -0.050786
v -0.050070 0.745239 -0.050399
v -0.122229 0.870172 -0.049229
v -0.624414 -0.479942 -0.018445
v -0.545527 -0.413514 -0.016498
v 0.502011 -0.351610 -0.060872
v 0.519121 -0.344569 -0.055667
v -0.457454 -0.329265 -0.023406
v 0.137570 -0.170995 -0.063074
v 0.055541 -0.163631 -0.027616
v 0.137154 -0.123011 -0.056971
v -0.345596 -0.074695 -0.043691
v 0.121984 -0.085033 -0.047480
v -0.193084 0.146239 -0.013866
v -0.095425 0.183058 -0.038818
v 0.135830 0.328964 -0.051529
v 0.133228 0.371072 -0.049466
v -0.234489 0.434772 -0.052907
v 0.520081 0.577798 -0.054988
v 0.530868 0.614627 -0.002361
v 0.162890 0.604200 -0.043842
v -0.402263 0.643240 -0.051476
v 0.067406 0.662854 -0.049304
v 0.193117 0.667597 -0.025110
v -0.013295 0.705868 -0.026813
v 0.101826 0.753179 -0.034180
v 0.104643 0.847808 -0.033898
v -0.122462 0.890598 -0.033485
v 0.086053 0.928627 -0.022196
v -0.647565 -0.812211 -0.020148
v 0.533744 -0.337097 -0.040613
v -0.445020 -0.296706 -0.005595
v 0.259152 -0.211810 -0.042905
v 0.103740 -0.162416 -0.050187
v -0.348905 -0.106659 0.000114
v 0.276352 -0.095955 -0.051923
v -0.384871 -0.100541 -0.047059
v 0.111995 0.057529 -0.045995
v -0.138708 0.141039 -0.044912
v 0.105414 0.208849 -0.049806
v -0.223141 0.439851 -0.043381
v 0.478315 0.587231 -0.047327
v -0.445883 0.654732 -0.027516
v -0.039966 0.655350 -0.058252
v -0.019639 0.660800 -0.051612
v -0.377720 0.756806 -0.020367
v 0.070304 0.968557 -0.035956
v -0.615260 -0.771188 -0.024748
v -0.305621 -0.466195 0.000871
v 0.506343 -0.366677 -0.040987
v 0.005270 -0.190063 -0.051059
v -0.435896 -0.234898 -0.009721
v 0.190807 -0.121502 -0.053410
v 0.177392 -0.150494 -0.059427
v -0.155998 0.093715 -0.048112
v -0.155563 0.070460 -0.036918
v -0.125526 0.095706 -0.056551
v -0.105213 0.113223 -0.047870
v -0.123713 0.120188 -0.040599
v -0.149156 0.129435 -0.068298
v -0.398863 0.404693 -0.005548
v -0.248153 0.429673 -0.029651
v 0.568430 0.592721 0.007436
v 0.455492 0.577346 -0.036723
v -0.093748 0.920662 -0.016892
v -0.841132 -0.903198 -0.020006
v -0.836474 -0.846844 -0.033088
v -0.494500 -0.667230 -0.028219
v -0.699533 -0.590503 -0.025212
v -0.678925 -0.560083 -0.012112
v -0.255778 -0.400040 -0.019648
v 0.563672 -0.342735 -0.036016
v 0.291168 -0.174956 -0.033445
v 0.087023 -0.015520 -0.014188
v -0.400091 0.014316 -0.006358
v -0.275039 0.116367 -0.031239
v 0.099132 0.157284 -0.037754
v 0.112577 0.155618 -0.017151
v -0.060330 0.283634 -0.020201
v 0.145036 0.419265 -0.026291
v -0.146974 0.393422 -0.031197
v 0.193212 0.489505 -0.035331
v 0.183688 0.503734 -0.030089
v 0.182236 0.525008 -0.028701
v 0.155899 0.550203 -0.030770
v 0.421272 0.579792 -0.035607
v -0.085203 0.590402 -0.035991
v -0.062775 0.607220 -0.058487
v -0.048318 0.631769 -0.043103
v -0.383982 0.645591 -0.033716
v -0.005886 0.683888 -0.043334
v 0.057773 0.701657 -0.032846
v -0.451637 0.683177 -0.023714
v -0.430545 0.697863 -0.037546
v 0.106589 0.675429 -0.033793
v 0.105528 0.671591 -0.006874
v -0.064959 0.681230 -0.015870
v -0.409977 0.728425 -0.027369
v -0.100143 0.913191 -0.004217
v -0.676693 -0.984147 -0.015358
v -0.770404 -0.738414 -0.024912
v 0.408218 -0.244902 -0.034355
v 0.343456 -0.151650 -0.035600
v 0.095685 -0.114436 -0.023647
v -0.355131 -0.098281 -0.004312
v -0.455233 -0.105808 -0.010220
v 0.158127 0.107405 -0.021689
v -0.166826 0.117982 -0.032199
v -0.162739 0.131024 -0.026175
v -0.210529 0.140743 -0.004070
v -0.063509 0.189536 -0.030668
v -0.192893 0.444516 -0.021141
v -0.222915 0.452013 -0.038305
v 0.164589 0.471217 -0.032958
v -0.110186 0.850647 -0.022214
v -0.714073 -0.624918 -0.032403
v -0.449995 -0.604976 0.004327
v -0.323077 -0.484606 -0.013759
v -0.489068 -0.362959 -0.006093
v -0.470273 -0.336470 -0.004291
v -0.087886 0.094348 -0.034099
v -0.088862 0.118522 -0.024631
v 0.094660 0.308400 -0.007474
v 0.413231 0.564311 -0.025909
v 0.409346 0.585771 -0.023712
v -0.024497 0.639368 -0.013937
v -0.377925 0.653058 -0.036090
v -0.004674 0.648317 -0.022558
v 0.032798 0.664458 -0.034472
v -0.327224 0.779832 0.020337
v 0.083651 0.765552 -0.042154
v 0.085980 0.808918 -0.042996
v -0.078346 0.928508 -0.000473
v -0.834985 -0.963293 0.004403
v -0.848305 -0.880164 -0.024272
v -0.643737 -0.883258 -0.000211
v -0.772254 -0.704821 -0.022752
v -0.744698 -0.689985 -0.024566
v -0.372329 -0.526109 -0.005544
v -0.417131 -0.191622 0.004417
v 0.023689 -0.164719 -0.035149
v 0.102277 0.057248 -0.016183
v -0.102908 0.067497 -0.015028
v -0.070331 0.106194 -0.030088
v -0.048187 0.180308 -0.016644
v 0.055080 0.179872 -0.023271
v 0.044933 0.240400 -0.019705
v 0.098235 0.284688 -0.017228
v -0.335320 0.407366 0.006336
v 0.191521 0.508913 -0.022762
v -0.516708 0.556628 0.009111
v 0.448173 0.577363 -0.020674
v -0.099107 0.601719 -0.019624
v -0.371225 0.667128 -0.019787
v -0.115400 0.649447 -0.017196
v -0.178201 0.692285 0.004648
v -0.011289 0.725405 -0.020949
v -0.092112 0.836632 -0.004773
v -0.026688 0.962304 -0.015178
v -0.777788 -0.767791 -0.003405
v -0.193736 -0.334624 -0.006078
v -0.157918 -0.287718 0.023383
v -0.473279 -0.069511 -0.002863
v 0.112878 0.084213 -0.022795
v -0.140265 0.080932 -0.012569
v 0.044063 0.183008 -0.019945
v 0.345565 0.543962 -0.022445
v 0.132369 0.569826 -0.016371
v -0.043932 0.559945 -0.010236
v -0.063344 0.634078 -0.019214
v -0.024120 0.593897 -0.011256
v -0.429080 0.637441 0.004737
v 0.050691 0.659062 -0.013178
v 0.151039 0.660171 0.000436
v -0.428837 0.715797 -0.006985
v -0.020825 0.764473 -0.018895
v -0.029387 0.785364 -0.008622
v 0.060994 0.800600 -0.025153
v 0.090456 0.827211 -0.031246
v 0.029943 0.973845 -0.004256
v -0.757093 -0.974187 -0.012825
v -0.798260 -0.786523 0.010866
v -0.664127 -0.829915 0.017083
v -0.649512 -0.856093 -0.011351
v -0.753198 -0.712366 -0.028647
v -0.044900 -0.225523 -0.013334
v -0.396229 -0.170739 0.033047
v -0.433278 -0.129005 -0.012251
v -0.404749 -0.125691 -0.004117
v 0.073762 0.047937 -0.018238
v 0.087009 0.117215 -0.024023
v 0.111128 0.408626 0.014613
v -0.168635 0.447740 -0.016545
v 0.262644 0.519727 -0.012531
v 0.299675 0.521477 -0.020004
v 0.274222 0.507410 -0.021726
v 0.335087 0.524191 -0.012739
v 0.812150 0.586521 -0.006672
v 0.508901 0.602468 0.028912
v -0.403266 0.725044 -0.013701
v 0.065094 0.889078 -0.005713
v -0.648852 -0.920686 0.011281
v -0.586008 -0.722574 0.041394
v -0.031148 -0.170024 -0.006595
v -0.004693 -0.108745 -0.006198
v -0.154607 0.019788 -0.019016
v -0.183377 0.029303 -0.010025
v -0.180873 0.019289 -0.035456
v 0.059380 0.035785 -0.015390
v -0.018861 0.246600 -0.019514
v 0.108595 0.479407 0.004858
v 0.152045 0.503567 -0.010930
v 0.782544 0.585097 0.040162
v -0.095446 0.573482 -0.021579
v -0.349959 0.658471 -0.001384
v 0.030204 0.774434 -0.017624
v 0.086791 0.823497 -0.015299
v -0.528613 -0.670373 0.016361
v -0.737473 -0.696554 0.017975
v -0.301513 -0.443988 0.040407
v 0.056805 -0.116170 -0.008498
v -0.066978 0.072649 -0.003778
v -0.013862 0.070392 -0.003538
v -0.014112 0.101279 -0.016019
v -0.172380 0.113604 -0.001400
v 0.028383 0.176305 -0.011917
v -0.017928 0.189741 -0.021553
v 0.079679 0.350298 -0.004637
v -0.279229 0.439176 0.053246
v -0.478330 0.420832 0.023780
v -0.213429 0.479380 -0.024063
v -0.525796 0.454514 0.029540
v 0.118132 0.497427 0.007857
v 0.122976 0.519900 0.001790
v 0.093612 0.599841 -0.010919
v 0.624916 0.619681 0.070946
v -0.428676 0.667297 0.014069
v -0.016916 0.733897 0.007268
v -0.050604 0.791602 0.006892
v 0.008033 0.947315 0.006684
v -0.653436 -0.976437 0.002779
v -0.858570 -0.928701 0.016936
v -0.201539 -0.000221 -0.015284
v -0.158431 0.031462 -0.005796
v -0.306125 0.065490 0.020741
v 0.018072 0.082084 -0.008612
v -0.012278 0.108813 -0.000145
v 0.043395 0.102632 -0.016343
v 0.037724 0.110781 -0.008203
v 0.049339 0.274428 0.006406
v -0.072661 0.366314 0.006777
v -0.185059 0.520998 -0.000906
v 0.301284 0.507754 0.005090
v 0.395606 0.557208 -0.004584
v 0.413215 0.598407 0.049129
v 0.090470 0.627497 -0.003559
v -0.375095 0.656059 0.023127
v -0.375690 0.763375 0.017157
v -0.026897 0.765967 0.011445
v -0.846962 -0.831676 0.033344
v -0.316695 -0.503851 0.017738
v 0.033444 0.037346 -0.007737
v -0.005433 0.028516 -0.013002
v -0.002218 0.034464 -0.003698
v 0.035541 0.034245 0.010210
v 0.047964 0.089269 0.009338
v -0.161517 0.486580 0.003662
v -0.525145 0.501654 0.000219
v -0.603417 0.541455 -0.008779
v -0.571638 0.552519 -0.004728
v -0.607537 0.471967 -0.001872
v 0.074746 0.560179 0.001178
v -0.551944 0.531329 0.002666
v -0.537908 0.574141 -0.003301
v -0.580180 0.586793 -0.005150
v -0.495439 0.595067 0.022385
v -0.112564 0.603294 0.017900
v -0.000802 0.618611 -0.013302
v 0.026591 0.603213 -0.010822
v -0.388148 0.733732 -0.003036
v 0.042389 0.792848 0.001617
v -0.665362 -0.978281 0.025088
v -0.809352 -0.973625 0.023528
v -0.695808 -0.626125 0.006999
v -0.234930 -0.399206 0.043240
v -0.446237 -0.342101 0.027861
v 0.055035 -0.027180 -0.002721
v -0.062737 0.027380 -0.005642
v -0.023867 -0.040371 -0.001291
v -0.138133 0.008021 0.001013
v -0.189942 -0.000813 0.022768
v -0.151408 0.062381 -0.010553
v -0.245455 0.100608 0.029866
v -0.013376 0.293545 0.002760
v -0.050513 0.335261 0.006739
v -0.551264 0.471192 0.018460
v -0.579831 0.502244 0.012369
v 0.309499 0.528256 0.009236
v 0.335399 0.522050 0.012896
v -0.610905 0.551946 0.005043
v -0.405428 0.672332 0.010204
v 0.056517 0.883970 0.013565
v -0.282511 -0.479595 0.010559
v -0.497707 -0.376681 0.036727
v -0.456442 -0.345296 0.024590
v -0.075009 -0.121075 0.042866
v -0.045686 -0.091950 0.017120
v -0.471797 -0.054071 0.021187
v -0.208299 0.006389 0.009184
v -0.224788 -0.013618 -0.002098
v -0.079211 0.021970 -0.004979
v -0.093610 0.010459 0.002390
v -0.068058 0.020835 0.009085
v -0.173796 0.029268 0.020588
v -0.168996 0.067979 0.004398
v -0.119057 0.434345 0.030181
v -0.626324 0.482705 0.019939
v -0.217170 0.503284 0.029223
v 0.200767 0.509078 0.042237
v -0.103314 0.543274 0.013724
v 0.712503 0.592754 0.065540
v 0.762989 0.598948 0.038576
v -0.529290 0.633426 0.021079
v 0.009464 0.594690 0.012343
v -0.175578 0.670281 0.033171
v -0.430829 0.679786 0.027898
v -0.435057 0.703955 0.003903
v -0.406814 0.742120 0.026744
v -0.004800 0.777767 0.001182
v -0.087516 0.906335 0.015717
v -0.041910 0.925205 0.016798
v -0.737929 -0.972053 0.063068
v -0.857551 -0.884827 0.040315
v -0.778572 -0.769801 0.030707
v -0.770415 -0.727097 0.014679
v -0.585233 -0.490916 0.035136
v -0.445456 -0.092180 0.010041
v -0.153603 -0.044230 0.054564
v -0.099700 0.066165 0.011077
v -0.012642 0.086643 0.022302
v 0.054688 0.387254 0.038962
v -0.577335 0.461366 0.033719
v 0.240268 0.496836 0.041912
v 0.493052 0.619882 0.039590
v -0.373268 0.734860 0.009084
v -0.019706 0.786101 -0.000874
v 0.025841 0.845101 0.022412
v 0.019083 0.908344 0.034800
v -0.069113 0.903403 0.012997
v -0.819948 -0.794639 0.058141
v -0.628452 -0.766737 0.046848
v -0.514230 -0.428276 0.036453
v -0.495113 -0.406422 0.025500
v -0.124742 -0.214607 0.054061
v -0.347549 -0.100906 0.023819
v -0.468727 -0.075376 0.020363
v 0.018953 0.342068 0.013112
v -0.179956 0.491468 0.029431
v 0.078264 0.550522 0.023961
v -0.307343 0.725049 0.003256
v -0.289031 0.727732 0.010107
v -0.331160 0.738683 0.002076
v -0.281043 0.763189 0.053945
v -0.341241 0.781837 0.038912
v -0.657592 -0.944189 0.053574
v -0.410860 -0.540980 0.030551
v -0.426502 -0.249704 0.037446
v -0.236734 -0.032315 0.023053
v -0.227809 -0.007604 0.026915
v -0.098967 -0.022275 0.022337
v -0.061197 0.026788 0.028120
v -0.018646 0.029307 0.028456
v -0.030127 0.349532 0.014527
v -0.622144 0.420394 0.042186
v 0.143971 0.494888 0.033361
v -0.587638 0.600230 0.023528
v -0.424263 0.732298 0.040500
v -0.282049 0.709333 0.018173
v -0.328654 0.769629 0.046757
v -0.465539 -0.599026 0.049591
v -0.690201 -0.673509 0.044557
v -0.600340 -0.580664 0.060975
v -0.339780 -0.113734 0.024088
v -0.463426 -0.037268 0.047832
v -0.209262 -0.039102 0.044649
v -0.227867 0.042290 0.047590
v -0.249822 0.467526 0.051835
v 0.083484 0.498946 0.021867
v -0.476245 0.648817 0.041474
v -0.462953 0.623868 0.043433
v -0.351392 0.733750 0.023952
v -0.013876 0.811675 0.031079
v -0.056508 0.846352 0.026851
v -0.791045 -0.764069 0.051221
v -0.441268 -0.066058 0.060383
v -0.264214 0.072343 0.046580
v -0.387596 0.411615 0.047566
v -0.601896 0.404257 0.045869
v -0.133253 0.496330 0.028930
v 0.110552 0.515118 0.041026
v -0.011058 0.516508 0.042667
v 0.009582 0.528165 0.039288
v 0.047218 0.557162 0.025993
v -0.657666 -0.922436 0.052611
v -0.348177 -0.513139 0.063293
v -0.222891 -0.384345 0.063777
v -0.446550 -0.053689 0.034748
v -0.376120 0.016208 0.050636
v -0.166673 0.498091 0.038460
v 0.091117 0.522778 0.031798
v 0.034000 0.561964 0.037012
v -0.388894 0.652200 0.049126
v -0.387805 0.705869 0.039811
v -0.258856 0.710031 0.039264
v -0.676995 -0.825713 0.050042
v -0.530182 -0.640268 0.052521
v -0.289821 -0.465667 0.041346
v -0.473081 -0.337157 0.045266
v -0.348947 -0.128330 0.076700
v -0.324325 -0.096466 0.036362
v -0.088554 -0.101538 0.051376
v -0.057458 0.421750 0.049827
v -0.506441 0.432387 0.063205
v 0.312551 0.521096 0.067101
v -0.607262 0.509772 0.047453
v -0.608258 0.542250 0.035948
v -0.008549 0.897524 0.027538
v -0.869425 -0.912407 0.084559
v -0.665353 -0.883011 0.070503
v -0.660368 -0.860289 0.053590
v -0.388489 -0.517051 0.051724
v -0.251888 -0.038388 0.039617
v -0.206408 -0.014015 0.046332
v 0.015813 0.394716 0.053831
v -0.446370 0.417840 0.060255
v -0.317648 0.428835 0.074560
v -0.548006 0.418297 0.071738
v -0.147690 0.478461 0.049852
v 0.768720 0.600844 0.057998
v -0.413483 0.675614 0.067291
v -0.369832 0.749312 0.071124
v -0.010221 0.888322 0.042022
v -0.868995 -0.952698 0.057206
v -0.754392 -0.770324 0.054921
v -0.759861 -0.759672 0.042428
v -0.312085 -0.099611 0.040743
v 0.050700 0.488784 0.044449
v -0.090878 0.475871 0.048022
v -0.113283 0.511975 0.035213
v -0.060584 0.489658 0.056858
v 0.242795 0.512804 0.071833
v 0.318897 0.546101 0.077347
v 0.434447 0.592134 0.063184
v -0.507520 0.658820 0.064429
v -0.303394 0.781222 0.055991
v -0.673745 -0.975409 0.069695
v -0.438693 -0.333854 0.053720
v -0.596668 0.466967 0.069488
v 0.063814 0.500875 0.051758
v 0.071204 0.536127 0.058856
v -0.143456 0.538709 0.062813
v -0.436725 0.635368 0.062960
v -0.590242 0.640582 0.060389
v -0.890759 -0.941786 0.118113
v -0.345628 -0.173278 0.064164
v -0.325203 -0.127017 0.121309
v -0.404004 -0.063436 0.117857
v -0.270238 -0.063592 0.047993
v -0.240855 0.460734 0.069687
v -0.128627 0.497869 0.070409
v -0.633666 0.612373 0.079447
v -0.398952 0.644902 0.082163
v -0.404879 0.731159 0.069391
v -0.318970 0.724277 0.087813
v -0.448736 -0.564254 0.066159
v -0.535809 -0.514547 0.072930
v -0.295830 -0.439382 0.060488
v -0.476662 -0.431346 0.073390
v -0.481987 -0.406745 0.061570
v -0.418888 -0.315899 0.061695
v -0.429011 -0.048590 0.075970
v -0.242992 -0.035810 0.067644
v -0.247641 0.045185 0.045348
v 0.022607 0.439375 0.062506
v -0.198590 0.491954 0.063779
v 0.037006 0.477725 0.058133
v -0.124389 0.521730 0.066739
v -0.160967 0.591276 0.067316
v -0.145810 0.569517 0.058643
v -0.395747 0.745928 0.080200
v -0.678797 -0.817976 0.066386
v -0.740455 -0.758861 0.069335
v -0.182803 -0.293284 0.094390
v -0.390685 -0.226070 0.063588
v -0.289734 -0.080883 0.046496
v -0.308139 0.009442 0.093522
v -0.255444 0.468977 0.060846
v 0.005502 0.490431 0.051387
v 0.028389 0.485928 0.080065
v -0.629277 0.514480 0.089002
v 0.150074 0.506313 0.111719
v -0.295799 0.766322 0.095380
v -0.838363 -0.811008 0.088909
v -0.590646 -0.699474 0.063138
v -0.310328 -0.474156 0.102575
v -0.431673 -0.331513 0.078982
v -0.258983 0.004018 0.060161
v 0.107212 0.491302 0.079798
v -0.667864 0.601791 0.130929
v -0.558018 0.665007 0.079935
v -0.271617 0.698844 0.073959
v -0.303522 0.744236 0.085698
v -0.654890 -0.692612 0.077061
v -0.139406 -0.125853 0.084397
v -0.256842 -0.106250 0.080506
v -0.285557 -0.074187 0.074732
v -0.431399 -0.035921 0.102273
v -0.586247 0.401262 0.084211
v 0.195779 0.485555 0.114066
v 0.079520 0.519211 0.086715
v -0.111528 0.541848 0.075790
v 0.724872 0.617666 0.091860
v -0.870240 -0.974056 0.104659
v -0.875381 -0.889473 0.154052
v -0.542992 -0.588780 0.073449
v -0.410031 -0.496914 0.095031
v -0.485530 -0.474578 0.094151
v -0.457715 -0.359725 0.072299
v -0.410018 -0.334800 0.083681
v -0.326243 -0.277559 0.095563
v -0.134126 -0.168127 0.075372
v -0.282233 -0.089407 0.098480
v -0.166908 -0.080765 0.079981
v 0.375201 0.565000 0.101740
v 0.742281 0.604927 0.100768
v -0.454462 0.663594 0.094190
v -0.376004 0.698878 0.058845
v -0.742099 -0.770297 0.081535
v -0.690291 -0.788208 0.083872
v -0.291408 -0.409340 0.107857
v -0.557748 0.393515 0.088866
v -0.370549 0.434409 0.091591
v -0.576441 0.416167 0.104371
v -0.484571 0.409839 0.101350
v -0.193590 0.462728 0.092697
v 0.088185 0.460261 0.104572
v -0.145839 0.582124 0.082026
v 0.600445 0.612928 0.158229
v -0.408670 0.638494 0.090603
v -0.398640 0.653204 0.103060
v -0.675647 -0.852974 0.092308
v -0.725388 -0.780549 0.084455
v -0.295769 -0.201620 0.098862
v -0.474429 0.432240 0.084432
v -0.272520 0.484712 0.084565
v 0.073961 0.497437 0.087923
v 0.438676 0.611349 0.131025
v -0.645307 0.660032 0.138613
v -0.808518 -0.799857 0.100708
v -0.385827 -0.494964 0.107392
v -0.238294 -0.371490 0.086670
v -0.217975 0.481043 0.096388
v -0.121340 0.486249 0.094690
v 0.668471 0.607389 0.122638
v 0.741881 0.614608 0.099641
v -0.265714 0.699550 0.109698
v -0.592466 0.671756 0.113889
v -0.696407 -0.810139 0.083300
v -0.483878 -0.527819 0.096074
v -0.282253 -0.424259 0.125996
v -0.461798 0.434735 0.089440
v -0.585245 0.448587 0.089803
v -0.244641 0.485845 0.092433
v 0.390160 0.593664 0.166153
v -0.192496 0.585138 0.087895
v -0.273750 0.728170 0.103631
v -0.449602 -0.360092 0.104241
v -0.196428 -0.277171 0.110132
v -0.204611 -0.244961 0.113709
v -0.188092 0.555641 0.091264
v 0.444259 0.597766 0.146049
v -0.356161 0.675048 0.102427
v -0.386327 0.718602 0.123383
v -0.295317 0.707941 0.104105
v -0.365378 0.727757 0.132274
v -0.669785 -0.952323 0.153851
v -0.690546 -0.852274 0.117140
v -0.450642 -0.468112 0.103689
v -0.382892 -0.343055 0.104111
v -0.456351 0.437605 0.095639
v -0.611270 0.477709 0.105787
v -0.122683 0.524407 0.101602
v -0.667248 0.543923 0.168591
v -0.403922 0.636784 0.108592
v -0.523923 0.673687 0.103769
v -0.738188 -0.799492 0.106196
v -0.199620 -0.160770 0.102144
v -0.452771 0.426267 0.109586
v -0.435084 0.448751 0.106831
v -0.437581 0.441687 0.098301
v -0.339642 0.477077 0.115012
v 0.084337 0.453812 0.129802
v 0.317505 0.523379 0.124266
v -0.190101 0.536053 0.111247
v 0.732200 0.597434 0.107578
v -0.301189 0.686178 0.116971
v -0.285170 0.716251 0.125552
v -0.447467 -0.417939 0.122453
v -0.296263 -0.368841 0.128989
v -0.398186 -0.327318 0.124617
v -0.347600 -0.022808 0.134892
v -0.571889 0.438146 0.106471
v -0.241163 0.483247 0.108219
v 0.089272 0.462211 0.140922
v 0.480671 0.608721 0.166458
v -0.448859 0.649709 0.137922
v -0.384595 0.637480 0.132741
v -0.690057 -0.991996 0.153916
v -0.258429 -0.305165 0.103704
v -0.370236 -0.330475 0.134575
v -0.276168 -0.263480 0.103387
v -0.529671 0.403052 0.120520
v -0.202522 0.485070 0.117186
v -0.270429 0.507760 0.108760
v 0.130800 0.492329 0.118362
v -0.211255 0.526844 0.103809
v 0.538607 0.626917 0.141934
v -0.728700 -0.804095 0.119828
v -0.363422 -0.344475 0.118327
v -0.318554 -0.290386 0.108851
v -0.419747 0.463160 0.114194
v -0.311725 0.512393 0.105619
v -0.675286 -0.927666 0.129323
v -0.305292 -0.327529 0.129110
v -0.482723 0.413968 0.127981
v 0.254223 0.492507 0.134955
v -0.289533 0.519656 0.142803
v -0.284145 0.522887 0.119196
v -0.326305 0.690084 0.149782
v -0.674451 -0.966617 0.169654
v -0.773781 -0.802010 0.124291
v -0.360831 -0.075174 0.157097
v -0.398227 0.492433 0.124586
v -0.235994 0.508167 0.116158
v -0.334859 0.534289 0.114475
v -0.273556 0.598553 0.132636
v -0.297477 0.658258 0.140436
v -0.890384 -0.977058 0.169971
v -0.819590 -0.833131 0.138711
v -0.414501 -0.360443 0.135641
v -0.356039 -0.099184 0.145270
v -0.547624 0.426773 0.128019
v -0.429764 0.456063 0.142100
v 0.175411 0.492245 0.138839
v 0.242978 0.504596 0.161499
v 0.326981 0.545270 0.171412
v 0.697323 0.630757 0.160147
v -0.435451 0.631093 0.147644
v -0.681080 -0.878205 0.140700
v -0.373991 -0.456809 0.143127
v -0.308987 -0.380581 0.139087
v -0.380002 -0.050039 0.163821
v 0.167369 0.455013 0.151796
v -0.358743 0.570270 0.118563
v -0.386752 0.544625 0.128271
v 0.386381 0.570840 0.162458
v 0.679728 0.611082 0.157211
v -0.391458 0.619744 0.130774
v -0.519068 0.681443 0.146689
v -0.341503 0.645659 0.123727
v -0.336031 -0.352744 0.139570
v -0.408961 0.477620 0.132202
v -0.346365 0.577092 0.146092
v -0.381076 0.597135 0.118979
v -0.313512 0.659814 0.141844
v -0.327983 -0.103843 0.140216
v -0.654032 0.519983 0.202808
v -0.390039 0.546261 0.143056
v -0.312369 0.571906 0.146540
v -0.277010 0.565460 0.146238
v -0.741110 -0.841311 0.162118
v -0.518360 0.425732 0.140553
v -0.282611 0.527637 0.156760
v 0.737585 0.582002 0.170806
v -0.402553 0.595285 0.155360
v -0.393235 -0.391322 0.153600
v -0.303903 -0.342966 0.176323
v -0.408354 0.504268 0.152506
v 0.746282 0.593858 0.175541
v -0.332136 0.611356 0.147641
v -0.288425 0.616720 0.149496
v -0.347564 0.635532 0.179602
v -0.894068 -0.939497 0.245005
v -0.314368 -0.403305 0.167503
v -0.291631 -0.378799 0.162298
v -0.349182 -0.339760 0.166346
v -0.382478 -0.071491 0.149469
v -0.463912 0.452153 0.158874
v 0.709660 0.631403 0.194410
v -0.344637 0.682244 0.172253
v -0.326361 0.630110 0.190152
v -0.868221 -0.880269 0.192415
v 0.742005 0.606296 0.173180
v 0.491573 0.634234 0.168824
v -0.302270 0.606432 0.150138
v -0.774599 -0.865068 0.200392
v 0.140619 0.448690 0.163706
v 0.157508 0.460014 0.177132
v -0.287023 0.564569 0.161641
v -0.314800 0.555247 0.168318
v -0.423281 0.556288 0.173205
v -0.784728 -0.988721 0.234108
v -0.697254 -0.925911 0.222929
v 0.250185 0.474411 0.180799
v 0.431800 0.624919 0.186029
v -0.720548 -0.882693 0.209384
v -0.447656 0.475173 0.174596
v -0.502478 0.676072 0.199815
v -0.322659 -0.367038 0.177043
v -0.492830 0.447390 0.180189
v 0.337153 0.522634 0.179340
v 0.197508 0.459204 0.181360
v 0.283168 0.505831 0.213057
v -0.313233 0.577804 0.186659
v 0.418816 0.592106 0.183723
v 0.705590 0.615007 0.194974
v 0.594547 0.637740 0.199111
v -0.449219 0.621470 0.204572
v 0.539923 0.651959 0.186550
v -0.314716 -0.353684 0.186455
v 0.204412 0.470563 0.189420
v -0.436376 0.541268 0.207312
v 0.386339 0.570807 0.194629
v 0.664001 0.653660 0.219882
v 0.633515 0.652886 0.201787
v -0.553467 0.476560 0.224569
v -0.646593 0.523523 0.251999
v 0.333326 0.520158 0.202814
v -0.667882 0.695757 0.246948
v -0.709152 -0.998735 0.238489
v 0.257260 0.477611 0.198467
v -0.625651 0.703628 0.241534
v -0.903711 -0.963818 0.232083
v -0.689360 -0.970408 0.226948
v 0.268747 0.490201 0.211277
v 0.683383 0.633045 0.208292
v -0.713479 0.648968 0.257129
v -0.487299 0.649910 0.235993
v -0.797201 -0.871030 0.224272
v -0.693809 0.579838 0.223214
v 0.414419 0.641224 0.236085
v 0.525954 0.681513 0.219861
v 0.591700 0.676521 0.218314
v 0.337725 0.555466 0.233896
v -0.464816 0.587125 0.250413
v 0.519390 0.663403 0.234012
v -0.469970 0.517783 0.242498
v 0.661958 0.654917 0.260292
v -0.698705 0.678442 0.252638
v 0.474582 0.689697 0.256064
v -0.815871 -0.865774 0.232963
v -0.522669 0.506817 0.261643
v 0.323642 0.524556 0.226324
v 0.385497 0.589196 0.248348
v 0.403629 0.604256 0.250512
v 0.472566 0.650070 0.241430
v 0.572205 0.699985 0.248098
v -0.893653 -0.974445 0.250820
v -0.721196 -0.878204 0.226956
v 0.664117 0.648794 0.233950
v -0.719402 -0.925823 0.288932
v -0.860767 -0.887552 0.253448
v -0.703152 0.589328 0.283173
v 0.526805 0.714954 0.251863
v -0.631122 0.536542 0.285805
v 0.664492 0.689528 0.269339
v 0.566016 0.724162 0.247063
v -0.750905 -0.889252 0.271421
v -0.589430 0.695909 0.305134
v -0.604037 0.707121 0.272015
v 0.400490 0.619589 0.261930
v 0.635264 0.691303 0.302631
v 0.613883 0.753764 0.259512
v 0.657205 0.756034 0.250525
v -0.730134 -0.993183 0.298604
v -0.806311 -0.896720 0.304457
v -0.489909 0.558987 0.271256
v 0.686891 0.705088 0.284907
v 0.732860 0.772648 0.254254
v 0.750914 0.763247 0.260826
v 0.715443 0.773004 0.266823
v -0.772711 -0.906296 0.315757
v 0.489396 0.660147 0.287627
v 0.435039 0.640779 0.285144
v 0.757778 0.777623 0.269693
v -0.716760 -0.963979 0.294386
v 0.509206 0.693511 0.286491
v -0.867583 -0.958247 0.317434
v -0.853951 -0.969989 0.324482
v -0.853476 -0.920933 0.308453
v -0.746801 0.665600 0.353031
v 0.575192 0.684083 0.297605
v 0.687594 0.680043 0.293964
v -0.646630 0.744827 0.311053
v -0.695380 0.592104 0.325213
v -0.585601 0.669650 0.329926
v -0.685427 0.748228 0.307727
v -0.628332 0.582686 0.331550
v 0.474759 0.663643 0.296306
v 0.609221 0.711495 0.299327
v 0.726859 0.720455 0.295908
v -0.549624 0.565581 0.302316
v -0.749740 0.696210 0.336699
v 0.718151 0.722148 0.302517
v -0.779449 -0.978942 0.335831
v -0.738922 0.736233 0.331878
v 0.706365 0.702676 0.309600
v 0.597977 0.697355 0.304025
v -0.610551 0.681442 0.348591
v -0.668022 0.764145 0.314063
v -0.754935 -0.980059 0.336755
v -0.745948 -0.952108 0.324170
v -0.620230 0.731468 0.341152
v -0.694521 0.756716 0.310669
v -0.684101 0.607848 0.356045
v -0.727202 0.765528 0.350298
v -0.736813 0.643424 0.373054
v -0.615124 0.748712 0.355370
v -0.627929 0.628171 0.353581
v -0.642987 0.793981 0.368999
v -0.807865 -0.951259 0.350151
v -0.766065 0.712184 0.365059
v -0.789478 -0.968828 0.354760
v -0.676367 0.795202 0.366335
v -0.765667 0.696715 0.348557
v -0.764782 0.675277 0.377062
v -0.628668 0.723023 0.394723
v -0.716208 0.774077 0.371663
v -0.687998 0.639669 0.388666
v -0.624509 0.765173 0.379556
v -0.654405 0.659288 0.388128
v -0.769612 0.743629 0.399615
v -0.645407 0.826715 0.408107
v -0.722084 0.636110 0.393224
v -0.778910 0.713363 0.416067
v -0.591701 0.772573 0.427633
v -0.706030 0.832261 0.438919
v -0.749141 0.654948 0.411871
v -0.653393 0.676504 0.408105
v -0.767565 0.663427 0.422620
v -0.647526 0.708471 0.411346
v -0.621959 0.730489 0.437256
v -0.772025 0.779985 0.448984
v -0.723384 0.658530 0.445925
v -0.583834 0.758574 0.469361
v -0.661780 0.849621 0.446388
v -0.579188 0.788539 0.466406
v -0.682903 0.692563 0.438247
v -0.662999 0.730924 0.462569
v -0.786435 0.711069 0.483195
v -0.694277 0.885786 0.463188
v -0.744610 0.673961 0.460487
v -0.759115 0.811992 0.488741
v -0.715380 0.852873 0.466996
v -0.771329 0.688225 0.484992
v -0.713355 0.733529 0.474424
v -0.604703 0.816220 0.489571
v -0.633926 0.823468 0.481533
v -0.669212 0.907694 0.488818
v -0.602458 0.755987 0.493238
v -0.783281 0.764336 0.508479
v -0.730528 0.855898 0.503191
v -0.662997 0.855063 0.485939
v -0.665075 0.816933 0.492095
v -0.715706 0.871805 0.501190
v -0.565232 0.812328 0.494719
v -0.708939 0.831043 0.512039
v -0.682812 0.846125 0.509239
v -0.705375 0.933487 0.507761
v -0.761115 0.711976 0.520292
v -0.738667 0.749551 0.521989
v -0.804045 0.736604 0.540736
v -0.555948 0.782269 0.527478
v -0.571664 0.854204 0.544301
v -0.603919 0.800913 0.517271
v -0.791791 0.721968 0.566266
v -0.750497 0.859461 0.548606
v -0.713613 0.928499 0.526459
v -0.678977 0.959274 0.521027
v -0.791294 0.771984 0.542409
v -0.549849 0.844932 0.555561
v -0.716512 0.862971 0.517064
v -0.775342 0.810299 0.560090
v -0.771977 0.860120 0.571112
v -0.708181 0.998595 0.558189
v -0.583900 0.821838 0.562008
v -0.704327 0.864024 0.561995
v -0.736254 0.799998 0.545747
v -0.742947 0.867448 0.533677
v -0.704475 0.941444 0.556145
v -0.677830 0.953324 0.568355
v -0.758025 0.753298 0.562834
v -0.762358 0.719449 0.559838
v -0.729135 0.923613 0.560554
v -0.698242 0.908964 0.586364
v -0.716038 0.986540 0.583277
v -0.721272 0.779444 0.589373
v -0.673661 0.998373 0.574025
v -0.742335 0.815813 0.570581
v -0.747186 0.870765 0.570817
v -0.747851 0.925488 0.584570
v -0.795605 0.755847 0.592412
v -0.793552 0.796613 0.590280
v -0.727425 0.835300 0.593514
v -0.734029 0.721153 0.582053
v -0.674012 0.984436 0.593141
v -0.772810 0.843061 0.631812
v -0.776013 0.873228 0.602647
v -0.726443 0.875403 0.593959
v -0.693291 0.998496 0.596428
v -0.737945 0.907074 0.602246
v -0.738181 0.712020 0.626622
v -0.765382 0.731608 0.626088
v -0.770301 0.769948 0.615599
v -0.707769 0.819767 0.600462
v -0.752621 0.822992 0.598669
v -0.726380 0.746718 0.623275
v -0.718825 0.726291 0.631346
v -0.698361 0.968864 0.602421
v -0.718086 0.791341 0.610352
v -0.702397 0.762390 0.630149
v -0.735893 0.814552 0.645437
v -0.717406 0.849060 0.643638
v -0.719759 0.885477 0.635145
v -0.692931 0.839040 0.639628
v -0.767577 0.877884 0.641535
v -0.761552 0.791554 0.650552
v -0.691653 0.810008 0.644274
v -0.726959 0.842058 0.645594
v -0.721994 0.745764 0.638925
v -0.717301 0.795131 0.655765
v -0.718604 0.774771 0.661750
v -0.706340 0.836207 0.686431
v -0.732193 0.867258 0.667510
v -0.693176 0.823926 0.687965
vn 0.0427 -0.1203 -0.9918
vn -0.4444 -0.2463 -0.8613
vn -0.3856 0.1141 -0.9156
vn 0.1065 0.1706 -0.9796
vn -0.0467 -0.6263 -0.7782
vn 0.3340 -0.2266 -0.9149
vn 0.3423 0.1831 -0.9216
vn 0.5177 0.2107 -0.8292
vn -0.2555 0.0450 -0.9658
vn 0.6233 -0.3341 -0.7070
vn 0.0993 -0.5217 -0.8474
vn 0.2925 0.1866 -0.9379
vn -0.2322 -0.3091 -0.9223
vn -0.5504 -0.6920 -0.4672
vn 0.6385 0.2719 -0.7200
vn 0.5875 0.1621 -0.7929
vn 0.2395 0.0472 -0.9697
vn -0.5573 0.2516 -0.7913
vn -0.5421 -0.3940 -0.7422
vn -0.8436 -0.2239 -0.4881
vn -0.7006 0.1818 -0.6900
vn -0.1796 0.2958 -0.9382
vn 0.0412 -0.9291 -0.3675
vn 0.6270 -0.7537 -0.1971
vn 0.5518 0.4156 -0.7230
vn -0.5204 -0.6417 -0.5635
vn 0.8954 -0.1184 -0.4293
vn 0.3062 0.3100 -0.9001
vn 0.8020 -0.5751 -0.1615
vn -0.9603 0.0950 -0.2624
vn -0.5824 0.3292 -0.7432
vn -0.8662 0.1421 -0.4790
vn -0.0572 0.2277 -0.9720
vn 0.4499 -0.8892 0.0826
vn 0.5784 0.1037 -0.8091
vn -0.7140 -0.5954 -0.3684
vn -0.6214 0.0828 -0.7791
vn 0.0622 0.3434 -0.9371
vn 0.8319 0.2892 -0.4737
vn 0.7579 0.4172 -0.5015
vn -0.9991 0.0402 -0.0117
vn -0.7891 0.2214 -0.5729
vn 0.4411 0.0252 -0.8971
vn 0.5594 -0.8268 -0.0590
vn 0.8869 -0.0734 -0.4562
vn 0.8775 0.1533 -0.4543
vn -0.9513 -0.1813 -0.2493
vn -0.4488 0.4393 -0.7782
vn -0.5068 -0.8028 -0.3141
vn 0.9051 -0.3259 -0.2731
vn -0.9159 0.2417 -0.3205
vn -0.9802 0.1757 -0.0914
vn 0.5458 0.3206 -0.7742
vn -0.0758 0.6723 -0.7364
vn 0.3380 0.6742 -0.6567
vn 0.7883 -0.1029 -0.6067
vn -0.7419 -0.0221 -0.6701
vn 0.0840 -0.9916 0.0983
vn -0.6570 -0.6975 -0.2861
vn -0.9964 -0.0225 -0.0823
vn 0.7304 -0.5995 -0.3273
vn -0.8582 -0.2903 -0.4234
vn 0.9172 -0.1428 -0.3720
vn 0.6936 0.4102 -0.5921
vn 0.9135 0.0344 -0.4055
vn -0.9625 0.1699 0.2115
vn 0.7234 0.6138 -0.3162
vn -0.6223 0.1831 -0.7611
vn -0.7473 0.0564 -0.6621
vn 0.8947 0.4264 -0.1329
vn -0.9575 -0.1971 0.2106
vn -0.8902 -0.0402 -0.4539
vn -0.4625 0.0234 -0.8863
vn 0.0961 0.8670 -0.4889
vn 0.6892 0.6413 -0.3372
vn 0.2753 -0.9578 0.0830
vn -0.2392 0.8093 -0.5365
vn -0.5324 -0.8208 0.2069
vn -0.7334 -0.6478 0.2060
vn -0.9941 -0.1086 -0.0043
vn -0.5309 0.5213 -0.6681
vn 0.6049 -0.7802 -0.1595
vn 0.3684 -0.9297 -0.0034
vn -0.6060 -0.1982 -0.7704
vn 0.4306 0.8211 -0.3746
vn -0.9551 0.1693 0.2432
vn -0.8517 0.5144 0.1001
vn -0.7831 -0.4116 -0.4662
vn 0.9353 0.2343 -0.2652
vn 0.8561 0.3334 -0.3949
vn 0.9442 -0.2922 -0.1522
vn -0.6212 0.2682 -0.7363
vn 0.0544 0.9862 -0.1562
vn -0.2106 -0.8764 0.4330
vn -0.9160 0.2395 0.3219
vn 0.9866 -0.1629 0.0100
vn -0.7209 0.0622 -0.6903
vn 0.3243 0.9321 -0.1617
vn 0.8723 -0.3222 -0.3677
vn -0.5880 -0.4741 -0.6554
vn 0.0920 -0.7556 -0.6486
vn 0.0797 -0.3641 -0.9279
vn 0.1242 0.1084 -0.9863
vn -0.0615 -0.7642 -0.6420
vn -0.1993 0.0836 -0.9764
vn -0.8653 -0.2998 0.4017
vn -0.6211 0.4461 -0.6444
vn -0.3634 0.7445 -0.5601
vn 0.0475 -0.9462 -0.3201
vn -0.6391 -0.3376 -0.6911
vn 0.0659 0.0314 -0.9973
vn -0.0832 0.2988 -0.9507
vn 0.1709 0.1795 -0.9688
vn -0.9733 0.0952 0.2087
vn -0.0668 0.8964 -0.4382
vn 0.1855 0.2505 -0.9502
vn 0.2254 0.1063 -0.9685
vn 0.0744 0.7458 -0.6620
vn 0.2676 0.0395 -0.9627
vn -0.6807 0.1648 -0.7138
vn -0.9021 -0.0436 0.4294
vn 0.0478 -0.9734 -0.2240
vn 0.3786 0.5619 -0.7355
vn -0.3816 0.4488 -0.8081
vn 0.0851 -0.9403 0.3296
vn -0.5231 -0.6550 0.5453
vn -0.6951 -0.6638 -0.2760
vn -0.2742 -0.6338 -0.7233
vn 0.5715 0.8206 -0.0007
vn -0.9155 0.0704 -0.3960
vn 0.1895 0.4410 -0.8773
vn -0.0642 0.6499 -0.7573
vn -0.7602 -0.0288 0.6491
vn 0.9967 -0.0047 0.0805
vn -0.1951 0.2815 -0.9395
vn -0.5288 0.5185 -0.6719
vn 0.3530 -0.8052 -0.4766
vn 0.2017 -0.1430 -0.9689
vn -0.6669 -0.3473 0.6593
vn -0.8638 0.1470 -0.4818
vn -0.9838 -0.1706 -0.0555
vn -0.6922 -0.0921 -0.7158
vn 0.7627 0.6442 0.0579
vn 0.3227 0.8004 -0.5052
vn 0.2900 0.5634 -0.7736
vn 0.7500 0.2775 -0.6004
vn -0.9077 0.2896 -0.3038
vn 0.4325 0.8103 -0.3955
vn 0.0509 -0.3622 -0.9307
vn -0.2427 -0.5441 -0.8032
vn -0.5318 -0.1117 -0.8395
vn 0.3758 0.9149 -0.1476
vn -0.6999 0.0815 -0.7096
vn -0.6326 0.2705 -0.7257
vn -0.5812 0.3242 -0.7464
vn -0.5269 -0.8499 0.0066
vn -0.0042 -0.9980 -0.0631
vn 0.5443 -0.1580 -0.8239
vn 0.0392 0.5901 -0.8064
vn 0.9288 -0.3327 0.1631
vn -0.6505 0.5663 -0.5061
vn -0.5731 -0.1401 -0.8074
vn -0.4806 0.3883 -0.7863
vn -0.2665 -0.7583 0.5950
vn -0.7373 -0.3696 0.5655
vn 0.4335 0.8151 -0.3843
vn 0.5625 0.8049 -0.1890
vn 0.6210 0.4913 -0.6107
vn -0.7118 -0.3433 -0.6128
vn 0.9648 0.1690 0.2013
vn 0.9344 -0.3314 0.1309
vn 0.3643 0.9157 0.1697
vn 0.2552 0.7686 -0.5866
vn -0.9767 -0.1799 -0.1166
vn -0.8102 -0.0693 -0.5820
vn -0.2908 -0.6972 0.6552
vn -0.7724 -0.0812 0.6299
vn -0.4312 -0.5127 -0.7424
vn -0.7161 -0.3922 -0.5774
vn -0.6028 -0.0080 -0.7978
vn 0.9426 -0.2259 -0.2458
vn 0.4967 0.8618 -0.1031
vn -0.0616 0.6511 -0.7565
vn 0.3745 0.4960 -0.7834
vn -0.0291 -0.9992 -0.0275
vn 0.0150 -0.9998 -0.0126
vn 0.7881 0.0659 -0.6120
vn -0.6767 0.0534 -0.7343
vn -0.5858 -0.6163 -0.5263
vn 0.8469 0.0518 -0.5292
vn -0.5271 0.1659 -0.8335
vn -0.0474 0.2080 -0.9770
vn -0.2396 0.4795 -0.8442
vn -0.9840 0.0758 0.1611
vn 0.2217 0.2890 -0.9313
vn -0.3389 0.3505 -0.8731
vn 0.3660 -0.9246 0.1059
vn -0.7783 -0.5319 0.3337
vn -0.5608 -0.4739 -0.6789
vn -0.5917 0.2369 -0.7706
vn 0.1400 0.4967 -0.8566
vn 0.2700 0.8648 -0.4233
vn 0.9549 0.2895 0.0660
vn 0.4455 -0.6848 -0.5767
vn 0.9078 0.1005 -0.4071
vn -0.8894 0.0929 -0.4477
vn 0.5433 0.0150 -0.8394
vn -0.8402 0.1372 -0.5247
vn 0.0074 0.3259 -0.9454
vn -0.0729 -0.8871 0.4558
vn 0.7822 0.5251 0.3352
vn -0.5507 -0.3083 -0.7757
vn -0.5875 -0.0799 -0.8053
vn 0.5707 0.7339 -0.3683
vn 0.5337 -0.0282 -0.8452
vn -0.9513 0.2039 0.2312
vn 0.3761 0.9168 0.1342
vn 0.2140 0.0333 -0.9763
vn 0.2762 0.1811 -0.9439
vn -0.3254 0.0975 -0.9405
vn -0.0710 0.3732 -0.9250
vn 0.4487 0.8504 0.2748
vn -0.3410 -0.6131 -0.7126
vn -0.3591 -0.6545 -0.6653
vn 0.9815 0.0315 -0.1890
vn -0.8422 0.5203 0.1412
vn -0.5173 0.2427 -0.8207
vn -0.4073 0.0012 -0.9133
vn 0.0623 0.0734 -0.9954
vn -0.0855 -0.2970 -0.9510
vn -0.7873 -0.5502 0.2782
vn -0.5273 0.2428 -0.8142
vn 0.0835 0.3309 -0.9400
vn 0.8167 -0.3195 -0.4805
vn -0.9735 0.1551 -0.1683
vn 0.4812 0.2207 -0.8484
vn -0.6047 0.3744 -0.7030
vn 0.3506 -0.1615 -0.9225
vn 0.7947 -0.3063 0.5241
vn -0.5026 -0.3394 -0.7951
vn 0.5105 0.2010 -0.8361
vn -0.5796 0.3905 -0.7152
vn 0.7686 0.6266 -0.1289
vn 0.9038 -0.1997 -0.3785
vn -0.4241 -0.4833 -0.7658
vn -0.1960 0.3957 -0.8972
vn 0.4620 0.2798 -0.8416
vn -0.2028 -0.8634 -0.4621
vn -0.6238 -0.3623 -0.6925
vn -0.5995 0.0498 -0.7988
vn -0.0001 -0.4471 -0.8945
vn 0.2426 -0.0000 -0.9701
vn -0.7066 0.6663 -0.2382
vn 0.0406 0.5414 -0.8398
vn 0.3353 0.4515 -0.8269
vn 0.0107 0.9996 -0.0256
vn 0.4531 0.8898 0.0538
vn 0.6283 0.0120 -0.7779
vn -0.9022 0.1316 -0.4108
vn 0.4159 0.1784 -0.8918
vn 0.0384 -0.0423 -0.9984
vn 0.6569 0.6623 0.3603
vn 0.6137 0.7874 -0.0587
vn -0.3411 -0.6130 -0.7126
vn 0.1763 0.0199 0.9841
vn 0.1143 0.8414 -0.5282
vn -0.7066 0.6663 -0.2380
vn 0.1764 0.0199 0.9841
vn 0.2936 0.5947 -0.7484
vn -0.0566 0.9451 -0.3218
vn -0.1291 -0.9690 0.2105
vn 0.9342 -0.2728 -0.2299
vn -0.8036 0.0954 -0.5875
vn -0.1070 -0.6243 -0.7738
vn 0.7008 0.0487 0.7117
vn -0.6167 0.2674 -0.7404
vn -0.2974 -0.8120 0.5022
vn 0.1144 0.8415 -0.5280
vn 0.7961 0.0614 0.6021
vn 0.7961 0.0613 0.6021
vn -0.9870 -0.1417 0.0759
vn -0.9987 -0.0425 -0.0274
vn 0.0455 0.6296 -0.7756
vn -0.6419 0.3042 -0.7038
vn -0.5409 -0.6677 -0.5114
vn -0.4571 -0.7998 -0.3891
vn 0.7762 -0.0050 0.6304
vn -0.9181 -0.1072 0.3815
vn -0.0041 -0.3680 -0.9298
vn -0.6129 -0.2502 -0.7495
vn -0.5997 0.2165 -0.7704
vn 0.4278 -0.0162 -0.9037
vn -0.1047 -0.8658 0.4894
vn 0.8125 -0.0687 -0.5789
vn 0.3381 0.8739 -0.3493
vn 0.2644 0.2799 0.9229
vn -0.5845 -0.3466 -0.7337
vn -0.5549 -0.2850 -0.7816
vn -0.3100 0.6590 -0.6853
vn 0.0816 0.7855 -0.6135
vn 0.7311 0.1605 -0.6631
vn 0.7242 -0.6558 -0.2131
vn 0.1772 -0.7604 -0.6248
vn 0.8031 0.1239 -0.5829
vn 0.9260 0.2564 0.2771
vn 0.5435 0.4171 -0.7284
vn -0.3868 0.6294 -0.6739
vn -0.2266 -0.4488 -0.8644
vn -0.2098 -0.1363 -0.9682
vn 0.0094 -0.0298 -0.9995
vn 0.1005 -0.3376 -0.9359
vn 0.1897 0.0642 -0.9797
vn 0.3880 -0.0399 -0.9208
vn 0.1320 0.1636 -0.9777
vn -0.0263 -0.2795 -0.9598
vn 0.2914 0.3400 -0.8941
vn 0.4164 -0.1887 -0.8894
vn -0.6228 -0.6898 0.3691
vn -0.0460 0.4080 -0.9118
vn 0.4602 0.1537 -0.8744
vn -0.2954 0.3866 -0.8736
vn -0.1487 0.9625 0.2268
vn 0.6730 0.1755 -0.7185
vn -0.5770 -0.5695 0.5854
vn 0.7645 0.0768 -0.6401
vn 0.1595 0.3347 -0.9287
vn -0.1866 -0.5078 -0.8410
vn -0.3215 0.1887 -0.9279
vn 0.8230 -0.4973 0.2747
vn -0.5587 -0.0645 -0.8269
vn -0.5549 0.2550 -0.7918
vn -0.2162 -0.9458 -0.2423
vn -0.8249 -0.0769 -0.5601
vn 0.8474 -0.2962 0.4406
vn 0.6064 0.6913 -0.3929
vn 0.5907 0.7030 0.3960
vn 0.3976 0.8471 0.3525
vn 0.4588 0.8854 0.0749
vn 0.9441 -0.1820 -0.2747
vn 0.8816 0.0560 -0.4687
vn -0.7404 0.5315 -0.4115
vn -0.3706 -0.5641 -0.7379
vn -0.4173 0.3241 -0.8490
vn -0.1108 -0.2405 -0.9643
vn -0.0271 -0.5838 0.8115
vn -0.8304 -0.5450 -0.1162
vn 0.5984 0.3415 0.7248
vn 0.0547 0.7718 0.6335
vn 0.2950 -0.2863 0.9116
vn 0.0600 0.7622 -0.6446
vn -0.1744 -0.7884 0.5900
vn 0.4964 -0.8516 0.1682
vn 0.0016 -0.9706 -0.2405
vn 0.5186 0.7928 0.3201
vn -0.6597 0.3728 0.6525
vn -0.0157 -0.6328 -0.7742
vn 0.2941 -0.3484 -0.8900
vn 0.4144 0.2724 -0.8684
vn 0.5753 0.1869 -0.7963
vn 0.4980 0.4592 -0.7356
vn -0.3743 -0.1589 -0.9136
vn 0.1381 0.0923 -0.9861
vn -0.4510 0.1059 -0.8862
vn -0.4319 0.3548 -0.8292
vn 0.7607 -0.4184 0.4963
vn 0.9115 -0.3844 0.1460
vn -0.6615 0.3644 -0.6554
vn -0.1777 0.9595 -0.2188
vn -0.7385 0.0380 0.6732
vn 0.7732 0.4493 0.4474
vn -0.9954 -0.0599 -0.0747
vn -0.9638 0.1786 -0.1978
vn -0.5417 0.1720 -0.8228
vn -0.7016 -0.1805 -0.6893
vn 0.4429 0.6968 -0.5642
vn -0.0580 -0.9608 0.2712
vn -0.6661 -0.0267 0.7453
vn -0.8059 0.0657 0.5885
vn 0.4236 0.6351 -0.6459
vn 0.2560 0.6049 -0.7540
vn -0.4230 0.2642 -0.8667
vn 0.6712 -0.2804 -0.6862
vn -0.4791 -0.4484 -0.7546
vn 0.7623 0.6327 -0.1365
vn 0.8701 -0.0213 -0.4924
vn 0.4010 0.7425 -0.5366
vn 0.1205 -0.5836 -0.8030
vn -0.4051 -0.7830 -0.4720
vn -0.4362 -0.2830 -0.8542
vn 0.7213 0.2997 -0.6245
vn 0.6424 -0.7165 -0.2720
vn -0.7251 0.0872 -0.6831
vn 0.6100 0.7429 0.2757
vn -0.4006 -0.8345 -0.3784
vn 0.1550 0.9879 0.0018
vn -0.9915 -0.0277 -0.1270
vn -0.5710 -0.5861 -0.5748
vn -0.0870 -0.2111 -0.9736
vn -0.5858 -0.2328 -0.7763
vn 0.9943 0.1064 -0.0034
vn 0.8561 0.1982 -0.4773
vn -0.3547 0.9084 -0.2213
vn 0.7552 0.5707 0.3224
vn 0.3868 0.6363 0.6675
vn -0.9894 -0.0160 0.1441
vn -0.5121 0.7321 -0.4491
vn 0.4539 -0.0705 -0.8883
vn 0.6027 0.2162 -0.7681
vn -0.4434 0.2363 -0.8646
vn -0.4713 -0.3495 0.8098
vn 0.4073 -0.7838 0.4688
vn 0.7737 0.5340 0.3409
vn 0.7393 -0.4642 0.4878
vn -0.8470 -0.3323 -0.4149
vn -0.6911 0.6350 -0.3451
vn 0.7352 0.5084 0.4485
vn -0.3783 -0.1018 0.9201
vn -0.3839 -0.0355 0.9227
vn -0.9229 -0.2045 0.3263
vn -0.9628 -0.1036 0.2497
vn 0.8011 -0.0403 -0.5972
vn -0.9391 0.3427 0.0247
vn -0.4487 -0.2361 -0.8619
vn -0.1892 -0.5277 -0.8281
vn -0.4164 0.7083 0.5700
vn -0.6600 0.3788 -0.6488
vn -0.3665 -0.1363 0.9204
vn -0.9893 -0.0720 0.1272
vn 0.2625 0.5456 -0.7959
vn -0.2470 -0.7882 -0.5636
vn -0.6084 -0.6780 -0.4125
vn -0.1673 -0.6238 -0.7635
vn -0.1590 -0.5489 -0.8206
vn 0.8322 -0.1731 -0.5267
vn 0.6518 -0.2296 0.7228
vn -0.1514 -0.7513 -0.6423
vn 0.6466 0.4975 -0.5782
vn 0.8190 -0.2867 -0.4971
vn 0.9406 -0.3245 0.0993
vn 0.8065 -0.5739 -0.1421
vn -0.7462 -0.3084 -0.5900
vn 0.6024 0.7391 -0.3015
vn 0.2681 0.7504 0.6041
vn -0.4015 0.0760 0.9127
vn 0.8833 -0.3611 0.2989
vn -0.9377 -0.2527 0.2383
vn 0.4684 0.1790 -0.8652
vn -0.2940 -0.7997 -0.5234
vn 0.9197 0.1964 -0.3401
vn -0.4093 0.1701 -0.8964
vn 0.2089 0.6223 -0.7544
vn 0.3036 -0.4190 -0.8557
vn -0.5020 0.4692 -0.7265
vn 0.5917 -0.2066 0.7792
vn -0.4031 0.8733 0.2735
vn -0.5516 -0.2924 -0.7812
vn 0.8344 -0.5213 -0.1792
vn 0.8500 0.5181 -0.0953
vn 0.9098 -0.1982 -0.3648
vn -0.2542 -0.4451 0.8586
vn -0.7509 -0.4540 0.4797
vn -0.7782 0.6189 -0.1062
vn -0.1531 0.7353 -0.6602
vn 0.2717 -0.3276 -0.9049
vn -0.5335 -0.7534 -0.3845
vn -0.7866 0.0328 -0.6166
vn -0.5546 0.2269 -0.8006
vn -0.3831 -0.6367 -0.6692
vn 0.8023 0.1034 -0.5879
vn -0.5211 0.2719 -0.8091
vn -0.4674 0.3042 0.8301
vn 0.9019 0.3210 0.2889
vn -0.8394 -0.0935 -0.5354
vn 0.1678 0.5743 0.8013
vn -0.2940 -0.2702 0.9168
vn 0.3472 0.2742 -0.8968
vn 0.5923 0.2271 -0.7731
vn 0.4644 0.7983 -0.3836
vn 0.5849 0.6610 -0.4701
vn -0.2363 -0.0243 -0.9714
vn -0.0866 -0.4457 -0.8910
vn -0.5060 0.3443 -0.7908
vn 0.1785 -0.9783 0.1055
vn -0.5411 0.6823 -0.4916
vn 0.9053 0.0919 0.4146
vn -0.5797 -0.4331 -0.6902
vn 0.9309 0.0378 -0.3634
vn -0.9745 0.1121 -0.1946
vn -0.2598 -0.0803 0.9623
vn -0.2719 -0.0084 0.9623
vn 0.5025 -0.0201 0.8644
vn 0.5201 0.0183 -0.8539
vn -0.4420 -0.0130 -0.8969
vn -0.6582 -0.4287 -0.6189
vn -0.6375 0.6045 -0.4778
vn -0.5891 0.6101 -0.5298
vn 0.5257 0.8416 -0.1238
vn -0.2695 0.3081 -0.9124
vn 0.1042 0.6789 -0.7268
vn 0.4129 0.5580 -0.7199
vn -0.3347 0.0495 -0.9410
vn 0.0663 0.0626 -0.9958
vn 0.3310 -0.0262 -0.9433
vn 0.4078 0.2266 -0.8845
vn 0.4310 0.6115 0.6636
vn -0.9056 -0.2042 0.3716
vn -0.9535 -0.1134 0.2792
vn 0.9790 -0.1546 -0.1327
vn 0.2497 0.8249 -0.5072
vn 0.4881 0.7660 -0.4183
vn 0.6831 0.7299 -0.0254
vn 0.6091 -0.5958 0.5235
vn 0.7206 0.4335 -0.5411
vn -0.0451 0.4540 -0.8899
vn -0.2974 -0.1564 0.9419
vn 0.5446 0.1532 0.8246
vn 0.1738 0.1168 0.9778
vn 0.5677 -0.3818 -0.7294
vn -0.0886 -0.2452 -0.9654
vn 0.5584 0.7349 -0.3849
vn 0.8602 0.3532 -0.3679
vn -0.4420 -0.6830 0.5815
vn 0.0519 0.7523 -0.6567
vn 0.6526 0.7382 -0.1711
vn -0.3835 -0.2279 -0.8950
vn -0.0553 -0.9664 0.2509
vn 0.2540 -0.8671 0.4284
vn 0.2227 0.5688 0.7918
vn 0.1336 0.4085 0.9029
vn -0.0318 0.2666 0.9633
vn -0.4781 -0.8516 -0.2148
vn 0.1569 -0.8474 -0.5072
vn -0.1958 0.2641 0.9444
vn 0.4617 -0.4475 0.7659
vn 0.8723 -0.4245 0.2425
vn 0.9868 -0.0924 -0.1329
vn 0.7340 -0.4491 -0.5095
vn -0.7110 0.2006 -0.6739
vn 0.1787 0.3359 -0.9248
vn 0.6662 0.5646 -0.4872
vn -0.6108 0.4102 -0.6772
vn -0.7249 0.1846 -0.6637
vn -0.7451 0.2250 0.6278
vn -0.7359 -0.4335 -0.5201
vn 0.5497 0.8117 0.1972
vn -0.0688 0.9175 0.3918
vn 0.6318 -0.0059 -0.7751
vn -0.4951 0.1877 -0.8483
vn -0.4444 0.3227 -0.8357
vn -0.2404 -0.4502 0.8600
vn -0.0213 0.4203 0.9071
vn 0.3133 -0.4238 0.8498
vn 0.3717 -0.1347 -0.9185
vn -0.7155 -0.0480 -0.6970
vn -0.0549 -0.9684 -0.2431
vn 0.9664 0.1358 -0.2182
vn 0.8665 -0.3744 0.3301
vn -0.8456 -0.3062 -0.4372
vn 0.4040 0.5400 -0.7384
vn -0.8774 -0.3021 0.3726
vn 0.1088 0.7501 -0.6523
vn -0.1942 0.8793 -0.4349
vn -0.2107 -0.9451 -0.2497
vn -0.0030 -0.6952 -0.7188
vn -0.5404 0.0048 -0.8414
vn 0.7023 -0.7045 -0.1018
vn 0.9229 -0.2388 -0.3021
vn -0.8640 0.0102 -0.5034
vn 0.8540 0.5017 0.1377
vn 0.9965 0.0052 -0.0829
vn -0.9299 0.2140 -0.2991
vn 0.8434 0.5371 -0.0134
vn 0.7870 0.2757 -0.5519
vn -0.3431 -0.5031 0.7932
vn -0.9519 -0.0291 0.3051
vn 0.7312 -0.5774 -0.3632
vn -0.8760 -0.0730 -0.4767
vn 0.4052 0.5216 -0.7509
vn -0.5054 -0.2604 -0.8226
vn -0.5704 -0.7654 0.2980
vn -0.4054 0.4370 -0.8029
vn -0.7245 0.1716 -0.6676
vn 0.9040 -0.4275 0.0056
vn 0.9666 -0.2315 -0.1097
vn -0.4619 -0.0321 -0.8863
vn 0.7771 0.5903 0.2185
vn -0.7383 0.1737 -0.6517
vn -0.9230 -0.2306 0.3082
vn 0.4850 -0.5402 0.6877
vn -0.8428 -0.1089 0.5270
vn 0.7461 0.5985 -0.2918
vn 0.3735 0.6308 -0.6801
vn -0.1066 -0.7833 -0.6125
vn -0.9615 0.0089 -0.2747
vn 0.9590 -0.2610 -0.1103
vn 0.9143 0.0489 -0.4022
vn -0.3059 0.2649 -0.9145
vn -0.1555 -0.0158 0.9877
vn -0.7109 -0.2924 0.6397
vn -0.0493 -0.0378 -0.9981
vn 0.2401 0.9702 0.0331
vn 0.8807 -0.4636 -0.0976
vn -0.6689 0.0443 -0.7420
vn 0.5900 0.0418 -0.8063
vn 0.9984 0.0247 -0.0507
vn 0.9771 -0.0227 -0.2115
vn -0.9026 0.0581 -0.4266
vn -0.4546 0.5192 -0.7237
vn 0.2628 0.4831 -0.8352
vn 0.8315 -0.2442 -0.4989
vn 0.0440 0.8548 -0.5171
vn 0.0280 -0.3304 0.9434
vn -0.9444 -0.0279 0.3276
vn 0.9411 -0.2545 0.2225
vn 0.4005 0.5847 -0.7055
vn 0.3146 0.9347 -0.1654
vn -0.6100 0.0154 -0.7923
vn 0.0216 0.2716 -0.9622
vn -0.5335 -0.5326 -0.6571
vn -0.7572 -0.3255 -0.5663
vn -0.7924 0.6071 0.0590
vn 0.2322 0.6031 -0.7631
vn 0.9166 -0.3549 -0.1839
vn 0.9098 -0.0155 -0.4148
vn -0.1967 -0.1266 -0.9723
vn -0.8425 0.2443 -0.4801
vn -0.7250 0.4057 -0.5566
vn -0.4198 0.7197 -0.5530
vn 0.1701 0.2295 0.9583
vn -0.8566 0.3714 0.3582
vn -0.7401 -0.1433 -0.6571
vn 0.9855 0.1337 -0.1041
vn 0.0526 0.5663 -0.8225
vn -0.2185 0.7354 -0.6414
vn 0.8844 0.0774 -0.4603
vn 0.0874 -0.3523 -0.9318
vn 0.7453 0.1757 -0.6431
vn 0.6524 0.5660 -0.5040
vn -0.8988 0.2730 -0.3430
vn 0.2469 -0.9470 0.2054
vn -0.7351 0.6468 0.2032
vn 0.6168 0.7106 0.3386
vn -0.0709 -0.2016 -0.9769
vn -0.7894 0.1541 -0.5942
vn 0.3817 0.8707 -0.3101
vn -0.3380 -0.9290 0.1505
vn 0.0868 0.9544 -0.2856
vn -0.0809 0.7880 -0.6103
vn -0.5075 0.8501 -0.1405
vn 0.9481 0.3143 0.0493
vn -0.5266 0.7563 -0.3882
vn -0.8420 -0.3029 -0.4464
vn -0.3192 0.1180 -0.9403
vn -0.0377 0.4521 -0.8911
vn -0.1165 -0.3618 0.9249
vn -0.9850 -0.1427 0.0967
vn -0.3693 -0.9060 0.2067
vn -0.4741 0.5986 -0.6456
vn -0.8877 0.1709 -0.4276
vn -0.4969 -0.7324 0.4655
vn 0.8517 -0.5240 0.0081
vn 0.9623 0.1208 -0.2437
vn -0.8689 -0.4560 -0.1927
vn -0.9812 -0.1885 -0.0417
vn 0.8462 0.4881 0.2138
vn -0.3884 0.4934 -0.7782
vn 0.1518 0.9600 0.2354
vn 0.6380 -0.5429 0.5461
vn -0.8680 0.1567 0.4713
vn 0.7328 -0.6101 -0.3013
vn 0.7335 -0.5705 -0.3696
vn 0.2552 -0.3955 -0.8823
vn -0.1165 -0.1172 -0.9863
vn -0.3198 -0.8530 -0.4125
vn 0.1520 -0.5283 -0.8354
vn -0.3633 0.1403 -0.9210
vn -0.7614 -0.4281 -0.4868
vn 0.5781 0.8151 -0.0379
vn -0.9406 -0.2931 -0.1711
vn -0.8069 -0.5236 -0.2733
vn 0.8895 -0.4567 -0.0151
vn -0.5595 -0.5108 -0.6527
vn 0.1153 -0.6737 -0.7300
vn -0.2378 0.4033 -0.8836
vn 0.9319 -0.3163 -0.1775
vn 0.1950 -0.4833 0.8535
vn 0.8064 0.4645 -0.3661
vn -0.0572 -0.3834 -0.9218
vn -0.3495 0.1159 -0.9297
vn 0.6853 0.6584 -0.3114
vn 0.4821 0.8506 -0.2100
vn -0.6525 -0.6226 0.4319
vn -0.8243 -0.4110 0.3894
vn -0.9371 0.1575 0.3115
vn 0.0826 -0.8657 -0.4938
vn -0.4885 0.2742 -0.8284
vn 0.2625 -0.2340 -0.9361
vn 0.0985 0.3892 -0.9159
vn 0.4881 0.7011 0.5199
vn -0.8713 0.3011 -0.3877
vn 0.5546 0.7091 -0.4354
vn -0.6248 -0.7698 0.1305
vn -0.8263 -0.4710 -0.3088
vn 0.5158 0.8558 -0.0389
vn -0.4866 -0.8706 -0.0732
vn 0.9528 0.3026 -0.0245
vn 0.2105 -0.8823 0.4211
vn 0.4035 0.9128 -0.0626
vn -0.2805 0.3063 -0.9097
vn -0.0986 0.7347 -0.6712
vn 0.1789 0.8475 -0.4998
vn -0.2048 0.8445 -0.4949
vn 0.9707 -0.0916 -0.2221
vn -0.9934 0.0542 0.1008
vn -0.9665 -0.2549 0.0288
vn -0.3058 0.9491 -0.0752
vn -0.0723 -0.3531 0.9328
vn -0.5381 -0.8412 0.0532
vn 0.0506 -0.5670 -0.8222
vn -0.4530 0.3305 -0.8280
vn 0.6001 0.7976 -0.0604
vn 0.2275 0.9629 0.1452
vn -0.8982 -0.3619 -0.2497
vn 0.9349 -0.3137 -0.1662
vn 0.0423 -0.8389 -0.5427
vn -0.1961 0.4554 -0.8684
vn 0.4876 -0.7088 -0.5098
vn -0.3692 0.4588 -0.8082
vn 0.9343 0.3512 0.0612
vn 0.6949 -0.6626 -0.2795
vn -0.2848 -0.9395 0.1903
vn 0.2727 -0.6907 -0.6697
vn -0.3459 -0.1522 -0.9258
vn 0.8154 0.5629 -0.1350
vn -0.5064 0.4134 -0.7567
vn -0.7587 -0.4402 0.4802
vn -0.5039 -0.6708 0.5441
vn 0.9903 0.0440 0.1320
vn -0.2703 0.5360 -0.7998
vn -0.4397 0.7682 0.4654
vn -0.9478 0.1932 -0.2535
vn 0.3155 -0.6544 -0.6872
vn -0.6876 -0.6078 -0.3973
vn -0.6468 0.6397 -0.4152
vn 0.2830 0.0642 -0.9570
vn -0.2625 0.5738 -0.7758
vn 0.9036 -0.4265 -0.0412
vn -0.7276 0.6498 -0.2202
vn 0.7683 0.6274 -0.1271
vn -0.3261 -0.4159 0.8490
vn 0.7384 0.6582 -0.1469
vn -0.7661 -0.6145 0.1885
vn -0.8034 0.5011 0.3216
vn 0.3399 0.6849 0.6445
vn 0.9497 -0.3100 -0.0445
vn 0.5342 0.8441 -0.0455
vn 0.9750 -0.1756 0.1361
vn -0.6527 0.3731 -0.6594
vn 0.7445 0.5989 0.2951
vn 0.9677 0.2004 -0.1530
vn 0.9533 -0.0193 -0.3014
vn 0.7245 -0.3757 0.5779
vn 0.7027 -0.6659 -0.2504
vn -0.8257 0.4184 0.3784
vn 0.0057 -0.6705 -0.7419
vn -0.5834 -0.0832 -0.8079
vn -0.6157 0.2045 -0.7610
vn 0.9604 0.2510 0.1213
vn 0.4384 -0.8283 0.3489
vn -0.3996 0.9002 -0.1732
vn 0.1485 -0.9196 -0.3637
vn -0.6843 0.0964 -0.7228
vn -0.5112 0.3523 -0.7839
vn 0.9588 -0.0277 -0.2829
vn -0.3212 -0.4182 -0.8497
vn 0.9584 0.2855 0.0028
vn 0.6144 0.7887 -0.0211
vn 0.9784 -0.0774 0.1915
vn -0.9227 0.3779 -0.0755
vn -0.7878 0.5366 0.3022
vn 0.8472 0.1347 -0.5139
vn 0.8746 -0.4843 0.0219
vn 0.0394 0.3747 0.9263
vn -0.0020 -0.8698 -0.4933
vn 0.7722 0.4656 -0.4322
vn 0.0181 0.9653 0.2607
vn -0.9282 -0.1412 0.3443
vn -0.8593 -0.1406 0.4918
vn 0.8106 -0.5745 0.1129
vn 0.6129 0.7901 -0.0019
vn 0.3619 0.9023 0.2343
vn -0.5838 -0.6727 0.4546
vn -0.7505 -0.5919 0.2940
vn -0.7599 0.6365 -0.1316
vn 0.8587 -0.3852 0.3379
vn 0.9823 -0.1669 0.0853
vn -0.7658 0.6166 -0.1827
vn 0.2304 0.9666 -0.1125
vn -0.2817 -0.4474 0.8488
vn -0.8590 -0.2065 0.4685
vn 0.1364 0.9861 -0.0954
vn 0.5361 -0.7174 -0.4448
vn -0.5842 0.4612 -0.6678
vn -0.5342 -0.8112 0.2380
vn -0.4749 0.0202 0.8798
vn -0.4856 0.6861 -0.5417
vn -0.3853 -0.6546 -0.6504
vn -0.1548 0.7981 -0.5823
vn 0.8439 -0.5139 -0.1543
vn -0.7141 0.5737 -0.4012
vn -0.0461 0.7354 0.6761
vn -0.4934 0.8274 -0.2682
vn -0.3625 0.9244 0.1187
vn -0.9962 -0.0132 0.0860
vn 0.3631 0.8853 0.2904
vn 0.7222 0.5621 0.4031
vn -0.6723 0.7304 -0.1200
vn -0.9099 -0.3918 0.1361
vn 0.8975 -0.4266 -0.1118
vn 0.9145 -0.3563 0.1918
vn 0.9120 -0.2533 0.3226
vn 0.9546 0.2518 0.1594
vn -0.1178 -0.7846 -0.6087
vn -0.4290 0.6399 -0.6375
vn 0.1978 -0.4114 -0.8897
vn -0.0347 -0.0490 -0.9982
vn 0.3368 -0.0749 -0.9386
vn 0.4075 -0.4865 0.7728
vn -0.3342 0.0022 -0.9425
vn -0.3599 0.2625 -0.8953
vn -0.0717 0.3827 -0.9211
vn -0.7015 -0.5058 0.5021
vn -0.1566 -0.5840 -0.7965
vn -0.4207 -0.2680 -0.8667
vn 0.8368 0.5032 0.2156
vn 0.7649 0.6425 0.0462
vn -0.8428 0.5338 -0.0687
vn -0.4087 0.9127 0.0046
vn -0.8070 -0.3997 0.4347
vn 0.8224 0.2841 -0.4929
vn -0.7588 -0.5008 -0.4164
vn -0.5789 -0.4844 -0.6559
vn 0.8236 0.4904 0.2848
vn 0.8979 0.3834 0.2162
vn 0.1644 -0.5566 0.8143
vn 0.2751 0.4716 -0.8378
vn -0.7873 -0.2947 -0.5416
vn -0.6761 -0.7245 -0.1341
vn 0.3350 0.8806 0.3352
vn -0.8177 -0.5653 0.1083
vn 0.8409 -0.4680 0.2718
vn 0.0393 -0.8716 -0.4887
vn 0.1107 0.8912 -0.4399
vn -0.1265 -0.3903 -0.9120
vn 0.6578 0.2148 -0.7219
vn 0.6021 -0.7928 0.0949
vn 0.2591 -0.8615 -0.4366
vn 0.2051 -0.7890 -0.5792
vn -0.5886 0.6622 -0.4637
vn 0.3493 -0.8787 -0.3255
vn -0.5752 -0.6517 -0.4944
vn -0.0829 -0.9187 -0.3862
vn -0.5362 0.2457 -0.8075
vn -0.4447 -0.2243 -0.8671
vn -0.1115 -0.6519 0.7501
vn 0.5259 -0.5216 -0.6718
vn -0.0540 0.6997 -0.7124
vn 0.2317 -0.9543 -0.1888
vn -0.7238 0.3711 -0.5817
vn 0.8790 0.4514 0.1538
vn 0.3155 0.8356 0.4497
vn 0.9552 0.1460 0.2576
vn 0.1066 0.9942 -0.0147
vn -0.8081 0.4720 -0.3524
vn -0.1750 -0.9834 0.0485
vn 0.9155 -0.2073 0.3449
vn 0.9617 0.2438 0.1251
vn 0.1998 0.9715 0.1278
vn 0.7338 -0.2626 -0.6265
vn 0.9271 0.3542 0.1224
vn -0.7100 -0.0182 -0.7040
vn -0.6645 -0.0257 -0.7469
vn 0.9294 -0.2762 0.2447
vn -0.8247 0.2939 0.4832
vn -0.3313 -0.7542 0.5669
vn 0.0309 -0.9959 -0.0851
vn -0.5980 0.1859 -0.7797
vn 0.9202 -0.1566 0.3588
vn 0.8862 0.3779 0.2681
vn -0.0962 0.3799 -0.9200
vn -0.7744 0.1852 0.6050
vn -0.8129 0.1650 0.5586
vn -0.3311 -0.9185 0.2164
vn 0.6248 0.7107 0.3234
vn -0.7368 -0.5267 -0.4238
vn 0.9000 -0.2685 0.3433
vn 0.1085 0.4459 -0.8885
vn -0.8105 0.1059 -0.5761
vn -0.3713 0.9285 -0.0070
vn 0.9401 -0.3389 -0.0372
vn -0.9989 0.0133 0.0446
vn 0.9356 0.3530 -0.0049
vn -0.8896 0.2610 -0.3749
vn 0.2863 -0.7052 -0.6486
vn 0.5766 -0.5875 0.5678
vn -0.6520 0.1771 -0.7373
vn -0.0811 0.8406 -0.5355
vn -0.7540 0.4861 0.4419
vn -0.7686 0.3104 0.5593
vn 0.3633 0.9228 -0.1287
vn -0.7633 -0.5292 0.3706
vn -0.2054 -0.7200 -0.6629
vn 0.6123 0.4558 -0.6460
vn 0.8046 -0.0925 0.5866
vn 0.7544 0.2299 0.6148
vn -0.5131 -0.4787 -0.7125
vn -0.0948 0.9888 -0.1153
vn -0.2664 0.8205 -0.5058
vn 0.6035 -0.7599 -0.2418
vn -0.9891 0.0100 0.1472
vn -0.5013 0.0917 -0.8604
vn 0.4678 -0.8510 -0.2386
vn -0.6301 -0.7761 -0.0239
vn 0.4304 0.8847 -0.1788
vn 0.0301 -0.5643 -0.8250
vn -0.5953 -0.4304 0.6785
vn -0.6972 0.0560 0.7147
vn 0.4057 -0.7307 0.5491
vn -0.2289 0.5030 -0.8334
vn 0.0764 0.8146 -0.5750
vn -0.6984 0.0882 -0.7103
vn -0.7181 0.5589 -0.4148
vn -0.7281 -0.1379 -0.6715
vn -0.3102 0.9136 0.2630
vn -0.4161 0.8106 0.4119
vn 0.9196 0.1314 0.3702
vn -0.6624 0.6114 0.4329
vn 0.9119 -0.4084 0.0401
vn 0.8191 -0.3566 0.4493
vn -0.6541 0.0069 -0.7564
vn 0.9974 -0.0372 0.0618
vn -0.1130 0.9726 0.2031
vn 0.6515 0.6610 0.3723
vn 0.7346 -0.6542 -0.1798
vn 0.0446 -0.5713 0.8195
vn -0.5632 0.2912 -0.7733
vn 0.9374 -0.3473 0.0244
vn -0.3025 -0.9015 0.3095
vn -0.8061 0.1380 -0.5755
vn -0.5470 -0.1817 -0.8172
vn -0.8121 0.5335 0.2364
vn -0.7684 0.6337 -0.0892
vn 0.2884 0.9103 0.2969
vn -0.6900 -0.6740 0.2640
vn 0.8580 -0.0908 0.5055
vn 0.9721 -0.0217 -0.2337
vn -0.6022 -0.1903 0.7753
vn 0.1894 0.4436 -0.8760
vn -0.1977 -0.9131 0.3566
vn 0.2417 0.7478 0.6183
vn 0.8228 0.3096 0.4765
vn -0.8696 0.4061 -0.2809
vn 0.5638 -0.6649 0.4900
vn -0.9833 -0.1120 0.1436
vn 0.1091 -0.7508 -0.6515
vn -0.4101 -0.7462 -0.5245
vn -0.5290 0.4624 -0.7116
vn -0.8357 0.4963 0.2352
vn -0.4410 0.8924 -0.0955
vn 0.0841 0.9741 0.2098
vn 0.6988 -0.6642 -0.2656
vn -0.2119 0.9225 -0.3227
vn -0.6565 -0.0025 0.7543
vn 0.0724 -0.7271 -0.6827
vn -0.1260 -0.3688 -0.9209
vn 0.4557 0.8901 -0.0040
vn 0.6309 -0.7619 -0.1464
vn -0.5701 0.4140 -0.7096
vn 0.2154 -0.5008 -0.8383
vn -0.7568 -0.2879 -0.5868
vn 0.7777 0.5932 0.2081
vn 0.8755 0.2763 0.3965
vn 0.9433 -0.0482 0.3284
vn -0.9656 -0.1939 0.1731
vn 0.5303 0.8118 0.2445
vn -0.2595 0.9273 0.2698
vn -0.4863 -0.1210 -0.8653
vn 0.5310 -0.3699 0.7623
vn -0.6515 0.1764 -0.7378
vn -0.5906 0.1604 -0.7909
vn 0.9023 -0.2195 -0.3711
vn -0.2552 0.9473 -0.1935
vn -0.6144 -0.5239 0.5899
vn -0.1562 0.9843 0.0818
vn -0.2064 -0.5633 -0.8000
vn -0.8752 -0.2659 0.4042
vn -0.1349 0.4810 -0.8663
vn 0.8198 0.2732 0.5033
vn -0.7175 0.1514 -0.6799
vn 0.3069 -0.3781 0.8734
vn 0.3091 -0.8331 0.4586
vn 0.4278 -0.8730 -0.2344
vn 0.4092 -0.9101 -0.0659
vn -0.4800 -0.8343 0.2711
vn -0.8738 0.4100 -0.2614
vn -0.5597 0.1329 -0.8180
vn -0.3414 0.9239 0.1727
vn -0.3119 -0.4967 -0.8099
vn -0.7534 0.6467 0.1193
vn -0.5456 -0.8307 0.1106
vn -0.9668 -0.2525 -0.0391
vn 0.9348 0.1111 0.3374
vn 0.0195 0.9256 -0.3779
vn -0.5060 -0.0708 -0.8596
vn 0.0296 0.0407 -0.9987
vn -0.0746 -0.7091 -0.7011
vn -0.5644 0.2491 -0.7870
vn 0.3555 0.2452 -0.9020
vn 0.4336 -0.0562 -0.8994
vn -0.2316 0.6194 -0.7501
vn 0.4677 -0.7966 -0.3830
vn 0.4460 -0.7965 -0.4083
vn -0.7574 0.3111 -0.5740
vn 0.6332 -0.0206 -0.7737
vn -0.3796 0.7490 -0.5430
vn 0.1724 -0.6376 -0.7508
vn -0.4479 0.0535 -0.8925
vn 0.5999 0.4926 0.6305
vn 0.6268 0.3863 0.6767
vn 0.9893 -0.1461 0.0002
vn -0.2588 0.8272 0.4988
vn -0.7413 0.5090 0.4374
vn -0.5234 0.3887 -0.7583
vn -0.2334 -0.9580 0.1666
vn -0.5065 0.7594 0.4083
vn -0.1915 0.7904 0.5819
vn -0.4072 -0.4482 -0.7958
vn 0.8884 0.3364 0.3123
vn 0.1786 0.9661 0.1865
vn 0.8288 -0.5484 -0.1107
vn 0.3397 0.7804 0.5250
vn -0.8620 0.3296 0.3851
vn -0.8212 0.2584 -0.5088
vn 0.2030 -0.2481 -0.9472
vn -0.1310 0.0013 -0.9914
vn 0.6117 0.7767 0.1502
vn 0.7112 0.3990 0.5788
vn -0.6923 0.7031 -0.1622
vn -0.1899 -0.5091 -0.8395
vn 0.2224 0.6402 0.7353
vn 0.7474 -0.5187 0.4153
vn 0.3472 -0.9365 -0.0500
vn 0.0635 -0.0579 -0.9963
vn 0.6337 -0.0477 0.7721
vn 0.9997 0.0229 -0.0081
vn 0.1160 0.8701 -0.4791
vn 0.7634 -0.3119 0.5657
vn -0.3012 -0.3701 -0.8788
vn 0.6529 -0.4645 0.5983
vn 0.7648 0.6437 -0.0274
vn 0.8913 0.3410 0.2988
vn 0.3482 -0.7209 -0.5993
vn -0.2801 -0.0922 0.9555
vn -0.6647 0.7224 -0.1905
vn -0.5713 0.2805 -0.7713
vn -0.7445 0.3529 0.5667
vn 0.6374 -0.6482 0.4166
vn -0.2812 -0.8444 0.4561
vn 0.3819 -0.8993 0.2130
vn -0.6217 0.5173 -0.5881
vn -0.7470 0.3893 -0.5389
vn -0.5156 0.8489 -0.1164
vn 0.0413 -0.7504 0.6597
vn 0.6480 -0.3420 0.6805
vn -0.1535 -0.7865 -0.5982
vn -0.5563 -0.1258 -0.8214
vn -0.7893 -0.6111 -0.0594
vn 0.8516 -0.5194 0.0704
vn 0.4124 0.1780 -0.8934
vn 0.4636 0.8093 0.3608
vn 0.2404 0.9417 -0.2354
vn -0.4846 -0.7816 -0.3927
vn -0.0046 -0.7131 0.7010
vn 0.0905 -0.7486 0.6568
vn -0.3916 0.9156 -0.0910
vn 0.9693 -0.1066 0.2217
vn -0.4064 -0.8084 0.4259
vn 0.5347 -0.8432 -0.0560
vn 0.1036 -0.6311 -0.7688
vn -0.0705 -0.5774 -0.8134
vn -0.5937 0.1223 -0.7954
vn 0.1208 0.5734 0.8103
vn 0.7104 -0.5515 0.4373
vn 0.5881 0.2591 0.7661
vn 0.3865 -0.5852 -0.7129
vn 0.0719 0.5333 -0.8429
vn -0.9176 -0.2661 -0.2952
vn -0.2540 0.8417 0.4764
vn -0.1077 -0.1525 -0.9824
vn -0.2489 0.9637 -0.0966
vn 0.8672 -0.3393 0.3645
vn -0.6445 0.1604 -0.7476
vn 0.4728 -0.7486 -0.4648
vn 0.7640 -0.5876 -0.2666
vn -0.0773 0.8512 0.5191
vn -0.0965 0.7434 0.6618
vn -0.9508 0.2355 -0.2014
vn 0.8193 -0.4258 0.3839
vn 0.5224 0.7734 -0.3589
vn 0.6715 -0.5190 -0.5289
vn -0.9273 -0.2349 0.2914
vn -0.1529 -0.9881 0.0195
vn 0.8260 -0.0849 -0.5572
vn 0.8119 0.0224 -0.5833
vn 0.0944 0.4520 -0.8870
vn -0.2685 -0.0143 -0.9632
vn -0.2621 -0.1563 -0.9523
vn -0.5972 -0.3567 0.7185
vn 0.4599 -0.4588 -0.7603
vn -0.9051 -0.0629 0.4206
vn -0.6046 -0.3563 0.7124
vn -0.7556 0.4340 -0.4906
vn -0.9219 0.2279 -0.3134
vn -0.7890 0.6142 -0.0169
vn 0.7391 -0.0899 0.6675
vn 0.1351 0.9695 -0.2047
vn -0.4473 0.8770 0.1753
vn -0.7535 0.6046 0.2582
vn 0.7595 0.5745 0.3050
vn 0.5751 -0.1600 0.8023
vn 0.2397 0.7297 0.6403
vn 0.7838 0.2351 0.5748
vn -0.4354 -0.5869 0.6827
vn -0.1877 0.9644 -0.1862
vn 0.7337 0.2552 -0.6297
vn 0.4491 0.0618 -0.8913
vn -0.4953 0.3168 0.8089
vn -0.2540 -0.6043 0.7552
vn 0.8429 0.3793 0.3816
vn 0.0260 0.6799 0.7328
vn 0.2150 0.4670 0.8577
vn 0.2549 -0.8823 0.3956
vn 0.3238 -0.3091 0.8942
vn -0.9521 -0.0144 0.3053
vn 0.4669 -0.3496 0.8123
vn 0.1447 -0.9821 -0.1209
vn -0.1645 -0.1529 -0.9745
vn -0.1808 -0.8641 -0.4698
vn -0.1980 0.4678 -0.8614
vn -0.5008 0.6962 0.5144
vn -0.4415 0.7007 0.5605
vn 0.3130 0.9324 -0.1808
vn -0.8471 -0.1750 0.5018
vn 0.7731 0.3371 0.5373
vn -0.2421 0.8968 0.3703
vn -0.9534 0.1846 -0.2387
vn -0.5994 0.0117 -0.8003
vn 0.3038 0.7558 0.5801
vn -0.6963 0.2769 0.6621
vn -0.4349 -0.5051 0.7455
vn 0.6252 -0.0516 0.7788
vn 0.0181 -0.9673 -0.2530
vn -0.7823 0.6040 -0.1524
vn 0.8176 -0.3910 0.4227
vn -0.4773 0.7254 -0.4959
vn 0.7320 0.6727 0.1080
vn 0.7731 0.5914 0.2291
vn 0.7173 -0.6879 -0.1111
vn -0.9039 0.0023 -0.4277
vn -0.6922 0.6487 -0.3162
vn -0.5662 0.5692 -0.5962
vn -0.9131 0.4069 -0.0276
vn -0.8266 0.5470 0.1326
vn 0.7511 -0.3302 -0.5716
vn 0.7822 -0.5434 -0.3048
vn -0.7677 0.5901 -0.2497
vn 0.7650 -0.6170 0.1844
vn -0.0756 0.9466 0.3134
vn 0.4364 -0.8995 0.0203
vn 0.2875 0.5341 0.7950
vn 0.2977 -0.8160 -0.4954
vn 0.4186 0.3421 0.8413
vn -0.6525 0.2934 -0.6987
vn 0.5989 -0.2048 0.7742
vn -0.0126 0.8985 -0.4388
vn 0.3683 -0.9141 -0.1698
vn -0.6806 0.2066 0.7029
vn 0.3795 0.2782 0.8824
vn 0.7721 0.6068 0.1890
vn -0.0137 0.9816 0.1907
vn -0.2087 0.2559 0.9439
vn -0.9304 -0.3112 -0.1938
vn -0.9820 0.0138 -0.1886
vn -0.4302 0.8733 -0.2288
vn -0.0278 -0.9995 -0.0130
vn -0.8716 0.3061 -0.3830
vn -0.4176 0.8913 0.1767
vn -0.9650 0.1272 -0.2295
vn -0.6671 -0.4201 0.6152
vn -0.3949 -0.7861 -0.4755
vn 0.7215 0.2540 0.6441
vn -0.7153 0.1038 -0.6911
vn -0.9973 -0.0701 -0.0223
vn -0.2538 0.9670 0.0239
vn 0.7792 -0.1906 0.5971
vn 0.6441 0.0887 0.7597
vn 0.9933 -0.0344 -0.1104
vn 0.8064 -0.2923 -0.5141
vn -0.4054 0.1063 -0.9079
vn 0.7925 -0.5908 0.1512
vn -0.8243 0.5040 0.2581
vn -0.5678 0.7796 0.2643
vn 0.0590 -0.5457 0.8359
vn 0.1942 -0.6462 0.7381
vn -0.7201 -0.4631 0.5167
vn -0.4696 0.6754 0.5687
vn 0.5188 -0.8434 0.1400
vn 0.7864 -0.1740 0.5927
vn 0.7077 -0.3926 0.5874
vn 0.6409 0.7415 0.1986
vn 0.1864 -0.5373 0.8225
vn 0.4500 -0.1953 0.8714
vn -0.2080 0.6146 0.7609
vn 0.2784 0.4590 0.8437
vn -0.2777 -0.8831 -0.3782
vn -0.1102 0.5563 -0.8236
vn 0.1354 0.8536 0.5031
vn -0.5779 -0.5172 0.6312
vn 0.7623 -0.0380 0.6461
vn -0.9603 0.1413 0.2407
vn 0.3712 0.8798 0.2969
vn 0.2146 0.9579 0.1906
vn -0.3565 -0.2138 -0.9095
vn 0.5858 -0.8070 -0.0750
vn 0.6051 -0.6096 -0.5121
vn -0.7159 0.6715 -0.1911
vn -0.1793 0.6369 0.7498
vn -0.3858 -0.4717 0.7929
vn 0.4880 0.4212 0.7645
vn -0.2477 -0.4951 0.8328
vn 0.0768 -0.8522 0.5176
vn -0.5299 0.8151 -0.2343
vn 0.1351 0.8560 -0.4991
vn -0.3114 0.9435 -0.1131
vn -0.3632 0.8949 0.2591
vn -0.6304 -0.2874 0.7211
vn -0.1987 -0.9361 -0.2901
vn 0.7222 0.0650 0.6886
vn 0.0431 -0.9687 0.2443
vn 0.0259 0.9641 -0.2644
vn 0.7974 0.2934 0.5273
vn 0.9936 0.1107 -0.0211
vn -0.6558 -0.5259 -0.5416
vn 0.6760 -0.7004 0.2290
vn -0.8344 0.4817 0.2678
vn -0.7266 0.6812 0.0889
vn -0.4843 -0.0900 0.8702
vn -0.1276 -0.3684 0.9209
vn -0.1037 -0.6316 0.7684
vn 0.2777 0.2691 0.9222
vn -0.5697 0.0161 -0.8217
vn -0.7084 0.6835 -0.1763
vn 0.6571 -0.7529 -0.0374
vn -0.3179 0.8214 -0.4735
vn -0.5172 0.3458 0.7829
vn 0.1014 0.2906 0.9515
vn -0.6482 -0.4426 -0.6196
vn 0.7396 0.2497 0.6250
vn -0.5415 -0.3647 0.7575
vn 0.8361 0.2534 0.4866
vn 0.4569 0.8890 0.0305
vn -0.7900 -0.3986 0.4659
vn -0.8936 0.0461 -0.4465
vn 0.6369 -0.7597 -0.1311
vn -0.1374 0.5397 0.8306
vn 0.6332 -0.7093 0.3098
vn -0.4742 -0.4294 -0.7686
vn 0.8466 -0.5317 0.0225
vn 0.5405 0.6529 0.5307
vn -0.2895 -0.1063 0.9513
vn -0.7199 -0.0993 -0.6869
vn 0.7219 0.1911 0.6650
vn 0.6973 0.1519 0.7005
vn 0.5968 -0.3916 0.7003
vn -0.3790 0.5635 0.7341
vn -0.5246 -0.2891 0.8007
vn -0.2436 0.4079 0.8800
vn -0.8085 -0.4807 0.3395
vn -0.9014 -0.4222 0.0963
vn -0.6719 0.6819 -0.2890
vn -0.5054 0.8383 0.2043
vn -0.4072 0.3199 0.8555
vn -0.7166 0.4543 -0.5292
vn 0.7292 -0.1507 0.6675
vn 0.9613 0.1652 0.2204
vn 0.4874 -0.2007 0.8498
vn 0.4625 -0.3128 0.8296
vn 0.5077 -0.0393 0.8606
vn -0.2931 0.0731 -0.9533
vn 0.7666 -0.4053 0.4980
vn -0.2953 0.9374 0.1846
vn -0.0772 0.9522 0.2957
vn -0.7615 0.5727 0.3037
vn -0.6927 0.5755 0.4347
vn 0.7476 -0.6393 -0.1800
vn -0.0737 0.9006 0.4284
vn 0.4575 -0.8701 0.1836
vn -0.8487 -0.0797 -0.5228
vn -0.0170 -0.6611 -0.7501
vn 0.7077 -0.6869 0.1651
vn -0.9650 0.1272 -0.2294
vn -0.4192 0.1202 0.8999
vn -0.4176 0.8913 0.1768
vn 0.2785 -0.9591 0.0505
vn 0.5152 -0.7864 0.3409
vn 0.5397 0.5784 0.6117
vn 0.7660 0.6212 0.1652
vn -0.5325 0.7718 0.3475
vn -0.7862 -0.4151 0.4578
vn 0.4032 0.0301 0.9146
vn -0.5977 -0.5062 0.6217
vn 0.9142 0.1197 0.3871
vn -0.8794 -0.0765 -0.4699
vn 0.6270 -0.7752 0.0774
vn -0.9722 0.1708 0.1601
vn -0.8533 0.4790 0.2061
vn 0.2962 0.0564 0.9535
vn 0.3199 0.1396 0.9371
vn 0.5330 -0.8376 0.1197
vn 0.4545 0.7706 0.4467
vn 0.2899 0.5346 0.7938
vn 0.2434 0.0892 0.9658
vn -0.3654 -0.6456 0.6706
vn 0.6104 -0.1990 0.7667
vn -0.8082 0.5781 0.1124
vn -0.2974 0.0068 0.9547
vn -0.2347 -0.1631 0.9583
vn 0.6527 0.0517 0.7559
vn -0.4603 0.7391 0.4918
vn 0.7512 0.6508 0.1106
vn -0.0369 -0.9992 0.0146
vn -0.6555 -0.7466 -0.1140
vn -0.2176 0.1191 0.9687
vn -0.3632 0.7395 0.5668
vn 0.3179 0.2170 0.9230
vn -0.0243 0.4071 0.9131
vn -0.9649 0.1273 -0.2296
vn -0.4190 0.1201 0.9000
vn 0.6898 -0.0323 0.7232
vn -0.5617 -0.3321 0.7577
vn 0.0177 0.9985 -0.0516
vn -0.6580 0.6231 -0.4229
vn 0.7414 0.5914 0.3170
vn -0.2423 0.4696 0.8490
vn -0.7342 0.6761 -0.0611
vn 0.0009 -0.2592 0.9658
vn -0.5206 -0.3455 0.7808
vn -0.9103 -0.4114 -0.0468
vn -0.6904 0.6150 0.3811
vn -0.5398 0.7889 0.2936
vn -0.3154 0.6840 0.6578
vn -0.2489 0.8858 0.3916
vn -0.6739 0.7311 0.1065
vn -0.0280 -0.2977 0.9543
vn 0.1244 -0.6173 0.7768
vn 0.3224 0.1315 0.9374
vn 0.2747 -0.8380 -0.4715
vn 0.6487 0.1013 0.7543
vn 0.2319 0.9596 0.1594
vn -0.4876 0.4621 0.7407
vn 0.5716 -0.0904 0.8155
vn 0.6162 -0.2265 0.7543
vn 0.1090 -0.8802 0.4618
vn -0.1705 -0.8972 -0.4073
vn -0.0176 0.9464 -0.3226
vn 0.5998 -0.0800 0.7961
vn -0.4056 -0.3198 0.8563
vn 0.3736 0.7363 0.5642
vn 0.7446 -0.2297 0.6268
vn -0.4338 -0.3910 0.8117
vn 0.2012 -0.0204 0.9793
vn 0.7330 -0.0436 0.6788
vn -0.8848 0.0229 0.4654
vn 0.8359 0.1403 0.5307
vn 0.9298 -0.3671 -0.0264
vn -0.4009 0.8010 0.4446
vn -0.9756 0.2023 0.0850
vn -0.1769 -0.2158 0.9603
vn 0.2628 -0.4325 0.8625
vn -0.9928 0.0557 0.1063
vn -0.0841 0.3077 0.9477
vn 0.1840 -0.7829 -0.5942
vn 0.5702 -0.6409 0.5139
vn 0.1766 0.0850 0.9806
vn 0.4610 0.0202 0.8872
vn -0.4329 -0.5133 0.7411
vn -0.2587 0.2363 -0.9366
vn -0.4256 -0.7768 0.4642
vn 0.0103 0.5809 0.8139
vn -0.3765 0.5132 0.7713
vn -0.4019 0.8686 -0.2900
vn 0.2968 0.8634 0.4079
vn 0.7318 -0.6791 -0.0574
vn 0.8074 -0.3273 -0.4909
vn -0.0118 -0.1919 0.9813
vn 0.4790 -0.6143 0.6270
vn -0.9590 0.2718 0.0800
vn -0.0002 0.0728 0.9973
vn -0.0971 -0.0421 0.9944
vn 0.7933 0.2526 0.5539
vn 0.5158 0.8209 0.2452
vn -0.1037 0.1918 0.9759
vn -0.3377 -0.4469 0.8284
vn -0.2718 -0.1588 0.9492
vn 0.6898 -0.0321 0.7233
vn -0.3104 -0.3090 0.8990
vn -0.0559 -0.9984 -0.0033
vn 0.6203 -0.7245 0.3003
vn -0.0424 -0.9699 0.2398
vn -0.0119 -0.8274 -0.5615
vn -0.2637 0.8278 0.4952
vn -0.9491 -0.0469 -0.3115
vn -0.8442 0.4251 -0.3267
vn 0.6044 -0.7486 0.2725
vn -0.8553 0.3821 0.3499
vn -0.7530 0.4553 0.4750
vn 0.6105 -0.7881 -0.0787
vn 0.5138 -0.3040 0.8023
vn -0.1086 0.0454 0.9930
vn 0.6029 0.0460 0.7965
vn -0.6350 0.7708 0.0513
vn -0.5130 0.8163 0.2655
vn -0.1033 0.5950 0.7971
vn -0.2173 0.4492 0.8666
vn -0.4155 -0.2723 0.8679
vn 0.4929 -0.2457 0.8347
vn -0.5725 -0.3794 0.7268
vn 0.5184 -0.2935 0.8032
vn 0.7598 -0.0583 0.6475
vn 0.6695 0.6073 0.4276
vn 0.4843 0.1238 0.8661
vn -0.1655 -0.0986 -0.9813
vn 0.5793 0.1187 0.8064
vn -0.2336 0.2400 0.9422
vn 0.4108 -0.0713 0.9090
vn -0.6467 0.7355 0.2023
vn -0.3015 -0.2768 0.9124
vn 0.2726 -0.2118 0.9385
vn -0.9721 0.1954 0.1301
vn -0.8206 0.5701 -0.0410
vn -0.1192 0.7644 0.6337
vn -0.1286 0.7972 0.5899
vn 0.1622 0.3802 0.9106
vn -0.7118 0.6916 0.1230
vn -0.5999 0.6002 0.5290
vn -0.0132 -0.9999 -0.0064
vn -0.9798 -0.0474 0.1943
vn 0.0766 -0.1483 0.9860
vn 0.0727 0.1788 0.9812
vn 0.4889 -0.1680 0.8560
vn 0.0115 -0.9283 -0.3716
vn -0.7350 -0.5252 -0.4290
vn 0.5245 -0.1552 0.8371
vn 0.9868 0.0001 0.1617
vn 0.5319 0.6471 0.5463
vn -0.0411 0.7724 0.6338
vn -0.3128 0.3681 0.8756
vn -0.3619 -0.4337 0.8252
vn -0.0623 -0.5421 0.8380
vn 0.4618 -0.2662 0.8461
vn -0.8622 -0.4243 0.2767
vn -0.7927 0.4055 0.4552
vn 0.6726 -0.6382 0.3746
vn 0.6683 -0.6073 -0.4297
vn -0.9027 0.4278 -0.0471
vn -0.4059 0.9110 0.0729
vn -0.3296 0.4892 0.8075
vn -0.4202 -0.3105 0.8526
vn 0.5358 -0.0332 0.8437
vn 0.2593 -0.8506 -0.4574
vn -0.3082 0.8685 -0.3882
vn -0.3519 0.5269 0.7737
vn -0.8010 0.2636 0.5374
vn -0.0913 0.6190 0.7801
vn -0.1010 0.5158 0.8507
vn 0.1297 0.9418 -0.3102
vn 0.2118 -0.0943 0.9727
vn 0.2824 -0.2449 0.9275
vn -0.4165 0.6700 0.6145
vn -0.4896 -0.8697 -0.0623
vn -0.9173 -0.0411 -0.3960
vn 0.9688 0.1026 0.2256
vn -0.1666 0.1413 0.9758
vn -0.5788 0.3153 0.7520
vn 0.5606 -0.8279 -0.0138
vn -0.8840 0.4386 0.1616
vn 0.2279 -0.4629 0.8566
vn 0.4735 -0.6322 0.6132
vn -0.1440 0.8769 0.4586
vn -0.3673 -0.3236 0.8720
vn -0.2151 0.4058 0.8883
vn 0.4167 0.2066 0.8853
vn 0.2775 -0.2810 0.9187
vn 0.6147 -0.3941 0.6832
vn 0.1782 -0.9714 0.1572
vn 0.2637 -0.7559 -0.5992
vn -0.3725 0.1711 -0.9121
vn 0.2075 -0.9632 0.1711
vn 0.7887 0.1485 0.5966
vn -0.4254 -0.7545 0.4998
vn 0.8400 0.4592 0.2890
vn 0.6051 0.7199 0.3399
vn -0.3279 -0.3948 0.8583
vn -0.7536 -0.3240 0.5719
vn -0.2133 0.8069 0.5508
vn -0.8427 0.5226 -0.1295
vn 0.7613 -0.6478 0.0276
vn 0.6692 -0.6414 0.3752
vn -0.8953 0.0103 -0.4454
vn 0.2708 -0.0498 0.9613
vn 0.8454 0.3768 0.3786
vn 0.2466 0.2537 0.9353
vn -0.3515 0.3829 -0.8543
vn 0.4040 0.0911 0.9102
vn -0.1860 0.6530 0.7341
vn 0.0570 -0.0440 0.9974
vn -0.5676 0.2589 0.7816
vn -0.4113 0.8984 -0.1538
vn -0.2239 0.8024 0.5532
vn 0.2725 0.1278 0.9536
vn -0.6761 0.7247 -0.1331
vn -0.9075 -0.3534 0.2268
vn -0.6313 -0.7217 0.2839
vn 0.6560 -0.5529 0.5138
vn 0.7472 -0.6021 0.2814
vn 0.0451 0.8118 0.5822
vn -0.0703 -0.9965 0.0442
vn -0.6948 0.6909 -0.1997
vn 0.9492 -0.1915 0.2496
vn 0.9368 0.2194 0.2726
vn -0.6450 0.4213 0.6376
vn 0.6251 -0.4542 0.6348
vn -0.6926 0.5262 0.4933
vn -0.3616 -0.9293 0.0754
vn -0.0143 -0.9929 0.1181
vn 0.4045 -0.8468 0.3454
vn 0.1081 0.2235 0.9687
vn 0.6273 -0.1973 0.7534
vn -0.4235 -0.4888 0.7627
vn -0.0714 0.8821 -0.4657
vn -0.0915 0.4692 -0.8783
vn 0.1130 -0.5477 -0.8290
vn 0.3562 -0.7952 -0.4907
vn 0.7441 0.4912 0.4528
vn 0.0966 -0.9810 0.1685
vn -0.4321 0.9018 0.0088
vn 0.8245 -0.1813 0.5360
vn 0.9849 -0.0416 0.1678
vn 0.6870 -0.6084 0.3973
vn 0.5615 -0.3684 0.7410
vn 0.2694 -0.1480 0.9516
vn -0.5337 -0.2380 0.8115
vn 0.3669 -0.9271 0.0767
vn 0.2154 -0.4854 0.8473
vn 0.3168 -0.1633 0.9343
vn -0.1522 -0.2683 0.9512
vn 0.5598 -0.0952 0.8232
vn 0.3720 -0.7622 0.5298
vn 0.5843 -0.6006 0.5458
vn 0.6504 0.4026 0.6441
vn -0.8414 -0.5391 0.0368
vn 0.4813 -0.4013 0.7793
vn 0.7384 -0.4157 0.5310
vn 0.6168 -0.6780 0.3998
vn -0.7436 0.5114 0.4309
vn 0.9666 -0.1948 -0.1665
vn 0.1574 -0.1874 0.9696
vn -0.1418 0.9759 0.1656
vn -0.1942 0.8089 0.5550
vn -0.0553 -0.3035 0.9512
vn 0.6119 0.3414 0.7134
vn 0.1706 0.3051 0.9369
vn -0.0581 0.3454 0.9367
vn 0.5026 -0.3203 0.8030
vn 0.4912 -0.7604 0.4250
vn -0.4033 -0.8952 -0.1898
vn 0.4188 -0.5892 0.6910
vn -0.4049 -0.6514 -0.6417
vn 0.3345 -0.7575 0.5606
vn 0.3863 0.8017 0.4561
vn 0.2278 0.0733 0.9709
vn 0.0538 0.9836 -0.1720
vn -0.5974 -0.7885 0.1465
vn -0.1449 -0.5190 0.8424
vn -0.5557 -0.6089 0.5661
vn -0.2816 0.6501 0.7057
vn 0.7621 -0.6163 0.1987
vn -0.9580 -0.0456 -0.2830
vn 0.2498 0.4788 0.8416
vn 0.2683 -0.7124 0.6485
vn -0.4843 0.7598 0.4338
vn -0.2452 0.8675 0.4328
vn -0.1148 -0.4362 0.8925
vn -0.0947 0.2051 0.9742
vn 0.2021 -0.4483 0.8707
vn 0.1284 -0.3308 0.9349
vn -0.4819 -0.3989 0.7802
vn -0.4181 -0.8300 0.3690
vn 0.2916 -0.9558 -0.0363
vn 0.4682 -0.8770 0.1075
vn -0.4283 0.8973 -0.1071
vn 0.0447 -0.1180 0.9920
vn -0.7019 0.5269 -0.4793
vn -0.6386 0.0413 0.7684
vn -0.5276 -0.4809 0.7003
vn -0.8830 0.4410 -0.1608
vn 0.6169 -0.7710 -0.1579
vn 0.1874 -0.8988 0.3962
vn 0.0903 -0.4086 0.9082
vn 0.1110 -0.9926 0.0500
vn 0.3004 -0.9058 0.2989
vn 0.1700 0.4799 0.8607
vn -0.4361 -0.6315 0.6411
vn -0.3428 -0.1799 -0.9220
vn -0.4624 0.0831 -0.8828
vn 0.2070 -0.1627 -0.9647
vn 0.0561 -0.3750 -0.9253
vn 0.4344 0.4190 0.7973
vn 0.0276 -0.1894 -0.9815
vn 0.2745 0.0430 -0.9606
vn -0.2972 0.3964 -0.8686
vn 0.0640 0.4426 -0.8944
vn 0.7889 0.2556 0.5589
vn 0.0526 0.4305 0.9011
vn 0.1632 0.4090 0.8978
vn -0.6610 0.6308 0.4064
vn 0.4662 -0.6012 0.6490
vn 0.3332 -0.9264 0.1754
vn -0.2032 -0.9749 -0.0912
vn -0.7174 0.4099 0.5634
vn 0.6384 -0.7681 -0.0499
vn -0.7720 0.6013 0.2063
vn 0.1752 0.0617 0.9826
vn 0.2002 -0.7882 0.5820
vn 0.2400 0.1493 0.9592
vn -0.2905 0.2264 0.9297
vn 0.4563 -0.8349 -0.3078
vn 0.2986 0.2184 0.9290
vn -0.1324 0.5895 0.7968
vn -0.2363 -0.3332 0.9128
vn -0.3321 -0.3658 0.8694
vn -0.1747 -0.4977 -0.8496
vn 0.2207 -0.3715 -0.9018
vn -0.3612 0.9245 -0.1218
vn 0.4507 -0.8914 0.0473
vn -0.9360 0.3017 -0.1811
vn -0.0792 -0.9853 -0.1515
vn 0.7570 -0.2314 0.6111
vn 0.9238 0.0162 -0.3825
vn -0.9449 0.1750 0.2765
vn -0.0375 0.9992 0.0119
vn 0.5699 -0.1039 0.8151
vn 0.5750 0.0909 0.8131
vn -0.9455 0.0750 0.3170
vn 0.5547 -0.8296 -0.0641
vn 0.7156 -0.0350 0.6976
vn 0.4761 -0.6561 0.5856
vn 0.3940 -0.3911 0.8317
vn 0.2477 -0.9614 -0.1196
vn 0.7456 -0.0514 0.6644
vn 0.5581 0.1084 0.8227
vn -0.5429 -0.3150 0.7785
vn -0.9965 0.0560 -0.0614
vn 0.3950 -0.8538 -0.3392
vn -0.0043 0.9933 0.1157
vn 0.4002 0.5208 0.7541
vn 0.0174 -0.9732 0.2294
vn 0.1393 0.9753 -0.1713
vn -0.0535 0.6621 -0.7475
vn 0.0072 0.6381 0.7699
vn 0.6498 0.5655 0.5079
vn -0.9175 -0.1306 0.3757
vn -0.8682 0.3121 0.3859
vn -0.2486 0.9443 -0.2158
vn 0.2048 -0.3151 0.9267
vn -0.4760 0.2409 0.8458
vn -0.2128 0.4165 0.8839
vn -0.0287 -0.9986 -0.0434
vn -0.9844 0.0439 -0.1706
vn -0.7205 0.6815 0.1282
vn -0.8166 0.5110 0.2683
vn -0.5490 0.4450 0.7076
vn -0.3733 -0.7016 0.6070
vn 0.0959 0.6360 0.7657
vn -0.3017 0.7237 0.6207
vn -0.1444 0.9181 0.3692
vn 0.3550 -0.4325 0.8288
vn 0.2969 -0.5023 -0.8121
vn 0.1668 -0.9828 -0.0797
vn -0.1390 0.9837 -0.1137
vn -0.0236 0.9416 0.3359
vn 0.3737 -0.2749 0.8859
vn 0.5230 -0.2189 0.8238
vn 0.1725 0.2877 0.9421
vn -0.0686 0.3365 0.9392
vn -0.6838 0.7295 -0.0153
vn 0.7007 -0.5349 0.4722
vn -0.5435 0.5984 0.5887
vn -0.8944 0.2476 0.3725
vn 0.6652 -0.3231 0.6732
vn -0.0250 -0.9997 -0.0039
vn -0.7697 -0.3581 0.5286
vn 0.1735 -0.3345 0.9263
vn 0.0016 -0.9768 -0.2141
vn 0.3604 0.6449 0.6739
vn 0.0311 0.4843 0.8744
vn -0.5267 -0.3770 0.7619
vn -0.0831 -0.1317 0.9878
vn 0.6181 0.7798 0.0989
vn -0.6347 0.7060 0.3140
vn 0.9564 -0.2336 0.1755
vn 0.6732 -0.6528 0.3475
vn -0.8606 0.2357 0.4516
vn 0.6225 0.1646 0.7651
vn 0.6172 -0.7730 -0.1466
vn 0.2401 0.4870 0.8398
vn -0.0270 -0.5191 0.8543
vn 0.1925 -0.6690 0.7179
vn -0.1068 -0.3654 0.9247
vn -0.9349 -0.2832 0.2141
vn 0.0138 -0.9906 -0.1363
vn -0.6969 0.5280 -0.4853
vn -0.9300 0.1898 0.3149
vn -0.0261 0.8692 0.4938
vn -0.5766 -0.7197 0.3866
vn 0.6035 -0.6284 0.4908
vn -0.5134 0.4478 0.7321
vn -0.4642 0.3029 0.8323
vn -0.6599 0.1312 0.7398
vn -0.9382 0.1568 0.3084
vn -0.1609 0.7237 0.6711
vn 0.2917 0.2727 0.9168
vn 0.5737 -0.8050 0.1513
vn 0.2435 -0.8803 0.4071
vn 0.3524 0.6126 -0.7075
vn -0.1547 0.7847 -0.6003
vn 0.2958 0.9476 0.1204
vn 0.0980 -0.3787 0.9203
vn -0.3856 0.0341 0.9220
vn -0.3002 0.9537 -0.0202
vn -0.8014 -0.2848 0.5260
vn 0.0048 0.5518 0.8340
vn 0.0265 -0.9562 0.2916
vn 0.0800 -0.8127 -0.5771
vn -0.0736 -0.8332 0.5481
vn 0.2468 0.9389 0.2400
vn -0.2332 0.5112 0.8272
vn -0.4165 0.4413 0.7948
vn 0.3861 0.6201 0.6829
vn 0.9710 0.1267 0.2029
vn 0.2518 -0.9246 0.2858
vn 0.7220 -0.6157 0.3156
vn -0.7429 -0.2089 0.6359
vn -0.4001 0.8376 0.3721
vn 0.0009 -0.9930 -0.1179
vn 0.3363 0.7666 0.5470
vn 0.2376 0.7920 0.5624
vn -0.8024 0.0783 -0.5916
vn -0.7450 -0.1614 0.6473
vn -0.9338 -0.2949 0.2026
vn 0.9597 -0.0900 0.2662
vn 0.4206 -0.4928 0.7618
vn 0.9924 -0.1166 0.0402
vn -0.4807 0.8609 0.1667
vn 0.0011 -1.0000 -0.0000
vn 0.0623 -0.7874 0.6133
vn 0.4814 0.2298 0.8459
vn -0.2564 -0.3125 0.9147
vn -0.0593 -0.9525 -0.2987
vn 0.4322 -0.8950 0.1106
vn -0.9980 -0.0571 0.0285
vn -0.9455 0.0305 -0.3242
vn -0.3669 0.5337 0.7619
vn -0.9477 0.2673 -0.1745
vn 0.9508 0.0718 0.3013
vn 0.9471 0.2502 0.2009
vn 0.3053 -0.8867 0.3472
vn 0.7462 -0.6643 0.0430
vn 0.7185 -0.6511 0.2448
vn 0.0164 -0.4384 0.8986
vn -0.1046 -0.9466 0.3049
vn 0.2945 -0.7737 0.5610
vn 0.1800 -0.6879 -0.7031
vn 0.0814 -0.8912 -0.4463
vn 0.7372 0.5948 0.3205
vn -0.8285 0.2554 0.4983
vn 0.1677 0.9858 0.0020
vn -0.3204 0.3736 0.8705
vn -0.7512 -0.5865 -0.3029
vn -0.4782 0.8090 0.3419
vn -0.6636 0.3994 0.6325
vn -0.5075 0.2041 0.8371
vn 0.6094 -0.3868 0.6921
vn -0.3442 -0.0286 0.9385
vn 0.5053 0.1994 0.8396
vn -0.1073 0.2505 0.9621
vn -0.2405 0.9705 0.0149
vn -0.4847 0.8726 -0.0598
vn 0.3464 -0.9290 0.1306
vn 0.0157 0.9648 -0.2624
vn 0.3014 0.9533 0.0203
vn 0.6075 -0.7936 0.0353
vn -0.2727 0.9611 -0.0438
vn -0.9556 -0.2347 0.1784
vn 0.3842 -0.8963 -0.2217
vn 0.3669 0.9188 0.1459
vn 0.9444 0.3270 0.0339
vn -0.0711 0.9701 -0.2321
vn -0.4366 0.6918 -0.5751
vn -0.9797 0.0138 -0.2000
vn -0.4835 0.4283 0.7634
vn 0.2632 -0.9625 0.0657
vn -0.7261 -0.5708 0.3833
vn 0.5692 -0.2035 0.7966
vn 0.0374 -0.9948 0.0952
vn 0.7601 -0.6469 -0.0617
vn -0.7423 0.3315 -0.5823
vn -0.9313 0.3271 0.1602
vn -0.8452 -0.4016 0.3526
vn 0.4199 0.8628 0.2816
vn 0.4959 -0.5907 0.6365
vn -0.4313 0.2203 0.8749
vn 0.9597 -0.2778 -0.0420
vn -0.7365 0.2664 0.6217
vn -0.8892 0.0937 0.4478
vn -0.6177 0.4285 0.6594
vn -0.8168 -0.4093 0.4066
vn 0.7329 -0.4968 0.4649
vn 0.2881 0.2619 0.9211
vn 0.1819 -0.0157 0.9832
vn 0.0075 -0.9829 -0.1841
vn -0.0268 -0.9643 -0.2634
vn 0.9786 0.0236 -0.2046
vn 0.6371 0.5174 0.5714
vn 0.9417 0.3333 0.0465
vn -0.5564 0.7540 0.3492
vn 0.8604 0.0304 0.5087
vn -0.5335 0.5240 0.6639
vn 0.7142 -0.3742 0.5915
vn -0.5031 0.2419 0.8297
vn -0.2238 -0.0658 0.9724
vn 0.1332 0.6010 0.7881
vn 0.0319 -0.9221 0.3857
vn -0.3077 -0.3225 0.8951
vn -0.6772 -0.0835 0.7311
vn -0.8756 -0.3401 -0.3430
vn -0.0629 0.9281 0.3669
vn 0.0704 0.7442 0.6642
vn -0.6713 0.7133 0.2015
vn 0.4451 -0.3298 0.8325
vn 0.5128 -0.7099 0.4827
vn -0.0902 0.9921 0.0877
vn 0.4010 0.2464 0.8823
vn 0.0904 -0.9230 -0.3741
vn -0.9073 0.0053 -0.4204
vn -0.1395 0.8897 -0.4346
vn -0.3920 0.8888 -0.2375
vn -0.9220 -0.3775 0.0861
vn -0.1312 0.1628 0.9779
vn 0.4169 0.0755 0.9058
vn -0.2731 0.4157 0.8676
vn 0.5745 -0.8010 -0.1684
vn -0.7989 0.1592 0.5801
vn -0.5217 -0.7375 0.4289
vn 0.1184 -0.9548 -0.2725
vn -0.2469 0.5685 0.7847
vn 0.8428 0.2993 -0.4473
vn 0.2150 0.9763 -0.0252
vn -0.3826 -0.9041 -0.1905
vn -0.9500 0.3075 -0.0538
vn -0.0283 -0.0891 0.9956
vn 0.0435 -0.5760 0.8163
vn -0.3860 0.1694 0.9068
vn -0.7301 0.4637 0.5019
vn -0.2051 0.8817 0.4249
vn -0.3856 0.3483 0.8544
vn 0.5959 -0.1252 0.7932
vn 0.8051 -0.2934 0.5154
vn 0.1144 0.4119 0.9040
vn 0.5039 -0.8624 0.0489
vn 0.8659 -0.2549 0.4305
vn 0.3470 0.9341 0.0835
vn -0.8525 0.0760 0.5172
vn -0.0625 0.8199 0.5691
vn 0.3569 -0.1602 0.9203
vn 0.8644 -0.2048 0.4591
vn 0.0878 -0.9806 -0.1752
vn 0.0459 -0.7514 0.6582
vn -0.6747 -0.2151 0.7060
vn 0.3394 -0.8777 -0.3382
vn -0.0843 -0.9955 -0.0440
vn 0.2049 -0.8322 -0.5152
vn 0.2498 0.7255 0.6413
vn -0.0078 -0.9668 0.2554
vn 0.1555 0.9776 -0.1417
vn -0.7258 0.5050 0.4671
vn 0.8610 0.2489 0.4435
vn 0.0594 0.4221 0.9046
vn -0.2497 0.1746 0.9524
vn 0.2571 -0.9582 -0.1257
vn 0.1113 -0.6488 0.7528
vn -0.3807 0.5218 0.7634
vn -0.2719 0.9458 -0.1774
vn -0.6448 0.6084 -0.4627
vn -0.3299 0.8327 0.4447
vn -0.0418 -0.8032 0.5942
vn 0.4806 -0.3383 0.8090
vn -0.2650 -0.8810 0.3919
vn 0.7993 -0.5578 0.2234
vn -0.0687 -0.9864 0.1494
vn 0.3659 0.8234 0.4337
vn 0.6420 0.2748 0.7158
vn -0.2074 0.9198 -0.3330
vn 0.5984 0.4348 0.6729
vn -0.0515 -0.2140 0.9755
vn 0.9950 0.0366 0.0924
vn 0.0257 -0.8813 0.4718
vn -0.8774 -0.2427 0.4139
vn -0.2464 -0.9354 0.2536
vn -0.5050 0.8458 -0.1722
vn 0.4634 0.1369 0.8755
vn 0.7204 0.4787 0.5019
vn -0.7571 0.4369 0.4858
vn 0.2480 -0.1674 0.9542
vn 0.1559 0.0111 0.9877
vn -0.0499 0.5330 0.8446
vn 0.3311 -0.9415 0.0631
vn -0.7470 0.3094 0.5885
vn -0.9293 -0.1231 0.3482
vn -0.7803 0.4782 0.4031
vn 0.0429 0.8274 0.5600
vn 0.9692 0.1342 0.2067
vn 0.8299 0.3729 0.4151
vn -0.4276 -0.3173 0.8465
vn -0.0783 0.9435 0.3220
vn 0.3512 -0.9358 0.0296
vn -0.7877 -0.6101 -0.0856
vn 0.6757 0.0586 0.7349
vn -0.8811 -0.4245 -0.2086
vn -0.4678 0.7970 0.3819
vn 0.1322 0.9616 -0.2404
vn 0.1964 0.8486 0.4912
vn 0.0160 0.2016 0.9793
vn 0.6205 -0.7459 -0.2422
vn 0.6115 -0.7766 0.1516
vn 0.1471 -0.7946 0.5890
vn 0.2455 -0.2809 0.9278
vn -0.3327 -0.9367 0.1094
vn 0.4901 -0.8625 -0.1262
vn -0.1825 0.4394 0.8796
vn 0.2352 -0.9692 -0.0726
vn -0.0757 0.6264 0.7758
vn -0.3435 0.4004 0.8495
vn -0.6809 -0.0297 0.7318
vn 0.5852 -0.0816 0.8068
vn -0.4144 0.8202 0.3944
vn 0.1751 0.6384 0.7495
vn -0.7807 -0.4762 0.4047
vn -0.0100 -0.8481 0.5298
vn -0.4938 0.3368 0.8017
vn 0.1925 -0.9199 0.3416
vn 0.5102 0.8532 0.1087
vn -0.3631 0.4184 0.8325
vn 0.2580 -0.9637 -0.0694
vn 0.2838 -0.0071 0.9589
vn 0.3284 0.9075 -0.2619
vn -0.0828 0.1647 0.9829
vn -0.1610 -0.8001 0.5778
vn -0.2155 -0.2604 0.9411
vn -0.4558 -0.7883 0.4133
vn -0.2948 0.6306 0.7179
vn -0.0949 0.1960 0.9760
vn -0.0413 0.9547 -0.2946
vn 0.3911 0.7885 0.4747
vn -0.1247 0.9098 0.3959
vn -0.2841 0.5039 0.8157
vn 0.3827 -0.6805 0.6248
vn 0.0659 -0.4372 0.8969
vn 0.9564 0.2348 0.1734
vn 0.2362 0.2526 0.9383
vn 0.2923 -0.8266 0.4809
vn 0.3110 -0.9139 -0.2610
vn -0.7193 -0.6943 0.0229
vn -0.4834 -0.6756 0.5566
vn 0.6683 0.5123 0.5394
vn 0.9081 -0.3973 0.1326
vn -0.0733 0.8580 0.5085
vn 0.2936 -0.0988 0.9508
vn 0.6610 -0.3833 0.6451
vn 0.5552 -0.0664 0.8290
vn -0.0502 -0.3183 0.9467
vn 0.6978 0.1536 0.6996
vn 0.2794 0.2898 0.9154
vn -0.6285 -0.7697 -0.1118
vn -0.2529 0.7817 0.5701
vn -0.5545 0.3032 0.7750
vn -0.3488 -0.6769 0.6482
vn -0.4853 -0.6799 0.5498
vn 0.6310 -0.6524 0.4197
vn -0.3002 0.7580 0.5791
vn -0.3952 0.8300 0.3936
vn -0.5724 0.8193 0.0328
vn 0.1356 0.9681 -0.2109
vn 0.6241 0.6020 0.4981
vn 0.8351 0.4660 0.2921
vn -0.1360 -0.4843 0.8643
vn 0.8833 0.4439 0.1509
vn -0.4807 -0.0366 0.8761
vn 0.2208 -0.9109 -0.3486
vn -0.3002 -0.2841 0.9106
vn 0.5385 -0.0353 0.8419
vn 0.5652 -0.8248 -0.0134
vn -0.2354 -0.9343 0.2676
vn 0.0405 0.4423 0.8959
vn 0.1838 0.9731 -0.1387
vn -0.9086 -0.0786 0.4103
vn 0.3707 0.8846 0.2829
vn 0.7877 -0.5372 0.3016
vn -0.4142 -0.3870 0.8238
vn 0.4223 -0.2334 0.8759
vn 0.6285 0.3419 0.6986
vn 0.3976 -0.3407 0.8520
vn -0.7347 -0.6770 0.0445
vn 0.8555 -0.1383 0.4990
vn -0.8198 -0.5142 0.2521
vn 0.6912 0.1479 0.7074
vn 0.2784 0.7379 0.6148
vn -0.0313 -0.7875 0.6155
vn 0.3389 -0.4210 0.8414
vn 0.0374 -0.9472 0.3184
vn 0.6354 0.2335 0.7360
vn -0.3643 -0.0705 0.9286
vn 0.5826 0.8122 -0.0306
vn 0.7136 -0.2946 0.6356
vn 0.8296 -0.2855 0.4799
vn -0.8068 -0.1449 0.5728
vn 0.4771 0.1664 0.8629
vn -0.8667 -0.2547 0.4290
vn -0.9160 0.3506 0.1949
vn 0.2401 -0.4146 0.8777
vn 0.8441 -0.0594 0.5329
vn -0.3284 0.5367 0.7772
vn -0.5912 -0.4999 0.6329
vn 0.3418 -0.7456 0.5720
vn 0.6107 0.5387 0.5804
vn -0.1399 0.4611 0.8762
vn 0.5724 0.2734 0.7731
vn -0.5112 0.8437 0.1637
vn 0.7691 0.6182 0.1622
vn -0.1743 0.8506 -0.4961
vn 0.5112 0.2715 0.8154
vn 0.0290 0.9448 0.3265
vn -0.1723 -0.8753 0.4519
vn -0.3338 0.0100 0.9426
vn 0.7980 0.1982 0.5691
vn -0.8042 -0.5628 0.1910
vn 0.7793 0.0466 0.6249
vn -0.1235 -0.9921 0.0207
vn 0.9110 0.3288 0.2488
vn 0.3727 -0.9145 -0.1576
vn -0.3840 0.8385 -0.3865
vn 0.5984 0.7597 0.2545
vn 0.6468 -0.4952 0.5800
vn 0.4679 0.8728 0.1391
vn -0.1291 -0.2736 0.9531
vn 0.2932 -0.7935 0.5333
vn 0.5871 -0.8063 -0.0724
vn 0.0950 -0.8985 0.4286
vn -0.5734 0.5373 0.6185
vn -0.0175 -0.2799 0.9599
vn 0.4723 -0.8558 0.2108
vn 0.0276 -0.5384 0.8422
vn -0.0643 -0.8672 0.4939
vn 0.8231 0.4311 0.3697
vn 0.0112 0.7937 -0.6082
vn 0.0605 -0.0526 0.9968
vn -0.2993 0.1482 0.9426
vn 0.8722 -0.1604 0.4622
vn 0.6432 -0.7531 0.1385
vn 0.4019 0.8788 0.2571
vn 0.1643 0.8883 -0.4288
vn -0.1458 -0.8413 0.5206
vn -0.5133 -0.7981 0.3154
vn 0.5681 -0.7880 0.2373
vn -0.3606 0.7994 -0.4805
vn 0.5284 -0.8373 0.1405
vn 0.2931 -0.8834 0.3656
vn 0.0227 0.9220 -0.3865
vn -0.9868 -0.1355 0.0887
vn 0.9401 -0.1247 0.3172
vn -0.1889 -0.2052 0.9603
vn 0.4365 -0.3723 0.8190
vn -0.9006 0.1036 -0.4222
vn 0.6749 0.5966 0.4342
vn 0.0750 0.9945 0.0734
vn -0.9222 -0.3396 -0.1850
vn -0.6417 0.7646 -0.0606
vn -0.0688 0.7513 -0.6564
vn 0.1308 0.7819 -0.6096
vn -0.6158 0.3287 0.7161
vn 0.7791 0.1348 0.6122
vn 0.1553 -0.9251 0.3465
vn 0.6105 -0.4157 0.6742
vn 0.7035 -0.6392 0.3106
vn -0.6195 0.5457 -0.5643
vn -0.4997 0.8612 -0.0923
vn -0.0030 0.9836 0.1801
vn 0.1950 -0.6233 0.7573
vn 0.0451 -0.3988 0.9159
vn 0.3932 -0.6178 0.6810
vn 0.4240 -0.7817 0.4573
vn 0.4237 -0.8640 0.2718
vn 0.1599 0.5069 -0.8471
vn -0.7104 -0.6412 0.2902
vn 0.5225 0.8268 0.2082
vn 0.6964 0.7172 -0.0257
vn 0.7746 0.3369 0.5353
vn -0.5570 0.7541 0.3479
vn -0.7993 -0.5982 0.0564
vn -0.2947 0.7984 -0.5250
vn -0.1911 -0.7752 0.6021
vn 0.6470 0.4103 -0.6427
vn -0.0092 0.1874 -0.9822
vn 0.3555 0.8213 0.4462
vn 0.6609 0.7018 0.2658
vn 0.3704 0.9248 -0.0866
vn -0.3721 -0.0502 0.9268
vn -0.0541 -0.7254 0.6862
vn -0.2966 0.9544 -0.0331
vn -0.0140 0.2574 -0.9662
vn 0.4301 -0.8266 0.3630
vn -0.1642 0.7960 0.5826
vn 0.5159 -0.1779 0.8380
vn 0.3662 -0.2673 -0.8913
vn 0.1049 0.6350 -0.7653
vn 0.4950 -0.4254 -0.7576
vn -0.1631 0.9415 0.2950
vn 0.2693 0.6896 0.6722
vn 0.3034 -0.8851 0.3528
vn -0.4419 0.0122 0.8970
vn 0.7429 0.6069 0.2825
vn 0.8456 -0.0883 0.5265
vn -0.3301 0.7107 0.6213
vn -0.7672 0.0512 0.6393
vn -0.3994 -0.7295 0.5552
vn -0.5742 0.5572 0.5999
vn -0.8904 -0.3761 -0.2563
vn 0.1284 -0.8084 0.5745
vn 0.6876 -0.7026 -0.1832
vn 0.5136 0.7035 -0.4913
vn -0.5061 -0.7856 0.3560
vn 0.6320 0.2622 0.7293
vn -0.1981 0.5194 -0.8312
vn 0.1345 -0.5885 0.7972
vn -0.1883 -0.0395 0.9813
vn -0.1345 0.5277 0.8387
vn 0.8497 -0.5205 0.0842
vn 0.3210 -0.3760 0.8692
vn -0.8206 -0.0628 -0.5680
vn 0.2092 0.3277 0.9213
vn -0.1250 -0.9543 0.2713
vn -0.7034 0.3384 -0.6251
vn 0.2406 -0.2058 0.9486
vn -0.0748 -0.0103 0.9971
vn 0.8015 0.0714 0.5938
vn 0.1378 0.7080 -0.6926
vn 0.5650 -0.3684 0.7383
vn 0.5720 0.3667 0.7337
vn 0.9667 0.2559 -0.0059
vn -0.3226 0.4989 -0.8044
vn -0.0736 -0.7662 0.6384
vn -0.5507 0.7500 -0.3664
vn -0.7277 -0.6858 0.0101
vn 0.9134 0.3313 -0.2363
vn 0.4686 -0.2723 0.8404
vn 0.5677 0.6520 -0.5027
vn -0.2688 0.3442 0.8996
vn -0.8874 0.2711 -0.3729
vn 0.1195 -0.2104 0.9703
vn -0.2183 0.8443 -0.4894
vn -0.8498 -0.0518 -0.5245
vn -0.8373 -0.4778 -0.2659
vn 0.9206 -0.3320 0.2057
vn -0.5451 0.7632 -0.3468
vn 0.2840 -0.6941 0.6615
vn 0.9611 0.1659 -0.2209
vn 0.6442 -0.4548 0.6149
vn -0.8177 0.4829 -0.3134
vn 0.3814 0.8308 -0.4053
vn -0.2482 -0.8811 0.4026
vn -0.9849 -0.0125 -0.1725
vn 0.9060 -0.0396 -0.4215
vn -0.4621 0.6593 -0.5932
vn -0.5047 -0.8584 0.0923
vn 0.6391 -0.4609 0.6158
vn -0.6600 -0.7409 0.1243
vn 0.6365 -0.5769 0.5119
vn 0.5515 -0.8242 0.1289
vn -0.8550 0.4378 -0.2779
vn 0.0963 -0.8061 0.5839
vn 0.8242 -0.5435 -0.1588
vn 0.5255 0.6874 -0.5013
vn 0.8017 0.3939 -0.4496
vn 0.4769 -0.4365 0.7629
vn 0.2112 -0.6649 0.7165
vn -0.9837 -0.1446 -0.1070
vn -0.2403 0.5612 -0.7920
vn 0.2070 -0.7152 0.6676
vn -0.7960 0.5052 -0.3335
vn -0.7824 0.4505 -0.4299
vn -0.4358 -0.8465 0.3056
vn 0.5000 -0.4292 0.7522
vn 0.0839 0.9816 -0.1716
vn 0.4932 0.7537 0.4344
vn 0.6087 0.5394 -0.5819
vn -0.0198 -0.7642 0.6447
vn -0.9255 0.2972 -0.2350
vn -0.7092 0.6460 -0.2822
vn 0.9462 0.2200 0.2372
vn 0.0659 -0.2046 0.9766
vn -0.8984 0.3834 0.2140
vn 0.7413 0.3761 -0.5559
vn 0.7230 -0.2626 0.6390
vn 0.3079 -0.1294 0.9426
vn -0.6181 0.4699 -0.6302
vn 0.5854 -0.6833 0.4364
vn 0.8413 -0.4085 0.3540
vn -0.9927 -0.1026 -0.0637
vn 0.5239 -0.7134 0.4654
vn -0.4085 0.9116 0.0453
vn -0.6112 0.1983 0.7662
vn -0.4834 -0.8294 0.2800
vn -0.7106 0.5918 -0.3805
vn -0.9995 0.0026 -0.0301
vn 0.7089 0.4880 -0.5091
vn -0.9325 0.3485 -0.0953
vn 0.8223 0.3876 0.4166
vn 0.5062 0.8555 -0.1090
vn -0.9715 0.2319 -0.0494
vn -0.8245 0.4775 -0.3035
vn -0.5080 0.7763 -0.3731
vn -0.4087 -0.0722 0.9098
vn 0.9308 -0.2856 0.2284
vn 0.9708 -0.1519 0.1858
vn -0.7512 0.4740 -0.4594
vn -0.5887 -0.5330 0.6077
vn 0.7961 -0.4116 0.4437
vn 0.9181 -0.3512 -0.1838
vn 0.4628 -0.8580 -0.2227
vn -0.0387 0.8107 -0.5841
vn 0.8151 0.4237 0.3950
vn -0.9164 0.0856 0.3911
vn 0.9192 -0.2368 -0.3146
vn 0.7830 0.6201 -0.0486
vn 0.9583 -0.0645 -0.2784
vn -0.8035 0.5462 -0.2366
vn -0.7038 0.6884 0.1755
vn -0.9205 0.1128 0.3741
vn -0.8815 0.4103 0.2338
vn 0.9270 0.2716 -0.2587
vn 0.8326 -0.3023 -0.4641
vn 0.7685 0.0546 0.6375
vn -0.7577 -0.4682 0.4547
vn -0.6832 0.7294 -0.0340
vn 0.8427 0.0498 0.5361
vn -0.0765 0.7606 0.6447
vn -0.2628 0.3589 0.8956
vn 0.0071 -0.9653 0.2612
vn -0.5086 -0.2647 0.8193
vn -0.7904 -0.0804 0.6073
vn 0.8603 0.0356 -0.5085
vn -0.8245 0.0377 0.5646
vn 0.8844 -0.2191 -0.4121
vn 0.8260 -0.3198 0.4642
vn -0.1133 -0.4094 0.9053
vn 0.9663 -0.2075 -0.1525
vn 0.9700 -0.2417 -0.0247
vn -0.6370 0.3868 0.6668
vn 0.8246 0.5169 0.2296
vn 0.4531 0.8828 0.1243
vn 0.7740 0.6152 -0.1496
vn -0.6258 0.6247 0.4670
vn -0.6380 -0.1113 0.7619
vn 0.8807 -0.4650 -0.0903
vn -0.5568 -0.1882 0.8091
vn 0.1795 -0.5888 0.7881
vn 0.3973 -0.4176 0.8171
vn 0.2263 -0.0946 0.9694
vn -0.4104 0.5402 0.7347
vn 0.1538 -0.0808 0.9848
vn 0.7887 -0.1999 0.5814
vt 0.319336 0.210796
vt 0.306836 0.209289
vt 0.316666 0.190229
vt 0.324837 0.188048
vt 0.313564 0.219931
vt 0.616506 0.970138
vt 0.611385 0.960774
vt 0.616842 0.947684
vt 0.325982 0.469150
vt 0.324837 0.445703
vt 0.334014 0.440491
vt 0.985463 0.409253
vt 0.985463 0.382963
vt 0.993969 0.399797
vt 0.993417 0.387504
vt 0.925083 0.501674
vt 0.933607 0.508402
vt 0.922841 0.505032
vt 0.947991 0.507093
vt 0.631738 0.969733
vt 0.296535 0.219067
vt 0.851693 0.884585
vt 0.854415 0.870466
vt 0.862236 0.881501
vt 0.346054 0.406050
vt 0.949375 0.497580
vt 0.627582 0.945281
vt 0.305171 0.158018
vt 0.910211 0.486797
vt 0.925525 0.489458
vt 0.291897 0.205975
vt 0.617458 0.934005
vt 0.299610 0.175577
vt 0.314281 0.132463
vt 0.906983 0.492242
vt 0.766575 0.731643
vt 0.772606 0.724742
vt 0.783648 0.729317
vt 0.757593 0.721994
vt 0.795785 0.218463
vt 0.783761 0.218463
vt 0.786064 0.204227
vt 0.980555 0.077692
vt 0.963596 0.068471
vt 0.980555 0.060647
vt 0.744366 0.715346
vt 0.745278 0.701795
vt 0.631738 0.923416
vt 0.865134 0.863448
vt 0.340546 0.396681
vt 0.422409 0.968753
vt 0.399333 0.945038
vt 0.419975 0.938626
vt 0.760396 0.703257
vt 0.289278 0.189626
vt 0.345248 0.430598
vt 0.302597 0.128576
vt 0.914013 0.470377
vt 0.297467 0.155765
vt 0.315887 0.119639
vt 0.400530 0.935803
vt 0.119795 0.782047
vt 0.138827 0.778553
vt 0.132601 0.787241
vt 0.965409 0.087298
vt 0.422409 0.922571
vt 0.282200 0.221293
vt 0.727779 0.700157
vt 0.352748 0.382435
vt 0.303084 0.107673
vt 0.323130 0.088800
vt 0.735210 0.687894
vt 0.860133 0.847679
vt 0.281879 0.160669
vt 0.295829 0.117525
vt 0.338719 0.381201
vt 0.355328 0.363739
vt 0.343599 0.348085
vt 0.779199 0.707695
vt 0.876710 0.849095
vt 0.369689 0.410626
vt 0.367946 0.402915
vt 0.130299 0.765703
vt 0.796453 0.869068
vt 0.783989 0.881302
vt 0.784300 0.858865
vt 0.366781 0.425489
vt 0.299573 0.075590
vt 0.154156 0.781712
vt 0.140383 0.790969
vt 0.749866 0.696321
vt 0.289268 0.125954
vt 0.966142 0.053540
vt 0.792957 0.894329
vt 0.767992 0.871289
vt 0.361565 0.345459
vt 0.900452 0.469669
vt 0.310428 0.071679
vt 0.753874 0.849183
vt 0.149175 0.554100
vt 0.167141 0.558686
vt 0.153977 0.572003
vt 0.372246 0.364919
vt 0.285696 0.109301
vt 0.153630 0.771338
vt 0.907169 0.448624
vt 0.919048 0.457873
vt 0.275841 0.144037
vt 0.182130 0.576303
vt 0.770663 0.678579
vt 0.922400 0.438377
vt 0.932995 0.447282
vt 0.379544 0.380677
vt 0.191856 0.570365
vt 0.745157 0.676684
vt 0.757496 0.869354
vt 0.869957 0.825688
vt 0.287434 0.083586
vt 0.281629 0.120093
vt 0.853518 0.819394
vt 0.739602 0.857825
vt 0.738655 0.842050
vt 0.274645 0.131859
vt 0.276477 0.095730
vt 0.371274 0.339154
vt 0.163730 0.543055
vt 0.949375 0.436869
vt 0.199717 0.558380
vt 0.147732 0.759085
vt 0.734164 0.663615
vt 0.395772 0.421407
vt 0.136460 0.548056
vt 0.145275 0.534519
vt 0.167622 0.770476
vt 0.176887 0.780145
vt 0.912421 0.434877
vt 0.783543 0.905367
vt 0.780366 0.888890
vt 0.787253 0.890007
vt 0.281249 0.065874
vt 0.782798 0.660625
vt 0.792064 0.679366
vt 0.926372 0.430653
vt 0.253715 0.118942
vt 0.135166 0.736510
vt 0.133007 0.527658
vt 0.182996 0.545721
vt 0.935696 0.424784
vt 0.750586 0.878529
vt 0.734522 0.851625
vt 0.727779 0.835876
vt 0.391535 0.345225
vt 0.189642 0.774066
vt 0.752664 0.637829
vt 0.268277 0.147308
vt 0.396577 0.364948
vt 0.261784 0.083729
vt 0.167479 0.517044
vt 0.167693 0.757603
vt 0.768238 0.885844
vt 0.739221 0.877960
vt 0.405981 0.408088
vt 0.252686 0.097177
vt 0.179688 0.529016
vt 0.772902 0.637851
vt 0.245739 0.147947
vt 0.306528 0.581274
vt 0.291266 0.573352
vt 0.308324 0.573344
vt 0.280919 0.573676
vt 0.280092 0.543892
vt 0.776480 0.904091
vt 0.383087 0.330599
vt 0.258801 0.073852
vt 0.135943 0.504374
vt 0.363414 0.982450
vt 0.356160 0.983951
vt 0.356160 0.978700
vt 0.262049 0.568515
vt 0.293871 0.559794
vt 0.294472 0.542662
vt 0.304327 0.546742
vt 0.742311 0.891837
vt 0.148463 0.505247
vt 0.427025 0.946730
vt 0.422409 0.933929
vt 0.428881 0.905541
vt 0.310913 0.560026
vt 0.894112 0.222651
vt 0.905181 0.235023
vt 0.894304 0.241518
vt 0.324181 0.580623
vt 0.422409 0.969186
vt 0.269454 0.544170
vt 0.313997 0.568810
vt 0.757376 0.895185
vt 0.362946 0.998066
vt 0.902057 0.069234
vt 0.891845 0.054817
vt 0.897760 0.038228
vt 0.893017 0.262381
vt 0.900891 0.264661
vt 0.277198 0.514764
vt 0.149312 0.737332
vt 0.183904 0.751442
vt 0.195922 0.768449
vt 0.735293 0.872890
vt 0.262282 0.163050
vt 0.251623 0.163081
vt 0.203746 0.538930
vt 0.259443 0.546429
vt 0.036529 0.997340
vt 0.044113 0.981327
vt 0.044113 0.997688
vt 0.900833 0.287154
vt 0.914642 0.199878
vt 0.906737 0.230065
vt 0.205871 0.929622
vt 0.210121 0.922253
vt 0.210121 0.941934
vt 0.412499 0.396690
vt 0.434471 0.960180
vt 0.921637 0.211847
vt 0.254379 0.060037
vt 0.148249 0.958888
vt 0.136796 0.944607
vt 0.143885 0.933856
vt 0.921564 0.229640
vt 0.297758 0.989593
vt 0.292568 0.975853
vt 0.302311 0.970298
vt 0.736690 0.886594
vt 0.753893 0.994881
vt 0.753893 0.985690
vt 0.757963 0.990442
vt 0.734507 0.881808
vt 0.228574 0.105712
vt 0.411473 0.330173
vt 0.911364 0.241411
vt 0.289149 0.970298
vt 0.124966 0.501763
vt 0.119795 0.940283
vt 0.130820 0.927953
vt 0.206273 0.903014
vt 0.206273 0.881633
vt 0.210290 0.884319
vt 0.260308 0.521946
vt 0.916628 0.264016
vt 0.300023 0.500745
vt 0.292613 0.502735
vt 0.296288 0.496013
vt 0.861171 0.783428
vt 0.233206 0.088198
vt 0.231608 0.078447
vt 0.216307 0.536336
vt 0.234655 0.065414
vt 0.895568 0.023368
vt 0.864428 -0.000000
vt 0.885212 0.002064
vt 0.876218 0.094860
vt 0.899524 0.111432
vt 0.275149 0.775382
vt 0.268439 0.779354
vt 0.261798 0.761398
vt 0.460969 0.994130
vt 0.466862 0.983400
vt 0.469920 0.994130
vt 0.414478 0.377197
vt 0.927468 0.201263
vt 0.286861 0.495234
vt 0.293673 0.483408
vt 0.170217 0.748410
vt 0.198407 0.738471
vt 0.195806 0.757802
vt 0.261946 0.169281
vt 0.253752 0.173001
vt 0.912139 0.293313
vt 0.923585 0.250888
vt 0.294399 0.508775
vt 0.284321 0.505734
vt 0.280900 0.781092
vt 0.269734 0.756554
vt 0.228669 0.124138
vt 0.423749 0.344803
vt 0.424161 0.364680
vt 0.185862 0.521741
vt 0.160970 0.500587
vt 0.241744 0.558872
vt 0.277707 0.489053
vt 0.301089 0.480620
vt 0.169517 0.728743
vt 0.101019 0.995659
vt 0.101019 0.984486
vt 0.108362 0.991741
vt 0.221606 0.179113
vt 0.226339 0.151939
vt 0.222608 0.091838
vt 0.240687 0.564676
vt 0.140855 0.908023
vt 0.899599 0.293778
vt 0.919787 0.278932
vt 0.981444 0.934493
vt 0.986517 0.940710
vt 0.981995 0.941280
vt 0.990608 0.948590
vt 0.988185 0.955923
vt 0.763904 0.900206
vt 0.752077 0.902357
vt 0.894915 0.031082
vt 0.860507 0.020802
vt 0.874772 0.047834
vt 0.927848 0.241392
vt 0.276687 0.496168
vt 0.765531 0.906522
vt 0.750057 0.918126
vt 0.248265 0.179824
vt 0.243834 0.178109
vt 0.746783 0.621850
vt 0.277384 0.756955
vt 0.284053 0.462604
vt 0.298772 0.477846
vt 0.297306 0.464498
vt 0.244944 0.044471
vt 0.262930 0.052152
vt 0.290404 0.775343
vt 0.130301 0.485553
vt 0.242928 0.537513
vt 0.930832 0.204665
vt 0.992082 0.960671
vt 0.992436 0.934493
vt 0.301987 0.478566
vt 0.306628 0.458440
vt 0.294542 0.450440
vt 0.129097 0.687079
vt 0.597204 0.836662
vt 0.597204 0.828308
vt 0.601556 0.833219
vt 0.205582 0.138602
vt 0.219383 0.075882
vt 0.157867 0.495761
vt 0.991237 0.569752
vt 0.997042 0.584222
vt 0.991237 0.592619
vt 0.900876 0.314730
vt 0.930978 0.243867
vt 0.274779 0.500618
vt 0.274542 0.475976
vt 0.267341 0.753163
vt 0.258120 0.735032
vt 0.274507 0.738520
vt 0.278938 0.453052
vt 0.980555 0.058613
vt 0.984317 0.068232
vt 0.981125 0.080399
vt 0.184241 0.718410
vt 0.739210 0.902423
vt 0.416539 0.423035
vt 0.197582 0.120186
vt 0.209650 0.102220
vt 0.172372 0.500295
vt 0.556213 0.984038
vt 0.562617 0.991850
vt 0.556213 0.998165
vt 0.467172 0.930135
vt 0.460210 0.915481
vt 0.474438 0.909705
vt 0.938860 0.262229
vt 0.300138 0.448937
vt 0.315878 0.432625
vt 0.309450 0.458832
vt 0.304207 0.417873
vt 0.314227 0.405686
vt 0.842500 0.801224
vt 0.205753 0.517463
vt 0.975231 0.288825
vt 0.981420 0.281296
vt 0.977985 0.307573
vt 0.969696 0.300100
vt 0.935883 0.247444
vt 0.259338 0.498802
vt 0.988471 0.091981
vt 0.988471 0.053540
vt 0.206441 0.264595
vt 0.230832 0.266682
vt 0.223718 0.282373
vt 0.122844 0.716963
vt 0.733100 0.916030
vt 0.221926 0.055235
vt 0.245488 0.033875
vt 0.259496 0.030949
vt 0.263311 0.040728
vt 0.232118 0.034485
vt 0.241420 0.011845
vt 0.254523 0.038944
vt 0.296022 0.769532
vt 0.264418 0.494365
vt 0.264707 0.727268
vt 0.288442 0.442904
vt 0.324181 0.413106
vt 0.297753 0.400127
vt 0.402593 0.557043
vt 0.402089 0.539529
vt 0.413328 0.552299
vt 0.428742 0.412546
vt 0.235819 0.036231
vt 0.229360 0.035540
vt 0.975949 0.281662
vt 0.151078 0.489543
vt 0.174312 0.496396
vt 0.224131 0.016065
vt 0.920066 0.316521
vt 0.291401 0.749778
vt 0.204821 0.285623
vt 0.222541 0.244363
vt 0.926556 0.970763
vt 0.914208 0.959371
vt 0.935497 0.962396
vt 0.433523 0.775674
vt 0.436009 0.783801
vt 0.433523 0.788184
vt 0.211136 0.171699
vt 0.207449 0.088729
vt 0.240612 0.868669
vt 0.238389 0.865709
vt 0.240612 0.862040
vt 0.254065 0.021170
vt 0.149221 0.480846
vt 0.176992 0.492024
vt 0.021575 0.987580
vt 0.026533 0.985578
vt 0.026533 0.996699
vt 0.927234 0.300714
vt 0.458041 0.888104
vt 0.324837 0.743733
vt 0.319412 0.727793
vt 0.324837 0.721331
vt 0.275447 0.441105
vt 0.246248 0.709427
vt 0.259796 0.709453
vt 0.985748 0.341286
vt 0.976029 0.352712
vt 0.986604 0.330173
vt 0.220435 0.519219
vt 0.184979 0.500676
vt 0.505361 0.980883
vt 0.507382 0.971909
vt 0.509696 0.981291
vt 0.115875 0.914656
vt 0.119763 0.916219
vt 0.115875 0.924107
vt 0.239048 0.859201
vt 0.169509 0.485513
vt 0.244632 0.021779
vt 0.228272 0.005380
vt 0.846045 0.046508
vt 0.295297 0.774474
vt 0.301498 0.771997
vt 0.309422 0.764252
vt 0.319439 0.711243
vt 0.282070 0.414972
vt 0.212146 0.297510
vt 0.409228 0.525709
vt 0.228488 0.195752
vt 0.428359 0.394112
vt 0.208685 0.060266
vt 0.856753 0.515745
vt 0.872080 0.519506
vt 0.860687 0.523680
vt 0.700398 0.987016
vt 0.704486 0.984042
vt 0.704486 0.994126
vt 0.667103 0.329705
vt 0.664824 0.329749
vt 0.664824 0.322011
vt 0.517288 0.982933
vt 0.119683 0.906690
vt 0.505361 0.962014
vt 0.517787 0.959765
vt 0.997803 0.576462
vt 0.124335 0.910699
vt 0.256604 0.490428
vt 0.261674 0.473633
vt 0.264967 0.717126
vt 0.928733 0.855917
vt 0.910248 0.871457
vt 0.905463 0.849292
vt 0.412862 0.573603
vt 0.323116 0.856579
vt 0.320996 0.843624
vt 0.324488 0.851965
vt 0.213469 0.041766
vt 0.974459 0.274361
vt 0.978373 0.264516
vt 0.522939 0.964670
vt 0.474438 0.950712
vt 0.458921 0.946658
vt 0.240687 0.685917
vt 0.900452 0.347755
vt 0.913521 0.362240
vt 0.905878 0.372878
vt 0.193285 0.274646
vt 0.191582 0.249445
vt 0.935497 0.941941
vt 0.144702 0.677789
vt 0.767156 0.597498
vt 0.753662 0.596325
vt 0.940510 0.871457
vt 0.928733 0.859667
vt 0.940510 0.858689
vt 0.198328 0.153482
vt 0.184690 0.112337
vt 0.214833 0.032621
vt 0.337165 0.971001
vt 0.341561 0.982541
vt 0.332596 0.984916
vt 0.163953 0.479127
vt 0.855291 0.999779
vt 0.848518 0.997065
vt 0.855145 0.993626
vt 0.780957 0.606244
vt 0.324488 0.840096
vt 0.864806 0.756741
vt 0.874240 0.797306
vt 0.861339 0.534900
vt 0.871269 0.542783
vt 0.135482 0.474985
vt 0.634697 0.824109
vt 0.634984 0.833585
vt 0.630786 0.819237
vt 0.471864 0.956519
vt 0.138219 0.895272
vt 0.924654 0.843272
vt 0.300944 0.386159
vt 0.939744 0.365726
vt 0.931265 0.356548
vt 0.932308 0.343750
vt 0.949466 0.345062
vt 0.933512 0.337622
vt 0.945714 0.335906
vt 0.904511 0.345284
vt 0.408882 0.492831
vt 0.412638 0.473718
vt 0.416262 0.491158
vt 0.192891 0.721249
vt 0.224624 0.216512
vt 0.227130 0.198635
vt 0.235173 0.201514
vt 0.981320 0.360136
vt 0.214395 0.193015
vt 0.985709 0.356492
vt 0.829815 0.798494
vt 0.848025 0.775544
vt 0.221989 0.034244
vt 0.190911 0.491051
vt 0.324837 0.981933
vt 0.133085 0.462889
vt 0.847307 0.008235
vt 0.265956 0.695420
vt 0.426397 0.550868
vt 0.422479 0.570138
vt 0.911411 0.330173
vt 0.206693 0.219527
vt 0.216335 0.196717
vt 0.735447 0.927584
vt 0.631180 0.697452
vt 0.625727 0.682753
vt 0.630984 0.686787
vt 0.881348 0.474855
vt 0.882354 0.454587
vt 0.893017 0.471119
vt 0.170643 0.098660
vt 0.190302 0.076231
vt 0.427250 0.331489
vt 0.971764 0.263579
vt 0.205178 0.027944
vt 0.522450 0.979795
vt 0.324837 0.960894
vt 0.937836 0.313773
vt 0.942480 0.288245
vt 0.999580 0.547454
vt 0.993736 0.559095
vt 0.993736 0.539261
vt 0.282568 0.700435
vt 0.855291 0.982761
vt 0.262072 0.676010
vt 0.289556 0.389683
vt 0.889939 0.863341
vt 0.917006 0.378477
vt 0.188547 0.228314
vt 0.913767 0.941296
vt 0.215858 0.222968
vt 0.119795 0.662131
vt 0.181301 0.706590
vt 0.625405 0.669214
vt 0.629189 0.667968
vt 0.321012 0.835167
vt 0.951434 0.871457
vt 0.942068 0.858524
vt 0.706892 0.910841
vt 0.717791 0.902057
vt 0.717791 0.922036
vt 0.876089 0.506800
vt 0.873978 0.491460
vt 0.881913 0.494764
vt 0.970134 0.634402
vt 0.974109 0.621509
vt 0.974109 0.640961
vt 0.876710 0.998287
vt 0.878886 0.991562
vt 0.884174 0.988086
vt 0.161161 0.469892
vt 0.845600 0.023997
vt 0.863623 0.134174
vt 0.453597 0.955819
vt 0.852017 0.091661
vt 0.941708 0.274016
vt 0.943685 0.251203
vt 0.445927 0.896746
vt 0.263943 0.708081
vt 0.959508 0.363044
vt 0.866496 0.313396
vt 0.861588 0.324972
vt 0.852203 0.319435
vt 0.844850 0.327360
vt 0.823665 0.309509
vt 0.829554 0.302722
vt 0.435657 0.523193
vt 0.200370 0.222777
vt 0.228458 0.228119
vt 0.420749 0.499762
vt 0.422529 0.470232
vt 0.195084 0.206391
vt 0.203749 0.194665
vt 0.638917 0.698755
vt 0.728455 0.924385
vt 0.890138 0.514390
vt 0.896994 0.502261
vt 0.437484 0.373502
vt 0.963773 0.329029
vt 0.949441 0.309109
vt 0.963773 0.309059
vt 0.194193 0.050627
vt 0.142043 0.452178
vt 0.928631 0.327360
vt 0.448594 0.918759
vt 0.949442 0.249814
vt 0.318841 0.769454
vt 0.262765 0.452477
vt 0.272920 0.399800
vt 0.241806 0.669336
vt 0.324221 0.617670
vt 0.320380 0.632791
vt 0.320348 0.615154
vt 0.732870 0.930156
vt 0.627499 0.655362
vt 0.198851 0.189687
vt 0.203991 0.032318
vt 0.211635 0.030689
vt 0.191381 0.484492
vt 0.849230 0.032550
vt 0.883074 0.133506
vt 0.450189 0.935085
vt 0.443088 0.894244
vt 0.456891 0.882218
vt 0.251179 0.502530
vt 0.822740 0.321046
vt 0.244285 0.831805
vt 0.241658 0.809535
vt 0.251679 0.827960
vt 0.240687 0.781097
vt 0.258024 0.796532
vt 0.184679 0.247453
vt 0.427697 0.491304
vt 0.640848 0.706516
vt 0.182715 0.128528
vt 0.199115 0.497568
vt 0.879597 0.554086
vt 0.884390 0.529905
vt 0.185873 0.477504
vt 0.879827 0.305793
vt 0.192136 0.299170
vt 0.259610 0.781092
vt 0.180488 0.273538
vt 0.438618 0.510124
vt 0.194955 0.717648
vt 0.192902 0.710395
vt 0.820680 0.793974
vt 0.163261 0.089348
vt 0.215798 0.502760
vt 0.201162 0.030919
vt 0.969696 0.254160
vt 0.183292 0.470315
vt 0.266364 0.420681
vt 0.880546 0.318577
vt 0.114653 0.786391
vt 0.103242 0.798077
vt 0.108361 0.769788
vt 0.182741 0.284233
vt 0.429352 0.468926
vt 0.645997 0.706194
vt 0.986604 0.365812
vt 0.727779 0.931140
vt 0.189198 0.176232
vt 0.420500 0.433163
vt 0.426990 0.417568
vt 0.433162 0.433299
vt 0.893400 0.528629
vt 0.897746 0.546823
vt 0.876710 0.977876
vt 0.120705 0.450808
vt 0.128628 0.439236
vt 0.632538 0.794187
vt 0.566705 0.653810
vt 0.572641 0.662660
vt 0.563039 0.668783
vt 0.259316 0.439382
vt 0.885494 0.848703
vt 0.859861 0.298610
vt 0.839275 0.290018
vt 0.159829 0.250416
vt 0.163658 0.682842
vt 0.187346 0.701036
vt 0.633239 0.651557
vt 0.322588 0.831366
vt 0.169607 0.991085
vt 0.158560 0.992623
vt 0.169607 0.980179
vt 0.160898 0.978000
vt 0.896994 0.484173
vt 0.861212 0.551292
vt 0.188470 0.028159
vt 0.201675 0.000000
vt 0.399333 0.991618
vt 0.399333 0.968753
vt 0.409343 0.974050
vt 0.444661 0.945532
vt 0.439475 0.926791
vt 0.022273 0.803228
vt 0.021550 0.791579
vt 0.035120 0.795852
vt 0.026309 0.775180
vt 0.044925 0.781327
vt 0.258158 0.647668
vt 0.268959 0.390587
vt 0.299012 0.372790
vt 0.154538 0.268570
vt 0.181087 0.224119
vt 0.840960 0.767809
vt 0.164707 0.071110
vt 0.120158 0.439838
vt 0.411408 0.981399
vt 0.148249 0.889482
vt 0.441197 0.956294
vt 0.440096 0.935216
vt 0.576446 0.678857
vt 0.256699 0.446696
vt 0.907003 0.831491
vt 0.955455 0.383789
vt 0.929391 0.398650
vt 0.159128 0.283786
vt 0.187699 0.224767
vt 0.318841 0.602984
vt 0.439334 0.492783
vt 0.524297 0.961255
vt 0.532061 0.959765
vt 0.529666 0.970886
vt 0.628226 0.792830
vt 0.893017 0.295319
vt 0.818070 0.294786
vt 0.256342 0.843035
vt 0.324221 0.591083
vt 0.439038 0.487891
vt 0.194083 0.705845
vt 0.524297 0.985048
vt 0.531526 0.985667
vt 0.429448 0.386971
vt 0.449351 0.387955
vt 0.430467 0.398651
vt 0.160851 0.106192
vt 0.213630 0.483980
vt 0.207368 0.477231
vt 0.949442 0.277692
vt 0.436018 0.909102
vt 0.311195 0.741060
vt 0.052234 0.761832
vt 0.036828 0.759442
vt 0.919198 0.825035
vt 0.171010 0.287206
vt 0.447511 0.469394
vt 0.953555 0.854021
vt 0.957464 0.857276
vt 0.941583 0.857728
vt 0.634985 0.628174
vt 0.539143 0.966871
vt 0.848922 0.758530
vt 0.172724 0.169783
vt 0.446228 0.409718
vt 0.207681 0.494737
vt 0.890134 0.561772
vt 0.841824 0.039339
vt 0.949012 0.259114
vt 0.469920 0.988896
vt 0.469920 0.972924
vt 0.474315 0.974502
vt 0.010204 0.797084
vt 0.246736 0.648443
vt 0.278560 0.373383
vt 0.895321 0.834127
vt 0.875229 0.293386
vt 0.094166 0.777704
vt 0.145818 0.260537
vt 0.173589 0.205945
vt 0.928733 0.847632
vt 0.718290 0.922069
vt 0.712875 0.932730
vt 0.703866 0.928982
vt 0.182383 0.187536
vt 0.234927 0.697934
vt 0.232711 0.668374
vt 0.240687 0.684070
vt 0.704593 0.982855
vt 0.708643 0.963260
vt 0.723037 0.982122
vt 0.186642 0.033126
vt 0.433523 0.761134
vt 0.433523 0.745774
vt 0.435765 0.757951
vt 0.618585 0.631917
vt 0.613257 0.610582
vt 0.623312 0.619267
vt 0.575076 0.647958
vt 0.806739 0.976137
vt 0.796453 0.985500
vt 0.796453 0.963294
vt 0.706908 0.306704
vt 0.712527 0.315715
vt 0.706908 0.327476
vt 0.926705 0.810232
vt 0.831640 0.414155
vt 0.834558 0.434795
vt 0.817769 0.459914
vt 0.849166 0.275697
vt 0.266831 0.816014
vt 0.453314 0.511558
vt 0.168595 0.228474
vt 0.320070 0.591601
vt 0.168939 0.210807
vt 0.130364 0.650593
vt 0.001360 0.947237
vt 0.000000 0.936823
vt 0.006207 0.948714
vt 0.638422 0.635523
vt 0.224209 0.675847
vt 0.147079 0.958888
vt 0.147205 0.976344
vt 0.136404 0.962233
vt 0.167401 0.972546
vt 0.163793 0.137387
vt 0.873284 0.561098
vt 0.862139 0.561221
vt 0.178879 0.027006
vt 0.603276 0.614644
vt 0.600655 0.646107
vt 0.595499 0.611469
vt 0.586863 0.626581
vt 0.578388 0.612831
vt 0.541466 0.657546
vt 0.569902 0.648893
vt 0.872461 0.276951
vt 0.177959 0.225869
vt 0.155796 0.228853
vt 0.321523 0.581274
vt 0.433350 0.466146
vt 0.158608 0.116500
vt 0.446289 0.351045
vt 0.175451 0.042519
vt 0.136941 0.431950
vt 0.215257 0.469448
vt 0.146476 0.444900
vt 0.154438 0.448836
vt 0.164817 0.451892
vt 0.567300 0.884162
vt 0.579803 0.886487
vt 0.565519 0.910853
vt 0.125902 0.835929
vt 0.119795 0.830976
vt 0.131438 0.818172
vt 0.584471 0.692048
vt 0.601520 0.699656
vt 0.593323 0.717565
vt 0.811062 0.987745
vt 0.019348 0.780645
vt 0.048239 0.755111
vt 0.051663 0.748065
vt 0.051719 0.723316
vt 0.065458 0.733221
vt 0.290294 0.681170
vt 0.910450 0.817208
vt 0.907645 0.400247
vt 0.277279 0.805709
vt 0.015881 0.935395
vt 0.017931 0.948711
vt 0.193669 0.694778
vt 0.759547 0.587054
vt 0.570506 0.913085
vt 0.576340 0.854365
vt 0.609258 0.649021
vt 0.607735 0.732619
vt 0.614721 0.714949
vt 0.573628 0.641922
vt 0.256047 0.642494
vt 0.250546 0.634669
vt 0.179006 0.948685
vt 0.187419 0.960372
vt 0.182360 0.962930
vt 0.270184 0.841300
vt 0.450563 0.502797
vt 0.147444 0.663123
vt 0.865460 0.741501
vt 0.876710 0.745523
vt 0.723037 0.958835
vt 0.995178 0.156113
vt 0.995178 0.182937
vt 0.988617 0.175333
vt 0.122370 0.858389
vt 0.127758 0.856747
vt 0.545261 0.892527
vt 0.845809 0.095796
vt 0.852588 0.124644
vt 0.584549 0.679987
vt 0.597625 0.689117
vt 0.586551 0.649986
vt 0.578402 0.638399
vt 0.892930 0.290961
vt 0.819760 0.390352
vt 0.830586 0.377170
vt 0.690397 0.945025
vt 0.185020 0.685978
vt 0.136404 0.988502
vt 0.335950 0.928620
vt 0.336281 0.908122
vt 0.353388 0.929072
vt 0.618102 0.727330
vt 0.588830 0.637280
vt 0.533202 0.644717
vt 0.302121 0.698599
vt 0.274806 0.652160
vt 0.266186 0.636783
vt 0.876711 0.829947
vt 0.885912 0.828262
vt 0.903116 0.815845
vt 0.827719 0.277317
vt 0.278926 0.787797
vt 0.161073 0.209008
vt 0.176959 0.190372
vt 0.645997 0.610582
vt 0.238147 0.656478
vt 0.220460 0.649297
vt 0.152365 0.132807
vt 0.432743 0.821107
vt 0.425029 0.825831
vt 0.418400 0.816221
vt 0.210369 0.461788
vt 0.549329 0.909068
vt 0.136709 0.836995
vt 0.546313 0.879213
vt 0.564836 0.854283
vt 0.841824 0.083069
vt 0.593595 0.658672
vt 0.574001 0.624302
vt 0.552487 0.625922
vt 0.075909 0.713917
vt 0.888546 0.283136
vt 0.884154 0.275775
vt 0.139573 0.231957
vt 0.686607 0.938400
vt 0.688808 0.926082
vt 0.441051 0.454772
vt 0.456953 0.466147
vt 0.788431 0.983320
vt 0.796198 0.987938
vt 0.794250 0.995749
vt 0.796198 0.980067
vt 0.791848 0.974872
vt 0.147123 0.108039
vt 0.119795 0.429045
vt 0.175417 0.453127
vt 0.360855 0.914738
vt 0.025614 0.753426
vt 0.247223 0.620839
vt 0.922523 0.803059
vt 0.814292 0.436534
vt 0.854675 0.212094
vt 0.841824 0.212094
vt 0.854468 0.197263
vt 0.104412 0.743676
vt 0.114653 0.722818
vt 0.103317 0.723072
vt 0.147053 0.226008
vt 0.320996 0.879034
vt 0.320996 0.856579
vt 0.324789 0.866410
vt 0.786725 0.587739
vt 0.774425 0.584450
vt 0.146064 0.082004
vt 0.222486 0.481437
vt 0.872318 0.578783
vt 0.172914 0.031574
vt 0.231460 0.462889
vt 0.135508 0.859817
vt 0.149238 0.812430
vt 0.624050 0.713621
vt 0.000235 0.800497
vt 0.002768 0.786356
vt 0.055736 0.707610
vt 0.073125 0.703279
vt 0.268386 0.641514
vt 0.354454 0.988543
vt 0.341561 0.977342
vt 0.354454 0.960894
vt 0.184015 0.971263
vt 0.198614 0.958378
vt 0.911566 0.809988
vt 0.544813 0.997655
vt 0.539143 0.991961
vt 0.544813 0.985241
vt 0.130042 0.285922
vt 0.508163 0.958047
vt 0.508825 0.945394
vt 0.526753 0.949811
vt 0.872530 0.978408
vt 0.872530 0.961864
vt 0.876505 0.971547
vt 0.155777 0.204456
vt 0.443807 0.438659
vt 0.461086 0.436908
vt 0.444250 0.445832
vt 0.451580 0.433706
vt 0.146300 0.061168
vt 0.228591 0.510318
vt 0.231515 0.492276
vt 0.862180 0.587040
vt 0.545079 0.862587
vt 0.625405 0.671208
vt 0.562954 0.617214
vt 0.027709 0.759917
vt 0.505361 0.662592
vt 0.512317 0.644008
vt 0.025724 0.739979
vt 0.179006 0.977794
vt 0.200025 0.970593
vt 0.264654 0.612881
vt 0.915015 0.804859
vt 0.806971 0.456407
vt 0.086500 0.750525
vt 0.151833 0.214233
vt 0.532148 0.959765
vt 0.466790 0.487102
vt 0.157047 0.184281
vt 0.121490 0.643146
vt 0.209018 0.659492
vt 0.873638 0.731643
vt 0.158388 0.049224
vt 0.615718 0.677138
vt 0.020505 0.753663
vt 0.673280 0.326172
vt 0.667823 0.330153
vt 0.667823 0.321734
vt 0.250806 0.857974
vt 0.265473 0.860838
vt 0.255106 0.879090
vt 0.147264 0.295359
vt 0.701804 0.950515
vt 0.007707 0.913948
vt 0.238704 0.645980
vt 0.467166 0.412668
vt 0.387135 0.968023
vt 0.389563 0.942894
vt 0.398497 0.951166
vt 0.474239 0.369393
vt 0.889368 0.572449
vt 0.320996 0.772911
vt 0.324837 0.783332
vt 0.320996 0.803126
vt 0.183110 0.000714
vt 0.131261 0.422017
vt 0.634984 0.781738
vt 0.141498 0.860581
vt 0.141922 0.797154
vt 0.347325 0.895487
vt 0.843094 0.108352
vt 0.029677 0.734541
vt 0.301530 0.668645
vt 0.891285 0.278617
vt 0.891611 0.274199
vt 0.920912 0.793991
vt 0.928193 0.801491
vt 0.290045 0.798693
vt 0.139478 0.217479
vt 0.149778 0.208770
vt 0.687955 0.958835
vt 0.935193 0.824241
vt 0.155660 0.168187
vt 0.855763 0.736448
vt 0.398097 0.937867
vt 0.900452 0.563710
vt 0.909178 0.572922
vt 0.632555 0.775704
vt 0.150096 0.833413
vt 0.539073 0.890335
vt 0.530525 0.877459
vt 0.546245 0.845296
vt 0.324837 0.899256
vt 0.328854 0.883719
vt 0.608267 0.694785
vt 0.057819 0.679617
vt 0.075909 0.681869
vt 0.887282 0.265471
vt 0.134748 0.228935
vt 0.467897 0.493716
vt 0.145910 0.204349
vt 0.327740 0.827011
vt 0.334460 0.817693
vt 0.342221 0.825735
vt 0.435993 0.808642
vt 0.425820 0.808993
vt 0.533783 0.913085
vt 0.431767 0.806107
vt 0.417354 0.806107
vt 0.533193 0.902051
vt 0.536061 0.898919
vt 0.527321 0.900971
vt 0.557164 0.838207
vt 0.623554 0.694838
vt 0.928733 0.783508
vt 0.851727 0.261740
vt 0.270944 0.887077
vt 0.116648 0.259263
vt 0.142770 0.207171
vt 0.116020 0.952063
vt 0.119763 0.942943
vt 0.119763 0.954408
vt 0.129807 0.644096
vt 0.221455 0.632627
vt 0.756377 0.581456
vt 0.738489 0.568247
vt 0.763867 0.573337
vt 0.324837 0.811800
vt 0.123980 0.414588
vt 0.143748 0.867596
vt 0.539143 0.952616
vt 0.548047 0.957714
vt 0.539143 0.985241
vt 0.133418 0.297953
vt 0.116257 0.269902
vt 0.285905 0.819981
vt 0.505361 0.933352
vt 0.524265 0.938557
vt 0.130619 0.219123
vt 0.135991 0.200902
vt 0.145184 0.199357
vt 0.707675 0.958835
vt 0.114653 0.858038
vt 0.119605 0.856436
vt 0.119605 0.866432
vt 0.955807 0.843844
vt 0.000000 0.905787
vt 0.374852 0.966868
vt 0.727779 0.565144
vt 0.732277 0.555132
vt 0.388144 0.929072
vt 0.121445 0.084844
vt 0.150272 0.051605
vt 0.161618 0.041251
vt 0.240580 0.829413
vt 0.237646 0.821049
vt 0.240580 0.815728
vt 0.915945 0.199506
vt 0.911472 0.187696
vt 0.921094 0.187696
vt 0.069596 0.658393
vt 0.065274 0.657582
vt 0.798305 0.399355
vt 0.838769 0.259634
vt 0.141170 0.194837
vt 0.034792 0.934016
vt 0.147597 0.182847
vt 0.148224 0.645236
vt 0.781959 0.576974
vt 0.749867 0.559074
vt 0.129531 0.122559
vt 0.374852 0.940450
vt 0.460521 0.348487
vt 0.482580 0.357998
vt 0.152464 0.038778
vt 0.223268 0.454619
vt 0.001501 0.770549
vt 0.998259 0.788695
vt 0.991509 0.775355
vt 0.998259 0.767528
vt 0.050424 0.695530
vt 0.283022 0.641122
vt 0.534744 0.991404
vt 0.539143 0.985667
vt 0.539143 0.996088
vt 0.133713 0.324708
vt 0.121876 0.308395
vt 0.900452 0.424784
vt 0.711502 0.283309
vt 0.706908 0.267109
vt 0.119529 0.289255
vt 0.128011 0.235493
vt 0.299556 0.793087
vt 0.120807 0.219682
vt 0.133299 0.130664
vt 0.477611 0.391631
vt 0.130878 0.070041
vt 0.131596 0.066716
vt 0.134122 0.052387
vt 0.154966 0.863163
vt 0.525317 0.627722
vt 0.923192 0.784770
vt 0.115654 0.325946
vt 0.075909 0.762570
vt 0.115313 0.298499
vt 0.187908 0.992563
vt 0.179006 0.995757
vt 0.179006 0.977793
vt 0.286986 0.859658
vt 0.289328 0.840587
vt 0.474053 0.507258
vt 0.999911 0.411707
vt 0.994179 0.410543
vt 0.993969 0.401072
vt 0.474445 0.996331
vt 0.474438 0.986924
vt 0.482517 0.992179
vt 0.214976 0.635925
vt 0.129523 0.067552
vt 0.126875 0.053150
vt 0.136917 0.062113
vt 0.443421 0.990890
vt 0.449726 0.983867
vt 0.449726 0.996289
vt 0.324789 0.879034
vt 0.324789 0.893474
vt 0.320936 0.889073
vt 0.737760 0.995230
vt 0.737760 0.981683
vt 0.745711 0.994965
vt 0.136670 0.055515
vt 0.149840 0.873264
vt 0.528658 0.905020
vt 0.834690 0.980640
vt 0.843447 0.973970
vt 0.843447 0.994677
vt 0.528546 0.868558
vt 0.158668 0.791294
vt 0.273113 0.633364
vt 0.796310 0.371472
vt 0.882837 0.717650
vt 0.858078 0.723970
vt 0.856753 0.703212
vt 0.115720 0.236508
vt 0.296813 0.815295
vt 0.508187 0.920710
vt 0.519657 0.927776
vt 0.470602 0.468746
vt 0.957464 0.814160
vt 0.122332 0.632996
vt 0.136211 0.632444
vt 0.202917 0.642703
vt 0.579803 0.972218
vt 0.589705 0.967723
vt 0.586514 0.983629
vt 0.446252 0.998376
vt 0.141491 0.040795
vt 0.328014 0.812861
vt 0.326595 0.802129
vt 0.340989 0.792456
vt 0.350414 0.809796
vt 0.349723 0.816083
vt 0.899265 0.581716
vt 0.812865 0.835876
vt 0.796350 0.802897
vt 0.809986 0.806091
vt 0.513885 0.887625
vt 0.340768 0.869488
vt 0.552357 0.616794
vt 0.536867 0.615835
vt 0.796475 0.355021
vt 0.826560 0.986047
vt 0.822974 0.973970
vt 0.830757 0.982002
vt 0.103829 0.281094
vt 0.294154 0.807233
vt 0.036529 0.921587
vt 0.145684 0.166679
vt 0.772377 0.552524
vt 0.229528 0.625295
vt 0.597111 0.978300
vt 0.113581 0.071903
vt 0.745372 0.986970
vt 0.747509 0.991793
vt 0.883218 0.581123
vt 0.886727 0.577164
vt 0.896811 0.582412
vt 0.164203 0.862876
vt 0.007308 0.754704
vt 0.802360 0.454352
vt 0.786585 0.432195
vt 0.887007 0.256845
vt 0.119633 0.337881
vt 0.097691 0.320661
vt 0.841202 0.252472
vt 0.104756 0.272675
vt 0.482517 0.977932
vt 0.115023 0.846551
vt 0.977505 0.751127
vt 0.985684 0.757047
vt 0.976431 0.767528
vt 0.875237 0.590106
vt 0.133002 0.031627
vt 0.131568 0.048614
vt 0.995833 0.988170
vt 0.992723 0.999343
vt 0.992723 0.980299
vt 0.556213 0.968094
vt 0.525708 0.853047
vt 0.865459 0.697235
vt 0.834690 0.976652
vt 0.118924 0.233997
vt 0.999882 0.337108
vt 0.994168 0.346970
vt 0.994168 0.330173
vt 0.777403 0.963897
vt 0.749630 0.963620
vt 0.768453 0.947713
vt 0.989140 0.053515
vt 0.978767 0.044476
vt 0.990543 0.048541
vt 0.142673 0.031346
vt 0.882145 0.586642
vt 0.332197 0.791515
vt 0.156709 0.026423
vt 0.171197 0.790969
vt 0.009026 0.745053
vt 0.308692 0.689238
vt 0.805793 0.347155
vt 0.283372 0.879950
vt 0.993969 0.418776
vt 0.475956 0.979384
vt 0.132589 0.192271
vt 0.938336 0.817171
vt 0.953084 0.810426
vt 0.021994 0.910039
vt 0.472969 0.443440
vt 0.746940 0.553003
vt 0.481796 0.379882
vt 0.744174 0.972969
vt 0.977435 0.052771
vt 0.160108 0.031453
vt 0.998876 0.995025
vt 0.168759 0.809927
vt 0.175011 0.839200
vt 0.376228 0.906031
vt 0.529089 0.612660
vt 0.306451 0.662911
vt 0.289826 0.632776
vt 0.053717 0.659749
vt 0.096540 0.345716
vt 0.081093 0.314739
vt 0.834690 0.989334
vt 0.080741 0.302866
vt 0.532904 0.942768
vt 0.201764 0.774716
vt 0.198562 0.786492
vt 0.198562 0.768384
vt 0.131576 0.614377
vt 0.625505 0.722141
vt 0.640820 0.706516
vt 0.640612 0.722141
vt 0.930322 0.637211
vt 0.943543 0.636049
vt 0.942311 0.642240
vt 0.108295 0.065680
vt 0.116089 0.031813
vt 0.116533 0.050992
vt 0.725728 0.936291
vt 0.727562 0.948922
vt 0.719835 0.928451
vt 0.282198 0.601312
vt 0.089464 0.336910
vt 0.850582 0.246414
vt 0.275230 0.893821
vt 0.297692 0.855631
vt 0.480434 0.493730
vt 0.133199 0.181270
vt 0.754960 0.943761
vt 0.555803 0.945314
vt 0.562429 0.946563
vt 0.558789 0.952616
vt 0.475103 0.410048
vt 0.994073 0.212781
vt 0.999727 0.199878
vt 0.999727 0.217223
vt 0.940405 0.634569
vt 0.929591 0.631569
vt 0.326048 0.779511
vt 0.977435 0.035288
vt 0.116279 0.942943
vt 0.116279 0.924107
vt 0.119763 0.932464
vt 0.190377 0.446065
vt 0.195119 0.440704
vt 0.199464 0.447502
vt 0.513201 0.898258
vt 0.028935 0.710683
vt 0.029135 0.701586
vt 0.299584 0.641714
vt 0.919781 0.772651
vt 0.309475 0.799153
vt 0.537498 0.931449
vt 0.273177 0.997581
vt 0.265638 0.984630
vt 0.273040 0.987921
vt 0.964078 0.197818
vt 0.964006 0.184267
vt 0.975863 0.197776
vt 0.752291 0.552342
vt 0.929634 0.625876
vt 0.891193 0.596495
vt 0.890545 0.584541
vt 0.900567 0.585280
vt 0.907609 0.591210
vt 0.155447 0.878876
vt 0.532142 0.836672
vt 0.371547 0.889610
vt 0.011052 0.731744
vt 0.024571 0.714419
vt 0.879404 0.197263
vt 0.883862 0.184067
vt 0.891757 0.193716
vt 0.922665 0.759930
vt 0.927247 0.763106
vt 0.892093 0.243107
vt 0.892750 0.695028
vt 0.094612 0.271879
vt 0.856465 0.719716
vt 0.851043 0.727086
vt 0.850112 0.715186
vt 0.517083 0.918423
vt 0.530983 0.925606
vt 0.273177 0.981061
vt 0.975217 0.402104
vt 0.964454 0.408023
vt 0.977687 0.387681
vt 0.959508 0.387681
vt 0.134002 0.185685
vt 0.585002 0.955456
vt 0.939913 0.625876
vt 0.345337 0.780294
vt 0.166946 0.866376
vt 0.724709 0.925080
vt 0.900361 0.715727
vt 0.099465 0.250658
vt 0.124603 0.198528
vt 0.475979 0.467097
vt 0.008033 0.903419
vt 0.217752 0.620664
vt 0.976317 0.162917
vt 0.749630 0.931140
vt 0.998238 0.460533
vt 0.992181 0.469811
vt 0.992181 0.448293
vt 0.791674 0.830858
vt 0.215737 0.430509
vt 0.820680 0.785302
vt 0.799310 0.784471
vt 0.814805 0.774623
vt 0.324837 0.862145
vt 0.518261 0.610582
vt 0.317344 0.836783
vt 0.485531 0.509535
vt 0.539143 0.938846
vt 0.128813 0.182832
vt 0.992866 0.235857
vt 0.994220 0.251263
vt 0.988171 0.241691
vt 0.133469 0.162867
vt 0.896994 0.504307
vt 0.900167 0.511742
vt 0.896994 0.514390
vt 0.790408 0.558051
vt 0.767205 0.544422
vt 0.487659 0.427850
vt 0.634984 0.989068
vt 0.639973 0.973557
vt 0.648797 0.989068
vt 0.117077 0.694301
vt 0.117077 0.678632
vt 0.119771 0.686617
vt 0.749630 0.985690
vt 0.753892 0.993520
vt 0.749630 0.995998
vt 0.095238 0.017950
vt 0.356605 0.813376
vt 0.806313 0.795796
vt 0.656719 0.697003
vt 0.646128 0.685110
vt 0.650296 0.670035
vt 0.988879 0.704166
vt 0.975230 0.691741
vt 0.988879 0.678562
vt 0.882689 0.362248
vt 0.872304 0.346101
vt 0.893722 0.355781
vt 0.876416 0.330173
vt 0.899853 0.342742
vt 0.049534 0.649182
vt 0.073880 0.352527
vt 0.062221 0.343360
vt 0.987489 0.116735
vt 0.994348 0.121818
vt 0.986050 0.127904
vt 0.296533 0.877324
vt 0.693132 0.984042
vt 0.700398 0.986157
vt 0.693570 0.990638
vt 0.983725 0.237504
vt 0.989879 0.235619
vt 0.207370 0.625549
vt 0.573971 0.930840
vt 0.970787 0.746596
vt 0.972290 0.735174
vt 0.625405 0.708546
vt 0.096578 0.072413
vt 0.234717 0.466132
vt 0.868831 0.610889
vt 0.355343 0.960894
vt 0.336831 0.960894
vt 0.343946 0.944735
vt 0.915184 0.642240
vt 0.921057 0.625919
vt 0.929591 0.642240
vt 0.903815 0.941296
vt 0.893209 0.921910
vt 0.912639 0.931641
vt 0.287271 0.891745
vt 0.105190 0.237986
vt 0.532841 0.913085
vt 0.124465 0.193960
vt 0.033947 0.909519
vt 0.156691 0.630002
vt 0.124929 0.137060
vt 0.452841 0.997420
vt 0.452841 0.983400
vt 0.459695 0.985595
vt 0.985923 0.743268
vt 0.491627 0.396094
vt 0.597111 0.958560
vt 0.480378 0.364164
vt 0.601556 0.834639
vt 0.601556 0.828308
vt 0.606160 0.828379
vt 0.997287 0.037539
vt 0.990542 0.034348
vt 0.991001 0.030269
vt 0.860604 0.613489
vt 0.351447 0.789341
vt 0.890679 0.385255
vt 0.900452 0.370115
vt 0.324837 0.948148
vt 0.646128 0.644262
vt 0.655013 0.648075
vt 0.870634 0.185236
vt 0.921799 0.183693
vt 0.915623 0.168940
vt 0.934344 0.180692
vt 0.916205 0.723970
vt 0.920455 0.711308
vt 0.092581 0.255100
vt 0.311564 0.790954
vt 0.776488 0.505661
vt 0.777643 0.514200
vt 0.770848 0.514200
vt 0.855473 0.964473
vt 0.859354 0.946950
vt 0.872402 0.960365
vt 0.978192 0.735009
vt 0.104157 0.093531
vt 0.118068 0.073380
vt 0.859019 0.941791
vt 0.857184 0.935701
vt 0.863797 0.937673
vt 0.990678 0.040211
vt 0.095487 0.063929
vt 0.511108 0.878252
vt 0.880126 0.387088
vt 0.356160 0.950614
vt 0.670288 0.681487
vt 0.900900 0.916414
vt 0.940845 0.187324
vt 0.784668 0.455776
vt 0.786627 0.345448
vt 0.809785 0.330173
vt 0.072027 0.289300
vt 0.833784 0.251792
vt 0.842390 0.230884
vt 0.846953 0.240960
vt 0.316556 0.812479
vt 0.487817 0.471268
vt 0.757704 0.515197
vt 0.757704 0.506329
vt 0.764730 0.511559
vt 0.868777 0.941790
vt 0.549319 0.941698
vt 0.553458 0.926176
vt 0.708187 0.828147
vt 0.696843 0.817291
vt 0.715395 0.826559
vt 0.865121 0.920497
vt 0.876658 0.916867
vt 0.873254 0.933371
vt 0.866097 0.930456
vt 0.902523 0.599174
vt 0.273177 0.995550
vt 0.276990 0.987174
vt 0.334422 0.739605
vt 0.198866 0.426819
vt 0.201140 0.426754
vt 0.386096 0.898601
vt 0.665137 0.662153
vt 0.864381 0.233000
vt 0.994348 0.141199
vt 0.100607 0.231480
vt 0.106152 0.220721
vt 0.108655 0.209820
vt 0.492161 0.490621
vt 0.969759 0.424718
vt 0.975907 0.413013
vt 0.700398 0.995880
vt 0.157673 0.614562
vt 0.751168 0.533209
vt 0.973154 0.860426
vt 0.982579 0.855293
vt 0.982579 0.870416
vt 0.860631 0.929383
vt 0.990542 0.053515
vt 0.079193 0.040426
vt 0.887559 0.610215
vt 0.187750 0.803594
vt 0.008847 0.719151
vt 0.336993 0.929072
vt 0.862749 0.335831
vt 0.029076 0.678830
vt 0.038864 0.665547
vt 0.779045 0.416679
vt 0.828052 0.241604
vt 0.311937 0.860901
vt 0.849663 0.705409
vt 0.539143 0.921124
vt 0.972765 0.423542
vt 0.488367 0.446600
vt 0.565438 0.930157
vt 0.665654 0.936427
vt 0.660912 0.925524
vt 0.676577 0.934113
vt 0.666332 0.922069
vt 0.176292 0.884966
vt 0.185180 0.861754
vt 0.505361 0.857999
vt 0.185868 0.826130
vt 0.506675 0.838915
vt 0.900452 0.388548
vt 0.670506 0.709123
vt 0.353606 0.931073
vt 0.864195 0.370902
vt 0.888790 0.899410
vt 0.043006 0.652715
vt 0.044887 0.649220
vt 0.917324 0.766093
vt 0.856465 0.700692
vt 0.671648 0.816940
vt 0.680988 0.806847
vt 0.680125 0.944917
vt 0.780512 0.505661
vt 0.782599 0.515043
vt 0.777643 0.515043
vt 0.503332 0.378335
vt 0.505361 0.369333
vt 0.062860 0.613916
vt 0.056848 0.607473
vt 0.072401 0.594439
vt 0.102947 0.089907
vt 0.109903 0.075819
vt 0.367721 0.808007
vt 0.355769 0.726137
vt 0.179310 0.873228
vt 0.782122 0.799962
vt 0.856919 0.346268
vt 0.885023 0.906965
vt 0.913081 0.690691
vt 0.892053 0.236064
vt 0.872530 0.978780
vt 0.681168 0.968550
vt 0.685790 0.975785
vt 0.672788 0.976479
vt 0.727779 0.802893
vt 0.970787 0.731643
vt 0.240687 0.475604
vt 0.375303 0.795516
vt 0.887347 0.412702
vt 0.979653 0.891289
vt 0.989278 0.888010
vt 0.989764 0.903463
vt 0.949375 0.477571
vt 0.953201 0.457940
vt 0.964323 0.469984
vt 0.021041 0.684542
vt 0.949375 0.435510
vt 0.966607 0.424784
vt 0.969397 0.437918
vt 0.857667 0.332343
vt 0.880545 0.902907
vt 0.913043 0.913287
vt 0.047418 0.330129
vt 0.864909 0.671933
vt 0.073385 0.270456
vt 0.090797 0.241796
vt 0.727562 0.961512
vt 0.723064 0.966247
vt 0.723064 0.948922
vt 0.854675 0.210919
vt 0.854675 0.197853
vt 0.866456 0.211083
vt 0.447688 0.731901
vt 0.447688 0.711243
vt 0.449724 0.721299
vt 0.991094 0.226477
vt 0.763647 0.528739
vt 0.492030 0.411922
vt 0.911472 0.187327
vt 0.911472 0.199506
vt 0.901560 0.191062
vt 0.539438 0.930393
vt 0.539143 0.922602
vt 0.554624 0.927788
vt 0.084263 0.059903
vt 0.876464 0.610263
vt 0.229134 0.432926
vt 0.240687 0.426762
vt 0.190381 0.875398
vt 0.977665 0.136105
vt 0.979369 0.111513
vt 0.986050 0.113228
vt 0.009359 0.709493
vt 0.851792 0.346467
vt 0.296371 0.594027
vt 0.768184 0.357339
vt 0.055064 0.304724
vt 0.096980 0.222172
vt 0.103368 0.204553
vt 0.855473 0.977976
vt 0.952861 0.102625
vt 0.946862 0.102433
vt 0.947945 0.092318
vt 0.622111 0.990551
vt 0.630251 0.973498
vt 0.634761 0.989435
vt 0.665035 0.944112
vt 0.849663 0.666644
vt 0.856739 0.665165
vt 0.856739 0.700692
vt 0.554953 0.915990
vt 0.874076 0.896286
vt 0.896685 0.615517
vt 0.725378 0.913782
vt 0.186502 0.841766
vt 0.989764 0.871457
vt 0.016094 0.695248
vt 0.923903 0.922256
vt 0.922531 0.939533
vt 0.305893 0.630910
vt 0.775955 0.447890
vt 0.470387 0.099692
vt 0.460256 0.105853
vt 0.454982 0.091386
vt 0.320837 0.797873
vt 0.500654 0.504699
vt 0.088570 0.209992
vt 0.808459 0.206956
vt 0.817660 0.204227
vt 0.817660 0.218361
vt 0.859169 0.197263
vt 0.495490 0.471416
vt 0.994220 0.226511
vt 0.782612 0.531240
vt 0.211986 0.600472
vt 0.684167 0.982025
vt 0.210290 0.903014
vt 0.210290 0.922253
vt 0.205871 0.905440
vt 0.855473 0.927887
vt 0.075979 0.030986
vt 0.377330 0.809891
vt 0.777279 0.814911
vt 0.793736 0.763697
vt 0.793325 0.743673
vt 0.813402 0.759297
vt 0.994495 0.860783
vt 0.984683 0.866748
vt 0.984683 0.841867
vt 0.341106 0.839727
vt 0.376219 0.861129
vt 0.679915 0.679980
vt 0.903748 0.898366
vt 0.025667 0.664244
vt 0.077732 0.355420
vt 0.067870 0.362146
vt 0.052305 0.355931
vt 0.912970 0.754109
vt 0.885707 0.672007
vt 0.986892 0.991594
vt 0.991749 0.985250
vt 0.991749 0.996753
vt 0.622111 0.970138
vt 0.672788 0.989971
vt 0.668440 0.950340
vt 0.686607 0.922689
vt 0.684454 0.936703
vt 0.677818 0.935304
vt 0.576339 0.913085
vt 0.100877 0.076228
vt 0.079118 0.061159
vt 0.863673 0.629638
vt 0.883839 0.615005
vt 0.719531 0.904583
vt 0.781425 0.782059
vt 0.398298 0.892024
vt 0.390586 0.882149
vt 0.363880 0.841032
vt 0.872831 0.411396
vt 0.985483 0.107826
vt 0.853761 0.377016
vt 0.852840 0.365274
vt 0.675967 0.653035
vt 0.882735 0.170854
vt 0.888454 0.888193
vt 0.773848 0.459431
vt 0.908268 0.745684
vt 0.094088 0.236354
vt 0.667336 0.793176
vt 0.971014 0.157885
vt 0.980565 0.178034
vt 0.980565 0.156113
vt 0.069727 0.962804
vt 0.083201 0.961673
vt 0.083201 0.969018
vt 0.064479 0.591815
vt 0.048894 0.597247
vt 0.852178 0.386984
vt 0.974758 0.458548
vt 0.872036 0.171828
vt 0.843564 0.337363
vt 0.928495 0.155178
vt 0.908711 0.143296
vt 0.042862 0.639627
vt 0.282511 0.596176
vt 0.778416 0.380619
vt 0.043072 0.293364
vt 0.081873 0.230833
vt 0.101665 0.202278
vt 0.868224 0.502290
vt 0.862799 0.494651
vt 0.873978 0.492361
vt 0.677370 0.942559
vt 0.662042 0.950530
vt 0.857706 0.913875
vt 0.070969 0.038696
vt 0.879433 0.618225
vt 0.367806 0.749039
vt 0.482808 0.766592
vt 0.477733 0.753213
vt 0.504895 0.758148
vt 0.465145 0.764745
vt 0.352408 0.573603
vt 0.375012 0.579033
vt 0.351899 0.581954
vt 0.442722 0.761165
vt 0.458332 0.746607
vt 0.684381 0.711078
vt 0.693061 0.723359
vt 0.847822 0.368251
vt 0.938873 0.932132
vt 0.921317 0.906238
vt 0.060036 0.364921
vt 0.041989 0.348585
vt 0.892947 0.223043
vt 0.393180 0.031618
vt 0.397873 0.022636
vt 0.415587 0.030047
vt 0.429502 0.047446
vt 0.863652 0.985666
vt 0.872955 0.979576
vt 0.872955 0.992963
vt 0.320837 0.785158
vt 0.498686 0.509467
vt 0.868577 0.485029
vt 0.524297 0.997665
vt 0.524297 0.985667
vt 0.528837 0.991000
vt 0.946402 0.117958
vt 0.202992 0.610779
vt 0.220434 0.594196
vt 0.680773 0.988193
vt 0.751446 0.515745
vt 0.721260 0.793106
vt 0.076622 0.975489
vt 0.068073 0.975419
vt 0.078025 0.090938
vt 0.872811 0.625413
vt 0.782265 0.825165
vt 0.769989 0.821910
vt 0.187187 0.877982
vt 0.239781 0.414346
vt 0.772577 0.801771
vt 0.324837 0.576893
vt 0.000000 0.696440
vt 0.848717 0.377013
vt 0.652815 0.629306
vt 0.660412 0.613338
vt 0.666096 0.633191
vt 0.651937 0.611592
vt 0.050571 0.367379
vt 0.902057 0.142417
vt 0.908736 0.749863
vt 0.866937 0.212373
vt 0.070936 0.257361
vt 0.863160 0.978780
vt 0.454698 0.120177
vt 0.464658 0.117531
vt 0.502050 0.497739
vt 0.860386 0.509825
vt 0.201561 0.743236
vt 0.198587 0.739311
vt 0.201561 0.722954
vt 0.498325 0.482371
vt 0.034256 0.995997
vt 0.028371 0.985578
vt 0.034529 0.985578
vt 0.649591 0.814224
vt 0.654181 0.822013
vt 0.500906 0.432738
vt 0.964104 0.158013
vt 0.799821 0.210837
vt 0.808459 0.204227
vt 0.808459 0.217287
vt 0.505297 0.398145
vt 0.542907 0.913085
vt 0.202894 0.416712
vt 0.187180 0.889482
vt 0.379955 0.803986
vt 0.915184 0.608436
vt 0.726574 0.906458
vt 0.196799 0.834322
vt 0.328441 0.586649
vt 0.992723 0.960671
vt 0.992723 0.985250
vt 0.981444 0.971788
vt 0.009655 0.682329
vt 0.837981 0.338870
vt 0.884222 0.882283
vt 0.876710 0.893249
vt 0.038549 0.372790
vt 0.032552 0.349998
vt 0.045361 0.358830
vt 0.022970 0.644953
vt 0.312939 0.597001
vt 0.769822 0.408135
vt 0.771091 0.345026
vt 0.039471 0.981327
vt 0.036529 0.974734
vt 0.051678 0.967807
vt 0.494155 0.515814
vt 0.482517 0.997962
vt 0.488725 0.984613
vt 0.313545 0.939453
vt 0.313545 0.957167
vt 0.304173 0.942303
vt 0.157503 0.599630
vt 0.766931 0.516807
vt 0.684785 0.949168
vt 0.089736 0.098301
vt 0.071919 0.075792
vt 0.091089 0.066389
vt 0.860303 0.901928
vt 0.689281 0.958972
vt 0.686607 0.976488
vt 0.686607 0.958835
vt 0.370936 0.776320
vt 0.503365 0.780387
vt 0.891757 0.154531
vt 0.884263 0.152740
vt 0.876989 0.158091
vt 0.906493 0.885745
vt 0.308907 0.581274
vt 0.773277 0.393915
vt 0.908662 0.671053
vt 0.975230 0.650643
vt 0.971508 0.658569
vt 0.967249 0.642240
vt 0.074994 0.248594
vt 0.067224 0.236787
vt 0.444287 0.105683
vt 0.466778 0.124136
vt 0.460870 0.124329
vt 0.470544 0.120571
vt 0.500731 0.492091
vt 0.167967 0.945175
vt 0.171155 0.950479
vt 0.167169 0.971692
vt 0.148249 0.966570
vt 0.148331 0.949736
vt 0.795785 0.217334
vt 0.677483 0.955548
vt 0.680331 0.950669
vt 0.682537 0.955551
vt 0.675994 0.963761
vt 0.991041 0.539261
vt 0.989698 0.525015
vt 0.994670 0.529368
vt 0.505941 0.574281
vt 0.515174 0.588329
vt 0.510937 0.600615
vt 0.198107 0.853946
vt 0.856361 0.414096
vt 0.056475 0.981172
vt 0.067679 0.971672
vt 0.057753 0.985849
vt 0.056055 0.964104
vt 0.977665 0.092318
vt 0.025147 0.363664
vt 0.657408 0.601833
vt 0.650873 0.594193
vt 0.675211 0.601691
vt 0.869751 0.656132
vt 0.828071 0.212160
vt 0.823492 0.212160
vt 0.823757 0.204227
vt 0.080641 0.210006
vt 0.994495 0.844683
vt 0.998885 0.841867
vt 0.998885 0.857123
vt 0.863004 0.475550
vt 0.139969 0.589546
vt 0.210321 0.814769
vt 0.206206 0.800142
vt 0.210321 0.786492
vt 0.679910 0.960182
vt 0.068338 0.986307
vt 0.856753 0.635435
vt 0.083379 0.057046
vt 0.526399 0.610582
vt 0.066508 0.026395
vt 0.909586 0.616876
vt 0.209686 0.410688
vt 0.191951 0.881334
vt 0.777358 0.777403
vt 0.804479 0.652554
vt 0.831716 0.664665
vt 0.811684 0.665165
vt 0.350892 0.593633
vt 0.365535 0.591253
vt 0.792843 0.959056
vt 0.779915 0.967695
vt 0.787748 0.948023
vt 0.874171 0.439373
vt 0.859428 0.425433
vt 0.013692 0.661249
vt 0.667882 0.614967
vt 0.014871 0.653462
vt 0.026204 0.634304
vt 0.030174 0.340328
vt 0.030982 0.324738
vt 0.047055 0.277849
vt 0.961385 0.659809
vt 0.458514 0.141765
vt 0.853853 0.494039
vt 0.852343 0.505404
vt 0.501093 0.471996
vt 0.857853 0.483331
vt 0.114117 0.989548
vt 0.119551 0.993574
vt 0.114838 0.998204
vt 0.954810 0.119194
vt 0.500087 0.471498
vt 0.233282 0.964398
vt 0.233282 0.990667
vt 0.221978 0.978189
vt 0.297190 0.905948
vt 0.305258 0.893822
vt 0.313172 0.904516
vt 0.103969 0.099228
vt 0.869459 0.635352
vt 0.865266 0.884585
vt 0.513666 0.563916
vt 0.379063 0.586303
vt 0.882886 0.444604
vt 0.067679 0.952222
vt 0.670684 0.582892
vt 0.022548 0.639653
vt 0.026511 0.613916
vt 0.742744 0.459914
vt 0.880043 0.212910
vt 0.044248 0.957421
vt 0.436620 0.087841
vt 0.445402 0.069494
vt 0.055804 0.976773
vt 0.448500 0.118818
vt 0.171155 0.972546
vt 0.119795 0.997654
vt 0.119795 0.985097
vt 0.124249 0.989117
vt 0.136370 0.576303
vt 0.146032 0.581497
vt 0.667072 0.963529
vt 0.834317 0.489478
vt 0.834418 0.512684
vt 0.821911 0.500727
vt 0.984870 0.537831
vt 0.281421 0.893822
vt 0.585562 0.818890
vt 0.575084 0.833627
vt 0.564278 0.833685
vt 0.627066 0.246364
vt 0.612040 0.252016
vt 0.627499 0.234429
vt 0.204136 0.786492
vt 0.201764 0.767918
vt 0.204749 0.769794
vt 0.763746 0.820773
vt 0.754587 0.803292
vt 0.388221 0.740989
vt 0.767152 0.787630
vt 0.971870 0.994089
vt 0.981393 0.980816
vt 0.981444 0.994089
vt 0.200279 0.831164
vt 0.348389 0.832513
vt 0.786095 0.974872
vt 0.796453 0.970290
vt 0.055804 0.956126
vt 0.661979 0.605485
vt 0.562617 0.998319
vt 0.562617 0.984039
vt 0.568846 0.997862
vt 0.035835 0.306548
vt 0.053341 0.960623
vt 0.942380 0.163839
vt 0.959482 0.156113
vt 0.940845 0.187770
vt 0.788431 0.974872
vt 0.779915 0.985921
vt 0.779915 0.975660
vt 0.962223 0.111398
vt 0.068885 0.935259
vt 0.075934 0.941071
vt 0.071516 0.942304
vt 0.081018 0.961673
vt 0.119194 0.776729
vt 0.114653 0.761835
vt 0.119194 0.749828
vt 0.758136 0.321396
vt 0.766523 0.301564
vt 0.785008 0.315615
vt 0.209923 0.580056
vt 0.686607 0.968550
vt 0.725611 0.327360
vt 0.739638 0.309838
vt 0.747766 0.319714
vt 0.727488 0.309727
vt 0.994423 0.515745
vt 0.308660 0.911135
vt 0.574139 0.819280
vt 0.505361 0.562260
vt 0.920455 0.724225
vt 0.930715 0.710992
vt 0.938654 0.714082
vt 0.066762 0.008404
vt 0.005396 0.585906
vt 0.011060 0.575542
vt 0.019057 0.577765
vt 0.071264 0.006193
vt 0.178806 0.983481
vt 0.171155 0.963305
vt 0.177566 0.968290
vt 0.399484 0.797697
vt 0.006314 0.803228
vt 0.017941 0.809603
vt 0.000000 0.819946
vt 0.331358 0.607490
vt 0.482110 0.786098
vt 0.452749 0.782438
vt 0.794985 0.950050
vt 0.872386 0.450186
vt 0.878681 0.445495
vt 0.630796 0.329119
vt 0.630796 0.321765
vt 0.637973 0.328030
vt 0.838307 0.404905
vt 0.835230 0.371049
vt 0.676840 0.629908
vt 0.688608 0.632700
vt 0.017439 0.340974
vt 0.309982 0.587899
vt 0.905182 0.731643
vt 0.903933 0.122076
vt 0.909120 0.126605
vt 0.893017 0.217896
vt 0.371850 0.028136
vt 0.424519 0.073043
vt 0.967343 0.667920
vt 0.997726 0.945609
vt 0.993451 0.946906
vt 0.992436 0.937003
vt 0.997726 0.934493
vt 0.450149 0.135475
vt 0.064280 0.224662
vt 0.467034 0.130274
vt 0.788003 0.988872
vt 0.119551 0.984487
vt 0.964006 0.161451
vt 0.963548 0.182962
vt 0.704593 0.984042
vt 0.702338 0.962633
vt 0.507825 0.541688
vt 0.237646 0.859201
vt 0.237646 0.850139
vt 0.240612 0.857120
vt 0.727562 0.902057
vt 0.215656 0.402909
vt 0.756252 0.813200
vt 0.762914 0.801382
vt 0.763599 0.808583
vt 0.781193 0.754280
vt 0.984975 0.585418
vt 0.984868 0.570322
vt 0.991237 0.579231
vt 0.989204 0.569752
vt 0.838649 0.646446
vt 0.849596 0.649369
vt 0.460506 0.789797
vt 0.911605 0.733073
vt 0.992757 0.959815
vt 0.995044 0.954552
vt 0.210262 0.847490
vt 0.205625 0.861954
vt 0.205625 0.841640
vt 0.469140 0.108992
vt 0.475398 0.123130
vt 0.505361 0.495216
vt 0.651120 0.321765
vt 0.651120 0.329257
vt 0.644241 0.326379
vt 0.699800 0.782354
vt 0.594487 0.787494
vt 0.597204 0.803544
vt 0.624509 0.212656
vt 0.046057 0.575688
vt 0.044796 0.583527
vt 0.035020 0.581717
vt 0.058946 0.054596
vt 0.071386 0.041874
vt 0.855473 0.885300
vt 0.523602 0.578403
vt 0.196123 0.887911
vt 0.896994 0.486399
vt 0.900149 0.493204
vt 0.896994 0.501154
vt 0.202032 0.860272
vt 0.205248 0.842892
vt 0.793954 0.652169
vt 0.353773 0.606883
vt 0.393246 0.589765
vt 0.392673 0.600490
vt 0.796453 0.931140
vt 0.421229 0.581836
vt 0.419920 0.596114
vt 0.198564 0.628171
vt 0.201375 0.614461
vt 0.202917 0.626127
vt 0.703784 0.662065
vt 0.726905 0.429856
vt 0.727849 0.422803
vt 0.742744 0.425322
vt 0.870341 0.148336
vt 0.847354 0.163302
vt 0.893196 0.871457
vt 0.658131 0.329374
vt 0.658131 0.322011
vt 0.664824 0.325973
vt 0.841824 0.175972
vt 0.210320 0.964398
vt 0.218318 0.967381
vt 0.211823 0.970189
vt 0.929122 0.134563
vt 0.482893 0.127002
vt 0.479552 0.134535
vt 0.946481 0.191094
vt 0.963381 0.120871
vt 0.073508 0.928034
vt 0.155946 0.586514
vt 0.750861 0.305783
vt 0.984870 0.521599
vt 0.289299 0.910063
vt 0.203922 0.752011
vt 0.208207 0.750493
vt 0.528017 0.602354
vt 0.937854 0.697046
vt 0.946489 0.703937
vt 0.888516 0.622859
vt 0.948360 0.692029
vt 0.957373 0.685166
vt 0.344118 0.711243
vt 0.347369 0.716091
vt 0.324837 0.722201
vt 0.119771 0.672537
vt 0.118393 0.678632
vt 0.117103 0.667440
vt 0.957464 0.810426
vt 0.972446 0.825004
vt 0.963557 0.822067
vt 0.374546 0.993571
vt 0.370745 0.987726
vt 0.374546 0.978700
vt 0.195336 0.998651
vt 0.187908 0.986444
vt 0.195336 0.977793
vt 0.338997 0.835499
vt 0.391025 0.859206
vt 0.862795 0.445677
vt 0.702153 0.704626
vt 0.882636 0.136397
vt 0.888573 0.142585
vt 0.688817 0.620728
vt 0.925890 0.891421
vt 0.010671 0.359467
vt 0.017118 0.638799
vt 0.210320 0.983169
vt 0.989854 0.716119
vt 0.996797 0.714314
vt 0.996996 0.727185
vt 0.897224 0.743447
vt 0.754768 0.404925
vt 0.756710 0.357013
vt 0.331905 0.993209
vt 0.337867 0.987601
vt 0.337867 0.995897
vt 0.843501 0.498751
vt 0.859513 0.471221
vt 0.868301 0.470334
vt 0.846215 0.481112
vt 0.783348 0.995159
vt 0.630796 0.329797
vt 0.623404 0.329797
vt 0.626087 0.321765
vt 0.987197 0.639420
vt 0.988490 0.629346
vt 0.994241 0.632866
vt 0.643186 0.787897
vt 0.665891 0.778745
vt 0.221180 0.593642
vt 0.226998 0.589234
vt 0.227371 0.576996
vt 0.240687 0.589545
vt 0.277247 0.909212
vt 0.585214 0.792794
vt 0.055116 0.588133
vt 0.066666 0.581327
vt 0.601940 0.244474
vt 0.610049 0.266629
vt 0.529237 0.558932
vt 0.000353 0.854917
vt 0.010012 0.847296
vt 0.008953 0.861441
vt 0.205421 0.818958
vt 0.989285 0.595187
vt 0.383469 0.602944
vt 0.202917 0.646479
vt 0.198828 0.644686
vt 0.707183 0.681906
vt 0.834558 0.382862
vt 0.726038 0.445942
vt 0.938873 0.877108
vt 0.007943 0.644312
vt 0.994375 0.671682
vt 0.994375 0.656867
vt 0.998998 0.661818
vt 0.958178 0.626021
vt 0.970133 0.621509
vt 0.970133 0.639448
vt 0.339446 0.017305
vt 0.341207 0.008320
vt 0.355904 0.017039
vt 0.758564 0.368837
vt 0.433247 0.137039
vt 0.035902 0.246952
vt 0.059315 0.212483
vt 0.075939 0.201522
vt 0.255661 0.964087
vt 0.249149 0.963733
vt 0.252882 0.960531
vt 0.330922 0.984916
vt 0.135068 0.992483
vt 0.130110 0.995743
vt 0.130110 0.985097
vt 0.992729 0.871457
vt 0.996825 0.878900
vt 0.989764 0.881147
vt 0.964006 0.196100
vt 0.951556 0.135833
vt 0.297607 0.919318
vt 0.313881 0.918737
vt 0.050098 0.085737
vt 0.029665 0.583127
vt 0.037860 0.568490
vt 0.201888 0.614461
vt 0.198616 0.605337
vt 0.202421 0.596395
vt 0.944283 0.934493
vt 0.946828 0.918535
vt 0.954279 0.922709
vt 0.023734 0.582154
vt 0.029387 0.570524
vt 0.988056 0.009160
vt 0.989513 0.001499
vt 0.996404 -0.000000
vt 0.205421 0.887885
vt 0.396199 0.763219
vt 0.766195 0.779965
vt 0.024350 0.804188
vt 0.856018 0.454587
vt 0.008902 0.656638
vt 0.688408 0.590181
vt 0.221978 0.979908
vt 0.900349 0.658221
vt 0.055804 0.952222
vt 0.249692 0.953979
vt 0.256649 0.953467
vt 0.136404 0.996777
vt 0.981444 0.985250
vt 0.986892 0.989096
vt 0.981444 0.997519
vt 0.070564 0.919575
vt 0.212692 0.576303
vt 0.047313 0.070601
vt 0.062353 0.577090
vt 0.862714 0.642240
vt 0.620732 0.193757
vt 0.848518 0.998384
vt 0.843632 0.995342
vt 0.848518 0.982761
vt 0.606147 0.275451
vt 0.608287 0.284928
vt 0.511185 0.517551
vt 0.119771 0.662202
vt 0.751806 0.798376
vt 0.747092 0.809162
vt 0.579725 0.978062
vt 0.579725 0.997503
vt 0.573373 0.990306
vt 0.758024 0.772161
vt 0.766755 0.761913
vt 0.014822 0.832300
vt 0.440174 0.785454
vt 0.440068 0.764887
vt 0.902423 0.874042
vt 0.996996 0.704224
vt 0.955081 0.640062
vt 0.573373 0.978062
vt 0.574269 0.969614
vt 0.578834 0.972902
vt 0.040530 0.233451
vt 0.467370 0.140718
vt 0.861483 0.467407
vt 0.240687 0.940530
vt 0.253006 0.940311
vt 0.761755 0.288841
vt 0.169802 0.587058
vt 0.826542 0.481417
vt 0.081144 0.600072
vt 0.085167 0.573317
vt 0.053169 0.581164
vt 0.210321 0.731920
vt 0.019558 0.563176
vt 0.876580 0.993016
vt 0.872955 0.993084
vt 0.875262 0.984460
vt 0.009276 0.576663
vt -0.000000 0.579474
vt 0.004917 0.570711
vt 0.387789 0.843939
vt 0.840024 0.426351
vt 0.719758 0.453615
vt 0.721374 0.448023
vt 0.691850 0.608800
vt 0.221931 0.990777
vt 0.977665 0.155361
vt 0.985968 0.151828
vt 0.198636 0.753319
vt 0.198603 0.743236
vt 0.201561 0.752675
vt 0.912344 0.119487
vt 0.681126 0.835640
vt 0.684588 0.828216
vt 0.695619 0.829321
vt 0.960729 0.675329
vt 0.057234 0.257442
vt 0.261418 0.964962
vt 0.963456 0.085202
vt 0.958272 0.091505
vt 0.958272 0.080543
vt 0.785694 0.301839
vt 0.312133 0.926614
vt 0.100371 0.594063
vt 0.101298 0.576240
vt 0.559288 0.821456
vt 0.604903 0.263293
vt 0.043572 0.570653
vt 0.989589 0.254160
vt 0.993093 0.254843
vt 0.989418 0.265479
vt 0.539891 0.589684
vt 0.872955 0.978780
vt 0.517501 0.999192
vt 0.517003 0.990547
vt 0.522939 0.996822
vt 0.751176 0.821541
vt 0.745882 0.814483
vt 0.752308 0.784410
vt 0.007430 0.873291
vt 0.019860 0.874836
vt 0.023374 0.823739
vt 0.476335 0.800924
vt 0.959781 0.555544
vt 0.966169 0.554035
vt 0.973522 0.569752
vt 0.485910 0.936261
vt 0.501104 0.937246
vt 0.502932 0.953413
vt 0.856288 0.428304
vt 0.859478 0.444603
vt 0.840373 0.447429
vt 0.834980 0.389087
vt 0.898489 0.743804
vt 0.348705 0.025454
vt 0.370474 0.045458
vt 0.698705 0.853806
vt 0.265164 0.960640
vt 0.083201 0.919365
vt 0.787428 0.292519
vt 0.288201 0.933313
vt 0.280222 0.925311
vt 0.296176 0.929361
vt 0.715082 0.770384
vt 0.072009 0.576649
vt 0.265399 0.991130
vt 0.261846 0.976606
vt 0.265399 0.973829
vt 0.199434 0.594117
vt 0.178806 0.953052
vt 0.441219 0.725829
vt 0.437094 0.730120
vt 0.436929 0.722184
vt 0.996404 0.022990
vt 0.198537 0.676364
vt 0.202917 0.681732
vt 0.198537 0.696794
vt 0.019084 0.860241
vt 0.790494 0.746506
vt 0.780645 0.731667
vt 0.791602 0.731643
vt 0.345252 0.827011
vt 0.395385 0.866174
vt 0.397285 0.861414
vt 0.842595 0.633872
vt 0.851308 0.633502
vt 0.770848 0.505661
vt 0.770848 0.515197
vt 0.764730 0.512107
vt 0.873651 0.134174
vt 0.855359 0.148359
vt 0.325335 0.054405
vt 0.324837 0.041726
vt 0.329865 0.042540
vt 0.327480 0.039916
vt 0.902219 0.107329
vt 0.374147 0.057468
vt 0.419288 0.129990
vt 0.264732 0.973829
vt 0.823492 0.211381
vt 0.817660 0.211715
vt 0.082502 0.930947
vt 0.682731 0.768063
vt 0.545951 0.579199
vt 0.996627 0.262412
vt 0.670469 0.247683
vt 0.682701 0.257777
vt 0.677846 0.267109
vt 0.996753 0.913730
vt 0.993158 0.906775
vt 0.996903 0.903463
vt 0.990417 0.918725
vt 0.240687 0.990161
vt 0.250363 0.981194
vt 0.252280 0.990161
vt 0.212228 0.399943
vt 0.439855 0.714034
vt 0.522939 0.982932
vt 0.433523 0.711243
vt 0.984868 0.602814
vt 0.630110 0.741593
vt 0.627093 0.724876
vt 0.631886 0.723359
vt 0.712541 0.425040
vt 0.922280 0.872580
vt 0.331945 0.029590
vt 0.198603 0.761557
vt 0.012146 0.337624
vt 0.374829 0.118322
vt 0.399631 0.142683
vt 0.395197 0.150694
vt 0.746640 0.347441
vt 0.414536 0.142619
vt 0.969500 0.682762
vt 0.426449 0.147613
vt 0.839777 0.460969
vt 0.856007 0.468846
vt 0.068885 0.910145
vt 0.943295 0.142021
vt 0.940845 0.128852
vt 0.739392 0.290629
vt 0.302568 0.936520
vt 0.726407 0.287512
vt 0.539541 0.836672
vt 0.549871 0.828878
vt 0.057692 0.095967
vt 0.207760 0.726945
vt 0.537095 0.491382
vt 0.515203 0.495473
vt 0.034913 0.555807
vt 0.944743 0.908557
vt 0.202917 0.584979
vt 0.967235 0.835904
vt 0.197192 0.393544
vt 0.204064 0.405769
vt 0.198277 0.403523
vt 0.015611 0.562150
vt 0.436018 0.965274
vt 0.443552 0.982709
vt 0.436018 0.983867
vt 0.031918 0.899906
vt 0.033815 0.878991
vt 0.025305 0.850111
vt 0.772309 0.756848
vt 0.770492 0.749208
vt 0.634984 0.744232
vt 0.385382 0.614098
vt 0.715270 0.457271
vt 0.006899 0.997487
vt 0.000000 0.989322
vt 0.008362 0.983143
vt 0.866806 0.140012
vt 0.000000 0.976872
vt 0.237646 0.846010
vt 0.240433 0.840396
vt 0.240433 0.850139
vt 0.892490 0.737887
vt 0.891557 0.744955
vt 0.626707 0.828308
vt 0.615979 0.824310
vt 0.612896 0.812510
vt 0.349228 0.054709
vt 0.011529 0.326936
vt 0.382019 0.106097
vt 0.752502 0.375716
vt 0.750120 0.363836
vt 0.672861 0.843915
vt 0.418996 0.098453
vt 0.959996 0.689929
vt 0.578659 0.961145
vt 0.475906 0.139954
vt 0.472018 0.149000
vt 0.995692 0.619138
vt 0.958532 0.135110
vt 0.778430 0.287112
vt 0.300168 0.939453
vt 0.544882 0.828955
vt 0.210263 0.716238
vt 0.996627 0.277953
vt 0.961371 0.908457
vt 0.205234 0.394077
vt 0.439518 0.739126
vt 0.433523 0.740203
vt 0.241090 0.973829
vt 0.452783 0.971638
vt 0.747393 0.790183
vt 0.371690 0.718819
vt 0.018686 0.806071
vt 0.025777 0.809550
vt 0.025382 0.823981
vt 0.397956 0.853635
vt 0.504414 0.796587
vt 0.421041 0.613095
vt 0.400797 0.614303
vt 0.706071 0.613069
vt 0.844945 0.155983
vt 0.888306 0.749825
vt 0.880481 0.755324
vt 0.872341 0.646166
vt 0.688304 0.887274
vt 0.706892 0.870398
vt 0.706377 0.884609
vt 0.402485 0.154233
vt 0.413314 0.125830
vt 0.404831 0.130037
vt 0.574902 0.962291
vt 0.433523 0.798202
vt 0.429436 0.806107
vt 0.431442 0.790362
vt 0.962071 0.731643
vt 0.970217 0.732364
vt 0.959626 0.741658
vt 0.434432 0.836119
vt 0.431133 0.842839
vt 0.427150 0.837302
vt 0.993678 0.763613
vt 0.985923 0.766177
vt 0.985923 0.753888
vt 0.993753 0.755663
vt 0.926664 0.970763
vt 0.935819 0.970967
vt 0.925053 0.976545
vt 0.550397 0.985241
vt 0.550397 0.997603
vt 0.544813 0.992401
vt 0.578205 0.784284
vt 0.547961 0.821324
vt 0.592177 0.176911
vt 0.614815 0.163784
vt 0.050264 0.038370
vt 0.206626 0.709078
vt 0.940878 0.681596
vt 0.614660 0.832900
vt 0.611205 0.836523
vt 0.611205 0.828308
vt 0.496318 0.996901
vt 0.488888 0.993209
vt 0.496318 0.977932
vt 0.988848 0.608555
vt 0.993969 0.382963
vt 0.999888 0.386077
vt 0.993969 0.397375
vt 0.481101 0.804320
vt 0.998695 0.141312
vt 0.998695 0.155369
vt 0.993476 0.149388
vt 0.710137 0.693990
vt 0.710331 0.472712
vt 0.703505 0.463518
vt 0.703392 0.451208
vt 0.695101 0.590788
vt 0.872530 0.957176
vt 0.876470 0.941790
vt 0.876470 0.961864
vt 0.325780 0.029848
vt 0.334418 0.020788
vt 0.318841 0.584988
vt 0.355765 0.066334
vt 0.392275 0.096130
vt 0.447452 0.160185
vt 0.033433 0.227720
vt 0.834558 0.487608
vt 0.070630 0.903419
vt 0.078394 0.903527
vt 0.662946 0.756299
vt 0.712575 0.287418
vt 0.834418 0.459914
vt 0.701625 0.762172
vt 0.071307 0.568723
vt 0.067358 0.564897
vt 0.060744 0.563644
vt 0.053106 0.554563
vt 0.593327 0.262221
vt 0.207053 0.701713
vt 0.999700 0.132582
vt 0.994348 0.125755
vt 0.999700 0.116735
vt 0.198616 0.578140
vt 0.447023 0.729354
vt 0.514265 0.994092
vt 0.505361 0.994092
vt 0.513086 0.982933
vt 0.254155 0.928621
vt 0.249497 0.939865
vt 0.244781 0.921989
vt 0.727779 0.987272
vt 0.735766 0.982782
vt 0.737760 0.994846
vt 0.038707 0.903419
vt 0.028341 0.903039
vt 0.214636 0.386553
vt 0.211047 0.393733
vt 0.733417 0.807643
vt 0.980159 0.020503
vt 0.988056 0.020606
vt 0.953747 0.675443
vt 0.362637 0.712832
vt 0.996107 0.401072
vt 0.800644 0.636274
vt 0.462773 0.799887
vt 0.992723 0.963931
vt 0.998916 0.960671
vt 0.998916 0.980299
vt 0.484272 0.923523
vt 0.331510 0.011697
vt 0.338658 -0.000000
vt 0.342281 0.004886
vt 0.694311 0.918440
vt 0.687754 0.907509
vt 0.705641 0.903351
vt 0.366837 0.059849
vt 0.759612 0.334325
vt 0.398389 0.079074
vt 0.416316 0.158066
vt 0.975230 0.695923
vt 0.018312 0.265094
vt 0.265164 0.946363
vt 0.926199 0.984207
vt 0.932539 0.979923
vt 0.996825 0.894993
vt 0.834952 0.464496
vt 0.884174 0.977876
vt 0.892563 0.980757
vt 0.891992 0.989164
vt 0.794892 0.224281
vt 0.792281 0.233571
vt 0.789012 0.218837
vt 0.532689 0.830680
vt 0.983534 0.674339
vt 0.984905 0.670383
vt 0.985981 0.678562
vt 0.077816 0.560082
vt 0.949059 0.677450
vt 0.445840 0.745774
vt 0.980740 0.717525
vt 0.977942 0.704224
vt 0.989854 0.720787
vt 0.959996 0.665306
vt 0.761132 0.759557
vt 0.994776 0.365710
vt 0.986604 0.371399
vt 0.989826 0.356375
vt 0.700699 0.475345
vt 0.714796 0.667943
vt 0.702938 0.621725
vt 0.723845 0.415802
vt 0.683737 0.567353
vt 0.977280 0.931085
vt 0.963782 0.934170
vt 0.963782 0.916013
vt 0.000000 0.347117
vt 0.713483 0.377641
vt 0.715500 0.368311
vt 0.727649 0.376906
vt 0.042106 0.266449
vt 0.957381 0.858524
vt 0.957381 0.871141
vt 0.951434 0.864288
vt 0.430344 0.827011
vt 0.424465 0.849483
vt 0.435878 0.797730
vt 0.433523 0.800719
vt 0.849292 0.454587
vt 0.987197 0.616758
vt 0.634985 0.769175
vt 0.750753 0.276121
vt 0.637973 0.329993
vt 0.637973 0.321765
vt 0.644241 0.328188
vt 0.201764 0.697934
vt 0.522475 0.454278
vt 0.518362 0.477178
vt 0.518785 0.458764
vt 0.949441 0.214441
vt 0.955745 0.199878
vt 0.959582 0.207289
vt 0.200364 0.576303
vt 0.172753 0.945175
vt 0.179977 0.377162
vt 0.189360 0.384295
vt 0.171567 0.381765
vt 0.261530 0.940311
vt 0.273506 0.933454
vt 0.277042 0.940215
vt 0.392583 0.725336
vt 0.992701 0.825498
vt 0.984682 0.814500
vt 0.989832 0.810426
vt 0.245853 0.893822
vt 0.246101 0.907683
vt 0.240687 0.912199
vt 0.974320 0.630061
vt 0.976133 0.622645
vt 0.987197 0.641516
vt 0.849685 0.617898
vt 0.473567 0.804649
vt 0.363469 0.623150
vt 0.820673 0.920252
vt 0.815556 0.916387
vt 0.815475 0.901476
vt 0.690837 0.494739
vt 0.699352 0.488768
vt 0.707228 0.638018
vt 0.016919 0.307340
vt 0.681866 0.872767
vt 0.051225 0.996961
vt 0.051225 0.981327
vt 0.055569 0.989923
vt 0.422737 0.786239
vt 0.970787 0.747909
vt 0.834558 0.511731
vt 0.960314 0.752338
vt 0.956220 0.757032
vt 0.954000 0.746655
vt 0.428458 0.855248
vt 0.884174 0.995709
vt 0.795677 0.238083
vt 0.791445 0.271153
vt 0.773064 0.264611
vt 0.891757 0.199506
vt 0.891757 0.175488
vt 0.901560 0.191285
vt 0.757332 0.279041
vt 0.560801 0.795980
vt 0.095133 0.555173
vt 0.474398 0.956519
vt 0.474398 0.972924
vt 0.469920 0.963899
vt 0.324543 0.998500
vt 0.319411 0.994280
vt 0.324794 0.994840
vt 0.027667 0.048734
vt 0.611787 0.142587
vt 0.607114 0.139807
vt 0.996903 0.928352
vt 0.941060 0.899688
vt 0.942767 0.893197
vt 0.164604 0.381176
vt 0.175348 0.372790
vt 0.973154 0.839418
vt 0.977942 0.730757
vt 0.406462 0.775856
vt 0.989497 0.841868
vt 0.984682 0.839772
vt 0.440957 0.960834
vt 0.752160 0.761033
vt 0.889392 0.199513
vt 0.893017 0.206298
vt 0.889392 0.212373
vt 0.375246 0.831600
vt 0.961046 0.541941
vt 0.713982 0.398691
vt 0.695017 0.563976
vt 0.606717 0.810515
vt 0.940845 0.109402
vt 0.573373 0.952616
vt 0.014252 0.252642
vt 0.211624 0.733970
vt 0.210321 0.711917
vt 0.219066 0.727799
vt 0.935819 0.993197
vt 0.925973 0.992587
vt 0.228730 0.697935
vt 0.240230 0.704025
vt 0.221444 0.712182
vt 0.963381 0.150031
vt 0.795796 0.287091
vt 0.791124 0.267314
vt 0.900352 0.459646
vt 0.896994 0.471722
vt 0.896994 0.454587
vt 0.114653 0.828078
vt 0.119157 0.824430
vt 0.119157 0.846551
vt 0.611353 0.129363
vt 0.048377 0.545535
vt 0.044535 0.476893
vt 0.055279 0.489425
vt 0.037148 0.484866
vt 0.730771 0.834600
vt 0.728751 0.822236
vt 0.740505 0.828266
vt 0.959721 0.225135
vt 0.687049 0.236313
vt 0.696576 0.251561
vt 0.197595 0.381559
vt 0.020614 0.547429
vt 0.977435 0.000000
vt 0.728601 0.976770
vt 0.737760 0.972969
vt 0.452841 0.956519
vt 0.737688 0.772754
vt 0.254896 0.897650
vt 0.319380 0.711243
vt 0.319380 0.680414
vt 0.324837 0.693310
vt 0.968502 0.146208
vt 0.968502 0.155125
vt 0.963381 0.153023
vt 0.312627 0.995883
vt 0.312627 0.981664
vt 0.314532 0.989000
vt 0.761858 0.738148
vt 0.392852 0.837831
vt 0.826094 0.629270
vt 0.443302 0.802934
vt 0.378961 0.624663
vt 0.371470 0.618190
vt 0.995515 0.695836
vt 0.988878 0.694079
vt 0.990678 0.687146
vt 0.995515 0.677932
vt 0.888619 0.642240
vt 0.670694 0.865404
vt 0.022360 0.273269
vt 0.965168 0.704224
vt 0.433523 0.774231
vt 0.435876 0.761133
vt 0.435876 0.775674
vt 0.425601 0.777661
vt 0.993692 0.507148
vt 1.000000 0.496189
vt 1.000000 0.514733
vt 0.261846 0.973829
vt 0.261846 0.993039
vt 0.252280 0.984127
vt 0.809894 0.284532
vt 0.975005 0.891800
vt 0.979653 0.916013
vt 0.966035 0.905633
vt 0.660912 0.973557
vt 0.660912 0.993260
vt 0.650907 0.978653
vt 0.717972 0.756333
vt 0.525934 0.834921
vt 0.973358 0.155728
vt 0.973358 0.146208
vt 0.977615 0.151236
vt 0.324794 0.981664
vt 0.116959 0.654807
vt 0.119771 0.638910
vt 0.811062 0.979041
vt 0.815764 0.974190
vt 0.820580 0.988851
vt 0.586996 0.156759
vt 0.818579 0.844178
vt 0.820445 0.835876
vt 0.820445 0.847583
vt 0.970052 0.207856
vt 0.636933 0.320872
vt 0.644048 0.317087
vt 0.644486 0.321676
vt 0.036345 0.834936
vt 0.351384 0.627544
vt 0.116959 0.638910
vt 0.116959 0.613916
vt 0.119791 0.629809
vt 0.419244 0.635833
vt 0.815475 0.927289
vt 0.988936 0.704166
vt 0.989418 0.282579
vt 0.997181 0.277953
vt 0.997181 0.297816
vt 0.396452 0.185783
vt 0.401043 0.200278
vt 0.384176 0.204892
vt 0.017342 0.994540
vt 0.008362 0.995994
vt 0.008362 0.976872
vt 0.988471 0.077967
vt 0.995717 0.070183
vt 0.402009 0.171170
vt 0.836959 0.947857
vt 0.820680 0.948728
vt 0.829965 0.941233
vt 0.604759 0.329981
vt 0.599312 0.321298
vt 0.608202 0.320504
vt 0.426539 0.773578
vt 0.986050 0.155369
vt 0.986050 0.141199
vt 0.993475 0.144245
vt 0.941804 0.156113
vt 0.773517 0.244101
vt 0.763371 0.229111
vt 0.975872 0.665855
vt 0.079022 0.539655
vt 0.069399 0.553651
vt 0.206206 0.814769
vt 0.210262 0.837638
vt 0.206206 0.841640
vt 0.815761 0.963042
vt 0.816208 0.956161
vt 0.820398 0.950997
vt 0.815761 0.945166
vt 0.820580 0.963294
vt 0.051137 0.473301
vt 0.970052 0.230576
vt 0.964044 0.850148
vt 0.992181 0.433039
vt 0.997925 0.424784
vt 0.997925 0.448293
vt 0.178806 0.998328
vt 0.172343 0.998033
vt 0.318857 0.779915
vt 0.318857 0.772911
vt 0.320996 0.777749
vt 0.640821 0.706516
vt 0.645883 0.714114
vt 0.640821 0.721895
vt 0.277247 0.921758
vt 0.277247 0.927574
vt 0.264874 0.906444
vt 0.815761 0.931182
vt 0.820673 0.927289
vt 0.820673 0.945166
vt 0.316951 0.999341
vt 0.319411 0.989163
vt 0.630950 0.758297
vt 0.497947 0.913330
vt 0.678786 0.489186
vt 0.715084 0.602112
vt 0.911142 0.092318
vt 0.415884 0.171518
vt 0.464624 0.168190
vt 0.968640 0.758350
vt 0.967318 0.775249
vt 0.956669 0.774257
vt 0.579803 0.989471
vt 0.587030 0.983629
vt 0.587030 0.996662
vt 0.970545 0.155246
vt 0.114576 0.619054
vt 0.102086 0.622117
vt 0.104374 0.613916
vt 0.794430 0.262236
vt 0.791205 0.247451
vt 0.738355 0.269054
vt 0.374852 0.992870
vt 0.374852 0.968023
vt 0.386387 0.976602
vt 0.535886 0.795754
vt 0.026332 0.093273
vt 0.986258 0.659959
vt 0.016571 0.080882
vt 0.073349 0.541903
vt 0.627499 0.058727
vt 0.624434 0.060795
vt 0.622852 0.048067
vt 0.065695 0.543075
vt 0.574225 0.245126
vt 0.039991 0.531877
vt 0.564460 0.518873
vt 0.938038 0.666839
vt 0.991730 0.564721
vt 0.984870 0.559346
vt 0.993736 0.551893
vt 0.420291 0.969186
vt 0.429075 0.969468
vt 0.420291 0.987976
vt 0.034265 0.856763
vt 0.057518 0.803228
vt 0.050010 0.812145
vt 0.039115 0.805020
vt 0.757704 0.507578
vt 0.750580 0.515289
vt 0.750580 0.506329
vt 0.792064 0.631502
vt 0.489319 0.817311
vt 0.994776 0.379975
vt 0.688747 0.502239
vt 0.474438 0.919337
vt 0.556213 0.961200
vt 0.564092 0.962463
vt 0.556213 0.970209
vt 0.599312 0.329480
vt 0.784696 0.494569
vt 0.757924 0.482827
vt 0.784147 0.474916
vt 0.962024 0.785020
vt 0.427903 0.874167
vt 0.422409 0.875661
vt 0.431136 0.892429
vt 0.434432 0.905541
vt 0.427496 0.891012
vt 0.240687 0.721980
vt 0.231880 0.732537
vt 0.963782 0.889359
vt 0.686503 0.742801
vt 0.589093 0.758415
vt 0.986258 0.642240
vt 0.620953 0.087384
vt 0.614168 0.105868
vt 0.611547 0.095336
vt 0.606129 0.123479
vt 0.516279 0.435486
vt 0.546355 0.452505
vt 0.042399 0.471079
vt 0.030213 0.487691
vt 0.603174 0.999152
vt 0.597111 0.992567
vt 0.603174 0.983488
vt 0.031821 0.529503
vt 0.610659 0.955456
vt 0.610659 0.983488
vt 0.597111 0.968755
vt 0.705694 0.234941
vt 0.710651 0.244547
vt 0.363413 0.978700
vt 0.370745 0.993829
vt 0.363413 0.997733
vt 0.382763 0.713369
vt 0.985509 0.548451
vt 0.991958 0.544013
vt 0.434471 0.988528
vt 0.040278 0.805547
vt 0.333302 0.626453
vt 0.457776 0.818767
vt 0.715014 0.623452
vt 0.425277 0.764939
vt 0.429584 0.753133
vt 0.447181 0.737484
vt 0.449724 0.731901
vt 0.449724 0.745900
vt 0.426008 0.753539
vt 0.419927 0.765148
vt 0.763014 0.463973
vt 0.225905 0.749643
vt 0.954000 0.792386
vt 0.986258 0.677499
vt 0.986258 0.667132
vt 0.992528 0.673717
vt 0.590347 0.985649
vt 0.597111 0.983629
vt 0.597111 0.997555
vt 0.764188 0.262737
vt 0.108362 0.993837
vt 0.114117 0.984486
vt 0.114117 0.998504
vt 0.025958 0.066520
vt 0.975230 0.647394
vt 0.808659 0.916873
vt 0.812279 0.911428
vt 0.815475 0.938610
vt 0.053795 0.526442
vt 0.239903 0.990822
vt 0.233606 0.987606
vt 0.233282 0.977713
vt 0.806230 0.901875
vt 0.030226 0.036527
vt 0.970505 0.858129
vt 0.025637 0.499742
vt 0.035651 0.501383
vt 0.040194 0.510449
vt 0.017322 0.533035
vt 0.994469 0.610529
vt 0.993996 0.604298
vt 0.998046 0.614114
vt 0.613398 0.329708
vt 0.615862 0.320504
vt 0.686607 0.997278
vt 0.686607 0.984042
vt 0.693132 0.990648
vt 0.794176 0.624195
vt 0.839994 0.614867
vt 0.688909 0.467680
vt 0.198537 0.722954
vt 0.201561 0.717532
vt 0.677958 0.922069
vt 0.700126 0.543610
vt 0.419798 0.191100
vt 0.443902 0.171317
vt 0.464702 0.207754
vt 0.441787 0.196632
vt 0.463946 0.189025
vt 0.994375 0.647974
vt 0.999111 0.642240
vt 0.999111 0.656867
vt 0.465657 0.236044
vt 0.460346 0.251471
vt 0.460198 0.232416
vt 0.568577 0.962225
vt 0.567631 0.976325
vt 0.087248 0.620265
vt 0.085133 0.626878
vt 0.075909 0.614061
vt 0.742744 0.474010
vt 0.743114 0.459914
vt 0.816019 0.228870
vt 0.818070 0.252180
vt 0.814966 0.268360
vt 0.979653 0.871457
vt 0.760246 0.242123
vt 0.649654 0.753104
vt 0.661842 0.741569
vt 0.675958 0.742353
vt 0.528837 0.991598
vt 0.533387 0.985667
vt 0.533387 0.997262
vt 0.014830 0.075096
vt 0.021078 0.056103
vt 0.183822 0.907376
vt 0.205630 0.889482
vt 0.196838 0.904596
vt 0.513484 0.409520
vt 0.523083 0.423471
vt 0.512976 0.421597
vt 0.606429 0.105386
vt 0.802680 0.915801
vt 0.815475 0.902410
vt 0.957827 0.856230
vt 0.029473 0.493200
vt 0.021869 0.516406
vt 0.957155 0.890318
vt 0.963782 0.893438
vt 0.998046 0.592619
vt 0.634230 0.762964
vt 0.623274 0.835410
vt 0.624130 0.828308
vt 0.626959 0.835410
vt 0.955081 0.539241
vt 0.476639 0.904472
vt 0.712181 0.613623
vt 0.713818 0.992547
vt 0.704593 0.993756
vt 0.714790 0.581958
vt 0.605874 0.800980
vt 0.403014 0.180749
vt 0.414730 0.217113
vt 0.424811 0.205566
vt 0.009148 0.246995
vt 0.651120 0.326851
vt 0.658131 0.329257
vt 0.562825 0.972334
vt 0.463392 0.213102
vt 0.623274 0.833078
vt 0.618484 0.833805
vt 0.618484 0.828308
vt 0.431253 0.729590
vt 0.430166 0.734608
vt 0.426485 0.732729
vt 0.720659 0.957779
vt 0.718301 0.948922
vt 0.572641 0.952616
vt 0.573373 0.967256
vt 0.090220 0.631265
vt 0.081750 0.641895
vt 0.895688 0.941296
vt 0.895688 0.968333
vt 0.876710 0.956838
vt 0.805490 0.939215
vt 0.599312 0.284928
vt 0.609028 0.288471
vt 0.599312 0.302678
vt 0.511711 0.364161
vt 0.526745 0.388214
vt 0.505361 0.384026
vt 0.011786 0.064432
vt 0.019773 0.048914
vt 0.063422 0.469607
vt 0.240627 0.979154
vt 0.568453 0.221596
vt 0.957464 0.871089
vt 0.558726 0.565191
vt 0.639518 0.227904
vt 0.658210 0.221153
vt 0.652600 0.233169
vt 0.951029 0.233778
vt 0.951347 0.221940
vt 0.044071 0.494661
vt 0.015771 0.460235
vt 0.025947 0.441208
vt 0.027757 0.464165
vt 0.940034 0.661963
vt 0.950462 0.665049
vt 0.954915 0.665051
vt 0.634513 0.306461
vt 0.951281 0.965206
vt 0.959480 0.974571
vt 0.951281 0.986935
vt 0.288247 0.991718
vt 0.279704 0.991718
vt 0.287215 0.978955
vt 0.753879 0.737585
vt 0.077200 0.809416
vt 0.067837 0.814684
vt 0.814483 0.607396
vt 0.913767 0.997680
vt 0.906472 0.987431
vt 0.913767 0.979280
vt 0.475033 0.822868
vt 0.675840 0.515745
vt 0.667656 0.511116
vt 0.685316 0.510432
vt 0.720402 0.989787
vt 0.713818 0.998124
vt 0.713818 0.982855
vt 0.692868 0.415597
vt 0.846130 0.940595
vt 0.845359 0.948728
vt 0.459661 0.218354
vt 0.440627 0.241877
vt 0.220612 0.812288
vt 0.239110 0.810440
vt 0.230172 0.815728
vt 0.313881 0.909225
vt 0.316134 0.893822
vt 0.321748 0.911221
vt 0.324759 0.939325
vt 0.319296 0.958388
vt 0.313881 0.948238
vt 0.116959 0.625198
vt 0.119795 0.535333
vt 0.102114 0.542201
vt 0.111720 0.523451
vt 0.192303 0.918864
vt 0.603621 0.075294
vt 0.044900 0.503846
vt 0.548881 0.477583
vt 0.938873 0.885246
vt 0.991237 0.599076
vt 0.961257 0.983160
vt 0.964730 0.976193
vt 0.984870 0.539261
vt 0.054207 0.846054
vt 0.052169 0.826494
vt 0.040984 0.836581
vt 0.077559 0.818647
vt 0.445837 0.819354
vt 0.402062 0.635036
vt 0.678238 0.501320
vt 0.985493 0.504618
vt 0.993692 0.497932
vt 0.993692 0.514733
vt 0.439884 0.631715
vt 0.708039 0.384855
vt 0.694797 0.391186
vt 0.702141 0.375627
vt 0.698868 0.385022
vt 0.607699 0.797988
vt 0.385620 0.234941
vt 0.969450 0.330154
vt 0.963773 0.315966
vt 0.969450 0.309059
vt 0.855473 0.939771
vt 0.974764 0.972069
vt 0.978796 0.978402
vt 0.967431 0.980816
vt 0.981444 0.970336
vt 0.315219 0.938343
vt 0.744567 0.249245
vt 0.855291 0.948728
vt 0.851229 0.958324
vt 0.843447 0.949540
vt 0.519332 0.347770
vt 0.512979 0.347017
vt 0.240627 0.964398
vt 0.994707 0.825616
vt 0.992701 0.830579
vt 0.992868 0.816927
vt 0.408153 0.734549
vt 0.395551 0.718506
vt 0.737592 0.770901
vt 0.051670 0.862771
vt 0.343798 0.640627
vt 0.961183 0.531499
vt 0.792063 0.729611
vt 0.800026 0.713469
vt 0.814113 0.718796
vt 0.673370 0.891605
vt 0.675269 0.841335
vt 0.666122 0.841864
vt 0.949599 0.091506
vt 0.949599 0.081711
vt 0.956754 0.086682
vt 0.448134 0.221926
vt 0.419732 0.733966
vt 0.430737 0.725313
vt 0.417354 0.747437
vt 0.233992 0.796358
vt 0.210321 0.758385
vt 0.316854 0.921128
vt 0.744164 0.233253
vt 0.748822 0.227992
vt 0.707333 0.737321
vt 0.809403 0.959747
vt 0.727779 0.745900
vt 0.610292 0.044710
vt 0.618972 0.036976
vt 0.510968 0.330173
vt 0.058444 0.526464
vt 0.640500 0.217427
vt 0.668549 0.228205
vt 0.016951 0.441418
vt 0.953289 0.650246
vt 0.998201 0.834409
vt 0.950107 0.490532
vt 0.970889 0.492158
vt 0.957563 0.502601
vt 0.645374 0.310927
vt 0.646978 0.304885
vt 0.627093 0.775704
vt 0.759212 0.731643
vt 0.485145 0.891666
vt 0.670634 0.473961
vt 0.672177 0.437175
vt 0.717019 0.642585
vt 0.365184 0.244226
vt 0.664544 0.845889
vt 0.004852 0.241027
vt 0.988471 0.091610
vt 0.996034 0.090959
vt 0.958272 0.079801
vt 0.616783 0.327702
vt 0.096472 0.654433
vt 0.605159 0.320504
vt 0.619974 0.297980
vt 0.074539 0.529965
vt 0.676779 0.219415
vt 0.680959 0.222739
vt 0.658876 0.298284
vt 0.650086 0.296916
vt 0.277247 0.970298
vt 0.739399 0.752785
vt 0.083144 0.816122
vt 0.957175 0.524550
vt 0.993619 0.423112
vt 0.985463 0.423112
vt 0.989577 0.409253
vt 0.853288 0.923825
vt 0.213603 0.776709
vt 0.743446 0.483604
vt 0.373367 0.959054
vt 0.374852 0.978700
vt 0.359360 0.967079
vt 0.563271 0.774922
vt 0.814520 0.963294
vt 0.624080 0.308513
vt 0.727214 0.733645
vt 0.845533 0.964729
vt 0.522889 0.359028
vt 0.072266 0.498029
vt 0.961860 0.254160
vt 0.057072 0.516246
vt 0.796453 0.901476
vt 0.044878 0.464415
vt 0.949303 0.882873
vt 0.051225 0.986324
vt 0.044113 0.998297
vt 0.720402 0.994500
vt 0.726319 0.982855
vt 0.726319 0.999555
vt 0.289149 0.974180
vt 0.332069 0.632282
vt 0.350656 0.639551
vt 0.726198 0.663147
vt 0.799783 0.693631
vt 0.815856 0.695351
vt 0.719728 0.574284
vt 0.979390 0.962552
vt 0.448690 0.265827
vt 0.444416 0.258756
vt 0.455893 0.259976
vt 0.545884 0.309843
vt 0.565881 0.301874
vt 0.549186 0.329299
vt 0.217236 0.789729
vt 0.230787 0.769245
vt 0.179006 0.933938
vt 0.005292 0.077092
vt 0.518009 0.828529
vt 0.510797 0.818870
vt 0.516186 0.818395
vt 0.505361 0.828672
vt 0.119771 0.703856
vt 0.117002 0.709523
vt 0.117002 0.694301
vt 0.067937 0.504414
vt 0.056600 0.511199
vt 0.545782 0.583045
vt 0.956682 0.878318
vt 0.971231 0.224045
vt 0.983725 0.227835
vt 0.979282 0.241590
vt 0.021489 0.982361
vt 0.017342 0.991239
vt 0.017342 0.976872
vt 0.628292 0.306910
vt 0.729836 0.776702
vt 0.727779 0.760084
vt 0.379698 0.633482
vt 0.436018 0.811567
vt 0.502932 0.899979
vt 0.955081 0.604211
vt 0.961133 0.606032
vt 0.959505 0.615227
vt 0.704247 0.361166
vt 0.984868 0.616758
vt 0.974320 0.601837
vt 0.984868 0.586009
vt 0.658787 0.839909
vt 0.420788 0.221765
vt 0.114565 0.644857
vt 0.698955 0.723359
vt 0.586102 0.742543
vt 0.597204 0.743149
vt 0.590666 0.096648
vt 0.110786 0.916980
vt 0.096868 0.915329
vt 0.099905 0.896893
vt 0.094034 0.904540
vt 0.067563 0.530984
vt 0.083765 0.888356
vt 0.986050 0.099108
vt 0.992740 0.102195
vt 0.994620 0.116735
vt 0.671090 0.286373
vt 0.665940 0.294163
vt 0.998201 0.810426
vt 0.972410 0.510290
vt 0.069721 0.852983
vt 0.079516 0.838059
vt 0.060840 0.826872
vt 0.483952 0.836564
vt 0.362742 0.642954
vt 0.370102 0.637392
vt 0.818714 0.708672
vt 0.921094 0.198671
vt 0.923413 0.187696
vt 0.931187 0.198671
vt 0.456069 0.262946
vt 0.446134 0.271910
vt 0.569955 0.984038
vt 0.374852 0.942950
vt 0.356160 0.953700
vt 0.358800 0.929072
vt 0.725167 0.218837
vt 0.879078 0.977876
vt 0.573617 0.758247
vt 0.540331 0.783477
vt 0.193888 0.938215
vt 0.000000 0.090732
vt 0.984982 0.776374
vt 0.987870 0.767528
vt 0.991508 0.776951
vt 0.519173 0.337452
vt 0.522428 0.332630
vt 0.519849 0.352783
vt 0.198564 0.676364
vt 0.199452 0.658054
vt 0.202916 0.664064
vt 0.565171 0.566289
vt 0.704365 0.226267
vt 0.932588 0.650142
vt 0.635594 0.287550
vt 0.119380 0.802096
vt 0.114653 0.784198
vt 0.119380 0.783036
vt 0.500696 0.809400
vt 0.497079 0.829695
vt 0.658732 0.504981
vt 0.664338 0.504636
vt 0.655458 0.840676
vt 0.527067 0.329816
vt 0.080017 0.518474
vt 0.717285 0.723783
vt 0.075089 0.466139
vt 0.082740 0.482289
vt 0.538125 0.400547
vt 0.546210 0.423419
vt 0.580339 0.132445
vt 0.669823 0.208376
vt 0.000000 0.403301
vt 0.723064 0.982610
vt 0.727531 0.969958
vt 0.406318 0.726664
vt 0.063309 0.830214
vt 0.114995 0.776729
vt 0.793603 0.609898
vt 0.856753 0.598666
vt 0.449724 0.641684
vt 0.604401 0.789434
vt 0.973094 0.956079
vt 0.623404 0.320659
vt 0.594332 0.732619
vt 0.097630 0.931363
vt 0.611159 0.014772
vt 0.615880 0.025407
vt 0.607239 0.018201
vt 0.079968 0.460699
vt 0.087039 0.473664
vt 0.528543 0.344907
vt 0.069190 0.453942
vt 0.691213 0.218747
vt 0.643994 0.202437
vt 0.493415 0.849514
vt 0.597204 0.798420
vt 0.653471 0.865091
vt 0.984431 0.569752
vt 0.849956 0.902019
vt 0.438090 0.278671
vt 0.989418 0.281403
vt 0.986316 0.291140
vt 0.981420 0.283198
vt 0.610660 0.996089
vt 0.603175 0.987020
vt 0.610660 0.983488
vt 0.103692 0.485973
vt 0.099435 0.467191
vt 0.626388 0.295935
vt 0.007088 0.976872
vt -0.000000 0.971877
vt 0.012538 0.967478
vt 0.001672 0.964720
vt 0.814952 0.197362
vt 0.827256 0.172231
vt 0.835040 0.194845
vt 0.920756 0.648640
vt 0.943280 0.648535
vt 0.982281 0.216862
vt 0.647813 0.274895
vt 0.332876 0.645180
vt 0.727779 0.649586
vt 0.673144 0.410882
vt 0.957321 0.597652
vt 0.680670 0.382363
vt 0.688697 0.378175
vt 0.664333 0.912824
vt 0.324837 0.772911
vt 0.319115 0.766415
vt 0.983225 0.268739
vt 0.940661 0.187696
vt 0.931848 0.199351
vt 0.931187 0.187696
vt 0.101467 0.658246
vt 0.097517 0.510057
vt 0.115845 0.937890
vt 0.512657 0.806820
vt 0.978978 0.424784
vt 0.984052 0.427621
vt 0.974758 0.428315
vt 0.195364 0.992966
vt 0.195364 0.977794
vt 0.200025 0.982631
vt 0.053188 0.446351
vt 0.059168 0.452431
vt 0.963782 0.871457
vt 0.627499 0.290458
vt 0.382205 0.638092
vt 0.655671 0.498234
vt 0.827092 0.724154
vt 0.477113 0.970375
vt 0.495188 0.971073
vt 0.606718 0.782520
vt 0.702087 0.515745
vt 0.719868 0.540484
vt 0.660420 0.883088
vt 0.823809 0.910545
vt 0.650376 0.834138
vt 0.237646 0.837535
vt 0.240264 0.829413
vt 0.240264 0.840396
vt 0.976690 0.948280
vt 0.078133 0.660879
vt 0.742744 0.505565
vt 0.111655 0.656651
vt 0.111168 0.509918
vt 0.528205 0.800029
vt 0.527389 0.796699
vt 0.983731 0.789422
vt 0.210290 0.870647
vt 0.205625 0.881633
vt 0.009181 0.960235
vt 0.804345 0.200053
vt 0.798494 0.186140
vt 0.083929 0.509260
vt 0.545772 0.369671
vt 0.417354 0.724050
vt 0.451077 0.830960
vt 0.969275 0.524028
vt 0.457188 0.657534
vt 0.463075 0.654337
vt 0.460622 0.676823
vt 0.457450 0.627560
vt 0.824400 0.677690
vt 0.601541 0.781480
vt 0.942759 0.947135
vt 0.938873 0.938525
vt 0.947594 0.934493
vt 0.080629 0.675948
vt 0.093822 0.670779
vt 0.983600 0.252661
vt 0.979647 0.246609
vt 0.983600 0.241590
vt 0.080851 0.503617
vt 0.597734 0.031843
vt 0.790413 0.203773
vt 0.814647 0.156284
vt 0.841824 0.179962
vt 0.656138 0.197811
vt 0.664630 0.270734
vt 0.673280 0.276455
vt 0.972714 0.478801
vt 0.972714 0.496560
vt 0.654852 0.470339
vt 0.412375 0.240604
vt 0.634984 0.841553
vt 0.646938 0.828147
vt 0.422098 0.277329
vt 0.942756 0.954336
vt 0.950737 0.949519
vt 0.526395 0.309594
vt 0.777263 0.218837
vt 0.767751 0.210145
vt 0.783761 0.215752
vt 0.522397 0.798938
vt 0.584141 0.059630
vt 0.984682 0.812953
vt 0.974476 0.835940
vt 0.973154 0.810426
vt 0.536032 0.347328
vt 0.004750 0.957348
vt -0.000000 0.948714
vt 0.010663 0.952202
vt 0.575218 0.550348
vt 0.994620 0.092318
vt 0.853327 0.586503
vt 0.927937 0.515745
vt 0.934476 0.550118
vt 0.915184 0.528603
vt 0.470711 0.618276
vt 0.835697 0.707460
vt 0.668986 0.391646
vt 0.474438 0.962173
vt 0.691737 0.361412
vt 0.330922 0.998106
vt 0.324837 0.990395
vt 0.360999 0.330173
vt 0.368525 0.302707
vt 0.388702 0.320169
vt 0.399338 0.238838
vt 0.959717 0.951713
vt 0.427765 0.248415
vt 0.573329 0.113709
vt 0.988617 0.189908
vt 0.990599 0.182937
vt 0.996219 0.199666
vt 0.555226 0.229623
vt 0.704953 0.216288
vt 0.689398 0.204961
vt 0.938007 0.643008
vt 0.970052 0.217397
vt 0.650931 0.499584
vt 0.474023 0.696462
vt 0.483272 0.882217
vt 0.967578 0.621509
vt 0.974320 0.594315
vt 0.496318 0.953413
vt 0.119722 0.885070
vt 0.114653 0.874504
vt 0.119722 0.866432
vt 0.324759 0.981664
vt 0.305178 0.981664
vt 0.306628 0.958388
vt 0.758627 0.213056
vt 0.548373 0.767281
vt 0.104096 0.952555
vt 0.095374 0.952362
vt 0.573425 0.741600
vt 0.991508 0.797842
vt 0.974758 0.448208
vt 0.985384 0.440727
vt 0.996219 0.186150
vt 0.542366 0.182176
vt 0.702898 0.213416
vt 0.920455 0.642240
vt 0.998420 0.801501
vt 0.991508 0.808674
vt 0.991508 0.788695
vt 0.672788 0.992253
vt 0.664178 0.983945
vt 0.672788 0.968550
vt 0.954000 0.731643
vt 0.946011 0.739669
vt 0.939382 0.739281
vt 0.476446 0.855261
vt 0.371706 0.647652
vt 0.492596 0.696017
vt 0.484868 0.700517
vt 0.494228 0.662837
vt 0.646128 0.500110
vt 0.481863 0.664831
vt 0.487371 0.624791
vt 0.606610 0.776296
vt 0.391655 0.292268
vt 0.938873 0.963242
vt 0.967431 0.965206
vt 0.988908 0.261174
vt 0.105596 0.684338
vt 0.573945 0.745347
vt 0.525240 0.786269
vt 0.980994 0.838948
vt 0.574031 0.457345
vt 0.832534 0.149642
vt 0.971150 0.114256
vt 0.963381 0.111499
vt 0.465154 0.700627
vt 0.985090 0.371534
vt 0.976029 0.382080
vt 0.976029 0.365812
vt 0.973522 0.515745
vt 0.482349 0.597631
vt 0.835377 0.698597
vt 0.333675 0.269036
vt 0.359638 0.257314
vt 0.336754 0.275403
vt 0.404231 0.305213
vt 0.190637 0.947550
vt 0.984217 0.802145
vt 0.079993 0.522880
vt 0.021575 0.968200
vt 0.201708 0.646842
vt 0.551178 0.205229
vt 0.578114 0.555672
vt 0.023928 0.406819
vt 0.635981 0.171815
vt 0.649427 0.183550
vt 0.471644 0.703176
vt 0.979647 0.252099
vt 0.970052 0.252099
vt 0.971242 0.241590
vt 0.504895 0.704325
vt 0.503990 0.721285
vt 0.491179 0.700425
vt 0.449724 0.595084
vt 0.466405 0.594386
vt 0.658413 0.405391
vt 0.964626 0.576849
vt 0.569799 0.746922
vt 0.094421 0.940481
vt 0.469920 0.983211
vt 0.459852 0.983400
vt 0.467708 0.965253
vt 0.517004 0.790842
vt 0.510196 0.796537
vt 0.581170 0.441295
vt 0.057222 0.435250
vt 0.993170 0.470283
vt 0.999086 0.479916
vt 0.993170 0.490218
vt 0.660163 0.431379
vt 0.957392 0.580190
vt 0.683181 0.355740
vt 0.364155 0.262559
vt 0.691980 0.350107
vt 0.634984 0.873155
vt 0.374411 0.264986
vt 0.205630 0.948685
vt 0.601303 0.006796
vt 0.610663 -0.000000
vt 0.608512 0.010545
vt 0.072900 0.524000
vt 0.077472 0.545306
vt 0.065673 0.522527
vt 0.066732 0.437419
vt 0.056872 0.450550
vt 0.553791 0.133105
vt 0.198564 0.646479
vt 0.098309 0.972796
vt 0.089138 0.968082
vt 0.101019 0.955437
vt 0.983725 0.199878
vt 0.652339 0.267109
vt 0.660912 0.971535
vt 0.014568 0.403692
vt 0.627499 0.272350
vt 0.341516 0.670773
vt 0.463007 0.716338
vt 0.449724 0.715683
vt 0.458401 0.711648
vt 0.452189 0.573603
vt 0.953331 0.625876
vt 0.953331 0.641483
vt 0.943543 0.637734
vt 0.324837 0.294286
vt 0.900342 0.478662
vt 0.288103 0.958546
vt 0.304173 0.941924
vt 0.304173 0.970298
vt 0.967431 0.934493
vt 0.021575 0.985578
vt 0.025379 0.976333
vt 0.034529 0.977062
vt 0.567017 0.746573
vt 0.452841 0.982445
vt 0.787643 0.191431
vt 0.019407 0.956337
vt 0.793535 0.157079
vt 0.076148 0.458610
vt 0.068536 0.463183
vt 0.706354 0.208861
vt 0.669267 0.193691
vt 0.935713 0.755221
vt 0.485258 0.709684
vt 0.610696 0.766326
vt 0.401804 0.261453
vt 0.031496 0.968345
vt 0.025911 0.970400
vt 0.024867 0.963114
vt 0.561923 0.749892
vt 0.534087 0.765257
vt 0.586704 0.024974
vt 0.572575 0.096599
vt 0.074429 0.436188
vt 0.987215 0.169391
vt 0.984155 0.170815
vt 0.828071 0.206266
vt 0.833915 0.206479
vt 0.021420 0.397476
vt 0.015506 0.390427
vt 0.029363 0.395531
vt 0.966573 0.130524
vt 0.504021 0.841994
vt 0.667908 0.368158
vt 0.336538 0.296813
vt 0.677730 0.338436
vt 0.822671 0.894413
vt 0.075909 0.699089
vt 0.106062 0.704145
vt 0.090388 0.947011
vt 0.559105 0.747973
vt 0.783761 0.204227
vt 0.512741 0.788536
vt 0.094716 0.525621
vt 0.554227 0.226567
vt 0.544997 0.143717
vt 0.695944 0.194206
vt 0.090075 0.981278
vt 0.083765 0.955437
vt 0.792328 0.585173
vt 0.476551 0.580597
vt 0.849663 0.728575
vt 0.847385 0.717072
vt 0.663346 0.384775
vt 0.357355 0.282141
vt 0.119474 0.749828
vt 0.114653 0.740678
vt 0.119474 0.722818
vt 0.607566 0.755353
vt 0.371136 0.287194
vt 0.746184 0.206428
vt 0.526114 0.321501
vt 0.506490 0.330098
vt 0.516288 0.308489
vt 0.461397 0.957000
vt 0.469920 0.956519
vt 0.518260 0.779402
vt 0.973154 0.855293
vt 0.811816 0.901476
vt 0.796453 0.882496
vt 0.814025 0.883444
vt 0.988259 0.647934
vt 0.994375 0.642240
vt 0.993384 0.651896
vt 0.077206 0.430229
vt 0.583262 0.488423
vt 0.974105 0.127444
vt 0.200025 0.985740
vt 0.205687 0.970885
vt 0.210019 0.973505
vt 0.284412 0.952296
vt 0.298145 0.939453
vt 0.981420 0.254160
vt 0.542365 0.284928
vt 0.557417 0.286597
vt 0.735025 0.216556
vt 0.553280 0.748522
vt 0.502636 0.314498
vt 0.528251 0.770217
vt 0.082750 0.539229
vt 0.929179 0.757066
vt 0.002294 0.395929
vt 0.020153 0.399093
vt 0.348582 0.661786
vt 0.371078 0.653888
vt 0.349932 0.299139
vt 0.363395 0.301395
vt 0.724387 0.216293
vt 0.731110 0.208782
vt 0.593748 0.026572
vt 0.574695 0.077493
vt 0.994375 0.667132
vt 0.986258 0.664581
vt 0.514405 0.766689
vt 0.518377 0.772612
vt 0.030981 0.385375
vt 0.327406 0.670265
vt 0.336831 0.675723
vt 0.209056 0.958811
vt 0.096061 0.720129
vt 0.762226 0.204024
vt 0.526395 0.284928
vt 0.516694 0.288524
vt 0.320996 0.831366
vt 0.324652 0.828293
vt 0.087714 0.460732
vt 0.091252 0.433560
vt 0.091309 0.430073
vt 0.084489 0.422215
vt 0.530591 0.760968
vt 0.498364 0.304979
vt 0.057749 0.406249
vt 0.039845 0.396178
vt 0.099558 0.978125
vt 0.504895 0.862635
vt 0.482126 0.710540
vt 0.971870 0.999358
vt 0.965026 0.986943
vt 0.971870 0.980816
vt 0.200025 0.948685
vt 0.671173 0.347303
vt 0.613351 0.759019
vt 0.601804 0.763104
vt 0.836780 0.890000
vt 0.713300 0.206675
vt 0.091907 0.421892
vt 0.716627 0.894838
vt 0.723716 0.895781
vt 0.083422 0.552143
vt 0.565188 0.397880
vt 0.575649 0.422833
vt 0.596326 0.538620
vt 0.701054 0.194657
vt 0.363906 0.662999
vt 0.846983 0.688874
vt 0.332517 0.301734
vt 0.530910 0.284928
vt 0.029251 0.952378
vt 0.980915 0.470283
vt 0.576475 0.050978
vt 0.489441 0.294224
vt 0.500163 0.287323
vt 0.553556 0.115390
vt 0.539689 0.207739
vt 0.198603 0.766123
vt 0.200910 0.761557
vt 0.200910 0.768307
vt 0.712575 0.205428
vt 0.675584 0.180957
vt 0.727562 0.845026
vt 0.722581 0.853631
vt 0.720530 0.828147
vt 0.277247 0.944154
vt 0.342094 0.309981
vt 0.750565 0.199644
vt 0.021575 0.948714
vt 0.546084 0.745771
vt 0.973521 0.561149
vt 0.977649 0.550062
vt 0.979556 0.555465
vt 0.524181 0.747533
vt 0.979653 0.920005
vt 0.989599 0.919019
vt 0.990417 0.930784
vt 0.482893 0.284928
vt 0.990417 0.909797
vt 0.910253 0.951093
vt 0.895777 0.952725
vt 0.976947 0.134575
vt 0.039756 0.390940
vt 0.501605 0.735419
vt 0.494710 0.718119
vt 0.082068 0.716736
vt 0.075930 0.719048
vt 0.766606 0.203681
vt 0.760529 0.201652
vt 0.772329 0.192951
vt 0.783761 0.155655
vt 0.079879 0.571808
vt 0.982070 0.532145
vt 0.716014 0.876871
vt 0.973521 0.515745
vt 0.977873 0.532628
vt 0.069289 0.405403
vt 0.093673 0.986176
vt 0.977665 0.146208
vt 0.018507 0.372790
vt 0.479462 0.726333
vt 0.646128 0.367610
vt 0.955081 0.569752
vt 0.617361 0.748790
vt 0.740201 0.199703
vt 0.082146 0.404222
vt 0.516501 0.755679
vt 0.797397 0.862572
vt 0.535906 0.227350
vt 0.949441 0.261664
vt 0.954271 0.255587
vt 0.958444 0.265364
vt 0.986724 0.903463
vt 0.658438 0.350543
vt 0.618409 0.732619
vt 0.827643 0.887762
vt 0.993719 0.340500
vt 0.986604 0.356375
vt 0.772854 0.155827
vt 0.984870 0.546696
vt 0.951966 0.279723
vt 0.985053 0.193307
vt 0.905402 0.974114
vt 0.913768 0.955704
vt 0.898129 0.965211
vt 0.053496 0.399870
vt 0.706892 0.852580
vt 0.955081 0.545453
vt 0.941116 0.577280
vt 0.948252 0.536165
vt 0.456170 0.723693
vt 0.849663 0.667219
vt 0.831410 0.665165
vt 0.305178 0.987384
vt 0.312627 0.997785
vt 0.994220 0.243096
vt 0.994220 0.226477
vt 0.999538 0.235781
vt 0.659230 0.330173
vt 0.847099 0.890570
vt 0.721462 0.198236
vt 0.954872 0.301068
vt 0.956877 0.294100
vt 0.961328 0.309059
vt 0.509300 0.764540
vt 0.607553 0.541384
vt 0.715473 0.863270
vt 0.035443 0.378409
vt 0.052920 0.384836
vt 0.492636 0.882217
vt 0.927082 0.559846
vt 0.983725 0.226477
vt 0.994073 0.215313
vt 0.089245 0.722818
vt 0.994168 0.353200
vt 0.980565 0.191453
vt 0.895688 0.979280
vt 0.600166 0.553542
vt 0.577614 0.556164
vt 0.590154 0.472092
vt 0.057064 0.395770
vt 0.777557 0.983420
vt 0.765760 0.990595
vt 0.765760 0.963897
vt 0.626707 0.745336
vt 0.608128 0.743713
vt 0.106289 0.720081
vt 0.574453 0.042379
vt 0.582279 0.025855
vt 0.096755 0.545138
vt 0.070879 0.401291
vt 0.708721 0.880430
vt 0.964746 0.279457
vt 0.816493 0.554521
vt 0.348586 0.688585
vt 0.973877 0.730126
vt 0.959996 0.704224
vt 0.977941 0.704224
vt 0.579803 0.955456
vt 0.588147 0.934435
vt 0.601374 0.955451
vt 0.841503 0.885583
vt 0.849838 0.884585
vt 0.562377 0.075845
vt 0.512855 0.752106
vt 0.988617 0.191712
vt 0.591987 0.452692
vt 0.974758 0.495256
vt 0.974758 0.478422
vt 0.985493 0.492522
vt 0.854868 0.565814
vt 0.467268 0.738043
vt 0.579803 0.923416
vt 0.593151 0.924746
vt 0.969696 0.305762
vt 0.686576 0.167812
vt 0.928733 0.777911
vt 0.599671 0.934053
vt 0.727484 0.189224
vt 0.119722 0.900137
vt 0.115875 0.906690
vt 0.115875 0.885070
vt 0.714534 0.193290
vt 0.816272 0.864537
vt 0.976982 0.508638
vt 0.977761 0.470283
vt 0.938096 0.790085
vt 0.611385 0.938244
vt 0.565735 0.059658
vt 0.554828 0.101467
vt 0.583069 0.408975
vt 0.507344 0.746408
vt 0.068996 0.390963
vt 0.543687 0.124205
vt 0.453360 0.746607
vt 0.954000 0.810426
vt 0.945126 0.808849
vt 0.526609 0.214840
vt 0.527627 0.177991
vt 0.703169 0.177554
vt 0.599391 0.486279
vt 0.555882 0.995276
vt 0.550397 0.997448
vt 0.568563 0.046893
vt 0.093419 0.558938
vt 0.634985 0.973557
vt 0.640821 0.946655
vt 0.649034 0.954258
vt 0.799212 0.852782
vt 0.543611 0.114518
vt 0.615405 0.524923
vt 0.608369 0.515781
vt 0.573222 0.985953
vt 0.568846 0.996894
vt 0.568846 0.984038
vt 0.998228 0.321234
vt 0.992277 0.311120
vt 0.997869 0.309974
vt 0.998228 0.298547
vt 0.740036 0.166283
vt 0.764426 0.142382
vt 0.818579 0.857897
vt 0.934457 0.795732
vt 0.634985 0.922069
vt 0.650268 0.929476
vt 0.641341 0.134326
vt 0.792064 0.559133
vt 0.561900 0.061109
vt 0.556330 0.077489
vt 0.992181 0.458631
vt 0.988044 0.458619
vt 0.991635 0.443518
vt 0.653685 0.139676
vt 0.324837 0.694845
vt 0.500513 0.881015
vt 0.335183 0.692159
vt 0.995373 0.745637
vt 0.985923 0.731643
vt 0.521682 0.206485
vt 0.985384 0.455180
vt 0.986651 0.441513
vt 0.808321 0.112785
vt 0.695155 0.161499
vt 0.950487 0.575710
vt 0.044861 0.927464
vt 0.037292 0.933655
vt 0.036529 0.903419
vt 0.484848 0.741840
vt 0.550727 0.080224
vt 0.547953 0.099731
vt 0.504834 0.985847
vt 0.496318 0.969067
vt 0.500798 0.965083
vt 0.794578 0.134601
vt 0.608186 0.444720
vt 0.992181 0.434005
vt 0.991404 0.424784
vt 0.611739 0.479426
vt 0.613744 0.500803
vt 0.596406 0.423724
vt 0.660912 0.944052
vt 0.517422 0.151695
vt 0.712575 0.166845
vt 0.504401 0.197160
vt 0.818721 0.111886
vt 0.621402 0.461347
vt 0.048689 0.921704
vt 0.726033 0.156255
vt 0.540655 0.095781
vt 0.796453 0.835876
vt 0.522496 0.116956
vt 0.518250 0.137112
vt 0.949599 0.063463
vt 0.961946 0.034204
vt 0.960142 0.079800
vt 0.624207 0.492548
vt 0.850010 0.540945
vt 0.854741 0.544836
vt 0.042417 0.952222
vt 0.036529 0.951790
vt 0.654916 0.965655
vt 0.525304 0.111922
vt 0.610831 0.532401
vt 0.619335 0.524681
vt 0.627951 0.522832
vt 0.632477 0.131056
vt 0.347710 0.706887
vt 0.360274 0.680640
vt 0.361858 0.685855
vt 0.054432 0.908480
vt 0.504834 0.953413
vt 0.922154 0.577619
vt 0.319422 0.667150
vt 0.323459 0.658035
vt 0.324221 0.678996
vt 0.789056 0.118189
vt 0.624691 0.477215
vt 0.755489 0.133265
vt 0.937393 0.085282
vt 0.922912 0.092318
vt 0.918016 0.075901
vt 0.633968 0.521899
vt 0.320519 0.641423
vt 0.742744 0.515289
vt 0.750580 0.506954
vt 0.056096 0.944684
vt 0.902057 0.076439
vt 0.902317 0.060276
vt 0.671842 0.125830
vt 0.663718 0.132789
vt 0.777303 0.119810
vt 0.953239 0.035501
vt 0.950864 0.583440
vt 0.488955 0.185702
vt 0.634421 0.503310
vt 0.625776 0.489591
vt 0.633770 0.517439
vt 0.325706 0.711243
vt 0.821911 0.459914
vt 0.819764 0.473656
vt 0.804532 0.469043
vt 0.067461 0.928321
vt 0.931298 0.072428
vt 0.324221 0.632791
vt 0.218602 0.960380
vt 0.213062 0.955527
vt 0.230503 0.938722
vt 0.210321 0.936487
vt 0.210321 0.922879
vt 0.214528 0.921763
vt 0.639787 0.540921
vt 0.642937 0.534882
vt 0.068885 0.939803
vt 0.502344 0.140791
vt 0.950340 0.021587
vt 0.963596 0.011620
vt 0.213931 0.915858
vt 0.335921 0.710179
vt 0.228974 0.964398
vt 0.229168 0.948000
vt 0.234114 0.958263
vt 0.632718 0.471269
vt 0.646128 0.548190
vt 0.936897 0.602355
vt 0.641186 0.527915
vt 0.794387 0.539064
vt 0.832091 0.520829
vt 0.925648 0.597253
vt 0.319935 0.634312
vt 0.507101 0.124347
vt 0.517650 0.114903
vt 0.798144 0.082962
vt 0.493585 0.166905
vt 0.238017 0.942930
vt 0.655214 0.113116
vt 0.938574 0.607763
vt 0.949599 0.071335
vt 0.769675 0.108515
vt 0.919153 0.026400
vt 0.642991 0.109568
vt 0.910097 0.022008
vt 0.490604 0.203274
vt 0.748764 0.115743
vt 0.949599 0.009071
vt 0.955101 -0.000000
vt 0.422409 0.872341
vt 0.407082 0.878645
vt 0.422409 0.840258
vt 0.231348 0.928269
vt 0.915184 0.600131
vt 0.940666 0.053437
vt 0.499916 0.135692
vt 0.833218 0.091296
vt 0.827327 0.116064
vt 0.407703 0.909765
vt 0.808621 0.081273
vt 0.421345 0.827011
vt 0.404189 0.844289
vt 0.403539 0.841117
vt 0.807507 0.523159
vt 0.949599 0.027458
vt 0.821701 0.078086
vt 0.237762 0.932379
vt 0.402979 0.883124
vt 0.921060 0.016915
vt 0.489444 0.173405
vt 0.399638 0.922570
vt 0.399064 0.871575
vt 0.400418 0.890325
vt 0.482893 0.207787
vt 0.649089 0.108029
vt 0.792377 0.472221
vt 0.789678 0.488790
vt 0.784696 0.479284
vt 0.797798 0.482446
vt 0.398298 0.849344
vt 0.666599 0.108519
vt 0.640574 0.106894
vt 0.814960 0.485562
vt 0.834415 0.087670
vt 0.762364 0.099453
vt 0.635047 0.090968
vt 0.790303 0.083809
vt 0.669822 0.103230
vt 0.938839 0.019961
vt 0.086961 0.888356
vt 0.093611 0.872596
vt 0.095830 0.879638
vt 0.663014 0.091794
vt 0.828952 0.071600
vt 0.926660 0.618827
vt 0.819327 0.510557
vt 0.803472 0.503196
vt 0.821911 0.493816
vt 0.808155 0.069557
vt 0.799653 0.524582
vt 0.795974 0.499678
vt 0.775957 0.084554
vt 0.652512 0.088851
vt 0.809455 0.515745
vt 0.117048 0.715556
vt 0.119771 0.709523
vt 0.119771 0.721245
vt 0.929960 0.625091
vt 0.907765 0.006701
vt 0.796247 0.072878
vt 0.805787 0.075676
vt 0.107655 0.868440
vt 0.110780 0.884694
vt 0.640834 0.085091
vt 0.947253 -0.000000
vt 0.130110 0.988541
vt 0.124377 0.997685
vt 0.124377 0.985097
vt 0.083765 0.865196
vt 0.093431 0.864928
vt 0.759340 0.086367
vt 0.937006 0.006614
vt 0.745738 0.104736
vt 0.749257 0.088473
vt 0.812582 0.056395
vt 0.666784 0.076921
vt 0.769018 0.081365
vt 0.916185 0.004016
vt 0.801015 0.055775
vt 0.099781 0.847481
vt 0.627499 0.074204
vt 0.651712 0.060872
vt 0.774747 0.070842
vt 0.783761 0.076702
vt 0.114653 0.824430
vt 0.114653 0.802096
vt 0.119713 0.818125
vt 0.778905 0.064689
vt 0.734468 0.940255
vt 0.744321 0.938407
vt 0.113114 0.855598
vt 0.114653 0.868901
vt 0.787011 0.064157
vt 0.816709 0.039406
vt 0.829836 0.067558
vt 0.685167 0.082367
vt 0.762717 0.063884
vt 0.746391 0.081106
vt 0.110960 0.838191
vt 0.839225 0.045521
vt 0.666153 0.061754
vt 0.693396 0.070855
vt 0.738266 0.951660
vt 0.727779 0.965295
vt 0.148249 0.941895
vt 0.165186 0.933609
vt 0.160347 0.945175
vt 0.791418 0.039944
vt 0.150610 0.929275
vt 0.658244 0.049795
vt 0.767218 0.055579
vt 0.732204 0.972969
vt 0.102227 0.833498
vt 0.969696 0.314728
vt 0.983818 0.307573
vt 0.983818 0.328730
vt 0.699632 0.330153
vt 0.696318 0.319440
vt 0.706908 0.313978
vt 0.227794 0.915858
vt 0.223864 0.897902
vt 0.231526 0.895975
vt 0.749630 0.963626
vt 0.688299 0.058632
vt 0.678493 0.057107
vt 0.676802 0.321540
vt 0.668868 0.042874
vt 0.772122 0.043916
vt 0.179006 0.943008
vt 0.161310 0.911451
vt 0.803867 0.026656
vt 0.687000 0.311426
vt 0.152216 0.912061
vt 0.670226 0.049574
vt 0.599312 0.327308
vt 0.582634 0.329802
vt 0.582718 0.304163
vt 0.692911 0.309383
vt 0.100677 0.820723
vt 0.700930 0.061771
vt 0.597587 0.298798
vt 0.571890 0.302936
vt 0.580352 0.291816
vt 0.588652 0.295079
vt 0.969157 0.380359
vt 0.960374 0.366670
vt 0.660034 0.030919
vt 0.764546 0.032613
vt 0.103279 0.971096
vt 0.119001 0.955616
vt 0.119001 0.984487
vt 0.968345 0.792386
vt 0.968345 0.808072
vt 0.954000 0.801090
vt 0.705149 0.293502
vt 0.590387 0.901888
vt 0.584264 0.869690
vt 0.599317 0.893435
vt 0.789991 0.020065
vt 0.114653 0.816149
vt 0.604091 0.906279
vt 0.595112 0.923416
vt 0.704683 0.042515
vt 0.229908 0.880895
vt 0.622112 0.994350
vt 0.613679 0.990237
vt 0.622112 0.970138
vt 0.565881 0.313575
vt 0.691572 0.052164
vt 0.767953 0.014833
vt 0.675106 0.301313
vt 0.699005 0.291031
vt 0.959508 0.349197
vt 0.669699 0.027359
vt 0.161393 0.891835
vt 0.801133 0.016519
vt 0.822236 0.028006
vt 0.102469 0.798077
vt 0.611205 0.833999
vt 0.606160 0.829646
vt 0.220564 0.876430
vt 0.171365 0.904810
vt 0.811460 0.009565
vt 0.824690 0.000000
vt 0.977687 0.424718
vt 0.977687 0.394114
vt 0.983270 0.402175
vt 0.599312 0.288616
vt 0.597567 0.284928
vt 0.665087 0.009515
vt 0.179006 0.889482
vt 0.592508 0.852994
vt 0.597328 0.876133
vt 0.680943 0.302356
vt 0.985384 0.467858
vt 0.992004 0.458631
vt 0.992004 0.468858
vt 0.963596 0.053540
vt 0.971112 0.022535
vt 0.974424 0.050601
vt 0.977435 0.031088
vt 0.706908 0.268621
vt 0.973373 0.343445
vt 0.976029 0.381414
vt 0.608814 0.888599
vt 0.712575 0.042503
vt 0.579803 0.861221
vt 0.613538 0.898613
vt 0.687825 0.309260
vt 0.688531 0.285358
vt 0.611385 0.973181
vt 0.591815 0.836672
vt 0.698156 0.267109
vt 0.759926 0.020450
vt 0.613503 0.873589
vt 0.677415 0.008648
vt 0.892476 0.146483
vt 0.900950 0.151194
vt 0.967190 0.330173
vt 0.913768 0.992807
vt 0.913768 0.974773
vt 0.925053 0.982063
vt 0.601092 0.868923
vt 0.673280 0.295478
vt 0.680900 0.279001
vt 0.985463 0.394434
vt 0.126159 0.966180
vt 0.136404 0.958888
vt 0.132774 0.985097
vt 0.973653 0.007316
vt 0.225239 0.864635
vt 0.237646 0.871814
vt 0.802102 0.001712
vt 0.604799 0.858664
vt 0.919926 0.970763
vt 0.620774 0.891741
vt 0.411408 0.993207
vt 0.411408 0.968753
vt 0.420027 0.981767
vt 0.974777 0.330998
vt 0.970787 0.808981
vt 0.970961 0.786171
vt 0.983698 0.798575
vt 0.983731 0.789538
vt 0.820680 0.959750
vt 0.829597 0.962840
vt 0.823403 0.973970
vt 0.436268 0.989733
vt 0.443421 0.986582
vt 0.863160 0.996879
vt 0.855473 0.983300
vt 0.119795 0.958888
vt 0.748618 0.017359
vt 0.744290 0.005175
vt 0.210321 0.857718
vt 0.222566 0.853224
vt 0.610358 0.859627
vt 0.265638 0.965953
vt 0.277247 0.958011
vt 0.266337 0.981061
vt 0.978043 0.382963
vt 0.866456 0.211253
vt 0.866456 0.197263
vt 0.877816 0.204553
vt 0.673917 0.000000
vt 0.628057 0.877979
vt 0.236029 0.856851
vt 0.905353 0.992622
vt 0.895688 0.992622
vt 0.898232 0.979280
vt 0.826854 0.948728
vt 0.843447 0.971595
vt 0.838161 0.956601
vt 0.665439 0.002556
vt 0.634129 0.881440
vt 0.963596 0.007953
vt 0.898915 0.134174
vt 0.891757 0.135726
vt 0.969270 -0.000000
vt 0.617362 0.866963
vt 0.843447 0.951386
vt 0.628505 0.870088
vt 0.225843 0.833112
vt 0.237646 0.844067
vt 0.938873 0.985657
vt 0.951281 0.971878
vt 0.951281 0.988853
vt 0.939318 0.971979
vt 0.443421 0.996554
vt 0.634268 0.888124
vt 0.990441 0.326730
vt 0.992277 0.312083
vt 0.765760 0.971639
vt 0.765760 0.985608
vt 0.752471 0.000000
vt 0.979538 0.777949
vt 0.221361 0.840118
vt 0.624803 0.854029
vt 0.618525 0.847055
vt 0.750521 0.972821
vt 0.232147 0.826441
vt 0.265638 0.947596
vt 0.983818 0.311491
vt 0.632715 0.875452
vt 0.158560 0.992044
vt 0.151860 0.994234
vt 0.158560 0.981149
vt 0.148249 0.989501
vt 0.148807 0.972546
vt 0.629141 0.859200
vt 0.986713 0.497932
vt 0.985493 0.483101
vt 0.993170 0.484974
vt 0.634174 0.863937
vt 0.396796 0.985366
vt 0.386387 0.972591
vt 0.398787 0.968023
vt 0.398787 0.990743
vt 0.387027 0.987319
vt 0.233418 0.824149
vt 0.221677 0.815728
vt 0.985757 0.298763
vt 0.948473 0.965206
vt 0.761238 0.963897
vt 0.883603 0.211253
vt 0.877816 0.197781
vt 0.889034 0.197781
vt 0.271877 0.940311
vt 0.614660 0.835059
vt 0.618484 0.835694
vt 0.878508 0.206581
vt 0.634268 0.844056
vt 0.990439 0.298547
vt 0.970787 0.767528
vt 0.217280 0.832010
vt 0.216991 0.815925
s 1
usemtl Material
f 1/1/1 2/2/2 3/3/3
f 3/3/3 4/4/4 1/1/1
f 2/2/2 1/1/1 5/5/5
f 5/6/5 1/7/1 6/8/6
f 1/9/1 4/10/4 7/11/7
f 1/12/1 7/13/7 6/14/6
f 7/13/7 8/15/8 6/14/6
f 9/16/9 10/17/10 11/18/11
f 9/16/9 12/19/12 10/17/10
f 5/6/5 6/8/6 13/20/13
f 5/5/5 14/21/14 2/2/2
f 7/22/7 15/23/15 8/24/8
f 4/10/4 16/25/16 7/11/7
f 9/16/9 17/26/17 12/19/12
f 6/8/6 17/27/17 13/20/13
f 3/3/3 18/28/18 4/4/4
f 19/29/19 9/16/9 11/18/11
f 13/30/13 17/26/17 9/16/9
f 14/21/14 20/31/20 2/2/2
f 6/8/6 8/32/8 17/27/17
f 2/2/2 20/31/20 3/3/3
f 20/31/20 21/33/21 3/3/3
f 18/28/18 3/3/3 21/33/21
f 4/4/4 18/28/18 22/34/22
f 19/29/19 11/18/11 23/35/23
f 11/36/11 24/37/24 23/38/23
f 11/36/11 10/39/10 24/37/24
f 12/40/12 17/41/17 25/42/25
f 5/43/5 26/44/26 14/45/14
f 10/39/10 12/46/12 27/47/27
f 17/27/17 8/32/8 25/48/25
f 8/24/8 15/23/15 25/49/25
f 4/10/4 28/50/28 16/25/16
f 4/51/4 22/52/22 28/53/28
f 19/29/19 13/30/13 9/16/9
f 10/39/10 29/54/29 24/37/24
f 10/39/10 27/47/27 29/54/29
f 20/31/20 30/55/30 21/33/21
f 21/33/21 30/55/30 18/28/18
f 16/25/16 15/56/15 7/11/7
f 18/28/18 31/57/31 22/34/22
f 26/58/26 13/30/13 19/29/19
f 30/55/30 32/59/32 18/28/18
f 18/28/18 32/59/32 31/57/31
f 31/57/31 33/60/33 22/34/22
f 22/52/22 33/61/33 28/53/28
f 24/62/24 34/63/34 23/64/23
f 5/43/5 13/65/13 26/44/26
f 28/53/28 33/61/33 35/66/35
f 14/21/14 36/67/36 20/31/20
f 12/46/12 25/68/25 27/47/27
f 28/50/28 35/69/35 16/25/16
f 37/70/37 38/71/38 33/60/33
f 27/47/27 25/68/25 39/72/39
f 25/49/25 15/23/15 40/73/40
f 30/55/30 41/74/41 32/59/32
f 31/57/31 42/75/42 33/60/33
f 33/76/33 43/77/43 35/69/35
f 33/76/33 38/78/38 43/77/43
f 24/37/24 29/54/29 44/79/44
f 25/49/25 40/73/40 39/80/39
f 16/25/16 45/81/45 15/56/15
f 16/25/16 35/69/35 46/82/46
f 33/60/33 42/75/42 37/70/37
f 34/63/34 24/62/24 44/83/44
f 20/84/20 47/85/47 30/86/30
f 15/56/15 45/81/45 40/87/40
f 46/82/46 45/81/45 16/25/16
f 37/70/37 48/88/48 38/71/38
f 49/89/49 19/90/19 23/64/23
f 29/54/29 27/47/27 50/91/50
f 50/91/50 27/47/27 39/72/39
f 32/59/32 51/92/51 31/57/31
f 42/75/42 31/57/31 51/92/51
f 14/45/14 26/44/26 36/93/36
f 36/94/36 47/85/47 20/84/20
f 47/85/47 52/95/52 30/86/30
f 38/78/38 53/96/53 43/77/43
f 26/58/26 19/29/19 49/97/49
f 38/71/38 48/88/48 54/98/54
f 30/86/30 52/95/52 41/99/41
f 54/100/54 55/101/55 38/102/38
f 43/77/43 56/103/56 35/69/35
f 37/70/37 42/75/42 57/104/57
f 23/64/23 34/63/34 58/105/58
f 26/58/26 59/106/59 36/107/36
f 41/74/41 60/108/60 32/59/32
f 38/102/38 55/101/55 53/109/53
f 23/64/23 58/105/58 49/89/49
f 49/97/49 59/106/59 26/58/26
f 29/54/29 61/110/61 44/79/44
f 36/107/36 62/111/62 47/112/47
f 29/54/29 50/91/50 61/110/61
f 46/82/46 35/69/35 63/113/63
f 63/113/63 35/69/35 56/103/56
f 53/109/53 55/101/55 64/114/64
f 50/91/50 39/72/39 65/115/65
f 32/59/32 60/108/60 51/92/51
f 52/95/52 66/116/66 41/99/41
f 40/73/40 67/117/67 39/80/39
f 43/77/43 53/96/53 56/103/56
f 37/70/37 68/118/68 48/88/48
f 69/119/69 42/75/42 51/92/51
f 57/104/57 68/118/68 37/70/37
f 40/73/40 70/120/70 67/117/67
f 41/99/41 71/121/71 60/122/60
f 51/92/51 72/123/72 69/119/69
f 69/119/69 57/104/57 42/75/42
f 57/104/57 73/124/73 68/118/68
f 53/96/53 64/125/64 56/103/56
f 54/100/54 74/126/74 55/101/55
f 34/63/34 44/83/44 58/105/58
f 36/107/36 59/106/59 62/111/62
f 47/112/47 62/111/62 52/127/52
f 71/121/71 41/99/41 66/116/66
f 69/119/69 73/124/73 57/104/57
f 75/128/75 64/114/64 55/101/55
f 76/129/76 58/105/58 44/83/44
f 65/115/65 39/72/39 67/130/67
f 70/131/70 40/87/40 45/81/45
f 48/132/48 77/133/77 54/100/54
f 49/89/49 78/134/78 59/135/59
f 59/106/59 79/136/79 62/111/62
f 79/137/79 80/138/80 62/139/62
f 60/108/60 72/123/72 51/92/51
f 48/88/48 68/118/68 81/140/81
f 77/133/77 74/126/74 54/100/54
f 49/89/49 58/105/58 78/134/78
f 44/79/44 82/141/82 83/142/83
f 52/127/52 62/111/62 80/143/80
f 72/123/72 84/144/84 69/119/69
f 84/144/84 73/124/73 69/119/69
f 44/83/44 83/145/83 76/129/76
f 77/133/77 48/132/48 81/146/81
f 55/101/55 74/126/74 85/147/85
f 44/79/44 61/110/61 82/141/82
f 80/143/80 86/148/86 52/127/52
f 52/95/52 87/149/87 66/116/66
f 71/121/71 88/150/88 60/122/60
f 88/150/88 72/151/72 60/122/60
f 56/103/56 64/125/64 89/152/89
f 75/128/75 55/101/55 85/147/85
f 78/134/78 79/153/79 59/135/59
f 65/115/65 67/130/67 90/154/90
f 72/123/72 88/155/88 84/144/84
f 56/103/56 91/156/91 63/113/63
f 73/124/73 92/157/92 68/118/68
f 74/126/74 77/133/77 93/158/93
f 92/157/92 81/140/81 68/118/68
f 58/105/58 76/129/76 94/159/94
f 52/95/52 86/160/86 87/149/87
f 95/161/95 71/121/71 66/116/66
f 45/81/45 96/162/96 70/131/70
f 97/163/97 92/157/92 73/124/73
f 98/164/98 85/147/85 74/126/74
f 65/115/65 99/165/99 50/91/50
f 100/166/100 84/144/84 88/155/88
f 84/144/84 97/163/97 73/124/73
f 74/126/74 93/158/93 98/164/98
f 101/167/101 102/168/102 103/169/103
f 104/170/104 105/171/105 102/168/102
f 80/138/80 79/137/79 106/172/106
f 106/172/106 86/160/86 80/138/80
f 65/115/65 90/154/90 99/165/99
f 56/103/56 89/152/89 91/156/91
f 64/125/64 75/173/75 89/152/89
f 92/157/92 107/174/107 81/140/81
f 81/146/81 108/175/108 77/133/77
f 102/176/102 109/177/109 104/178/104
f 110/179/110 105/171/105 104/170/104
f 102/168/102 111/180/111 103/169/103
f 105/171/105 111/180/111 102/168/102
f 112/181/112 111/180/111 105/171/105
f 112/181/112 113/182/113 111/180/111
f 114/183/114 87/149/87 86/160/86
f 45/81/45 46/82/46 96/162/96
f 108/175/108 115/184/115 77/133/77
f 116/185/116 103/186/103 111/187/111
f 113/182/113 117/188/117 111/180/111
f 112/189/112 118/190/118 113/191/113
f 61/110/61 50/91/50 99/165/99
f 87/149/87 95/161/95 66/116/66
f 103/169/103 119/192/119 101/167/101
f 103/186/103 116/185/116 119/193/119
f 110/179/110 120/194/120 105/171/105
f 116/195/116 111/180/111 117/188/117
f 94/159/94 78/134/78 58/105/58
f 86/160/86 106/172/106 121/196/121
f 77/133/77 115/184/115 93/158/93
f 109/177/109 102/176/102 122/197/122
f 101/198/101 122/199/122 102/200/102
f 117/201/117 113/191/113 123/202/123
f 105/171/105 124/203/124 112/181/112
f 76/129/76 125/204/125 94/159/94
f 78/134/78 126/205/126 79/153/79
f 79/153/79 126/205/126 106/206/106
f 71/121/71 95/161/95 127/207/127
f 88/155/88 127/208/127 128/209/128
f 71/121/71 127/207/127 88/150/88
f 128/209/128 100/166/100 88/155/88
f 85/147/85 129/210/129 75/128/75
f 110/179/110 130/211/130 120/194/120
f 117/212/117 131/213/131 116/214/116
f 117/201/117 123/202/123 131/215/131
f 120/194/120 124/203/124 105/171/105
f 118/190/118 123/202/123 113/191/113
f 112/189/112 124/216/124 132/217/132
f 112/189/112 132/217/132 118/190/118
f 76/129/76 83/145/83 125/204/125
f 133/218/133 121/219/121 106/220/106
f 96/162/96 46/82/46 134/221/134
f 116/185/116 131/222/131 119/193/119
f 124/216/124 135/223/135 132/217/132
f 78/134/78 94/159/94 126/205/126
f 86/160/86 121/196/121 114/183/114
f 46/82/46 63/113/63 134/221/134
f 81/140/81 107/174/107 136/224/136
f 98/164/98 129/210/129 85/147/85
f 101/225/101 119/226/119 137/227/137
f 132/217/132 135/223/135 138/228/138
f 126/229/126 139/230/139 106/231/106
f 87/149/87 140/232/140 95/161/95
f 95/233/95 140/234/140 141/235/141
f 95/161/95 141/236/141 127/207/127
f 84/144/84 142/237/142 97/163/97
f 75/173/75 143/238/143 89/152/89
f 118/190/118 132/217/132 144/239/144
f 139/230/139 133/240/133 106/231/106
f 136/241/136 108/175/108 81/146/81
f 145/242/145 146/243/146 119/226/119
f 119/244/119 131/245/131 145/246/145
f 147/247/147 124/203/124 120/194/120
f 148/248/148 118/190/118 144/239/144
f 149/249/149 150/250/150 151/251/151
f 61/110/61 99/165/99 82/141/82
f 152/252/152 67/117/67 70/120/70
f 142/237/142 153/253/153 97/163/97
f 92/157/92 154/254/154 107/174/107
f 75/128/75 129/210/129 143/255/143
f 107/174/107 155/256/155 136/224/136
f 104/257/104 156/258/156 110/259/110
f 101/198/101 157/260/157 122/199/122
f 137/261/137 157/260/157 101/198/101
f 118/190/118 148/248/148 123/202/123
f 158/262/158 149/263/149 159/264/159
f 151/265/151 159/266/159 149/267/149
f 91/156/91 160/268/160 63/113/63
f 120/194/120 130/211/130 147/247/147
f 135/223/135 124/216/124 161/269/161
f 162/270/162 163/271/163 151/251/151
f 94/159/94 125/204/125 164/272/164
f 126/205/126 165/273/165 139/274/139
f 114/183/114 140/232/140 87/149/87
f 127/208/127 141/275/141 140/276/140
f 92/157/92 97/163/97 153/253/153
f 153/253/153 154/254/154 92/157/92
f 146/243/146 137/227/137 119/226/119
f 131/215/131 123/202/123 166/277/166
f 144/239/144 167/278/167 148/248/148
f 138/228/138 144/239/144 132/217/132
f 138/279/138 135/280/135 150/250/150
f 158/262/158 138/281/138 149/263/149
f 149/249/149 138/279/138 150/250/150
f 151/251/151 150/250/150 162/270/162
f 159/264/159 168/282/168 158/262/158
f 100/166/100 169/283/169 84/144/84
f 91/156/91 170/284/170 171/285/171
f 91/156/91 89/152/89 170/284/170
f 98/164/98 172/286/172 129/210/129
f 115/184/115 173/287/173 93/158/93
f 110/179/110 174/288/174 130/211/130
f 150/250/150 135/280/135 162/270/162
f 162/270/162 175/289/175 163/271/163
f 151/251/151 163/271/163 159/290/159
f 164/272/164 125/204/125 176/291/176
f 164/272/164 126/205/126 94/159/94
f 139/292/139 177/293/177 133/294/133
f 128/209/128 178/295/178 100/166/100
f 178/295/178 179/296/179 100/166/100
f 91/156/91 171/285/171 160/268/160
f 84/144/84 169/283/169 142/237/142
f 142/237/142 180/297/180 153/253/153
f 154/254/154 155/256/155 107/174/107
f 110/179/110 156/298/156 174/288/174
f 137/227/137 146/243/146 181/299/181
f 166/277/166 145/300/145 131/215/131
f 123/202/123 182/301/182 166/277/166
f 163/302/163 183/303/183 159/304/159
f 159/304/159 184/305/184 168/306/168
f 133/307/133 177/308/177 121/196/121
f 140/276/140 128/209/128 127/208/127
f 179/296/179 169/283/169 100/166/100
f 63/113/63 160/268/160 134/221/134
f 143/238/143 170/284/170 89/152/89
f 104/257/104 109/309/109 185/310/185
f 122/199/122 186/311/186 109/309/109
f 123/202/123 148/248/148 182/301/182
f 144/239/144 187/312/187 167/278/167
f 138/228/138 187/312/187 144/239/144
f 135/280/135 188/313/188 162/270/162
f 159/304/159 183/303/183 184/305/184
f 139/314/139 165/315/165 177/308/177
f 114/316/114 189/317/189 140/276/140
f 67/130/67 152/318/152 90/154/90
f 104/257/104 185/310/185 156/258/156
f 168/282/168 190/319/190 158/262/158
f 175/289/175 191/320/191 163/271/163
f 183/321/183 163/271/163 192/322/192
f 180/297/180 154/254/154 153/253/153
f 136/224/136 193/323/193 108/324/108
f 187/325/187 138/281/138 158/262/158
f 191/320/191 192/322/192 163/271/163
f 164/272/164 176/291/176 126/205/126
f 140/276/140 189/317/189 128/209/128
f 108/175/108 193/326/193 115/184/115
f 194/327/194 147/247/147 130/211/130
f 161/269/161 188/328/188 135/223/135
f 168/306/168 184/305/184 190/329/190
f 183/303/183 192/330/192 184/305/184
f 184/331/184 192/322/192 195/332/195
f 191/320/191 196/333/196 192/322/192
f 192/322/192 196/333/196 195/332/195
f 83/145/83 197/334/197 125/204/125
f 114/335/114 198/336/198 189/337/189
f 169/283/169 179/296/179 199/338/199
f 180/297/180 200/339/200 154/254/154
f 93/158/93 172/286/172 98/164/98
f 193/326/193 201/340/201 115/184/115
f 202/341/202 203/342/203 204/343/204
f 109/309/109 186/311/186 185/310/185
f 145/300/145 166/277/166 146/344/146
f 187/312/187 205/345/205 167/278/167
f 124/203/124 147/247/147 161/346/161
f 158/262/158 190/319/190 187/325/187
f 175/289/175 206/347/206 191/320/191
f 184/348/184 195/349/195 207/350/207
f 191/320/191 208/351/208 196/333/196
f 196/352/196 209/353/209 195/354/195
f 176/291/176 210/355/210 126/205/126
f 121/196/121 198/356/198 114/183/114
f 96/162/96 211/357/211 70/131/70
f 169/283/169 212/358/212 142/237/142
f 212/358/212 213/359/213 142/237/142
f 213/359/213 180/297/180 142/237/142
f 93/158/93 173/287/173 214/360/214
f 203/361/203 215/362/215 204/363/204
f 174/288/174 194/327/194 130/211/130
f 194/364/194 216/365/216 147/366/147
f 182/301/182 148/248/148 217/367/217
f 148/248/148 167/278/167 217/367/217
f 162/270/162 188/313/188 175/289/175
f 184/348/184 207/350/207 190/319/190
f 209/368/209 218/369/218 219/370/219
f 220/371/220 218/369/218 209/368/209
f 218/369/218 220/371/220 221/372/221
f 198/356/198 121/196/121 177/308/177
f 211/373/211 152/252/152 70/120/70
f 154/254/154 200/339/200 155/256/155
f 222/374/222 129/210/129 172/286/172
f 201/340/201 173/287/173 115/184/115
f 223/375/223 224/376/224 204/377/204
f 223/375/223 204/377/204 215/378/215
f 225/379/225 167/278/167 205/345/205
f 226/380/226 161/346/161 147/247/147
f 209/353/209 219/381/219 195/354/195
f 196/352/196 227/382/227 209/353/209
f 228/383/228 229/384/229 230/385/230
f 197/334/197 83/145/83 82/386/82
f 231/387/231 177/308/177 165/315/165
f 155/256/155 232/388/232 136/224/136
f 143/255/143 129/210/129 222/374/222
f 232/388/232 193/323/193 136/224/136
f 193/323/193 215/389/215 233/390/233
f 193/323/193 233/390/233 201/391/201
f 224/392/224 202/393/202 204/394/204
f 122/199/122 157/260/157 186/311/186
f 234/395/234 187/325/187 190/319/190
f 235/396/235 175/289/175 188/313/188
f 207/350/207 195/349/195 219/397/219
f 209/368/209 227/398/227 220/371/220
f 218/369/218 221/372/221 236/399/236
f 237/400/237 221/372/221 220/371/220
f 230/401/230 229/402/229 238/403/238
f 231/387/231 198/356/198 177/308/177
f 211/357/211 96/162/96 239/404/239
f 96/162/96 134/221/134 239/404/239
f 193/323/193 232/388/232 223/405/223
f 232/388/232 240/406/240 223/405/223
f 193/323/193 223/405/223 215/389/215
f 224/376/224 223/375/223 240/407/240
f 233/408/233 241/409/241 201/340/201
f 224/392/224 242/410/242 202/393/202
f 166/277/166 243/411/243 146/344/146
f 161/346/161 226/380/226 235/396/235
f 161/346/161 235/396/235 188/313/188
f 190/319/190 207/350/207 244/412/244
f 230/385/230 245/413/245 228/383/228
f 228/383/228 246/414/246 229/384/229
f 229/415/229 246/416/246 247/417/247
f 189/418/189 198/419/198 248/420/248
f 178/295/178 128/209/128 189/317/189
f 178/295/178 249/421/249 179/296/179
f 200/339/200 180/297/180 250/422/250
f 93/158/93 214/360/214 172/286/172
f 251/423/251 252/424/252 253/425/253
f 215/389/215 254/426/254 233/390/233
f 233/408/233 254/427/254 255/428/255
f 203/429/203 256/430/256 215/431/215
f 257/432/257 243/411/243 166/277/166
f 216/365/216 226/433/226 147/366/147
f 207/434/207 219/435/219 258/436/258
f 208/351/208 259/437/259 196/333/196
f 219/397/219 218/438/218 260/439/260
f 248/440/248 261/441/261 189/442/189
f 213/359/213 250/422/250 180/297/180
f 222/374/222 262/443/262 143/255/143
f 222/374/222 172/286/172 263/444/263
f 172/286/172 214/360/214 263/444/263
f 223/445/264 264/446/265 265/447/266
f 253/448/267 264/449/265 223/450/264
f 253/425/253 252/424/252 264/451/268
f 233/408/233 255/428/255 241/409/241
f 254/427/254 266/452/269 255/428/255
f 215/389/215 256/453/256 254/426/254
f 267/454/270 202/393/202 242/410/242
f 186/311/186 157/260/157 268/455/271
f 166/277/166 182/301/182 257/432/257
f 205/456/205 234/395/234 225/457/225
f 187/325/187 234/395/234 205/456/205
f 234/395/234 190/319/190 269/458/272
f 258/436/258 219/435/219 260/459/260
f 227/398/227 270/460/273 220/371/220
f 230/385/230 271/461/274 245/413/245
f 229/402/229 247/462/247 238/403/238
f 178/295/178 189/317/189 261/463/261
f 134/221/134 160/268/160 272/464/275
f 199/338/199 212/358/212 169/283/169
f 200/339/200 273/465/276 155/256/155
f 155/256/155 273/465/276 232/388/232
f 173/287/173 201/340/201 241/409/241
f 173/466/173 241/467/241 214/468/214
f 223/469/264 265/470/266 253/471/267
f 274/472/277 265/473/278 275/474/279
f 264/446/265 275/475/280 265/447/266
f 253/448/267 256/476/256 264/449/265
f 256/477/256 202/478/202 264/446/265
f 256/479/256 203/342/203 202/341/202
f 146/243/146 243/480/243 181/299/181
f 235/396/235 276/481/281 175/289/175
f 175/289/175 277/482/282 206/347/206
f 244/412/244 207/350/207 258/483/258
f 196/333/196 259/437/259 227/398/227
f 237/400/237 220/371/220 270/460/273
f 236/484/236 221/485/221 278/486/283
f 230/401/230 238/403/238 271/487/274
f 210/355/210 165/273/165 126/205/126
f 198/488/198 231/489/231 248/490/248
f 239/404/239 134/221/134 272/464/275
f 232/388/232 279/491/284 240/406/240
f 224/376/224 280/492/285 281/493/286
f 224/376/224 240/407/240 280/492/285
f 202/478/202 282/494/287 264/446/265
f 174/495/174 283/496/288 194/364/194
f 190/319/190 244/412/244 269/458/272
f 236/497/236 260/439/260 218/438/218
f 238/498/238 284/499/289 271/500/274
f 245/413/245 285/501/290 228/383/228
f 286/502/291 246/414/246 228/383/228
f 247/417/247 246/416/246 287/503/292
f 125/204/125 288/504/293 176/291/176
f 289/505/294 90/154/90 290/506/295
f 211/507/211 239/508/239 291/509/296
f 249/421/249 292/510/297 179/296/179
f 293/511/298 213/359/213 212/358/212
f 224/392/224 281/512/286 242/410/242
f 275/475/280 264/446/265 282/494/287
f 294/513/299 256/514/256 253/515/267
f 254/427/254 295/516/300 266/452/269
f 258/517/258 260/518/260 296/519/301
f 297/520/302 82/141/82 99/165/99
f 298/521/303 248/490/248 231/489/231
f 99/165/99 90/154/90 289/505/294
f 290/522/295 90/523/90 152/252/152
f 263/524/263 214/468/214 299/525/304
f 299/525/304 214/468/214 241/467/241
f 295/516/300 254/427/254 256/526/256
f 282/527/287 202/528/202 267/529/270
f 283/496/288 174/495/174 156/530/156
f 300/531/305 181/299/181 243/480/243
f 225/457/225 234/395/234 269/458/272
f 276/481/281 277/482/282 175/289/175
f 206/347/206 208/351/208 191/320/191
f 301/532/306 236/484/236 278/486/283
f 302/533/307 221/372/221 237/400/237
f 303/534/308 304/535/309 305/536/310
f 303/534/308 305/536/310 306/537/311
f 306/537/311 305/536/310 307/538/312
f 308/539/313 306/537/311 307/538/312
f 309/540/314 305/536/310 304/535/309
f 310/541/315 311/542/316 312/543/317
f 165/273/165 210/355/210 313/544/318
f 310/545/315 314/546/319 311/547/316
f 248/440/248 315/548/320 261/441/261
f 261/463/261 316/549/321 178/295/178
f 315/548/320 248/440/248 298/550/303
f 291/551/296 317/552/322 211/373/211
f 279/491/284 280/553/285 240/406/240
f 255/428/255 318/554/323 241/409/241
f 265/555/266 294/513/299 253/515/267
f 256/526/256 294/556/299 295/516/300
f 185/310/185 319/557/324 156/258/156
f 277/482/282 208/351/208 206/347/206
f 259/437/259 270/460/273 227/398/227
f 260/439/260 236/497/236 320/558/325
f 304/535/309 284/499/289 309/540/314
f 238/403/238 309/559/314 284/560/289
f 307/538/312 305/536/310 321/561/326
f 305/536/310 309/540/314 321/561/326
f 322/562/327 323/563/328 310/545/315
f 310/545/315 323/563/328 314/546/319
f 165/315/165 313/564/318 231/387/231
f 311/565/316 314/566/319 261/567/261
f 211/373/211 317/552/322 152/252/152
f 317/552/322 290/522/295 152/252/152
f 179/296/179 292/510/297 199/338/199
f 272/568/275 160/569/160 324/570/329
f 293/511/298 250/422/250 213/359/213
f 325/571/330 326/572/331 250/422/250
f 170/284/170 143/238/143 262/573/262
f 250/422/250 273/465/276 200/339/200
f 281/493/286 280/492/285 327/574/332
f 242/410/242 281/512/286 328/575/333
f 255/428/255 266/452/269 318/554/323
f 275/475/280 282/494/287 329/576/334
f 265/555/266 330/577/335 294/513/299
f 243/411/243 257/432/257 331/578/336
f 182/301/182 332/579/337 257/432/257
f 225/580/225 333/581/338 167/582/167
f 258/483/258 334/583/339 244/412/244
f 296/519/301 260/518/260 320/584/325
f 236/497/236 335/585/340 320/558/325
f 336/586/341 302/533/307 237/400/237
f 221/485/221 302/587/307 278/486/283
f 304/535/309 303/534/308 337/588/342
f 285/501/290 286/502/291 228/383/228
f 246/414/246 286/502/291 338/589/343
f 339/590/344 287/503/292 246/416/246
f 310/545/315 339/591/344 322/562/327
f 82/386/82 297/592/302 197/334/197
f 210/355/210 176/291/176 340/593/345
f 314/566/319 323/594/328 316/595/321
f 316/595/321 261/567/261 314/566/319
f 231/489/231 341/596/346 298/521/303
f 342/597/347 343/507/348 291/598/296
f 291/599/296 344/600/349 342/601/347
f 291/602/296 239/603/239 344/604/349
f 239/603/239 272/568/275 344/604/349
f 293/511/298 325/571/330 250/422/250
f 275/605/280 330/606/335 265/607/266
f 275/608/280 329/609/334 330/610/335
f 294/556/299 345/611/350 295/516/300
f 185/310/185 346/612/351 319/557/324
f 137/261/137 347/613/352 157/260/157
f 156/530/156 319/614/324 283/496/288
f 157/260/157 348/615/353 268/455/271
f 182/301/182 349/616/354 332/579/337
f 333/617/338 217/367/217 167/278/167
f 216/365/216 350/618/355 226/433/226
f 258/483/258 296/619/301 334/583/339
f 303/534/308 306/537/311 351/620/356
f 352/621/357 306/622/311 308/623/313
f 337/588/342 284/499/289 304/535/309
f 307/624/312 353/625/358 308/623/313
f 308/623/313 353/625/358 354/626/359
f 238/403/238 247/462/247 355/627/360
f 246/414/246 356/628/361 339/591/344
f 339/591/344 310/545/315 287/629/292
f 287/630/292 310/541/315 312/543/317
f 311/542/316 357/631/362 312/543/317
f 358/632/363 359/633/364 323/563/328
f 261/567/261 315/634/320 311/565/316
f 313/564/318 341/635/346 231/387/231
f 342/636/347 344/604/349 360/637/365
f 171/285/171 361/638/366 160/268/160
f 160/639/160 361/640/366 324/641/329
f 250/422/250 326/572/331 273/465/276
f 232/388/232 362/642/367 279/491/284
f 294/556/299 363/643/368 345/611/350
f 243/411/243 331/578/336 300/644/305
f 364/645/369 216/365/216 194/364/194
f 182/301/182 217/367/217 349/616/354
f 225/379/225 365/646/370 333/617/338
f 225/457/225 269/458/272 365/647/370
f 208/351/208 366/648/371 259/437/259
f 296/619/301 320/558/325 334/583/339
f 270/460/273 367/649/372 237/400/237
f 236/497/236 301/650/306 335/585/340
f 284/499/289 337/588/342 271/500/274
f 238/403/238 355/627/360 309/559/314
f 338/589/343 356/628/361 246/414/246
f 322/651/327 339/652/344 356/653/361
f 313/564/318 357/654/362 341/635/346
f 359/655/364 316/595/321 323/594/328
f 368/656/373 249/421/249 178/295/178
f 171/285/171 170/284/170 361/638/366
f 273/465/276 362/642/367 232/388/232
f 280/553/285 369/657/374 327/658/332
f 266/452/269 370/659/375 318/554/323
f 295/516/300 370/659/375 266/452/269
f 185/310/185 371/660/376 346/612/351
f 185/310/185 186/311/186 371/660/376
f 137/261/137 181/661/181 347/613/352
f 283/496/288 372/662/377 194/364/194
f 194/364/194 372/662/377 364/645/369
f 217/367/217 333/617/338 365/646/370
f 226/433/226 373/663/378 235/664/235
f 373/665/378 276/481/281 235/396/235
f 277/482/282 366/648/371 208/351/208
f 321/666/326 353/625/358 307/624/312
f 353/667/358 321/668/326 374/669/379
f 309/670/314 375/671/380 321/668/326
f 286/502/291 376/672/381 338/589/343
f 312/543/317 357/631/362 377/673/382
f 358/632/363 323/563/328 322/562/327
f 197/334/197 288/504/293 125/204/125
f 311/565/316 315/634/320 357/674/362
f 178/295/178 316/549/321 368/656/373
f 199/338/199 378/675/383 212/358/212
f 263/444/263 379/676/384 222/374/222
f 280/553/285 279/491/284 369/657/374
f 241/467/241 380/677/385 299/525/304
f 241/467/241 318/678/323 380/677/385
f 295/516/300 345/611/350 381/679/386
f 352/621/357 382/680/387 306/622/311
f 271/461/274 383/681/388 245/413/245
f 375/671/380 374/669/379 321/668/326
f 355/682/360 375/671/380 309/670/314
f 285/501/290 384/683/389 286/502/291
f 247/462/247 385/684/390 355/627/360
f 357/685/362 313/544/318 386/686/391
f 99/165/99 289/505/294 297/520/302
f 343/687/348 317/552/322 291/551/296
f 325/571/330 387/688/392 326/572/331
f 222/374/222 388/689/393 262/443/262
f 389/690/394 328/575/333 281/512/286
f 281/493/286 327/574/332 389/691/394
f 295/516/300 381/679/386 370/659/375
f 390/692/395 381/679/386 345/611/350
f 157/260/157 347/613/352 348/615/353
f 186/311/186 268/455/271 371/660/376
f 319/614/324 372/662/377 283/496/288
f 226/433/226 350/618/355 373/663/378
f 259/437/259 391/693/396 270/460/273
f 237/400/237 367/649/372 336/586/341
f 382/680/387 351/694/356 306/622/311
f 271/695/274 337/696/342 383/697/388
f 245/413/245 383/681/388 392/698/397
f 245/413/245 392/698/397 285/501/290
f 286/502/291 384/683/389 376/672/381
f 287/630/292 385/684/390 247/462/247
f 312/543/317 377/673/382 287/630/292
f 377/673/382 357/631/362 386/699/391
f 313/544/318 210/355/210 386/686/391
f 357/674/362 315/634/320 393/700/398
f 298/550/303 393/701/398 315/548/320
f 341/635/346 357/654/362 393/702/398
f 368/656/373 394/703/399 249/421/249
f 342/704/347 360/705/365 395/706/400
f 292/510/297 378/675/383 199/338/199
f 378/675/383 293/511/298 212/358/212
f 326/572/331 362/642/367 273/465/276
f 318/678/323 370/707/375 396/708/401
f 329/609/334 282/709/287 330/610/335
f 294/556/299 330/710/335 397/711/402
f 267/529/270 398/712/403 282/527/287
f 365/713/370 399/714/404 217/715/217
f 400/716/405 391/693/396 259/437/259
f 302/587/307 401/717/406 278/486/283
f 352/621/357 308/623/313 402/718/407
f 354/626/359 403/719/408 308/623/313
f 392/698/397 384/683/389 285/501/290
f 404/720/409 376/672/381 384/683/389
f 340/593/345 176/291/176 405/721/410
f 210/355/210 406/722/411 386/686/391
f 359/655/364 368/723/373 316/595/321
f 341/596/346 393/724/398 298/521/303
f 343/725/348 342/726/347 407/727/412
f 342/726/347 395/728/400 407/727/412
f 272/568/275 408/729/413 344/604/349
f 272/568/275 324/570/329 408/729/413
f 263/524/263 299/525/304 379/730/384
f 389/690/394 409/731/414 328/575/333
f 328/575/333 410/732/415 242/410/242
f 242/410/242 410/732/415 267/454/270
f 282/733/287 398/734/403 411/735/416
f 412/736/417 372/662/377 319/614/324
f 372/662/377 413/737/418 364/645/369
f 257/432/257 332/579/337 331/578/336
f 364/645/369 350/618/355 216/365/216
f 373/738/378 414/739/419 276/740/281
f 276/740/281 415/741/420 277/742/282
f 301/650/306 416/743/421 335/585/340
f 367/649/372 417/744/422 336/586/341
f 302/533/307 336/586/341 401/745/406
f 308/623/313 403/719/408 402/718/407
f 418/746/423 404/720/409 384/683/389
f 419/747/424 358/632/363 322/562/327
f 210/355/210 340/593/345 406/722/411
f 249/421/249 394/703/399 292/510/297
f 317/552/322 343/687/348 420/748/425
f 344/604/349 408/729/413 360/637/365
f 387/688/392 421/749/426 326/572/331
f 379/676/384 388/689/393 222/374/222
f 279/491/284 362/642/367 369/657/374
f 328/575/333 409/731/414 410/732/415
f 330/710/335 411/750/416 397/711/402
f 330/751/335 282/733/287 411/735/416
f 397/711/402 363/643/368 294/556/299
f 347/752/352 181/299/181 300/531/305
f 346/753/351 412/736/417 319/614/324
f 372/662/377 422/754/427 413/737/418
f 217/715/217 399/714/404 349/755/354
f 366/648/371 423/756/428 259/437/259
f 259/437/259 423/756/428 400/716/405
f 320/558/325 335/585/340 334/583/339
f 278/486/283 424/757/429 301/532/306
f 351/620/356 425/758/430 303/534/308
f 425/758/430 426/759/431 303/534/308
f 426/759/431 337/588/342 303/534/308
f 418/746/423 384/683/389 427/760/432
f 428/761/433 356/628/361 338/589/343
f 322/651/327 356/653/361 428/762/433
f 287/630/292 429/763/434 385/684/390
f 287/630/292 377/673/382 429/763/434
f 288/504/293 405/721/410 176/291/176
f 343/764/348 407/765/412 430/766/435
f 369/657/374 389/690/394 327/658/332
f 267/529/270 410/767/415 398/712/403
f 412/736/417 422/754/427 372/662/377
f 382/680/387 431/768/436 351/694/356
f 354/626/359 353/625/358 432/769/437
f 353/667/358 374/669/379 432/770/437
f 322/651/327 428/762/433 419/771/424
f 377/673/382 386/699/391 433/772/438
f 386/686/391 406/722/411 434/773/439
f 340/774/345 430/766/435 406/775/411
f 324/776/329 435/777/440 408/778/413
f 293/511/298 436/779/441 325/571/330
f 396/780/401 370/659/375 437/781/442
f 390/692/395 345/611/350 363/643/368
f 438/782/443 332/579/337 349/616/354
f 439/783/444 350/618/355 364/645/369
f 440/784/445 269/458/272 244/412/244
f 366/785/371 277/742/282 441/786/446
f 424/757/429 442/787/447 301/532/306
f 443/788/448 392/698/397 383/681/388
f 444/789/449 433/772/438 386/699/391
f 445/790/450 446/791/451 447/792/452
f 368/723/373 359/655/364 448/793/453
f 449/794/454 430/766/435 407/765/412
f 450/795/455 290/522/295 317/552/322
f 451/796/456 378/675/383 292/510/297
f 360/705/365 452/797/457 395/706/400
f 435/777/440 324/776/329 361/638/366
f 379/676/384 453/798/458 388/689/393
f 380/677/385 318/678/323 454/799/459
f 381/679/386 437/781/442 370/659/375
f 371/660/376 455/800/460 346/612/351
f 439/783/444 364/645/369 413/737/418
f 349/616/354 399/801/404 438/782/443
f 439/802/444 373/803/378 350/804/355
f 373/738/378 456/805/461 414/739/419
f 301/650/306 442/806/447 416/743/421
f 336/586/341 457/807/462 401/745/406
f 401/717/406 458/808/463 278/486/283
f 458/808/463 424/757/429 278/486/283
f 459/809/464 352/621/357 402/718/407
f 337/696/342 460/810/465 383/697/388
f 418/746/423 461/811/466 404/720/409
f 462/812/467 359/633/364 358/632/363
f 463/813/468 445/790/450 447/792/452
f 446/814/451 464/815/469 447/816/452
f 465/817/470 394/703/399 368/656/373
f 340/818/345 466/819/471 430/820/435
f 451/796/456 292/510/297 394/703/399
f 360/705/365 408/778/413 452/797/457
f 408/778/413 435/777/440 452/797/457
f 170/821/170 262/822/262 467/823/472
f 421/749/426 362/642/367 326/572/331
f 362/642/367 468/824/473 369/657/374
f 369/825/374 468/826/473 389/827/394
f 468/824/473 409/731/414 389/690/394
f 455/828/460 412/829/417 346/830/351
f 365/713/370 469/831/474 399/714/404
f 439/832/444 470/833/475 373/834/378
f 470/835/475 456/836/461 373/837/378
f 269/458/272 440/784/445 365/647/370
f 276/740/281 414/739/419 415/741/420
f 277/742/282 415/741/420 441/786/446
f 270/460/273 391/693/396 367/649/372
f 442/787/447 424/757/429 471/838/476
f 425/839/430 351/840/356 431/841/436
f 382/680/387 352/621/357 459/809/464
f 403/719/408 472/842/477 402/718/407
f 375/671/380 473/843/478 374/669/379
f 385/684/390 474/844/479 355/627/360
f 475/845/480 376/672/381 404/720/409
f 475/845/480 338/589/343 376/672/381
f 428/762/433 476/846/481 419/771/424
f 419/747/424 477/847/482 358/632/363
f 297/592/302 478/848/483 197/334/197
f 445/849/450 479/850/484 446/851/451
f 448/793/453 465/852/470 368/723/373
f 405/853/410 466/819/471 340/818/345
f 430/854/435 466/855/471 343/856/348
f 395/728/400 480/857/485 407/727/412
f 378/675/383 481/858/486 293/511/298
f 379/730/384 482/859/487 453/860/458
f 379/730/384 299/525/304 482/859/487
f 318/678/323 396/708/401 454/799/459
f 409/731/414 483/861/488 410/732/415
f 422/862/427 484/863/489 413/864/418
f 485/865/490 439/866/444 413/864/418
f 365/713/370 440/867/445 486/868/491
f 334/583/339 440/784/445 244/412/244
f 402/718/407 487/869/492 459/809/464
f 402/718/407 472/842/477 487/869/492
f 392/698/397 443/788/448 384/683/389
f 475/845/480 476/870/481 338/589/343
f 419/747/424 475/845/480 488/871/493
f 419/771/424 476/846/481 475/872/480
f 428/761/433 338/589/343 476/870/481
f 477/847/482 462/812/467 358/632/363
f 197/334/197 478/848/483 288/504/293
f 386/699/391 434/873/439 444/789/449
f 317/552/322 420/748/425 450/795/455
f 293/511/298 489/874/494 436/779/441
f 325/571/330 436/779/441 387/688/392
f 170/284/170 467/875/472 361/638/366
f 362/642/367 421/749/426 490/876/495
f 363/643/368 397/711/402 491/877/496
f 381/679/386 390/692/395 492/878/497
f 363/643/368 493/879/498 494/880/499
f 363/643/368 494/880/499 390/692/395
f 390/692/395 494/880/499 495/881/500
f 496/882/501 497/883/502 493/884/498
f 498/885/503 497/886/502 499/887/504
f 332/888/337 500/889/505 331/890/336
f 485/891/490 470/833/475 439/832/444
f 486/868/491 469/831/474 365/713/370
f 456/805/461 501/892/506 414/739/419
f 366/785/371 441/786/446 423/893/428
f 400/894/405 502/895/507 391/896/396
f 335/585/340 503/897/508 334/583/339
f 424/757/429 504/898/509 471/838/476
f 458/808/463 504/898/509 424/757/429
f 337/588/342 426/759/431 460/899/465
f 443/788/448 427/760/432 384/683/389
f 375/671/380 505/900/510 473/843/478
f 488/871/493 477/847/482 419/747/424
f 446/851/451 506/901/511 464/902/469
f 406/722/411 507/903/512 434/773/439
f 289/505/294 290/506/295 508/904/513
f 481/858/486 489/874/494 293/511/298
f 299/525/304 380/677/385 482/859/487
f 437/781/442 381/679/386 492/878/497
f 491/877/496 493/879/498 363/643/368
f 493/884/498 497/883/502 494/905/499
f 509/906/514 497/883/502 496/882/501
f 371/660/376 268/455/271 455/800/460
f 455/828/460 510/907/515 412/829/417
f 300/908/305 331/890/336 511/909/516
f 510/907/515 422/862/427 412/829/417
f 512/910/517 469/831/474 486/868/491
f 417/744/422 457/807/462 336/586/341
f 442/806/447 513/911/518 416/743/421
f 442/806/447 471/912/476 513/911/518
f 382/913/387 514/914/519 431/915/436
f 354/626/359 432/769/437 403/719/408
f 374/669/379 473/843/478 515/916/520
f 375/671/380 355/682/360 505/900/510
f 404/720/409 488/871/493 475/845/480
f 385/684/390 516/917/521 474/844/479
f 377/673/382 433/772/438 429/763/434
f 288/504/293 517/918/522 405/721/410
f 430/766/435 449/794/454 406/775/411
f 290/522/295 518/919/523 508/920/513
f 262/822/262 388/921/393 467/823/472
f 390/922/395 495/923/500 519/924/524
f 497/886/502 498/885/503 494/925/499
f 498/885/503 495/926/500 494/925/499
f 520/927/525 496/882/501 493/884/498
f 348/615/353 521/928/526 268/455/271
f 348/615/353 347/613/352 522/929/527
f 332/888/337 438/930/443 523/931/528
f 500/889/505 332/888/337 523/931/528
f 399/714/404 469/831/474 524/932/529
f 512/910/517 525/933/530 469/831/474
f 414/739/419 501/892/506 415/741/420
f 382/680/387 459/809/464 514/934/519
f 425/839/430 526/935/531 426/936/431
f 374/669/379 515/916/520 432/770/437
f 385/684/390 429/763/434 516/917/521
f 527/937/532 447/816/452 464/815/469
f 406/722/411 449/938/454 507/903/512
f 343/856/348 466/855/471 420/939/425
f 362/642/367 490/876/495 468/824/473
f 497/940/502 509/941/514 499/942/504
f 347/943/352 300/908/305 511/909/516
f 485/865/490 413/864/418 528/944/533
f 438/930/443 399/714/404 524/932/529
f 528/944/533 525/933/530 485/865/490
f 524/932/529 469/831/474 525/933/530
f 440/867/445 529/945/534 486/868/491
f 334/583/339 530/946/535 440/784/445
f 335/585/340 416/743/421 531/947/536
f 513/911/518 471/912/476 532/948/537
f 401/717/406 533/949/538 458/808/463
f 458/808/463 514/950/519 534/951/539
f 458/808/463 534/951/539 504/898/509
f 432/769/437 535/952/540 403/719/408
f 474/953/479 505/900/510 355/682/360
f 477/847/482 536/954/541 462/812/467
f 462/812/467 448/955/453 359/633/364
f 448/793/453 537/956/542 465/852/470
f 420/957/425 466/819/471 538/958/543
f 451/796/456 481/858/486 378/675/383
f 481/858/486 539/959/544 489/874/494
f 540/960/545 411/961/416 398/962/403
f 390/692/395 541/963/546 492/878/497
f 491/964/496 520/927/525 493/884/498
f 495/926/500 498/885/503 542/965/547
f 498/885/503 499/887/504 542/965/547
f 543/966/548 544/967/549 496/882/501
f 544/967/549 509/906/514 496/882/501
f 545/968/550 268/455/271 521/928/526
f 528/944/533 413/864/418 484/863/489
f 546/969/551 438/930/443 524/932/529
f 528/944/533 524/932/529 525/933/530
f 525/933/530 470/970/475 485/865/490
f 512/910/517 470/970/475 525/933/530
f 512/910/517 486/868/491 547/971/552
f 530/946/535 334/583/339 503/897/508
f 502/895/507 367/972/372 391/896/396
f 335/585/340 531/947/536 503/897/508
f 534/973/539 459/809/464 548/974/553
f 459/809/464 487/869/492 548/974/553
f 461/811/466 549/975/554 404/720/409
f 550/976/555 463/977/468 447/816/452
f 434/873/439 507/978/512 551/979/556
f 449/980/454 552/981/557 507/982/512
f 480/983/485 449/980/454 407/984/412
f 553/985/558 436/779/441 489/874/494
f 540/986/545 397/711/402 411/750/416
f 541/963/546 390/692/395 519/987/524
f 554/988/559 499/942/504 509/941/514
f 268/455/271 545/968/550 455/800/460
f 422/862/427 510/907/515 484/863/489
f 441/786/446 555/989/560 423/893/428
f 532/948/537 471/912/476 556/990/561
f 504/898/509 557/991/562 471/838/476
f 425/839/430 431/841/436 558/992/563
f 534/993/539 514/994/519 459/995/464
f 443/996/448 383/697/388 460/810/465
f 427/997/432 443/996/448 559/998/564
f 560/999/565 477/847/482 488/871/493
f 447/816/452 527/937/532 550/976/555
f 434/1000/439 551/1001/556 444/1002/449
f 297/520/302 289/505/294 561/1003/566
f 465/817/470 451/796/456 394/703/399
f 449/980/454 480/983/485 552/981/557
f 289/505/294 508/904/513 562/1004/567
f 563/1005/568 421/749/426 387/688/392
f 388/689/393 453/798/458 564/1006/569
f 565/1007/570 453/860/458 482/859/487
f 468/824/473 566/1008/571 409/731/414
f 396/780/401 437/781/442 567/1009/572
f 495/926/500 542/965/547 519/1010/524
f 499/887/504 568/1011/573 542/965/547
f 347/943/352 511/909/516 522/1012/527
f 546/969/551 523/931/528 438/930/443
f 470/1013/475 569/1014/574 456/805/461
f 570/1015/575 417/1016/422 367/972/372
f 416/743/421 513/911/518 571/1017/576
f 401/1018/406 457/1019/462 572/1020/577
f 533/1021/538 514/914/519 458/1022/463
f 534/951/539 573/1023/578 504/898/509
f 471/1024/476 557/1025/562 556/1026/561
f 427/760/432 574/1027/579 418/746/423
f 463/1028/468 550/1029/555 575/1030/580
f 477/1031/482 576/1032/581 536/1033/541
f 536/954/541 577/1034/582 462/812/467
f 577/1034/582 448/955/453 462/812/467
f 480/1035/485 578/1036/583 552/1037/557
f 579/1038/584 480/1035/485 395/706/400
f 290/522/295 450/795/455 518/919/523
f 563/1005/568 387/688/392 436/779/441
f 580/1039/585 421/749/426 563/1005/568
f 467/1040/472 388/689/393 581/1041/586
f 564/1042/569 453/860/458 565/1007/570
f 520/927/525 543/966/548 496/882/501
f 543/966/548 582/1043/587 544/967/549
f 521/928/526 348/615/353 522/929/527
f 455/828/460 545/1044/550 510/907/515
f 484/863/489 546/969/551 528/944/533
f 524/932/529 528/944/533 546/969/551
f 470/970/475 512/910/517 569/1045/574
f 547/971/552 569/1045/574 512/910/517
f 569/1014/574 501/892/506 456/805/461
f 501/892/506 583/1046/588 415/741/420
f 440/867/445 530/1047/535 584/1048/589
f 583/1046/588 441/786/446 415/741/420
f 555/989/560 585/1049/590 423/893/428
f 585/1049/590 400/894/405 423/893/428
f 570/1015/575 367/972/372 502/895/507
f 572/1050/577 533/1021/538 401/1051/406
f 532/948/537 556/990/561 586/1052/591
f 587/1053/592 557/991/562 504/898/509
f 587/1053/592 504/898/509 573/1023/578
f 558/992/563 431/841/436 572/1054/577
f 559/998/564 443/996/448 588/1055/593
f 549/975/554 488/871/493 404/720/409
f 576/1056/581 477/847/482 560/999/565
f 575/1030/580 589/1057/594 463/1028/468
f 590/1058/595 433/772/438 444/789/449
f 537/1059/542 448/955/453 577/1034/582
f 478/848/483 297/592/302 561/1060/566
f 517/1061/522 538/958/543 405/853/410
f 561/1003/566 289/505/294 562/1004/567
f 591/1062/596 508/920/513 518/919/523
f 553/985/558 563/1005/568 436/779/441
f 580/1039/585 592/1063/597 421/749/426
f 421/749/426 592/1063/597 490/876/495
f 545/1044/550 593/1064/598 510/907/515
f 594/1065/599 583/1046/588 501/892/506
f 416/743/421 571/1017/576 531/947/536
f 571/1017/576 513/911/518 532/948/537
f 533/1021/538 431/915/436 514/914/519
f 573/1066/578 534/1067/539 548/1068/553
f 403/1069/408 535/1070/540 472/1071/477
f 559/1072/564 574/1027/579 427/760/432
f 535/1070/540 432/770/437 515/916/520
f 549/975/554 560/999/565 488/871/493
f 429/763/434 433/772/438 590/1058/595
f 464/815/469 595/1073/600 527/937/532
f 288/504/293 478/848/483 517/918/522
f 479/850/484 596/1074/601 446/851/451
f 537/1059/542 451/796/456 465/817/470
f 405/853/410 538/958/543 466/819/471
f 538/958/543 450/1075/455 420/957/425
f 578/1036/583 480/1035/485 579/1038/584
f 395/706/400 597/1076/602 579/1038/584
f 452/797/457 597/1076/602 395/706/400
f 518/1077/523 598/1078/603 599/1079/604
f 435/777/440 361/638/366 600/1080/605
f 380/677/385 454/799/459 601/1081/606
f 437/1082/442 492/1083/497 567/1084/572
f 410/732/415 483/861/488 602/1085/607
f 397/711/402 603/1086/608 491/877/496
f 410/767/415 604/1087/609 398/712/403
f 519/1010/524 542/965/547 605/1088/610
f 499/887/504 554/1089/559 568/1011/573
f 606/1090/611 554/988/559 509/941/514
f 521/928/526 522/929/527 607/1091/612
f 510/907/515 593/1064/598 484/863/489
f 484/863/489 593/1064/598 546/969/551
f 593/1064/598 523/931/528 546/969/551
f 594/1065/599 555/989/560 583/1046/588
f 441/786/446 583/1046/588 555/989/560
f 585/1049/590 608/1092/613 400/894/405
f 503/897/508 531/947/536 609/1093/614
f 573/1094/578 548/974/553 587/1095/592
f 557/991/562 610/1096/615 556/1097/561
f 526/935/531 425/839/430 558/992/563
f 474/953/479 611/1098/616 505/900/510
f 576/1056/581 612/1099/617 613/1100/618
f 527/937/532 595/1073/600 614/1101/619
f 463/813/468 589/1102/594 445/790/450
f 537/1059/542 615/1103/620 451/796/456
f 616/1104/621 518/919/523 450/795/455
f 481/858/486 615/1103/620 539/959/544
f 598/1078/603 617/1105/622 599/1079/604
f 396/708/401 618/1106/623 454/799/459
f 396/708/401 567/1107/572 618/1106/623
f 540/986/545 603/1086/608 397/711/402
f 602/1108/607 604/1087/609 410/767/415
f 542/965/547 619/1109/624 605/1088/610
f 620/1110/625 621/1111/626 543/966/548
f 620/1110/625 543/966/548 520/927/525
f 542/965/547 568/1011/573 619/1109/624
f 582/1043/587 622/1112/627 544/967/549
f 544/1113/549 623/1114/628 509/941/514
f 521/928/526 607/1091/612 545/968/550
f 331/890/336 500/889/505 511/909/516
f 593/1064/598 624/1115/629 523/931/528
f 500/889/505 523/931/528 624/1115/629
f 501/892/506 569/1014/574 594/1065/599
f 440/867/445 584/1048/589 529/945/534
f 417/1016/422 625/1116/630 457/1117/462
f 533/1021/538 572/1050/577 431/915/436
f 548/974/553 610/1118/615 587/1095/592
f 460/810/465 588/1055/593 443/996/448
f 574/1027/579 461/811/466 418/746/423
f 549/975/554 626/1119/631 560/999/565
f 626/1119/631 612/1099/617 560/999/565
f 560/999/565 612/1099/617 576/1056/581
f 429/763/434 627/1120/632 516/917/521
f 576/1056/581 628/1121/633 536/954/541
f 628/1121/633 577/1034/582 536/954/541
f 446/851/451 596/1074/601 506/901/511
f 507/978/512 552/1037/557 551/979/556
f 451/796/456 615/1103/620 481/858/486
f 361/638/366 467/875/472 600/1080/605
f 380/677/385 601/1081/606 482/859/487
f 490/1122/495 629/1123/634 566/1124/571
f 490/876/495 566/1008/571 468/824/473
f 540/960/545 398/962/403 630/1125/635
f 398/962/403 604/1126/609 630/1125/635
f 603/1127/608 520/927/525 491/964/496
f 631/1128/636 604/1126/609 620/1129/625
f 631/1130/636 620/1110/625 520/927/525
f 604/1131/609 602/1132/607 620/1110/625
f 622/1112/627 623/1133/628 544/967/549
f 509/941/514 623/1114/628 606/1090/611
f 607/1134/612 593/1064/598 545/1044/550
f 511/909/516 607/1134/612 522/1012/527
f 511/909/516 624/1115/629 607/1134/612
f 511/909/516 500/889/505 624/1115/629
f 608/1092/613 502/895/507 400/894/405
f 530/946/535 503/897/508 609/1093/614
f 556/1097/561 610/1096/615 586/1135/591
f 487/869/492 610/1118/615 548/974/553
f 472/842/477 632/1136/637 487/869/492
f 535/1070/540 633/1137/638 472/1071/477
f 461/811/466 634/1138/639 549/975/554
f 429/763/434 590/1058/595 627/1120/632
f 612/1099/617 595/1139/600 613/1100/618
f 613/1140/618 628/1141/633 576/1142/581
f 478/848/483 561/1060/566 635/1143/640
f 538/958/543 636/1144/641 450/1075/455
f 518/1145/523 599/1146/604 591/1147/596
f 489/874/494 539/959/544 553/985/558
f 592/1148/597 629/1123/634 490/1122/495
f 630/1149/635 603/1086/608 540/986/545
f 605/1088/610 637/1150/642 519/1010/524
f 519/1151/524 637/1152/642 541/1153/546
f 620/1110/625 602/1132/607 621/1111/626
f 607/1134/612 624/1115/629 593/1064/598
f 547/971/552 486/868/491 529/945/534
f 587/1053/592 610/1096/615 557/991/562
f 638/1154/643 574/1027/579 559/1072/564
f 461/811/466 574/1027/579 639/1155/644
f 640/1156/645 515/916/520 473/843/478
f 550/1029/555 527/1157/532 641/1158/646
f 612/1099/617 614/1159/619 595/1139/600
f 595/1139/600 642/1160/647 643/1161/648
f 595/1139/600 643/1161/648 613/1100/618
f 595/1073/600 464/815/469 642/1162/647
f 643/1163/648 628/1164/633 613/1165/618
f 445/790/450 589/1102/594 479/1166/484
f 596/1074/601 479/850/484 644/1167/649
f 508/904/513 591/1147/596 562/1004/567
f 518/1077/523 616/1168/621 598/1078/603
f 599/1146/604 617/1169/622 645/1170/650
f 598/1078/603 646/1171/651 617/1105/622
f 563/1005/568 553/985/558 647/1172/652
f 580/1039/585 648/1173/653 592/1063/597
f 649/1174/654 592/1063/597 648/1173/653
f 592/1175/597 649/1176/654 629/1177/634
f 631/1130/636 520/927/525 603/1127/608
f 604/1126/609 631/1128/636 630/1125/635
f 569/1178/574 547/1179/552 650/1180/655
f 572/1181/577 457/1117/462 651/1182/656
f 558/992/563 652/1183/657 526/935/531
f 487/869/492 632/1136/637 610/1118/615
f 472/842/477 633/1184/638 632/1136/637
f 577/1034/582 628/1121/633 653/1185/658
f 464/902/469 506/901/511 642/1186/647
f 577/1034/582 654/1187/659 537/1059/542
f 478/848/483 655/1188/660 517/918/522
f 562/1004/567 591/1147/596 656/1189/661
f 599/1146/604 645/1170/650 657/1190/662
f 539/959/544 658/1191/663 553/985/558
f 598/1078/603 659/1192/664 646/1171/651
f 581/1193/586 660/1194/665 467/875/472
f 649/1174/654 648/1173/653 661/1195/666
f 482/859/487 601/1081/606 565/1007/570
f 541/963/546 662/1196/667 492/878/497
f 569/1014/574 650/1197/655 594/1065/599
f 530/1198/535 663/1199/668 584/1200/589
f 417/1016/422 664/1201/669 625/1116/630
f 531/947/536 571/1017/576 665/1202/670
f 532/1203/537 666/1204/671 571/1205/576
f 667/1206/672 668/1207/673 638/1154/643
f 426/759/431 669/1208/674 460/899/465
f 559/1209/564 670/835/675 638/1210/643
f 671/1211/676 574/1027/579 638/1154/643
f 639/1155/644 634/1138/639 461/811/466
f 634/1138/639 672/1212/677 549/975/554
f 474/953/479 673/1213/678 611/1098/616
f 674/1214/679 614/1159/619 626/1119/631
f 626/1119/631 614/1159/619 612/1099/617
f 577/1034/582 653/1185/658 654/1187/659
f 579/1038/584 597/1076/602 578/1036/583
f 539/959/544 675/1215/680 658/1191/663
f 600/1080/605 676/1216/681 435/777/440
f 563/1005/568 677/1217/682 580/1039/585
f 678/1218/683 648/1173/653 580/1039/585
f 648/1173/653 679/1219/684 661/1195/666
f 566/1008/571 483/861/488 409/731/414
f 605/1088/610 680/1220/685 637/1150/642
f 547/971/552 529/945/534 681/1221/686
f 570/1015/575 664/1201/669 417/1016/422
f 610/1096/615 682/1222/687 586/1135/591
f 668/1207/673 667/1206/672 683/1223/688
f 460/810/465 669/1224/674 588/1055/593
f 668/1207/673 684/1225/689 638/1154/643
f 588/1226/593 670/1227/675 559/1228/564
f 684/1225/689 671/1211/676 638/1154/643
f 535/1070/540 515/916/520 685/1229/690
f 515/916/520 686/1230/691 685/1229/690
f 516/917/521 673/1231/678 474/844/479
f 516/917/521 627/1120/632 673/1231/678
f 550/1029/555 641/1158/646 575/1030/580
f 575/1232/580 687/1233/692 589/1234/594
f 589/1235/594 687/1236/692 688/1237/693
f 537/1059/542 654/1187/659 615/1103/620
f 538/958/543 689/1238/694 636/1144/641
f 690/1239/695 691/1240/696 692/1241/697
f 692/1242/697 693/1243/698 678/1244/683
f 580/1245/585 677/1246/682 678/1247/683
f 692/1248/697 691/1249/696 693/1250/698
f 678/1218/683 693/1251/698 648/1173/653
f 648/1173/653 693/1251/698 679/1219/684
f 637/1150/642 680/1220/685 694/1252/699
f 603/1127/608 630/1253/635 631/1130/636
f 621/1254/626 695/1255/700 543/1256/548
f 543/966/548 695/1257/700 582/1043/587
f 568/1011/573 554/1089/559 696/1258/701
f 571/1017/576 666/1259/671 665/1202/670
f 532/948/537 586/1052/591 666/1259/671
f 526/935/531 697/1260/702 426/936/431
f 667/1261/672 638/1262/643 670/1263/675
f 640/1156/645 686/1230/691 515/916/520
f 634/1138/639 698/1264/703 672/1212/677
f 505/900/510 699/1265/704 473/843/478
f 672/1212/677 626/1119/631 549/975/554
f 614/1266/619 700/1267/705 527/1157/532
f 590/1058/595 444/789/449 701/1268/706
f 478/848/483 635/1143/640 655/1188/660
f 589/1102/594 644/1269/649 479/1166/484
f 656/1270/661 702/1271/707 561/1060/566
f 517/1061/522 655/1272/660 538/958/543
f 655/1272/660 689/1238/694 538/958/543
f 561/1003/566 562/1004/567 656/1189/661
f 539/959/544 615/1103/620 675/1215/680
f 646/1273/651 703/1274/708 617/1275/622
f 690/1276/695 692/1242/697 678/1244/683
f 679/1219/684 704/1277/709 661/1195/666
f 649/1278/654 661/1279/666 705/1280/710
f 649/1278/654 706/1281/711 629/1123/634
f 566/1124/571 629/1123/634 707/1282/712
f 454/799/459 618/1106/623 708/1283/713
f 483/1284/488 709/1285/714 602/1286/607
f 602/1132/607 710/1287/715 621/1111/626
f 623/1114/628 711/1288/716 606/1090/611
f 650/1289/655 547/971/552 712/1290/717
f 555/989/560 594/1065/599 585/1049/590
f 426/936/431 697/1260/702 713/1291/718
f 670/1292/675 588/1293/593 714/1294/719
f 715/1295/720 671/1211/676 684/1225/689
f 473/843/478 699/1265/704 640/1156/645
f 505/900/510 716/1296/721 699/1265/704
f 505/900/510 611/1098/616 716/1296/721
f 635/1143/640 561/1060/566 702/1271/707
f 506/901/511 596/1074/601 717/1297/722
f 654/1187/659 718/1298/723 615/1103/620
f 591/1147/596 719/1299/724 656/1189/661
f 450/1075/455 636/1144/641 616/1300/621
f 599/1146/604 657/1190/662 591/1147/596
f 703/1274/708 645/1301/650 617/1275/622
f 720/1302/725 691/1240/696 690/1239/695
f 691/1249/696 721/1303/726 693/1250/698
f 693/1250/698 721/1303/726 679/1304/684
f 722/1305/727 723/1306/728 724/1307/729
f 605/1088/610 619/1109/624 725/1308/730
f 650/1197/655 712/1309/717 594/1065/599
f 457/1117/462 625/1116/630 651/1182/656
f 651/1310/656 558/992/563 572/1054/577
f 558/992/563 726/1311/731 652/1183/657
f 610/1118/615 632/1136/637 682/1312/687
f 727/1313/732 683/1223/688 667/1206/672
f 728/1314/733 668/1207/673 683/1223/688
f 668/1207/673 728/1314/733 684/1225/689
f 632/1136/637 633/1184/638 729/1315/734
f 671/1211/676 730/1316/735 574/1027/579
f 730/1316/735 639/1155/644 574/1027/579
f 527/1157/532 700/1267/705 641/1158/646
f 687/1236/692 731/1317/736 688/1237/693
f 628/1164/633 643/1163/648 653/1318/658
f 718/1298/723 675/1215/680 615/1103/620
f 732/1319/737 659/1320/664 598/1321/603
f 597/1076/602 452/797/457 435/777/440
f 581/1041/586 388/689/393 564/1006/569
f 564/1042/569 565/1007/570 733/1322/738
f 734/1323/739 704/1277/709 721/1324/726
f 721/1324/726 704/1277/709 679/1219/684
f 706/1281/711 649/1278/654 705/1280/710
f 694/1325/699 735/1326/740 637/1327/642
f 735/1328/740 541/1153/546 637/1152/642
f 736/1329/741 622/1112/627 582/1043/587
f 547/971/552 681/1221/686 712/1290/717
f 529/945/534 584/1048/589 681/1221/686
f 667/1261/672 670/1263/675 737/1330/742
f 669/1331/674 714/1294/719 588/1293/593
f 715/1295/720 730/1316/735 671/1211/676
f 738/1332/743 626/1119/631 672/1212/677
f 653/1333/658 643/1334/648 739/1335/744
f 701/1268/706 444/789/449 551/979/556
f 598/1336/603 616/1337/621 732/1338/737
f 553/985/558 658/1191/663 647/1172/652
f 647/1172/652 677/1217/682 563/1005/568
f 722/1339/727 740/1340/745 723/1341/728
f 734/1323/739 741/1342/746 704/1277/709
f 704/1277/709 741/1342/746 661/1195/666
f 565/1007/570 601/1081/606 742/1343/747
f 741/1344/746 705/1280/710 661/1279/666
f 706/1281/711 707/1282/712 629/1123/634
f 566/1008/571 743/1345/748 483/861/488
f 568/1011/573 696/1258/701 744/1346/749
f 712/1309/717 745/1347/750 594/1065/599
f 530/946/535 609/1093/614 663/1348/668
f 558/992/563 651/1310/656 726/1311/731
f 713/1291/718 669/1349/674 426/936/431
f 633/1137/638 535/1070/540 746/1350/751
f 738/1332/743 674/1214/679 626/1119/631
f 575/1232/580 747/1351/752 687/1233/692
f 747/1352/752 731/1317/736 687/1236/692
f 739/1353/744 643/1161/648 642/1160/647
f 589/1102/594 688/1354/693 748/1355/753
f 748/1355/753 644/1269/649 589/1102/594
f 717/1297/722 596/1074/601 749/1356/754
f 551/979/556 552/1037/557 750/1357/755
f 552/1037/557 578/1036/583 750/1357/755
f 435/777/440 676/1216/681 597/1076/602
f 657/1190/662 645/1170/650 751/1358/756
f 600/1080/605 752/1359/757 676/1216/681
f 691/1249/696 753/1360/758 721/1303/726
f 722/1339/727 742/1361/747 740/1340/745
f 566/1008/571 707/1362/712 743/1345/748
f 754/1363/759 735/1326/740 694/1325/699
f 619/1109/624 755/1364/760 756/1365/761
f 619/1109/624 568/1011/573 755/1364/760
f 606/1090/611 696/1366/701 554/988/559
f 712/1290/717 681/1221/686 745/1367/750
f 745/1347/750 585/1049/590 594/1065/599
f 609/1093/614 757/1368/762 663/1348/668
f 665/1202/670 666/1259/671 758/1369/763
f 651/1182/656 625/1116/630 759/1370/764
f 727/1313/732 760/1371/765 683/1223/688
f 728/1314/733 761/1372/766 684/1225/689
f 737/1373/742 670/1292/675 714/1294/719
f 762/1374/767 715/1295/720 684/1225/689
f 575/1030/580 641/1158/646 747/1375/752
f 701/1376/706 551/1377/556 763/1378/768
f 635/1143/640 702/1271/707 655/1188/660
f 656/1270/661 764/1379/769 702/1271/707
f 659/1380/664 765/1381/770 646/1382/651
f 690/1383/695 766/1384/771 720/1385/725
f 720/1302/725 767/1386/772 691/1240/696
f 768/1387/773 721/1324/726 753/1388/758
f 721/1324/726 768/1387/773 734/1323/739
f 680/1389/685 605/1390/610 725/1391/730
f 725/1308/730 619/1109/624 756/1365/761
f 666/1259/671 586/1052/591 769/1392/774
f 770/1393/775 728/1314/733 683/1223/688
f 526/935/531 652/1183/657 697/1260/702
f 682/1312/687 632/1136/637 771/1394/776
f 632/1136/637 729/1315/734 771/1394/776
f 761/1372/766 762/1374/767 684/1225/689
f 633/1137/638 746/1350/751 729/1395/734
f 535/1070/540 685/1229/690 746/1350/751
f 686/1230/691 772/1396/777 685/1229/690
f 627/1120/632 590/1058/595 773/1397/778
f 774/1398/779 718/1298/723 654/1187/659
f 616/1337/621 775/1399/780 732/1338/737
f 751/1400/756 776/1401/781 657/1402/662
f 676/1216/681 777/1403/782 597/1076/602
f 751/1404/756 645/1405/650 778/1406/783
f 690/1383/695 779/1407/784 766/1384/771
f 690/1383/695 678/1408/683 779/1407/784
f 734/1409/739 705/1280/710 741/1344/746
f 723/1341/728 740/1340/745 780/1410/785
f 723/1411/728 780/1412/785 724/1413/729
f 601/1081/606 454/799/459 708/1283/713
f 754/1414/759 781/1415/786 735/1416/740
f 602/1132/607 709/1417/714 710/1287/715
f 695/1257/700 736/1329/741 582/1043/587
f 782/1418/787 570/1015/575 502/895/507
f 782/1418/787 783/1419/788 570/1015/575
f 609/1093/614 531/947/536 784/1420/789
f 666/1259/671 769/1392/774 758/1369/763
f 682/1222/687 785/1421/790 586/1135/591
f 714/1294/719 669/1331/674 737/1373/742
f 640/1156/645 699/1265/704 686/1230/691
f 611/1098/616 786/1422/791 716/1296/721
f 673/1213/678 786/1422/791 611/1098/616
f 641/1158/646 700/1267/705 787/1423/792
f 641/1424/646 788/1425/793 747/1426/752
f 578/1036/583 597/1076/602 750/1357/755
f 636/1427/641 789/1428/794 616/1429/621
f 776/1430/781 719/1299/724 591/1147/596
f 591/1147/596 657/1190/662 776/1430/781
f 597/1076/602 777/1403/782 750/1357/755
f 467/875/472 660/1194/665 600/1080/605
f 678/1408/683 677/1431/682 779/1407/784
f 722/1305/727 724/1307/729 790/1432/795
f 742/1343/747 601/1081/606 740/1433/745
f 601/1081/606 708/1283/713 740/1433/745
f 740/1433/745 708/1283/713 780/1434/785
f 618/1106/623 567/1107/572 791/1435/796
f 694/1252/699 680/1220/685 754/1436/759
f 622/1112/627 792/1437/797 623/1133/628
f 606/1090/611 793/1438/798 696/1366/701
f 585/1049/590 745/1347/750 794/1439/799
f 585/1049/590 795/1440/800 608/1092/613
f 608/1092/613 795/1440/800 782/1418/787
f 608/1092/613 782/1418/787 502/895/507
f 570/1015/575 783/1419/788 664/1201/669
f 758/1441/763 784/1442/789 665/1443/670
f 785/1421/790 796/1444/801 586/1135/591
f 586/1135/591 796/1444/801 769/1445/774
f 770/1393/775 683/1223/688 760/1371/765
f 682/1312/687 771/1394/776 785/1446/790
f 667/1261/672 737/1330/742 797/1447/802
f 798/1448/803 715/1295/720 762/1374/767
f 738/1449/743 672/1450/677 698/1451/703
f 614/1266/619 674/1452/679 700/1267/705
f 700/1267/705 799/1453/804 787/1423/792
f 747/1426/752 788/1425/793 731/1454/736
f 731/1455/736 800/1456/805 688/1457/693
f 506/901/511 717/1297/722 642/1186/647
f 688/1457/693 800/1456/805 748/1458/753
f 653/1185/658 801/1459/806 654/1187/659
f 703/1274/708 646/1273/651 765/1460/770
f 779/1407/784 677/1431/682 802/1461/807
f 734/1409/739 803/1462/808 705/1280/710
f 680/1220/685 804/1463/809 754/1436/759
f 680/1389/685 725/1391/730 804/1464/809
f 792/1437/797 622/1112/627 736/1329/741
f 755/1364/760 568/1011/573 744/1346/749
f 784/1420/789 531/947/536 665/1202/670
f 797/1447/802 727/1465/732 667/1261/672
f 761/1372/766 728/1314/733 770/1393/775
f 730/1316/735 805/1466/810 639/1155/644
f 786/1422/791 699/1265/704 716/1296/721
f 717/1467/722 739/1353/744 642/1160/647
f 763/1468/768 551/979/556 750/1357/755
f 806/1469/811 749/1356/754 596/1074/601
f 644/1167/649 806/1469/811 596/1074/601
f 789/1470/794 636/1144/641 689/1238/694
f 807/1471/812 616/1429/621 789/1428/794
f 775/1399/780 616/1337/621 807/1472/812
f 753/1388/758 691/1240/696 767/1386/772
f 742/1473/747 722/1474/727 790/1475/795
f 743/1476/748 709/1285/714 483/1284/488
f 808/1477/813 735/1416/740 781/1415/786
f 621/1478/626 809/1479/814 695/1480/700
f 792/1481/797 711/1288/716 623/1114/628
f 745/1367/750 681/1221/686 794/1482/799
f 609/1093/614 784/1420/789 757/1368/762
f 699/1265/704 810/1483/815 686/1230/691
f 673/1231/678 627/1120/632 811/1484/816
f 700/1267/705 674/1452/679 799/1453/804
f 641/1158/646 787/1423/792 788/1485/793
f 653/1185/658 739/1353/744 801/1459/806
f 739/1353/744 812/1486/817 801/1459/806
f 774/1487/779 654/1488/659 801/1489/806
f 774/1398/779 813/1490/818 718/1298/723
f 806/1491/811 644/1492/649 748/1493/753
f 656/1189/661 719/1299/724 764/1494/769
f 719/1299/724 776/1430/781 814/1495/819
f 815/1496/820 750/1357/755 777/1403/782
f 778/1497/783 645/1498/650 816/1499/821
f 600/1500/605 660/1501/665 817/1502/822
f 779/1503/784 802/1504/807 818/1505/823
f 768/1387/773 819/1506/824 734/1323/739
f 706/1281/711 743/1507/748 707/1282/712
f 708/1283/713 618/1106/623 791/1435/796
f 710/1508/715 809/1479/814 621/1478/626
f 606/1090/611 711/1288/716 793/1438/798
f 820/1509/825 821/1510/826 822/1511/827
f 663/1512/668 757/1513/762 823/1514/828
f 824/1515/829 825/1516/830 821/1517/826
f 821/1517/826 825/1516/830 826/1518/831
f 821/1517/826 826/1518/831 822/1519/827
f 759/1370/764 827/1520/832 651/1182/656
f 760/1371/765 828/1521/833 770/1393/775
f 770/1393/775 829/1522/834 761/1372/766
f 729/1523/734 830/1524/835 771/1525/776
f 746/1350/751 685/1229/690 831/1526/836
f 639/1155/644 805/1466/810 634/1138/639
f 739/1527/744 717/1528/722 832/1529/837
f 801/1489/806 812/1530/817 833/1531/838
f 689/1238/694 655/1272/660 834/1532/839
f 776/1401/781 751/1400/756 835/1533/840
f 778/1534/783 816/1535/821 732/1319/737
f 659/1380/664 836/1536/841 765/1381/770
f 720/1302/725 837/1537/842 767/1386/772
f 581/1041/586 564/1006/569 838/1538/843
f 564/1042/569 733/1322/738 839/1539/844
f 565/1007/570 742/1343/747 733/1322/738
f 492/878/497 662/1196/667 567/1009/572
f 794/1540/799 681/1541/686 840/1542/845
f 663/1543/668 823/1544/828 584/1545/589
f 822/1546/827 826/1547/831 841/1548/846
f 746/1350/751 830/1549/835 729/1395/734
f 798/1448/803 730/1316/735 715/1295/720
f 842/1550/847 698/1264/703 634/1138/639
f 674/1452/679 843/1551/848 799/1453/804
f 832/1552/837 812/1486/817 739/1353/744
f 717/1297/722 749/1356/754 844/1553/849
f 655/1188/660 702/1271/707 834/1554/839
f 689/1238/694 834/1532/839 789/1470/794
f 718/1298/723 845/1555/850 675/1215/680
f 775/1556/780 778/1557/783 732/1558/737
f 732/1319/737 836/1559/841 659/1320/664
f 777/1403/782 676/1216/681 846/1560/851
f 645/1301/650 703/1274/708 816/1561/821
f 600/1080/605 817/1562/822 752/1359/757
f 720/1563/725 766/1564/771 847/1565/852
f 818/1566/823 766/1567/771 779/1568/784
f 564/1042/569 839/1539/844 838/1569/843
f 848/1570/853 706/1281/711 705/1280/710
f 849/1571/854 821/1517/826 820/1572/825
f 824/1515/829 821/1517/826 849/1571/854
f 681/1541/686 584/1573/589 840/1542/845
f 585/1049/590 794/1439/799 795/1440/800
f 822/1511/827 841/1574/846 850/1575/855
f 758/1441/763 851/1576/856 784/1442/789
f 760/1577/765 852/1578/857 853/1579/858
f 760/1580/765 727/1465/732 852/1581/857
f 730/1316/735 798/1448/803 854/1582/859
f 673/1213/678 811/1583/816 786/1422/791
f 731/1584/736 788/1585/793 787/1586/792
f 801/1489/806 833/1531/838 774/1487/779
f 749/1587/754 806/1588/811 800/1589/805
f 813/1490/818 845/1555/850 718/1298/723
f 732/1319/737 855/1590/860 836/1559/841
f 846/1560/851 676/1216/681 752/1359/757
f 647/1172/652 658/1191/663 856/1591/861
f 647/1172/652 802/1592/807 677/1217/682
f 802/1593/807 857/1594/862 818/1595/823
f 847/1596/852 766/1567/771 818/1566/823
f 767/1386/772 858/1597/863 753/1388/758
f 695/1257/700 809/1598/814 736/1329/741
f 849/1571/854 859/1599/864 824/1515/829
f 840/1542/845 860/1600/865 794/1540/799
f 820/1509/825 822/1511/827 861/1601/866
f 826/1547/831 862/1602/867 841/1548/846
f 760/1577/765 853/1579/858 828/1603/833
f 651/1310/656 827/1604/832 726/1311/731
f 828/1521/833 829/1522/834 770/1393/775
f 669/1349/674 713/1291/718 863/1605/868
f 669/1349/674 863/1605/868 737/1606/742
f 864/1607/869 798/1448/803 762/1374/767
f 746/1608/751 865/1609/870 830/1610/835
f 686/1230/691 810/1483/815 772/1396/777
f 786/1422/791 866/1611/871 699/1265/704
f 701/1268/706 867/1612/872 590/1058/595
f 717/1613/722 844/1614/849 868/1615/873
f 800/1589/805 806/1588/811 748/1616/753
f 751/1400/756 778/1617/783 869/1618/874
f 675/1619/680 845/1620/850 658/1621/663
f 870/1622/875 837/1623/842 720/1624/725
f 870/1622/875 720/1624/725 847/1625/852
f 790/1432/795 724/1307/729 871/1626/876
f 871/1627/876 724/1454/729 780/1628/785
f 803/1462/808 734/1409/739 819/1629/824
f 872/1630/877 873/1631/878 781/1415/786
f 780/1434/785 708/1283/713 791/1435/796
f 781/1415/786 754/1414/759 872/1630/877
f 744/1632/749 696/1366/701 793/1438/798
f 874/1633/879 822/1511/827 850/1575/855
f 785/1446/790 771/1394/776 875/1634/880
f 875/1635/880 771/1525/776 830/1524/835
f 831/1526/836 685/1229/690 772/1396/777
f 854/1582/859 805/1466/810 730/1316/735
f 876/1636/881 674/1214/679 738/1332/743
f 876/1636/881 877/1637/882 674/1214/679
f 811/1484/816 627/1120/632 773/1397/778
f 843/1638/848 674/1214/679 877/1637/882
f 773/1397/778 590/1058/595 878/1639/883
f 879/1640/884 731/1455/736 787/1641/792
f 879/1640/884 800/1456/805 731/1455/736
f 832/1529/837 717/1528/722 868/1642/873
f 834/1554/839 702/1271/707 880/1643/885
f 814/1495/819 776/1430/781 835/1644/840
f 732/1319/737 816/1535/821 855/1590/860
f 703/1645/708 765/1646/770 816/1647/821
f 818/1595/823 857/1594/862 881/1648/886
f 818/1566/823 870/1649/875 847/1596/852
f 837/1537/842 858/1597/863 767/1386/772
f 882/1650/887 768/1387/773 753/1388/758
f 883/1651/888 742/1343/747 790/1432/795
f 848/1570/853 705/1280/710 803/1462/808
f 808/1477/813 541/963/546 735/1416/740
f 541/963/546 808/1477/813 662/1196/667
f 709/1285/714 809/1479/814 710/1508/715
f 755/1364/760 744/1346/749 884/1652/889
f 794/1439/799 860/1653/865 795/1440/800
f 584/1573/589 823/1654/828 840/1542/845
f 795/1440/800 783/1419/788 782/1418/787
f 825/1516/830 885/1655/890 826/1518/831
f 664/1201/669 886/1656/891 625/1116/630
f 625/1116/630 886/1656/891 887/1657/892
f 726/1311/731 888/1658/893 652/1183/657
f 746/1608/751 831/1659/836 865/1609/870
f 831/1526/836 772/1396/777 889/1660/894
f 805/1466/810 842/1550/847 634/1138/639
f 738/1449/743 698/1451/703 842/1661/847
f 799/1453/804 890/1662/895 787/1423/792
f 890/1663/895 879/1640/884 787/1641/792
f 763/1468/768 750/1357/755 891/1664/896
f 764/1379/769 880/1643/885 702/1271/707
f 869/1618/874 892/1665/897 751/1400/756
f 751/1400/756 892/1665/897 835/1533/840
f 893/1666/898 894/1667/899 836/1668/841
f 836/1668/841 894/1667/899 765/1669/770
f 754/1436/759 804/1463/809 872/1670/877
f 756/1365/761 895/1671/900 725/1308/730
f 896/1672/901 736/1329/741 809/1598/814
f 756/1365/761 755/1364/760 897/1673/902
f 736/1329/741 898/1674/903 792/1437/797
f 820/1572/825 899/1675/904 849/1571/854
f 820/1509/825 861/1601/866 899/1676/904
f 840/1542/845 900/1677/905 860/1600/865
f 824/1515/829 901/1678/906 825/1516/830
f 902/1679/907 862/1602/867 826/1547/831
f 625/1116/630 887/1657/892 759/1370/764
f 759/1370/764 903/1680/908 904/1681/909
f 759/1370/764 904/1681/909 827/1520/832
f 785/1421/790 905/1682/910 796/1444/801
f 699/1265/704 866/1611/871 810/1483/815
f 738/1449/743 842/1661/847 876/1683/881
f 799/1453/804 843/1551/848 890/1662/895
f 590/1058/595 867/1612/872 878/1639/883
f 701/1268/706 763/1468/768 867/1612/872
f 813/1684/818 906/1685/911 845/1620/850
f 907/1686/912 893/1666/898 836/1668/841
f 765/1687/770 908/1688/913 816/1689/821
f 752/1359/757 817/1562/822 909/1690/914
f 817/1562/822 910/1691/915 909/1690/914
f 817/1692/822 660/1693/665 910/1694/915
f 911/1695/916 857/1696/862 802/1592/807
f 818/1595/823 881/1648/886 870/1622/875
f 780/1434/785 791/1435/796 871/1626/876
f 743/1507/748 706/1281/711 912/1697/917
f 819/1629/824 913/1698/918 803/1462/808
f 804/1463/809 914/1699/919 872/1670/877
f 915/1700/920 809/1479/814 709/1285/714
f 859/1599/864 901/1678/906 824/1515/829
f 916/1701/921 885/1655/890 825/1516/830
f 885/1702/890 902/1679/907 826/1547/831
f 887/1657/892 903/1680/908 759/1370/764
f 727/1465/732 797/1447/802 917/1703/922
f 785/1446/790 875/1634/880 905/1704/910
f 879/1705/884 749/1587/754 800/1589/805
f 750/1357/755 815/1496/820 891/1664/896
f 836/1706/841 855/1707/860 907/1708/912
f 658/1621/663 845/1620/850 918/1709/923
f 816/1535/821 908/1710/913 855/1590/860
f 802/1592/807 647/1172/652 911/1695/916
f 838/1538/843 660/1711/665 581/1041/586
f 753/1388/758 858/1597/863 882/1650/887
f 706/1281/711 919/1712/924 912/1697/917
f 848/1570/853 919/1712/924 706/1281/711
f 899/1675/904 920/1713/925 849/1571/854
f 860/1714/865 921/1715/926 795/1716/800
f 861/1601/866 822/1511/827 874/1633/879
f 840/1717/845 823/1718/828 900/1719/905
f 783/1419/788 922/1720/927 664/1201/669
f 757/1721/762 784/1722/789 923/1723/928
f 885/1655/890 916/1701/921 924/1724/929
f 924/1725/929 902/1679/907 885/1702/890
f 862/1602/867 925/1726/930 841/1548/846
f 761/1372/766 829/1522/834 926/1727/931
f 737/1330/742 863/1728/868 797/1447/802
f 798/1448/803 864/1607/869 927/1729/932
f 842/1550/847 805/1466/810 928/1730/933
f 868/1731/873 929/1732/934 832/1733/837
f 832/1734/837 930/1735/935 812/1736/817
f 763/1737/768 931/1738/936 867/1739/872
f 812/1530/817 932/1740/937 833/1531/838
f 814/1495/819 835/1644/840 933/1741/938
f 815/1496/820 777/1403/782 934/1742/939
f 908/1743/913 892/1744/897 855/1745/860
f 765/1746/770 894/1747/899 908/1748/913
f 935/1749/940 858/1597/863 837/1537/842
f 936/1750/941 839/1539/844 733/1322/738
f 808/1477/813 937/1751/942 662/1196/667
f 567/1009/572 662/1196/667 938/1752/943
f 725/1308/730 895/1671/900 939/1753/944
f 755/1364/760 884/1652/889 897/1673/902
f 860/1754/865 900/1755/905 940/1756/945
f 901/1678/906 916/1701/921 825/1516/830
f 795/1440/800 921/1757/926 783/1419/788
f 916/1701/921 941/1758/946 924/1724/929
f 758/1369/763 769/1392/774 942/1759/947
f 852/1581/857 727/1465/732 917/1703/922
f 943/1760/948 863/1605/868 713/1291/718
f 944/1761/949 864/1607/869 762/1374/767
f 945/1762/950 890/1763/895 877/1637/882
f 890/1763/895 843/1638/848 877/1637/882
f 844/1764/849 749/1587/754 879/1705/884
f 932/1765/937 946/1766/951 833/1767/838
f 775/1768/780 869/1769/874 778/1770/783
f 907/1686/912 947/1771/952 893/1666/898
f 918/1772/923 856/1773/861 658/1774/663
f 948/1775/953 908/1748/913 894/1747/899
f 870/1622/875 949/1776/954 837/1623/842
f 950/1777/955 790/1432/795 871/1626/876
f 808/1477/813 781/1415/786 873/1631/878
f 914/1778/919 804/1464/809 725/1391/730
f 895/1671/900 756/1365/761 951/1779/956
f 859/1599/864 849/1571/854 920/1713/925
f 921/1715/926 860/1714/865 940/1780/945
f 952/1781/957 783/1419/788 921/1757/926
f 922/1720/927 886/1656/891 664/1201/669
f 953/1782/958 850/1783/855 841/1548/846
f 851/1784/856 758/1369/763 942/1759/947
f 827/1604/832 954/1785/959 726/1311/731
f 761/1372/766 944/1761/949 762/1374/767
f 786/1786/791 955/1787/960 866/1788/871
f 811/1583/816 955/1789/960 786/1422/791
f 876/1636/881 945/1762/950 877/1637/882
f 811/1484/816 773/1397/778 956/1790/961
f 945/1762/950 957/1791/962 890/1763/895
f 929/1792/934 930/1793/935 832/1794/837
f 930/1735/935 932/1795/937 812/1736/817
f 931/1796/936 763/1468/768 891/1664/896
f 833/1531/838 946/1797/951 774/1487/779
f 719/1299/724 958/1798/963 764/1494/769
f 834/1532/839 959/1799/964 789/1470/794
f 719/1299/724 814/1495/819 958/1798/963
f 907/1708/912 855/1707/860 960/1800/965
f 855/1801/860 892/1802/897 960/1803/965
f 752/1359/757 909/1690/914 846/1560/851
f 911/1695/916 647/1172/652 856/1591/861
f 857/1594/862 961/1804/966 881/1648/886
f 882/1650/887 858/1597/863 935/1749/940
f 733/1322/738 742/1343/747 936/1750/941
f 962/1805/967 768/1387/773 882/1650/887
f 912/1697/917 963/1806/968 743/1507/748
f 963/1807/968 709/1285/714 743/1476/748
f 938/1752/943 662/1196/667 937/1751/942
f 896/1808/901 898/1809/903 736/1810/741
f 898/1811/903 964/1812/969 792/1813/797
f 964/1814/969 711/1288/716 792/1481/797
f 711/1288/716 965/1815/970 793/1438/798
f 966/1816/971 861/1601/866 874/1633/879
f 952/1781/957 922/1720/927 783/1419/788
f 823/1718/828 757/1721/762 923/1723/928
f 902/1679/907 967/1817/972 862/1602/867
f 841/1548/846 925/1726/930 953/1782/958
f 886/1656/891 968/1818/973 887/1657/892
f 828/1521/833 853/1819/858 969/1820/974
f 828/1521/833 970/1821/975 829/1522/834
f 905/1682/910 971/1822/976 796/1444/801
f 926/1727/931 944/1761/949 761/1372/766
f 797/1447/802 863/1728/868 972/1823/977
f 798/1448/803 927/1729/932 854/1582/859
f 772/1396/777 810/1483/815 889/1660/894
f 868/1824/873 844/1825/849 929/1826/934
f 775/1768/780 973/1827/978 869/1769/874
f 907/1708/912 960/1800/965 974/1828/979
f 906/1685/911 918/1709/923 845/1620/850
f 947/1771/952 907/1686/912 975/1829/980
f 777/1403/782 846/1560/851 934/1742/939
f 892/1830/897 869/1831/874 960/1832/965
f 892/1665/897 976/1833/981 835/1533/840
f 908/1748/913 976/1833/981 892/1665/897
f 908/1748/913 948/1775/953 976/1833/981
f 911/1695/916 961/1834/966 857/1696/862
f 837/1537/842 949/1835/954 935/1749/940
f 839/1539/844 977/1836/982 838/1569/843
f 742/1343/747 883/1651/888 978/1837/983
f 725/1391/730 939/1838/944 914/1778/919
f 963/1807/968 915/1700/920 709/1285/714
f 809/1479/814 979/1839/984 896/1808/901
f 756/1365/761 897/1673/902 951/1779/956
f 884/1840/889 744/1632/749 980/1841/985
f 964/1814/969 981/1842/986 711/1288/716
f 793/1438/798 980/1841/985 744/1632/749
f 859/1599/864 982/1843/987 901/1678/906
f 900/1755/905 983/1844/988 940/1756/945
f 901/1678/906 984/1845/989 985/1846/990
f 874/1633/879 850/1575/855 986/1847/991
f 916/1701/921 985/1846/990 941/1758/946
f 851/1576/856 923/1848/928 784/1442/789
f 987/1849/992 902/1679/907 924/1725/929
f 828/1521/833 969/1820/974 970/1821/975
f 827/1604/832 988/1850/993 954/1785/959
f 796/1444/801 971/1822/976 989/1851/994
f 876/1636/881 842/1550/847 990/1852/995
f 991/1853/996 906/1685/911 813/1684/818
f 789/1428/794 992/1854/997 807/1471/812
f 775/1855/780 807/1471/812 973/1856/978
f 894/1857/899 893/1858/898 947/1859/952
f 660/1693/665 993/1860/998 910/1694/915
f 660/1693/665 838/1861/843 993/1860/998
f 935/1749/940 949/1835/954 882/1650/887
f 742/1343/747 978/1837/983 936/1750/941
f 883/1651/888 790/1432/795 950/1777/955
f 809/1479/814 915/1700/920 979/1839/984
f 982/1843/987 859/1599/864 920/1713/925
f 982/1843/987 994/1862/999 901/1678/906
f 901/1678/906 985/1846/990 916/1701/921
f 823/1718/828 995/1863/1000 900/1719/905
f 823/1718/828 923/1723/928 995/1863/1000
f 851/1576/856 996/1864/1001 923/1848/928
f 924/1724/929 941/1758/946 987/1865/992
f 852/1578/857 997/1866/1002 853/1579/858
f 852/1578/857 998/1867/1003 997/1866/1002
f 827/1520/832 904/1681/909 988/1868/993
f 796/1869/801 942/1759/947 769/1392/774
f 888/1658/893 999/1870/1004 652/1183/657
f 652/1183/657 999/1870/1004 697/1260/702
f 864/1607/869 944/1761/949 1000/1871/1005
f 1001/1872/1006 945/1762/950 876/1636/881
f 890/1763/895 957/1791/962 879/1873/884
f 879/1874/884 1002/1875/1007 844/1876/849
f 960/1832/965 869/1831/874 1003/1877/1008
f 975/1829/980 1004/1878/1009 947/1771/952
f 870/1622/875 961/1804/966 1005/1879/1010
f 870/1622/875 881/1648/886 961/1804/966
f 949/1835/954 1006/1880/1011 882/1650/887
f 936/1750/941 978/1837/983 1007/1881/1012
f 848/1570/853 803/1462/808 1008/1882/1013
f 1009/1883/1014 1010/1884/1015 1011/1885/1016
f 1009/1883/1014 1012/1886/1017 1010/1884/1015
f 1010/1887/1015 1013/1888/1018 1014/1889/1019
f 1012/1886/1017 1015/1890/1020 1010/1884/1015
f 1010/1884/1015 1015/1890/1020 1013/1891/1018
f 899/1676/904 1016/1892/1021 1017/1893/1022
f 985/1846/990 1018/1894/1023 941/1758/946
f 953/1782/958 1019/1895/1024 850/1783/855
f 925/1726/930 1020/1896/1025 953/1782/958
f 969/1820/974 1021/1897/1026 970/1821/975
f 970/1821/975 1022/1898/1027 829/1522/834
f 726/1311/731 954/1785/959 888/1658/893
f 971/1899/976 905/1704/910 875/1634/880
f 875/1634/880 830/1610/835 865/1609/870
f 1023/1900/1028 865/1901/870 831/1902/836
f 1023/1900/1028 831/1902/836 889/1903/894
f 928/1904/933 990/1905/995 842/1906/847
f 990/1852/995 1001/1872/1006 876/1636/881
f 955/1789/960 811/1583/816 1024/1907/1029
f 1025/1908/1030 811/1484/816 956/1790/961
f 1002/1875/1007 929/1909/934 844/1876/849
f 1026/1910/1031 932/1911/937 930/1912/935
f 932/1765/937 1027/1913/1032 946/1766/951
f 880/1914/885 959/1799/964 834/1532/839
f 959/1799/964 1028/1915/1033 789/1470/794
f 974/1828/979 960/1800/965 1003/1916/1008
f 835/1644/840 976/1917/981 933/1741/938
f 1029/1918/1034 918/1709/923 906/1685/911
f 1030/1919/1035 894/1857/899 947/1859/952
f 1030/1919/1035 1031/1920/1036 894/1857/899
f 961/1834/966 911/1695/916 1032/1921/1037
f 1005/1879/1010 949/1776/954 870/1622/875
f 1033/1922/1038 839/1539/844 936/1750/941
f 963/1807/968 912/1923/917 1034/1924/1039
f 1035/1925/1040 872/1670/877 914/1699/919
f 1036/1926/1041 938/1752/943 937/1751/942
f 963/1807/968 1037/1927/1042 915/1700/920
f 981/1842/986 965/1815/970 711/1288/716
f 965/1815/970 980/1841/985 793/1438/798
f 1010/1887/1015 1014/1889/1019 1011/1928/1016
f 984/1845/989 901/1678/906 994/1862/999
f 940/1929/945 952/1781/957 921/1757/926
f 1038/1930/1043 985/1846/990 984/1845/989
f 953/1931/958 1039/1932/1044 1019/1933/1024
f 1039/1932/1044 953/1931/958 1040/1934/1045
f 967/1817/972 925/1726/930 862/1602/867
f 970/1821/975 1021/1897/1026 1039/1935/1044
f 998/1867/1003 852/1578/857 917/1936/922
f 1041/1937/1046 989/1851/994 971/1822/976
f 697/1260/702 943/1760/948 713/1291/718
f 1042/1938/1047 875/1634/880 865/1609/870
f 927/1729/932 1043/1939/1048 854/1582/859
f 990/1905/995 928/1904/933 1044/1940/1049
f 1045/1941/1050 955/1787/960 1024/1942/1029
f 956/1790/961 773/1397/778 1046/1943/1051
f 1046/1943/1051 773/1397/778 878/1639/883
f 1002/1875/1007 879/1874/884 957/1944/962
f 1047/1945/1052 1048/1946/1053 1049/1947/1054
f 1050/1948/1055 878/1639/883 867/1612/872
f 1048/1949/1053 1051/1950/1056 1049/1951/1054
f 946/1952/951 991/1853/996 774/1953/779
f 991/1853/996 813/1684/818 774/1953/779
f 891/1664/896 815/1496/820 1052/1954/1057
f 789/1428/794 1028/1955/1033 992/1854/997
f 1053/1956/1058 975/1957/980 907/1958/912
f 846/1560/851 1054/1959/1059 934/1742/939
f 894/1747/899 1031/1960/1036 948/1775/953
f 873/1631/878 872/1630/877 1055/1961/1060
f 1055/1962/1060 872/1670/877 1035/1925/1040
f 919/1712/924 1034/1963/1039 912/1697/917
f 567/1107/572 938/1964/943 791/1435/796
f 914/1778/919 939/1838/944 1035/1965/1040
f 951/1779/956 897/1673/902 1056/1966/1061
f 1011/1928/1016 1014/1889/1019 1057/1967/1062
f 920/1968/925 899/1969/904 1017/1970/1022
f 1038/1930/1043 1018/1894/1023 985/1846/990
f 940/1929/945 1058/1971/1063 952/1781/957
f 952/1781/957 1058/1971/1063 922/1720/927
f 922/1720/927 1058/1971/1063 968/1818/973
f 941/1758/946 1018/1894/1023 1059/1972/1064
f 1059/1973/1064 987/1849/992 941/1974/946
f 922/1720/927 968/1818/973 886/1656/891
f 953/1975/958 1060/1976/1065 1040/1977/1045
f 968/1818/973 1061/1978/1066 887/1657/892
f 851/1784/856 942/1759/947 1062/1979/1067
f 1040/1977/1045 970/1821/975 1039/1935/1044
f 1040/1977/1045 1022/1898/1027 970/1821/975
f 954/1785/959 1063/1980/1068 888/1658/893
f 697/1260/702 999/1870/1004 943/1760/948
f 943/1760/948 1064/1981/1069 863/1605/868
f 864/1607/869 1000/1871/1005 927/1729/932
f 805/1982/810 854/1983/859 1065/1984/1070
f 811/1484/816 1025/1908/1030 1024/1985/1029
f 945/1986/950 1066/1317/1071 957/1987/962
f 1002/1988/1007 957/1989/962 1067/1990/1072
f 880/1643/885 764/1379/769 1068/1991/1073
f 1069/1992/1074 958/1798/963 814/1495/819
f 1003/1877/1008 869/1831/874 973/1993/978
f 1070/1994/1075 1032/1921/1037 911/1695/916
f 961/1834/966 1071/1995/1076 1005/1996/1010
f 1072/1997/1077 949/1776/954 1005/1879/1010
f 1073/1998/1078 1074/1999/1079 1075/2000/1080
f 819/1506/824 768/1387/773 962/1805/967
f 919/1712/924 848/1570/853 1076/2001/1081
f 1076/2001/1081 848/1570/853 1008/1882/1013
f 1011/1885/1016 1077/2002/1082 1009/1883/1014
f 899/1676/904 966/1816/971 1016/1892/1021
f 899/1676/904 861/1601/866 966/1816/971
f 1038/1930/1043 984/1845/989 994/1862/999
f 850/1575/855 1019/1933/1024 986/1847/991
f 995/2003/1000 923/1848/928 1078/2004/1083
f 1079/2005/1084 1078/2004/1083 923/1848/928
f 902/1679/907 1080/2006/1085 967/1817/972
f 1060/1976/1065 1022/1898/1027 1040/1977/1045
f 887/1657/892 1061/1978/1066 903/1680/908
f 796/1869/801 1081/2007/1086 942/1759/947
f 888/1658/893 1063/1980/1068 1082/2008/1087
f 917/1703/922 797/1447/802 1083/2009/1088
f 1044/2010/1049 1084/2011/1089 990/2012/995
f 1085/2013/1090 1086/2014/1091 990/1852/995
f 990/1852/995 1086/2014/1091 1001/1872/1006
f 955/1787/960 1087/2015/1092 866/1788/871
f 1024/1942/1029 1088/2016/1093 1089/2017/1094
f 1024/1942/1029 1025/2018/1030 1088/2016/1093
f 878/1639/883 1090/2019/1095 1046/1943/1051
f 1048/2020/1053 1047/2021/1052 1090/2022/1095
f 1048/2020/1053 1090/2022/1095 1091/2023/1096
f 878/1639/883 1050/1948/1055 1090/2019/1095
f 1048/2020/1053 1091/2023/1096 1051/2024/1056
f 815/1496/820 934/1742/939 1052/1954/1057
f 907/1958/912 974/2025/979 1053/1956/1058
f 1053/2026/1058 974/2027/979 992/2028/997
f 1053/2026/1058 1092/2029/1097 975/1829/980
f 947/2030/952 1093/2031/1098 1030/2032/1035
f 1070/1994/1075 911/1695/916 856/1591/861
f 1094/2033/1099 1095/2034/1100 1074/2035/1079
f 873/1631/878 1055/1961/1060 808/1477/813
f 895/1671/900 951/1779/956 1096/2036/1101
f 1097/2037/1102 994/1862/999 982/1843/987
f 966/1816/971 874/1633/879 986/1847/991
f 983/2038/988 1058/2039/1063 940/2040/945
f 983/2038/988 995/2041/1000 1058/2039/1063
f 983/1844/988 900/1755/905 995/2042/1000
f 1020/2043/1025 1060/1976/1065 953/1975/958
f 969/2044/974 853/2045/858 1098/2046/1103
f 1022/1898/1027 926/1727/931 829/1522/834
f 1082/2008/1087 999/1870/1004 888/1658/893
f 972/1823/977 863/1728/868 1064/2047/1069
f 1088/2048/1093 1025/2049/1030 1099/2050/1104
f 1001/1872/1006 1066/2051/1071 945/1762/950
f 1025/2052/1030 956/2053/961 1099/2054/1104
f 1100/2055/1105 929/1909/934 1002/1875/1007
f 764/1379/769 958/2056/963 1068/1991/1073
f 814/2057/819 933/2058/938 1069/2059/1074
f 992/1854/997 973/1856/978 807/1471/812
f 1028/2060/1033 1053/2026/1058 992/2028/997
f 992/2028/997 974/2027/979 973/1993/978
f 974/2027/979 1003/1877/1008 973/1993/978
f 1030/1919/1035 1101/2061/1106 1031/1920/1036
f 961/1834/966 1032/1921/1037 1071/1995/1076
f 993/2062/998 838/1569/843 977/1836/982
f 1072/2063/1077 1005/1996/1010 1071/1995/1076
f 977/1836/982 839/1539/844 1033/1922/1038
f 1095/2034/1100 1075/2064/1080 1074/2035/1079
f 1102/2065/1107 882/1650/887 1006/1880/1011
f 1103/2066/1108 871/1626/876 791/1435/796
f 1055/1961/1060 1104/2067/1109 808/1477/813
f 1055/1962/1060 1035/1925/1040 1105/2068/1110
f 1096/2036/1101 951/1779/956 1056/1966/1061
f 979/1839/984 1106/2069/1111 896/1808/901
f 1107/2070/1112 1011/2071/1016 1057/2072/1062
f 1108/2073/1113 1057/1967/1062 1014/1889/1019
f 1014/1889/1019 1013/1888/1018 1109/2074/1114
f 1110/2075/1115 1013/2076/1018 1015/2077/1020
f 1111/2078/1116 982/1843/987 920/1713/925
f 1097/2037/1102 982/1843/987 1112/2079/1117
f 1079/2005/1084 923/1848/928 996/1864/1001
f 1058/1971/1063 1113/2080/1118 968/1818/973
f 1019/1933/1024 1039/1932/1044 1114/2081/1119
f 1061/1978/1066 968/1818/973 1115/2082/1120
f 1061/1978/1066 904/1681/909 903/1680/908
f 904/1681/909 1116/2083/1121 988/1868/993
f 1117/2084/1122 926/1727/931 1022/1898/1027
f 1118/2085/1123 944/1761/949 926/1727/931
f 1119/2086/1124 927/1729/932 1000/1871/1005
f 1119/2086/1124 1043/1939/1048 927/1729/932
f 1085/2087/1090 990/2012/995 1084/2011/1089
f 1045/1941/1050 1024/1942/1029 1089/2017/1094
f 1120/2088/1125 1089/2017/1094 1088/2016/1093
f 1067/2089/1072 957/1944/962 1066/2090/1071
f 1050/1948/1055 1091/2091/1096 1090/2019/1095
f 1100/2055/1105 1002/1875/1007 1121/2092/1126
f 1122/2093/1127 1026/2094/1031 930/2095/935
f 1027/1913/1032 932/1765/937 1123/2096/1128
f 1050/1948/1055 867/1612/872 931/1796/936
f 931/1796/936 891/1664/896 1124/2097/1129
f 1125/2098/1130 891/2099/896 1052/2100/1057
f 1053/2026/1058 1028/2060/1033 1092/2029/1097
f 1054/1959/1059 846/1560/851 909/1690/914
f 1126/2101/1131 948/2102/953 1031/2103/1036
f 1070/1994/1075 856/1591/861 918/2104/923
f 1127/2105/1132 977/1836/982 1033/1922/1038
f 1072/1997/1077 1128/2106/1133 949/1776/954
f 1033/1922/1038 936/1750/941 1007/1881/1012
f 1095/2034/1100 1094/2033/1099 1129/2107/1134
f 1102/2065/1107 962/1805/967 882/1650/887
f 1108/2073/1113 1014/1889/1019 1109/2074/1114
f 1013/1888/1018 1130/2108/1135 1109/2074/1114
f 1111/2078/1116 920/1713/925 1131/2109/1136
f 1058/2039/1063 995/2041/1000 1113/2110/1118
f 1113/2080/1118 1115/2082/1120 968/1818/973
f 967/1817/972 1020/1896/1025 925/1726/930
f 853/2045/858 997/2111/1002 1098/2046/1103
f 904/1681/909 1132/2112/1137 1116/2083/1121
f 988/1868/993 1116/2083/1121 1133/2113/1138
f 988/1850/993 1133/2114/1138 954/1785/959
f 797/1447/802 972/1823/977 1083/2009/1088
f 1134/2115/1139 875/1634/880 1042/1938/1047
f 1043/2116/1048 1065/1984/1070 854/1983/859
f 1135/2117/1140 810/2118/815 866/1788/871
f 805/1982/810 1065/1984/1070 928/2119/933
f 1087/2015/1092 955/1787/960 1136/2120/1141
f 1090/2022/1095 1047/2021/1052 1137/2121/1142
f 1050/2122/1055 1124/2123/1129 1091/2124/1096
f 1050/1948/1055 931/1796/936 1124/2097/1129
f 958/2056/963 1069/2125/1074 1138/2126/1143
f 1139/2127/1144 975/1829/980 1092/2029/1097
f 1139/2127/1144 1004/1878/1009 975/1829/980
f 1140/2128/1145 934/2129/939 1054/2130/1059
f 1004/2131/1009 1093/2031/1098 947/2030/952
f 976/2132/981 948/2102/953 1126/2101/1131
f 1070/2133/1075 918/2134/923 1029/2135/1034
f 1094/2136/1099 1141/2137/1146 1142/2138/1147
f 1142/2139/1147 1143/2140/1148 1144/2141/1149
f 1034/1924/1039 1145/2142/1150 963/1807/968
f 963/1807/968 1146/2143/1151 1037/1927/1042
f 1008/1882/1013 1147/2144/1152 1076/2001/1081
f 1037/1927/1042 1148/2145/1153 915/1700/920
f 897/2146/902 1149/2147/1154 1056/2148/1061
f 884/1652/889 1149/2149/1154 897/1673/902
f 1150/2150/1155 981/1842/986 964/1814/969
f 1130/2151/1135 1013/2076/1018 1131/2152/1136
f 1013/2076/1018 1110/2075/1115 1131/2152/1136
f 1111/2078/1116 1112/2079/1117 982/1843/987
f 995/2041/1000 1078/2153/1083 1113/2110/1118
f 1039/1932/1044 1021/2154/1026 1114/2081/1119
f 969/2155/974 1098/2156/1103 1021/2157/1026
f 904/1681/909 1061/1978/1066 1132/2112/1137
f 1151/2158/1156 1000/1871/1005 944/1761/949
f 1043/2116/1048 1152/2159/1157 1065/1984/1070
f 1047/2160/1052 1049/2161/1054 1137/2162/1142
f 1067/2089/1072 1121/2092/1126 1002/1875/1007
f 929/2163/934 1122/2164/1127 930/2165/935
f 932/1765/937 1026/2166/1031 1123/2096/1128
f 1124/2167/1129 1153/2168/1158 1091/2169/1096
f 1091/2169/1096 1153/2168/1158 1051/2170/1056
f 946/2171/951 1027/2172/1032 1154/2173/1159
f 891/2174/896 1125/2175/1130 1124/2176/1129
f 959/1799/964 880/1914/885 1155/2177/1160
f 959/2178/964 1092/2029/1097 1028/2060/1033
f 934/2179/939 1156/2180/1161 1052/2181/1057
f 934/2179/939 1140/2182/1145 1156/2180/1161
f 976/1917/981 1069/1992/1074 933/1741/938
f 1093/2031/1098 1101/2183/1106 1030/2032/1035
f 1031/2103/1036 1101/2184/1106 1126/2101/1131
f 1029/2135/1034 1157/2185/1162 1070/2133/1075
f 1142/2186/1147 1129/2107/1134 1094/2033/1099
f 949/2187/954 1128/2188/1133 1006/2189/1011
f 1102/2065/1107 1158/2190/1163 962/1805/967
f 871/2191/876 1159/2192/1164 950/2193/955
f 819/1506/824 962/1805/967 1160/2194/1165
f 871/2195/876 1103/2196/1108 1159/2197/1164
f 919/1712/924 1161/2198/1166 1034/1963/1039
f 915/1700/920 1148/2145/1153 979/1839/984
f 980/2199/985 1162/2200/1167 884/2201/889
f 1057/1967/1062 1108/2073/1113 1163/2202/1168
f 1164/2203/1169 1012/1886/1017 1009/1883/1014
f 1015/1890/1020 1012/1886/1017 1165/2204/1170
f 1015/2077/1020 1166/2205/1171 1110/2075/1115
f 1166/2206/1171 1111/2078/1116 1110/2207/1115
f 1110/2208/1115 1111/2209/1116 1131/2210/1136
f 994/1862/999 1167/2211/1172 1038/1930/1043
f 1038/1930/1043 1168/2212/1173 1018/1894/1023
f 986/1847/991 1169/2213/1174 1170/2214/1175
f 986/1847/991 1019/1933/1024 1169/2213/1174
f 902/1679/907 987/1849/992 1080/2006/1085
f 1020/2043/1025 1171/2215/1176 1060/1976/1065
f 942/1759/947 1081/2007/1086 1172/2216/1177
f 989/1851/994 1173/2217/1178 796/1444/801
f 1083/2218/1088 1174/2219/1179 917/1936/922
f 1041/2220/1046 971/1899/976 1134/2115/1139
f 971/1899/976 875/1634/880 1134/2115/1139
f 1118/2085/1123 1151/2158/1156 944/1761/949
f 999/1870/1004 1082/2008/1087 943/1760/948
f 865/1901/870 1023/1900/1028 1042/2221/1047
f 810/2118/815 1175/2222/1180 889/1903/894
f 1085/2087/1090 1084/2011/1089 1176/2223/1181
f 866/1788/871 1087/2015/1092 1135/2117/1140
f 1065/2224/1070 1084/2225/1089 1044/2226/1049
f 928/2227/933 1065/2224/1070 1044/2226/1049
f 1136/2120/1141 955/1787/960 1045/1941/1050
f 1177/2228/1182 1045/1941/1050 1089/2017/1094
f 1089/2017/1094 1120/2088/1125 1177/2228/1182
f 1086/2014/1091 1178/2229/1183 1001/1872/1006
f 1179/2230/1184 1120/2088/1125 1088/2016/1093
f 1001/1872/1006 1178/2229/1183 1066/2051/1071
f 929/2163/934 1100/2231/1105 1122/2164/1127
f 1122/2093/1127 1180/2232/1185 1026/2094/1031
f 1051/2233/1056 1153/2234/1158 1049/2161/1054
f 1094/2235/1099 1074/1999/1079 1181/2236/1186
f 1144/2237/1149 1129/2107/1134 1142/2186/1147
f 1182/2238/1187 1183/2239/1188 1184/2240/1189
f 1035/1965/1040 939/1838/944 1105/2241/1110
f 808/1477/813 1185/2242/1190 937/1751/942
f 1182/2243/1187 1186/2244/1191 1183/2245/1188
f 896/1808/901 1187/2246/1192 898/1809/903
f 1188/2247/1193 1189/2248/1194 898/2249/903
f 1189/2248/1194 964/2250/969 898/2249/903
f 1011/2071/1016 1190/2251/1195 1077/2252/1082
f 1012/1886/1017 1164/2203/1169 1191/2253/1196
f 1097/2037/1102 1167/2211/1172 994/1862/999
f 1019/1933/1024 1114/2081/1119 1169/2213/1174
f 1060/1976/1065 1117/2084/1122 1022/1898/1027
f 1081/2254/1086 796/1444/801 1173/2217/1178
f 1117/2084/1122 1118/2085/1123 926/1727/931
f 1176/2255/1181 1084/2225/1089 1152/2256/1157
f 1152/2256/1157 1084/2225/1089 1065/2224/1070
f 1088/2257/1093 1099/2258/1104 1179/2259/1184
f 1099/2260/1104 956/2261/961 1179/2230/1184
f 1137/2262/1142 1046/1943/1051 1090/2019/1095
f 1100/2263/1105 1192/2264/1197 1193/2265/1198
f 1194/2266/1199 1029/1918/1034 906/1685/911
f 1195/2267/1200 1032/2268/1037 1070/2133/1075
f 1143/2269/1148 1142/2138/1147 1141/2137/1146
f 1196/2270/1201 1033/2271/1038 1007/2272/1012
f 1197/2273/1202 1198/2274/1203 1072/2063/1077
f 1128/2106/1133 1072/1997/1077 1198/2275/1203
f 1129/2107/1134 1199/2276/1204 1095/2034/1100
f 1055/1962/1060 1105/2068/1110 1104/2277/1109
f 1104/2067/1109 1185/2242/1190 808/1477/813
f 1146/2278/1151 1186/2279/1191 1037/2280/1042
f 939/1753/944 895/1671/900 1200/2281/1205
f 1106/2069/1111 979/1839/984 1148/2145/1153
f 1096/2036/1101 1056/1966/1061 1201/2282/1206
f 1107/2070/1112 1057/2072/1062 1163/2283/1168
f 1190/2251/1195 1011/2071/1016 1107/2070/1112
f 1108/2073/1113 1109/2074/1114 1202/2284/1207
f 1130/2108/1135 1131/2285/1136 1203/2286/1208
f 1165/2287/1170 1166/2205/1171 1015/2077/1020
f 920/2288/925 1017/2289/1022 1203/2286/1208
f 1204/2290/1209 1097/2291/1102 1112/2292/1117
f 966/1816/971 986/1847/991 1205/2293/1210
f 1168/2212/1173 1059/1972/1064 1018/1894/1023
f 1206/2294/1211 1207/2295/1212 1059/2296/1064
f 1079/2005/1084 1208/2297/1213 1078/2004/1083
f 996/1864/1001 1209/2298/1214 1079/2005/1084
f 1207/2299/1212 987/1849/992 1059/1973/1064
f 1210/2300/1215 1115/2301/1120 1113/2302/1118
f 851/1576/856 1062/2303/1067 996/1864/1001
f 1061/2304/1066 1211/2305/1216 1132/2306/1137
f 942/1759/947 1172/2216/1177 1062/1979/1067
f 998/1867/1003 1212/2307/1217 997/1866/1002
f 998/1867/1003 917/1936/922 1174/2219/1179
f 954/1785/959 1133/2114/1138 1063/1980/1068
f 1136/2120/1141 1045/1941/1050 1177/2228/1182
f 956/2261/961 1046/2308/1051 1213/2309/1218
f 1137/2162/1142 1049/2161/1054 1214/2310/1219
f 1026/2166/1031 1180/2311/1185 1123/2096/1128
f 1215/2312/1220 1153/2168/1158 1124/2167/1129
f 1068/1991/1073 958/2056/963 1216/2313/1221
f 1125/2175/1130 1052/2181/1057 1217/2314/1222
f 1004/2131/1009 1218/2315/1223 1093/2031/1098
f 1219/2316/1224 976/2132/981 1126/2101/1131
f 1071/1995/1076 1197/2273/1202 1072/2063/1077
f 1220/2317/1225 1144/2141/1149 1143/2140/1148
f 1074/1999/1079 1073/1998/1078 1181/2236/1186
f 1220/2317/1225 1221/2318/1226 1144/2141/1149
f 1222/2319/1227 1095/2034/1100 1199/2276/1204
f 1128/2188/1133 1223/2320/1228 1006/2189/1011
f 1006/2189/1011 1223/2320/1228 1102/2321/1107
f 883/1651/888 950/1777/955 1224/2322/1229
f 1102/2321/1107 1225/2323/1230 1158/2324/1163
f 1158/2325/1163 1160/2326/1165 962/2327/967
f 1145/2328/1150 1034/2329/1039 1226/2330/1231
f 1103/2066/1108 791/1435/796 938/1964/943
f 1034/2331/1039 1161/2332/1166 1226/2333/1231
f 819/1629/824 1160/2326/1165 913/1698/918
f 1145/2142/1150 1146/2143/1151 963/1807/968
f 1104/2334/1109 1105/2335/1110 939/2336/944
f 913/1698/918 1008/1882/1013 803/1462/808
f 1186/2244/1191 1148/2145/1153 1037/1927/1042
f 895/2337/900 1096/2338/1101 1200/2339/1205
f 964/1814/969 1189/2340/1194 1150/2150/1155
f 965/1815/970 1227/2341/1232 980/1841/985
f 1077/2002/1082 1164/2203/1169 1009/1883/1014
f 1166/2206/1171 1228/2342/1233 1111/2078/1116
f 920/2288/925 1203/2286/1208 1131/2285/1136
f 1016/1892/1021 966/1816/971 1229/2343/1234
f 1078/2004/1083 1210/2344/1215 1113/2345/1118
f 1021/2154/1026 1098/2046/1103 1230/2346/1235
f 1020/1896/1025 967/1817/972 1231/2347/1236
f 1020/2043/1025 1231/2348/1236 1171/2215/1176
f 1115/2082/1120 1211/2349/1216 1061/1978/1066
f 1132/2306/1137 1211/2305/1216 1232/2350/1237
f 1232/2351/1237 1233/2352/1238 1132/2353/1137
f 1060/1976/1065 1171/2215/1176 1117/2084/1122
f 1041/1937/1046 1234/2354/1239 989/1851/994
f 1235/2355/1240 1082/2008/1087 1063/1980/1068
f 1236/2356/1241 1064/1981/1069 943/1760/948
f 1179/2230/1184 956/2261/961 1213/2309/1218
f 1214/2357/1219 1046/2358/1051 1137/2359/1142
f 1237/2360/1242 1067/2089/1072 1066/2090/1071
f 1238/2361/1243 1192/2362/1197 1100/2055/1105
f 1239/2363/1244 1121/2092/1126 1067/2089/1072
f 1193/2364/1198 1122/2164/1127 1100/2231/1105
f 1180/2365/1185 1122/2366/1127 1123/2367/1128
f 1122/2368/1127 1240/2369/1245 1123/2370/1128
f 1154/2371/1159 991/1853/996 946/1952/951
f 1154/2371/1159 1241/2372/1246 991/1853/996
f 1092/2373/1097 959/1799/964 1155/2177/1160
f 1139/2374/1144 1218/2375/1223 1004/2376/1009
f 976/2132/981 1219/2316/1224 1069/2377/1074
f 1242/2378/1247 1070/2133/1075 1157/2185/1162
f 993/1860/998 977/2379/982 1243/2380/1248
f 1244/2381/1249 1143/2269/1148 1141/2137/1146
f 1141/2137/1146 1094/2136/1099 1181/2382/1186
f 1245/2383/1250 1129/2107/1134 1144/2237/1149
f 1095/2034/1100 1222/2319/1227 1075/2064/1080
f 1056/2384/1061 1149/2385/1154 1201/2386/1206
f 1187/2246/1192 896/1808/901 1106/2069/1111
f 1149/2149/1154 884/1652/889 1246/2387/1251
f 1187/2388/1192 1188/2247/1193 898/2249/903
f 1109/2074/1114 1130/2108/1135 1247/2389/1252
f 1191/2253/1196 1165/2204/1170 1012/1886/1017
f 1204/2290/1209 1228/2390/1233 1248/2391/1253
f 1228/2342/1233 1112/2079/1117 1111/2078/1116
f 1249/2392/1254 966/1816/971 1205/2293/1210
f 1250/2393/1255 1168/2212/1173 1038/1930/1043
f 1168/2394/1173 1206/2294/1211 1059/2296/1064
f 1114/2081/1119 1021/2154/1026 1230/2346/1235
f 1231/2347/1236 967/1817/972 1251/2395/1256
f 1252/2396/1257 1211/2349/1216 1115/2082/1120
f 1233/2397/1238 1116/2398/1121 1132/2399/1137
f 1253/2400/1258 1133/2401/1138 1116/2402/1121
f 1234/2403/1239 1041/2404/1046 1134/2405/1139
f 943/1760/948 1082/2008/1087 1254/2406/1259
f 1135/2117/1140 1175/2222/1180 810/2118/815
f 1255/2407/1260 1087/2015/1092 1136/2120/1141
f 1136/2120/1141 1177/2228/1182 1255/2407/1260
f 1085/2013/1090 1256/2408/1261 1086/2014/1091
f 1257/2409/1262 1066/2051/1071 1178/2229/1183
f 1257/2409/1262 1237/2410/1242 1066/2051/1071
f 1213/2411/1218 1046/2412/1051 1258/2413/1263
f 1046/2358/1051 1214/2357/1219 1258/2414/1263
f 1237/2360/1242 1239/2363/1244 1067/2089/1072
f 1100/2055/1105 1121/2092/1126 1238/2361/1243
f 1193/2415/1198 1259/2416/1264 1122/2417/1127
f 1122/2418/1127 1259/2419/1264 1240/2420/1245
f 1049/2161/1054 1153/2234/1158 1214/2310/1219
f 1214/2310/1219 1153/2234/1158 1215/2421/1220
f 1123/2096/1128 1260/2422/1265 1027/1913/1032
f 991/1853/996 1194/2266/1199 906/1685/911
f 1261/2423/1266 1101/2184/1106 1093/2424/1098
f 1032/1921/1037 1262/2425/1267 1071/1995/1076
f 1007/2272/1012 978/2426/983 1263/2427/1268
f 1128/2428/1133 1198/2429/1203 1264/2430/1269
f 1128/2431/1133 1264/2432/1269 1223/2433/1228
f 978/2426/983 883/2434/888 1224/2435/1229
f 1184/2436/1189 1183/2437/1188 1186/2438/1191
f 1104/2277/1109 939/1753/944 1265/2439/1270
f 1036/1926/1041 937/1751/942 1185/2242/1190
f 1076/2001/1081 1266/2440/1271 919/1712/924
f 1148/2145/1153 1267/2441/1272 1106/2069/1111
f 980/2199/985 1227/2442/1232 1162/2200/1167
f 1202/2284/1207 1109/2074/1114 1247/2389/1252
f 1166/2206/1171 1268/2443/1273 1228/2342/1233
f 1228/2390/1233 1204/2290/1209 1112/2292/1117
f 1016/1892/1021 1229/2343/1234 1017/1893/1022
f 1114/2081/1119 1230/2346/1235 1169/2213/1174
f 1078/2004/1083 1208/2297/1213 1210/2344/1215
f 1079/2005/1084 1209/2298/1214 1208/2297/1213
f 1210/2444/1215 1252/2396/1257 1115/2082/1120
f 1098/2046/1103 997/2111/1002 1269/2445/1274
f 1211/2305/1216 1270/2446/1275 1232/2350/1237
f 972/1823/977 1271/2447/1276 1083/2009/1088
f 1064/2047/1069 1271/2447/1276 972/1823/977
f 1235/2355/1240 1254/2406/1259 1082/2008/1087
f 889/1903/894 1175/2222/1180 1023/1900/1028
f 1043/2116/1048 1272/2448/1277 1152/2159/1157
f 1258/2413/1263 1214/2449/1219 1273/2450/1278
f 1238/2451/1243 1259/2416/1264 1193/2415/1198
f 1259/2452/1264 1238/2453/1243 1121/2454/1126
f 1215/2312/1220 1124/2167/1129 1274/2455/1279
f 1138/2126/1143 1216/2313/1221 958/2056/963
f 1217/2314/1222 1052/2181/1057 1156/2180/1161
f 1275/2456/1280 1139/2374/1144 1092/2373/1097
f 1219/2316/1224 1126/2101/1131 1101/2184/1106
f 1242/2378/1247 1195/2267/1200 1070/2133/1075
f 1276/2457/1281 1071/1995/1076 1262/2425/1267
f 1277/2458/1282 1243/2380/1248 977/2379/982
f 977/1836/982 1127/2105/1132 1277/2459/1282
f 1220/2460/1225 1143/2269/1148 1244/2381/1249
f 1278/2461/1283 1196/2462/1201 1007/2463/1012
f 1279/2464/1284 1181/2382/1186 1073/2465/1078
f 1221/2466/1226 1245/2383/1250 1144/2237/1149
f 978/2426/983 1224/2435/1229 1263/2427/1268
f 1280/2467/1285 1145/2328/1150 1226/2330/1231
f 1281/2468/1286 1182/2243/1187 1282/2469/1287
f 1186/2244/1191 1182/2243/1187 1281/2468/1286
f 1265/2439/1270 939/1753/944 1200/2281/1205
f 1281/2468/1286 1148/2145/1153 1186/2244/1191
f 1283/2470/1288 1106/2471/1111 1267/2472/1272
f 1283/2473/1288 1284/2474/1289 1106/2069/1111
f 1246/2475/1251 884/2201/889 1162/2200/1167
f 1165/2204/1170 1285/2476/1290 1166/2477/1171
f 1229/2343/1234 966/1816/971 1249/2392/1254
f 1205/2293/1210 986/1847/991 1170/2214/1175
f 1286/2478/1291 1080/2006/1085 987/1849/992
f 1251/2395/1256 967/1817/972 1080/2006/1085
f 996/1864/1001 1062/2303/1067 1209/2298/1214
f 1287/2479/1292 1233/2352/1238 1232/2351/1237
f 1253/2400/1258 1116/2402/1121 1233/2480/1238
f 1235/2355/1240 1063/1980/1068 1133/2114/1138
f 1152/2481/1157 1272/2482/1277 1176/2483/1181
f 1256/2408/1261 1288/2484/1293 1086/2014/1091
f 1288/2484/1293 1178/2229/1183 1086/2014/1091
f 1120/2088/1125 1179/2230/1184 1289/2485/1294
f 1289/2485/1294 1179/2230/1184 1213/2309/1218
f 1193/2486/1198 1192/2362/1197 1238/2361/1243
f 1214/2449/1219 1215/2487/1220 1291/2488/1295
f 1125/2175/1130 1217/2314/1222 1292/2489/1296
f 1068/1991/1073 1155/2490/1160 880/1643/885
f 1275/2456/1280 1218/2375/1223 1139/2374/1144
f 1140/2128/1145 1054/2130/1059 1293/2491/1297
f 909/2492/914 910/1694/915 1294/2493/1298
f 1127/2494/1132 1033/2271/1038 1196/2270/1201
f 1295/2495/1299 1221/2318/1226 1220/2317/1225
f 1223/2320/1228 1225/2323/1230 1102/2321/1107
f 950/2193/955 1159/2192/1164 1296/2496/1300
f 1182/2497/1187 1184/2498/1189 1297/2499/1301
f 1103/2500/1108 938/2501/943 1036/2502/1041
f 1284/2474/1289 1187/2246/1192 1106/2069/1111
f 1298/2503/1302 1227/2341/1232 965/1815/970
f 1299/2504/1303 1167/2211/1172 1097/2037/1102
f 1250/2505/1255 1300/2506/1304 1168/2394/1173
f 1169/2213/1174 1230/2346/1235 1170/2214/1175
f 1098/2046/1103 1301/2507/1305 1230/2346/1235
f 1207/2299/1212 1286/2478/1291 987/1849/992
f 1287/2508/1292 1232/2350/1237 1270/2446/1275
f 1287/2509/1292 1253/1754/1258 1233/2510/1238
f 1302/2511/1306 989/2512/994 1234/2513/1239
f 1083/2218/1088 1303/2514/1307 1174/2219/1179
f 1304/2515/1308 1272/2516/1277 1043/2517/1048
f 1085/2087/1090 1176/2223/1181 1305/2518/1309
f 1305/2519/1309 1256/2408/1261 1085/2013/1090
f 1178/2229/1183 1288/2484/1293 1257/2409/1262
f 1213/2411/1218 1258/2413/1263 1306/2520/1310
f 1193/2521/1311 1290/2522/1312 1192/2523/1313
f 1274/2524/1279 1124/2176/1129 1125/2175/1130
f 1155/2177/1160 1275/2456/1280 1092/2373/1097
f 1069/2377/1074 1219/2316/1224 1261/2423/1266
f 1093/2424/1098 1218/2525/1223 1261/2423/1266
f 1261/2423/1266 1219/2316/1224 1101/2184/1106
f 1054/2526/1059 909/2492/914 1293/2527/1297
f 1029/2135/1034 1307/2528/1314 1157/2185/1162
f 1071/1995/1076 1276/2457/1281 1197/2273/1202
f 1181/2382/1186 1279/2464/1284 1308/2529/1315
f 1129/2107/1134 1245/2383/1250 1199/2276/1204
f 1007/2272/1012 1263/2427/1268 1278/2530/1283
f 1073/2531/1078 1075/2532/1080 1279/2533/1284
f 1222/2319/1227 1199/2276/1204 1309/2534/1316
f 1184/2498/1189 1310/2535/1317 1297/2499/1301
f 1311/2536/1318 1312/2537/1319 1313/2538/1320
f 1146/2143/1151 1145/2142/1150 1280/2539/1285
f 1182/2243/1187 1297/2540/1301 1282/2469/1287
f 1314/2541/1321 1267/2441/1272 1148/2145/1153
f 1096/2542/1101 1201/2386/1206 1200/2543/1205
f 1246/2475/1251 1162/2200/1167 1315/2544/1322
f 981/1842/986 1298/2503/1302 965/1815/970
f 1164/2203/1169 1316/2545/1323 1191/2253/1196
f 1285/2546/1290 1268/2547/1273 1166/2548/1171
f 1229/2549/1234 1317/2550/1324 1017/2551/1022
f 1204/2552/1209 1248/2553/1253 1318/2554/1325
f 1038/1930/1043 1319/2555/1326 1250/2393/1255
f 1300/2506/1304 1206/2294/1211 1168/2394/1173
f 998/1867/1003 1174/2219/1179 1212/2307/1217
f 989/1851/994 1302/2556/1306 1173/2217/1178
f 1234/2403/1239 1134/2405/1139 1320/2557/1327
f 1134/2405/1139 1042/2221/1047 1320/2557/1327
f 943/1760/948 1254/2406/1259 1236/2356/1241
f 1042/2221/1047 1023/1900/1028 1321/2558/1328
f 1119/2559/1124 1304/2515/1308 1043/2517/1048
f 1258/2413/1263 1322/2560/1329 1306/2520/1310
f 1258/2413/1263 1273/2450/1278 1322/2560/1329
f 1214/2449/1219 1291/2488/1295 1273/2450/1278
f 1274/2455/1279 1323/2561/1330 1215/2312/1220
f 1274/2524/1279 1125/2175/1130 1324/2562/1331
f 1216/2563/1221 1138/2564/1143 1325/2565/1332
f 1069/2377/1074 1261/2423/1266 1138/2564/1143
f 1194/2266/1199 1326/2566/1333 1029/1918/1034
f 909/2492/914 1294/2493/1298 1293/2527/1297
f 993/1860/998 1327/2567/1334 910/1694/915
f 993/2568/998 1243/2569/1248 1327/2570/1334
f 1181/2382/1186 1308/2529/1315 1141/2137/1146
f 1264/2430/1269 1198/2429/1203 1328/2571/1335
f 1159/2197/1164 1103/2196/1108 1296/2572/1300
f 1282/2573/1287 1329/2574/1336 1330/2575/1337
f 1184/2436/1189 1186/2438/1191 1310/2576/1317
f 1186/2577/1191 1146/2578/1151 1310/2579/1317
f 1281/2468/1286 1314/2541/1321 1148/2145/1153
f 1149/2385/1154 1331/2580/1338 1201/2386/1206
f 1188/2581/1193 1332/2582/1339 1189/2583/1194
f 1189/2340/1194 1332/2584/1339 1150/2150/1155
f 1162/2585/1167 1227/2341/1232 1333/2586/1340
f 1077/2252/1082 1334/2587/1341 1335/2588/1342
f 1077/2252/1082 1190/2251/1195 1334/2587/1341
f 1108/2073/1113 1202/2284/1207 1163/2202/1168
f 1130/2108/1135 1203/2286/1208 1247/2389/1252
f 1268/2589/1273 1248/2590/1253 1228/2591/1233
f 1097/2037/1102 1204/2552/1209 1299/2504/1303
f 1167/2211/1172 1319/2555/1326 1038/1930/1043
f 1210/2344/1215 1208/2297/1213 1252/2592/1257
f 1208/2297/1213 1209/2298/1214 1336/2593/1343
f 1270/2594/1275 1336/2595/1343 1287/2596/1292
f 1287/2596/1292 1336/2595/1343 1337/2597/1344
f 1303/2514/1307 1083/2218/1088 1271/2598/1276
f 1321/2558/1328 1023/1900/1028 1338/2599/1345
f 1255/2407/1260 1339/2600/1346 1087/2015/1092
f 1087/2015/1092 1339/2600/1346 1135/2117/1140
f 1213/2411/1218 1306/2520/1310 1289/2601/1294
f 1193/1793/1347 1290/2602/1348 1340/2603/1349
f 1215/2312/1220 1323/2561/1330 1291/2604/1295
f 1068/1991/1073 1216/2313/1221 1155/2490/1160
f 991/1853/996 1341/2605/1350 1194/2266/1199
f 910/1694/915 1327/2567/1334 1294/2493/1298
f 1244/2381/1249 1141/2137/1146 1308/2529/1315
f 1342/2606/1351 1309/2534/1316 1199/2276/1204
f 1279/2533/1284 1075/2532/1080 1222/2607/1227
f 1343/2608/1352 1328/2609/1335 1198/2610/1203
f 1344/2611/1353 1280/2612/1285 1226/2613/1231
f 1344/2611/1353 1345/2614/1354 1280/2612/1285
f 1346/2615/1355 1312/2616/1319 1311/2617/1318
f 1185/2242/1190 1104/2067/1109 1265/2618/1270
f 1282/2573/1287 1330/2575/1337 1281/2619/1286
f 1313/2538/1320 1312/2537/1319 1347/2620/1356
f 1266/2440/1271 1161/2198/1166 919/1712/924
f 1281/2619/1286 1330/2575/1337 1348/2621/1357
f 1147/2144/1152 1266/2440/1271 1076/2001/1081
f 1200/2543/1205 1201/2386/1206 1331/2580/1338
f 1349/2622/1358 1188/2247/1193 1187/2388/1192
f 1315/2623/1322 1162/2624/1167 1333/2625/1340
f 1300/2506/1304 1350/2626/1359 1206/2294/1211
f 1301/2507/1305 1098/2046/1103 1269/2445/1274
f 1351/2627/1360 1080/2006/1085 1286/2478/1291
f 1337/2597/1344 1352/2628/1361 1287/2596/1292
f 1302/2511/1306 1234/2513/1239 1353/2629/1362
f 1354/2630/1363 1118/2085/1123 1117/2084/1122
f 1212/2307/1217 1174/2219/1179 1303/2514/1307
f 1235/2631/1240 1355/2632/1364 1254/2633/1259
f 1064/1981/1069 1236/2356/1241 1356/2634/1365
f 1357/2635/1366 1339/2600/1346 1255/2407/1260
f 1358/2636/1367 1305/2518/1309 1176/2223/1181
f 1255/2407/1260 1177/2228/1182 1359/2637/1368
f 1239/2363/1244 1360/2638/1369 1121/2092/1126
f 1259/2639/1264 1121/2092/1126 1360/2638/1369
f 1324/2640/1331 1323/2561/1330 1274/2455/1279
f 1027/1913/1032 1361/2641/1370 1154/2642/1159
f 1138/2564/1143 1261/2423/1266 1325/2565/1332
f 1217/2314/1222 1156/2180/1161 1362/2643/1371
f 1140/2182/1145 1362/2643/1371 1156/2180/1161
f 1218/2525/1223 1325/2565/1332 1261/2423/1266
f 1275/2644/1280 1325/2565/1332 1218/2525/1223
f 1362/2643/1371 1140/2182/1145 1363/2645/1372
f 1326/2646/1333 1364/2647/1373 1029/2135/1034
f 1029/2135/1034 1364/2647/1373 1307/2528/1314
f 1032/1921/1037 1195/2648/1200 1262/2425/1267
f 1295/2495/1299 1220/2317/1225 1365/2649/1374
f 1366/2650/1375 1245/2383/1250 1221/2466/1226
f 1221/2466/1226 1295/2651/1299 1366/2650/1375
f 1263/2427/1268 1224/2435/1229 1367/2652/1376
f 1264/2432/1269 1368/2653/1377 1223/2433/1228
f 1264/2430/1269 1328/2571/1335 1368/2654/1377
f 1224/2435/1229 950/2193/955 1296/2496/1300
f 1344/2655/1353 1226/2333/1231 1161/2332/1166
f 1369/2656/1378 1311/2657/1318 1313/2658/1320
f 1103/2500/1108 1036/2502/1041 1370/2659/1379
f 1371/2660/1380 1330/2661/1337 1329/2662/1336
f 1265/2663/1270 1200/2543/1205 1372/2664/1381
f 1331/2580/1338 1149/2385/1154 1373/2665/1382
f 1188/2581/1193 1349/2666/1358 1374/2667/1383
f 1374/2667/1383 1332/2582/1339 1188/2581/1193
f 1315/2623/1322 1333/2625/1340 1375/2668/1384
f 1247/2389/1252 1203/2286/1208 1376/2669/1385
f 1319/2670/1326 1300/2506/1304 1250/2505/1255
f 1208/2671/1213 1270/2672/1275 1252/2673/1257
f 1208/2297/1213 1336/2593/1343 1270/2674/1275
f 1211/2675/1216 1252/2673/1257 1270/2672/1275
f 1353/2676/1362 1234/2677/1239 1352/2678/1361
f 1377/2679/1386 1302/2556/1306 1353/2680/1362
f 1352/2628/1361 1320/2557/1327 1287/2596/1292
f 1117/2681/1122 1171/2682/1176 1354/2683/1363
f 1352/2628/1361 1234/2403/1239 1320/2557/1327
f 1377/2679/1386 1173/2217/1178 1302/2556/1306
f 1287/2596/1292 1320/2557/1327 1253/2684/1258
f 1378/2685/1387 1151/2158/1156 1118/2085/1123
f 1235/2631/1240 1379/2686/1388 1355/2632/1364
f 1254/2406/1259 1355/2687/1364 1380/2688/1389
f 1119/2559/1124 1381/2689/1390 1304/2515/1308
f 1357/2635/1366 1255/2407/1260 1359/2637/1368
f 1339/2600/1346 1382/2690/1391 1135/2117/1140
f 1383/2691/1392 1305/2518/1309 1358/2636/1367
f 1382/2690/1391 1175/2222/1180 1135/2117/1140
f 1358/2692/1367 1176/2483/1181 1272/2482/1277
f 1177/2228/1182 1120/2088/1125 1359/2637/1368
f 1289/2485/1294 1306/2693/1310 1384/2694/1393
f 1240/2369/1245 1385/2695/1394 1123/2370/1128
f 1385/2696/1394 1260/2422/1265 1123/2096/1128
f 1260/2422/1265 1361/2641/1370 1027/1913/1032
f 1324/2562/1331 1125/2175/1130 1386/2697/1395
f 1125/2175/1130 1292/2489/1296 1386/2697/1395
f 1241/2372/1246 1341/2605/1350 991/1853/996
f 1292/2489/1296 1217/2314/1222 1362/2643/1371
f 1216/2563/1221 1275/2644/1280 1155/2698/1160
f 1216/2563/1221 1325/2565/1332 1275/2644/1280
f 1326/2646/1333 1387/2699/1396 1364/2647/1373
f 1295/2495/1299 1365/2649/1374 1388/2700/1397
f 1222/2607/1227 1309/2701/1316 1279/2533/1284
f 1223/2433/1228 1368/2653/1377 1389/2702/1398
f 1311/2657/1318 1369/2656/1378 1346/2703/1355
f 1390/2704/1399 1391/2705/1400 1329/2574/1336
f 1312/2616/1319 1346/2615/1355 1347/2706/1356
f 1330/2661/1337 1371/2660/1380 1348/2707/1357
f 1348/2708/1357 1314/2541/1321 1281/2468/1286
f 1392/2709/1401 913/1698/918 1160/2326/1165
f 1200/2543/1205 1331/2580/1338 1372/2664/1381
f 1149/2385/1154 1246/2475/1251 1373/2665/1382
f 1333/2710/1340 1393/2711/1402 1375/2712/1384
f 1227/2341/1232 1393/2713/1402 1333/2586/1340
f 1077/2002/1082 1335/2714/1342 1164/2203/1169
f 1017/2289/1022 1317/2715/1324 1394/2716/1403
f 1206/2294/1211 1350/2626/1359 1207/2295/1212
f 1395/2717/1404 1230/2346/1235 1301/2507/1305
f 1209/2298/1214 1396/2718/1405 1336/2593/1343
f 1352/2719/1361 1337/2720/1344 1377/2679/1386
f 1352/2719/1361 1377/2679/1386 1353/2680/1362
f 1042/2221/1047 1321/2558/1328 1320/2557/1327
f 1271/2447/1276 1064/2047/1069 1397/2721/1406
f 1398/2722/1407 1000/2723/1005 1151/2724/1156
f 1254/2406/1259 1380/2688/1389 1236/2356/1241
f 1338/2599/1345 1023/1900/1028 1175/2222/1180
f 1380/2725/1389 1355/2632/1364 1399/2726/1408
f 1399/2726/1408 1357/2635/1366 1380/2725/1389
f 1400/2727/1409 1399/2726/1408 1355/2632/1364
f 1357/2635/1366 1399/2726/1408 1339/2600/1346
f 1400/2727/1409 1382/2690/1391 1399/2726/1408
f 1399/2726/1408 1382/2690/1391 1339/2600/1346
f 1272/2482/1277 1304/2728/1308 1358/2692/1367
f 1306/2729/1310 1322/2730/1329 1384/2731/1393
f 1401/2732/1410 1402/2733/1411 1403/2734/1412
f 1403/2735/1412 1404/2736/1413 1405/2737/1414
f 1340/2738/1415 1401/2739/1410 1405/2740/1414
f 1340/2738/1415 1405/2740/1414 1406/2741/1416
f 1406/2742/1416 1385/2743/1394 1340/2744/1415
f 1406/2745/1416 1405/2746/1414 1385/2747/1394
f 1242/2378/1247 1157/2185/1162 1407/2748/1417
f 1307/2528/1314 1364/2647/1373 1408/2749/1418
f 1409/2750/1419 1365/2751/1374 1220/2460/1225
f 1343/2752/1352 1198/2274/1203 1197/2273/1202
f 1410/2753/1420 1388/2700/1397 1365/2649/1374
f 1389/2754/1398 1225/2323/1230 1223/2320/1228
f 1390/2704/1399 1329/2574/1336 1282/2573/1287
f 1297/2755/1301 1310/2756/1317 1282/2757/1287
f 1369/2758/1378 1313/2759/1320 1347/2760/1356
f 1284/2761/1289 1349/2622/1358 1187/2388/1192
f 1150/2762/1155 1332/2763/1339 1411/2764/1421
f 1164/2203/1169 1412/2765/1422 1316/2545/1323
f 1413/2766/1423 1165/2767/1170 1191/2768/1196
f 1414/2769/1424 1229/2343/1234 1249/2392/1254
f 1167/2770/1172 1415/2771/1425 1319/2670/1326
f 1319/2670/1326 1416/2772/1426 1300/2506/1304
f 1300/2506/1304 1416/2772/1426 1350/2626/1359
f 1301/2507/1305 1269/2445/1274 1417/2773/1427
f 1209/2774/1214 1062/2775/1067 1396/2776/1405
f 1396/2777/1405 1337/2597/1344 1336/2595/1343
f 1396/2777/1405 1377/2778/1386 1337/2597/1344
f 1172/2216/1177 1081/2007/1086 1418/2779/1428
f 1253/2684/1258 1320/2557/1327 1321/2558/1328
f 1235/2631/1240 1133/2780/1138 1379/2686/1388
f 1355/2632/1364 1379/2686/1388 1400/2727/1409
f 1419/2781/1429 1382/2690/1391 1400/2727/1409
f 1120/2088/1125 1289/2485/1294 1420/2782/1430
f 1420/2782/1430 1289/2485/1294 1384/2694/1393
f 1421/2783/1431 1257/2409/1262 1288/2484/1293
f 1237/2360/1242 1422/2784/1432 1239/2363/1244
f 1423/2785/1433 1424/2786/1434 1324/2640/1331
f 1154/2371/1159 1425/2787/1435 1241/2372/1246
f 1140/2182/1145 1426/2788/1436 1363/2645/1372
f 1140/2128/1145 1293/2491/1297 1426/2789/1436
f 1157/2185/1162 1307/2528/1314 1407/2748/1417
f 1427/2790/1437 1326/2566/1333 1194/2266/1199
f 1428/2791/1438 1327/2567/1334 1243/2380/1248
f 1428/2791/1438 1243/2380/1248 1429/2792/1439
f 1429/2792/1439 1243/2380/1248 1277/2458/1282
f 1277/2458/1282 1127/2494/1132 1430/2793/1440
f 1196/2270/1201 1431/2794/1441 1430/2793/1440
f 1127/2494/1132 1196/2270/1201 1430/2793/1440
f 1278/2530/1283 1431/2794/1441 1196/2270/1201
f 1308/2529/1315 1279/2464/1284 1309/2795/1316
f 1245/2383/1250 1342/2606/1351 1199/2276/1204
f 1410/2753/1420 1432/2796/1442 1388/2700/1397
f 1278/2530/1283 1263/2427/1268 1367/2652/1376
f 1433/2797/1443 1434/2798/1444 1435/2799/1445
f 1328/2571/1335 1436/2800/1446 1368/2654/1377
f 1310/2801/1317 1390/2704/1399 1282/2573/1287
f 1391/2802/1400 1437/2803/1447 1329/2804/1336
f 1438/2805/1448 1369/2806/1378 1347/2807/1356
f 1439/2808/1449 1440/2809/1450 1225/2810/1230
f 1441/2811/1451 1185/2812/1190 1265/2663/1270
f 1442/2813/1452 1185/2242/1190 1441/2814/1451
f 1443/2815/1453 1146/2143/1151 1280/2539/1285
f 1437/2816/1447 1371/2817/1380 1329/1410/1336
f 1440/2818/1450 1158/2324/1163 1225/2323/1230
f 1444/2819/1454 1160/2326/1165 1158/2325/1163
f 1445/2820/1455 1411/2764/1421 1332/2763/1339
f 1393/2713/1402 1227/2341/1232 1298/2503/1302
f 1107/2070/1112 1163/2283/1168 1446/2821/1456
f 1446/2821/1456 1334/2587/1341 1190/2251/1195
f 1413/2822/1423 1191/2253/1196 1316/2545/1323
f 1203/2286/1208 1017/2289/1022 1394/2716/1403
f 1447/2823/1457 1318/2824/1325 1248/2825/1253
f 1414/2826/1424 1317/2550/1324 1229/2549/1234
f 1318/2554/1325 1299/2504/1303 1204/2552/1209
f 1351/2627/1360 1251/2395/1256 1080/2006/1085
f 1418/2779/1428 1062/1979/1067 1172/2216/1177
f 1418/2827/1428 1081/2828/1086 1173/2829/1178
f 1354/2830/1363 1378/2831/1387 1118/2832/1123
f 1448/2833/1458 1133/2780/1138 1253/2684/1258
f 1253/2684/1258 1321/2558/1328 1448/2833/1458
f 1397/2834/1406 1064/1981/1069 1356/2634/1365
f 1236/2356/1241 1380/2688/1389 1356/2634/1365
f 1338/2599/1345 1175/2222/1180 1449/2835/1459
f 1380/2725/1389 1357/2635/1366 1450/2836/1460
f 1450/2836/1460 1357/2635/1366 1359/2637/1368
f 1449/2835/1459 1175/2222/1180 1382/2690/1391
f 1383/2691/1392 1358/2636/1367 1451/2837/1461
f 1452/2838/1462 1256/2408/1261 1305/2519/1309
f 1453/2839/1463 1322/2560/1329 1273/2450/1278
f 1401/2840/1410 1340/2744/1415 1454/2841/1464
f 1453/2839/1463 1273/2450/1278 1291/2488/1295
f 1454/2841/1464 1340/2744/1415 1385/2743/1394
f 1455/2842/1465 1240/2420/1245 1259/2419/1264
f 1422/2784/1432 1456/2843/1466 1239/2363/1244
f 1260/2844/1265 1385/2845/1394 1405/2846/1414
f 1456/2843/1466 1360/2638/1369 1239/2363/1244
f 1361/2847/1370 1457/2848/1467 1154/2849/1159
f 1326/2646/1333 1458/2850/1468 1387/2699/1396
f 1387/2851/1396 1459/2852/1469 1364/2853/1373
f 1294/2493/1298 1327/2567/1334 1460/2854/1470
f 1429/2792/1439 1277/2458/1282 1430/2793/1440
f 1389/2754/1398 1439/2855/1449 1225/2323/1230
f 1390/2704/1399 1310/2801/1317 1435/2856/1445
f 1310/2857/1317 1146/2858/1151 1443/2859/1453
f 1440/2818/1450 1444/2860/1454 1158/2324/1163
f 1461/2861/1471 1349/2666/1358 1284/2474/1289
f 1203/2286/1208 1394/2716/1403 1376/2669/1385
f 1268/2862/1273 1447/2863/1457 1248/2864/1253
f 1167/2770/1172 1462/2865/1472 1415/2771/1425
f 1205/2293/1210 1463/2866/1473 1249/2392/1254
f 1415/2771/1425 1416/2772/1426 1319/2670/1326
f 1230/2346/1235 1395/2717/1404 1464/2867/1474
f 1207/2295/1212 1350/2626/1359 1286/2868/1291
f 997/2111/1002 1212/2869/1217 1269/2445/1274
f 1062/2870/1067 1418/2871/1428 1396/2872/1405
f 1231/2348/1236 1465/2873/1475 1171/2215/1176
f 1465/2874/1475 1466/2875/1476 1171/2876/1176
f 1448/2833/1458 1321/2558/1328 1338/2599/1345
f 1448/2833/1458 1379/2686/1388 1133/2780/1138
f 1379/2686/1388 1419/2781/1429 1400/2727/1409
f 1383/2877/1392 1452/2838/1462 1305/2519/1309
f 1120/2088/1125 1420/2782/1430 1359/2637/1368
f 1403/2878/1412 1467/2879/1477 1404/2880/1413
f 1403/2735/1412 1405/2737/1414 1401/2881/1410
f 1404/2736/1413 1468/2882/1478 1405/2737/1414
f 1385/420/1394 1455/2883/1465 1454/2884/1464
f 1259/2639/1264 1360/2638/1369 1455/2885/1465
f 1385/2695/1394 1240/2369/1245 1455/2886/1465
f 1424/2786/1434 1323/2561/1330 1324/2640/1331
f 1457/2887/1467 1425/2787/1435 1154/2371/1159
f 1469/2888/1479 1362/2643/1371 1363/2645/1372
f 1341/2605/1350 1427/2790/1437 1194/2266/1199
f 1364/2889/1373 1459/2890/1469 1408/2891/1418
f 1432/2796/1442 1410/2753/1420 1470/2892/1480
f 1471/2893/1481 1388/2894/1397 1432/2895/1442
f 1366/2650/1375 1295/2651/1299 1388/2894/1397
f 1224/2435/1229 1296/2496/1300 1367/2652/1376
f 1472/2896/1482 1390/2897/1399 1435/2898/1445
f 1473/2899/1483 1368/2654/1377 1436/2800/1446
f 1370/2900/1379 1296/2572/1300 1103/2196/1108
f 1474/2901/1484 1475/2902/1485 1391/2903/1400
f 1475/2904/1485 1437/2905/1447 1391/2906/1400
f 1438/2805/1448 1475/2904/1485 1369/2806/1378
f 1008/1882/1013 913/1698/918 1476/2907/1486
f 1347/2908/1356 1372/2909/1381 1477/2910/1487
f 1478/2911/1488 1477/2912/1487 1372/2913/1381
f 1331/2580/1338 1373/2665/1382 1372/2664/1381
f 1349/2666/1358 1461/2861/1471 1374/2667/1383
f 1411/2914/1421 1479/2915/1489 1150/2916/1155
f 1190/2251/1195 1107/2070/1112 1446/2821/1456
f 1335/2588/1342 1334/2587/1341 1480/2917/1490
f 1316/2545/1323 1481/2918/1491 1413/2822/1423
f 1202/2284/1207 1247/2389/1252 1482/2919/1492
f 1318/2920/1325 1483/2921/1493 1299/2922/1303
f 1484/2923/1494 1462/2865/1472 1299/2924/1303
f 1299/2924/1303 1462/2865/1472 1167/2770/1172
f 1170/2214/1175 1485/2925/1495 1205/2293/1210
f 1418/2827/1428 1377/2778/1386 1396/2777/1405
f 1418/2827/1428 1173/2829/1178 1377/2778/1386
f 1378/2685/1387 1398/2926/1407 1151/2158/1156
f 1000/2723/1005 1486/2927/1496 1119/2559/1124
f 1397/2928/1406 1356/2929/1365 1487/2930/1497
f 1419/2781/1429 1449/2835/1459 1382/2690/1391
f 1384/2731/1393 1322/2730/1329 1488/2931/1498
f 1402/2733/1411 1489/2932/1499 1403/2734/1412
f 1257/2933/1262 1422/2784/1432 1237/2360/1242
f 1467/2934/1477 1490/2935/1500 1404/2936/1413
f 1468/2882/1478 1404/2736/1413 1490/2937/1500
f 1405/2846/1414 1468/2938/1478 1260/2844/1265
f 1457/2848/1467 1361/2847/1370 1491/2939/1501
f 1386/2697/1395 1492/2940/1502 1324/2562/1331
f 1386/2697/1395 1292/2489/1296 1493/2941/1503
f 1292/2942/1296 1362/2943/1371 1494/2944/1504
f 1362/2643/1371 1469/2888/1479 1494/2945/1504
f 1307/2528/1314 1495/2946/1505 1407/2748/1417
f 1293/2527/1297 1294/2493/1298 1426/2947/1436
f 1460/2948/1470 1327/2949/1334 1428/2950/1438
f 1429/2951/1439 1430/2952/1440 1496/2953/1506
f 1276/2457/1281 1497/2954/1507 1197/2273/1202
f 1197/2273/1202 1497/2954/1507 1343/2752/1352
f 1410/2955/1420 1365/2751/1374 1498/2956/1508
f 1345/2614/1354 1344/2611/1353 1499/2957/1509
f 1368/2653/1377 1473/2958/1483 1500/2959/1510
f 1390/2960/1399 1472/2961/1482 1391/2903/1400
f 1344/2655/1353 1161/2332/1166 1501/2962/1511
f 1310/2857/1317 1443/2859/1453 1435/2963/1445
f 1442/2813/1452 1036/1926/1041 1185/2242/1190
f 1161/2198/1166 1266/2440/1271 1502/2964/1512
f 1265/2663/1270 1372/2664/1381 1441/2811/1451
f 1346/2965/1355 1441/2966/1451 1347/2908/1356
f 1347/2908/1356 1441/2966/1451 1372/2909/1381
f 1371/2660/1380 1503/2967/1513 1348/2707/1357
f 1444/2819/1454 1392/2709/1401 1160/2326/1165
f 1314/2541/1321 1283/2473/1288 1267/2441/1272
f 1283/2473/1288 1504/2968/1514 1284/2474/1289
f 1504/2969/1514 1461/2970/1471 1284/2971/1289
f 1150/2150/1155 1505/2972/1515 981/1842/986
f 1285/2546/1290 1506/2973/1516 1268/2547/1273
f 1170/2214/1175 1230/2346/1235 1464/2867/1474
f 1350/2626/1359 1351/2974/1360 1286/2868/1291
f 1269/2445/1274 1212/2869/1217 1507/2975/1517
f 1171/2682/1176 1466/2976/1476 1354/2683/1363
f 1212/2307/1217 1303/2514/1307 1508/2977/1518
f 1303/2514/1307 1271/2598/1276 1508/2977/1518
f 1379/2686/1388 1448/2833/1458 1419/2781/1429
f 1448/2833/1458 1338/2599/1345 1449/2835/1459
f 1451/2978/1461 1358/2692/1367 1304/2728/1308
f 1452/2838/1462 1509/2979/1519 1256/2408/1261
f 1488/2980/1498 1322/2981/1329 1510/2982/1520
f 1489/2932/1499 1467/2934/1477 1403/2734/1412
f 1401/2840/1410 1511/2983/1521 1402/2984/1411
f 1401/2840/1410 1454/2841/1464 1511/2983/1521
f 1291/2985/1295 1323/2986/1330 1453/2987/1463
f 1260/2422/1265 1468/2988/1478 1361/2641/1370
f 1423/2989/1433 1324/2562/1331 1492/2940/1502
f 1492/2940/1502 1386/2697/1395 1512/2990/1522
f 1386/2697/1395 1493/2941/1503 1512/2990/1522
f 1470/2991/1480 1513/2992/1523 1432/2993/1442
f 1471/2994/1481 1432/2995/1442 1513/2996/1523
f 1470/2997/1480 1410/2955/1420 1498/2956/1508
f 1278/2530/1283 1367/2652/1376 1514/2998/1524
f 1498/2956/1508 1365/2751/1374 1409/2750/1419
f 1433/2999/1443 1515/3000/1525 1434/3001/1444
f 1471/2893/1481 1366/2650/1375 1388/2894/1397
f 1499/3002/1509 1516/3003/1526 1345/3004/1354
f 1472/2896/1482 1435/2898/1445 1517/3005/1527
f 1518/3006/1528 1328/2609/1335 1343/2608/1352
f 1518/3006/1528 1436/3007/1446 1328/2609/1335
f 1519/3008/1529 1369/2656/1378 1475/2902/1485
f 1475/2904/1485 1438/2805/1448 1437/2905/1447
f 1520/3009/1530 1370/2659/1379 1036/2502/1041
f 1371/2817/1380 1437/2816/1447 1438/3010/1448
f 1521/3011/1531 1444/3012/1454 1440/2809/1450
f 1347/2807/1356 1477/2912/1487 1438/2805/1448
f 1503/2967/1513 1522/3013/1532 1348/2707/1357
f 1523/3014/1533 1314/2541/1321 1348/2708/1357
f 1524/3015/1534 1477/2912/1487 1478/2911/1488
f 1372/3016/1381 1373/3017/1382 1478/3018/1488
f 1524/3019/1534 1478/3020/1488 1525/3021/1535
f 1478/3022/1488 1373/3023/1382 1525/3024/1535
f 1246/2475/1251 1315/2544/1322 1373/2665/1382
f 1445/3025/1455 1332/2582/1339 1374/2667/1383
f 1505/2972/1515 1298/2503/1302 981/1842/986
f 1298/2503/1302 1526/3026/1536 1393/2713/1402
f 1527/3027/1537 1334/2587/1341 1446/2821/1456
f 1413/2822/1423 1528/3028/1538 1165/2204/1170
f 1529/3029/1539 1530/3030/1540 1247/2389/1252
f 1528/3028/1538 1285/2476/1290 1165/2204/1170
f 1483/3031/1493 1531/3032/1541 1484/3033/1494
f 1484/3033/1494 1299/3034/1303 1483/3031/1493
f 1485/2925/1495 1170/2214/1175 1464/2867/1474
f 1532/3035/1542 1271/2447/1276 1397/2721/1406
f 1449/2835/1459 1419/2781/1429 1448/2833/1458
f 1533/3036/1543 1119/2559/1124 1486/2927/1496
f 1452/2838/1462 1383/2877/1392 1534/3037/1544
f 1535/3038/1545 1383/2691/1392 1451/2837/1461
f 1451/3039/1461 1304/3040/1308 1381/3041/1390
f 1288/2484/1293 1256/2408/1261 1509/2979/1519
f 1536/3042/1546 1384/2731/1393 1488/2931/1498
f 1511/3043/1521 1489/3044/1499 1402/3045/1411
f 1510/3046/1520 1322/3047/1329 1453/3048/1463
f 1537/3049/1547 1423/2989/1433 1492/2940/1502
f 1493/3050/1503 1292/3051/1296 1494/3052/1504
f 1538/3053/1548 1363/3054/1372 1426/3055/1436
f 1427/2790/1437 1539/3056/1549 1326/2566/1333
f 1458/2850/1468 1326/2646/1333 1539/3057/1549
f 1294/2493/1298 1460/2854/1470 1426/2947/1436
f 1540/3058/1550 1541/3059/1551 1542/3060/1552
f 1430/2952/1440 1540/3061/1550 1496/2953/1506
f 1543/2467/1553 1513/3062/1523 1470/3063/1480
f 1431/2794/1441 1278/2530/1283 1514/2998/1524
f 1309/3064/1316 1544/3065/1554 1308/3066/1315
f 1409/2750/1419 1545/3067/1555 1498/2956/1508
f 1544/3068/1554 1309/3069/1316 1342/3070/1351
f 1517/3005/1527 1435/2898/1445 1434/3071/1444
f 1472/2961/1482 1474/2901/1484 1391/2903/1400
f 1500/2959/1510 1389/2702/1398 1368/2653/1377
f 1475/2902/1485 1474/2901/1484 1519/3008/1529
f 1369/2656/1378 1519/3008/1529 1346/2703/1355
f 1346/2703/1355 1519/3008/1529 1441/2814/1451
f 1442/2813/1452 1441/2814/1451 1519/3008/1529
f 1440/2809/1450 1439/2808/1449 1521/3011/1531
f 1521/3072/1531 1546/3073/1556 1444/3074/1454
f 1392/2709/1401 1476/2907/1486 913/1698/918
f 1373/2665/1382 1315/2544/1322 1547/3075/1557
f 1163/2202/1168 1202/2284/1207 1548/3076/1558
f 1202/2284/1207 1482/2919/1492 1548/3076/1558
f 1316/2545/1323 1412/2765/1422 1481/2918/1491
f 1482/3077/1492 1247/3078/1252 1530/3079/1540
f 1394/2716/1403 1317/2715/1324 1549/3080/1559
f 1447/3081/1457 1483/2921/1493 1318/2920/1325
f 1531/3032/1541 1483/3031/1493 1447/3082/1457
f 1251/3083/1256 1465/3084/1475 1231/3085/1236
f 1397/3086/1406 1550/3087/1560 1532/3088/1542
f 1397/3089/1406 1487/3090/1497 1550/3091/1560
f 1356/3092/1365 1551/382/1561 1487/3093/1497
f 1380/2725/1389 1450/2836/1460 1356/3094/1365
f 1119/2559/1124 1533/3036/1543 1381/2689/1390
f 1534/3095/1544 1383/3096/1392 1535/3097/1545
f 1552/3098/1562 1553/3099/1563 1554/3100/1564
f 1384/2731/1393 1536/3042/1546 1555/3101/1565
f 1537/3102/1547 1424/3103/1434 1423/3104/1433
f 1468/2988/1478 1491/3105/1501 1361/2641/1370
f 1457/2848/1467 1556/3106/1566 1425/3107/1435
f 1387/2851/1396 1458/3108/1468 1459/2852/1469
f 1426/2947/1436 1460/2854/1470 1557/3109/1567
f 1428/2791/1438 1429/2792/1439 1558/3110/1568
f 1496/3111/1506 1540/3112/1550 1542/3113/1552
f 1542/3114/1552 1541/3115/1551 1543/3116/1553
f 1541/3115/1551 1513/3117/1523 1543/3116/1553
f 1308/3066/1315 1544/3065/1554 1559/3118/1569
f 1433/2999/1443 1560/3119/1570 1515/3000/1525
f 1515/3120/1525 1517/3005/1527 1434/3071/1444
f 1344/2655/1353 1501/2962/1511 1499/3121/1509
f 1296/3122/1300 1370/3123/1379 1367/3124/1376
f 1443/2195/1453 1516/3125/1526 1435/3126/1445
f 1436/3127/1446 1500/3128/1510 1473/3129/1483
f 1561/3130/1571 1500/3131/1510 1436/3132/1446
f 1280/2539/1285 1345/3004/1354 1443/2815/1453
f 1438/2805/1448 1503/3133/1513 1371/3134/1380
f 1438/2805/1448 1562/3135/1572 1503/3133/1513
f 1438/2805/1448 1477/2912/1487 1562/3135/1572
f 1522/3136/1532 1523/3137/1533 1348/3138/1357
f 1524/3139/1534 1525/3024/1535 1563/3140/1573
f 1525/3024/1535 1373/3023/1382 1563/3140/1573
f 1315/2623/1322 1375/2668/1384 1547/3141/1557
f 1150/2916/1155 1479/2915/1489 1505/2886/1515
f 1247/2389/1252 1376/2669/1385 1529/3029/1539
f 1317/2550/1324 1414/2826/1424 1564/3142/1574
f 1484/2923/1494 1565/3143/1575 1462/2865/1472
f 1301/2507/1305 1417/2773/1427 1566/3144/1576
f 1532/3145/1542 1508/2977/1518 1271/2598/1276
f 1398/2722/1407 1486/2927/1496 1000/2723/1005
f 1356/3094/1365 1450/2836/1460 1567/3146/1577
f 1420/2782/1430 1384/2694/1393 1555/3147/1565
f 1467/2934/1477 1568/3148/1578 1569/3149/1579
f 1569/3149/1579 1490/2935/1500 1467/2934/1477
f 1570/3150/1580 1490/2935/1500 1569/3149/1579
f 1454/3151/1464 1571/3152/1581 1511/3153/1521
f 1455/3059/1465 1571/3154/1581 1454/3019/1464
f 1360/3155/1369 1571/3156/1581 1455/3157/1465
f 1512/2990/1522 1572/3158/1582 1492/2940/1502
f 1491/2939/1501 1573/3159/1583 1457/2848/1467
f 1457/2848/1467 1573/3159/1583 1556/3106/1566
f 1573/3159/1583 1493/2941/1503 1556/3106/1566
f 1573/3159/1583 1512/2990/1522 1493/2941/1503
f 1425/2787/1435 1341/2605/1350 1241/2372/1246
f 1363/2645/1372 1574/3160/1584 1469/2888/1479
f 1363/3161/1372 1538/3162/1548 1574/3163/1584
f 1408/2749/1418 1575/3164/1585 1307/2528/1314
f 1262/2425/1267 1195/2648/1200 1576/3165/1586
f 1459/2852/1469 1458/3108/1468 1577/3166/1587
f 1262/2425/1267 1578/3167/1588 1276/2457/1281
f 1460/2854/1470 1579/3168/1589 1557/3109/1567
f 1579/3168/1589 1460/2854/1470 1558/3110/1568
f 1428/2791/1438 1558/3110/1568 1460/2854/1470
f 1429/3169/1439 1496/3170/1506 1558/3171/1568
f 1430/2793/1440 1431/2794/1441 1580/3172/1590
f 1308/2529/1315 1559/3173/1569 1244/2381/1249
f 1367/2652/1376 1581/3174/1591 1514/2998/1524
f 1366/2650/1375 1582/3175/1592 1245/2383/1250
f 1389/2754/1398 1583/3176/1593 1439/2855/1449
f 1345/3004/1354 1516/3003/1526 1443/2815/1453
f 1503/3177/1513 1584/3178/1594 1522/3179/1532
f 1477/2912/1487 1524/3015/1534 1562/3135/1572
f 1523/3180/1533 1585/3181/1595 1314/3182/1321
f 1373/2665/1382 1547/3075/1557 1563/3183/1573
f 1505/3184/1515 1586/3185/1596 1298/3186/1302
f 1298/3187/1302 1586/3188/1596 1526/3189/1536
f 1163/2283/1168 1587/3190/1597 1446/2821/1456
f 1164/2203/1169 1588/3191/1598 1412/2765/1422
f 1376/2669/1385 1394/2716/1403 1529/3029/1539
f 1268/2862/1273 1506/3192/1516 1447/2863/1457
f 1531/3193/1541 1565/3143/1575 1484/2923/1494
f 1414/2826/1424 1249/3194/1254 1564/3142/1574
f 1450/2836/1460 1359/2637/1368 1420/2782/1430
f 1554/3195/1564 1553/3196/1563 1589/3197/1599
f 1590/3198/1600 1553/3099/1563 1552/3098/1562
f 1421/3199/1431 1591/3200/1601 1257/3201/1262
f 1467/2934/1477 1489/2932/1499 1568/3148/1578
f 1592/3202/1602 1570/3150/1580 1569/3149/1579
f 1570/3203/1580 1593/3204/1603 1490/2937/1500
f 1594/3205/1604 1537/3206/1547 1595/3207/1605
f 1510/2982/1520 1424/3208/1434 1537/3209/1547
f 1537/3049/1547 1492/2940/1502 1572/3158/1582
f 1491/2939/1501 1572/3158/1582 1573/3159/1583
f 1573/3159/1583 1572/3158/1582 1512/2990/1522
f 1493/3050/1503 1494/3052/1504 1596/3210/1606
f 1597/3211/1607 1427/2790/1437 1341/2605/1350
f 1242/2378/1247 1576/3212/1586 1195/2267/1200
f 1262/2425/1267 1576/3165/1586 1578/3167/1588
f 1458/3108/1468 1598/3213/1608 1577/3166/1587
f 1542/3214/1552 1543/3215/1553 1599/3216/1609
f 1470/2997/1480 1600/3217/1610 1543/3215/1553
f 1513/3218/1523 1601/3219/1611 1471/2893/1481
f 1433/2999/1443 1499/3220/1509 1560/3119/1570
f 1433/2999/1443 1435/3221/1445 1499/3220/1509
f 1435/3222/1445 1516/3223/1526 1499/3224/1509
f 1367/2652/1376 1602/3225/1612 1581/3174/1591
f 1602/3226/1612 1367/3227/1376 1520/3228/1530
f 1436/3007/1446 1603/3229/1613 1561/3230/1571
f 1562/3231/1572 1584/3232/1594 1503/3233/1513
f 1444/2819/1454 1604/3234/1614 1392/2709/1401
f 1584/3178/1594 1605/3235/1615 1522/3179/1532
f 1523/3236/1533 1522/3179/1532 1605/3235/1615
f 1314/3182/1321 1585/3181/1595 1283/3237/1288
f 1375/2712/1384 1393/2711/1402 1526/3238/1536
f 1587/3239/1597 1163/2202/1168 1548/3076/1558
f 1335/2714/1342 1588/3191/1598 1164/2203/1169
f 1606/3240/1616 1528/3028/1538 1413/2822/1423
f 1395/2717/1404 1607/3241/1617 1464/2867/1474
f 1555/3101/1565 1608/3242/1618 1609/3243/1619
f 1555/3244/1565 1536/3245/1546 1608/3246/1618
f 1609/3243/1619 1608/3242/1618 1610/3247/1620
f 1536/3042/1546 1488/2931/1498 1611/3248/1621
f 1257/3201/1262 1591/3200/1601 1422/3249/1432
f 1510/2982/1520 1537/3209/1547 1612/3250/1622
f 1594/3251/1604 1570/3150/1580 1592/3202/1602
f 1592/3252/1602 1612/3253/1622 1594/3254/1604
f 1570/3203/1580 1595/3207/1605 1593/3204/1603
f 1594/3205/1604 1595/3207/1605 1570/3203/1580
f 1594/3255/1604 1612/3256/1622 1537/3257/1547
f 1490/2937/1500 1593/3204/1603 1468/2882/1478
f 1510/2982/1520 1453/2987/1463 1424/3208/1434
f 1453/2987/1463 1323/2986/1330 1424/3208/1434
f 1494/2945/1504 1469/2888/1479 1596/3258/1606
f 1539/3259/1549 1613/3260/1623 1458/3261/1468
f 1578/3167/1588 1614/3262/1624 1276/2457/1281
f 1458/3108/1468 1613/3263/1623 1598/3213/1608
f 1615/3264/1625 1616/3265/1626 1617/3266/1627
f 1276/2457/1281 1614/3262/1624 1497/2954/1507
f 1431/2794/1441 1514/2998/1524 1618/3267/1628
f 1619/3268/1629 1616/3269/1626 1620/3270/1630
f 1621/3271/1631 1616/3265/1626 1615/3264/1625
f 1497/2954/1507 1622/3272/1632 1343/2752/1352
f 1499/3121/1509 1501/2962/1511 1623/3273/1633
f 1474/3274/1484 1624/3275/1634 1625/3276/1635
f 1436/3007/1446 1518/3006/1528 1603/3229/1613
f 1367/2652/1376 1370/2659/1379 1520/3009/1530
f 1442/3277/1452 1520/3009/1530 1036/2502/1041
f 1546/3278/1556 1626/3279/1636 1444/3280/1454
f 1562/3281/1572 1524/3100/1534 1627/3282/1637
f 1563/3283/1573 1627/3284/1637 1524/3285/1534
f 1446/2821/1456 1628/3286/1638 1527/3027/1537
f 1334/2587/1341 1629/3287/1639 1480/2917/1490
f 1527/3027/1537 1629/3287/1639 1334/2587/1341
f 1462/2865/1472 1630/3288/1640 1415/2771/1425
f 1269/3289/1274 1631/2579/1641 1417/3290/1427
f 1632/3291/1642 1378/2831/1387 1354/2830/1363
f 1508/3292/1518 1507/2975/1517 1212/2869/1217
f 1356/3094/1365 1567/3146/1577 1551/3293/1561
f 1450/2836/1460 1633/3294/1643 1567/3146/1577
f 1450/2836/1460 1420/2782/1430 1633/3294/1643
f 1634/3295/1644 1635/3296/1645 1609/3297/1619
f 1554/3298/1564 1589/3299/1599 1552/3300/1562
f 1552/3301/1562 1589/3302/1599 1636/3303/1646
f 1555/3147/1565 1609/3297/1619 1633/3294/1643
f 1553/3196/1563 1590/3304/1600 1637/3305/1647
f 1608/3242/1618 1611/3248/1621 1610/3247/1620
f 1608/3242/1618 1536/3042/1546 1611/3248/1621
f 1511/3306/1521 1638/3307/1648 1489/3308/1499
f 1488/2980/1498 1510/2982/1520 1612/3250/1622
f 1591/3200/1601 1639/3309/1649 1422/3249/1432
f 1422/3249/1432 1639/3309/1649 1456/3310/1466
f 1468/3311/1478 1593/3312/1603 1491/2939/1501
f 1595/3313/1605 1537/3049/1547 1572/3158/1582
f 1493/3050/1503 1596/3210/1606 1556/3314/1566
f 1556/3106/1566 1596/3258/1606 1640/3315/1650
f 1556/3316/1566 1640/3317/1650 1425/2787/1435
f 1425/2787/1435 1641/3318/1651 1341/2605/1350
f 1459/3319/1469 1577/3320/1587 1408/3321/1418
f 1642/3322/1652 1619/3323/1629 1614/3262/1624
f 1617/3324/1627 1616/3325/1626 1643/3326/1653
f 1540/3327/1550 1644/3328/1654 1541/3329/1551
f 1600/3217/1610 1645/3330/1655 1543/3215/1553
f 1541/3329/1551 1644/3328/1654 1513/3218/1523
f 1513/3218/1523 1644/3328/1654 1601/3219/1611
f 1615/3264/1625 1646/3331/1656 1621/3271/1631
f 1616/3265/1626 1621/3271/1631 1620/3332/1630
f 1625/3276/1635 1618/3267/1628 1581/3174/1591
f 1560/3333/1570 1499/3121/1509 1623/3273/1633
f 1624/3275/1634 1474/3274/1484 1472/3334/1482
f 1474/3274/1484 1625/3276/1635 1519/3335/1529
f 1389/2702/1398 1647/3336/1657 1583/3337/1593
f 1500/2959/1510 1647/3336/1657 1389/2702/1398
f 1444/3280/1454 1626/3279/1636 1604/3338/1614
f 1476/2907/1486 1147/2144/1152 1008/1882/1013
f 1375/2668/1384 1648/3339/1658 1547/3141/1557
f 1445/3340/1455 1479/3341/1489 1411/3342/1421
f 1285/2546/1290 1528/3343/1538 1506/2973/1516
f 1249/3194/1254 1463/3344/1473 1564/3142/1574
f 1485/2925/1495 1464/2867/1474 1607/3241/1617
f 1395/2717/1404 1649/3345/1659 1607/3241/1617
f 1465/3346/1475 1251/3347/1256 1650/821/1660
f 1269/2445/1274 1507/2975/1517 1631/3348/1641
f 1354/2683/1363 1466/2976/1476 1651/3349/1661
f 1487/3350/1497 1551/3293/1561 1652/3351/1662
f 1551/3293/1561 1653/3352/1663 1652/3351/1662
f 1551/3293/1561 1567/3146/1577 1635/3296/1645
f 1567/3146/1577 1633/3294/1643 1635/3296/1645
f 1509/2979/1519 1654/3353/1664 1288/2484/1293
f 1635/3296/1645 1633/3294/1643 1609/3297/1619
f 1589/3354/1599 1655/2301/1665 1656/3355/1666
f 1420/2782/1430 1555/3147/1565 1633/3294/1643
f 1589/3197/1599 1553/3196/1563 1655/3356/1665
f 1635/3296/1645 1634/3295/1644 1657/3357/1667
f 1658/3358/1668 1657/3359/1667 1659/3360/1669
f 1657/3361/1667 1634/3362/1644 1659/3363/1669
f 1552/1733/1562 1636/3364/1646 1590/3365/1600
f 1609/3243/1619 1610/3247/1620 1634/3362/1644
f 1638/3366/1648 1660/3367/1670 1590/3304/1600
f 1638/3307/1648 1661/3368/1671 1660/3369/1670
f 1638/3307/1648 1511/3306/1521 1661/3368/1671
f 1425/2787/1435 1640/3317/1650 1641/3318/1651
f 1427/3370/1437 1597/3371/1607 1662/3372/1672
f 1307/2528/1314 1575/3164/1585 1495/2946/1505
f 1617/3266/1627 1663/3373/1673 1615/3264/1625
f 1598/3374/1608 1664/3375/1674 1577/3376/1587
f 1619/3323/1629 1497/2954/1507 1614/3262/1624
f 1580/3377/1590 1665/3378/1675 1430/3379/1440
f 1619/3323/1629 1643/3380/1653 1616/3381/1626
f 1560/3119/1570 1666/3382/1676 1515/3000/1525
f 1620/3270/1630 1497/3383/1507 1619/3268/1629
f 1244/2381/1249 1667/3384/1677 1220/2460/1225
f 1623/3273/1633 1666/3385/1676 1560/3333/1570
f 1514/2998/1524 1581/3174/1591 1618/3267/1628
f 1245/2383/1250 1668/3386/1678 1342/2606/1351
f 1621/3387/1631 1669/3388/1679 1620/3389/1630
f 1670/3390/1680 1624/3391/1634 1517/3005/1527
f 1581/3174/1591 1602/3225/1612 1625/3276/1635
f 1517/3392/1527 1624/3275/1634 1472/3334/1482
f 1625/3276/1635 1602/3225/1612 1519/3335/1529
f 1161/3393/1166 1671/3394/1681 1501/3395/1511
f 1583/3176/1593 1672/3396/1682 1439/2855/1449
f 1673/3397/1683 1521/3398/1531 1439/2855/1449
f 1521/3072/1531 1674/3399/1684 1546/3073/1556
f 1562/3400/1572 1675/3401/1685 1584/3402/1594
f 1562/3403/1572 1627/3404/1637 1675/3405/1685
f 1461/2861/1471 1504/2968/1514 1374/2667/1383
f 1374/2667/1383 1676/3406/1686 1445/3025/1455
f 1479/3407/1489 1677/3408/1687 1505/3184/1515
f 1628/3286/1638 1678/3409/1688 1527/3027/1537
f 1335/3410/1342 1480/3411/1490 1588/3412/1598
f 1481/2918/1491 1412/2765/1422 1679/3413/1689
f 1481/2918/1491 1606/3240/1616 1413/2822/1423
f 1506/3414/1516 1680/3415/1690 1447/3416/1457
f 1447/3417/1457 1681/3418/1691 1531/3419/1541
f 1415/2771/1425 1630/3288/1640 1416/2772/1426
f 1416/2772/1426 1682/3420/1692 1350/2626/1359
f 1535/3097/1545 1683/3421/1693 1534/3095/1544
f 1534/3095/1544 1683/3421/1693 1452/3422/1462
f 1551/3293/1561 1635/3296/1645 1653/3352/1663
f 1658/3423/1668 1635/3296/1645 1657/3357/1667
f 1589/3302/1599 1684/3424/1694 1636/3303/1646
f 1636/3425/1646 1638/3426/1648 1590/3427/1600
f 1610/3247/1620 1659/3363/1669 1634/3362/1644
f 1489/3428/1499 1638/3429/1648 1685/3430/1695
f 1661/3368/1671 1511/3306/1521 1571/3156/1581
f 1686/3431/1696 1612/3432/1622 1592/3433/1602
f 1595/3313/1605 1572/3158/1582 1593/3312/1603
f 1360/3155/1369 1456/3434/1466 1571/3156/1581
f 1593/3312/1603 1572/3158/1582 1491/2939/1501
f 1341/2605/1350 1641/3318/1651 1597/3211/1607
f 1574/3435/1584 1538/3436/1548 1687/3437/1697
f 1688/3438/1698 1617/3324/1627 1643/3326/1653
f 1646/3331/1656 1615/3264/1625 1663/3373/1673
f 1689/3439/1699 1496/3170/1506 1542/3214/1552
f 1642/3322/1652 1643/3380/1653 1619/3323/1629
f 1599/3216/1609 1543/3215/1553 1645/3330/1655
f 1665/3378/1675 1540/3327/1550 1430/3379/1440
f 1431/2794/1441 1618/3267/1628 1580/3172/1590
f 1670/3440/1680 1625/3276/1635 1624/3275/1634
f 1471/2893/1481 1690/3441/1700 1366/2650/1375
f 1519/3335/1529 1602/3225/1612 1442/3277/1452
f 1520/3009/1530 1442/3277/1452 1602/3225/1612
f 1647/3336/1657 1500/2959/1510 1561/3442/1571
f 1626/3279/1636 1691/3443/1701 1604/3338/1614
f 1584/3402/1594 1675/3401/1685 1605/3444/1615
f 1675/3401/1685 1692/3445/1702 1605/3444/1615
f 1585/3446/1595 1523/3236/1533 1605/3235/1615
f 1563/3183/1573 1547/3075/1557 1693/3447/1703
f 1676/3406/1686 1374/2667/1383 1504/2968/1514
f 1694/3448/1704 1648/3449/1658 1375/2712/1384
f 1695/3450/1705 1677/3408/1687 1479/3407/1489
f 1694/3448/1704 1375/2712/1384 1526/3238/1536
f 1696/3451/1706 1528/3028/1538 1606/3240/1616
f 1697/3452/1707 1529/3029/1539 1394/2716/1403
f 1697/3452/1707 1394/2716/1403 1549/3080/1559
f 1680/3415/1690 1681/3453/1691 1447/3416/1457
f 1681/3454/1691 1565/3455/1575 1531/3456/1541
f 1549/3080/1559 1317/2715/1324 1564/3457/1574
f 1251/3458/1256 1351/2974/1360 1698/3459/1708
f 1650/3460/1660 1251/3458/1256 1699/3461/1709
f 1632/3462/1642 1354/2683/1363 1651/3349/1661
f 1532/3088/1542 1550/3087/1560 1700/3463/1710
f 1550/3087/1560 1487/3350/1497 1652/3351/1662
f 1535/3464/1545 1451/3465/1461 1701/3466/1711
f 1683/3421/1693 1702/3467/1712 1452/3422/1462
f 1702/3468/1712 1509/3469/1519 1452/3470/1462
f 1654/3471/1664 1509/3469/1519 1702/3468/1712
f 1655/3356/1665 1553/3196/1563 1637/3305/1647
f 1686/3431/1696 1592/3433/1602 1569/3472/1579
f 1574/3160/1584 1703/3473/1713 1469/2888/1479
f 1426/2947/1436 1557/3109/1567 1538/3436/1548
f 1613/3474/1623 1704/3475/1714 1598/3476/1608
f 1705/3477/1715 1580/3377/1590 1618/3478/1628
f 1470/2997/1480 1498/2956/1508 1600/3217/1610
f 1497/3383/1507 1620/3270/1630 1622/3479/1632
f 1706/3480/1716 1707/3481/1717 1708/3482/1718
f 1476/2907/1486 1709/3483/1719 1147/2144/1152
f 1604/3234/1614 1710/3484/1720 1392/2709/1401
f 1283/2473/1288 1585/3485/1595 1504/2968/1514
f 1627/3486/1637 1563/3183/1573 1693/3447/1703
f 1446/2821/1456 1587/3190/1597 1628/3286/1638
f 1587/3239/1597 1548/3076/1558 1711/3487/1721
f 1528/3343/1538 1680/3488/1690 1506/2973/1516
f 1205/3489/1210 1485/3490/1495 1712/3491/1722
f 1350/2626/1359 1698/3459/1708 1351/2974/1360
f 1713/3492/1723 1486/2927/1496 1398/2722/1407
f 1451/3493/1461 1381/2689/1390 1701/3494/1711
f 1714/3495/1724 1656/3496/1666 1715/3497/1725
f 1716/3498/1726 1658/3423/1668 1636/3303/1646
f 1659/3363/1669 1717/3499/1727 1658/3500/1668
f 1610/3247/1620 1718/3501/1728 1659/3363/1669
f 1610/3247/1620 1611/3248/1621 1718/3501/1728
f 1636/3425/1646 1685/3502/1695 1638/3426/1648
f 1611/3503/1621 1488/2980/1498 1612/3250/1622
f 1685/3430/1695 1568/3504/1578 1489/3428/1499
f 1568/3504/1578 1685/3430/1695 1686/3431/1696
f 1568/3504/1578 1686/3431/1696 1569/3472/1579
f 1596/3258/1606 1719/3505/1729 1640/3315/1650
f 1596/3258/1606 1469/2888/1479 1703/3473/1713
f 1640/3315/1650 1719/3505/1729 1641/3506/1651
f 1242/2378/1247 1407/2748/1417 1576/3212/1586
f 1427/2790/1437 1662/3507/1672 1539/3056/1549
f 1617/3266/1627 1720/3508/1730 1663/3373/1673
f 1662/3507/1672 1613/3509/1623 1539/3056/1549
f 1558/3171/1568 1721/3510/1731 1579/3511/1589
f 1618/3478/1628 1625/3512/1635 1705/3477/1715
f 1625/3276/1635 1670/3440/1680 1705/3513/1715
f 1621/3387/1631 1722/3514/1732 1669/3388/1679
f 1620/3389/1630 1669/3388/1679 1622/3515/1632
f 1161/3393/1166 1502/3516/1512 1671/3394/1681
f 1673/3397/1683 1723/3517/1733 1521/3398/1531
f 1707/3481/1717 1706/3480/1716 1724/3518/1734
f 1707/3519/1717 1725/3520/1735 1708/3521/1718
f 1546/3073/1556 1674/3399/1684 1626/3522/1636
f 1626/3522/1636 1674/3399/1684 1691/3523/1701
f 1147/2144/1152 1709/3483/1719 1266/2440/1271
f 1710/3484/1720 1476/2907/1486 1392/2709/1401
f 1547/3141/1557 1648/3339/1658 1693/3524/1703
f 1676/3406/1686 1479/3525/1489 1445/3025/1455
f 1677/3408/1687 1586/3185/1596 1505/3184/1515
f 1463/3344/1473 1726/3526/1736 1564/3142/1574
f 1727/3527/1737 1728/3528/1738 1630/3288/1640
f 1205/2293/1210 1712/3529/1722 1463/2866/1473
f 1350/2626/1359 1682/3420/1692 1698/3459/1708
f 1395/2717/1404 1301/2507/1305 1566/3144/1576
f 1508/3530/1518 1532/3088/1542 1700/3463/1710
f 1381/2689/1390 1729/3531/1739 1701/3494/1711
f 1654/3353/1664 1730/3532/1740 1288/2484/1293
f 1635/3296/1645 1658/3423/1668 1716/3498/1726
f 1656/3533/1666 1731/3092/1741 1589/3534/1599
f 1656/3496/1666 1655/3535/1665 1715/3497/1725
f 1655/3536/1665 1637/3282/1647 1715/2366/1725
f 1684/3424/1694 1716/3498/1726 1636/3303/1646
f 1636/2621/1646 1658/3500/1668 1717/3499/1727
f 1571/3156/1581 1732/3537/1742 1661/3368/1671
f 1571/3156/1581 1456/3434/1466 1732/3537/1742
f 1596/3258/1606 1703/3473/1713 1719/3505/1729
f 1408/3538/1418 1577/3376/1587 1733/3539/1743
f 1577/3376/1587 1664/3375/1674 1733/3539/1743
f 1557/3109/1567 1579/3168/1589 1734/3540/1744
f 1542/3214/1552 1599/3216/1609 1689/3439/1699
f 1471/2893/1481 1601/3219/1611 1690/3441/1700
f 1622/3515/1632 1669/3388/1679 1735/3541/1745
f 1622/3515/1632 1736/3542/1746 1343/2608/1352
f 1343/2608/1352 1736/3542/1746 1518/3006/1528
f 1439/2855/1449 1672/3396/1682 1673/3397/1683
f 1708/3543/1718 1691/3523/1701 1737/3544/1747
f 1675/3405/1685 1627/3404/1637 1738/3545/1748
f 1504/2968/1514 1585/3485/1595 1739/3546/1749
f 1504/2968/1514 1739/3546/1749 1676/3406/1686
f 1479/3407/1489 1676/3547/1686 1695/3450/1705
f 1481/2918/1491 1679/3413/1689 1606/3240/1616
f 1528/3343/1538 1740/3548/1750 1680/3488/1690
f 1565/3143/1575 1630/3288/1640 1462/2865/1472
f 1630/3288/1640 1728/3528/1738 1416/2772/1426
f 1649/3549/1659 1395/3550/1404 1566/3551/1576
f 1698/3459/1708 1699/3461/1709 1251/3458/1256
f 1378/2831/1387 1713/3492/1723 1398/2722/1407
f 1535/3097/1545 1741/3552/1751 1683/3421/1693
f 1288/2484/1293 1730/3532/1740 1421/2783/1431
f 1637/3305/1647 1590/3304/1600 1660/3367/1670
f 1718/3501/1728 1717/3499/1727 1659/3363/1669
f 1611/3503/1621 1612/3250/1622 1718/3553/1728
f 1591/3200/1601 1742/3554/1752 1639/3309/1649
f 1703/3555/1713 1574/3556/1584 1687/3557/1697
f 1495/2946/1505 1743/3558/1753 1407/2748/1417
f 1617/3266/1627 1744/3559/1754 1720/3508/1730
f 1408/3538/1418 1733/3539/1743 1575/3560/1585
f 1642/3322/1652 1614/3262/1624 1578/3167/1588
f 1613/3509/1623 1662/3507/1672 1745/3561/1755
f 1496/3170/1506 1721/3510/1731 1558/3171/1568
f 1598/3476/1608 1704/3475/1714 1664/3562/1674
f 1746/3563/1756 1665/3378/1675 1580/3377/1590
f 1580/3377/1590 1705/3477/1715 1746/3563/1756
f 1666/3382/1676 1747/3564/1757 1515/3000/1525
f 1515/3120/1525 1748/3565/1758 1517/3005/1527
f 1748/3565/1758 1670/3390/1680 1517/3005/1527
f 1749/3566/1759 1705/3513/1715 1670/3440/1680
f 1646/3331/1656 1722/3567/1732 1621/3271/1631
f 1623/3568/1633 1501/3395/1511 1671/3394/1681
f 1603/3569/1613 1647/3336/1657 1561/3442/1571
f 1604/213/1614 1691/3570/1701 1708/3571/1718
f 1692/3572/1702 1738/3573/1748 1605/3574/1615
f 1692/3575/1702 1675/3405/1685 1738/3545/1748
f 1711/3487/1721 1628/3576/1638 1587/3239/1597
f 1750/3577/1760 1711/3487/1721 1548/3076/1558
f 1565/3143/1575 1727/3527/1737 1630/3288/1640
f 1726/3578/1736 1463/2866/1473 1712/3529/1722
f 1607/3579/1617 1751/3580/1761 1485/3490/1495
f 1752/3581/1762 1631/3348/1641 1507/2975/1517
f 1753/3582/1763 1654/3471/1664 1702/3468/1712
f 1714/3583/1724 1731/3584/1741 1656/3585/1666
f 1754/3586/1764 1591/3587/1601 1421/3588/1431
f 1717/3589/1727 1685/3502/1695 1636/3425/1646
f 1685/3502/1695 1717/3589/1727 1686/3590/1696
f 1744/3591/1754 1617/3324/1627 1688/3438/1698
f 1643/3380/1653 1642/3322/1652 1688/3592/1698
f 1721/3510/1731 1496/3170/1506 1689/3439/1699
f 1613/3593/1623 1755/3594/1765 1704/3595/1714
f 1755/3594/1765 1613/3593/1623 1745/3596/1755
f 1756/3597/1766 1746/3598/1756 1705/3599/1715
f 1747/3564/1757 1748/3600/1758 1515/3000/1525
f 1757/3601/1767 1749/3566/1759 1670/3440/1680
f 1544/3602/1554 1342/2606/1351 1668/3386/1678
f 1647/3336/1657 1603/3569/1613 1758/3603/1768
f 1759/3604/1769 1723/3605/1733 1673/3606/1683
f 1724/3607/1734 1760/3608/1770 1707/3609/1717
f 1723/3610/1733 1674/3399/1684 1521/3072/1531
f 1266/2440/1271 1709/3483/1719 1502/2964/1512
f 1605/3611/1615 1738/3612/1748 1585/3485/1595
f 1694/3448/1704 1526/3238/1536 1586/3185/1596
f 1697/3452/1707 1761/3613/1771 1529/3029/1539
f 1696/3451/1706 1740/3614/1750 1528/3028/1538
f 1564/3142/1574 1726/3526/1736 1762/3615/1772
f 1566/3616/1576 1763/3617/1773 1649/3618/1659
f 1465/2874/1475 1764/3619/1774 1466/2875/1476
f 1535/3620/1545 1701/3621/1711 1765/3622/1775
f 1729/3531/1739 1766/3623/1776 1701/3494/1711
f 1653/3352/1663 1635/3296/1645 1767/3624/1777
f 1684/3424/1694 1589/3302/1599 1731/3584/1741
f 1718/3553/1728 1686/3590/1696 1717/3589/1727
f 1718/3553/1728 1612/3250/1622 1686/3590/1696
f 1732/3537/1742 1456/3434/1466 1639/3625/1649
f 1641/3318/1651 1768/3626/1778 1597/3211/1607
f 1769/3627/1779 1578/3628/1588 1576/3212/1586
f 1599/3216/1609 1645/3330/1655 1770/3629/1780
f 1663/3630/1673 1771/3631/1781 1646/3632/1656
f 1771/3631/1781 1772/3633/1782 1646/3632/1656
f 1600/3217/1610 1770/3629/1780 1645/3330/1655
f 1756/3634/1766 1705/3513/1715 1749/3566/1759
f 1646/3632/1656 1772/3633/1782 1722/3635/1732
f 1748/3600/1758 1757/3601/1767 1670/3440/1680
f 1667/3384/1677 1409/2750/1419 1220/2460/1225
f 1735/3636/1745 1736/3637/1746 1622/3638/1632
f 1737/3544/1747 1724/3639/1734 1706/3640/1716
f 1708/3482/1718 1737/3641/1747 1706/3480/1716
f 1707/3519/1717 1760/1717/1770 1725/3520/1735
f 1725/3520/1735 1604/3642/1614 1708/3521/1718
f 1738/3612/1748 1739/3546/1749 1585/3485/1595
f 1627/3486/1637 1693/3447/1703 1738/3643/1748
f 1676/3547/1686 1739/3644/1749 1695/3450/1705
f 1739/3644/1749 1677/3408/1687 1695/3450/1705
f 1773/3645/1783 1677/3408/1687 1739/3644/1749
f 1586/3185/1596 1677/3408/1687 1773/3645/1783
f 1588/3191/1598 1774/3646/1784 1412/2765/1422
f 1482/2919/1492 1530/3030/1540 1775/3647/1785
f 1530/3030/1540 1776/3648/1786 1775/3647/1785
f 1530/3030/1540 1529/3029/1539 1776/3648/1786
f 1728/3528/1738 1682/3420/1692 1416/2772/1426
f 1485/3490/1495 1751/3580/1761 1777/3649/1787
f 1649/3650/1659 1763/3651/1773 1607/3652/1617
f 1417/2773/1427 1631/3348/1641 1566/3144/1576
f 1650/3460/1660 1764/3619/1774 1465/2874/1475
f 1378/2831/1387 1632/3291/1642 1713/3492/1723
f 1486/2927/1496 1713/3492/1723 1533/3036/1543
f 1533/3036/1543 1729/3531/1739 1381/2689/1390
f 1683/3421/1693 1741/3552/1751 1702/3467/1712
f 1767/3624/1777 1635/3296/1645 1716/3498/1726
f 1714/3583/1724 1715/3653/1725 1778/3654/1788
f 1637/3305/1647 1660/3367/1670 1779/3655/1789
f 1719/3656/1729 1703/3555/1713 1780/3657/1790
f 1719/3656/1729 1780/3657/1790 1768/3658/1778
f 1719/3505/1729 1768/3659/1778 1641/3506/1651
f 1597/3371/1607 1768/3660/1778 1662/3372/1672
f 1407/2748/1417 1781/3661/1791 1576/3212/1586
f 1407/2748/1417 1743/3558/1753 1781/3661/1791
f 1495/2946/1505 1575/3164/1585 1782/3662/1792
f 1688/3438/1698 1783/3663/1793 1744/3591/1754
f 1642/3322/1652 1578/3167/1588 1783/3664/1793
f 1755/3665/1765 1745/3666/1755 1784/3667/1794
f 1749/3668/1759 1757/3669/1767 1756/3670/1766
f 1544/3671/1554 1785/3672/1795 1559/3673/1569
f 1668/3386/1678 1785/3674/1795 1544/3602/1554
f 1518/3006/1528 1758/3675/1768 1603/3229/1613
f 1647/3336/1657 1758/3603/1768 1583/3337/1593
f 1672/3396/1682 1786/3676/1796 1673/3397/1683
f 1691/3523/1701 1674/3399/1684 1787/3677/1797
f 1739/3678/1749 1788/3679/1798 1773/3680/1783
f 1773/3645/1783 1694/3448/1704 1586/3185/1596
f 1527/3027/1537 1678/3409/1688 1629/3287/1639
f 1480/3681/1490 1789/3682/1799 1588/3191/1598
f 1412/2765/1422 1774/3646/1784 1679/3413/1689
f 1529/3029/1539 1761/3613/1771 1776/3648/1786
f 1790/3683/1800 1791/3684/1801 1680/3415/1690
f 1681/3453/1691 1680/3415/1690 1791/3684/1801
f 1652/3351/1662 1653/3352/1663 1767/3624/1777
f 1729/3531/1739 1792/3685/1802 1766/3623/1776
f 1730/3686/1740 1754/3586/1764 1421/3588/1431
f 1660/3369/1670 1661/3368/1671 1732/3537/1742
f 1703/3555/1713 1687/3557/1697 1780/3657/1790
f 1642/3322/1652 1783/3664/1793 1688/3592/1698
f 1557/3109/1567 1793/3687/1803 1538/3436/1548
f 1662/3507/1672 1794/3688/1804 1745/3561/1755
f 1795/3689/1805 1796/3690/1806 1666/3382/1676
f 1540/3327/1550 1797/3691/1807 1644/3328/1654
f 1666/3382/1676 1796/3690/1806 1747/3564/1757
f 1644/3328/1654 1798/3692/1808 1601/3219/1611
f 1498/2956/1508 1799/3693/1809 1600/3217/1610
f 1735/3541/1745 1669/3388/1679 1800/3694/1810
f 1502/3516/1512 1709/3695/1719 1671/3394/1681
f 1604/3696/1614 1725/1732/1735 1710/3697/1720
f 1709/3483/1719 1476/2907/1486 1801/3698/1811
f 1739/3644/1749 1738/3643/1748 1788/3699/1798
f 1693/3447/1703 1648/3449/1658 1694/3448/1704
f 1773/3680/1783 1788/3679/1798 1694/3700/1704
f 1628/3286/1638 1802/3701/1812 1678/3409/1688
f 1480/2917/1490 1629/3287/1639 1789/3702/1799
f 1549/3080/1559 1564/3457/1574 1762/3703/1772
f 1485/3490/1495 1777/3649/1787 1712/3491/1722
f 1632/3462/1642 1651/3349/1661 1803/3704/1813
f 1741/3705/1751 1753/3582/1763 1702/3468/1712
f 1637/3282/1647 1779/3706/1789 1715/2366/1725
f 1495/2946/1505 1782/3662/1792 1743/3558/1753
f 1769/3627/1779 1783/3707/1793 1578/3628/1588
f 1557/3109/1567 1734/3540/1744 1793/3687/1803
f 1804/3708/1814 1771/3631/1781 1663/3630/1673
f 1793/3709/1803 1734/3710/1744 1805/3711/1815
f 1721/3510/1731 1734/3710/1744 1579/3511/1589
f 1745/3712/1755 1794/3713/1804 1795/3689/1805
f 1796/3690/1806 1795/3689/1805 1794/3713/1804
f 1806/3714/1816 1756/3670/1766 1757/3669/1767
f 1666/3382/1676 1623/3568/1633 1807/3715/1817
f 1667/3384/1677 1244/2381/1249 1559/3173/1569
f 1799/3693/1809 1498/2956/1508 1545/3067/1555
f 1808/3716/1818 1518/3006/1528 1736/3542/1746
f 1669/3388/1679 1722/3514/1732 1809/3717/1819
f 1808/3716/1818 1758/3675/1768 1518/3006/1528
f 1672/3396/1682 1583/3176/1593 1786/3676/1796
f 1801/3698/1811 1476/2907/1486 1710/3484/1720
f 1738/3643/1748 1693/3447/1703 1694/3448/1704
f 1789/3682/1799 1810/3718/1820 1588/3191/1598
f 1810/3718/1820 1774/3646/1784 1588/3191/1598
f 1791/3684/1801 1565/3143/1575 1681/3453/1691
f 1764/3719/1774 1651/3349/1661 1466/2976/1476
f 1803/3704/1813 1651/3349/1661 1764/3719/1774
f 1811/3720/1821 1729/3531/1739 1533/3036/1543
f 1765/3622/1775 1701/3621/1711 1812/3721/1822
f 1813/3722/1823 1741/3552/1751 1535/3097/1545
f 1814/3723/1824 1714/3583/1724 1778/3654/1788
f 1730/3724/1740 1654/3725/1664 1753/3726/1763
f 1778/3727/1788 1715/3728/1725 1779/3729/1789
f 1768/3730/1778 1794/3713/1804 1662/3731/1672
f 1664/3375/1674 1815/3732/1825 1733/3539/1743
f 1664/3562/1674 1704/3475/1714 1815/584/1825
f 1784/3733/1794 1745/3734/1755 1816/3735/1826
f 1816/3735/1826 1745/3734/1755 1795/3736/1805
f 1689/3439/1699 1599/3216/1609 1770/3629/1780
f 1797/3691/1807 1798/3692/1808 1644/3328/1654
f 1772/3737/1782 1817/3738/1827 1722/3739/1732
f 1583/3176/1593 1818/3740/1828 1786/3676/1796
f 1786/3676/1796 1759/3741/1769 1673/3397/1683
f 1723/3605/1733 1759/3604/1769 1819/3742/1829
f 1724/3639/1734 1737/3544/1747 1820/3743/1830
f 1738/3643/1748 1694/3448/1704 1788/3699/1798
f 1802/3744/1812 1628/3576/1638 1711/3487/1721
f 1548/3076/1558 1482/2919/1492 1775/3647/1785
f 1726/3578/1736 1712/3529/1722 1821/3745/1831
f 1682/3420/1692 1822/3746/1832 1698/3459/1708
f 1763/3617/1773 1566/3616/1576 1823/3747/1833
f 1698/3459/1708 1824/3748/1834 1699/3461/1709
f 1699/3461/1709 1825/3749/1835 1650/3460/1660
f 1507/2975/1517 1508/3292/1518 1752/3581/1762
f 1713/3492/1723 1632/3291/1642 1826/3750/1836
f 1729/3531/1739 1811/3720/1821 1792/3685/1802
f 1701/3751/1711 1766/3752/1776 1812/434/1822
f 1814/3723/1824 1731/3584/1741 1714/3583/1724
f 1827/3753/1837 1730/3724/1740 1753/3726/1763
f 1778/3754/1788 1779/3755/1789 1828/3756/1838
f 1639/3625/1649 1829/3757/1839 1732/3537/1742
f 1687/3437/1697 1538/3436/1548 1830/3758/1840
f 1663/3630/1673 1720/3759/1730 1804/3708/1814
f 1704/3595/1714 1755/3594/1765 1831/3760/1841
f 1793/3761/1803 1805/3762/1815 1832/3763/1842
f 1540/3327/1550 1665/3378/1675 1797/3691/1807
f 1795/3764/1805 1807/3765/1817 1833/3766/1843
f 1666/3382/1676 1807/3715/1817 1795/3689/1805
f 1623/3568/1633 1834/3767/1844 1835/3768/1845
f 1583/3337/1593 1758/3603/1768 1818/3769/1828
f 1691/3523/1701 1787/3677/1797 1737/3544/1747
f 1723/3610/1733 1836/3770/1846 1674/3399/1684
f 1761/3613/1771 1837/3771/1847 1776/3648/1786
f 1791/3684/1801 1838/3772/1848 1565/3143/1575
f 1712/3491/1722 1777/3649/1787 1821/3773/1831
f 1631/3774/1641 1823/3775/1833 1566/2760/1576
f 1699/3461/1709 1824/3748/1834 1825/3749/1835
f 1632/3462/1642 1803/3704/1813 1826/3776/1836
f 1508/3292/1518 1700/3777/1710 1839/3778/1849
f 1713/3492/1723 1840/3779/1850 1533/3036/1543
f 1765/3780/1775 1813/3722/1823 1535/3097/1545
f 1792/3685/1802 1811/3720/1821 1841/3781/1851
f 1792/3782/1802 1841/3783/1851 1766/3784/1776
f 1767/3624/1777 1716/3498/1726 1684/3424/1694
f 1753/3582/1763 1741/3705/1751 1827/3785/1837
f 1779/3786/1789 1660/3369/1670 1732/3537/1742
f 1591/3200/1601 1842/3787/1852 1742/3554/1752
f 1639/3625/1649 1742/3788/1752 1829/3757/1839
f 1687/3437/1697 1830/3758/1840 1780/3789/1790
f 1538/3436/1548 1793/3687/1803 1830/3758/1840
f 1733/3790/1743 1843/3791/1853 1575/3164/1585
f 1768/3730/1778 1796/3690/1806 1794/3713/1804
f 1784/3667/1794 1831/3792/1841 1755/3665/1765
f 1844/3793/1854 1845/3794/1855 1747/2258/1757
f 1795/3736/1805 1833/3795/1843 1816/3735/1826
f 1771/3796/1781 1846/3797/1856 1772/3737/1782
f 1748/3600/1758 1747/3564/1757 1845/3798/1855
f 1665/3378/1675 1746/3563/1756 1847/3799/1857
f 1756/3670/1766 1806/3714/1816 1746/3563/1756
f 1623/3568/1633 1835/3768/1845 1807/3715/1817
f 1690/3441/1700 1582/3175/1592 1366/2650/1375
f 1674/3399/1684 1836/3770/1846 1787/3677/1797
f 1710/3484/1720 1848/3800/1858 1801/3698/1811
f 1606/3240/1616 1849/3801/1859 1696/3451/1706
f 1740/3548/1750 1790/3802/1800 1680/3488/1690
f 1549/3803/1559 1850/3804/1860 1697/3805/1707
f 1549/3803/1559 1762/3806/1772 1850/3804/1860
f 1607/3579/1617 1851/3807/1861 1751/3580/1761
f 1764/3719/1774 1852/3808/1862 1803/3704/1813
f 1713/3492/1723 1826/3750/1836 1840/3779/1850
f 1814/3809/1824 1778/3810/1788 1828/3811/1838
f 1828/3812/1838 1779/3786/1789 1732/3537/1742
f 1853/3813/1863 1732/3537/1742 1829/3757/1839
f 1780/3789/1790 1830/3758/1840 1768/3730/1778
f 1576/3212/1586 1781/3661/1791 1769/3627/1779
f 1793/3814/1803 1832/3815/1842 1844/3816/1854
f 1830/3758/1840 1844/3817/1854 1796/3690/1806
f 1734/3710/1744 1721/3510/1731 1854/3818/1864
f 1747/3564/1757 1796/3690/1806 1844/3817/1854
f 1734/3710/1744 1854/3818/1864 1805/3711/1815
f 1771/3796/1781 1804/3819/1814 1846/3797/1856
f 1846/3797/1856 1855/3820/1865 1772/3737/1782
f 1722/3739/1732 1817/3738/1827 1809/3821/1819
f 1809/3717/1819 1856/3822/1866 1669/3388/1679
f 1724/3639/1734 1857/3823/1867 1760/3824/1770
f 1760/1717/1770 1858/3825/1868 1725/3520/1735
f 1725/3520/1735 1858/3825/1868 1710/3826/1720
f 1697/3452/1707 1837/3771/1847 1761/3613/1771
f 1790/3683/1800 1838/3772/1848 1791/3684/1801
f 1565/3143/1575 1838/3772/1848 1727/3527/1737
f 1727/3527/1737 1859/3827/1869 1728/3528/1738
f 1728/3528/1738 1822/3746/1832 1682/3420/1692
f 1700/3463/1710 1550/3087/1560 1652/3351/1662
f 1652/3351/1662 1767/3624/1777 1860/3828/1870
f 1841/3781/1851 1861/3829/1871 1814/3830/1824
f 1861/3831/1871 1731/3584/1741 1814/3723/1824
f 1841/3832/1851 1814/3809/1824 1862/3833/1872
f 1814/3809/1824 1828/3811/1838 1862/3833/1872
f 1730/3686/1740 1863/3834/1873 1754/3586/1764
f 1744/3835/1754 1864/3836/1874 1720/3837/1730
f 1768/3730/1778 1830/3758/1840 1796/3690/1806
f 1793/3687/1803 1844/3817/1854 1830/3758/1840
f 1704/3595/1714 1831/3760/1841 1815/3838/1825
f 1721/3510/1731 1689/3439/1699 1865/3839/1875
f 1748/3840/1758 1866/3841/1876 1757/3842/1767
f 1806/3714/1816 1757/3669/1767 1866/3843/1876
f 1807/3844/1817 1835/3845/1845 1867/3846/1877
f 1772/3737/1782 1855/3820/1865 1817/3738/1827
f 1582/3175/1592 1868/3847/1878 1245/2383/1250
f 1736/3637/1746 1735/3636/1745 1808/3848/1818
f 1724/3639/1734 1820/3743/1830 1857/3823/1867
f 1801/3698/1811 1848/3800/1858 1709/3483/1719
f 1629/3287/1639 1678/3409/1688 1869/3849/1879
f 1548/3076/1558 1775/3647/1785 1750/3577/1760
f 1606/3850/1616 1870/3851/1880 1849/3852/1859
f 1850/3804/1860 1762/3806/1772 1871/3853/1881
f 1821/3773/1831 1777/3649/1787 1872/3854/1882
f 1822/3746/1832 1873/3855/1883 1698/3459/1708
f 1631/3774/1641 1752/3856/1762 1823/3775/1833
f 1825/3749/1835 1874/3857/1884 1650/3460/1660
f 1650/3460/1660 1874/3857/1884 1764/3619/1774
f 1803/2414/1813 1875/3858/1885 1826/3859/1836
f 1826/3860/1836 1876/3861/1886 1840/3862/1850
f 1811/3720/1821 1533/3036/1543 1840/3779/1850
f 1652/3351/1662 1877/3863/1887 1700/3463/1710
f 1862/3833/1872 1828/3811/1838 1878/3864/1888
f 1879/3865/1889 1684/3424/1694 1731/3584/1741
f 1828/3812/1838 1732/3537/1742 1853/3813/1863
f 1746/3563/1756 1806/3714/1816 1847/3799/1857
f 1867/3846/1877 1833/3795/1843 1807/3844/1817
f 1600/3217/1610 1799/3693/1809 1880/3866/1890
f 1835/3867/1845 1834/3868/1844 1867/3869/1877
f 1667/3384/1677 1559/3173/1569 1881/3870/1891
f 1245/2383/1250 1868/3847/1878 1668/3386/1678
f 1758/3675/1768 1808/3716/1818 1818/3871/1828
f 1800/3694/1810 1882/3872/1892 1735/3541/1745
f 1786/3676/1796 1883/3873/1893 1759/3741/1769
f 1759/3604/1769 1883/3874/1893 1819/3742/1829
f 1787/3677/1797 1820/3743/1830 1737/3544/1747
f 1790/3683/1800 1884/3875/1894 1838/3772/1848
f 1885/3876/1895 1697/3805/1707 1850/3804/1860
f 1821/3877/1831 1762/3615/1772 1726/3526/1736
f 1607/3878/1617 1763/3617/1773 1851/3879/1861
f 1823/3775/1833 1752/3856/1762 1886/3880/1896
f 1752/3581/1762 1508/3292/1518 1839/3778/1849
f 1861/3829/1871 1841/3781/1851 1811/3720/1821
f 1766/3881/1776 1841/3882/1851 1862/3883/1872
f 1754/3884/1764 1842/3885/1852 1591/3886/1601
f 1744/3835/1754 1887/3887/1897 1864/3836/1874
f 1743/3558/1753 1782/3662/1792 1888/3888/1898
f 1864/3889/1874 1889/3890/1899 1720/3759/1730
f 1769/3627/1779 1890/3891/1900 1783/3707/1793
f 1784/3667/1794 1891/3892/1901 1831/3792/1841
f 1805/3762/1815 1892/3893/1902 1832/3763/1842
f 1805/3762/1815 1854/3894/1864 1892/3893/1902
f 1600/3217/1610 1880/3866/1890 1770/3629/1780
f 1867/3869/1877 1834/3868/1844 1893/3895/1903
f 1545/3067/1555 1409/2750/1419 1894/3896/1904
f 1735/3541/1745 1895/3897/1905 1808/3716/1818
f 1735/3541/1745 1882/3872/1892 1895/3897/1905
f 1818/3740/1828 1896/3898/1906 1786/3676/1796
f 1786/3899/1796 1896/3900/1906 1883/3901/1893
f 1760/3902/1770 1857/3903/1867 1858/3904/1868
f 1723/3905/1733 1819/3906/1829 1836/3907/1846
f 1629/3287/1639 1869/3849/1879 1789/3702/1799
f 1774/3646/1784 1870/3908/1880 1679/3413/1689
f 1776/3648/1786 1837/3771/1847 1897/3909/1907
f 1838/3910/1848 1898/3911/1908 1727/3912/1737
f 1727/3527/1737 1898/3913/1908 1859/3827/1869
f 1850/3804/1860 1871/3853/1881 1859/3914/1869
f 1871/3853/1881 1728/3915/1738 1859/3914/1869
f 1873/3855/1883 1824/3748/1834 1698/3459/1708
f 1803/3704/1813 1852/3808/1862 1875/3916/1885
f 1876/3861/1886 1899/3917/1909 1840/3862/1850
f 1652/3351/1662 1860/3828/1870 1877/3863/1887
f 1766/3918/1776 1862/3833/1872 1812/3919/1822
f 1860/3828/1870 1767/3624/1777 1879/3865/1889
f 1767/3624/1777 1684/3424/1694 1879/3865/1889
f 1861/3831/1871 1879/3865/1889 1731/3584/1741
f 1827/3753/1837 1863/3920/1873 1730/3724/1740
f 1829/3757/1839 1842/3921/1852 1853/3813/1863
f 1842/3921/1852 1829/3757/1839 1742/3788/1752
f 1781/3661/1791 1900/3922/1910 1769/3627/1779
f 1575/3164/1585 1901/3923/1911 1782/3662/1792
f 1575/3164/1585 1843/3791/1853 1901/3923/1911
f 1733/3790/1743 1815/3838/1825 1843/3791/1853
f 1748/3840/1758 1902/3924/1912 1866/3841/1876
f 1601/3219/1611 1903/3925/1913 1690/3441/1700
f 1809/3821/1819 1817/3738/1827 1904/3926/1914
f 1858/3927/1868 1848/3928/1858 1710/2042/1720
f 1679/3413/1689 1870/3908/1880 1606/3240/1616
f 1697/3805/1707 1885/3876/1895 1837/3929/1847
f 1696/3930/1706 1905/3931/1915 1740/3932/1750
f 1740/3548/1750 1884/3933/1894 1790/3802/1800
f 1822/3934/1832 1728/3915/1738 1871/3853/1881
f 1777/3649/1787 1906/3935/1916 1872/3854/1882
f 1752/3936/1762 1839/3937/1849 1907/3938/1917
f 1839/3937/1849 1700/3463/1710 1877/3863/1887
f 1899/3917/1909 1811/3939/1821 1840/3862/1850
f 1744/3591/1754 1783/3663/1793 1887/3940/1897
f 1781/3661/1791 1743/3558/1753 1888/3888/1898
f 1831/3792/1841 1891/3892/1901 1908/3941/1918
f 1845/3798/1855 1902/3942/1912 1748/3600/1758
f 1816/3735/1826 1833/3795/1843 1909/3943/1919
f 1785/3672/1795 1881/3944/1891 1559/3673/1569
f 1409/2750/1419 1910/3945/1920 1894/3896/1904
f 1668/3386/1678 1911/3946/1921 1785/3674/1795
f 1623/3568/1633 1912/3947/1922 1834/3767/1844
f 1808/3716/1818 1895/3897/1905 1818/3871/1828
f 1809/3717/1819 1904/3948/1914 1913/3949/1923
f 1623/3568/1633 1671/3394/1681 1912/3947/1922
f 1776/3648/1786 1897/3909/1907 1775/3647/1785
f 1914/3950/1924 1837/3929/1847 1885/3876/1895
f 1696/3951/1706 1849/3952/1859 1905/3953/1915
f 1740/3954/1750 1905/3955/1915 1884/3956/1894
f 1884/3956/1894 1898/3911/1908 1838/3910/1848
f 1850/3804/1860 1859/3914/1869 1885/3876/1895
f 1885/3876/1895 1859/3914/1869 1898/3911/1908
f 1821/3957/1831 1915/3958/1925 1762/3806/1772
f 1822/3746/1832 1915/3959/1925 1873/3855/1883
f 1823/3747/1833 1916/3960/1926 1763/3617/1773
f 1781/3661/1791 1917/3961/1927 1900/3922/1910
f 1888/3888/1898 1917/3961/1927 1781/3661/1791
f 1720/3759/1730 1918/3962/1928 1804/3708/1814
f 1843/3791/1853 1815/3838/1825 1901/3923/1911
f 1784/3963/1794 1816/3964/1826 1891/3965/1901
f 1831/3760/1841 1919/3966/1929 1815/3838/1825
f 1831/3760/1841 1908/3967/1918 1919/3966/1929
f 1847/3799/1857 1797/3691/1807 1665/3378/1675
f 1601/3219/1611 1798/3692/1808 1920/3968/1930
f 1667/3384/1677 1910/3945/1920 1409/2750/1419
f 1834/3767/1844 1912/3947/1922 1921/3969/1931
f 1668/3386/1678 1868/3847/1878 1911/3946/1921
f 1809/3717/1819 1913/3949/1923 1856/3822/1866
f 1669/3388/1679 1856/3822/1866 1800/3694/1810
f 1709/3970/1719 1848/3971/1858 1922/3972/1932
f 1914/3950/1924 1885/3876/1895 1898/3911/1908
f 1762/3806/1772 1915/3958/1925 1871/3853/1881
f 1871/3973/1881 1915/3959/1925 1822/3746/1832
f 1763/3617/1773 1916/3960/1926 1851/3879/1861
f 1823/3747/1833 1886/3974/1896 1916/3960/1926
f 1825/3749/1835 1923/3975/1933 1874/3857/1884
f 1907/3938/1917 1839/3937/1849 1924/3976/1934
f 1764/3619/1774 1874/3857/1884 1852/3977/1862
f 1899/3978/1909 1861/3829/1871 1811/3720/1821
f 1860/3828/1870 1925/3979/1935 1877/3863/1887
f 1812/3919/1822 1862/3833/1872 1878/3864/1888
f 1887/3940/1897 1783/3663/1793 1890/3980/1900
f 1845/3981/1855 1844/3982/1854 1832/3983/1842
f 1854/3818/1864 1721/3510/1731 1865/3839/1875
f 1866/3984/1876 1847/3985/1857 1806/3986/1816
f 1926/3987/1936 1893/3988/1903 1834/3767/1844
f 1927/3989/1937 1799/3693/1809 1545/3067/1555
f 1881/3944/1891 1785/3672/1795 1911/3990/1921
f 1896/3991/1906 1928/3992/1938 1883/3993/1893
f 1883/3874/1893 1929/3994/1939 1819/3742/1829
f 1930/3995/1940 1857/3823/1867 1820/3743/1830
f 1858/3904/1868 1857/3903/1867 1930/3996/1940
f 1671/3394/1681 1709/3695/1719 1922/3997/1932
f 1836/3770/1846 1931/3998/1941 1787/3677/1797
f 1711/3487/1721 1750/3577/1760 1932/3999/1942
f 1933/4000/1943 1775/4001/1785 1897/4002/1907
f 1897/4002/1907 1837/3929/1847 1914/3950/1924
f 1915/3958/1925 1821/3957/1831 1872/4003/1882
f 1906/3935/1916 1777/3649/1787 1751/3580/1761
f 1824/4004/1834 1873/4005/1883 1934/4006/1944
f 1886/4007/1896 1752/3936/1762 1907/3938/1917
f 1875/4008/1885 1935/2278/1945 1826/2992/1836
f 1935/4009/1945 1876/4010/1886 1826/4011/1836
f 1813/4012/1823 1827/3785/1837 1741/3705/1751
f 1769/4013/1779 1900/4014/1910 1890/4015/1900
f 1900/3922/1910 1917/3961/1927 1936/4016/1946
f 1720/3759/1730 1889/3890/1899 1918/3962/1928
f 1891/3965/1901 1816/3964/1826 1909/4017/1919
f 1937/4018/1947 1846/3797/1856 1804/3819/1814
f 1833/3795/1843 1938/4019/1948 1909/3943/1919
f 1833/3795/1843 1867/3846/1877 1938/4019/1948
f 1855/3820/1865 1846/3797/1856 1939/4020/1949
f 1938/4021/1948 1867/4022/1877 1893/3988/1903
f 1926/3987/1936 1834/3767/1844 1921/3969/1931
f 1940/4023/1950 1818/3871/1828 1895/3897/1905
f 1856/3822/1866 1941/4024/1951 1800/3694/1810
f 1912/3947/1922 1671/3394/1681 1922/3997/1932
f 1929/4025/1939 1836/3907/1846 1819/3906/1829
f 1898/3911/1908 1884/3956/1894 1942/4026/1952
f 1935/4027/1945 1875/3916/1885 1852/3808/1862
f 1943/4028/1953 1879/3865/1889 1861/3831/1871
f 1890/4015/1900 1900/4014/1910 1944/4029/1954
f 1900/4014/1910 1936/4030/1946 1944/4029/1954
f 1944/4029/1954 1936/4030/1946 1945/4031/1955
f 1917/3961/1927 1946/4032/1956 1936/4016/1946
f 1888/3888/1898 1782/3662/1792 1947/4033/1957
f 1845/3981/1855 1832/3983/1842 1948/4034/1958
f 1770/3629/1780 1949/4035/1959 1689/3439/1699
f 1926/3987/1936 1950/4036/1960 1893/3988/1903
f 1881/4037/1891 1951/4038/1961 1667/1856/1677
f 1940/2048/1950 1896/4039/1906 1818/4040/1828
f 1930/4041/1940 1820/4042/1830 1952/4043/1962
f 1858/3927/1868 1953/4044/1963 1848/3928/1858
f 1789/3682/1799 1869/4045/1879 1810/3718/1820
f 1905/3955/1915 1942/4026/1952 1884/3956/1894
f 1824/3748/1834 1954/4046/1964 1825/3749/1835
f 1825/3749/1835 1954/4046/1964 1923/3975/1933
f 1886/4007/1896 1907/3938/1917 1955/4047/1965
f 1874/3857/1884 1956/4048/1966 1852/3977/1862
f 1839/3937/1849 1877/3863/1887 1924/3976/1934
f 1860/3828/1870 1943/4028/1953 1925/3979/1935
f 1899/3917/1909 1943/4028/1953 1861/3831/1871
f 1860/3828/1870 1879/3865/1889 1943/4028/1953
f 1813/3722/1823 1765/3780/1775 1812/4049/1822
f 1878/4050/1888 1828/3812/1838 1853/3813/1863
f 1853/3813/1863 1842/3921/1852 1957/4051/1967
f 1889/3890/1899 1958/4052/1968 1918/3962/1928
f 1936/4016/1946 1946/4032/1956 1945/4053/1955
f 1917/3961/1927 1888/3888/1898 1946/4032/1956
f 1804/3819/1814 1918/4054/1928 1937/4018/1947
f 1919/3966/1929 1908/3967/1918 1959/4055/1969
f 1845/3798/1855 1960/4056/1970 1902/3942/1912
f 1815/3838/1825 1919/3966/1929 1901/3923/1911
f 1938/4021/1948 1893/3988/1903 1950/4036/1960
f 1799/3693/1809 1927/3989/1937 1880/3866/1890
f 1667/3384/1677 1951/4057/1961 1910/3945/1920
f 1545/3067/1555 1961/4058/1971 1927/3989/1937
f 1800/3694/1810 1941/4024/1951 1962/4059/1972
f 1882/3872/1892 1800/3694/1810 1962/4059/1972
f 1896/3991/1906 1963/4060/1973 1928/3992/1938
f 1883/3993/1893 1928/3992/1938 1929/4061/1939
f 1787/3677/1797 1931/3998/1941 1820/3743/1830
f 1678/3409/1688 1802/3701/1812 1964/4062/1974
f 1897/4002/1907 1914/3950/1924 1933/4000/1943
f 1914/3950/1924 1898/3911/1908 1942/4026/1952
f 1915/3958/1925 1872/4003/1882 1873/4063/1883
f 1873/4064/1883 1872/3854/1882 1934/4065/1944
f 1934/4066/1944 1954/4046/1964 1824/3748/1834
f 1907/3938/1917 1965/4067/1975 1955/4047/1965
f 1874/4068/1884 1923/4069/1933 1956/4070/1966
f 1852/3808/1862 1966/4071/1976 1935/4027/1945
f 1967/4072/1977 1899/3917/1909 1876/3861/1886
f 1887/3887/1897 1968/4073/1978 1864/3836/1874
f 1782/4074/1792 1901/4075/1911 1947/4076/1957
f 1891/3965/1901 1969/4077/1979 1908/4078/1918
f 1901/3923/1911 1919/3966/1929 1970/4079/1980
f 1971/4080/1981 1866/3841/1876 1902/3924/1912
f 1770/4081/1780 1880/4082/1890 1949/4083/1959
f 1950/4084/1960 1926/4085/1936 1972/4086/1982
f 1972/4087/1982 1926/3987/1936 1921/3969/1931
f 1903/3925/1913 1973/4088/1983 1690/3441/1700
f 1930/4089/1940 1953/4044/1963 1858/3927/1868
f 1914/4090/1924 1942/4091/1952 1974/4092/1984
f 1935/4009/1945 1975/4093/1985 1876/4010/1886
f 1975/4093/1985 1976/4094/1986 1876/4010/1886
f 1907/3938/1917 1924/3976/1934 1965/4067/1975
f 1967/4072/1977 1925/3979/1935 1899/3917/1909
f 1877/3863/1887 1925/3979/1935 1924/3976/1934
f 1925/3979/1935 1943/4028/1953 1899/3917/1909
f 1813/4095/1823 1863/3920/1873 1827/3753/1837
f 1754/3586/1764 1957/4096/1967 1842/4097/1852
f 1887/3887/1897 1890/4098/1900 1968/4073/1978
f 1946/4032/1956 1977/4099/1987 1945/4053/1955
f 1946/4032/1956 1888/3888/1898 1977/4099/1987
f 1891/3965/1901 1909/4017/1919 1969/4077/1979
f 1901/4075/1911 1978/4100/1988 1947/4076/1957
f 1901/3923/1911 1970/4079/1980 1978/4101/1988
f 1866/3984/1876 1971/4102/1981 1847/3985/1857
f 1894/3896/1904 1961/4058/1971 1545/3067/1555
f 1882/3872/1892 1940/4023/1950 1895/3897/1905
f 1856/3822/1866 1913/3949/1923 1941/4024/1951
f 1836/3907/1846 1929/4025/1939 1931/4103/1941
f 1848/4104/1858 1953/4105/1963 1922/3997/1932
f 1775/3647/1785 1979/4106/1989 1750/3577/1760
f 1775/3647/1785 1933/4107/1943 1979/4106/1989
f 1906/3935/1916 1934/4065/1944 1872/3854/1882
f 1965/4067/1975 1967/4072/1977 1980/4108/1990
f 1976/4109/1986 1967/4072/1977 1876/3861/1886
f 1965/4067/1975 1924/3976/1934 1967/4072/1977
f 1924/3976/1934 1925/3979/1935 1967/4072/1977
f 1944/4110/1954 1981/4111/1991 1890/4098/1900
f 1888/3888/1898 1947/4033/1957 1977/4099/1987
f 1832/3983/1842 1892/4112/1902 1948/4034/1958
f 1689/3439/1699 1982/4113/1992 1865/3839/1875
f 1908/4114/1918 1969/4115/1979 1972/4086/1982
f 1919/3966/1929 1983/4116/1993 1970/4079/1980
f 1978/4101/1988 1970/4079/1980 1984/4117/1994
f 1920/3968/1930 1903/3925/1913 1601/3219/1611
f 1952/4043/1962 1820/4042/1830 1985/4118/1995
f 1964/4119/1974 1802/3744/1812 1986/4120/1996
f 1802/3744/1812 1711/3487/1721 1986/4120/1996
f 1987/4121/1997 1974/4092/1984 1942/4091/1952
f 1878/4050/1888 1853/3813/1863 1988/4122/1998
f 1863/3834/1873 1957/4096/1967 1754/3586/1764
f 1981/4111/1991 1968/4073/1978 1890/4098/1900
f 1968/4073/1978 1889/4123/1899 1864/3836/1874
f 1977/4124/1987 1947/4076/1957 1989/4125/1999
f 1960/4126/1970 1845/1084/1855 1948/4127/1958
f 1909/4128/1919 1938/4021/1948 1969/4129/1979
f 1959/4055/1969 1983/4116/1993 1919/3966/1929
f 1908/4130/1918 1972/4087/1982 1990/4131/2000
f 1978/4101/1988 1984/4117/1994 1991/4132/2001
f 1969/4129/1979 1938/4021/1948 1950/4036/1960
f 1950/4084/1960 1972/4086/1982 1969/4115/1979
f 1947/4076/1957 1978/4100/1988 1991/4133/2001
f 1921/3969/1931 1990/4131/2000 1972/4087/1982
f 1992/4134/2002 1921/3969/1931 1993/4135/2003
f 1582/3175/1592 1690/3441/1700 1973/4088/1983
f 1940/4136/1950 1963/4060/1973 1896/3991/1906
f 1912/3947/1922 1922/3997/1932 1953/4105/1963
f 1994/4137/2004 1810/3718/1820 1869/4045/1879
f 1914/3950/1924 1974/4138/1984 1933/4000/1943
f 1995/4139/2005 1905/4140/1915 1849/4141/1859
f 1905/4142/1915 1987/4121/1997 1942/4091/1952
f 1751/3580/1761 1851/3807/1861 1906/3935/1916
f 1923/3975/1933 1996/4143/2006 1956/4048/1966
f 1975/4144/1985 1935/4027/1945 1966/4071/1976
f 1956/4145/1966 1966/4071/1976 1852/3808/1862
f 1980/4108/1990 1967/4072/1977 1976/4109/1986
f 1997/4146/2007 1813/3722/1823 1812/4049/1822
f 1889/3890/1899 1998/4061/2008 1958/4052/1968
f 1981/4111/1991 1944/4110/1954 1999/4147/2009
f 1908/4130/1918 1990/4131/2000 1959/4148/1969
f 1689/3439/1699 1949/4035/1959 1982/4113/1992
f 1983/4149/1993 1984/4150/1994 1970/2241/1980
f 2000/4151/2010 1847/3985/1857 1971/4102/1981
f 1797/3691/1807 1847/3799/1857 2001/4152/2011
f 2002/4153/2012 1920/3968/1930 1798/3692/1808
f 1990/4131/2000 1921/3969/1931 1992/4134/2002
f 1582/3175/1592 2003/4154/2013 1868/3847/1878
f 1882/3872/1892 1962/4059/1972 2004/4155/2014
f 1912/3947/1922 1993/4135/2003 1921/3969/1931
f 1933/4107/1943 2005/4156/2015 1979/4106/1989
f 1906/3935/1916 2006/4157/2016 1934/4065/1944
f 1886/4007/1896 1955/4047/1965 2007/4158/2017
f 1863/3834/1873 2008/4159/2018 1957/4096/1967
f 1944/4029/1954 1945/4031/1955 1999/4160/2009
f 1854/3894/1864 2009/4161/2019 1892/3893/1902
f 1865/3839/1875 2009/4162/2019 1854/3818/1864
f 1991/4133/2001 2010/4163/2020 2011/4164/2021
f 1880/3866/1890 1927/3989/1937 2012/4165/2022
f 1951/4057/1961 2013/4166/2023 1910/3945/1920
f 1911/4167/1921 1868/4168/1878 1881/4169/1891
f 1940/4023/1950 1882/3872/1892 2014/4170/2024
f 1941/4024/1951 2015/4171/2025 1962/4059/1972
f 1993/4135/2003 1912/3947/1922 1953/4105/1963
f 1928/4172/1938 2016/4173/2026 1929/4174/1939
f 1678/3409/1688 1964/4062/1974 1869/3849/1879
f 1986/4120/1996 1711/3487/1721 1932/3999/1942
f 1906/3935/1916 1851/3807/1861 2006/4157/2016
f 1954/4046/1964 1996/4143/2006 1923/3975/1933
f 1965/4067/1975 1980/4108/1990 1955/4047/1965
f 1975/4093/1985 2017/4175/2027 1976/4094/1986
f 2017/4176/2027 1980/4108/1990 1976/4109/1986
f 1968/4073/1978 1998/4177/2008 1889/4123/1899
f 1999/4160/2009 1945/4031/1955 2018/4178/2028
f 1977/4099/1987 2018/4179/2028 1945/4053/1955
f 1977/4180/1987 1989/4181/1999 2018/4182/2028
f 1865/3839/1875 1982/4113/1992 2009/4162/2019
f 1937/4018/1947 1939/4020/1949 1846/3797/1856
f 1989/4125/1999 1947/4076/1957 2011/4164/2021
f 1984/4117/1994 2019/4183/2029 1991/4132/2001
f 1797/3691/1807 2002/4153/2012 1798/3692/1808
f 1991/4133/2001 2011/4164/2021 1947/4076/1957
f 2019/4184/2029 2010/4185/2020 1991/4186/2001
f 2011/4164/2021 2010/4163/2020 2020/4187/2030
f 2010/4185/2020 2019/4184/2029 2020/4188/2030
f 1582/3175/1592 1973/4088/1983 2003/4154/2013
f 1882/3872/1892 2004/4155/2014 2014/4170/2024
f 1928/3370/1938 1963/4189/1973 2016/4190/2026
f 1952/4191/1962 1953/4044/1963 1930/4089/1940
f 1952/4043/1962 1985/4118/1995 2021/4192/2031
f 1750/3577/1760 1979/4106/1989 1932/3999/1942
f 1905/3955/1915 1995/4193/2005 1987/4194/1997
f 1878/4050/1888 2022/4195/2032 1812/4196/1822
f 1878/4050/1888 1988/4122/1998 2022/4195/2032
f 1918/4197/1928 1958/4198/1968 1937/4199/1947
f 1902/3942/1912 1960/4056/1970 1971/4102/1981
f 1937/4018/1947 2023/4200/2033 1939/4020/1949
f 1847/3985/1857 2000/4151/2010 2001/4201/2011
f 2018/4182/2028 1989/4181/1999 2024/4202/2034
f 1984/4150/1994 1983/4149/1993 2025/4203/2035
f 2020/4204/2030 2024/4202/2034 2011/4205/2021
f 1990/4131/2000 1992/4134/2002 2026/4206/2036
f 2014/4207/2024 1963/4060/1973 1940/4136/1950
f 1993/4208/2003 1953/4044/1963 1952/4191/1962
f 1820/4042/1830 1931/4209/1941 1985/4118/1995
f 1933/4000/1943 1974/4138/1984 2027/4210/2037
f 1987/4194/1997 2027/4210/2037 1974/4138/1984
f 1934/4066/1944 2006/4211/2016 1954/4046/1964
f 1886/3974/1896 2007/4212/2017 1916/3960/1926
f 2007/4158/2017 1955/4047/1965 1980/4108/1990
f 1975/4144/1985 1966/4071/1976 2017/4213/2027
f 1968/4073/1978 2028/4214/2038 1998/4177/2008
f 1981/4111/1991 2028/4214/2038 1968/4073/1978
f 1960/4056/1970 2000/4151/2010 1971/4102/1981
f 1959/4148/1969 1990/4131/2000 2029/4215/2039
f 1984/4117/1994 2025/4216/2035 2019/4183/2029
f 1949/4083/1959 1880/4082/1890 2012/4217/2022
f 1951/4057/1961 2030/4218/2040 2013/4166/2023
f 2020/4219/2030 2014/4220/2024 2031/4221/2041
f 1910/3945/1920 2013/4166/2023 1894/3896/1904
f 2019/4184/2029 2014/4222/2024 2020/4188/2030
f 1993/4135/2003 1952/4043/1962 2021/4192/2031
f 1954/4046/1964 2032/4223/2042 1996/4143/2006
f 2007/4158/2017 1980/4108/1990 2017/4176/2027
f 2017/4213/2027 1966/4071/1976 2033/4224/2043
f 1812/4049/1822 2022/4225/2032 1997/4146/2007
f 1988/4122/1998 1853/3813/1863 1957/4051/1967
f 1813/4226/1823 2008/4227/2018 1863/442/1873
f 1937/4199/1947 1958/4198/1968 2023/4228/2033
f 2018/4182/2028 2024/4202/2034 2034/4229/2044
f 1989/4181/1999 2011/4205/2021 2024/4202/2034
f 2020/4219/2030 2031/4221/2041 2024/4230/2034
f 1951/4038/1961 1881/4037/1891 2035/4231/2045
f 2019/4232/2029 1963/4189/1973 2014/4233/2024
f 2036/4234/2046 2016/4190/2026 1963/4189/1973
f 1817/3738/1827 1855/3820/1865 1904/3926/1914
f 1992/4134/2002 1993/4135/2003 2037/4235/2047
f 2016/4173/2026 2038/4236/2048 1929/4174/1939
f 1810/4237/1820 2039/4238/2049 1774/4239/1784
f 1933/4000/1943 2027/4210/2037 2005/4240/2015
f 1995/4193/2005 2027/4210/2037 1987/4194/1997
f 1851/3807/1861 2040/4241/2050 2006/4157/2016
f 1851/3807/1861 1916/4242/1926 2040/4241/2050
f 2006/4211/2016 2032/4223/2042 1954/4046/1964
f 2007/4243/2017 2041/3023/2051 1916/4244/1926
f 2007/4245/2017 2033/4246/2043 2041/4247/2051
f 1956/4048/1966 1996/4143/2006 2042/4248/2052
f 1813/3722/1823 1997/4146/2007 2043/4249/2053
f 2044/4250/2054 2028/4214/2038 1981/4111/1991
f 1981/4111/1991 1999/4147/2009 2044/4250/2054
f 1892/4112/1902 2009/4162/2019 1948/4034/1958
f 2018/4251/2028 2034/4252/2044 1999/4253/2009
f 1983/4116/1993 1959/4055/1969 2029/4254/2039
f 1990/4131/2000 2026/4206/2036 2029/4215/2039
f 1992/4134/2002 2037/4235/2047 2026/4206/2036
f 1963/4189/1973 2019/4232/2029 2036/4234/2046
f 2045/4255/2055 1868/3847/1878 2003/4154/2013
f 2016/4173/2026 2036/4256/2046 2038/4236/2048
f 1985/4118/1995 2046/4257/2056 2047/4258/2057
f 1931/4209/1941 2046/4257/2056 1985/4118/1995
f 2039/4259/2049 1870/3908/1880 1774/3646/1784
f 1870/3851/1880 2048/4260/2058 1849/3852/1859
f 1849/4261/1859 2048/3994/2058 1995/4262/2005
f 1997/4263/2007 2022/4195/2032 1988/4122/1998
f 2043/4264/2053 2008/4227/2018 1813/4226/1823
f 2035/4231/2045 2030/4265/2040 1951/4038/1961
f 2025/4266/2035 2036/4234/2046 2019/4232/2029
f 2049/4267/2059 1881/4268/1891 1868/3847/1878
f 2050/4269/2060 1973/4088/1983 1903/3925/1913
f 2037/4235/2047 1993/4135/2003 2051/4270/2061
f 2051/4270/2061 1993/4135/2003 2021/4192/2031
f 2052/4271/2062 2027/4272/2037 1995/4273/2005
f 2007/4274/2017 2017/4213/2027 2033/4224/2043
f 2042/4275/2052 1966/4071/1976 1956/4145/1966
f 2042/4275/2052 2033/4224/2043 1966/4071/1976
f 2008/4276/2018 1988/4122/1998 1957/4051/1967
f 2053/4277/2063 1948/4034/1958 2009/4162/2019
f 1948/4034/1958 2053/4277/2063 1960/4278/1970
f 2054/4279/2064 2000/4151/2010 1960/4056/1970
f 2001/4152/2011 2002/4153/2012 1797/3691/1807
f 2029/4215/2039 2026/4206/2036 2055/4280/2065
f 1983/4149/1993 2056/4281/2066 2025/4203/2035
f 2057/4282/2067 2024/4230/2034 2031/4221/2041
f 2026/4206/2036 2037/4235/2047 2051/4270/2061
f 1869/3849/1879 1964/4062/1974 2058/4283/2068
f 2059/4284/2069 1979/4106/1989 2005/4156/2015
f 2048/4285/2058 2052/4286/2062 1995/4287/2005
f 2006/4288/2016 2040/4289/2050 2032/4290/2042
f 1997/4146/2007 1988/4291/1998 2043/4249/2053
f 2043/4249/2053 1988/4291/1998 2008/4292/2018
f 1982/4113/1992 2060/4293/2070 2009/4162/2019
f 1982/4113/1992 1949/4035/1959 2060/4293/2070
f 1983/4116/1993 2029/4254/2039 2056/4294/2066
f 2024/4230/2034 2057/4282/2067 2034/4252/2044
f 2026/4206/2036 2051/4270/2061 2055/4280/2065
f 1881/4037/1891 2049/4295/2059 2035/4231/2045
f 2014/4220/2024 2004/691/2014 2031/4221/2041
f 1903/3925/1913 2061/4296/2071 2050/4269/2060
f 2051/4297/2061 2021/4298/2031 2047/4299/2057
f 2036/4256/2046 2056/4281/2066 2038/4236/2048
f 2058/4283/2068 1994/4300/2004 1869/3849/1879
f 1979/4106/1989 2059/4284/2069 1932/3999/1942
f 2005/4240/2015 2027/4210/2037 2062/4301/2072
f 2040/4289/2050 1916/4302/1926 2041/4303/2051
f 2032/4223/2042 2042/4248/2052 1996/4143/2006
f 1958/4198/1968 1998/4177/2008 2023/4228/2033
f 1999/4253/2009 2034/4252/2044 2063/4304/2073
f 2025/4203/2035 2056/4281/2066 2036/4256/2046
f 1868/3847/1878 2045/4255/2055 2049/4267/2059
f 2015/4171/2025 2064/4305/2074 1962/4059/1972
f 1929/4025/1939 2046/4306/2056 1931/4103/1941
f 2040/4289/2050 2065/4307/2075 2032/4290/2042
f 2044/4250/2054 2066/4308/2076 2028/4214/2038
f 2053/4309/2063 2054/4310/2064 1960/4311/1970
f 1999/4147/2009 2063/4312/2073 2044/4250/2054
f 1949/4083/1959 2012/4217/2022 2067/4313/2077
f 2057/4282/2067 2031/4221/2041 2004/691/2014
f 2051/4297/2061 2047/4299/2057 2055/4314/2065
f 2021/4298/2031 1985/4315/1995 2047/4299/2057
f 2038/4316/2048 2046/4306/2056 1929/4025/1939
f 2065/4307/2075 2042/4317/2052 2032/4290/2042
f 2009/4162/2019 2060/4293/2070 2068/4318/2078
f 2060/4293/2070 1949/4035/1959 2067/4319/2077
f 2034/4252/2044 2057/4282/2067 2063/4304/2073
f 2002/4153/2012 2001/4152/2011 2069/4320/2079
f 2029/4254/2039 2070/4321/2080 2056/4294/2066
f 2055/4280/2065 2070/4322/2080 2029/4215/2039
f 1927/3989/1937 2071/4323/2081 2012/4165/2022
f 2062/4301/2072 2059/4324/2069 2005/4240/2015
f 2053/4277/2063 2009/4162/2019 2068/4318/2078
f 2044/4250/2054 2063/4312/2073 2066/4308/2076
f 2056/4325/2066 2070/4326/2080 2038/4316/2048
f 2013/4166/2023 2030/4218/2040 2072/4327/2082
f 1903/3925/1913 1920/3968/1930 2061/4296/2071
f 1894/3896/1904 2073/4328/2083 1961/4058/1971
f 2004/4155/2014 1962/4059/1972 2074/4329/2084
f 1973/4088/1983 2050/4269/2060 2075/4330/2085
f 2040/4289/2050 2041/4303/2051 2065/4307/2075
f 2065/4331/2075 2076/4332/2086 2042/2745/2052
f 2053/4277/2063 2068/4318/2078 2054/4333/2064
f 2054/4279/2064 2077/4334/2087 2000/4151/2010
f 2063/4335/2073 2057/4336/2067 2078/4337/2088
f 2012/4217/2022 2079/4338/2089 2067/4313/2077
f 2071/4323/2081 2079/4339/2089 2012/4165/2022
f 2047/4258/2057 2070/4322/2080 2055/4280/2065
f 1927/3989/1937 1961/4058/1971 2071/4323/2081
f 2003/4154/2013 2080/4340/2090 2045/4255/2055
f 2003/4154/2013 1973/4088/1983 2081/4341/2091
f 1973/4088/1983 2075/4330/2085 2081/4341/2091
f 2065/4342/2075 2041/4343/2051 2076/4344/2086
f 2041/4345/2051 2033/4346/2043 2076/4347/2086
f 2042/4348/2052 2076/4347/2086 2033/4346/2043
f 2066/4308/2076 2082/4349/2092 2028/4214/2038
f 2000/4151/2010 2077/4334/2087 2001/4201/2011
f 1998/4177/2008 2083/4350/2093 2023/4228/2033
f 2067/4313/2077 2079/4338/2089 2084/4351/2094
f 2038/4316/2048 2070/4326/2080 2047/4352/2057
f 2004/4353/2014 2074/4354/2084 2057/4336/2067
f 1894/3896/1904 2013/4166/2023 2073/4328/2083
f 2003/4154/2013 2081/4341/2091 2080/4340/2090
f 2038/4316/2048 2047/4352/2057 2046/4306/2056
f 1904/3948/1914 2085/4355/2095 1913/3949/1923
f 1913/3949/1923 2015/4171/2025 1941/4024/1951
f 1964/4062/1974 2086/4356/2096 2058/4283/2068
f 1998/4177/2008 2028/4214/2038 2082/4349/2092
f 2068/4318/2078 2077/4357/2087 2054/4333/2064
f 2068/4318/2078 2060/4293/2070 2087/4358/2097
f 2067/4319/2077 2087/4358/2097 2060/4293/2070
f 2030/4359/2040 2035/4360/2045 2072/4361/2082
f 1913/3949/1923 2085/4355/2095 2088/4362/2098
f 1913/3949/1923 2088/4362/2098 2015/4171/2025
f 1964/4119/1974 1986/4120/1996 2086/4363/2096
f 1994/4137/2004 2089/4364/2099 1810/3718/1820
f 2059/4284/2069 2090/4365/2100 1932/3999/1942
f 2068/4318/2078 2087/4358/2097 2077/4357/2087
f 2001/4366/2011 2077/2740/2087 2091/4367/2101
f 2013/4166/2023 2072/4327/2082 2092/4368/2102
f 2049/4369/2059 2045/4370/2055 2035/4360/2045
f 2013/4166/2023 2092/4368/2102 2073/4328/2083
f 1855/3820/1865 2093/4371/2103 1904/3926/1914
f 1962/4059/1972 2064/4305/2074 2094/4372/2104
f 1986/4120/1996 1932/3999/1942 2090/4365/2100
f 1810/4237/1820 2089/4373/2099 2039/4238/2049
f 2095/4374/2105 2052/4375/2062 2048/4376/2058
f 2052/4377/2062 2062/4301/2072 2027/4210/2037
f 2087/4358/2097 2091/4378/2101 2077/4357/2087
f 2087/4358/2097 2067/4319/2077 2084/4379/2094
f 2045/4370/2055 2072/4361/2082 2035/4360/2045
f 1962/4059/1972 2094/4372/2104 2074/4329/2084
f 1870/3851/1880 2039/4238/2049 2048/4260/2058
f 2001/4380/2011 2091/4381/2101 2069/4382/2079
f 1939/4020/1949 2096/4383/2106 1855/3820/1865
f 1855/3820/1865 2096/4383/2106 2093/4371/2103
f 1920/3968/1930 2002/4153/2012 2097/4384/2107
f 2045/4370/2055 2092/4385/2102 2072/4361/2082
f 2045/4370/2055 2080/4386/2090 2092/4385/2102
f 2050/4269/2060 2098/4387/2108 2075/4330/2085
f 2099/4388/2109 2081/4341/2091 2075/4330/2085
f 2069/4320/2079 2100/4389/2110 2002/4153/2012
f 2101/4390/2111 2057/4336/2067 2074/4354/2084
f 2102/4391/2112 1961/4058/1971 2073/4328/2083
f 2098/4387/2108 2099/4388/2109 2075/4330/2085
f 2063/4312/2073 2103/4392/2113 2066/4308/2076
f 2087/4358/2097 2084/4379/2094 2091/4378/2101
f 2057/4336/2067 2101/4390/2111 2078/4337/2088
f 2092/4368/2102 2104/4393/2114 2073/4328/2083
f 1998/4177/2008 2082/4349/2092 2083/4350/2093
f 1904/3926/1914 2093/4371/2103 2105/4394/2115
f 2061/4296/2071 2106/4395/2116 2050/4269/2060
f 1986/4120/1996 2090/4365/2100 2086/4363/2096
f 2095/4374/2105 2048/4376/2058 2107/4396/2117
f 2082/4349/2092 2066/4308/2076 2108/4397/2118
f 2084/4379/2094 2109/4398/2119 2091/4378/2101
f 1939/4020/1949 2023/4200/2033 2096/4383/2106
f 2079/4338/2089 2110/4399/2120 2084/4351/2094
f 2079/4339/2089 2071/4323/2081 2111/4400/2121
f 2071/4323/2081 2112/4401/2122 2111/4400/2121
f 2100/4402/2110 2097/4403/2107 2002/4404/2012
f 2071/4323/2081 1961/4058/1971 2112/4401/2122
f 2061/4296/2071 1920/3968/1930 2097/4384/2107
f 2061/4296/2071 2097/4384/2107 2106/4395/2116
f 2113/4405/2123 2099/4388/2109 2098/4387/2108
f 1994/4300/2004 2114/4406/2124 2089/4407/2099
f 2052/4375/2062 2115/4408/2125 2062/4409/2072
f 2063/4335/2073 2078/4337/2088 2103/4410/2113
f 2084/4379/2094 2110/4411/2120 2109/4398/2119
f 2102/4391/2112 2112/4401/2122 1961/4058/1971
f 2092/4412/2102 2116/4413/2126 2104/4414/2114
f 2080/4340/2090 2116/4413/2126 2092/4412/2102
f 1904/3948/1914 2105/4415/2115 2085/4355/2095
f 2059/4284/2069 2117/4416/2127 2090/4365/2100
f 2059/4284/2069 2062/4417/2072 2115/4418/2125
f 2048/4376/2058 2118/4419/2128 2107/4396/2117
f 2103/4392/2113 2108/4397/2118 2066/4308/2076
f 2091/4381/2101 2109/4420/2119 2069/4382/2079
f 2079/4339/2089 2111/4400/2121 2110/4411/2120
f 2050/4269/2060 2106/4395/2116 2098/4387/2108
f 2039/4238/2049 2118/4421/2128 2048/4260/2058
f 2052/4375/2062 2095/4374/2105 2115/4408/2125
f 2109/4422/2119 2100/4423/2110 2069/4424/2079
f 2023/4200/2033 2119/4425/2129 2096/4383/2106
f 2098/4387/2108 2106/4395/2116 2120/4426/2130
f 2083/4350/2093 2082/4349/2092 2121/4427/2131
f 2103/4428/2113 2078/4429/2088 2101/4430/2111
f 2113/4405/2123 2122/4431/2132 2099/4388/2109
f 2120/4426/2130 2113/4405/2123 2098/4387/2108
f 1994/4300/2004 2058/4283/2068 2114/4406/2124
f 2109/4422/2119 2110/4432/2120 2100/4423/2110
f 2120/4433/2130 2123/3787/2133 2113/4434/2123
f 2124/4435/2134 2115/4408/2125 2095/4374/2105
f 2074/4436/2084 2094/4437/2104 2101/4430/2111
f 2080/4340/2090 2081/4341/2091 2116/4413/2126
f 2125/4438/2135 2094/4372/2104 2064/4305/2074
f 2099/4388/2109 2122/4431/2132 2081/4341/2091
f 2015/4171/2025 2088/4362/2098 2126/4439/2136
f 2117/4416/2127 2059/4284/2069 2115/4418/2125
f 2095/4374/2105 2107/4396/2117 2124/4435/2134
f 2083/4350/2093 2119/4440/2129 2023/4228/2033
f 2097/4403/2107 2100/4402/2110 2127/4441/2137
f 2015/4171/2025 2126/4439/2136 2064/4305/2074
f 2114/4442/2124 2039/4238/2049 2089/4373/2099
f 2102/4391/2112 2073/4328/2083 2128/4443/2138
f 2081/4341/2091 2122/4431/2132 2116/4413/2126
f 2120/4426/2130 2129/4444/2139 2123/4445/2133
f 2123/4445/2133 2129/4444/2139 2130/4446/2140
f 2086/4363/2096 2090/4365/2100 2131/4447/2141
f 2115/4448/2125 2124/4449/2134 2117/4450/2127
f 2107/4396/2117 2118/4419/2128 2132/4451/2142
f 2103/4428/2113 2101/4430/2111 2133/4452/2143
f 2100/4423/2110 2110/4432/2120 2127/4453/2137
f 2113/4454/2123 2123/4455/2133 2134/4456/2144
f 2134/4456/2144 2123/4455/2133 2130/4457/2140
f 2130/4457/2140 2135/4458/2145 2136/4459/2146
f 2135/4460/2145 2130/4446/2140 2137/4461/2147
f 2107/4396/2117 2138/4462/2148 2124/4435/2134
f 2082/4349/2092 2108/4397/2118 2121/4427/2131
f 2112/4401/2122 2139/4463/2149 2111/4400/2121
f 2097/4403/2107 2127/4441/2137 2140/4464/2150
f 2097/4403/2107 2140/4464/2150 2106/4465/2116
f 2136/4459/2146 2134/4456/2144 2130/4457/2140
f 2129/4444/2139 2137/4461/2147 2130/4446/2140
f 2135/4458/2145 2141/4466/2151 2136/4459/2146
f 2117/4416/2127 2142/4467/2152 2090/4365/2100
f 2102/4391/2112 2139/4463/2149 2112/4401/2122
f 2104/4393/2114 2128/4443/2138 2073/4328/2083
f 2116/4468/2126 2122/4469/2132 2104/4470/2114
f 2120/4426/2130 2106/4395/2116 2143/4471/2153
f 2120/4426/2130 2143/4471/2153 2129/4444/2139
f 2135/4460/2145 2137/4461/2147 2141/4472/2151
f 2114/4442/2124 2144/4473/2154 2039/4238/2049
f 2107/4396/2117 2132/4451/2142 2138/4462/2148
f 2113/4405/2123 2134/4474/2144 2122/4431/2132
f 2086/4356/2096 2131/4475/2141 2058/4283/2068
f 2058/4283/2068 2145/4476/2155 2114/4406/2124
f 2039/4238/2049 2146/4477/2156 2118/4421/2128
f 2110/4432/2120 2111/4478/2121 2127/4453/2137
f 2111/4400/2121 2140/4479/2150 2127/4480/2137
f 2096/4383/2106 2147/4481/2157 2093/4371/2103
f 2128/4443/2138 2148/4482/2158 2102/4391/2112
f 2122/4469/2132 2149/4483/2159 2104/4470/2114
f 2088/4362/2098 2150/4484/2160 2126/4439/2136
f 2131/4447/2141 2090/4365/2100 2142/4467/2152
f 2145/4485/2155 2144/4473/2154 2114/4442/2124
f 2144/4473/2154 2146/4477/2156 2039/4238/2049
f 2103/4428/2113 2133/4452/2143 2108/4486/2118
f 2151/4487/2161 2119/4440/2129 2083/4350/2093
f 2140/4479/2150 2111/4400/2121 2139/4463/2149
f 2101/4430/2111 2094/4437/2104 2152/4488/2162
f 2149/4483/2159 2122/4469/2132 2134/4456/2144
f 2150/4484/2160 2088/4362/2098 2153/4489/2163
f 2119/4425/2129 2147/4481/2157 2096/4383/2106
f 2094/4437/2104 2125/4490/2135 2152/4488/2162
f 2104/4393/2114 2149/4491/2159 2128/4443/2138
f 2102/4391/2112 2148/4482/2158 2139/4463/2149
f 2108/4397/2118 2154/4492/2164 2121/4427/2131
f 2151/4487/2161 2083/4350/2093 2121/4427/2131
f 2140/4464/2150 2155/4493/2165 2106/4465/2116
f 2106/4465/2116 2155/4493/2165 2143/4494/2153
f 2126/4439/2136 2125/4438/2135 2064/4305/2074
f 2088/4362/2098 2085/4355/2095 2153/4489/2163
f 2129/4495/2139 2156/4496/2166 2137/4497/2147
f 2136/4459/2146 2141/4466/2151 2157/4498/2167
f 2146/4477/2156 2132/4499/2142 2118/4421/2128
f 2108/4486/2118 2133/4452/2143 2158/4500/2168
f 2139/4463/2149 2155/4501/2165 2140/4479/2150
f 2134/4456/2144 2136/4459/2146 2157/4498/2167
f 2105/4394/2115 2153/4502/2163 2085/4503/2095
f 2129/4495/2139 2143/4504/2153 2156/4496/2166
f 2101/4430/2111 2152/4488/2162 2133/4452/2143
f 2147/4481/2157 2159/4505/2169 2093/4371/2103
f 2149/4483/2159 2134/4456/2144 2157/4498/2167
f 2141/4506/2151 2160/4507/2170 2157/4508/2167
f 2058/4283/2068 2131/4475/2141 2161/4509/2171
f 2154/4510/2164 2108/4486/2118 2158/4500/2168
f 2139/4463/2149 2148/4482/2158 2155/4501/2165
f 2105/4394/2115 2093/4371/2103 2162/4511/2172
f 2157/4498/2167 2163/4512/2173 2149/4483/2159
f 2164/4513/2174 2156/4496/2166 2143/4504/2153
f 2160/4507/2170 2137/4497/2147 2156/4496/2166
f 2137/4497/2147 2160/4507/2170 2141/4506/2151
f 2125/4490/2135 2165/4514/2175 2152/4488/2162
f 2148/4482/2158 2164/4515/2174 2155/4501/2165
f 2164/4513/2174 2143/4504/2153 2155/4516/2165
f 2128/4517/2138 2164/4513/2174 2148/4518/2158
f 2149/4491/2159 2163/4519/2173 2128/4443/2138
f 2093/4371/2103 2159/4505/2169 2162/4511/2172
f 2126/4439/2136 2150/4484/2160 2125/4438/2135
f 2153/4489/2163 2166/4520/2176 2150/4484/2160
f 2142/4521/2152 2167/4522/2177 2131/4523/2141
f 2117/4450/2127 2124/4449/2134 2168/4524/2178
f 2160/4507/2170 2163/4525/2173 2157/4508/2167
f 2105/4394/2115 2162/4511/2172 2153/4502/2163
f 2150/4484/2160 2169/4526/2179 2125/4438/2135
f 2153/4489/2163 2170/4527/2180 2166/4520/2176
f 2142/4521/2152 2117/4450/2127 2167/4522/2177
f 2138/4528/2148 2168/4524/2178 2124/4449/2134
f 2128/4517/2138 2163/4525/2173 2164/4513/2174
f 2156/4496/2166 2164/4513/2174 2163/4525/2173
f 2163/4525/2173 2160/4507/2170 2156/4496/2166
f 2117/4450/2127 2168/4524/2178 2167/4522/2177
f 2162/4511/2172 2170/4529/2180 2153/4502/2163
f 2121/4427/2131 2154/4492/2164 2171/4530/2181
f 2172/4531/2182 2166/4520/2176 2170/4527/2180
f 2145/4476/2155 2058/4283/2068 2161/4509/2171
f 2173/4532/2183 2147/4481/2157 2119/4425/2129
f 2150/4484/2160 2166/4520/2176 2174/4533/2184
f 2133/4452/2143 2152/4488/2162 2175/4534/2185
f 2150/4535/2160 2174/4536/2184 2169/4537/2179
f 2166/4520/2176 2176/4538/2186 2174/4533/2184
f 2158/4500/2168 2175/4534/2185 2154/4510/2164
f 2158/4500/2168 2133/4452/2143 2175/4534/2185
f 2170/4529/2180 2162/4511/2172 2172/4539/2182
f 2144/4473/2154 2177/4540/2187 2146/4477/2156
f 2146/4541/2156 2177/4542/2187 2132/4543/2142
f 2132/4543/2142 2177/4542/2187 2138/4528/2148
f 2162/4511/2172 2159/4505/2169 2178/4544/2188
f 2131/4475/2141 2167/4545/2177 2161/4509/2171
f 2168/4524/2178 2138/4528/2148 2179/4546/2189
f 2121/4427/2131 2171/4530/2181 2151/4487/2161
f 2119/4440/2129 2151/4487/2161 2173/4547/2183
f 2172/4531/2182 2180/4548/2190 2166/4520/2176
f 2161/4509/2171 2179/4549/2189 2145/4476/2155
f 2167/4522/2177 2168/4524/2178 2179/4546/2189
f 2138/4528/2148 2177/4542/2187 2179/4546/2189
f 2181/4550/2191 2178/4551/2188 2159/4552/2169
f 2161/4509/2171 2167/4545/2177 2179/4549/2189
f 2145/4485/2155 2177/4540/2187 2144/4473/2154
f 2145/4485/2155 2179/4553/2189 2177/4540/2187
f 2165/4514/2175 2125/4490/2135 2169/4554/2179
f 2159/4505/2169 2182/4555/2192 2181/4556/2191
f 2178/4544/2188 2172/4539/2182 2162/4511/2172
f 2180/4548/2190 2176/4538/2186 2166/4520/2176
f 2147/4481/2157 2182/4555/2192 2159/4505/2169
f 2147/4481/2157 2173/4532/2183 2182/4555/2192
f 2152/4488/2162 2165/4514/2175 2175/4534/2185
f 2169/4537/2179 2183/4557/2193 2165/4558/2175
f 2169/4537/2179 2174/4536/2184 2183/4557/2193
f 2180/4548/2190 2172/4531/2182 2184/4559/2194
f 2154/4510/2164 2175/4534/2185 2185/4560/2195
f 2181/4561/2191 2182/4562/2192 2178/4563/2188
f 2174/4536/2184 2176/4564/2186 2186/4565/2196
f 2171/4530/2181 2154/4492/2164 2185/4566/2195
f 2175/4534/2185 2165/4514/2175 2187/4567/2197
f 2185/4566/2195 2175/4568/2185 2187/4569/2197
f 2172/4539/2182 2178/4544/2188 2188/4570/2198
f 2180/4548/2190 2189/4571/2199 2176/4538/2186
f 2171/4530/2181 2190/4572/2200 2151/4487/2161
f 2151/4487/2161 2190/4572/2200 2173/4547/2183
f 2165/4514/2175 2183/4573/2193 2187/4567/2197
f 2182/4555/2192 2191/4574/2201 2178/4544/2188
f 2174/4536/2184 2186/4565/2196 2183/4557/2193
f 2171/4530/2181 2185/4566/2195 2190/4572/2200
f 2186/4565/2196 2192/4575/2202 2183/4557/2193
f 2188/4576/2198 2184/4559/2194 2172/4531/2182
f 2186/4565/2196 2176/4564/2186 2192/4575/2202
f 2184/4559/2194 2193/4577/2203 2180/4548/2190
f 2173/4547/2183 2194/4578/2204 2182/4579/2192
f 2178/4544/2188 2191/4574/2201 2188/4570/2198
f 2187/4580/2197 2183/4581/2193 2195/4582/2205
f 2190/4572/2200 2194/4578/2204 2173/4547/2183
f 2182/4579/2192 2194/4578/2204 2196/4583/2206
f 2195/4584/2205 2183/1472/2193 2197/4585/2207
f 2183/4557/2193 2198/4586/2208 2197/4587/2207
f 2182/4555/2192 2196/4588/2206 2191/4574/2201
f 2183/4557/2193 2192/4575/2202 2198/4586/2208
f 2188/4570/2198 2199/4589/2209 2184/4590/2194
f 2192/4591/2202 2176/4538/2186 2189/4571/2199
f 2180/4548/2190 2193/4577/2203 2189/4571/2199
f 2185/4566/2195 2200/4592/2210 2190/4572/2200
f 2185/4566/2195 2195/4593/2205 2200/4592/2210
f 2187/4569/2197 2195/4593/2205 2185/4566/2195
f 2192/4575/2202 2201/4594/2211 2198/4586/2208
f 2199/4589/2209 2193/4595/2203 2184/4590/2194
f 2202/4596/2212 2189/4571/2199 2193/4577/2203
f 2194/4578/2204 2190/4572/2200 2200/4592/2210
f 2188/4570/2198 2191/4574/2201 2199/4589/2209
f 2192/4591/2202 2189/4571/2199 2203/4597/2213
f 2195/4584/2205 2204/4598/2214 2200/4599/2210
f 2195/4584/2205 2197/4585/2207 2204/4598/2214
f 2194/4578/2204 2200/4592/2210 2196/4583/2206
f 2197/4600/2207 2205/4601/2215 2204/4602/2214
f 2206/4603/2216 2191/4574/2201 2196/4588/2206
f 2197/4600/2207 2198/4604/2208 2205/4601/2215
f 2207/4605/2217 2202/4596/2212 2193/4577/2203
f 2200/4592/2210 2208/4606/2218 2196/4583/2206
f 2200/4599/2210 2204/4598/2214 2208/4607/2218
f 2191/4574/2201 2206/4603/2216 2199/4589/2209
f 2192/4575/2202 2203/4608/2213 2201/4594/2211
f 2199/4609/2209 2209/4610/2219 2193/4611/2203
f 2193/4612/2203 2210/4613/2220 2207/4614/2217
f 2196/4615/2206 2211/4616/2221 2206/4617/2216
f 2208/4607/2218 2204/4598/2214 2212/4618/2222
f 2189/4571/2199 2213/4619/2223 2203/4597/2213
f 2202/4596/2212 2214/4620/2224 2189/4571/2199
f 2209/4621/2219 2210/4613/2220 2193/4612/2203
f 2207/4605/2217 2215/4622/2225 2202/4596/2212
f 2196/4583/2206 2208/4606/2218 2211/4623/2221
f 2204/4602/2214 2205/4601/2215 2212/4624/2222
f 2214/4620/2224 2213/4619/2223 2189/4571/2199
f 2205/4601/2215 2198/4604/2208 2216/4625/2226
f 2206/4603/2216 2217/4626/2227 2199/4589/2209
f 2209/4621/2219 2218/4627/2228 2210/4613/2220
f 2201/4628/2211 2216/4625/2226 2198/4604/2208
f 2202/4596/2212 2219/4629/2229 2214/4620/2224
f 2212/4630/2222 2205/4631/2215 2220/4632/2230
f 2210/4613/2220 2218/4627/2228 2221/4633/2231
f 2203/4608/2213 2222/4634/2232 2201/4594/2211
f 2203/4597/2213 2213/4619/2223 2222/4635/2232
f 2212/4630/2222 2220/4632/2230 2223/4636/2233
f 2214/4637/2224 2219/4638/2229 2224/4639/2234
f 2219/4640/2229 2202/1458/2212 2215/4641/2225
f 2207/4605/2217 2225/4642/2235 2215/4622/2225
f 2208/4606/2218 2226/4643/2236 2211/4623/2221
f 2216/4644/2226 2220/4645/2230 2205/4646/2215
f 2199/4647/2209 2217/4648/2227 2209/4649/2219
f 2210/4613/2220 2225/4650/2235 2207/4614/2217
f 2212/4651/2222 2223/4652/2233 2227/4653/2237
f 2228/4654/2238 2217/4626/2227 2206/4603/2216
f 2222/4634/2232 2229/4655/2239 2201/4594/2211
f 2221/4633/2231 2225/4650/2235 2210/4613/2220
f 2212/4651/2222 2226/4656/2236 2208/4657/2218
f 2213/4619/2223 2230/4658/2240 2222/4635/2232
f 2211/4616/2221 2228/4659/2238 2206/4617/2216
f 2212/4651/2222 2227/4653/2237 2226/4656/2236
f 2216/4644/2226 2231/3993/2241 2220/4645/2230
f 2223/4636/2233 2220/4632/2230 2224/4639/2234
f 2220/4632/2230 2214/4637/2224 2224/4639/2234
f 2213/4660/2223 2231/4661/2241 2230/4662/2240
f 2214/4637/2224 2220/4632/2230 2231/4663/2241
f 2214/4620/2224 2231/4664/2241 2213/4619/2223
f 2211/4623/2221 2226/4643/2236 2232/4665/2242
f 2218/4627/2228 2209/4621/2219 2233/4666/2243
f 2221/4633/2231 2234/4667/2244 2225/4650/2235
f 2235/4668/2245 2219/4640/2229 2215/4641/2225
f 2225/4642/2235 2235/4669/2245 2215/4622/2225
f 2216/4625/2226 2201/4628/2211 2229/4670/2239
f 2217/4626/2227 2236/4671/2246 2209/4672/2219
f 2222/4634/2232 2237/4673/2247 2229/4655/2239
f 2218/4674/2228 2238/4675/2248 2221/2757/2231
f 2228/4659/2238 2211/4616/2221 2232/4676/2242
f 2229/4670/2239 2231/4677/2241 2216/4625/2226
f 2239/4678/2249 2240/4679/2250 2209/4672/2219
f 2209/4680/2219 2240/4681/2250 2233/4682/2243
f 2223/4636/2233 2224/4639/2234 2238/4683/2248
f 2238/4683/2248 2224/4639/2234 2221/4684/2231
f 2235/4669/2245 2225/4642/2235 2241/4685/2251
f 2229/4670/2239 2242/4686/2252 2231/4677/2241
f 2209/4672/2219 2236/4671/2246 2239/4678/2249
f 2223/4652/2233 2243/4687/2253 2244/4688/2254
f 2218/4627/2228 2233/4666/2243 2245/4689/2255
f 2218/4690/2228 2245/4691/2255 2238/4692/2248
f 2224/4693/2234 2246/4694/2256 2221/4695/2231
f 2246/4694/2256 2234/4696/2244 2221/4695/2231
f 2225/4650/2235 2234/4667/2244 2241/4697/2251
f 2228/4654/2238 2236/4671/2246 2217/4626/2227
f 2223/4652/2233 2244/4688/2254 2227/4653/2237
f 2219/4640/2229 2247/4698/2257 2224/4699/2234
f 2226/4656/2236 2227/4653/2237 2248/4700/2258
f 2222/4635/2232 2230/4658/2240 2237/4701/2247
f 2223/4652/2233 2238/4702/2248 2243/4687/2253
f 2219/4640/2229 2235/4668/2245 2247/4698/2257
f 2226/4656/2236 2248/4700/2258 2249/4703/2259
f 2238/4704/2248 2245/4689/2255 2250/4705/2260
f 2242/4706/2252 2230/4662/2240 2231/4661/2241
f 2243/4687/2253 2238/4702/2248 2251/4707/2261
f 2252/4708/2262 2241/4697/2251 2234/4667/2244
f 2249/4709/2259 2232/4665/2242 2226/4643/2236
f 2253/4710/2263 2227/4653/2237 2244/4688/2254
f 2235/4669/2245 2241/4685/2251 2254/4711/2264
f 2224/2943/2234 2247/4712/2257 2246/4713/2256
f 2247/4698/2257 2235/4668/2245 2254/4714/2264
f 2229/4715/2239 2237/4716/2247 2242/4717/2252
f 2255/4718/2265 2244/4688/2254 2243/4687/2253
f 2233/4666/2243 2256/4719/2266 2245/4689/2255
f 2245/4689/2255 2257/4720/2267 2250/4705/2260
f 2233/4682/2243 2240/4681/2250 2256/4721/2266
f 2245/4689/2255 2256/4719/2266 2257/4720/2267
f 2250/4722/2260 2251/4723/2261 2238/4724/2248
f 2234/4696/2244 2246/4694/2256 2252/4725/2262
f 2228/4659/2238 2258/4726/2268 2236/4727/2246
f 2236/4671/2246 2259/4728/2269 2239/4678/2249
f 2243/4687/2253 2260/4729/2270 2255/4718/2265
f 2230/4730/2240 2242/4717/2252 2237/4716/2247
f 2248/4700/2258 2261/4731/2271 2249/4703/2259
f 2227/4732/2237 2253/4733/2263 2248/4734/2258
f 2244/4688/2254 2255/4718/2265 2253/4710/2263
f 2254/4714/2264 2262/4735/2272 2247/4698/2257
f 2232/4676/2242 2258/4726/2268 2228/4659/2238
f 2239/4736/2249 2263/4737/2273 2240/4738/2250
f 2263/4737/2273 2264/4739/2274 2240/4738/2250
f 2243/4740/2253 2265/4741/2275 2260/4742/2270
f 2262/4743/2272 2254/2662/2264 2266/4744/2276
f 2256/4745/2266 2267/4746/2277 2257/1940/2267
f 2250/4722/2260 2257/4747/2267 2251/4723/2261
f 2261/4748/2271 2268/4749/2278 2249/4709/2259
f 2249/4709/2259 2268/4749/2278 2232/4665/2242
f 2232/4676/2242 2269/4750/2279 2258/4726/2268
f 2258/4726/2268 2270/4751/2280 2236/4727/2246
f 2255/4718/2265 2271/4752/2281 2253/4710/2263
f 2272/4753/2282 2263/4754/2273 2239/4755/2249
f 2255/4718/2265 2260/4729/2270 2271/4752/2281
f 2240/4681/2250 2264/4756/2274 2256/4721/2266
f 2256/4757/2266 2264/4758/2274 2267/4759/2277
f 2241/4685/2251 2266/4760/2276 2254/4711/2264
f 2261/4731/2271 2248/4700/2258 2273/4761/2283
f 2270/4751/2280 2259/4762/2269 2236/4727/2246
f 2239/4763/2249 2259/4764/2269 2272/4765/2282
f 2243/4740/2253 2251/4766/2261 2265/4741/2275
f 2264/4767/2274 2265/4741/2275 2267/4768/2277
f 2241/4685/2251 2252/4769/2262 2266/4760/2276
f 2261/4731/2271 2273/4761/2283 2274/4770/2284
f 2275/4771/2285 2252/4725/2262 2246/4694/2256
f 2246/4713/2256 2247/4712/2257 2275/4772/2285
f 2262/4773/2272 2275/4772/2285 2247/4712/2257
f 2252/4725/2262 2275/4771/2285 2266/4774/2276
f 2248/4700/2258 2253/4710/2263 2273/4761/2283
f 2253/4710/2263 2271/4752/2281 2276/4775/2286
f 2265/4741/2275 2251/4766/2261 2267/4768/2277
f 2257/4776/2267 2267/4768/2277 2251/4766/2261
f 2253/4710/2263 2277/4777/2287 2273/4761/2283
f 2253/4710/2263 2276/4775/2286 2277/4777/2287
f 2259/4762/2269 2278/4778/2288 2272/4779/2282
f 2265/4780/2275 2279/4781/2289 2260/4782/2270
f 2265/4780/2275 2280/4783/2290 2279/4781/2289
f 2262/4743/2272 2266/4744/2276 2275/4784/2285
f 2274/4770/2284 2268/4785/2278 2261/4731/2271
f 2269/4750/2279 2270/4751/2280 2258/4726/2268
f 2271/4786/2281 2260/4611/2270 2281/4787/2291
f 2264/1503/2274 2280/4788/2290 2265/4789/2275
f 2232/4665/2242 2268/4749/2278 2269/4790/2279
f 2263/4737/2273 2282/4791/2292 2264/4739/2274
f 2270/4751/2280 2283/4792/2293 2259/4762/2269
f 2271/4752/2281 2284/4793/2294 2276/4775/2286
f 2259/4762/2269 2283/4792/2293 2278/4778/2288
f 2281/4794/2291 2284/4793/2294 2271/4752/2281
f 2264/1503/2274 2282/4795/2292 2280/4788/2290
f 2278/4778/2288 2285/4796/2295 2272/4779/2282
f 2272/4753/2282 2285/4797/2295 2263/4754/2273
f 2260/4611/2270 2279/4798/2289 2281/4787/2291
f 2273/4761/2283 2277/4777/2287 2286/4799/2296
f 2268/4800/2278 2274/4801/2284 2269/4802/2279
f 2269/4802/2279 2286/4803/2296 2270/4804/2280
f 2277/4777/2287 2276/4775/2286 2287/4805/2297
f 2276/4806/2286 2284/4807/2294 2287/4808/2297
f 2274/4801/2284 2286/4803/2296 2269/4802/2279
f 2286/4799/2296 2274/4770/2284 2273/4761/2283
f 2277/4777/2287 2287/4805/2297 2288/4809/2298
f 2286/4810/2296 2283/4811/2293 2270/4812/2280
f 2286/4810/2296 2277/4813/2287 2288/4814/2298
f 2283/4811/2293 2286/4810/2296 2288/4814/2298
f 2279/4815/2289 2285/4796/2295 2289/4816/2299
f 2279/4798/2289 2289/4817/2299 2281/4787/2291
f 2280/4783/2290 2290/4818/2300 2279/4781/2289
f 2282/4795/2292 2290/4819/2300 2280/4788/2290
f 2288/4820/2298 2278/4821/2288 2283/4822/2293
f 2285/4797/2295 2290/4823/2300 2263/4754/2273
f 2279/4824/2289 2290/3360/2300 2285/4825/2295
f 2287/4826/2297 2278/4821/2288 2288/4820/2298
f 2278/4778/2288 2289/4816/2299 2285/4796/2295
f 2284/4793/2294 2281/4794/2291 2291/4827/2301
f 2281/4787/2291 2289/4817/2299 2291/4828/2301
f 2290/4829/2300 2282/4791/2292 2263/4737/2273
f 2284/4807/2294 2291/3970/2301 2287/4808/2297
f 2278/4778/2288 2287/4830/2297 2289/4816/2299
f 2287/4830/2297 2291/4831/2301 2289/4816/2299
