# Blender 4.4.0
# www.blender.org
mtllib Boxing_Challenger_in__1108003843_texture.mtl
o Boxing_Challenger_in__1108003843_texture
v -0.706409 -0.565782 -0.962161
v -0.702389 -0.553576 -0.952186
v -0.698005 -0.577227 -0.969778
v -0.722976 -0.617985 -0.929563
v -0.716016 -0.580970 -0.956962
v -0.680333 -0.598178 -0.962339
v -0.693748 -0.568401 -0.962070
v -0.657253 -0.569962 -0.928510
v -0.662943 -0.617752 -0.950176
v -0.645368 -0.630323 -0.932614
v -0.648342 -0.637004 -0.933773
v -0.752609 -0.582258 -0.917707
v -0.694821 -0.644048 -0.918853
v -0.756239 -0.607011 -0.919739
v -0.729592 -0.551963 -0.921309
v -0.643641 -0.645864 -0.922838
v -0.640883 -0.588400 -0.912929
v -0.656007 -0.519336 -0.882554
v -0.700842 -0.536463 -0.925083
v -0.668999 -0.664537 -0.905434
v -0.727249 -0.530152 -0.888023
v -0.639063 -0.619730 -0.904408
v -0.804179 -0.597354 -0.862714
v -0.640953 -0.539365 -0.888393
v -0.696878 -0.701014 -0.868199
v -0.661487 -0.667827 -0.896710
v -0.765204 -0.643284 -0.895671
v -0.741535 -0.704749 -0.854995
v -0.630047 -0.580516 -0.881542
v -0.683675 -0.691491 -0.876359
v -0.807919 -0.638445 -0.880017
v -0.805976 -0.620025 -0.877668
v -0.633643 -0.539484 -0.878268
v -0.693271 -0.509538 -0.873114
v -0.814708 -0.689614 -0.848244
v -0.634839 -0.590616 -0.847181
v -0.801174 -0.575305 -0.836917
v -0.848419 -0.671272 -0.848627
v -0.747090 -0.523105 -0.834819
v -0.633342 -0.496709 -0.844116
v -0.652211 -0.501950 -0.862009
v -0.623885 -0.530659 -0.844274
v -0.671551 -0.472112 -0.818083
v -0.690164 -0.691713 -0.851336
v -0.847629 -0.647753 -0.843786
v -0.716798 -0.723642 -0.840210
v -0.798850 -0.734688 -0.818613
v -0.622639 -0.494255 -0.825982
v -0.631757 -0.462545 -0.819032
v -0.688269 -0.648040 -0.790894
v -0.852089 -0.618305 -0.800689
v -0.625415 -0.546399 -0.811598
v -0.703513 -0.479517 -0.806258
v -0.737060 -0.743322 -0.821002
v -0.663706 -0.603361 -0.781586
v -0.891483 -0.664035 -0.792053
v -0.734373 -0.741716 -0.814924
v -0.885612 -0.695306 -0.822382
v -0.617225 -0.463124 -0.812244
v -0.902920 -0.737680 -0.796130
v -0.617382 -0.521887 -0.808993
v -0.915245 -0.722466 -0.798030
v -0.644201 -0.576435 -0.786340
v -0.850810 -0.766930 -0.783249
v -0.906743 -0.762933 -0.778377
v -0.735377 -0.714580 -0.773583
v -0.728573 -0.490154 -0.783976
v -0.752873 -0.763232 -0.799593
v -0.781235 -0.550733 -0.798492
v -0.676410 -0.439476 -0.768462
v -0.612649 -0.434748 -0.786403
v -0.592053 -0.484020 -0.762776
v -0.772726 -0.774927 -0.784138
v -0.592982 -0.454198 -0.775082
v -0.597609 -0.438776 -0.776575
v -0.931830 -0.748985 -0.779632
v -0.873565 -0.638673 -0.777445
v -0.634147 -0.556352 -0.757006
v -0.824000 -0.602209 -0.769245
v -0.822361 -0.783150 -0.768955
v -0.778875 -0.772520 -0.770703
v -0.789028 -0.562729 -0.776527
v -0.601509 -0.510221 -0.756772
v -0.917866 -0.691371 -0.759788
v -0.768575 -0.540732 -0.761567
v -0.695140 -0.438351 -0.738952
v -0.902485 -0.779105 -0.761413
v -0.770794 -0.740399 -0.746661
v -0.691473 -0.609592 -0.746143
v -0.939867 -0.773056 -0.757290
v -0.711967 -0.641560 -0.754908
v -0.787479 -0.581021 -0.745426
v -0.737349 -0.493172 -0.754928
v -0.723971 -0.672048 -0.760780
v -0.900314 -0.674079 -0.750169
v -0.823086 -0.619604 -0.745824
v -0.573623 -0.422651 -0.744567
v -0.595544 -0.411615 -0.756137
v -0.636201 -0.385202 -0.726085
v -0.865083 -0.789182 -0.747244
v -0.856418 -0.646762 -0.746573
v -0.566909 -0.437830 -0.736499
v -0.877903 -0.788651 -0.747370
v -0.666148 -0.583516 -0.741560
v -0.602909 -0.518730 -0.726321
v -0.618365 -0.386487 -0.735675
v -0.842423 -0.770966 -0.729616
v -0.935082 -0.726373 -0.731506
v -0.750742 -0.669618 -0.741365
v -0.844824 -0.653445 -0.735786
v -0.723355 -0.633098 -0.741729
v -0.574950 -0.395470 -0.737545
v -0.790954 -0.604558 -0.733068
v -0.648659 -0.552817 -0.706046
v -0.569879 -0.467874 -0.723954
v -0.939011 -0.777610 -0.744469
v -0.886858 -0.683636 -0.726845
v -0.760044 -0.543734 -0.734445
v -0.880147 -0.775479 -0.712338
v -0.846008 -0.757020 -0.715798
v -0.785119 -0.711918 -0.730097
v -0.763994 -0.577654 -0.724752
v -0.738733 -0.505160 -0.726187
v -0.550108 -0.402412 -0.722681
v -0.569095 -0.352339 -0.712873
v -0.663382 -0.384204 -0.697202
v -0.919321 -0.718374 -0.705098
v -0.773330 -0.636245 -0.726997
v -0.743531 -0.600558 -0.717175
v -0.821212 -0.647640 -0.729690
v -0.603247 -0.343335 -0.696632
v -0.545853 -0.361447 -0.715889
v -0.792610 -0.650548 -0.727143
v -0.718455 -0.592666 -0.716520
v -0.772235 -0.602389 -0.719480
v -0.694205 -0.576582 -0.710743
v -0.626295 -0.536045 -0.703048
v -0.931043 -0.760919 -0.703677
v -0.824803 -0.679716 -0.722822
v -0.865059 -0.697754 -0.715800
v -0.750273 -0.560189 -0.714671
v -0.749785 -0.542503 -0.715271
v -0.707765 -0.445964 -0.714800
v -0.840567 -0.724145 -0.713825
v -0.527197 -0.411713 -0.688920
v -0.855361 -0.714436 -0.711485
v -0.893243 -0.710469 -0.706664
v -0.732763 -0.579125 -0.707752
v -0.739673 -0.523592 -0.706884
v -0.717990 -0.471867 -0.696960
v -0.531695 -0.375096 -0.707636
v -0.549653 -0.336175 -0.707595
v -0.497174 -0.302900 -0.681222
v -0.899530 -0.750636 -0.693442
v -0.721824 -0.500897 -0.683540
v -0.581418 -0.496276 -0.695569
v -0.621296 -0.341322 -0.682028
v -0.581409 -0.302969 -0.687891
v -0.916886 -0.741778 -0.689479
v -0.679722 -0.549825 -0.689413
v -0.730302 -0.560023 -0.699020
v -0.708723 -0.449640 -0.680860
v -0.696921 -0.545489 -0.686972
v -0.529567 -0.436550 -0.663435
v -0.485289 -0.355668 -0.673651
v -0.566706 -0.286055 -0.678585
v -0.715292 -0.538924 -0.688253
v -0.472390 -0.298854 -0.668561
v -0.604436 -0.301903 -0.672578
v -0.595653 -0.502937 -0.649113
v -0.683082 -0.400797 -0.671531
v -0.496546 -0.400267 -0.659632
v -0.645151 -0.347386 -0.658059
v -0.638799 -0.522680 -0.655679
v -0.705610 -0.476822 -0.668168
v -0.696246 -0.427111 -0.671133
v -0.495561 -0.266425 -0.659427
v -0.700868 -0.537034 -0.672286
v -0.662803 -0.521959 -0.651305
v -0.706924 -0.504936 -0.670046
v -0.546704 -0.464299 -0.622381
v -0.601785 -0.279435 -0.653937
v -0.688395 -0.525673 -0.664599
v -0.696891 -0.507351 -0.661679
v -0.697438 -0.450608 -0.659590
v -0.457917 -0.331669 -0.652832
v -0.660142 -0.360891 -0.639748
v -0.455199 -0.361692 -0.630340
v -0.451618 -0.287165 -0.648806
v -0.670590 -0.384422 -0.614743
v -0.626118 -0.292240 -0.635354
v -0.583152 -0.260870 -0.639954
v -0.460884 -0.251941 -0.637647
v -0.669352 -0.509349 -0.633692
v -0.686380 -0.472118 -0.630975
v -0.495100 -0.215373 -0.605668
v -0.637049 -0.503638 -0.609511
v -0.642683 -0.313533 -0.624427
v -0.440822 -0.307929 -0.634683
v -0.516978 -0.444556 -0.604388
v -0.472167 -0.397470 -0.601536
v -0.664809 -0.363240 -0.609761
v -0.414794 -0.263394 -0.600129
v -0.673948 -0.450548 -0.590088
v -0.669011 -0.402800 -0.584188
v -0.437038 -0.223128 -0.599137
v -0.652572 -0.307062 -0.560694
v -0.408691 -0.299608 -0.579422
v -0.605261 -0.247681 -0.594197
v -0.655098 -0.469029 -0.569976
v -0.435975 -0.356161 -0.583510
v -0.630059 -0.264661 -0.567729
v -0.572896 -0.476139 -0.580359
v -0.553664 -0.468964 -0.574557
v -0.394737 -0.225001 -0.570890
v -0.530915 -0.197721 -0.571186
v -0.460291 -0.181564 -0.570025
v -0.636421 -0.479214 -0.568414
v -0.483597 -0.413477 -0.571876
v -0.667655 -0.431413 -0.576785
v -0.382433 -0.247398 -0.560503
v -0.407021 -0.184326 -0.561201
v -0.595792 -0.474872 -0.565605
v -0.651771 -0.456599 -0.561134
v -0.508478 -0.435704 -0.550707
v -0.662664 -0.352323 -0.528152
v -0.488326 -0.158490 -0.538499
v -0.430539 -0.149078 -0.544579
v -0.380551 -0.269188 -0.548474
v -0.558050 -0.183360 -0.530880
v -0.624139 -0.471484 -0.557761
v -0.420814 -0.347089 -0.534725
v -0.390514 -0.301992 -0.532728
v -0.508317 -0.139755 -0.503457
v -0.401834 -0.132307 -0.533769
v -0.653772 -0.438885 -0.547204
v -0.653589 -0.385233 -0.497026
v -0.602349 -0.223834 -0.548870
v -0.354382 -0.207748 -0.533810
v -0.653872 -0.316867 -0.499362
v -0.358979 -0.173641 -0.534721
v -0.623208 -0.240532 -0.504104
v -0.620113 -0.454947 -0.520810
v -0.639621 -0.437859 -0.516111
v -0.349307 -0.248572 -0.505905
v -0.351344 -0.108003 -0.511721
v -0.588686 -0.464560 -0.524313
v -0.525575 -0.438788 -0.498367
v -0.644756 -0.405730 -0.488988
v -0.434812 -0.362312 -0.499263
v -0.331572 -0.208208 -0.504319
v -0.392599 -0.089332 -0.502042
v -0.592682 -0.192191 -0.487791
v -0.594631 -0.453823 -0.469581
v -0.484143 -0.407023 -0.499344
v -0.314801 -0.160920 -0.497173
v -0.316089 -0.115212 -0.497135
v -0.424901 -0.082529 -0.483166
v -0.564370 -0.454912 -0.486170
v -0.380092 -0.302343 -0.485271
v -0.634466 -0.267020 -0.478071
v -0.554811 -0.148004 -0.463664
v -0.319437 -0.057654 -0.478703
v -0.545775 -0.441249 -0.470297
v -0.499804 -0.099189 -0.441406
v -0.614835 -0.434826 -0.462024
v -0.644968 -0.350086 -0.459672
v -0.328137 -0.232515 -0.475276
v -0.285558 -0.148739 -0.462395
v -0.298147 -0.069622 -0.476809
v -0.351375 -0.056595 -0.479892
v -0.266023 -0.093462 -0.458307
v -0.416164 -0.335690 -0.441051
v -0.368949 -0.035391 -0.451822
v -0.454824 -0.367075 -0.442798
v -0.591913 -0.189257 -0.447896
v -0.289471 -0.174270 -0.450265
v -0.581817 -0.444297 -0.455087
v -0.357306 -0.278207 -0.455527
v -0.610901 -0.223973 -0.448890
v -0.566701 -0.155747 -0.442904
v -0.318353 -0.013378 -0.435181
v -0.628767 -0.388971 -0.445909
v -0.627374 -0.279826 -0.440260
v -0.417901 -0.040283 -0.427348
v -0.275106 -0.023991 -0.438319
v -0.248067 -0.096671 -0.438297
v -0.595382 -0.436995 -0.449788
v -0.228304 -0.058072 -0.430680
v -0.307158 0.007055 -0.412318
v -0.476929 -0.371519 -0.418263
v -0.285082 -0.187973 -0.420387
v -0.247954 -0.029089 -0.432419
v -0.613200 -0.367434 -0.417054
v -0.302582 -0.217880 -0.406151
v -0.591637 -0.199220 -0.418917
v -0.620228 -0.304660 -0.420644
v -0.325923 -0.246219 -0.406157
v -0.242635 -0.121757 -0.410533
v -0.195122 -0.026409 -0.411309
v -0.583122 -0.396208 -0.418044
v -0.511630 -0.098976 -0.406858
v -0.358198 0.008284 -0.395881
v -0.522556 -0.380868 -0.408078
v -0.553399 -0.147063 -0.390302
v -0.245166 -0.001650 -0.417799
v -0.436087 -0.339914 -0.403858
v -0.205586 -0.074045 -0.406083
v -0.220247 0.030359 -0.406840
v -0.158068 0.085529 -0.422208
v -0.179755 0.005076 -0.406526
v -0.159666 0.119778 -0.420648
v -0.064460 0.071426 -0.415921
v -0.570867 -0.186049 -0.382977
v -0.427739 -0.028292 -0.390672
v -0.032984 0.012658 -0.411879
v -0.011565 0.057766 -0.417029
v 0.052497 0.029244 -0.413681
v -0.108554 0.012144 -0.407375
v 0.022180 0.097953 -0.413583
v 0.085202 0.020773 -0.410239
v -0.220817 0.077948 -0.402717
v -0.197205 0.124946 -0.407730
v -0.051704 0.126557 -0.410031
v -0.113277 0.137638 -0.414659
v -0.154865 0.157800 -0.409204
v -0.602825 -0.315079 -0.398630
v -0.364823 -0.282769 -0.398274
v -0.589426 -0.247526 -0.387674
v 0.034034 -0.031990 -0.408261
v 0.062966 0.006131 -0.408388
v -0.258379 0.036660 -0.399334
v 0.055705 0.097610 -0.406345
v 0.093379 0.040181 -0.404971
v 0.017870 0.142852 -0.402335
v -0.591176 -0.353045 -0.395215
v -0.166386 -0.054847 -0.390881
v -0.135028 -0.032422 -0.390515
v -0.076203 -0.010703 -0.401076
v -0.247382 0.082742 -0.384848
v -0.056215 0.166859 -0.397491
v -0.117190 0.173311 -0.398673
v -0.200744 -0.090742 -0.385274
v 0.017130 -0.067712 -0.395629
v 0.072904 -0.040799 -0.395069
v 0.105595 0.009960 -0.393225
v 0.073150 0.108082 -0.394484
v -0.187893 0.169468 -0.388659
v -0.468993 -0.350853 -0.391069
v -0.243533 -0.147580 -0.371335
v 0.056231 -0.074481 -0.389752
v 0.094410 0.001540 -0.387857
v 0.008233 0.188064 -0.382991
v -0.205917 -0.110283 -0.360584
v -0.501801 -0.088475 -0.362609
v -0.444857 -0.031876 -0.355302
v -0.057483 -0.054643 -0.384119
v -0.323135 0.046843 -0.367816
v -0.281311 0.073542 -0.367059
v 0.115140 0.031781 -0.380793
v 0.044859 0.162563 -0.385493
v -0.557149 -0.348907 -0.378160
v -0.364005 -0.275333 -0.365902
v 0.014105 -0.108744 -0.369225
v 0.078107 -0.086859 -0.373235
v -0.106778 -0.044303 -0.381114
v 0.094964 -0.041898 -0.377727
v 0.095047 0.090804 -0.382925
v -0.235538 0.130418 -0.370842
v -0.509786 -0.343297 -0.366255
v 0.048461 -0.116332 -0.366165
v -0.137944 -0.059885 -0.372703
v -0.363274 0.029697 -0.360670
v 0.111862 0.054006 -0.374524
v 0.077609 0.140697 -0.377617
v -0.146681 0.212060 -0.364388
v -0.547671 -0.322305 -0.357657
v -0.558562 -0.296112 -0.356077
v -0.402681 -0.299682 -0.356867
v -0.268346 -0.181708 -0.352147
v -0.046982 0.210406 -0.372650
v -0.086452 0.236493 -0.352252
v -0.308746 -0.223889 -0.361062
v -0.544937 -0.185864 -0.339940
v -0.165373 -0.080276 -0.362995
v 0.119972 0.008203 -0.368704
v 0.110497 0.089877 -0.362953
v -0.113323 -0.071883 -0.353980
v 0.113089 -0.034335 -0.354148
v 0.081346 0.217294 -0.336875
v -0.560749 -0.251390 -0.352657
v -0.060050 -0.100022 -0.343270
v 0.101946 -0.085115 -0.351909
v 0.112221 -0.001017 -0.359486
v 0.016539 0.251673 -0.339664
v -0.185243 -0.104520 -0.335453
v -0.379858 0.036044 -0.316512
v -0.272056 0.113926 -0.338227
v 0.113909 0.144322 -0.340782
v -0.222387 0.189968 -0.339296
v 0.107879 0.198151 -0.325864
v 0.052926 0.234559 -0.341595
v -0.421618 -0.293784 -0.331409
v -0.505880 -0.101837 -0.332418
v 0.079720 -0.138794 -0.338197
v 0.132315 0.004872 -0.334923
v 0.131206 0.021088 -0.344337
v -0.339469 -0.231578 -0.299836
v -0.027076 -0.140319 -0.318565
v -0.139734 -0.083876 -0.338597
v -0.446775 -0.031206 -0.316752
v 0.124748 0.055617 -0.342265
v -0.200722 0.220546 -0.326675
v -0.041800 0.264647 -0.332466
v -0.462933 -0.300596 -0.323885
v -0.267036 -0.177774 -0.309570
v 0.103202 -0.122918 -0.330861
v 0.125405 -0.084691 -0.314745
v 0.121597 -0.006259 -0.332698
v -0.338072 0.070049 -0.320401
v -0.489133 -0.299954 -0.321795
v 0.050433 -0.154686 -0.329844
v -0.118459 0.266938 -0.316776
v -0.231057 -0.147358 -0.311026
v 0.130892 0.140135 -0.316256
v -0.513938 -0.220335 -0.301378
v 0.091030 -0.171833 -0.301536
v -0.110056 -0.099352 -0.316851
v -0.381607 -0.259602 -0.305741
v 0.011080 -0.169749 -0.303259
v 0.107547 0.278182 -0.305751
v -0.494168 -0.278249 -0.306009
v -0.309414 -0.213344 -0.313271
v -0.480205 -0.100536 -0.283588
v -0.196641 -0.122408 -0.291430
v 0.143157 -0.000725 -0.300292
v -0.173296 0.278538 -0.277078
v -0.499320 -0.248100 -0.295103
v -0.511378 -0.187575 -0.297387
v 0.104739 -0.164830 -0.299242
v 0.137088 -0.134710 -0.280954
v -0.298006 0.111680 -0.305193
v 0.069808 0.301409 -0.308135
v -0.139733 -0.096810 -0.310103
v 0.145125 0.032569 -0.277470
v 0.128155 0.259552 -0.299806
v 0.129526 -0.013414 -0.299470
v 0.137498 0.183107 -0.298965
v -0.065687 0.293613 -0.310687
v 0.014010 0.318412 -0.305396
v 0.048899 -0.187896 -0.289696
v 0.140393 -0.110695 -0.282196
v -0.472702 -0.072377 -0.296029
v -0.440147 -0.029832 -0.287963
v 0.143600 0.107368 -0.289689
v 0.149380 0.240945 -0.283831
v -0.290351 0.168753 -0.253471
v -0.246181 0.202514 -0.296966
v -0.407970 -0.236901 -0.264169
v -0.320083 0.105124 -0.277324
v 0.140864 -0.159248 -0.264819
v -0.468164 -0.116163 -0.260925
v -0.106681 -0.117095 -0.284305
v 0.139251 -0.079579 -0.283750
v 0.139425 -0.051028 -0.270606
v -0.116395 0.303543 -0.287287
v -0.049664 0.341441 -0.279587
v 0.040676 0.348765 -0.278842
v -0.438501 -0.249749 -0.274763
v 0.081866 -0.203512 -0.264260
v -0.274977 -0.171724 -0.263702
v -0.037695 -0.157161 -0.285984
v -0.163494 -0.113158 -0.272224
v -0.374445 0.047300 -0.276059
v -0.455114 -0.233591 -0.265506
v -0.341459 -0.206480 -0.253320
v -0.207076 -0.131520 -0.244268
v -0.136060 -0.114609 -0.259029
v 0.143211 -0.013744 -0.273633
v 0.152178 -0.004453 -0.256271
v 0.113902 0.338693 -0.261128
v -0.000435 0.359152 -0.271326
v 0.012449 -0.204245 -0.253141
v -0.234513 -0.147462 -0.267229
v 0.159319 0.092785 -0.243976
v 0.154915 0.177746 -0.275545
v -0.277411 0.215695 -0.232460
v 0.150821 0.324884 -0.244479
v -0.092948 0.341846 -0.263852
v 0.082267 0.375273 -0.247518
v -0.064055 -0.150202 -0.260736
v -0.425780 -0.029216 -0.257755
v -0.243880 0.234753 -0.263252
v -0.462752 -0.178477 -0.253031
v 0.153544 -0.183082 -0.235910
v 0.132979 -0.020414 -0.265445
v 0.169966 0.286284 -0.241440
v -0.366390 -0.207974 -0.241316
v -0.281330 -0.158571 -0.230941
v -0.022116 -0.190505 -0.241923
v -0.086423 -0.134632 -0.239425
v -0.173725 -0.121850 -0.236827
v -0.113718 -0.120083 -0.253820
v 0.166924 -0.100847 -0.230768
v -0.360123 0.059518 -0.239660
v -0.336394 0.094674 -0.248457
v 0.171196 0.154494 -0.242059
v 0.180367 0.215166 -0.242422
v -0.133105 0.329819 -0.252777
v 0.048789 -0.219900 -0.240709
v 0.134530 -0.020447 -0.253894
v 0.149390 -0.017944 -0.238177
v 0.151101 -0.210079 -0.214910
v 0.167779 -0.124636 -0.237037
v 0.149259 -0.063610 -0.245346
v 0.191863 0.268953 -0.215638
v -0.242575 -0.143412 -0.237737
v -0.436815 -0.073282 -0.242152
v 0.137038 -0.027023 -0.234751
v -0.330379 0.117745 -0.226482
v -0.116408 0.389615 -0.207228
v -0.088339 0.396199 -0.214707
v -0.020060 0.413608 -0.218410
v 0.188973 -0.143175 -0.208719
v -0.216349 -0.131449 -0.231327
v -0.134778 -0.115196 -0.216052
v -0.169778 0.327848 -0.222932
v 0.130157 0.385404 -0.224525
v -0.405403 -0.196283 -0.227811
v 0.140125 -0.242956 -0.186084
v -0.433198 -0.168671 -0.231126
v -0.063868 -0.154537 -0.224017
v 0.165735 -0.066878 -0.204650
v -0.246778 0.258004 -0.225108
v 0.183541 0.337574 -0.210548
v -0.392080 -0.007108 -0.226277
v -0.141860 0.365152 -0.211224
v 0.161335 0.364247 -0.219528
v -0.419798 -0.109302 -0.216037
v -0.100470 -0.120673 -0.218365
v 0.152920 0.016308 -0.214545
v -0.299979 0.171250 -0.217765
v 0.103621 -0.247326 -0.194046
v 0.182147 -0.092262 -0.199854
v -0.336789 0.085700 -0.220479
v -0.270766 0.236377 -0.202316
v 0.054095 0.442722 -0.200835
v -0.356291 -0.173873 -0.208535
v -0.318120 -0.165039 -0.213404
v 0.194061 -0.181720 -0.194284
v 0.138619 -0.029953 -0.216101
v 0.007450 0.439434 -0.202145
v 0.028719 -0.244731 -0.175810
v -0.155149 -0.112811 -0.199755
v 0.219472 0.301602 -0.174772
v 0.108329 0.425666 -0.206208
v -0.242351 -0.123938 -0.203094
v -0.189313 -0.109767 -0.188997
v -0.402361 -0.066917 -0.209773
v -0.286090 0.203840 -0.196084
v -0.015552 -0.213145 -0.179102
v -0.392513 -0.125339 -0.198397
v 0.166889 0.078243 -0.205024
v 0.209053 0.213374 -0.176612
v 0.213983 0.247176 -0.175221
v -0.235335 0.287940 -0.180263
v -0.065984 -0.145507 -0.192505
v -0.361001 0.007327 -0.196692
v 0.147582 -0.034941 -0.183098
v 0.153706 -0.009321 -0.191915
v -0.323005 0.077108 -0.192713
v 0.190633 0.138911 -0.180307
v -0.217847 0.302027 -0.188845
v -0.372888 -0.148335 -0.196615
v -0.275023 -0.125216 -0.191295
v -0.076750 -0.127961 -0.178300
v -0.315651 0.135349 -0.196552
v -0.296138 0.172346 -0.190526
v -0.170220 0.351815 -0.187914
v -0.030083 -0.194060 -0.173683
v 0.211106 -0.127160 -0.179261
v -0.356165 -0.060776 -0.173485
v 0.144883 -0.028756 -0.188507
v 0.222237 0.338820 -0.171720
v -0.134594 0.406837 -0.182713
v 0.181083 0.436287 -0.176929
v -0.105121 0.467929 -0.169176
v 0.130684 0.476169 -0.167697
v 0.093539 0.500124 -0.156169
v 0.087296 -0.262234 -0.165532
v -0.316977 -0.127300 -0.180771
v -0.340884 -0.014368 -0.169626
v -0.298851 0.156123 -0.181599
v -0.082884 0.478085 -0.168028
v 0.021743 -0.250847 -0.147072
v -0.230210 -0.095932 -0.164692
v 0.151064 0.008165 -0.176263
v 0.216443 0.382601 -0.172650
v -0.195422 0.331038 -0.164930
v 0.149468 -0.269068 -0.144364
v -0.234220 0.289841 -0.141209
v -0.010930 0.520206 -0.144759
v 0.222438 -0.214224 -0.145139
v -0.135836 -0.107176 -0.165462
v -0.160783 -0.095581 -0.154540
v 0.199953 -0.078716 -0.159722
v 0.143438 -0.027398 -0.174735
v 0.148087 -0.015841 -0.168914
v 0.161540 0.054468 -0.158221
v 0.185460 0.111415 -0.155117
v -0.283767 0.131109 -0.146449
v 0.224090 0.223485 -0.139996
v 0.210725 -0.249923 -0.125607
v -0.039097 -0.163415 -0.131151
v -0.330270 -0.075111 -0.161258
v -0.269217 -0.089691 -0.157786
v -0.271581 0.205716 -0.162460
v 0.184682 0.464422 -0.157406
v 0.223162 0.438419 -0.149844
v 0.036759 0.510283 -0.153586
v -0.299308 0.042535 -0.150841
v -0.129750 0.474206 -0.147404
v 0.079125 -0.277221 -0.119848
v 0.255385 -0.171917 -0.130052
v -0.303294 -0.078216 -0.153985
v 0.260028 -0.122193 -0.115337
v 0.197178 -0.056021 -0.129211
v 0.143596 -0.025071 -0.157593
v -0.156308 0.411469 -0.150252
v 0.272475 -0.203120 -0.100774
v 0.008803 -0.243996 -0.123528
v -0.056592 -0.134452 -0.135163
v -0.077920 -0.119142 -0.126008
v 0.138116 -0.017699 -0.149198
v 0.250467 0.293318 -0.122827
v -0.182287 0.378204 -0.130295
v -0.189553 -0.073288 -0.132731
v -0.265087 0.082164 -0.119920
v 0.266109 0.406572 -0.126501
v -0.149143 0.449439 -0.137003
v -0.124720 0.545147 -0.102399
v -0.266987 -0.004766 -0.123235
v 0.149428 0.043065 -0.127366
v 0.254467 0.339608 -0.134892
v 0.166559 0.501832 -0.134112
v 0.007017 0.542990 -0.124169
v 0.117404 -0.283417 -0.115133
v 0.266481 -0.144877 -0.116766
v -0.113890 -0.101080 -0.125068
v -0.212274 -0.063589 -0.130170
v 0.136319 -0.016434 -0.137681
v 0.178141 0.096074 -0.138705
v 0.211953 0.178568 -0.128286
v -0.254541 0.179483 -0.127626
v -0.232381 0.248321 -0.107611
v 0.241846 0.471978 -0.118528
v 0.059002 0.545426 -0.118809
v 0.132325 -0.012388 -0.130272
v -0.284292 0.016126 -0.132939
v -0.206469 0.322518 -0.133072
v 0.262950 -0.244275 -0.083128
v -0.253426 -0.034354 -0.125048
v -0.261075 0.136629 -0.116468
v 0.284160 0.448716 -0.098138
v -0.155337 0.532730 -0.097987
v 0.115451 0.557735 -0.093901
v 0.157535 0.069935 -0.116885
v 0.194327 0.141786 -0.095162
v -0.165668 0.429203 -0.119745
v 0.219031 0.504910 -0.105068
v -0.002831 -0.219353 -0.088024
v 0.267218 -0.105595 -0.089442
v -0.205110 0.308127 -0.104313
v -0.199355 0.336064 -0.109642
v -0.163739 0.482589 -0.103640
v -0.133104 -0.087215 -0.113711
v 0.241128 0.246025 -0.100246
v 0.260200 0.302555 -0.107557
v -0.046812 -0.137750 -0.114199
v -0.072767 -0.122867 -0.113956
v -0.097190 -0.111484 -0.113422
v 0.136200 -0.012642 -0.102160
v 0.128812 -0.007397 -0.116816
v 0.289290 0.383707 -0.099024
v -0.048341 0.570842 -0.084917
v 0.167295 -0.297281 -0.069647
v -0.215862 0.270205 -0.093558
v 0.187930 0.532660 -0.093043
v 0.040364 -0.268068 -0.065245
v -0.223815 -0.036962 -0.113807
v -0.243138 0.110205 -0.101592
v 0.218590 -0.294378 -0.054335
v 0.056855 -0.277920 -0.075773
v -0.041635 -0.123994 -0.102263
v 0.220896 -0.052675 -0.069369
v -0.207119 -0.011493 -0.100463
v -0.233390 0.035174 -0.100448
v -0.236276 0.151254 -0.094332
v 0.323269 -0.194548 -0.048926
v -0.030037 -0.155628 -0.093907
v -0.112789 -0.062792 -0.095898
v -0.169289 -0.043038 -0.101179
v 0.131414 0.043213 -0.094608
v -0.216635 0.231009 -0.082692
v -0.192610 0.394302 -0.068755
v -0.187288 0.430945 -0.067069
v -0.182705 0.449409 -0.073782
v 0.318837 0.436419 -0.063990
v 0.234245 -0.276171 -0.072704
v 0.284717 -0.093335 -0.038347
v 0.116741 -0.008825 -0.088739
v 0.114750 -0.002379 -0.090489
v 0.234471 0.224487 -0.080719
v 0.300697 0.471701 -0.071544
v 0.132479 0.566775 -0.076165
v 0.328110 -0.170702 -0.043187
v -0.054939 -0.087554 -0.096684
v 0.139643 0.071815 -0.086902
v -0.188891 0.295945 -0.072171
v 0.281776 0.493445 -0.071474
v -0.183257 0.536528 -0.066200
v -0.136009 0.563976 -0.081690
v 0.018610 0.589283 -0.067849
v -0.001316 -0.202016 -0.052091
v 0.333387 -0.150073 -0.024948
v -0.033685 -0.092642 -0.092342
v -0.181709 0.008949 -0.078023
v 0.180570 0.144950 -0.054945
v 0.309226 0.372924 -0.066700
v 0.301054 0.343670 -0.059646
v 0.054559 0.593648 -0.059960
v -0.033009 -0.067670 -0.090607
v -0.164564 -0.018182 -0.082515
v -0.215229 0.092658 -0.084801
v -0.215003 0.119926 -0.078301
v -0.192805 0.343269 -0.073394
v -0.167943 0.559191 -0.070004
v -0.024658 -0.065570 -0.087664
v -0.117840 -0.024858 -0.071458
v -0.024556 -0.040261 -0.073934
v 0.161456 -0.022503 -0.013234
v 0.115474 0.045568 -0.078564
v 0.144462 0.106176 -0.055897
v 0.264844 0.281494 -0.058508
v 0.212334 0.549559 -0.057494
v -0.011852 -0.052573 -0.073377
v -0.175087 0.042391 -0.071033
v 0.184802 0.566586 -0.051564
v 0.019182 -0.240018 -0.045951
v 0.297726 -0.111854 -0.045352
v 0.092304 -0.006856 -0.073696
v 0.208519 0.181820 -0.057623
v -0.197528 0.249898 -0.062184
v -0.064619 0.591322 -0.056250
v 0.192977 -0.310941 -0.032786
v 0.270242 -0.282273 -0.043948
v 0.315574 -0.225627 -0.048804
v -0.013026 -0.146164 -0.039218
v -0.063179 0.002095 -0.056825
v 0.092233 -0.013823 -0.072660
v 0.082216 0.036322 -0.058297
v -0.196134 0.176710 -0.050861
v 0.334771 0.387539 -0.031120
v 0.374979 0.474104 0.005360
v -0.200328 0.511741 -0.044320
v 0.292524 0.513629 -0.039227
v 0.222715 -0.047175 -0.035587
v 0.264128 -0.071983 -0.023367
v 0.002280 -0.039370 -0.069021
v 0.109769 0.074609 -0.056370
v 0.004329 -0.088685 -0.007277
v 0.077826 -0.017713 -0.068455
v -0.120162 0.023515 -0.059645
v 0.227223 0.215464 -0.041964
v -0.175668 0.277598 -0.053997
v -0.140443 0.611579 -0.016939
v 0.091214 0.604459 -0.032204
v 0.308484 -0.255342 -0.041962
v 0.015616 -0.037381 -0.059973
v 0.015926 -0.027159 -0.061566
v 0.197148 -0.033031 -0.022919
v 0.069930 -0.014431 -0.065019
v 0.063450 -0.021856 -0.063693
v -0.172749 0.092722 -0.052160
v 0.354894 0.428154 -0.019000
v 0.031115 -0.030244 -0.060498
v 0.048801 -0.006184 -0.054385
v 0.049294 -0.024772 -0.061205
v 0.060490 -0.031418 -0.012125
v -0.157081 0.064008 -0.055567
v -0.178468 0.323289 -0.044682
v -0.199347 0.433910 -0.029975
v 0.130592 -0.310655 -0.008896
v 0.229383 -0.307739 -0.037150
v 0.027155 -0.237455 -0.019201
v 0.014760 0.003034 -0.041336
v 0.045737 0.039244 -0.040377
v 0.310715 0.322903 0.000385
v -0.189166 0.364632 -0.028443
v -0.185750 0.596263 -0.010281
v 0.132151 0.595030 -0.033514
v -0.042445 0.611956 -0.027466
v 0.051491 -0.265127 -0.014796
v -0.101759 0.056409 -0.026295
v -0.164781 0.134189 -0.029202
v 0.371187 0.496358 0.013817
v -0.215991 0.537375 -0.014678
v 0.031967 0.612714 -0.025867
v 0.105894 -0.303287 0.019147
v 0.351259 -0.194967 -0.022713
v -0.018711 0.016574 -0.033815
v -0.159823 0.221427 -0.029628
v -0.203950 0.575029 -0.013808
v 0.355789 -0.284926 -0.011173
v 0.139634 -0.027353 0.014465
v 0.238873 -0.326537 -0.025316
v 0.031146 -0.043539 -0.011686
v -0.114599 0.083197 -0.014093
v 0.075696 0.094339 -0.022847
v -0.133845 0.109751 -0.014049
v 0.260034 0.269081 -0.021062
v -0.144691 0.258494 -0.028730
v 0.348836 0.379286 0.004771
v -0.197753 0.404258 -0.011561
v 0.385097 0.463152 0.014585
v 0.166039 -0.317776 -0.013490
v 0.291285 -0.328034 -0.021521
v 0.379793 -0.259112 -0.000569
v -0.036488 0.056518 -0.009597
v -0.066808 0.060225 -0.008671
v 0.159469 0.147429 -0.025845
v -0.147559 0.293651 -0.016881
v 0.223813 0.566776 -0.017019
v 0.180247 0.594725 -0.002171
v -0.114064 0.630207 -0.000020
v 0.208656 -0.335183 -0.017229
v 0.333066 -0.315999 -0.012418
v 0.018238 -0.199706 0.001298
v 0.013114 0.054933 -0.020415
v 0.123368 0.137635 -0.010548
v -0.132508 0.273629 -0.014311
v 0.230715 -0.345757 -0.017952
v 0.242663 -0.358596 -0.016217
v -0.143934 0.165465 -0.012630
v -0.109549 0.245814 -0.003940
v -0.034143 0.620872 -0.008395
v 0.265894 -0.392406 -0.009234
v 0.048637 0.110905 -0.001847
v 0.241175 0.248916 0.015210
v 0.329203 0.523025 0.016591
v 0.372717 0.501084 0.020936
v 0.204816 -0.409702 -0.002631
v 0.198677 -0.347721 -0.010086
v 0.178588 -0.336804 -0.002777
v 0.353017 -0.314337 -0.002222
v 0.394150 -0.225695 0.015949
v 0.161268 0.168793 0.000250
v -0.161405 0.318456 0.002980
v -0.223312 0.475687 0.008765
v 0.134734 0.616353 0.019830
v 0.242384 -0.433679 -0.003473
v 0.290717 -0.411371 0.001009
v 0.146665 -0.324193 0.011414
v 0.385378 -0.188259 0.024685
v 0.027301 -0.065513 0.016696
v 0.189335 0.193922 0.007703
v -0.106336 0.208198 0.004457
v -0.189148 0.375662 0.030439
v 0.389004 0.430262 0.028940
v 0.283282 -0.446000 0.005820
v 0.217473 -0.442438 0.001905
v 0.328563 -0.366612 0.006101
v 0.379369 -0.292098 0.009606
v 0.336955 -0.105961 0.056379
v 0.075116 -0.035410 0.017033
v 0.104333 0.151697 0.008027
v -0.110395 0.267774 0.014124
v -0.214319 0.444953 0.011662
v -0.240679 0.522872 0.021015
v -0.238274 0.553674 0.014486
v 0.206446 0.602411 0.044641
v 0.168105 0.621475 0.052013
v 0.059922 0.623095 0.010781
v 0.244710 -0.731370 0.002203
v 0.232136 -0.707598 -0.000312
v 0.249821 -0.712990 0.001526
v 0.245141 -0.625596 0.004828
v 0.279654 -0.519303 0.015411
v 0.252130 -0.514170 0.006917
v 0.197426 -0.419762 0.004793
v 0.185341 -0.406293 0.009144
v 0.015100 -0.144642 0.019764
v 0.352309 -0.133370 0.029453
v -0.009884 0.084969 0.000054
v 0.274733 0.551020 0.015310
v -0.177212 0.640256 0.028209
v 0.007780 0.626124 0.021560
v -0.124090 0.649751 0.032532
v 0.262108 -0.729566 0.009965
v 0.214536 -0.639445 0.012305
v 0.228974 -0.642881 0.003628
v 0.261337 -0.672356 0.010047
v 0.222286 -0.555255 0.000993
v 0.236313 -0.548537 0.001829
v 0.200850 -0.566984 0.009762
v 0.202308 -0.522829 0.008959
v 0.222516 -0.495005 0.006257
v 0.049483 -0.052758 0.033591
v -0.078287 0.126681 0.011034
v -0.101493 0.160252 0.008825
v 0.205714 0.216354 0.024183
v -0.068214 0.223534 0.018633
v 0.317399 0.315072 0.030141
v -0.228066 0.588424 0.012291
v 0.255171 -0.759897 0.012027
v 0.217306 -0.749437 0.034181
v 0.208415 -0.647743 0.021655
v 0.198309 -0.471067 0.015752
v 0.320904 -0.402297 0.017448
v 0.160623 -0.339601 0.013211
v 0.352285 -0.352907 0.025340
v 0.230246 -0.048925 0.036111
v -0.096117 0.251551 0.009918
v 0.271980 0.273752 0.033655
v 0.274663 -0.764407 0.026656
v 0.284049 -0.695387 0.030511
v 0.286629 -0.572842 0.026052
v -0.045041 0.102063 0.007839
v 0.041217 0.154467 0.019874
v 0.139765 0.181505 0.025979
v -0.120878 0.278538 0.032571
v -0.046624 0.634507 0.034020
v 0.259166 -0.777383 0.026402
v 0.233211 -0.770902 0.033450
v 0.204041 -0.706676 0.036446
v 0.194889 -0.587525 0.029189
v 0.320314 -0.455666 0.033995
v 0.405229 0.488897 0.047587
v -0.206288 0.634354 0.034522
v 0.282618 -0.645130 0.029014
v 0.184930 -0.499757 0.032746
v 0.180726 -0.472091 0.036630
v 0.172575 -0.424330 0.030485
v 0.169679 -0.412084 0.026612
v 0.113653 -0.294748 0.065691
v 0.404921 -0.279319 0.045692
v 0.167095 0.199342 0.040431
v -0.039269 0.202871 0.029303
v -0.065333 0.232852 0.026635
v -0.141455 0.296860 0.063378
v -0.167882 0.330609 0.040157
v -0.249580 0.585597 0.038122
v 0.304243 -0.704262 0.055602
v 0.314860 -0.510808 0.041619
v 0.341569 -0.393432 0.041915
v 0.143145 -0.335732 0.037093
v 0.071024 -0.225828 0.077328
v 0.209573 -0.049360 0.070841
v 0.010369 0.174830 0.028662
v 0.096631 0.184608 0.038407
v -0.219909 0.424628 0.071804
v 0.408137 0.517482 0.080586
v 0.295092 -0.603069 0.037728
v 0.345275 -0.407011 0.049638
v 0.390650 -0.312330 0.055750
v 0.130924 -0.321229 0.043503
v 0.058187 0.176418 0.032311
v 0.418552 0.438039 0.070367
v -0.258734 0.564782 0.039494
v -0.237209 0.618095 0.047658
v 0.236612 -0.786873 0.051162
v 0.046290 -0.128103 0.070184
v 0.299726 -0.079747 0.062594
v 0.222878 0.235625 0.052565
v 0.395776 0.399280 0.060542
v -0.249081 0.487779 0.062714
v 0.104185 0.629930 0.054861
v 0.199676 -0.639519 0.043688
v 0.195486 -0.610589 0.054217
v 0.053161 -0.172879 0.078154
v 0.097598 -0.041388 0.044781
v -0.007803 0.198998 0.040325
v 0.198136 0.222290 0.062297
v -0.072913 0.248817 0.051596
v 0.435921 0.477377 0.085801
v -0.254444 0.515272 0.048870
v 0.315542 0.546880 0.062263
v 0.309577 -0.630130 0.064137
v 0.151152 -0.408495 0.058303
v 0.092976 -0.261229 0.079123
v 0.040119 0.197452 0.053473
v -0.027673 0.217262 0.044426
v 0.126957 0.630046 0.051534
v 0.210889 -0.775192 0.060850
v 0.295892 -0.757667 0.052683
v 0.317998 -0.557317 0.060661
v 0.160746 -0.429133 0.056078
v 0.361593 -0.357775 0.061322
v 0.408788 -0.209233 0.075149
v 0.376965 -0.146263 0.072449
v 0.012263 0.204133 0.054664
v -0.278491 0.542405 0.051566
v -0.347998 0.550316 0.046808
v -0.286259 0.577074 0.044467
v -0.379353 0.569554 0.050368
v -0.274721 0.603835 0.050958
v -0.182786 0.662523 0.067403
v 0.222188 -0.787212 0.062627
v 0.286721 -0.776474 0.064329
v 0.300088 -0.770422 0.069202
v 0.417896 -0.247159 0.082806
v 0.059307 -0.096057 0.077934
v 0.081964 -0.057739 0.068640
v 0.302712 0.280086 0.090772
v -0.395932 0.589652 0.059986
v 0.052196 0.633446 0.068053
v -0.228625 0.649142 0.077605
v -0.099530 0.654387 0.072934
v 0.200270 -0.758950 0.069475
v 0.195164 -0.708491 0.063854
v 0.172509 -0.479479 0.064668
v 0.336062 -0.465369 0.068956
v 0.136027 0.208228 0.080465
v 0.258428 0.256045 0.084159
v 0.365528 0.335284 0.073608
v -0.276647 0.515647 0.066603
v -0.343013 0.520300 0.061659
v -0.265580 0.625584 0.062924
v 0.176173 0.626868 0.073775
v 0.347522 -0.394107 0.072675
v 0.139238 -0.330456 0.081059
v 0.075416 -0.065507 0.074860
v -0.128426 0.288972 0.095019
v -0.432227 0.511972 0.074889
v -0.358237 0.622330 0.073124
v 0.135864 0.641398 0.067558
v 0.195069 -0.720827 0.079336
v 0.193699 -0.618044 0.075040
v 0.180579 -0.525060 0.076083
v -0.443560 0.527217 0.067163
v 0.095937 0.645403 0.070266
v -0.151186 0.669171 0.085013
v 0.397174 -0.169342 0.105122
v 0.339829 -0.103922 0.091684
v 0.332013 0.297150 0.091511
v -0.162416 0.317368 0.115899
v -0.512975 0.538063 0.074314
v -0.458671 0.570054 0.069132
v 0.228656 0.605557 0.094029
v 0.067514 0.636778 0.073214
v 0.159874 -0.432820 0.081467
v 0.345898 -0.412412 0.095560
v 0.182211 -0.055615 0.095880
v -0.055732 0.252048 0.080573
v -0.249667 0.460731 0.096364
v -0.492706 0.512515 0.080044
v -0.532591 0.550544 0.079856
v 0.272715 0.576435 0.088137
v -0.412374 0.615382 0.083742
v -0.019036 0.632733 0.090837
v 0.048881 0.635778 0.077881
v 0.107150 0.666056 0.083332
v 0.209813 -0.783603 0.075834
v 0.322154 -0.656162 0.092469
v 0.365490 -0.353685 0.092894
v 0.316615 -0.089573 0.112349
v 0.282698 -0.075652 0.123445
v 0.134511 -0.058403 0.095107
v 0.405835 0.373608 0.085579
v -0.210018 0.393456 0.130113
v -0.282196 0.494125 0.090490
v -0.364341 0.493745 0.086552
v 0.013184 0.632015 0.088234
v 0.034167 0.635196 0.083253
v 0.155796 0.654868 0.085958
v 0.349083 -0.719256 0.125403
v 0.399542 -0.309041 0.102293
v 0.416374 -0.277270 0.097407
v -0.519073 0.582643 0.091049
v -0.449814 0.597846 0.083202
v -0.288481 0.643649 0.083484
v 0.045009 0.651010 0.081284
v 0.093090 0.665903 0.083451
v -0.229381 0.671154 0.111731
v 0.206868 -0.763201 0.101644
v 0.322670 -0.599107 0.103157
v 0.326215 -0.532317 0.094315
v 0.152956 -0.401581 0.098001
v 0.190474 0.231534 0.120845
v 0.461050 0.417791 0.114809
v -0.451873 0.489728 0.101280
v -0.550984 0.526920 0.087183
v 0.063337 0.665590 0.088927
v 0.220873 -0.781040 0.098172
v 0.326272 -0.769569 0.111057
v 0.353086 -0.370078 0.112297
v 0.030446 0.233979 0.099165
v -0.261348 0.471439 0.103665
v 0.461688 0.513005 0.138377
v 0.366164 0.542087 0.108847
v -0.570015 0.563084 0.098357
v 0.203833 0.642885 0.104004
v -0.008140 0.630113 0.109150
v 0.020041 0.649788 0.088727
v 0.326395 -0.771065 0.146959
v 0.347438 -0.761187 0.133938
v 0.191294 -0.542463 0.120304
v 0.141476 -0.290636 0.136884
v 0.420185 -0.240040 0.127525
v 0.369152 -0.131445 0.114340
v 0.093368 0.228496 0.107576
v 0.222063 0.238293 0.124951
v 0.446925 0.372908 0.126450
v 0.459014 0.394384 0.122003
v 0.451607 0.467764 0.104666
v -0.543337 0.495097 0.104913
v -0.047209 0.638885 0.107823
v -0.330698 0.654710 0.106916
v 0.102027 -0.137886 0.150562
v -0.117513 0.293406 0.121000
v 0.313971 0.561341 0.111496
v -0.393875 0.639211 0.105499
v -0.155485 0.675431 0.124648
v 0.080173 0.676976 0.110862
v -0.183988 0.679364 0.112794
v 0.204858 -0.602746 0.134281
v 0.165349 -0.435754 0.108940
v 0.341772 -0.390590 0.119354
v 0.113173 -0.103621 0.145736
v 0.243376 -0.069925 0.132637
v 0.159602 0.227961 0.116210
v 0.270762 0.257552 0.117276
v -0.230512 0.429451 0.116086
v -0.488247 0.480374 0.113780
v -0.507906 0.613164 0.115052
v 0.051702 0.671862 0.112561
v 0.359375 -0.746563 0.145330
v 0.208772 -0.710153 0.138530
v 0.202326 -0.653095 0.118747
v -0.041706 0.266748 0.110597
v -0.592287 0.534251 0.110604
v -0.570465 0.587563 0.116349
v -0.590416 0.566071 0.113040
v 0.264577 0.588802 0.119830
v 0.189231 0.666289 0.128509
v 0.146168 0.674730 0.126710
v 0.150428 -0.327369 0.130687
v 0.417233 0.328089 0.148161
v -0.373247 0.470746 0.130494
v -0.290269 0.472055 0.125182
v -0.580711 0.500623 0.116927
v -0.009542 0.641531 0.135355
v 0.333395 -0.643003 0.129153
v 0.319117 -0.571489 0.128397
v 0.324392 -0.505328 0.127954
v 0.165863 -0.420370 0.119281
v 0.161198 -0.389785 0.131265
v 0.366430 -0.345764 0.127219
v 0.403405 -0.299202 0.135898
v 0.118775 -0.207211 0.163532
v 0.350473 -0.117500 0.132781
v -0.182892 0.344265 0.145697
v -0.217724 0.403672 0.168463
v -0.442579 0.632787 0.121177
v 0.124684 0.676592 0.124772
v 0.122973 -0.252847 0.140074
v 0.015581 0.270657 0.128814
v 0.474311 0.424026 0.127416
v -0.601517 0.511146 0.128392
v 0.448472 0.536723 0.168492
v 0.340219 0.554133 0.131608
v -0.500576 0.622558 0.128350
v -0.357963 0.656938 0.125944
v -0.285733 0.672381 0.131787
v 0.075473 0.685931 0.123895
v 0.290452 -0.773138 0.171867
v 0.240489 -0.769796 0.153415
v 0.350703 -0.671739 0.144498
v 0.416146 -0.269701 0.142067
v -0.256307 0.454313 0.136103
v -0.618785 0.541407 0.136996
v -0.026346 0.629405 0.130167
v -0.136533 0.664182 0.178847
v 0.092882 0.691862 0.125628
v 0.372225 -0.720344 0.161110
v 0.331430 -0.389781 0.144486
v 0.398198 -0.174116 0.143684
v 0.218249 -0.086802 0.173945
v 0.182996 0.247598 0.151605
v 0.258268 0.248886 0.158366
v -0.546179 0.466029 0.141327
v -0.455211 0.475295 0.138635
v -0.601830 0.569623 0.127599
v -0.574980 0.596341 0.133172
v 0.224984 0.655623 0.132746
v 0.098870 -0.166625 0.147381
v 0.090805 0.252709 0.133708
v -0.270439 0.460478 0.144266
v 0.481119 0.493567 0.151238
v 0.463883 0.525969 0.161164
v 0.284699 0.579715 0.139456
v 0.268393 0.612814 0.143310
v -0.180525 0.683799 0.167048
v -0.253422 0.684767 0.164759
v 0.127358 0.704354 0.127952
v 0.099892 0.708792 0.131675
v 0.171194 0.729138 0.127719
v 0.213016 0.705731 0.125071
v 0.212046 0.719179 0.128845
v 0.237756 0.693297 0.130947
v 0.137773 0.742834 0.131749
v 0.151784 0.745786 0.135981
v 0.362054 -0.761673 0.162694
v 0.333954 -0.628061 0.162147
v 0.318909 -0.592318 0.145600
v 0.306069 -0.553848 0.159757
v 0.182124 -0.410738 0.148868
v 0.144087 -0.089985 0.154145
v -0.048381 0.292912 0.137363
v -0.103549 0.310705 0.152025
v -0.235577 0.430733 0.176343
v -0.591515 0.482127 0.147280
v -0.563776 0.606682 0.144786
v -0.515276 0.620917 0.142651
v -0.042696 0.631512 0.142819
v 0.199623 0.671867 0.132414
v 0.066625 0.688796 0.138309
v 0.109572 0.753714 0.140791
v 0.190870 -0.475315 0.143597
v 0.182009 -0.096908 0.182448
v -0.165897 0.333750 0.165463
v -0.298853 0.464887 0.148677
v 0.427013 0.544009 0.184317
v 0.305972 0.570781 0.162056
v -0.379487 0.654304 0.152052
v -0.312453 0.672195 0.150921
v -0.214709 0.687739 0.174706
v 0.237273 0.710774 0.143339
v 0.208663 0.729347 0.138126
v 0.083549 0.718197 0.149593
v 0.215997 -0.653656 0.156176
v 0.314345 -0.456945 0.158338
v 0.369576 -0.149563 0.168375
v 0.345298 0.277318 0.177188
v 0.517905 0.468858 0.188660
v -0.468615 0.456735 0.163550
v -0.577717 0.457856 0.179575
v -0.625137 0.515301 0.162896
v -0.470340 0.630084 0.153534
v 0.261473 0.683817 0.150990
v 0.377222 -0.696367 0.171997
v 0.309300 -0.098037 0.160544
v 0.017425 0.296971 0.146515
v -0.627227 0.542961 0.158677
v 0.292256 0.597994 0.160453
v 0.272830 0.637735 0.156226
v -0.040213 0.632081 0.150756
v 0.029434 0.668108 0.173313
v 0.103859 0.791111 0.161860
v 0.338962 -0.637230 0.160398
v 0.216508 -0.561928 0.154955
v 0.393041 -0.302013 0.166649
v 0.412770 -0.267612 0.162811
v 0.123803 -0.136629 0.175914
v 0.151343 -0.116683 0.191905
v 0.222058 0.246539 0.160459
v 0.517912 0.441961 0.185893
v -0.380622 0.468979 0.160537
v -0.614530 0.563017 0.170826
v 0.139210 0.763722 0.150457
v 0.340242 -0.353359 0.175603
v 0.094197 0.288032 0.161437
v -0.438865 0.474170 0.163755
v -0.534265 0.618663 0.165867
v -0.035932 0.641267 0.172849
v 0.084267 0.743131 0.161925
v 0.239949 -0.731093 0.203578
v 0.175310 -0.347927 0.165491
v 0.404458 -0.217021 0.170655
v 0.339195 -0.126829 0.175740
v 0.271470 -0.090790 0.181821
v 0.158416 0.281619 0.179171
v 0.396136 0.289255 0.219691
v -0.038813 0.335899 0.165640
v -0.252072 0.447550 0.174029
v 0.320317 0.562408 0.180464
v -0.590554 0.586216 0.168246
v -0.050024 0.628233 0.167549
v 0.238935 0.727935 0.203156
v 0.081464 0.784213 0.173705
v 0.368684 -0.666469 0.183283
v 0.321477 -0.616742 0.185971
v 0.235834 -0.556246 0.172123
v 0.137401 -0.173488 0.196932
v 0.388483 -0.185647 0.179182
v 0.299623 0.258246 0.189236
v 0.183608 0.273821 0.183337
v -0.079550 0.340782 0.175164
v -0.544301 0.447955 0.182957
v 0.359618 0.551203 0.189443
v 0.280920 0.650504 0.170050
v 0.051675 0.694076 0.181331
v 0.388893 -0.748953 0.188252
v 0.230294 -0.615572 0.170806
v 0.301836 -0.586169 0.169539
v 0.229817 -0.497039 0.173468
v 0.321729 -0.375368 0.173004
v 0.165702 -0.279771 0.179454
v -0.160825 0.349437 0.192908
v -0.486864 0.436000 0.213962
v -0.281070 0.462411 0.187971
v 0.497069 0.506005 0.186919
v -0.486324 0.620151 0.168610
v -0.292448 0.677502 0.177039
v 0.309290 -0.397759 0.172675
v 0.382328 -0.293251 0.209667
v 0.455754 0.318760 0.236012
v 0.028980 0.344468 0.171648
v -0.204710 0.387698 0.196286
v -0.304914 0.466623 0.180703
v -0.606421 0.475345 0.187648
v 0.324329 0.565940 0.192628
v -0.380551 0.646900 0.183667
v 0.084224 0.811770 0.186154
v 0.109633 0.808994 0.182702
v 0.233729 -0.699102 0.206515
v 0.359315 -0.651624 0.187403
v 0.238434 -0.589419 0.173578
v 0.295320 -0.487148 0.176870
v 0.219278 -0.397059 0.180106
v 0.304132 -0.383995 0.181399
v 0.236679 0.254609 0.186221
v 0.481838 0.359539 0.201374
v 0.529358 0.414657 0.211859
v 0.551614 0.449583 0.227209
v -0.554955 0.606066 0.197547
v 0.197110 0.756093 0.207275
v 0.197030 -0.331715 0.191179
v 0.183382 -0.284638 0.196701
v 0.301464 -0.109843 0.190521
v 0.287031 0.255769 0.206325
v -0.143933 0.360817 0.205569
v 0.504291 0.395472 0.191745
v -0.432800 0.477760 0.181074
v 0.537432 0.487976 0.228415
v -0.398211 0.628929 0.202352
v -0.061278 0.628145 0.181389
v -0.053182 0.627645 0.177970
v 0.264798 0.694472 0.192435
v 0.286002 -0.575392 0.179881
v -0.063937 0.372568 0.187375
v -0.009744 0.423472 0.198478
v -0.044366 0.431140 0.205059
v -0.437113 0.466653 0.199928
v -0.070175 0.625213 0.203131
v -0.092270 0.635162 0.212050
v 0.054542 0.714434 0.193800
v 0.070208 0.795048 0.192483
v 0.336249 -0.628524 0.197403
v 0.254829 -0.614104 0.190655
v 0.290106 -0.597148 0.186015
v 0.264508 -0.587289 0.184496
v 0.276949 -0.522546 0.185272
v 0.288337 -0.426852 0.186374
v 0.148864 0.315249 0.192119
v 0.099570 0.355234 0.191497
v -0.197222 0.387878 0.215449
v 0.021275 0.405045 0.199242
v 0.014251 0.673290 0.216330
v 0.093047 0.822370 0.199243
v 0.267502 -0.568775 0.183687
v 0.257474 -0.488343 0.186136
v 0.318965 -0.352197 0.197157
v 0.214899 -0.333727 0.200451
v 0.393604 -0.264568 0.207294
v -0.391002 0.480581 0.201437
v -0.428780 0.483205 0.195019
v -0.615125 0.480362 0.211045
v -0.625547 0.518323 0.201606
v 0.332702 0.554735 0.201065
v -0.609705 0.557948 0.200834
v 0.314100 0.598607 0.209447
v -0.520347 0.610308 0.219837
v -0.460793 0.606176 0.195974
v -0.056535 0.628279 0.196840
v -0.278309 0.672055 0.206362
v -0.236687 0.684306 0.202502
v 0.407497 -0.666003 0.232452
v 0.240020 -0.681976 0.216902
v 0.365536 -0.643705 0.218828
v 0.247042 -0.643868 0.203497
v 0.274850 -0.381750 0.193270
v 0.227855 -0.113019 0.215307
v 0.136693 0.368383 0.207020
v 0.107627 0.378963 0.206993
v -0.456883 0.447120 0.217450
v -0.251310 0.452040 0.210025
v -0.309190 0.477998 0.205557
v 0.499671 0.519567 0.234083
v -0.063367 0.624651 0.196186
v -0.005427 0.657403 0.225263
v 0.288497 0.648888 0.227270
v 0.357708 -0.762317 0.226626
v 0.420957 -0.739348 0.222785
v 0.452073 -0.715348 0.255360
v 0.279177 -0.610072 0.199151
v 0.258368 -0.380697 0.193472
v 0.291371 -0.363233 0.195149
v 0.153203 -0.211595 0.202088
v 0.350479 -0.168785 0.207313
v 0.270624 -0.108567 0.205324
v 0.305657 0.267969 0.253446
v 0.375591 0.272198 0.249128
v 0.239506 0.286016 0.230587
v 0.053132 0.382161 0.200684
v 0.514432 0.388157 0.212463
v 0.038702 0.414796 0.193782
v 0.054952 0.408272 0.200392
v 0.039413 0.420466 0.188140
v 0.064446 0.431919 0.188775
v 0.057200 0.440756 0.193810
v 0.028589 0.435045 0.190539
v 0.508303 0.509772 0.215588
v 0.168431 0.789417 0.224036
v 0.070257 0.812564 0.210972
v 0.304508 -0.618626 0.210214
v 0.172033 -0.147386 0.227000
v 0.196453 -0.135320 0.234162
v 0.012344 0.422421 0.202898
v 0.075562 0.417803 0.203802
v 0.081417 0.422862 0.194515
v 0.081929 0.432813 0.196384
v -0.232808 0.437972 0.222580
v 0.030341 0.418692 0.211859
v 0.023071 0.446311 0.197831
v -0.557063 0.442224 0.218433
v -0.044427 0.644911 0.229516
v -0.187565 0.677456 0.211963
v -0.216264 0.681598 0.220084
v 0.407381 -0.751239 0.251665
v 0.412445 -0.747756 0.223807
v 0.426535 -0.688761 0.235169
v 0.392390 -0.656943 0.226720
v 0.270461 -0.341661 0.207514
v 0.354167 -0.303820 0.227360
v 0.203329 -0.256492 0.224944
v 0.376994 -0.223569 0.210906
v 0.100819 0.427246 0.204315
v 0.015613 0.444391 0.206240
v 0.114999 0.428367 0.205155
v 0.096070 0.435284 0.205461
v 0.122483 0.435687 0.202638
v 0.041034 0.456510 0.205700
v 0.342058 0.550407 0.214303
v -0.582280 0.568292 0.250941
v -0.490450 0.608287 0.224315
v -0.056466 0.634753 0.222745
v -0.308828 0.647549 0.224771
v 0.222651 0.749889 0.236495
v 0.128133 0.814235 0.218720
v 0.304031 -0.760558 0.244925
v 0.290164 -0.132691 0.217095
v 0.197448 0.300906 0.211745
v 0.194430 0.322806 0.218949
v 0.053473 0.396368 0.222439
v 0.129572 0.428098 0.205130
v 0.148629 0.437144 0.203614
v -0.008326 0.457230 0.205594
v 0.124102 0.447214 0.210099
v -0.277107 0.480707 0.219003
v 0.482931 0.527567 0.251204
v -0.469690 0.601562 0.223885
v -0.360835 0.621767 0.227199
v -0.066381 0.621445 0.210992
v 0.033550 0.707505 0.226203
v 0.051649 0.764454 0.222427
v 0.271940 -0.734181 0.249293
v 0.381270 -0.269141 0.221111
v 0.338137 -0.187782 0.226227
v 0.512388 0.367717 0.230587
v 0.096683 0.390506 0.218644
v 0.060295 0.399312 0.222370
v 0.124911 0.427431 0.217842
v 0.160684 0.451753 0.206528
v -0.036238 0.463228 0.213122
v -0.428596 0.499755 0.216429
v -0.375143 0.496627 0.222291
v 0.389077 0.537896 0.255673
v -0.449888 0.594047 0.209596
v 0.110180 0.818715 0.227630
v 0.356338 -0.636738 0.237584
v 0.287483 -0.632521 0.233521
v 0.171332 -0.182781 0.226790
v 0.180343 0.383493 0.230171
v -0.161524 0.401390 0.237352
v 0.160356 0.389532 0.228320
v -0.127913 0.416554 0.234691
v 0.036680 0.404478 0.230790
v 0.085533 0.408919 0.213792
v 0.069791 0.446440 0.238729
v 0.169437 0.445078 0.218573
v -0.590218 0.456432 0.238407
v 0.146652 0.467390 0.232127
v 0.349689 0.544990 0.230221
v 0.305966 -0.309938 0.233087
v 0.236193 -0.282587 0.232075
v 0.352932 0.264307 0.264778
v -0.186694 0.394690 0.231828
v 0.135823 0.464220 0.236449
v -0.082649 0.476320 0.237921
v 0.169788 0.456968 0.215713
v -0.613581 0.489551 0.248945
v 0.345226 0.567070 0.236529
v -0.444187 0.581706 0.219169
v -0.437816 0.577512 0.218777
v -0.396897 0.585991 0.230654
v -0.553957 0.588900 0.255193
v -0.070858 0.614959 0.226374
v -0.226735 0.671116 0.233329
v 0.266273 0.706557 0.246449
v 0.079890 0.811914 0.240104
v 0.329752 -0.761186 0.262502
v 0.233872 -0.149918 0.240554
v 0.509780 0.339431 0.271985
v 0.088645 0.396890 0.236789
v 0.562555 0.408541 0.250362
v 0.112016 0.410545 0.243199
v 0.120812 0.409455 0.226617
v 0.033585 0.456205 0.238051
v 0.185902 0.454481 0.220995
v 0.045288 0.460979 0.228522
v 0.161213 0.470141 0.233038
v 0.185766 0.466402 0.224559
v -0.246195 0.467241 0.235957
v -0.050145 0.479409 0.223064
v -0.441552 0.479989 0.300253
v -0.450416 0.460364 0.295364
v -0.453385 0.572249 0.256967
v -0.189636 0.666450 0.236249
v -0.205583 0.666483 0.243239
v 0.055905 0.791677 0.233298
v 0.272074 -0.705280 0.275056
v 0.279526 -0.652753 0.251678
v 0.326763 -0.203057 0.237345
v 0.548982 0.376980 0.258864
v 0.564722 0.430851 0.242735
v 0.090518 0.442143 0.234873
v 0.179525 0.440583 0.236305
v 0.009250 0.483521 0.262241
v 0.195679 0.458544 0.226050
v -0.062506 0.487614 0.231257
v -0.282587 0.508807 0.236353
v -0.077430 0.608263 0.239184
v -0.057993 0.632682 0.253777
v 0.177995 0.788461 0.251427
v 0.213439 -0.220039 0.240931
v 0.297820 -0.176381 0.237539
v -0.210821 0.425468 0.242172
v 0.086871 0.403636 0.236595
v -0.514805 0.429680 0.296825
v 0.165512 0.416259 0.246424
v -0.551666 0.439128 0.260449
v 0.200759 0.477431 0.226625
v 0.565271 0.468069 0.247184
v -0.604293 0.473188 0.253917
v 0.187838 0.484703 0.229426
v -0.056492 0.499444 0.238499
v 0.198471 0.494354 0.230474
v -0.382201 0.528271 0.235324
v -0.429229 0.522570 0.225832
v -0.430554 0.550677 0.225216
v -0.436343 0.551206 0.232449
v 0.459274 0.532267 0.276624
v -0.335592 0.606529 0.240630
v -0.108197 0.618939 0.253453
v 0.311900 0.628139 0.277462
v 0.036147 0.726068 0.249398
v 0.066516 0.801719 0.254230
v 0.452743 -0.723541 0.264919
v 0.269082 -0.676018 0.260350
v 0.327359 -0.632085 0.252057
v 0.323296 -0.285017 0.241340
v 0.349003 -0.268565 0.236583
v 0.209957 0.395914 0.249455
v 0.179698 0.395212 0.240358
v 0.122718 0.398049 0.248541
v 0.054415 0.466650 0.251368
v 0.161040 0.471789 0.241635
v 0.206889 0.469174 0.237588
v 0.186846 0.491675 0.236983
v -0.062980 0.507657 0.236298
v 0.545205 0.500287 0.259088
v -0.393216 0.554096 0.234861
v -0.067891 0.583618 0.239265
v -0.054372 0.598254 0.239615
v -0.064881 0.600955 0.231653
v -0.070612 0.610008 0.239329
v 0.007825 0.679283 0.280489
v 0.143939 0.802513 0.250629
v 0.262743 -0.269044 0.242815
v 0.203794 -0.170912 0.244283
v 0.355945 0.270855 0.288573
v -0.199629 0.441591 0.256071
v 0.047141 0.467672 0.273407
v -0.022171 0.484396 0.261052
v -0.041910 0.491269 0.255756
v 0.214242 0.476464 0.247445
v 0.216661 0.488096 0.249360
v -0.316378 0.540787 0.245308
v -0.014391 0.658420 0.259862
v 0.395546 -0.752082 0.279110
v 0.458387 -0.670257 0.283332
v 0.399681 -0.641918 0.261248
v 0.562221 0.369227 0.280386
v 0.155145 0.403962 0.281894
v 0.169078 0.397146 0.269788
v 0.116262 0.405157 0.251770
v -0.161219 0.448631 0.257279
v 0.118950 0.457328 0.256414
v 0.202894 0.456823 0.250027
v -0.090034 0.518554 0.253094
v 0.198497 0.496979 0.246585
v 0.211484 0.496576 0.252018
v -0.062317 0.520368 0.242230
v -0.067883 0.526980 0.240653
v -0.438489 0.510600 0.296330
v 0.352541 0.564032 0.268150
v -0.057568 0.605162 0.260729
v -0.238674 0.638916 0.251548
v 0.307461 0.650733 0.314160
v 0.217444 0.766042 0.263619
v 0.243538 -0.216892 0.247924
v 0.287276 -0.217292 0.249611
v 0.210859 0.403199 0.257055
v 0.144786 0.414838 0.272925
v 0.630406 0.439038 0.298437
v -0.220136 0.459548 0.253102
v 0.212798 0.471964 0.248074
v 0.215357 0.478843 0.283458
v -0.062268 0.534984 0.247543
v -0.593878 0.511772 0.299327
v -0.066452 0.550002 0.242987
v 0.352802 0.538359 0.255483
v 0.346820 0.576841 0.267335
v -0.069818 0.609866 0.255026
v -0.177999 0.639702 0.258935
v 0.307152 -0.749959 0.274079
v 0.293596 -0.696576 0.306307
v 0.355069 -0.635042 0.264494
v 0.322840 0.288004 0.288934
v 0.465945 0.295701 0.314150
v 0.252686 0.356549 0.271170
v -0.488682 0.432320 0.294434
v 0.038036 0.477131 0.289693
v 0.027000 0.492775 0.300622
v 0.182805 0.452689 0.285629
v -0.260285 0.539242 0.254560
v 0.529546 0.514365 0.279243
v -0.057388 0.529057 0.268538
v -0.077930 0.569824 0.247424
v -0.072205 0.567974 0.249461
v -0.516818 0.576858 0.304499
v -0.214721 0.621296 0.263418
v 0.470679 -0.703440 0.280397
v 0.311808 -0.640381 0.270573
v -0.470747 0.440722 0.294711
v 0.617194 0.452923 0.289517
v 0.222305 0.474259 0.256341
v 0.582757 0.479591 0.274823
v 0.212121 0.495404 0.265440
v 0.223663 0.506026 0.262517
v 0.352741 0.533768 0.271110
v -0.261887 0.570703 0.258848
v -0.068375 0.573000 0.269759
v -0.106107 0.582672 0.263422
v 0.269687 0.739426 0.309791
v 0.053139 0.770243 0.306533
v 0.130260 0.789732 0.284067
v 0.442524 -0.639658 0.298530
v 0.229673 0.403873 0.262132
v 0.633769 0.402073 0.318172
v 0.193913 0.426391 0.276614
v -0.583060 0.480877 0.326411
v 0.235256 0.497890 0.261004
v 0.357433 0.525493 0.289679
v -0.209667 0.581508 0.271440
v -0.047143 0.605492 0.269074
v 0.304598 0.316834 0.296059
v 0.246356 0.412034 0.272802
v 0.062749 0.480699 0.274683
v -0.565922 0.452751 0.311455
v 0.228903 0.460290 0.271602
v -0.214563 0.519856 0.268248
v -0.038204 0.505161 0.291777
v 0.249059 0.479383 0.272518
v -0.122414 0.540145 0.266138
v -0.051312 0.554492 0.287491
v -0.049488 0.597719 0.271929
v 0.296518 -0.726920 0.296845
v 0.385079 -0.630794 0.289727
v 0.245168 0.418692 0.277923
v 0.112884 0.463275 0.285431
v 0.228193 0.440218 0.293441
v -0.175707 0.501558 0.269822
v 0.592192 0.487458 0.294835
v 0.261930 0.498773 0.272386
v 0.241485 0.511964 0.267058
v 0.226545 0.507757 0.278572
v -0.146601 0.593056 0.271932
v -0.051550 0.622498 0.293235
v 0.028449 0.710277 0.311861
v 0.334892 -0.757119 0.294648
v 0.405475 0.274414 0.304762
v 0.223544 0.415844 0.293779
v 0.640374 0.422875 0.310544
v 0.353075 0.531251 0.286972
v -0.049864 0.578562 0.324521
v -0.552895 0.574624 0.286242
v -0.054616 0.613959 0.281776
v 0.206802 0.774452 0.288911
v 0.453190 -0.719985 0.283059
v -0.549172 0.440038 0.303935
v 0.069578 0.497145 0.292118
v 0.074599 0.486789 0.294993
v 0.225231 0.495956 0.281733
v -0.186166 0.535413 0.273673
v 0.235360 0.522085 0.283649
v 0.267844 0.521481 0.274913
v 0.291292 0.527846 0.274715
v 0.249527 0.534112 0.277473
v -0.048390 0.635866 0.279738
v 0.167951 0.781995 0.294832
v 0.317845 -0.673627 0.327117
v 0.415994 -0.613825 0.324953
v -0.531367 0.430575 0.301451
v 0.160339 0.443931 0.303327
v 0.196377 0.455557 0.292931
v 0.090448 0.477051 0.298278
v 0.250120 0.455045 0.291551
v 0.286323 0.487429 0.282231
v 0.311377 0.506450 0.283549
v -0.040759 0.521097 0.298749
v 0.539584 0.519853 0.338739
v 0.284492 0.538024 0.277642
v 0.314208 0.525368 0.285871
v 0.275866 0.556402 0.280259
v 0.272702 0.567266 0.288986
v -0.036757 0.608369 0.285033
v 0.355820 -0.749764 0.315602
v 0.354914 -0.635027 0.302064
v 0.595586 0.366640 0.321987
v 0.187701 0.409766 0.295864
v 0.166444 0.416184 0.294064
v 0.263274 0.437946 0.284075
v 0.067728 0.484559 0.290544
v 0.292336 0.541711 0.293183
v 0.252338 0.551655 0.295232
v -0.038556 0.598912 0.291762
v 0.260689 0.753858 0.316271
v 0.316025 -0.736399 0.312174
v 0.415491 -0.732895 0.305289
v 0.202012 0.425760 0.302629
v 0.248453 0.437984 0.296199
v 0.072196 0.475511 0.315201
v 0.271284 0.467164 0.298941
v 0.277048 0.481695 0.297776
v 0.286729 0.484369 0.289741
v 0.292635 0.481685 0.292809
v 0.303690 0.477336 0.291737
v 0.246626 0.537974 0.290494
v 0.310771 0.536478 0.291788
v -0.486666 0.563981 0.322643
v 0.332915 0.609623 0.334954
v -0.007632 0.662176 0.309023
v 0.285303 0.718181 0.330946
v 0.472768 -0.683898 0.304292
v 0.339729 -0.652309 0.331975
v 0.691407 0.461690 0.361903
v 0.323511 0.494375 0.295379
v -0.440763 0.491625 0.312000
v 0.298341 0.533140 0.299451
v 0.444842 0.528362 0.324664
v 0.263791 0.571188 0.300836
v -0.021821 0.607828 0.302909
v 0.457587 -0.703439 0.306763
v 0.452011 -0.605807 0.360341
v 0.318362 0.442629 0.318002
v 0.285892 0.457797 0.291228
v -0.444948 0.462697 0.302160
v 0.282308 0.463338 0.294647
v 0.291308 0.515517 0.302807
v 0.296422 0.503908 0.309004
v 0.604313 0.503563 0.337510
v 0.326545 0.503516 0.306302
v 0.256421 0.481757 0.313220
v 0.269813 0.502068 0.327725
v 0.348044 0.522582 0.312752
v -0.453869 0.541893 0.314190
v 0.489451 0.524163 0.346060
v 0.303412 0.551144 0.305805
v 0.289867 0.553840 0.305022
v -0.037097 0.617408 0.328180
v 0.065533 0.766867 0.342262
v 0.090118 0.780805 0.318801
v 0.310877 -0.715979 0.323811
v 0.470274 -0.640002 0.348607
v 0.348885 -0.640538 0.323905
v 0.370203 0.290235 0.319348
v 0.515395 0.326556 0.319233
v -0.518022 0.401749 0.327435
v -0.462527 0.428801 0.305526
v 0.335548 0.404264 0.335695
v -0.436494 0.456180 0.309600
v 0.110137 0.468288 0.316428
v 0.240996 0.448937 0.315461
v 0.291171 0.478890 0.310450
v 0.086237 0.486790 0.316055
v 0.286700 0.519456 0.308554
v 0.376648 0.518321 0.326655
v 0.257288 0.560678 0.305918
v -0.002490 0.590155 0.295447
v 0.008931 0.592701 0.303747
v -0.003251 0.601414 0.298804
v 0.128461 0.779149 0.329081
v 0.326185 0.353847 0.322502
v 0.214948 0.430938 0.322642
v 0.154186 0.437181 0.353460
v -0.578050 0.469497 0.324588
v 0.334693 0.478339 0.316414
v 0.279795 0.488037 0.314905
v -0.014813 0.514143 0.339289
v 0.357486 0.518020 0.308935
v -0.447031 0.514646 0.331703
v 0.301563 0.506490 0.333238
v -0.565120 0.531848 0.332915
v 0.314320 0.548755 0.323385
v -0.023605 0.547697 0.322515
v -0.470338 0.537375 0.354215
v 0.347305 0.577331 0.346777
v 0.267313 0.578455 0.316204
v 0.003959 0.582744 0.310458
v -0.020949 0.595678 0.306096
v 0.334776 -0.739179 0.328454
v 0.429063 -0.595368 0.364973
v 0.207024 0.416781 0.350673
v 0.652511 0.483900 0.344240
v 0.348070 0.503939 0.316742
v 0.325094 0.525068 0.332822
v 0.349801 0.544051 0.331895
v -0.535044 0.554821 0.336651
v -0.029726 0.627461 0.345679
v -0.027194 0.641496 0.327208
v 0.380796 -0.733243 0.331420
v 0.464246 -0.677655 0.327710
v 0.416560 0.280285 0.326151
v 0.363608 0.319437 0.332813
v 0.572457 0.344913 0.348274
v -0.506739 0.394846 0.341239
v 0.093228 0.486651 0.329265
v -0.435563 0.486762 0.323744
v -0.001527 0.512791 0.348845
v 0.338933 0.508804 0.314094
v -0.024354 0.526247 0.329159
v -0.029107 0.563420 0.351906
v 0.279091 0.569947 0.329325
v 0.427258 -0.698612 0.341353
v 0.375948 -0.626393 0.347647
v 0.253999 0.446736 0.333742
v 0.290635 0.493633 0.330401
v -0.576796 0.494652 0.343265
v 0.269237 0.561161 0.335344
v 0.270841 0.571392 0.334601
v -0.509617 0.561727 0.335580
v 0.003501 0.576963 0.345169
v -0.026397 0.588662 0.346703
v -0.000059 0.605662 0.337851
v 0.027460 0.700854 0.337229
v 0.057626 0.755145 0.349713
v 0.226061 0.764221 0.354614
v 0.453769 0.287291 0.349946
v -0.566508 0.412620 0.344838
v -0.457992 0.421301 0.336156
v -0.438654 0.448712 0.348918
v 0.238480 0.427099 0.338543
v 0.032583 0.507366 0.335936
v 0.283688 0.523848 0.339231
v 0.308143 0.556047 0.326370
v 0.311804 0.650180 0.356335
v 0.180920 0.768633 0.378590
v 0.319212 -0.696968 0.336552
v 0.456121 0.295650 0.363496
v 0.473231 0.293455 0.352224
v -0.589258 0.451271 0.346576
v 0.367368 0.502993 0.337021
v 0.415972 0.517774 0.342927
v 0.301546 0.561045 0.330719
v 0.337239 0.597447 0.371697
v -0.002509 0.656191 0.345982
v 0.281275 0.724669 0.352170
v 0.189344 0.418875 0.366385
v 0.697557 0.443121 0.367436
v -0.582213 0.476564 0.333630
v 0.083879 0.477619 0.339486
v 0.048188 0.487475 0.350916
v -0.438589 0.500333 0.339336
v -0.557680 0.518856 0.357066
v 0.275478 0.533062 0.346118
v 0.281112 0.558725 0.343015
v -0.484774 0.542339 0.361035
v -0.041231 0.577871 0.341796
v 0.019674 0.588040 0.338975
v -0.477807 0.401356 0.350931
v 0.700132 0.426629 0.378676
v 0.074450 0.473255 0.353219
v 0.042423 0.517561 0.361594
v 0.638456 0.502688 0.365448
v -0.456515 0.527344 0.343322
v 0.337821 0.549477 0.355227
v 0.309036 0.564809 0.340520
v 0.346458 -0.719568 0.351318
v 0.092378 0.493499 0.346825
v 0.100278 0.486910 0.342775
v 0.352690 -0.667311 0.364905
v 0.419089 0.315402 0.359772
v 0.437731 0.358387 0.385738
v 0.354448 0.390081 0.346683
v 0.678723 0.391424 0.393144
v -0.550076 0.391218 0.368733
v 0.373098 0.443933 0.356625
v 0.256543 0.441256 0.364506
v 0.286985 0.523725 0.355878
v 0.299574 0.523385 0.353272
v 0.033787 0.693760 0.362347
v 0.088168 0.765268 0.365267
v 0.384037 -0.625071 0.385399
v 0.639750 0.368563 0.388935
v -0.451767 0.416526 0.365690
v -0.582676 0.419763 0.367158
v 0.251402 0.431109 0.369258
v 0.141453 0.452394 0.369476
v 0.693469 0.481041 0.373241
v 0.271146 0.509380 0.358316
v 0.277361 0.528844 0.353991
v 0.316080 0.554815 0.371331
v -0.014437 0.618494 0.374172
v -0.013371 0.633114 0.365048
v 0.249646 0.742258 0.387140
v 0.362360 -0.689381 0.373303
v 0.462556 -0.611122 0.377206
v 0.513182 0.319603 0.369558
v 0.543163 0.332258 0.374049
v 0.685346 0.405608 0.381140
v -0.449883 0.522047 0.356363
v -0.518900 0.536547 0.369816
v -0.499858 0.540580 0.369142
v 0.300310 0.565438 0.353789
v 0.228352 0.417566 0.374661
v 0.091631 0.482009 0.363661
v 0.096505 0.469287 0.377714
v 0.099958 0.505033 0.359328
v -0.588639 0.487002 0.381644
v 0.091046 0.503151 0.357946
v 0.457175 0.495358 0.378748
v -0.464129 0.536710 0.372361
v -0.001977 0.545865 0.366618
v -0.017678 0.578132 0.367729
v 0.016178 0.565772 0.378394
v 0.027738 0.580288 0.366482
v 0.024035 0.588961 0.359522
v 0.201033 0.762504 0.392613
v 0.389260 -0.678274 0.388695
v 0.452990 -0.630389 0.386884
v 0.448720 -0.595711 0.380604
v -0.508829 0.382963 0.386561
v -0.442044 0.473543 0.400751
v 0.695094 0.505527 0.398486
v 0.529333 0.506310 0.391338
v 0.566148 0.509693 0.388381
v 0.011306 0.539363 0.386057
v -0.013761 0.566907 0.377515
v 0.003486 0.604349 0.386557
v 0.414609 -0.599453 0.391387
v -0.594486 0.443791 0.373611
v 0.427942 0.465084 0.383275
v 0.060725 0.516100 0.410754
v 0.260897 0.501480 0.386618
v 0.269791 0.541616 0.367728
v 0.274998 0.547545 0.366133
v 0.304043 0.572966 0.371857
v 0.331192 0.577936 0.382150
v 0.482646 0.306053 0.377508
v 0.460321 0.338681 0.392340
v 0.427645 0.395394 0.388104
v 0.436489 0.431400 0.395440
v 0.177662 0.430111 0.386566
v 0.718578 0.463966 0.382733
v 0.070968 0.494747 0.406332
v -0.447425 0.509989 0.398361
v 0.521836 0.489968 0.410732
v 0.606736 0.507893 0.392038
v 0.032804 0.534092 0.393421
v 0.291348 0.547012 0.387446
v 0.295961 0.569519 0.378296
v 0.018066 0.645354 0.375085
v 0.035366 0.660201 0.384012
v 0.068783 0.739400 0.380188
v 0.206272 0.420164 0.391814
v 0.251380 0.474852 0.390369
v 0.102980 0.513077 0.382714
v -0.559270 0.515944 0.393163
v -0.452987 0.524512 0.390086
v 0.269885 0.558039 0.375258
v 0.267045 0.696752 0.438622
v 0.148262 0.465836 0.393390
v 0.279043 0.552055 0.384226
v 0.015448 0.552178 0.390731
v 0.311632 0.564152 0.389355
v 0.298188 0.569712 0.385329
v 0.032649 0.566942 0.385654
v -0.448226 0.421977 0.398034
v -0.465176 0.404006 0.402313
v 0.128653 0.501506 0.392239
v 0.051950 0.528188 0.386711
v 0.261981 0.558195 0.382244
v 0.269587 0.567173 0.381544
v 0.034866 0.576877 0.387390
v 0.298535 0.657025 0.412601
v 0.129558 0.757893 0.391713
v -0.562912 0.393763 0.427806
v 0.740210 0.439440 0.405013
v 0.280528 0.563816 0.409562
v 0.009984 0.616403 0.392104
v 0.401381 -0.640653 0.411008
v 0.425340 -0.638054 0.405215
v 0.396917 -0.628320 0.406256
v 0.513888 0.327386 0.401234
v -0.446028 0.442308 0.425946
v 0.107221 0.472154 0.392459
v 0.764667 0.484178 0.414644
v 0.115356 0.503761 0.397539
v 0.687110 0.513993 0.426977
v -0.469646 0.534597 0.425564
v 0.268170 0.574738 0.394160
v 0.213328 0.429304 0.401528
v 0.232463 0.470101 0.411501
v 0.478369 0.448434 0.417588
v 0.256969 0.483242 0.399393
v 0.257216 0.570698 0.394009
v 0.318067 0.607537 0.409435
v 0.053536 0.614510 0.406783
v 0.175390 0.749013 0.414095
v 0.427917 -0.613173 0.408859
v 0.495942 0.329155 0.403745
v -0.534724 0.381567 0.425931
v 0.706142 0.401291 0.407948
v -0.591922 0.431745 0.422244
v 0.193691 0.434229 0.401908
v 0.774392 0.444872 0.425186
v -0.597230 0.459814 0.435900
v 0.137328 0.503255 0.404718
v 0.253019 0.525529 0.404461
v 0.037189 0.554511 0.410733
v 0.036702 0.572084 0.411372
v 0.025536 0.594973 0.408403
v 0.084988 0.686186 0.423428
v 0.109204 0.725332 0.415551
v 0.555741 0.338906 0.425888
v 0.618772 0.352340 0.433806
v 0.656568 0.361104 0.444690
v 0.671134 0.369523 0.430662
v 0.236065 0.480253 0.416974
v 0.129854 0.492315 0.411327
v 0.504124 0.471627 0.418675
v 0.246411 0.499156 0.413675
v 0.581715 0.500998 0.421488
v 0.060344 0.538941 0.406190
v -0.485141 0.534589 0.435104
v 0.236326 0.557940 0.422975
v 0.268587 0.576674 0.415571
v 0.252928 0.579890 0.411576
v 0.502690 0.362894 0.433016
v -0.510852 0.380910 0.427963
v 0.738898 0.409605 0.426318
v 0.167790 0.479698 0.412841
v 0.079528 0.656942 0.423227
v 0.232770 0.730558 0.429159
v 0.471270 0.413873 0.419487
v 0.151026 0.505364 0.414489
v 0.293468 0.573291 0.425901
v 0.205463 0.474607 0.416174
v -0.576023 0.490345 0.443546
v 0.135072 0.493257 0.420585
v -0.460942 0.525045 0.429544
v -0.457489 0.509117 0.442540
v 0.237179 0.545024 0.426601
v 0.047369 0.568366 0.419951
v 0.500614 0.388104 0.443114
v 0.711303 0.382293 0.436772
v 0.110796 0.497921 0.421588
v 0.722153 0.508694 0.422570
v 0.248630 0.517222 0.434210
v 0.651898 0.512237 0.441160
v -0.528989 0.521704 0.439001
v 0.069662 0.554249 0.424041
v 0.274961 0.555356 0.432239
v 0.527230 0.353771 0.440546
v -0.476514 0.397769 0.439714
v 0.794238 0.468595 0.439868
v 0.222980 0.484498 0.426259
v 0.766155 0.493242 0.425577
v 0.259521 0.569661 0.439030
v 0.249253 0.575246 0.439312
v -0.582263 0.417559 0.437989
v 0.538722 0.480318 0.432272
v -0.451061 0.465998 0.444578
v 0.202233 0.525070 0.419843
v 0.084815 0.524496 0.432757
v 0.155667 0.514833 0.423425
v 0.169114 0.519763 0.423068
v 0.679531 0.517332 0.469692
v 0.196615 0.543480 0.419684
v 0.177856 0.542357 0.426061
v 0.212546 0.543390 0.427891
v 0.074319 0.582909 0.422878
v 0.136518 0.537773 0.450974
v 0.155061 0.515363 0.435685
v 0.166941 0.523628 0.432540
v 0.231683 0.518530 0.439017
v -0.465344 0.529691 0.437664
v 0.196513 0.551517 0.436247
v 0.278206 0.654049 0.449982
v 0.617200 0.351736 0.468650
v -0.553883 0.362624 0.459900
v -0.452957 0.429290 0.455024
v 0.505892 0.441024 0.441589
v 0.612056 0.500242 0.451413
v -0.501911 0.529870 0.441013
v 0.203260 0.546959 0.443807
v 0.226893 0.553046 0.432409
v 0.784597 0.491571 0.448263
v 0.742518 0.512850 0.457961
v 0.211117 0.552180 0.439435
v 0.265039 0.573504 0.460838
v 0.272138 0.594937 0.460100
v 0.153437 0.690338 0.446486
v 0.209347 0.702812 0.456074
v 0.566910 0.352371 0.459335
v 0.784627 0.383436 0.488182
v 0.522672 0.408255 0.464848
v 0.799996 0.411800 0.470173
v 0.810432 0.447271 0.459718
v 0.774884 0.500899 0.458790
v -0.518886 0.520103 0.449913
v 0.197641 0.537663 0.448829
v -0.477834 0.546518 0.458227
v 0.220286 0.557652 0.446450
v 0.250134 0.564558 0.453058
v 0.240510 0.701147 0.455252
v -0.516968 0.356342 0.467804
v -0.467250 0.411556 0.467289
v -0.589681 0.445924 0.457161
v -0.507536 0.539236 0.460509
v 0.218891 0.547589 0.458660
v 0.127806 0.574248 0.460519
v 0.140415 0.641306 0.453454
v -0.487686 0.384239 0.478599
v 0.532892 0.390326 0.467267
v 0.567400 0.469087 0.471322
v -0.576814 0.475084 0.463147
v 0.600672 0.485044 0.478332
v -0.544935 0.503858 0.457296
v 0.722540 0.518796 0.479325
v 0.245960 0.564104 0.464753
v 0.216789 0.680707 0.468970
v -0.584483 0.383736 0.472617
v -0.599819 0.408484 0.486078
v -0.441467 0.433762 0.474371
v -0.435651 0.471263 0.477702
v 0.193467 0.548516 0.461119
v -0.500378 0.554088 0.496018
v -0.546809 0.518573 0.490173
v 0.245478 0.663135 0.470509
v -0.549104 0.346542 0.488720
v 0.760890 0.367025 0.504099
v 0.556063 0.448187 0.480208
v 0.572339 0.370088 0.481679
v 0.824445 0.468281 0.487431
v -0.430679 0.498002 0.512709
v -0.514929 0.546423 0.489560
v 0.146233 0.592908 0.466846
v 0.175932 0.631175 0.469929
v -0.603153 0.441382 0.516539
v -0.458310 0.537507 0.490863
v 0.174237 0.580552 0.472793
v 0.532070 0.417520 0.473241
v 0.224751 0.616145 0.475329
v 0.609937 0.356727 0.489516
v -0.573352 0.355056 0.510784
v -0.430038 0.417836 0.502689
v 0.830337 0.445728 0.490993
v -0.584997 0.486666 0.521943
v -0.533934 0.342622 0.494067
v 0.661767 0.351678 0.501379
v 0.600231 0.370450 0.501139
v -0.479352 0.383773 0.497571
v 0.822550 0.396912 0.512419
v -0.420885 0.435893 0.500289
v 0.623516 0.472200 0.511851
v 0.666330 0.502955 0.512511
v -0.504642 0.351925 0.531636
v -0.596205 0.385419 0.506740
v 0.599483 0.387342 0.510103
v 0.600206 0.414062 0.515031
v -0.419828 0.458101 0.499270
v 0.768679 0.362063 0.543390
v -0.420438 0.481774 0.510524
v 0.825495 0.490033 0.549138
v -0.432644 0.379317 0.534826
v 0.655586 0.481335 0.531932
v -0.542391 0.338131 0.516999
v 0.844523 0.415770 0.542994
v 0.786889 0.510229 0.555985
v 0.748423 0.514947 0.545286
v -0.482908 0.563073 0.562971
v 0.647674 0.362870 0.535628
v -0.393427 0.422321 0.515296
v -0.384851 0.449368 0.514917
v 0.612347 0.440130 0.518827
v -0.387741 0.476442 0.519180
v -0.603271 0.402265 0.543924
v 0.805639 0.373293 0.542859
v 0.823315 0.389380 0.530352
v 0.616954 0.392845 0.528998
v -0.463405 0.553716 0.560256
v -0.400692 0.391530 0.539037
v -0.381652 0.415107 0.531446
v 0.846053 0.476502 0.561652
v -0.419777 0.503689 0.543783
v 0.699253 0.357754 0.536710
v -0.368255 0.451372 0.536655
v 0.807162 0.503093 0.559331
v -0.521973 0.549194 0.561747
v -0.461849 0.356928 0.555745
v -0.580215 0.361299 0.568905
v 0.850182 0.452897 0.543180
v 0.636172 0.456289 0.534253
v -0.379064 0.484508 0.538718
v -0.598271 0.457320 0.556987
v -0.556236 0.523261 0.556370
v 0.710610 0.508797 0.551942
v -0.550703 0.339156 0.553814
v 0.659523 0.467438 0.553648
v -0.512152 0.341581 0.574797
v 0.694230 0.376707 0.578663
v 0.642618 0.438231 0.552704
v -0.363324 0.463509 0.573916
v -0.435609 0.528734 0.572266
v -0.419382 0.362543 0.571655
v -0.596253 0.390182 0.576197
v -0.399495 0.513194 0.587615
v -0.392586 0.380813 0.573953
v 0.696078 0.490055 0.578193
v 0.682362 0.394623 0.587255
v 0.659523 0.419184 0.576775
v -0.366118 0.418694 0.581664
v -0.574704 0.499839 0.581997
v 0.712861 0.368781 0.577253
v 0.767343 0.367628 0.604169
v 0.803066 0.369987 0.596421
v 0.876307 0.429408 0.631365
v 0.685325 0.455439 0.603792
v -0.380257 0.495134 0.598809
v 0.836907 0.384153 0.613307
v -0.539513 0.531592 0.591374
v -0.463967 0.352481 0.587769
v 0.877620 0.459761 0.630587
v -0.455594 0.543296 0.622430
v -0.528302 0.348876 0.603020
v -0.548950 0.363795 0.634529
v -0.594257 0.420357 0.605821
v -0.440709 0.538258 0.599915
v -0.494472 0.552125 0.595608
v -0.584395 0.390590 0.635084
v 0.861889 0.400010 0.638950
v 0.690640 0.437074 0.614892
v -0.584454 0.457634 0.614236
v 0.778431 0.508548 0.664321
v -0.434167 0.356351 0.619248
v 0.852498 0.498421 0.643144
v -0.489036 0.357001 0.626578
v -0.396668 0.380511 0.618181
v 0.726586 0.485534 0.640459
v 0.729492 0.493629 0.631187
v 0.818349 0.510302 0.634467
v -0.472581 0.540364 0.634968
v 0.799842 0.373907 0.627948
v -0.410857 0.517689 0.626921
v 0.735820 0.386574 0.630238
v -0.379755 0.423829 0.625373
v -0.378200 0.463191 0.622178
v 0.872605 0.477849 0.632200
v -0.565686 0.475575 0.634245
v -0.551108 0.509196 0.616021
v 0.705480 0.418967 0.628798
v -0.499889 0.529219 0.637363
v -0.430631 0.366056 0.641857
v 0.727855 0.407316 0.648453
v 0.788164 0.392560 0.676755
v -0.573661 0.429755 0.652367
v 0.713677 0.436814 0.648476
v 0.714620 0.456542 0.648641
v -0.408602 0.391651 0.646838
v -0.479784 0.367609 0.658322
v -0.509353 0.380019 0.662774
v 0.881172 0.400429 0.644146
v 0.896904 0.445017 0.642056
v 0.890951 0.465571 0.638867
v -0.560925 0.456812 0.652989
v -0.401973 0.465281 0.650366
v -0.522537 0.493961 0.659111
v -0.439738 0.519736 0.650578
v -0.461966 0.526385 0.653520
v 0.840299 0.388233 0.651059
v 0.882664 0.488288 0.642213
v 0.764791 0.502887 0.674341
v 0.842506 0.508656 0.658598
v 0.754768 0.404206 0.676805
v 0.738822 0.421654 0.683466
v -0.444980 0.377611 0.662282
v 0.818719 0.387220 0.664413
v 0.910006 0.394614 0.691673
v -0.423340 0.409216 0.667066
v -0.434158 0.466763 0.671076
v -0.489306 0.501671 0.670466
v -0.534177 0.399176 0.674617
v 0.903598 0.382625 0.707596
v -0.562024 0.419740 0.666940
v 0.907051 0.481962 0.693675
v 0.808228 0.515886 0.672934
v 0.824172 0.384766 0.681830
v 0.737897 0.479529 0.684073
v -0.473346 0.498357 0.673130
v 0.918220 0.450408 0.696588
v -0.524231 0.443022 0.687716
v 0.729120 0.456153 0.683824
v 0.842161 0.514931 0.687288
v 0.879210 0.501546 0.690024
v -0.465457 0.401065 0.686463
v -0.459993 0.415625 0.689748
v -0.490016 0.404183 0.692304
v -0.518955 0.418377 0.690810
v 0.730280 0.438647 0.684330
v 0.776315 0.394284 0.688693
v -0.482231 0.449080 0.693362
v 0.754972 0.499106 0.717661
v 0.802548 0.515746 0.703778
v 0.738776 0.410859 0.708193
v 0.753564 0.393810 0.739972
v -0.499010 0.437391 0.696913
v 0.731566 0.479769 0.734767
v 0.865753 0.518290 0.700953
v 0.832478 0.524396 0.702982
v 0.923728 0.392378 0.704655
v 0.919185 0.494031 0.711872
v 0.934166 0.478386 0.715527
v 0.725417 0.459425 0.731611
v 0.837501 0.526981 0.718259
v 0.887191 0.377814 0.753101
v 0.945946 0.422941 0.729644
v 0.946572 0.395811 0.741169
v 0.771509 0.512454 0.745098
v 0.907594 0.505771 0.725837
v 0.786655 0.387004 0.740465
v 0.948479 0.467172 0.733662
v 0.843768 0.381696 0.758135
v 0.808553 0.515485 0.751873
v 0.726115 0.422535 0.747505
v 0.741716 0.399454 0.742411
v 0.858532 0.520160 0.743120
v 0.937224 0.488681 0.747563
v 0.918160 0.377657 0.773444
v 0.918106 0.499678 0.750301
v 0.725134 0.443153 0.752704
v 0.961791 0.436958 0.768694
v 0.737244 0.483125 0.743275
v 0.740269 0.382613 0.752345
v 0.770953 0.370164 0.758566
v 0.720175 0.398905 0.754914
v 0.749317 0.366782 0.766889
v 0.737286 0.462912 0.757204
v 0.839906 0.508665 0.765913
v 0.702742 0.416549 0.767548
v 0.721224 0.373185 0.769384
v 0.960537 0.411665 0.790022
v 0.704718 0.443612 0.776894
v 0.949961 0.469835 0.769453
v 0.765353 0.488306 0.764683
v 0.928983 0.486403 0.774129
v 0.876933 0.499056 0.777863
v 0.785851 0.500465 0.770434
v 0.794553 0.362098 0.786029
v 0.942740 0.387903 0.794824
v 0.685909 0.379757 0.800448
v 0.722292 0.468318 0.796213
v 0.828920 0.511985 0.776558
v 0.704876 0.362030 0.796976
v 0.685146 0.420040 0.795314
v 0.955969 0.461420 0.796407
v 0.945908 0.476228 0.792636
v 0.772374 0.499051 0.803295
v 0.920960 0.356569 0.828233
v 0.872471 0.350436 0.831337
v 0.691561 0.441586 0.803421
v 0.959492 0.442212 0.806535
v 0.838450 0.358539 0.829482
v 0.740343 0.355550 0.823627
v 0.810151 0.515016 0.840530
v 0.834221 0.518722 0.836629
v 0.673060 0.411475 0.835433
v 0.739114 0.481608 0.830244
v 0.906806 0.492535 0.832903
v 0.944454 0.386510 0.839729
v 0.680547 0.362018 0.833647
v 0.948179 0.409034 0.848182
v 0.694189 0.447856 0.825839
v 0.920092 0.480074 0.852097
v 0.909060 0.344056 0.850329
v 0.784673 0.352000 0.843565
v 0.702583 0.349612 0.838461
v 0.927698 0.351546 0.860846
v 0.934380 0.458731 0.854830
v 0.762362 0.341819 0.848483
v 0.712189 0.450664 0.855340
v 0.670877 0.378072 0.862005
v 0.885861 0.333747 0.879590
v 0.672348 0.409856 0.863225
v 0.873142 0.507461 0.880327
v 0.812906 0.348601 0.860544
v 0.766084 0.317513 0.875321
v 0.802498 0.325944 0.864632
v 0.692058 0.339437 0.875657
v 0.831652 0.346598 0.869565
v 0.754000 0.469399 0.864706
v 0.682854 0.344116 0.890489
v 0.851571 0.336513 0.878230
v 0.930108 0.425070 0.902296
v 0.683524 0.403103 0.887693
v 0.837756 0.510438 0.895778
v 0.812113 0.305658 0.875948
v 0.843722 0.302992 0.874901
v 0.917423 0.336084 0.897072
v 0.802240 0.485827 0.895303
v 0.844160 0.292360 0.881531
v 0.880494 0.500129 0.906785
v 0.791916 0.297199 0.899639
v 0.866383 0.326135 0.885384
v 0.869421 0.314235 0.889595
v 0.931633 0.370890 0.909959
v 0.738860 0.424321 0.889296
v 0.758933 0.433035 0.897246
v 0.900101 0.316637 0.901160
v 0.926114 0.345477 0.900908
v 0.682883 0.372392 0.913613
v 0.781373 0.439590 0.912224
v 0.893131 0.485386 0.917900
v 0.830413 0.504510 0.919636
v 0.885606 0.306507 0.918033
v 0.850141 0.506662 0.927488
v 0.820709 0.288426 0.916034
v 0.730064 0.309620 0.916332
v 0.712137 0.317638 0.921507
v 0.724743 0.405069 0.902966
v 0.905306 0.463514 0.922757
v 0.752400 0.430654 0.915625
v 0.805529 0.457131 0.928035
v 0.896346 0.321806 0.939971
v 0.701538 0.331654 0.930387
v 0.836569 0.291472 0.941023
v 0.921774 0.356406 0.930211
v 0.714539 0.371795 0.937592
v 0.917725 0.392145 0.941847
v 0.761882 0.428035 0.942051
v 0.789948 0.288195 0.948486
v 0.693833 0.358357 0.929223
v 0.800944 0.443448 0.952492
v 0.739561 0.394975 0.940189
v 0.906711 0.413449 0.954469
v 0.875212 0.474326 0.957837
v 0.765962 0.292452 0.952035
v 0.858572 0.492021 0.953442
v 0.860151 0.305931 0.956732
v 0.726276 0.312780 0.946480
v 0.805421 0.472926 0.947413
v 0.887576 0.430808 0.972404
v 0.829341 0.496795 0.954933
v 0.726918 0.334531 0.970154
v 0.903069 0.363426 0.962281
v 0.809335 0.475584 0.962627
v 0.799687 0.301066 0.975893
v 0.747415 0.375571 0.969977
v 0.736595 0.320585 0.970695
v 0.877788 0.334986 0.970566
v 0.814623 0.448175 0.971087
v 0.822617 0.459994 0.974236
v 0.843996 0.476457 0.974828
v 0.768373 0.313199 0.984462
v 0.738985 0.349621 0.981124
v 0.888110 0.377462 0.979157
v 0.804823 0.413512 0.985634
v 0.778760 0.388884 0.986003
v 0.823228 0.332384 0.994375
v 0.868845 0.387806 0.994901
v 0.858464 0.442214 0.988294
v 0.756088 0.342886 0.992823
v 0.834355 0.425589 0.995543
v 0.778199 0.364215 0.997576
v 0.788155 0.336964 1.000040
v 0.839082 0.399143 1.002320
vn -0.3770 0.4792 -0.7926
vn -0.0820 0.7554 -0.6501
vn -0.0005 0.0518 -0.9987
vn -0.3310 -0.5461 -0.7695
vn -0.6133 -0.1263 -0.7797
vn 0.2543 -0.2197 -0.9418
vn 0.4399 0.5155 -0.7353
vn 0.6976 0.3624 -0.6180
vn 0.3671 -0.2984 -0.8810
vn 0.8495 -0.0384 -0.5262
vn 0.4095 -0.5111 -0.7557
vn -0.7131 0.3332 -0.6169
vn -0.2085 -0.6351 -0.7437
vn -0.5671 -0.1617 -0.8076
vn -0.6113 0.6242 -0.4864
vn 0.7473 -0.5769 -0.3298
vn 0.8840 0.1261 -0.4501
vn 0.3541 0.7067 -0.6126
vn -0.1462 0.8512 -0.5041
vn 0.0604 -0.7487 -0.6602
vn -0.5170 0.7618 -0.3903
vn 0.9784 -0.2034 -0.0363
vn -0.7211 0.5051 -0.4742
vn 0.6634 0.4458 -0.6010
vn 0.0838 -0.7817 -0.6180
vn 0.6857 -0.7131 -0.1460
vn -0.3019 -0.5239 -0.7965
vn -0.1639 -0.6422 -0.7488
vn 0.9870 -0.0732 -0.1433
vn 0.5640 -0.7876 -0.2482
vn -0.5466 -0.1500 -0.8238
vn -0.7035 0.2936 -0.6473
vn 0.8601 0.2569 -0.4406
vn -0.1461 0.8575 -0.4933
vn -0.2228 -0.5362 -0.8142
vn 0.9239 -0.3473 0.1603
vn -0.7037 0.6558 -0.2733
vn -0.4896 -0.1694 -0.8553
vn -0.6438 0.7200 -0.2589
vn 0.6492 0.4405 -0.6201
vn 0.2218 0.7219 -0.6555
vn 0.9828 -0.0214 -0.1835
vn -0.2519 0.8051 -0.5370
vn 0.8140 -0.5196 0.2598
vn -0.7251 0.3250 -0.6071
vn 0.4391 -0.8187 -0.3701
vn -0.1400 -0.6259 -0.7672
vn 0.8970 0.0695 -0.4366
vn 0.0893 0.7024 -0.7062
vn 0.7742 -0.4838 0.4082
vn -0.7180 0.6843 -0.1270
vn 0.9343 -0.3564 -0.0008
vn -0.4905 0.7804 -0.3878
vn 0.3094 -0.8087 -0.5003
vn 0.7733 -0.5354 0.3397
vn -0.7960 0.5057 -0.3327
vn 0.7796 -0.6138 0.1243
vn -0.6269 -0.0045 -0.7791
vn 0.6271 0.3750 -0.6827
vn -0.2490 -0.4873 -0.8370
vn 0.9528 -0.1811 -0.2438
vn -0.7091 0.0047 -0.7051
vn 0.8243 -0.5278 0.2049
vn -0.1150 -0.6841 -0.7203
vn -0.1846 -0.6368 -0.7486
vn 0.7645 -0.4420 0.4691
vn -0.6942 0.6851 -0.2209
vn 0.4834 -0.8517 -0.2022
vn -0.7248 0.6889 -0.0097
vn -0.4553 0.7372 -0.4992
vn 0.2801 0.6640 -0.6933
vn 0.8900 -0.2670 -0.3696
vn 0.3509 -0.9286 -0.1205
vn 0.8416 0.0091 -0.5400
vn 0.6766 0.3390 -0.6536
vn -0.7640 -0.1667 -0.6232
vn -0.6852 0.7117 0.1549
vn 0.7535 -0.6452 0.1264
vn -0.6313 0.6757 0.3807
vn 0.0780 -0.9622 -0.2611
vn 0.4693 -0.7512 0.4642
vn -0.7474 0.6301 0.2108
vn 0.8647 -0.4786 -0.1520
vn -0.8590 0.5098 -0.0467
vn -0.8011 0.5649 0.1979
vn -0.6847 0.6631 -0.3025
vn -0.1562 -0.8478 -0.5069
vn 0.5715 -0.4379 0.6940
vn 0.5624 -0.5873 0.5821
vn -0.7828 -0.4981 -0.3729
vn 0.6039 -0.4615 0.6498
vn -0.6876 0.4739 0.5501
vn -0.8363 0.5474 -0.0308
vn 0.6546 -0.3484 0.6709
vn -0.6288 0.6919 0.3549
vn -0.5101 0.5745 0.6402
vn 0.6791 0.1545 -0.7176
vn 0.3624 0.5535 -0.7499
vn -0.3911 0.7138 -0.5810
vn 0.0799 -0.9953 0.0551
vn -0.4588 0.6502 0.6056
vn 0.8167 -0.1506 -0.5570
vn -0.0830 -0.9929 -0.0856
vn 0.6081 -0.6822 0.4060
vn 0.7639 -0.6452 -0.0142
vn -0.1841 0.6755 -0.7140
vn 0.3682 -0.7093 0.6011
vn -0.9345 0.3266 0.1419
vn 0.4291 -0.2092 0.8787
vn -0.2812 0.4678 0.8379
vn 0.4117 -0.4407 0.7977
vn 0.4612 0.3049 -0.8333
vn -0.5208 0.3186 0.7920
vn 0.4503 -0.7964 0.4037
vn 0.8479 -0.4183 -0.3258
vn -0.7243 -0.6845 0.0834
vn -0.2859 0.6499 0.7042
vn -0.8304 0.3714 0.4152
vn 0.1162 -0.7543 0.6461
vn 0.3872 -0.3795 0.8403
vn 0.3826 -0.1317 0.9145
vn -0.5628 0.1919 0.8040
vn -0.8851 0.4085 0.2228
vn 0.6895 -0.0284 -0.7237
vn -0.0681 0.4834 -0.8728
vn -0.6547 0.6704 -0.3493
vn -0.5639 0.5373 0.6272
vn 0.0411 -0.1774 0.9833
vn -0.0228 -0.3029 0.9528
vn -0.2391 0.2957 0.9249
vn -0.3663 0.5630 -0.7408
vn 0.3334 0.2395 -0.9119
vn 0.0702 0.0267 0.9972
vn 0.2043 -0.5539 0.8071
vn -0.3731 0.0780 0.9245
vn 0.2831 -0.6659 0.6902
vn 0.5826 -0.7797 0.2297
vn -0.6700 -0.4181 0.6134
vn 0.0555 0.1907 0.9801
vn 0.0138 0.4116 0.9113
vn -0.6762 0.0121 0.7366
vn -0.7879 0.1129 0.6054
vn -0.8411 0.5363 -0.0704
vn 0.2858 0.0147 0.9582
vn 0.7591 -0.3648 -0.5391
vn 0.1871 0.2188 0.9577
vn 0.0059 0.5115 0.8593
vn -0.1759 -0.3439 0.9224
vn -0.8101 0.1694 0.5613
vn -0.9114 0.3262 0.2510
vn 0.6268 -0.0773 -0.7753
vn 0.0701 0.4063 -0.9111
vn 0.2969 0.3470 -0.8896
vn 0.1565 -0.2881 0.9447
vn -0.8153 0.0703 0.5748
vn 0.7416 -0.6678 -0.0638
vn -0.5730 0.5708 -0.5881
vn -0.2742 0.5178 -0.8104
vn -0.3284 0.0527 0.9431
vn 0.0683 -0.7422 0.6667
vn -0.4029 -0.2532 0.8795
vn -0.9233 0.2739 0.2693
vn -0.0846 -0.6832 0.7253
vn 0.7551 -0.5934 -0.2786
vn 0.6833 -0.2253 -0.6946
vn -0.1184 0.6510 -0.7498
vn -0.5240 -0.2995 0.7973
vn 0.5319 0.2007 -0.8227
vn -0.5662 0.5079 -0.6493
vn 0.5028 -0.8478 0.1685
vn -0.8437 0.5328 -0.0660
vn 0.7340 -0.5109 -0.4475
vn -0.7440 0.5466 -0.3842
vn 0.2297 -0.8891 0.3960
vn -0.8627 0.0799 0.4994
vn -0.9162 0.3594 0.1769
vn 0.1500 0.6050 -0.7820
vn -0.2608 -0.6243 0.7364
vn -0.0727 -0.8454 0.5292
vn -0.6664 -0.1190 0.7360
vn 0.6200 -0.7836 -0.0405
vn -0.5051 0.6691 -0.5452
vn -0.2905 -0.5917 0.7520
vn -0.6844 -0.2433 0.6873
vn -0.9121 0.1433 0.3842
vn 0.7589 -0.1917 -0.6224
vn -0.8739 0.4631 -0.1476
vn 0.8040 -0.4352 -0.4052
vn 0.6776 0.1824 -0.7124
vn -0.9478 0.2971 0.1155
vn -0.7412 0.5420 -0.3960
vn -0.3186 0.7848 -0.5315
vn 0.3922 0.5612 -0.7289
vn -0.4850 -0.6624 0.5710
vn -0.8744 -0.1967 0.4436
vn -0.0246 0.7558 -0.6543
vn 0.0007 -0.8926 0.4509
vn -0.8620 0.4310 -0.2667
vn 0.8245 -0.1320 -0.5502
vn 0.6503 -0.7528 -0.1021
vn 0.7490 -0.6364 -0.1844
vn -0.9616 0.2692 -0.0540
vn 0.7525 0.0950 -0.6517
vn -0.8888 -0.1418 0.4359
vn -0.9797 0.0899 0.1790
vn 0.3881 0.5229 -0.7589
vn -0.9351 0.3473 -0.0702
vn 0.8520 -0.2919 -0.4346
vn -0.6051 0.7051 -0.3697
vn -0.6103 -0.4694 0.6382
vn 0.8228 -0.5213 -0.2262
vn -0.8214 0.5369 -0.1924
vn 0.3170 -0.9112 0.2630
vn 0.4002 -0.9106 0.1032
vn 0.6085 0.2060 -0.7663
vn -0.2552 0.7871 -0.5616
vn -0.0043 0.6782 -0.7349
vn -0.2135 -0.7367 0.6417
vn 0.7108 -0.7031 -0.0216
vn -0.9232 -0.0914 0.3732
vn 0.7822 -0.1030 -0.6145
vn 0.3009 0.4300 -0.8512
vn 0.1146 -0.9318 0.3445
vn -0.6911 -0.4572 0.5599
vn 0.6183 -0.7818 0.0812
vn -0.9898 0.0747 0.1212
vn -0.2412 0.7319 -0.6373
vn -0.0445 0.5870 -0.8083
vn 0.8323 -0.3155 -0.4558
vn -0.4594 0.7715 -0.4402
vn -0.2019 -0.8335 0.5143
vn 0.7782 -0.6227 -0.0819
vn 0.8324 -0.4870 -0.2645
vn -0.3932 0.7638 -0.5118
vn 0.0563 0.5235 -0.8501
vn -0.8606 -0.3588 0.3614
vn -0.9392 -0.1684 0.2993
vn -0.6659 0.6888 -0.2867
vn 0.7231 -0.0443 -0.6893
vn -0.9648 0.2032 0.1672
vn 0.5374 0.1663 -0.8268
vn -0.8721 0.4882 -0.0342
vn -0.4268 -0.8346 0.3482
vn -0.7335 -0.5605 0.3846
vn 0.8219 -0.4333 -0.3698
vn 0.2843 0.3702 -0.8844
vn -0.0277 -0.9738 0.2256
vn 0.5241 -0.8233 0.2181
vn -0.8730 -0.3409 0.3489
vn 0.7017 -0.7102 0.0573
vn 0.8128 -0.2773 -0.5123
vn -0.1484 0.6639 -0.7330
vn -0.7608 0.6332 -0.1422
vn -0.2131 -0.8904 0.4023
vn 0.6305 -0.7588 0.1631
vn 0.7201 -0.0900 -0.6880
vn 0.5242 0.1357 -0.8407
vn -0.3127 0.7361 -0.6003
vn 0.2567 -0.9266 0.2748
vn 0.7825 -0.6137 -0.1053
vn -0.9259 0.3481 0.1466
vn -0.6210 0.7430 -0.2496
vn 0.1874 0.5584 -0.8081
vn 0.3946 -0.8170 0.4205
vn -0.5421 0.7746 -0.3257
vn -0.6287 -0.5821 0.5156
vn -0.9085 -0.0382 0.4160
vn 0.8264 -0.4830 -0.2894
vn 0.7971 -0.2887 -0.5303
vn 0.4339 0.3133 -0.8447
vn -0.0614 0.6687 -0.7410
vn 0.6480 -0.0574 -0.7594
vn 0.6406 -0.7480 0.1736
vn -0.2340 0.7621 -0.6037
vn 0.5704 -0.7754 0.2708
vn -0.8386 0.5398 0.0731
vn 0.8303 -0.3951 -0.3932
vn 0.0900 -0.7759 0.6243
vn 0.7748 -0.6248 -0.0965
vn -0.8967 0.4013 0.1868
vn -0.7525 0.6583 -0.0204
vn -0.0157 0.7471 -0.6646
vn -0.7762 -0.3111 0.5483
vn -0.8990 0.2100 0.3843
vn -0.4243 0.7745 -0.4692
vn 0.1801 0.6006 -0.7790
vn 0.7722 -0.2872 -0.5667
vn -0.2881 -0.6234 0.7269
vn 0.5761 -0.0470 -0.8160
vn -0.1107 0.6750 -0.7295
vn 0.4171 -0.7924 0.4451
vn 0.8177 -0.5128 -0.2617
vn 0.3524 0.3719 -0.8588
vn -0.6591 -0.2807 0.6977
vn 0.7885 -0.6023 -0.1242
vn -0.8698 0.3995 0.2896
vn -0.8339 0.0529 0.5493
vn 0.7342 -0.6790 0.0067
vn 0.7666 -0.4632 -0.4447
vn 0.3504 -0.0242 -0.9363
vn -0.2185 -0.5672 0.7940
vn -0.6651 0.7389 -0.1083
vn -0.2915 0.7641 -0.5755
vn 0.1896 -0.7453 0.6392
vn -0.8142 0.5394 0.2147
vn 0.1146 0.4105 -0.9046
vn 0.5204 -0.7920 0.3193
vn 0.5847 -0.3937 -0.7093
vn -0.0859 0.1285 -0.9880
vn -0.0938 -0.0330 -0.9950
vn 0.0990 -0.0893 -0.9911
vn -0.1314 0.1547 -0.9792
vn 0.0154 -0.0126 -0.9998
vn -0.8459 0.3293 0.4196
vn -0.5606 0.7682 -0.3093
vn -0.0530 -0.1660 -0.9847
vn 0.0026 -0.0113 -0.9999
vn 0.0638 -0.0789 -0.9948
vn -0.0085 -0.2719 -0.9623
vn 0.1076 0.1567 -0.9818
vn 0.3496 -0.2361 -0.9067
vn -0.3893 0.1545 -0.9081
vn -0.4444 0.2709 -0.8539
vn 0.0607 0.2010 -0.9777
vn 0.0791 0.2530 -0.9642
vn -0.1383 0.4673 -0.8732
vn -0.7328 -0.0529 0.6784
vn 0.6582 -0.7430 0.1210
vn -0.8158 0.1365 0.5620
vn 0.0735 -0.2133 -0.9742
vn 0.2115 -0.2374 -0.9481
vn -0.2031 0.4131 -0.8878
vn 0.3072 0.2390 -0.9212
vn 0.5597 0.1472 -0.8155
vn 0.1639 0.3345 -0.9280
vn -0.5165 -0.3282 0.7909
vn 0.3974 -0.4860 -0.7783
vn 0.1701 -0.4138 -0.8943
vn -0.1121 -0.3663 -0.9237
vn -0.5198 0.3387 -0.7843
vn 0.0674 0.4051 -0.9118
vn 0.0095 0.5282 -0.8490
vn 0.6139 -0.6236 -0.4840
vn -0.0790 -0.4273 -0.9007
vn 0.4438 -0.2397 -0.8635
vn 0.6114 -0.4656 -0.6398
vn 0.5003 0.3099 -0.8085
vn -0.4319 0.5484 -0.7161
vn 0.3230 -0.7918 0.5183
vn 0.7639 -0.6040 -0.2272
vn 0.2362 -0.4118 -0.8801
vn 0.5502 -0.4869 -0.6783
vn 0.1480 0.4798 -0.8648
vn 0.6641 -0.6823 -0.3056
vn -0.7467 0.6609 0.0756
vn -0.6667 0.7338 -0.1308
vn -0.2153 -0.5297 -0.8204
vn -0.3892 0.7095 -0.5874
vn -0.4848 0.5482 -0.6815
vn 0.8563 0.1101 -0.5047
vn 0.3471 0.4069 -0.8450
vn -0.2427 -0.5537 0.7965
vn 0.6102 -0.7603 0.2228
vn -0.1806 -0.6201 -0.7635
vn 0.4900 -0.4127 -0.7679
vn -0.0316 -0.5544 -0.8316
vn 0.7031 -0.2115 -0.6789
vn 0.6994 0.2638 -0.6642
vn -0.6411 0.4307 -0.6352
vn 0.0584 -0.7376 0.6727
vn 0.1084 -0.5979 -0.7942
vn 0.2340 -0.6866 -0.6883
vn -0.4847 0.7629 -0.4279
vn 0.8676 0.2239 -0.4440
vn 0.5525 0.3418 -0.7602
vn -0.2139 0.6726 -0.7084
vn -0.4165 -0.4025 0.8152
vn -0.6133 -0.1842 0.7681
vn 0.4740 -0.7963 0.3759
vn 0.7407 -0.6711 -0.0320
vn 0.0258 0.5529 -0.8328
vn -0.0799 0.6456 -0.7595
vn 0.6852 -0.7189 0.1169
vn -0.8054 0.1859 0.5628
vn 0.4163 -0.7502 -0.5137
vn 0.7840 -0.4540 -0.4233
vn 0.8334 0.1624 -0.5282
vn -0.0699 -0.7584 -0.6481
vn 0.8788 -0.1044 -0.4656
vn 0.4493 0.3347 -0.8283
vn -0.7403 -0.0095 0.6722
vn -0.3048 -0.6758 -0.6711
vn 0.7363 -0.2775 -0.6171
vn 0.7750 -0.4670 -0.4258
vn 0.0951 0.4988 -0.8615
vn 0.4422 -0.8420 -0.3091
vn -0.6591 0.7232 -0.2065
vn -0.6669 0.5342 -0.5195
vn 0.7510 0.2183 -0.6232
vn -0.6145 0.5428 -0.5725
vn 0.6256 0.2290 -0.7458
vn 0.2731 0.4299 -0.8606
vn 0.3061 -0.7876 0.5348
vn -0.8098 0.5048 0.2990
vn 0.3598 -0.5893 -0.7234
vn 0.8349 -0.4306 -0.3428
vn 0.9462 0.0444 -0.3205
vn 0.5191 -0.7746 0.3612
vn -0.3513 -0.7225 -0.5955
vn 0.1743 -0.8449 -0.5057
vn -0.7511 0.6573 0.0618
vn 0.9284 0.1211 -0.3513
vn -0.4631 0.6666 -0.5841
vn -0.0582 0.5633 -0.8242
vn 0.1378 -0.7527 0.6437
vn 0.6310 -0.7660 0.1226
vn 0.6495 -0.3965 -0.6488
vn 0.8785 -0.1060 -0.4657
vn 0.8576 -0.3792 -0.3476
vn -0.5673 0.7139 -0.4105
vn -0.0922 -0.6650 0.7411
vn 0.0054 -0.7281 -0.6854
vn -0.2458 0.6548 -0.7147
vn 0.6580 -0.7501 -0.0661
vn 0.8615 0.0656 -0.5034
vn -0.6747 -0.0908 0.7325
vn 0.2895 -0.7069 -0.6453
vn -0.2459 -0.8303 -0.5001
vn 0.3678 -0.7819 0.5033
vn -0.2610 -0.7614 -0.5935
vn 0.4335 0.3899 -0.8124
vn -0.3254 -0.4969 0.8045
vn 0.6101 -0.7616 0.2185
vn -0.7946 0.3205 0.5156
vn 0.4937 -0.8552 -0.1577
vn 0.8961 -0.3345 -0.2919
vn -0.4460 0.6627 -0.6015
vn -0.5387 -0.2673 0.7990
vn -0.7330 0.0620 0.6774
vn 0.5371 -0.5542 -0.6359
vn 0.7975 -0.2091 -0.5660
vn -0.6533 0.6215 -0.4323
vn 0.2357 0.4946 -0.8366
vn 0.0412 -0.9318 -0.3606
vn 0.9761 0.0195 -0.2167
vn 0.6033 0.2549 -0.7557
vn 0.8944 -0.3499 -0.2787
vn 0.7688 0.0931 -0.6327
vn -0.1741 0.5606 -0.8096
vn 0.0125 0.5540 -0.8324
vn -0.0392 -0.8006 -0.5980
vn 0.8687 -0.0654 -0.4909
vn -0.7922 0.4996 0.3504
vn -0.7822 0.5727 0.2453
vn 0.9226 -0.0372 -0.3839
vn 0.7480 0.1231 -0.6521
vn -0.8090 0.4551 -0.3721
vn -0.6907 0.5204 -0.5021
vn 0.1301 -0.7275 0.6737
vn -0.7324 0.6074 -0.3077
vn 0.7146 -0.3378 -0.6125
vn -0.7348 0.1604 0.6590
vn -0.3758 -0.8754 -0.3040
vn 0.9276 0.0627 -0.3682
vn 0.9643 0.1803 -0.1940
vn -0.3211 0.6179 -0.7177
vn -0.1833 0.6240 -0.7596
vn 0.1127 0.6182 -0.7779
vn -0.0420 -0.6562 0.7534
vn 0.1438 -0.8038 -0.5772
vn 0.5099 -0.8026 0.3096
vn -0.4538 -0.7667 -0.4542
vn 0.2372 -0.9502 -0.2022
vn -0.7513 0.6599 -0.0045
vn -0.3230 -0.4427 0.8365
vn 0.3804 -0.7622 0.5238
vn 0.3430 -0.9325 0.1131
vn -0.1226 -0.9849 -0.1221
vn 0.6687 -0.7084 -0.2257
vn 0.9754 -0.1633 -0.1479
vn 0.4078 0.5060 -0.7600
vn -0.0557 0.6467 -0.7607
vn -0.3209 -0.8290 -0.4579
vn 0.4961 -0.8566 0.1415
vn 0.9427 -0.1506 -0.2978
vn 0.8410 -0.0302 -0.5401
vn -0.8266 0.4830 -0.2887
vn 0.5840 0.3583 -0.7284
vn -0.3032 0.6324 -0.7128
vn 0.2286 0.5767 -0.7843
vn -0.5846 -0.7861 -0.2010
vn -0.7694 0.4477 0.4557
vn -0.6327 0.6091 -0.4783
vn -0.6044 -0.1086 0.7892
vn 0.6264 -0.4690 -0.6226
vn 0.9181 -0.3737 -0.1321
vn 0.7486 0.2146 -0.6273
vn 0.2074 -0.7303 0.6509
vn 0.3968 -0.7773 0.4882
vn -0.5354 -0.7829 -0.3169
vn -0.5952 -0.8023 0.0453
vn 0.2535 -0.9672 -0.0189
vn -0.3231 -0.9457 -0.0361
vn 0.8543 0.2321 -0.4651
vn -0.8071 0.5354 0.2490
vn -0.8445 0.5301 -0.0768
vn 0.9034 -0.1402 -0.4051
vn 0.8642 -0.0318 -0.5021
vn -0.4373 0.6307 -0.6410
vn -0.1093 -0.8651 -0.4895
vn 0.8531 -0.4887 -0.1828
vn 0.7894 -0.5947 -0.1525
vn 0.5079 -0.6074 -0.6108
vn 0.8384 0.0953 -0.5366
vn 0.9036 0.3264 -0.2774
vn 0.8354 0.0618 -0.5462
vn 0.3872 -0.8497 0.3579
vn -0.7222 0.2898 0.6281
vn 0.9355 -0.2962 -0.1928
vn -0.9285 0.3684 0.0463
vn -0.4104 0.5525 -0.7255
vn -0.2548 0.5860 -0.7692
vn -0.1908 0.6668 -0.7204
vn 0.7807 -0.0268 -0.6244
vn 0.2897 -0.9040 0.3143
vn -0.0732 -0.9956 0.0585
vn -0.5800 0.6402 -0.5037
vn 0.3395 0.4696 -0.8150
vn -0.1924 -0.5068 0.8403
vn 0.3342 -0.7452 -0.5770
vn -0.4968 -0.2001 0.8445
vn -0.7347 -0.6780 0.0223
vn 0.7950 0.4852 -0.3639
vn -0.6877 0.6400 -0.3427
vn 0.6780 0.1893 -0.7103
vn -0.7394 0.3813 0.5549
vn -0.5671 0.5778 -0.5871
vn 0.5041 0.3365 -0.7954
vn -0.6310 0.0547 0.7739
vn -0.3556 -0.9326 0.0620
vn 0.9962 -0.0666 -0.0556
vn -0.8970 0.4362 -0.0713
vn 0.0968 -0.8514 -0.5155
vn 0.7729 0.3924 -0.4987
vn -0.8540 0.3758 0.3599
vn -0.8522 0.5198 -0.0588
vn 0.0519 0.5974 -0.8003
vn 0.0770 -0.6192 0.7814
vn 0.3070 -0.7066 0.6376
vn 0.7077 -0.2752 -0.6507
vn 0.9695 -0.1660 -0.1804
vn -0.0718 0.6007 -0.7962
vn -0.3417 -0.8773 -0.3370
vn 0.0109 -0.9671 0.2540
vn 0.8050 -0.0295 -0.5925
vn 0.1856 0.5494 -0.8147
vn 0.2170 -0.8343 0.5068
vn 0.0338 -0.8970 0.4408
vn -0.6652 0.2122 0.7159
vn -0.9125 0.3838 0.1419
vn -0.7025 -0.7043 -0.1027
vn -0.4712 -0.1496 0.8692
vn 0.9517 -0.2551 -0.1709
vn 0.9196 -0.1613 -0.3583
vn 0.8906 -0.1081 -0.4417
vn -0.7518 0.6470 -0.1275
vn -0.7839 -0.5999 0.1602
vn -0.7027 0.3200 0.6354
vn 0.8031 0.5702 -0.1730
vn 0.9824 -0.1732 0.0701
vn -0.8018 0.2503 0.5427
vn 0.9369 -0.2572 -0.2369
vn -0.6637 0.6908 -0.2868
vn -0.2447 -0.3642 0.8986
vn 0.2213 -0.7298 0.6469
vn -0.5670 -0.8078 0.1612
vn -0.8825 0.3032 0.3596
vn -0.8943 0.3661 0.2575
vn -0.7116 0.5623 -0.4212
vn -0.8199 -0.5638 0.0991
vn 0.7719 0.1744 -0.6113
vn -0.5459 0.0322 0.8372
vn 0.9946 -0.0899 -0.0524
vn 0.7199 0.0228 -0.6937
vn -0.6235 0.4556 -0.6353
vn 0.4026 0.4274 -0.8095
vn -0.3569 0.4971 -0.7909
vn 0.2037 0.5907 -0.7808
vn 0.1370 0.6381 -0.7577
vn -0.0852 -0.9123 -0.4005
vn 0.0368 -0.5390 0.8415
vn -0.6308 0.1907 0.7521
vn -0.8274 0.3056 0.4713
vn -0.1526 0.5711 -0.8066
vn -0.4797 -0.8566 -0.1904
vn 0.0327 -0.7746 0.6316
vn 0.9789 -0.1430 0.1460
vn 0.6150 0.1858 -0.7663
vn -0.7801 0.5992 -0.1800
vn 0.2230 -0.8484 -0.4801
vn -0.8339 0.5050 0.2226
vn -0.0692 0.6480 -0.7585
vn 0.6197 -0.4634 -0.6335
vn -0.2811 -0.9278 0.2451
vn -0.2563 -0.8766 0.4072
vn 0.7130 0.5474 -0.4381
vn 0.9974 0.0667 0.0290
vn 0.9488 -0.1690 0.2667
vn 0.9395 -0.3257 0.1061
vn 0.9339 -0.3543 -0.0477
vn -0.8012 0.1650 0.5751
vn 0.9235 -0.2543 -0.2871
vn 0.4908 -0.6434 -0.5875
vn -0.8534 -0.4618 0.2420
vn -0.3565 -0.2143 0.9094
vn -0.0237 -0.5909 0.8064
vn -0.8582 0.2622 0.4413
vn 0.3616 0.5382 -0.7613
vn 0.5289 0.3465 -0.7748
vn 0.0290 0.6274 -0.7781
vn -0.7051 0.1673 0.6891
vn -0.6385 0.3530 -0.6839
vn -0.2166 -0.9441 -0.2485
vn 0.7454 -0.1014 -0.6589
vn -0.1954 -0.3785 0.9047
vn 0.7548 0.3635 -0.5460
vn 0.6366 0.6964 -0.3314
vn 0.8520 0.5225 0.0331
vn -0.7837 0.3868 -0.4859
vn 0.6799 -0.3187 -0.6604
vn -0.7072 -0.7069 0.0120
vn -0.7097 -0.6663 0.2290
vn -0.4530 -0.8898 0.0562
vn 0.9530 0.1726 0.2490
vn 0.8751 -0.2391 -0.4208
vn -0.8865 0.3540 -0.2980
vn -0.2602 -0.7451 0.6141
vn -0.6616 0.0143 0.7497
vn 0.6883 0.1084 -0.7172
vn -0.7744 0.2952 -0.5596
vn -0.2184 0.6473 -0.7303
vn -0.4322 -0.1247 0.8931
vn 0.8821 -0.3227 0.3431
vn 0.8004 -0.1360 -0.5838
vn 0.2718 0.6533 -0.7067
vn -0.0298 0.7273 -0.6857
vn -0.0463 -0.9580 -0.2829
vn 0.7739 0.1349 -0.6188
vn -0.4552 -0.8630 0.2192
vn -0.1790 -0.5923 0.7856
vn 0.6424 0.7646 -0.0528
vn 0.8931 -0.4310 0.1289
vn 0.9292 -0.3584 -0.0905
vn -0.8048 0.1895 0.5625
vn -0.8304 0.2156 0.5137
vn 0.4959 0.4902 -0.7168
vn 0.0863 0.7275 -0.6807
vn 0.9414 0.2938 0.1655
vn -0.5730 0.0471 0.8182
vn -0.8216 0.5689 0.0360
vn 0.5511 -0.5210 -0.6518
vn -0.3053 -0.3323 0.8924
vn -0.7418 0.1224 0.6594
vn 0.6457 0.2802 -0.7104
vn -0.5566 0.4178 -0.7181
vn 0.1831 0.7491 -0.6366
vn 0.8193 -0.4592 0.3433
vn 0.8633 -0.4716 0.1796
vn -0.8563 0.2774 -0.4357
vn 0.4043 0.6397 -0.6537
vn -0.8590 -0.4801 0.1781
vn 0.7175 0.5373 -0.4433
vn -0.8838 0.2906 0.3668
vn -0.9646 0.2630 0.0191
vn -0.8095 0.1584 -0.5654
vn -0.3419 -0.6577 0.6713
vn 0.9169 -0.3494 -0.1927
vn 0.8687 -0.3147 -0.3826
vn -0.7241 -0.5190 0.4542
vn -0.4311 -0.7515 0.4994
vn -0.3991 -0.7788 0.4839
vn 0.3757 0.9267 0.0129
vn 0.9157 0.2941 0.2737
vn 0.7845 -0.1098 -0.6103
vn -0.0784 0.7650 -0.6392
vn 0.0404 -0.9372 -0.3465
vn -0.7827 0.2900 0.5507
vn 0.3193 0.7096 -0.6282
vn -0.6300 -0.7726 0.0779
vn -0.3237 -0.4254 0.8451
vn -0.6123 -0.0407 0.7896
vn 0.2197 -0.8070 -0.5481
vn -0.4155 -0.9056 -0.0850
vn -0.6812 -0.2289 0.6954
vn 0.5590 0.7991 -0.2213
vn -0.3817 -0.3091 0.8711
vn -0.4810 -0.1145 0.8692
vn -0.7298 0.0469 0.6820
vn 0.7154 -0.0891 -0.6930
vn -0.8932 -0.3107 0.3252
vn -0.1887 -0.4663 0.8643
vn -0.2811 -0.4712 0.8360
vn 0.7560 -0.3032 0.5802
vn -0.7865 0.1214 0.6056
vn -0.9920 0.0588 -0.1118
vn -0.9349 0.1537 -0.3199
vn -0.9111 0.0513 -0.4090
vn 0.7513 0.0719 -0.6560
vn 0.3962 -0.7267 -0.5612
vn 0.6547 0.6898 -0.3089
vn 0.4309 0.8072 0.4035
vn 0.7420 0.0590 0.6678
vn 0.8984 -0.4388 -0.0170
vn 0.6243 0.4015 -0.6701
vn 0.2225 0.7854 -0.5777
vn 0.7706 0.1694 -0.6144
vn -0.1805 -0.2413 0.9535
vn 0.6752 -0.4873 0.5537
vn -0.8395 0.0550 0.5406
vn 0.5096 0.5876 -0.6285
vn -0.7715 0.2406 -0.5889
vn -0.2299 0.7099 -0.6658
vn -0.0059 0.8191 -0.5737
vn -0.8909 -0.3505 0.2887
vn 0.7763 0.3954 -0.4910
vn -0.6429 -0.0038 0.7659
vn -0.3716 -0.2443 0.8957
vn 0.7058 -0.5847 0.4000
vn 0.8188 -0.2618 -0.5109
vn 0.8304 -0.4163 -0.3703
vn 0.0793 0.8347 -0.5450
vn -0.1865 -0.2820 0.9411
vn -0.3182 -0.4352 0.8422
vn -0.5552 -0.1477 0.8185
vn -0.6403 -0.1450 0.7543
vn -0.9696 -0.0553 0.2385
vn -0.5259 0.5690 -0.6321
vn -0.6051 -0.1023 0.7896
vn -0.1753 -0.4142 0.8932
vn -0.1653 -0.4522 0.8764
vn 0.1554 0.9790 0.1316
vn 0.6147 -0.3122 0.7243
vn 0.5566 -0.5903 0.5845
vn 0.8516 -0.4937 -0.1760
vn 0.4026 0.7466 -0.5296
vn -0.6434 0.1353 0.7535
vn -0.3914 -0.2076 0.8965
vn 0.3255 0.7944 -0.5127
vn -0.8015 -0.5532 0.2270
vn 0.7301 0.5513 -0.4038
vn 0.4869 -0.0305 0.8729
vn 0.8175 -0.5299 0.2254
vn -0.6863 0.2045 0.6980
vn -0.0620 0.8022 -0.5938
vn -0.0512 -0.8008 -0.5968
vn 0.3026 -0.5260 -0.7948
vn 0.6099 -0.2209 -0.7610
vn -0.9142 -0.1145 0.3886
vn -0.1723 -0.5040 0.8463
vn 0.1490 0.7144 0.6836
vn 0.4674 -0.2774 0.8394
vn -0.6745 0.0156 0.7381
vn 0.8269 -0.3251 -0.4590
vn 0.7196 0.2560 -0.6455
vn -0.8611 0.0120 -0.5083
vn 0.4794 0.7094 -0.5166
vn 0.5037 0.8612 -0.0678
vn 0.5626 0.8058 -0.1848
vn -0.3892 -0.0139 0.9211
vn 0.5068 -0.5044 0.6991
vn -0.8665 0.2102 0.4529
vn 0.1028 0.6292 0.7704
vn -0.2816 -0.3876 0.8778
vn 0.8264 -0.5477 0.1311
vn -0.7027 0.0448 0.7100
vn -0.2353 0.7573 -0.6092
vn 0.1433 0.8889 -0.4351
vn 0.4290 -0.3551 -0.8305
vn -0.5056 0.5918 0.6278
vn -0.1187 -0.2642 0.9571
vn 0.3822 0.9240 -0.0095
vn 0.3791 -0.1724 0.9091
vn 0.0856 0.5897 0.8030
vn -0.5734 -0.3019 0.7616
vn 0.7944 -0.1416 -0.5907
vn -0.2603 0.4886 0.8328
vn 0.2558 -0.3124 0.9149
vn -0.0362 0.4871 0.8726
vn -0.2575 0.9363 0.2388
vn -0.4254 -0.3899 0.8167
vn -0.8812 -0.2779 0.3824
vn -0.9528 -0.0961 -0.2879
vn -0.3023 -0.9250 -0.2301
vn 0.0970 -0.6178 -0.7803
vn -0.7996 -0.4974 0.3365
vn 0.1334 -0.4622 0.8767
vn 0.3645 -0.3473 0.8640
vn 0.7864 -0.5409 -0.2984
vn -0.9599 -0.2622 0.0990
vn -0.4247 0.6381 -0.6422
vn 0.2247 0.8587 -0.4606
vn -0.0021 0.8647 -0.5023
vn -0.6968 -0.6684 0.2600
vn -0.3622 -0.5574 0.7471
vn -0.5983 -0.1621 0.7847
vn 0.6908 0.5007 -0.5217
vn -0.8064 0.1542 -0.5709
vn 0.0395 0.9169 -0.3970
vn -0.5697 -0.8187 0.0720
vn 0.7151 0.1263 -0.6875
vn -0.0960 -0.5634 0.8206
vn -0.5517 0.1396 0.8223
vn -0.6502 0.4111 -0.6389
vn 0.5111 -0.2459 -0.8236
vn -0.0170 0.9662 0.2571
vn -0.0057 -0.4039 -0.9148
vn -0.5298 0.7814 0.3297
vn -0.3986 -0.3996 0.8255
vn 0.3511 -0.5285 0.7729
vn -0.4824 -0.2578 0.8371
vn 0.7791 -0.6242 -0.0583
vn -0.6049 -0.0143 0.7961
vn 0.7848 -0.4654 -0.4093
vn -0.9698 -0.2323 -0.0746
vn 0.7942 0.0179 -0.6074
vn -0.2967 -0.8113 -0.5037
vn 0.1953 -0.3112 -0.9301
vn 0.7099 -0.1124 -0.6953
vn 0.0327 -0.4281 0.9032
vn -0.1786 -0.4748 0.8618
vn 0.5124 -0.6685 0.5391
vn -0.7483 -0.4788 0.4592
vn 0.4315 0.8068 -0.4035
vn 0.3298 0.8577 -0.3944
vn -0.0550 0.8276 -0.5587
vn -0.2115 -0.4546 -0.8652
vn 0.3845 -0.3073 -0.8705
vn -0.8592 -0.3090 0.4079
vn 0.2535 -0.4083 0.8769
vn 0.3664 -0.6305 0.6843
vn -0.6563 -0.3815 0.6510
vn -0.1867 -0.3050 -0.9339
vn -0.0628 -0.2136 -0.9749
vn -0.5186 -0.0031 0.8550
vn -0.5708 -0.0697 0.8181
vn 0.0603 0.9311 -0.3598
vn 0.1317 -0.2030 -0.9703
vn 0.2422 -0.4627 0.8528
vn 0.6959 -0.7148 0.0694
vn 0.4336 0.8115 -0.3917
vn 0.5605 0.6230 -0.5457
vn -0.3458 -0.1933 -0.9182
vn -0.3434 -0.2032 -0.9169
vn -0.4815 -0.4343 -0.7613
vn 0.5656 -0.3669 -0.7386
vn 0.8520 0.1233 -0.5089
vn 0.4214 -0.7117 0.5621
vn -0.8182 -0.5590 0.1346
vn -0.8904 -0.2196 -0.3986
vn 0.1734 0.9198 -0.3521
vn -0.0004 -0.1719 -0.9851
vn 0.3746 -0.2374 -0.8963
vn -0.5192 -0.7633 -0.3844
vn 0.8315 0.3819 -0.4034
vn -0.7554 0.4407 0.4850
vn 0.5850 -0.6980 0.4130
vn -0.4315 0.0988 0.8967
vn -0.9120 -0.4063 -0.0570
vn 0.8052 -0.2521 -0.5367
vn 0.3681 -0.1854 -0.9111
vn -0.2611 -0.1771 -0.9489
vn 0.6128 -0.3720 -0.6971
vn 0.7366 -0.3291 -0.5908
vn 0.6548 0.7355 -0.1740
vn -0.2337 0.9231 0.3054
vn 0.1930 -0.6057 0.7719
vn -0.6546 -0.7101 0.2592
vn -0.9126 -0.3325 -0.2379
vn -0.8499 -0.1524 -0.5044
vn -0.7623 0.0752 -0.6429
vn 0.4342 0.8446 -0.3134
vn 0.3067 0.8725 -0.3804
vn 0.0656 0.9639 -0.2580
vn -0.1025 -0.3019 -0.9478
vn -0.3939 -0.1167 -0.9117
vn 0.3610 -0.0175 -0.9324
vn 0.2581 0.0093 -0.9661
vn 0.4586 -0.0858 -0.8845
vn 0.1850 -0.0122 -0.9827
vn -0.5468 -0.2478 -0.7997
vn -0.6096 -0.2457 -0.7536
vn -0.8788 -0.0622 0.4732
vn 0.7484 0.5784 -0.3245
vn 0.1219 -0.3890 0.9132
vn 0.4535 0.8410 -0.2952
vn -0.2191 0.7784 -0.5883
vn 0.0346 0.9859 -0.1639
vn 0.0465 0.9158 -0.3989
vn 0.5916 -0.0787 -0.8023
vn -0.6843 -0.0934 -0.7232
vn -0.2457 0.0041 -0.9693
vn 0.5648 0.0153 -0.8251
vn -0.1521 0.0029 -0.9884
vn 0.1539 0.0299 -0.9876
vn -0.6942 -0.0770 -0.7156
vn -0.5524 0.0457 -0.8323
vn -0.1571 0.0082 -0.9875
vn -0.5382 0.6957 0.4757
vn -0.2182 -0.2173 0.9514
vn -0.3654 -0.0637 0.9287
vn 0.6128 -0.7457 0.2615
vn -0.4840 -0.2051 0.8507
vn 0.6982 -0.6351 -0.3305
vn -0.6406 0.3764 -0.6693
vn 0.0387 -0.4455 -0.8945
vn -0.7183 -0.3380 -0.6081
vn -0.8629 -0.0901 -0.4972
vn -0.6017 -0.0858 -0.7941
vn 0.6569 -0.2865 -0.6974
vn -0.6710 -0.3943 -0.6280
vn 0.7721 -0.4405 -0.4581
vn 0.3252 0.9414 0.0895
vn -0.6352 -0.5170 0.5738
vn 0.6213 -0.7739 -0.1227
vn 0.6556 -0.4015 -0.6395
vn 0.7281 -0.0305 -0.6848
vn 0.6034 -0.0855 -0.7929
vn -0.0367 -0.3050 0.9517
vn 0.0823 -0.4313 0.8984
vn 0.2218 -0.7806 0.5844
vn -0.6344 -0.7715 0.0487
vn 0.1844 0.9668 -0.1769
vn 0.1473 -0.8052 -0.5744
vn -0.4957 -0.5675 -0.6574
vn -0.8783 -0.1219 -0.4623
vn -0.9515 -0.1356 -0.2761
vn 0.7325 -0.2079 -0.6482
vn 0.7315 0.3534 -0.5831
vn -0.4126 0.6958 -0.5879
vn 0.7456 -0.0441 -0.6649
vn -0.9121 -0.0974 -0.3981
vn -0.8622 -0.1510 -0.4835
vn -0.7754 -0.2758 -0.5681
vn -0.7535 -0.2959 -0.5871
vn -0.7593 -0.5911 0.2722
vn 0.9034 -0.2575 -0.3428
vn 0.3820 -0.8153 0.4352
vn -0.2746 -0.0864 0.9577
vn -0.5840 -0.6093 0.5364
vn -0.6906 -0.7232 0.0125
vn -0.8517 -0.5235 -0.0237
vn -0.5119 0.2949 -0.8068
vn 0.8147 -0.0307 -0.5790
vn 0.7687 -0.1393 -0.6243
vn 0.8711 -0.2336 -0.4320
vn -0.8638 -0.4129 -0.2887
vn -0.8033 -0.3742 0.4634
vn 0.1481 0.9622 0.2284
vn -0.0870 -0.4538 0.8868
vn 0.0365 -0.7771 0.6283
vn -0.8654 -0.4664 -0.1832
vn 0.4874 0.7501 -0.4470
vn 0.7658 -0.1034 -0.6347
vn 0.9389 -0.0957 -0.3307
vn 0.8363 -0.4947 -0.2365
vn -0.7297 -0.6835 -0.0200
vn 0.0243 -0.6320 0.7746
vn 0.7596 -0.1671 -0.6286
vn -0.5071 -0.0331 -0.8612
vn -0.4395 0.5822 -0.6840
vn -0.1178 -0.9502 -0.2884
vn -0.8308 0.0850 0.5501
vn 0.4826 0.8745 -0.0485
vn 0.5676 -0.8214 0.0567
vn 0.7147 -0.3781 -0.5885
vn -0.7620 -0.4607 -0.4550
vn -0.0482 0.8598 -0.5084
vn -0.9525 -0.0736 -0.2954
vn -0.9884 -0.0947 -0.1189
vn -0.8374 -0.1581 0.5232
vn -0.1741 0.9100 0.3762
vn -0.3661 -0.5792 0.7284
vn 0.4091 -0.8894 0.2039
vn -0.5150 -0.8088 0.2839
vn 0.7926 0.0978 -0.6018
vn -0.6864 -0.3633 -0.6299
vn 0.4045 0.8659 -0.2942
vn 0.8845 -0.0437 -0.4645
vn -0.9427 -0.2700 -0.1962
vn -0.7608 -0.5186 0.3901
vn -0.1171 -0.7830 0.6109
vn -0.4469 -0.7182 0.5334
vn 0.0524 0.8543 -0.5172
vn -0.7409 -0.4882 -0.4612
vn 0.7932 -0.2446 -0.5577
vn 0.9223 -0.1354 -0.3620
vn -0.9097 -0.3107 -0.2753
vn 0.8710 -0.4720 -0.1364
vn 0.9381 0.2929 -0.1848
vn 0.8015 0.5680 -0.1869
vn -0.2430 -0.7185 0.6517
vn -0.1929 -0.3250 -0.9258
vn -0.0624 -0.2086 -0.9760
vn -0.1220 0.0629 -0.9905
vn -0.1517 0.1269 -0.9802
vn -0.1761 0.4178 -0.8913
vn -0.1646 0.8879 -0.4296
vn -0.2733 -0.9404 -0.2025
vn 0.3691 -0.9019 -0.2243
vn 0.6404 -0.6431 -0.4198
vn 0.9836 0.0401 -0.1757
vn -0.7584 0.3064 0.5753
vn -0.3136 0.8057 0.5024
vn 0.4975 -0.8316 -0.2468
vn -0.2045 0.4308 -0.8789
vn -0.0435 0.9736 -0.2240
vn -0.2837 0.7770 -0.5620
vn 0.2528 0.9578 -0.1370
vn -0.9520 -0.2647 -0.1538
vn -0.9821 -0.0615 -0.1782
vn -0.9532 -0.2133 -0.2143
vn 0.9554 -0.1848 -0.2303
vn 0.0869 -0.8863 0.4549
vn 0.4823 -0.8709 -0.0948
vn 0.6334 -0.5800 -0.5123
vn -0.3293 -0.5695 -0.7532
vn -0.0158 -0.5716 -0.8204
vn -0.1686 0.6238 -0.7632
vn 0.4117 0.7445 -0.5257
vn 0.9769 -0.2127 -0.0221
vn -0.9333 -0.3263 0.1500
vn -0.5289 0.6195 0.5801
vn -0.5089 -0.8398 0.1892
vn -0.0728 -0.6176 -0.7831
vn -0.1606 0.6458 -0.7464
vn 0.1753 0.7190 -0.6726
vn -0.9921 -0.0907 0.0872
vn -0.9969 -0.0646 0.0457
vn -0.9841 -0.1774 -0.0121
vn -0.1076 -0.3490 -0.9309
vn -0.1229 0.5828 -0.8033
vn 0.1271 0.9619 -0.2422
vn 0.8845 0.4625 -0.0621
vn 0.6283 0.7777 -0.0175
vn 0.5208 -0.7841 -0.3377
vn -0.6914 -0.7171 0.0882
vn -0.2037 -0.1133 -0.9725
vn -0.2292 0.3549 -0.9064
vn 0.5511 0.7113 -0.4363
vn -0.1549 0.6368 -0.7553
vn -0.9611 -0.2706 0.0561
vn 0.9891 -0.0871 0.1183
vn -0.0081 0.9383 0.3457
vn -0.3461 -0.8238 0.4490
vn -0.7820 -0.5476 -0.2978
vn -0.1273 -0.5450 -0.8287
vn -0.3031 0.1862 -0.9346
vn 0.4791 0.8468 -0.2310
vn -0.2476 0.6721 -0.6979
vn 0.1533 0.9882 -0.0053
vn -0.2466 0.6570 -0.7124
vn 0.0752 0.7964 -0.6001
vn -0.6483 -0.7608 0.0294
vn 0.9066 0.0807 -0.4142
vn 0.8091 -0.5875 0.0128
vn 0.4918 0.8632 0.1139
vn 0.3215 0.9283 0.1868
vn -0.1573 0.8871 0.4339
vn 0.6254 -0.4215 -0.6567
vn -0.8661 -0.4951 -0.0682
vn -0.2683 -0.7541 -0.5995
vn -0.0221 -0.7850 -0.6191
vn -0.3355 0.8193 -0.4649
vn -0.2418 0.6516 -0.7190
vn 0.2915 0.7475 -0.5969
vn 0.8453 0.0068 -0.5343
vn 0.8376 -0.5459 -0.0214
vn 0.9520 -0.2967 -0.0757
vn -0.2598 0.5397 -0.8008
vn -0.2518 0.5543 -0.7933
vn -0.1162 0.7536 -0.6470
vn -0.2473 0.4168 -0.8747
vn -0.0699 0.7519 -0.6556
vn -0.1654 0.8985 -0.4066
vn -0.8699 -0.3865 0.3065
vn 0.9912 0.0371 -0.1268
vn 0.9925 -0.1224 0.0064
vn -0.9567 -0.2142 0.1969
vn 0.1073 -0.9414 0.3197
vn 0.6952 -0.1696 -0.6985
vn -0.0348 -0.8348 -0.5495
vn -0.3748 -0.2541 -0.8916
vn -0.1821 0.7862 -0.5906
vn -0.3754 -0.8812 0.2873
vn 0.4862 -0.8395 -0.2425
vn 0.8578 -0.4816 0.1795
vn -0.2033 -0.7347 0.6472
vn -0.5796 -0.7113 -0.3977
vn 0.6469 0.5731 -0.5030
vn 0.3003 0.9167 -0.2635
vn -0.4424 0.3011 -0.8448
vn 0.4638 0.6286 -0.6244
vn -0.2815 0.9469 -0.1557
vn -0.4905 0.5822 -0.6484
vn 0.1881 -0.9821 0.0115
vn 0.7640 -0.4516 -0.4608
vn -0.9230 -0.1609 0.3495
vn -0.8202 -0.3690 0.4371
vn 0.9908 0.1085 0.0805
vn 0.7380 0.6726 0.0543
vn -0.1169 -0.7922 0.5990
vn 0.2699 -0.9569 0.1070
vn 0.6554 -0.5512 -0.5163
vn 0.7004 -0.3833 -0.6021
vn 0.7680 0.0707 -0.6365
vn -0.2258 -0.6577 -0.7186
vn 0.2763 0.9564 0.0950
vn -0.1596 0.8556 -0.4924
vn -0.7745 0.1534 0.6137
vn -0.3107 -0.8491 0.4272
vn 0.3868 0.9007 -0.1977
vn -0.2339 0.8295 -0.5072
vn 0.2660 0.9631 -0.0422
vn -0.0577 0.8602 -0.5068
vn 0.0124 0.9737 -0.2274
vn -0.9129 -0.0565 0.4043
vn -0.9290 -0.2328 0.2876
vn 0.9223 -0.2476 0.2969
vn -0.6057 0.5024 0.6171
vn 0.1017 0.9468 0.3052
vn -0.0214 -0.8687 0.4948
vn 0.3908 -0.9102 -0.1371
vn -0.8057 -0.5803 -0.1191
vn 0.0081 -0.8308 -0.5565
vn -0.2746 0.7813 -0.5606
vn -0.3818 0.8753 -0.2968
vn 0.8133 -0.2149 -0.5408
vn -0.9435 -0.1012 0.3155
vn -0.9664 -0.0167 0.2563
vn -0.2034 -0.7745 0.5990
vn -0.6137 -0.1154 -0.7811
vn -0.4160 0.6631 -0.6223
vn -0.6033 0.3504 -0.7164
vn 0.6273 0.6725 -0.3927
vn 0.2296 0.6287 -0.7430
vn 0.1668 0.5862 -0.7928
vn -0.9097 -0.2224 0.3507
vn 0.5722 -0.7241 -0.3850
vn -0.0469 -0.9588 -0.2801
vn -0.1463 -0.8993 -0.4122
vn -0.4640 -0.5517 -0.6930
vn -0.4710 0.8455 -0.2517
vn 0.9311 0.2554 -0.2603
vn 0.9766 0.0313 0.2127
vn 0.9471 -0.1057 0.3032
vn -0.8757 -0.2350 0.4219
vn -0.8621 -0.2265 0.4534
vn 0.7613 -0.6154 0.2041
vn 0.8421 -0.5187 0.1476
vn -0.7754 -0.2610 0.5750
vn 0.6273 0.7508 0.2068
vn -0.7863 -0.6104 0.0962
vn -0.8453 -0.5342 0.0141
vn -0.2233 0.8882 -0.4015
vn 0.1187 0.6402 -0.7590
vn -0.7712 -0.3849 0.5070
vn -0.1736 -0.6202 0.7650
vn 0.7759 -0.1238 -0.6186
vn -0.6914 -0.4093 -0.5954
vn 0.3634 0.9060 -0.2170
vn 0.3134 0.9441 -0.1021
vn -0.2685 0.9155 -0.2995
vn -0.2292 0.9371 -0.2633
vn -0.1363 0.9409 -0.3102
vn -0.3148 0.7478 -0.5846
vn -0.0133 -0.9909 0.1337
vn -0.4808 -0.8017 0.3551
vn 0.8496 0.2995 -0.4341
vn 0.9567 -0.2572 0.1360
vn -0.6321 -0.7536 -0.1802
vn -0.8505 0.0451 -0.5240
vn -0.1191 0.9861 -0.1155
vn 0.3782 0.9099 0.1704
vn 0.0322 0.4432 -0.8959
vn 0.8033 0.0276 -0.5949
vn 0.8473 -0.3156 0.4272
vn 0.8682 0.4587 0.1892
vn -0.0532 0.8828 0.4668
vn -0.1610 -0.8158 0.5555
vn 0.1837 -0.9818 0.0492
vn -0.1740 -0.8458 -0.5043
vn 0.1419 -0.9268 -0.3478
vn -0.7363 0.5333 -0.4166
vn -0.5399 0.7784 -0.3205
vn 0.3934 0.2598 -0.8819
vn -0.8113 -0.0623 0.5813
vn -0.1909 -0.6698 0.7176
vn -0.3531 -0.9166 -0.1874
vn 0.7612 0.3313 -0.5575
vn 0.5221 0.7673 -0.3724
vn 0.6321 0.6767 -0.3777
vn 0.6380 0.3932 -0.6621
vn 0.2392 0.9697 0.0494
vn -0.1210 0.9881 -0.0948
vn -0.0260 0.1314 -0.9910
vn -0.2743 0.3827 -0.8822
vn 0.0758 0.3570 -0.9310
vn 0.1519 0.0441 -0.9874
vn 0.3264 0.5105 -0.7955
vn 0.4550 0.1507 -0.8777
vn -0.0181 0.3863 -0.9222
vn 0.1631 0.6423 -0.7489
vn 0.5485 -0.7903 -0.2731
vn 0.8559 0.5141 -0.0558
vn 0.9195 0.3210 0.2270
vn 0.8280 0.0041 0.5607
vn -0.7153 -0.2197 0.6634
vn -0.3297 0.7719 0.5436
vn -0.0534 -0.6493 0.7587
vn -0.0777 -0.7517 0.6549
vn -0.7768 -0.6283 0.0416
vn -0.5481 -0.6912 -0.4710
vn -0.4512 0.8780 -0.1597
vn -0.2266 0.9668 -0.1179
vn 0.1080 0.9906 0.0836
vn 0.0865 0.0571 -0.9946
vn -0.6228 0.6975 -0.3545
vn -0.3723 0.3502 -0.8595
vn -0.7788 -0.1550 0.6079
vn -0.2005 0.8086 0.5532
vn -0.4800 -0.7882 0.3851
vn -0.0990 -0.9860 -0.1344
vn 0.1874 0.9820 -0.0229
vn 0.6703 0.6978 -0.2525
vn -0.2704 0.9621 0.0349
vn -0.2150 0.9689 -0.1226
vn 0.0300 0.9995 0.0077
vn 0.6445 0.6273 -0.4371
vn 0.4019 0.7785 -0.4821
vn -0.6897 0.4276 -0.5844
vn -0.9126 0.0513 0.4057
vn 0.8305 -0.0903 0.5497
vn 0.6790 0.6118 0.4058
vn 0.3921 -0.8917 -0.2259
vn 0.7773 0.2063 -0.5943
vn 0.2695 -0.8933 -0.3597
vn -0.4100 -0.8641 -0.2920
vn -0.9136 -0.3178 -0.2536
vn -0.2511 0.9488 0.1919
vn 0.7966 0.3568 -0.4879
vn 0.7653 0.2525 -0.5921
vn 0.4602 0.8261 0.3252
vn -0.1342 -0.4995 0.8559
vn -0.9645 0.2407 -0.1090
vn 0.7577 0.3239 -0.5665
vn 0.6496 0.2065 -0.7317
vn -0.3586 0.9215 -0.1488
vn -0.5804 0.7840 -0.2201
vn -0.1245 0.5930 -0.7955
vn 0.8209 0.4837 -0.3034
vn -0.7466 -0.0658 0.6620
vn 0.7826 -0.5627 0.2663
vn 0.9386 -0.1879 0.2893
vn -0.7213 0.2259 0.6548
vn -0.4887 0.5710 0.6597
vn -0.0018 -0.9529 0.3033
vn 0.7987 -0.0640 -0.5983
vn -0.0722 -0.9953 0.0648
vn -0.7962 0.5985 0.0884
vn 0.3473 0.7202 -0.6005
vn 0.6492 -0.6210 0.4392
vn -0.2491 -0.4866 0.8374
vn 0.2311 -0.9702 -0.0726
vn -0.2309 0.9714 0.0552
vn -0.4493 0.8757 -0.1771
vn -0.7466 0.2249 -0.6261
vn -0.8123 -0.3909 0.4328
vn -0.7456 -0.2332 0.6243
vn 0.8945 0.2281 0.3846
vn 0.5625 0.6824 0.4669
vn 0.1928 0.8667 0.4600
vn -0.3000 -0.5715 0.7638
vn 0.4452 -0.8544 -0.2680
vn 0.0537 -0.4657 0.8833
vn -0.6018 -0.7986 0.0084
vn 0.6133 0.7684 -0.1826
vn -0.6512 0.7560 0.0668
vn -0.1460 0.9890 0.0244
vn 0.6558 0.7291 -0.1960
vn -0.6898 0.2542 -0.6780
vn 0.7406 0.4838 -0.4662
vn 0.6040 0.7415 0.2922
vn -0.5183 -0.0447 0.8541
vn -0.7341 -0.0468 0.6775
vn 0.7629 0.3990 0.5087
vn 0.2667 -0.9602 -0.0835
vn -0.3325 -0.6802 0.6533
vn 0.1550 -0.5528 0.8188
vn -0.1255 -0.9410 -0.3143
vn 0.1635 0.9821 0.0930
vn 0.8695 0.3297 -0.3677
vn -0.7390 0.5471 -0.3932
vn 0.7444 -0.3891 -0.5427
vn -0.7476 0.1481 0.6475
vn 0.6822 0.3697 0.6308
vn -0.5209 -0.0907 0.8488
vn 0.6292 -0.5183 0.5792
vn -0.7425 -0.3028 0.5975
vn -0.2386 -0.7557 0.6099
vn 0.1422 -0.9721 -0.1864
vn -0.3483 -0.9086 0.2303
vn 0.7001 0.5764 -0.4214
vn -0.1148 0.9484 0.2954
vn -0.2420 0.9609 0.1347
vn 0.7157 -0.2037 0.6681
vn 0.7160 -0.4707 0.5155
vn 0.5330 -0.7756 -0.3383
vn -0.1394 -0.4325 0.8908
vn -0.7756 -0.5972 0.2043
vn -0.1404 -0.9696 0.2004
vn -0.6898 -0.6872 -0.2279
vn 0.8389 0.3802 -0.3895
vn -0.2960 0.8807 0.3697
vn -0.4392 0.6671 -0.6018
vn 0.2922 0.7908 -0.5377
vn -0.9050 -0.0707 0.4194
vn 0.6944 0.6529 -0.3027
vn -0.5258 0.1011 0.8446
vn 0.6388 -0.0626 0.7668
vn -0.4302 -0.2047 0.8792
vn 0.4651 -0.3211 0.8250
vn -0.1697 -0.8965 0.4093
vn 0.6427 -0.6339 -0.4302
vn 0.7334 -0.3100 -0.6050
vn 0.7648 -0.0042 -0.6443
vn -0.4424 0.8741 0.2007
vn 0.5318 0.7766 -0.3378
vn -0.5602 -0.2931 0.7747
vn -0.6629 -0.2817 0.6937
vn 0.4282 0.7056 0.5647
vn 0.0317 -0.9894 0.1418
vn 0.0691 -0.6415 0.7640
vn 0.7236 -0.4720 -0.5036
vn 0.4402 -0.8937 0.0870
vn 0.6817 0.5418 -0.4917
vn -0.3098 0.7525 0.5812
vn -0.8167 0.2124 -0.5366
vn -0.2863 0.9571 -0.0455
vn 0.8377 0.5212 -0.1632
vn 0.4789 0.1660 0.8620
vn 0.2749 -0.4046 0.8722
vn -0.0471 -0.2960 0.9540
vn 0.2583 -0.3286 0.9085
vn 0.7842 -0.6184 -0.0512
vn 0.4395 0.8545 0.2768
vn 0.4168 0.8318 0.3665
vn -0.8217 0.2979 -0.4859
vn -0.8296 0.2993 -0.4713
vn 0.5304 0.8478 0.0015
vn -0.5073 0.4115 0.7572
vn 0.3157 0.5756 0.7543
vn -0.2198 0.2205 0.9503
vn 0.2203 -0.0341 0.9748
vn 0.4634 -0.0588 0.8842
vn -0.3499 -0.3697 0.8607
vn -0.2167 -0.4282 0.8773
vn -0.6026 -0.6602 0.4484
vn -0.4741 -0.5374 0.6974
vn -0.7238 0.6345 -0.2710
vn -0.0815 0.9673 -0.2401
vn -0.0839 0.0296 0.9960
vn -0.2227 -0.0696 0.9724
vn 0.3217 -0.6109 0.7234
vn -0.3458 -0.3437 0.8731
vn 0.8353 -0.0239 0.5493
vn -0.0965 -0.8641 0.4939
vn 0.4544 -0.8006 0.3904
vn -0.8529 -0.5220 -0.0111
vn -0.9846 0.0581 0.1648
vn 0.6263 0.7690 -0.1281
vn -0.8068 0.5330 0.2548
vn 0.8485 0.4743 -0.2346
vn -0.1167 0.9542 0.2754
vn 0.0072 0.8503 0.5262
vn -0.5695 0.8196 -0.0625
vn -0.2737 0.8600 0.4307
vn -0.1350 0.9646 0.2266
vn 0.6086 0.5887 -0.5320
vn -0.8589 0.1634 0.4854
vn 0.4738 0.8437 -0.2522
vn -0.6630 0.4180 0.6211
vn 0.1402 -0.1248 0.9822
vn -0.0013 0.7226 0.6913
vn -0.2632 -0.4383 0.8595
vn -0.1487 -0.6321 0.7604
vn 0.5445 -0.8346 -0.0841
vn -0.6248 -0.7114 0.3218
vn -0.1119 -0.8100 0.5757
vn 0.4343 0.8884 -0.1489
vn -0.0804 0.9755 0.2050
vn -0.4824 0.8623 -0.1537
vn 0.8827 0.4448 -0.1517
vn 0.1448 -0.9871 0.0678
vn 0.7503 -0.4528 -0.4817
vn 0.8140 -0.1226 -0.5677
vn -0.1364 0.6979 0.7031
vn -0.0987 -0.1988 0.9751
vn 0.1603 -0.4030 0.9011
vn -0.6773 -0.2703 0.6843
vn 0.5554 0.4796 0.6793
vn 0.1987 0.6901 0.6959
vn -0.2835 -0.8408 0.4611
vn 0.3319 -0.9279 -0.1697
vn -0.4559 -0.5911 0.6654
vn -0.2649 -0.6360 0.7248
vn 0.6714 -0.4917 -0.5545
vn 0.4710 0.7442 0.4736
vn -0.0807 0.7963 0.5994
vn 0.2355 0.3357 0.9121
vn -0.1956 -0.0984 0.9757
vn -0.2030 -0.6945 0.6903
vn 0.5129 0.0007 0.8585
vn 0.5907 0.7551 -0.2846
vn 0.5545 0.7716 -0.3117
vn -0.6956 0.7063 -0.1315
vn 0.1757 0.8958 0.4082
vn -0.5416 0.2401 0.8056
vn -0.2137 0.4993 0.8397
vn -0.3686 -0.1868 0.9106
vn -0.2697 0.6577 0.7033
vn -0.2729 0.5392 0.7968
vn -0.3530 -0.6049 0.7137
vn -0.7352 -0.5848 0.3427
vn 0.3003 0.7699 0.5630
vn 0.4919 -0.5964 0.6343
vn -0.2726 -0.9540 -0.1243
vn -0.4979 0.8665 -0.0368
vn 0.2865 0.9117 0.2945
vn 0.0172 0.9274 0.3736
vn 0.3776 -0.9243 0.0548
vn 0.5253 -0.8287 -0.1933
vn 0.7051 0.3610 -0.6103
vn 0.5538 0.7113 -0.4328
vn -0.0649 -0.4500 0.8906
vn 0.4139 -0.4803 0.7733
vn -0.5084 -0.2880 0.8115
vn 0.6515 0.2697 0.7091
vn -0.3085 0.3939 0.8658
vn 0.1255 -0.5441 0.8296
vn 0.0013 0.7343 0.6788
vn -0.0646 -0.7382 0.6715
vn 0.0357 -0.1376 0.9898
vn -0.0356 -0.9108 0.4113
vn 0.6093 0.7851 -0.1110
vn -0.7027 0.6333 0.3242
vn 0.1586 0.9386 0.3063
vn -0.7054 0.7056 -0.0671
vn -0.2773 0.6824 0.6763
vn 0.6255 0.7233 -0.2924
vn 0.4139 0.9031 -0.1147
vn -0.3448 -0.8871 0.3067
vn 0.3205 0.5363 0.7808
vn -0.4819 -0.4070 0.7760
vn -0.4954 -0.3077 0.8123
vn 0.0127 -0.7658 0.6430
vn -0.2028 0.8230 0.5307
vn -0.3096 0.4976 0.8102
vn -0.1171 -0.5969 0.7937
vn 0.2176 -0.7363 0.6407
vn -0.4382 -0.6393 0.6319
vn 0.2839 0.9580 -0.0404
vn 0.4192 0.8432 0.3364
vn -0.2876 0.5300 0.7977
vn -0.2139 0.9624 0.1673
vn -0.8583 0.4092 -0.3096
vn -0.9242 0.2301 -0.3047
vn -0.6715 -0.5848 0.4550
vn 0.6216 -0.0450 0.7820
vn 0.4739 0.3580 0.8045
vn 0.5911 -0.6284 -0.5057
vn -0.0635 -0.8774 0.4756
vn -0.0670 0.1880 0.9799
vn -0.3191 0.8045 0.5010
vn -0.3473 -0.3175 0.8824
vn 0.0885 -0.5901 0.8025
vn 0.6155 -0.5234 0.5893
vn -0.0833 -0.5955 0.7990
vn 0.0161 0.9808 0.1945
vn 0.1592 0.7138 0.6821
vn 0.1012 0.9687 0.2268
vn 0.2595 0.9638 -0.0606
vn -0.3721 0.7795 0.5038
vn -0.5695 -0.1188 0.8133
vn -0.3429 -0.4551 0.8217
vn 0.1035 -0.4944 0.8630
vn -0.1464 -0.8027 0.5781
vn 0.3068 -0.3852 0.8703
vn -0.2260 -0.0938 0.9696
vn -0.2837 0.7928 0.5395
vn -0.3391 -0.8561 0.3900
vn -0.5178 0.5600 0.6468
vn -0.5791 -0.8149 0.0233
vn 0.2350 -0.9165 0.3236
vn 0.6152 0.7883 -0.0107
vn 0.0049 -0.4810 0.8767
vn -0.2984 -0.3497 0.8881
vn 0.0767 -0.9925 0.0954
vn -0.2684 -0.6156 0.7409
vn 0.3306 -0.9427 0.0456
vn 0.3704 -0.2752 0.8872
vn -0.2684 -0.4292 0.8624
vn -0.9503 -0.1824 0.2522
vn 0.8705 0.4098 -0.2725
vn 0.6484 0.5728 0.5015
vn -0.0391 0.3040 0.9519
vn -0.2625 0.2327 0.9365
vn -0.4160 0.8464 0.3324
vn -0.3026 0.8694 0.3905
vn -0.2146 0.7247 0.6548
vn 0.8281 0.5168 -0.2171
vn -0.2396 0.9279 0.2855
vn -0.0804 -0.9811 0.1758
vn 0.0803 0.3739 0.9240
vn 0.5101 -0.7755 -0.3720
vn -0.3026 -0.6118 0.7308
vn 0.6481 -0.3706 -0.6653
vn -0.2474 0.9294 0.2739
vn -0.2394 0.8706 0.4298
vn 0.0249 -0.9493 0.3134
vn -0.4888 0.2893 0.8231
vn -0.0560 -0.9734 0.2222
vn 0.2506 -0.8462 0.4702
vn -0.0491 -0.3136 0.9483
vn -0.5990 -0.4653 0.6517
vn -0.0788 -0.5565 0.8271
vn 0.9757 -0.2115 0.0579
vn 0.7924 -0.5918 -0.1475
vn 0.7391 0.5839 0.3358
vn 0.2810 0.8061 0.5208
vn 0.0260 0.6957 0.7178
vn -0.8980 0.4324 -0.0818
vn -0.8401 -0.1229 0.5284
vn -0.6229 0.5963 0.5064
vn 0.3615 0.2190 0.9063
vn 0.6065 -0.5247 -0.5973
vn 0.6962 -0.1324 -0.7055
vn 0.0648 -0.9237 0.3776
vn -0.6281 0.6399 0.4427
vn -0.2410 -0.8933 0.3794
vn -0.6154 0.3799 0.6907
vn 0.2838 -0.3483 0.8934
vn -0.2467 -0.4489 0.8588
vn 0.4019 0.4646 0.7890
vn -0.7547 0.6429 0.1308
vn 0.4426 0.8966 0.0121
vn -0.3470 -0.1867 0.9191
vn 0.2536 0.3499 0.9018
vn -0.5335 -0.5199 0.6671
vn -0.4727 0.5201 0.7114
vn -0.0671 -0.9149 -0.3980
vn -0.4020 0.8632 0.3054
vn -0.3255 -0.9455 -0.0109
vn -0.4718 -0.0858 0.8775
vn 0.7110 0.2707 -0.6489
vn -0.7950 -0.5736 0.1973
vn 0.3339 -0.4428 0.8321
vn -0.6756 -0.4317 0.5977
vn -0.1421 -0.7078 0.6920
vn -0.1305 -0.2294 0.9645
vn 0.6107 -0.0881 0.7870
vn 0.2602 0.1762 0.9493
vn 0.8673 0.3007 0.3967
vn 0.1147 0.9916 0.0589
vn -0.2221 0.2534 0.9415
vn 0.3830 0.5502 0.7420
vn 0.8365 0.5176 -0.1797
vn -0.9340 0.3404 -0.1084
vn -0.5700 0.7826 0.2501
vn 0.7085 -0.6935 -0.1304
vn -0.7776 0.3408 0.5284
vn 0.0109 0.9676 0.2521
vn 0.1301 -0.2175 0.9674
vn 0.3467 -0.0304 0.9375
vn -0.3742 -0.4618 0.8042
vn -0.0128 -0.8872 0.4612
vn -0.2143 -0.8606 0.4620
vn -0.0460 -0.9161 0.3983
vn 0.4141 -0.8844 -0.2153
vn -0.8311 0.3336 0.4451
vn 0.5795 -0.8087 0.1007
vn -0.1173 -0.2711 0.9554
vn 0.5251 0.7815 -0.3368
vn -0.2047 0.0242 0.9785
vn -0.1908 0.5531 0.8110
vn -0.8462 -0.1343 0.5156
vn -0.1699 -0.2363 0.9567
vn -0.8746 0.0744 0.4790
vn -0.7788 0.6248 -0.0559
vn 0.2683 0.9233 0.2750
vn -0.1296 -0.2415 0.9617
vn -0.2439 0.0599 0.9680
vn -0.2011 -0.8688 0.4525
vn -0.2020 -0.3496 0.9149
vn 0.0882 -0.9616 0.2599
vn -0.2305 -0.8896 0.3943
vn -0.5783 -0.7199 0.3840
vn -0.7867 0.1702 0.5935
vn -0.6569 -0.1987 0.7274
vn -0.1354 -0.2542 0.9576
vn -0.5400 0.8406 -0.0437
vn 0.2937 -0.9319 0.2129
vn 0.7451 0.4544 -0.4883
vn 0.3045 0.8639 -0.4012
vn 0.5374 -0.6744 -0.5063
vn -0.4330 -0.6178 0.6564
vn -0.0127 -0.9621 0.2725
vn -0.5597 -0.0386 0.8278
vn 0.1593 -0.2917 0.9431
vn 0.1091 -0.9929 0.0466
vn -0.6666 0.5982 0.4447
vn 0.3898 -0.1423 0.9098
vn 0.3726 -0.9038 -0.2104
vn -0.1905 -0.9118 0.3639
vn -0.7838 -0.2863 0.5511
vn -0.0340 -0.1582 0.9868
vn 0.9759 0.1348 0.1715
vn 0.9728 0.2243 -0.0587
vn -0.3545 -0.8768 0.3247
vn -0.2083 0.4415 0.8728
vn 0.8935 0.4198 -0.1594
vn 0.5476 0.8062 -0.2239
vn -0.1144 -0.0707 0.9909
vn 0.1014 0.0571 0.9932
vn 0.0183 -0.8683 0.4957
vn -0.5278 0.6991 0.4824
vn 0.6690 -0.0031 -0.7432
vn -0.4618 -0.2985 0.8352
vn -0.7423 0.4160 0.5254
vn 0.5297 -0.5250 -0.6662
vn -0.9089 -0.1318 0.3957
vn -0.8882 0.2526 0.3837
vn -0.5198 -0.2343 0.8215
vn 0.6910 0.7072 0.1497
vn 0.8638 0.4872 -0.1283
vn -0.9260 -0.2599 0.2738
vn 0.1034 0.4891 0.8661
vn -0.4921 -0.7977 0.3485
vn -0.7995 0.0754 0.5959
vn 0.0217 0.9993 -0.0288
vn -0.4269 -0.6042 0.6728
vn 0.4489 -0.8719 -0.1955
vn -0.5664 -0.1767 0.8049
vn 0.2051 -0.9050 -0.3727
vn -0.4669 -0.8258 0.3163
vn -0.3729 -0.8447 0.3841
vn 0.3218 -0.8712 -0.3707
vn -0.2886 -0.2222 0.9313
vn 0.3868 0.9005 -0.1989
vn -0.9228 -0.1901 0.3351
vn 0.2722 0.0966 0.9574
vn -0.7978 -0.0458 0.6012
vn -0.0689 0.9047 0.4205
vn -0.1098 0.2810 0.9534
vn 0.9569 -0.2260 -0.1825
vn -0.3490 0.8762 0.3323
vn 0.5356 -0.7238 -0.4351
vn 0.6397 0.2640 -0.7219
vn -0.6254 0.2918 0.7237
vn 0.6034 0.5645 -0.5632
vn 0.6808 -0.6247 -0.3825
vn 0.0551 -0.9248 0.3764
vn 0.7373 0.6388 0.2199
vn -0.2271 -0.0435 0.9729
vn -0.9570 0.0872 0.2767
vn 0.3681 0.1099 0.9233
vn 0.8189 0.5273 -0.2267
vn -0.7980 0.5671 0.2040
vn 0.0840 0.9382 0.3359
vn 0.5462 0.6924 -0.4714
vn -0.3685 -0.3740 0.8511
vn 0.6203 -0.5501 -0.5591
vn -0.4608 0.8396 0.2875
vn -0.9581 -0.1584 0.2388
vn -0.3421 -0.2801 0.8970
vn 0.2873 0.9023 0.3213
vn -0.1258 0.0865 0.9883
vn -0.7901 -0.3960 0.4679
vn -0.5178 -0.3685 0.7721
vn -0.3628 -0.3165 0.8765
vn 0.1018 -0.9163 0.3874
vn -0.7479 -0.6359 -0.1906
vn -0.5276 0.5656 0.6338
vn -0.2345 -0.1359 0.9626
vn -0.6827 -0.6099 0.4025
vn -0.4266 0.3886 0.8167
vn 0.2274 -0.0973 0.9689
vn -0.8581 -0.3143 0.4061
vn -0.8157 0.5217 0.2499
vn -0.7119 -0.5069 0.4860
vn -0.0895 0.9593 -0.2679
vn 0.3016 -0.6952 0.6524
vn -0.3297 -0.9243 0.1924
vn -0.2893 0.6533 0.6996
vn 0.0389 -0.1582 0.9866
vn 0.4901 0.7350 -0.4687
vn -0.2853 0.0980 0.9534
vn 0.1829 -0.4311 0.8836
vn 0.7772 -0.6037 -0.1776
vn 0.1193 0.1686 0.9784
vn -0.9193 0.1853 0.3473
vn -0.8795 0.4696 0.0765
vn -0.1881 -0.9392 0.2874
vn 0.1719 -0.9830 0.0645
vn 0.2881 -0.7186 0.6330
vn 0.6801 -0.2761 -0.6792
vn 0.9353 0.3328 0.1200
vn -0.9029 0.1834 0.3888
vn -0.4653 0.7771 0.4237
vn -0.6132 -0.6638 0.4282
vn 0.3320 0.9429 0.0260
vn 0.5822 -0.7702 0.2603
vn -0.5523 -0.7895 -0.2676
vn 0.0094 -0.9733 -0.2293
vn -0.1365 -0.9906 0.0007
vn 0.6749 -0.3094 -0.6699
vn -0.0254 -0.0582 0.9980
vn 0.8709 -0.4820 -0.0957
vn -0.0402 -0.1705 0.9845
vn -0.2521 -0.1917 0.9485
vn 0.4230 -0.5036 0.7533
vn -0.7186 0.6692 0.1893
vn 0.1770 0.9630 0.2033
vn -0.7188 0.3953 0.5719
vn -0.0107 0.9285 -0.3711
vn -0.3128 -0.8600 -0.4032
vn -0.1400 -0.9478 -0.2865
vn 0.2969 -0.7152 -0.6327
vn -0.4889 -0.7975 0.3535
vn -0.4113 0.4777 0.7763
vn -0.2754 0.5438 0.7927
vn -0.5311 0.1287 0.8375
vn -0.8539 -0.1906 0.4844
vn 0.1728 0.9849 0.0103
vn -0.3155 -0.4157 0.8530
vn -0.7077 -0.3116 0.6340
vn -0.2686 -0.5240 0.8083
vn -0.1448 -0.7958 0.5880
vn -0.7661 -0.3731 0.5233
vn 0.0845 -0.8893 0.4494
vn -0.2524 0.9672 0.0279
vn 0.5177 -0.7599 -0.3931
vn 0.0012 -0.6832 0.7302
vn -0.4564 0.3221 0.8295
vn -0.0017 -0.3391 0.9408
vn 0.8020 -0.4243 -0.4204
vn -0.7971 -0.6024 0.0414
vn 0.9150 -0.4024 0.0287
vn -0.6139 0.6683 0.4201
vn 0.6292 0.7747 -0.0622
vn -0.5870 -0.6414 0.4940
vn 0.4244 -0.8022 0.4200
vn -0.1912 0.3659 0.9108
vn 0.2535 -0.2386 0.9374
vn 0.3510 -0.9202 -0.1735
vn -0.4767 0.0138 0.8789
vn -0.8762 0.4165 -0.2425
vn 0.2144 0.9760 0.0389
vn 0.5366 0.6694 0.5139
vn -0.3103 0.3789 0.8719
vn 0.8974 -0.3996 -0.1870
vn -0.4649 -0.6624 0.5875
vn 0.3392 0.8456 0.4123
vn 0.8871 0.4601 -0.0354
vn -0.6990 0.7058 0.1152
vn 0.8932 0.4375 -0.1035
vn 0.9951 -0.0900 0.0409
vn -0.6704 0.6101 0.4222
vn 0.6276 0.2150 -0.7482
vn -0.6710 0.1094 0.7333
vn 0.9903 0.1054 -0.0905
vn 0.6834 -0.5182 -0.5142
vn -0.0427 0.9708 0.2361
vn 0.5746 -0.7392 0.3514
vn -0.4137 -0.6432 0.6443
vn 0.6220 -0.6405 0.4505
vn 0.5605 0.7294 -0.3921
vn -0.5682 0.2081 0.7962
vn -0.1798 -0.0222 0.9835
vn 0.7358 -0.2169 -0.6415
vn 0.2724 -0.5086 0.8168
vn -0.2310 -0.1181 -0.9658
vn 0.9286 -0.1193 -0.3514
vn 0.3120 0.9107 -0.2709
vn -0.6112 -0.5291 0.5886
vn 0.7599 -0.2510 -0.5996
vn 0.9350 -0.1456 -0.3233
vn 0.8205 -0.0175 0.5713
vn 0.8147 0.5063 0.2827
vn 0.0002 0.9655 0.2606
vn 0.3394 -0.8203 0.4604
vn -0.9295 -0.3655 0.0490
vn -0.7688 -0.5500 0.3264
vn -0.4782 0.7927 0.3782
vn -0.0914 0.9411 0.3255
vn -0.6943 -0.3117 0.6487
vn 0.9933 0.1066 0.0451
vn -0.5461 0.8099 0.2141
vn -0.3610 -0.6183 0.6981
vn 0.4741 -0.8559 -0.2064
vn -0.1159 -0.8269 -0.5503
vn 0.4807 -0.6688 -0.5672
vn -0.5568 0.0023 0.8306
vn 0.8609 -0.2536 -0.4410
vn -0.6104 -0.7735 0.1707
vn 0.5151 -0.5371 -0.6679
vn 0.6297 -0.6549 0.4177
vn 0.0039 -0.9999 0.0110
vn -0.9350 0.0404 -0.3523
vn -0.2977 0.8225 0.4847
vn 0.9401 -0.2704 -0.2075
vn 0.0170 0.4262 0.9045
vn -0.8540 -0.0931 0.5119
vn -0.2182 -0.6547 0.7238
vn 0.0003 0.9710 0.2392
vn -0.5291 -0.2014 0.8243
vn 0.1380 -0.8062 -0.5754
vn -0.5284 -0.8475 0.0506
vn -0.9258 -0.3484 -0.1465
vn -0.6484 0.3538 0.6741
vn -0.8796 -0.2290 0.4170
vn -0.6409 -0.5753 0.5083
vn -0.0238 0.8129 0.5819
vn 0.9083 0.4143 0.0578
vn 0.8989 -0.3710 0.2333
vn -0.6985 0.5424 0.4668
vn -0.8271 -0.5085 0.2395
vn -0.8254 -0.3393 0.4512
vn 0.5389 0.8294 0.1472
vn 0.9699 0.1260 0.2082
vn 0.2213 -0.9733 -0.0616
vn -0.1188 0.9368 0.3290
vn 0.1358 0.7871 0.6017
vn -0.3376 -0.7101 0.6179
vn -0.0662 0.9697 -0.2353
vn -0.0294 -0.9771 -0.2106
vn 0.4771 0.6396 -0.6027
vn -0.4898 0.3177 0.8119
vn -0.5975 -0.6702 0.4403
vn 0.9265 -0.2148 0.3089
vn -0.3905 0.7624 0.5161
vn -0.8550 0.2834 0.4343
vn -0.7024 0.6548 0.2790
vn 0.2599 -0.7799 0.5694
vn 0.7135 -0.4976 0.4932
vn -0.1199 -0.8942 0.4313
vn -0.4559 -0.3639 0.8123
vn 0.4010 -0.8945 -0.1975
vn 0.1235 -0.9185 -0.3757
vn -0.0611 -0.9811 0.1835
vn 0.9795 0.1724 -0.1039
vn -0.2790 -0.8215 0.4974
vn -0.0778 -0.4349 0.8971
vn -0.8706 -0.0420 0.4902
vn -0.7341 -0.5363 0.4164
vn -0.6451 -0.6904 -0.3274
vn 0.4741 -0.6639 0.5783
vn -0.4722 0.8815 -0.0029
vn 0.8145 -0.4649 -0.3472
vn -0.0698 -0.6985 0.7122
vn -0.9092 0.3954 0.1301
vn 0.6901 -0.2455 -0.6809
vn 0.1764 -0.5404 -0.8227
vn -0.0173 0.8714 0.4903
vn -0.0281 0.9600 0.2787
vn -0.1747 0.9007 0.3978
vn -0.4786 -0.8745 0.0781
vn -0.8313 0.4966 0.2497
vn -0.7174 0.5592 0.4155
vn 0.3292 0.9286 0.1711
vn 0.1134 -0.9540 0.2775
vn -0.5978 -0.6547 -0.4626
vn 0.6560 -0.7079 -0.2619
vn 0.9669 -0.2550 -0.0094
vn 0.4558 -0.8104 -0.3682
vn -0.4485 -0.7976 0.4033
vn -0.9722 -0.2242 -0.0674
vn -0.5157 -0.7607 0.3942
vn 0.9044 0.4240 0.0486
vn 0.0374 0.9549 0.2945
vn -0.7039 -0.0171 0.7101
vn -0.1276 -0.7461 0.6535
vn 0.3765 -0.9187 0.1191
vn -0.9241 -0.1412 -0.3551
vn -0.4973 0.4813 0.7218
vn -0.1998 0.8109 0.5501
vn 0.5936 -0.7097 0.3794
vn 0.9362 0.2238 0.2711
vn -0.6760 0.6173 0.4024
vn 0.8110 0.5625 0.1606
vn -0.3067 -0.9508 0.0440
vn 0.6792 -0.1726 -0.7133
vn -0.9875 0.0678 -0.1421
vn 0.5916 -0.7967 -0.1235
vn -0.7107 -0.6299 0.3133
vn 0.9585 0.2849 -0.0092
vn -0.6658 0.6942 0.2734
vn 0.3504 -0.3336 -0.8752
vn -0.3907 -0.4225 -0.8179
vn 0.2228 0.9366 0.2703
vn -0.8513 0.1793 0.4930
vn -0.9471 0.0589 0.3154
vn 0.4399 -0.8517 -0.2848
vn 0.6382 -0.4557 -0.6206
vn -0.2073 -0.9760 0.0675
vn -0.5550 -0.6871 0.4689
vn 0.1924 0.9258 -0.3254
vn 0.7514 0.6438 0.1446
vn 0.6566 -0.4683 0.5912
vn -0.4485 -0.8764 0.1754
vn -0.2954 -0.5566 0.7765
vn 0.5347 -0.7260 0.4325
vn -0.6034 -0.6887 0.4020
vn -0.7364 0.1929 0.6485
vn -0.4002 -0.4320 0.8082
vn -0.5083 -0.2473 0.8249
vn -0.5074 -0.0979 0.8561
vn 0.5131 -0.7368 -0.4403
vn -0.3874 -0.8897 -0.2414
vn -0.5285 0.1346 0.8382
vn 0.9332 -0.3347 0.1305
vn -0.3381 -0.7619 0.5525
vn 0.7531 -0.4309 0.4971
vn -0.7646 0.4170 0.4915
vn -0.2803 0.8297 0.4827
vn -0.7268 0.5793 0.3691
vn 0.4416 -0.8596 -0.2572
vn 0.7511 -0.6501 -0.1146
vn -0.7979 -0.5655 -0.2088
vn 0.7494 -0.6152 0.2448
vn -0.6752 -0.6438 0.3602
vn 0.4946 0.4961 -0.7136
vn 0.9645 -0.2252 0.1378
vn 0.3603 -0.8573 0.3676
vn -0.3882 -0.8363 0.3872
vn -0.7649 -0.0398 0.6429
vn -0.6081 0.5525 0.5700
vn 0.5532 0.7680 0.3226
vn -0.5028 -0.2554 0.8258
vn 0.8991 0.3419 0.2732
vn 0.4476 -0.8913 0.0722
vn 0.3160 -0.9487 -0.0015
vn 0.6165 -0.5962 -0.5142
vn 0.7924 0.6098 -0.0181
vn -0.3148 0.8844 0.3446
vn -0.0742 0.9494 0.3053
vn 0.5328 -0.8272 0.1783
vn 0.3321 -0.9174 0.2194
vn 0.9374 -0.0802 -0.3389
vn 0.3001 -0.9472 -0.1126
vn -0.2933 -0.7986 0.5255
vn -0.8889 0.4564 -0.0383
vn 0.7652 -0.6041 0.2227
vn -0.3032 0.5953 0.7441
vn 0.5011 0.8654 -0.0056
vn -0.7754 -0.3388 0.5328
vn -0.2394 0.7575 0.6074
vn -0.1858 0.7651 0.6165
vn -0.8385 0.3269 0.4360
vn -0.8143 -0.5685 0.1171
vn 0.1731 0.9001 0.3997
vn 0.0573 -0.5941 0.8024
vn 0.7067 -0.2899 0.6454
vn 0.4604 0.8567 0.2324
vn 0.1675 -0.9773 -0.1300
vn 0.9876 0.0622 0.1440
vn 0.2567 0.8500 -0.4599
vn -0.1458 0.8602 0.4886
vn -0.0027 0.9697 0.2444
vn -0.6486 -0.3394 0.6812
vn -0.5129 0.0621 0.8562
vn -0.7380 -0.4859 0.4682
vn -0.3346 0.8698 0.3625
vn -0.9788 -0.1532 -0.1356
vn -0.4370 0.3250 0.8387
vn -0.7962 -0.2284 0.5603
vn 0.9333 -0.1288 0.3351
vn 0.7913 -0.1633 0.5892
vn -0.1400 -0.6511 0.7460
vn -0.2284 -0.9585 0.1707
vn 0.7999 -0.2691 0.5364
vn 0.1860 -0.8522 0.4891
vn -0.4486 -0.4222 0.7877
vn -0.5072 -0.1247 0.8528
vn -0.5239 0.0809 0.8479
vn -0.4961 -0.7448 0.4463
vn 0.5750 0.0670 -0.8154
vn -0.5190 -0.6413 0.5652
vn 0.9436 0.2914 0.1570
vn -0.2933 0.7330 0.6137
vn 0.0086 0.9999 0.0142
vn -0.2426 -0.7370 0.6309
vn 0.4416 -0.6590 0.6088
vn 0.7937 -0.6083 0.0063
vn -0.5270 0.4587 0.7154
vn -0.6609 0.2657 0.7019
vn -0.5862 0.5201 0.6212
vn -0.0621 -0.8877 0.4563
vn 0.8367 -0.3823 0.3921
vn 0.3843 -0.8720 -0.3033
vn -0.5669 0.8160 0.1130
vn 0.8093 0.5796 0.0952
vn -0.0267 -0.5999 0.7996
vn 0.6751 0.5093 0.5337
vn -0.6065 -0.4765 0.6364
vn -0.6508 -0.6404 0.4078
vn -0.5988 0.2594 0.7578
vn 0.0597 -0.9381 0.3413
vn 0.3763 -0.9250 -0.0526
vn -0.7553 0.4808 0.4454
vn 0.8807 -0.4685 0.0705
vn 0.6014 -0.7989 0.0026
vn -0.5474 -0.7362 0.3980
vn -0.6678 -0.5324 0.5202
vn 0.7625 -0.2044 0.6138
vn -0.2112 -0.7043 0.6777
vn -0.9465 -0.3079 0.0963
vn 0.8609 0.3806 0.3376
vn -0.1788 0.8021 0.5698
vn -0.6343 -0.7171 -0.2888
vn 0.5450 -0.3934 -0.7404
vn -0.1285 -0.9842 0.1214
vn -0.4800 0.3321 0.8120
vn -0.1974 -0.1816 0.9634
vn 0.4308 -0.3997 0.8091
vn -0.5506 0.3643 0.7511
vn 0.1430 -0.9077 0.3944
vn 0.9825 -0.1044 0.1545
vn 0.4724 -0.8799 0.0513
vn 0.5669 0.3695 -0.7363
vn 0.4106 -0.6400 -0.6495
vn 0.0340 0.9864 -0.1609
vn 0.3932 0.9070 0.1505
vn -0.3205 -0.8675 0.3804
vn 0.2181 -0.5703 0.7919
vn 0.4583 -0.4886 0.7424
vn -0.5110 0.3243 0.7960
vn 0.8617 -0.3841 0.3316
vn 0.6238 -0.5446 0.5606
vn 0.8424 0.0565 0.5359
vn -0.4455 0.2306 0.8651
vn -0.0798 0.7463 0.6608
vn 0.2181 0.3626 0.9061
vn -0.1996 -0.6790 0.7065
vn -0.1776 -0.9331 -0.3128
vn 0.5391 -0.6186 -0.5716
vn -0.9157 -0.3989 0.0499
vn -0.2728 -0.5312 0.8021
vn 0.5943 -0.2979 -0.7471
vn -0.9682 0.1590 0.1933
vn -0.1821 -0.9812 0.0638
vn 0.9202 0.0636 0.3862
vn -0.6146 -0.2413 0.7510
vn -0.8264 -0.2232 0.5169
vn -0.5113 0.0854 0.8552
vn -0.5137 0.2650 0.8160
vn -0.3354 0.5326 0.7771
vn 0.1161 -0.9695 0.2160
vn 0.2672 -0.9610 -0.0708
vn 0.2405 -0.9504 -0.1973
vn 0.3552 -0.8899 -0.2863
vn 0.5454 -0.4891 0.6806
vn 0.3530 -0.9082 -0.2247
vn -0.4076 0.5521 0.7274
vn 0.8848 -0.2226 0.4093
vn -0.1989 0.9308 0.3067
vn -0.6912 -0.3519 0.6311
vn -0.0672 0.9892 -0.1302
vn 0.8494 -0.2804 0.4471
vn -0.5270 -0.8327 -0.1698
vn 0.4032 -0.8985 0.1734
vn -0.4835 -0.4494 0.7512
vn 0.2597 -0.9329 -0.2493
vn 0.4840 -0.5934 -0.6431
vn -0.2888 -0.3141 0.9044
vn -0.5453 0.0781 0.8346
vn 0.3095 0.7482 0.5869
vn -0.6053 0.0352 0.7953
vn 0.1216 -0.6929 0.7107
vn 0.7020 -0.5580 0.4425
vn -0.1152 -0.2856 0.9514
vn -0.6797 0.6651 0.3094
vn 0.2505 -0.8972 0.3638
vn 0.8360 0.5230 0.1659
vn 0.9633 0.2584 -0.0733
vn 0.7331 0.2740 0.6225
vn -0.3747 -0.0221 0.9269
vn -0.6067 -0.2124 0.7660
vn 0.3804 -0.7926 -0.4766
vn -0.1194 -0.6657 0.7366
vn 0.2493 0.9034 -0.3489
vn 0.7290 -0.0439 0.6831
vn -0.1600 0.9867 0.0299
vn -0.3833 0.8764 0.2917
vn -0.4975 -0.1054 0.8610
vn 0.0008 -0.9970 0.0776
vn -0.3610 -0.6553 0.6636
vn 0.6704 -0.7418 -0.0171
vn 0.7460 0.1885 -0.6387
vn -0.0377 -0.4229 0.9054
vn 0.4861 0.7262 -0.4861
vn -0.4534 -0.8609 -0.2310
vn 0.1599 -0.9349 -0.3168
vn -0.8908 -0.4180 -0.1781
vn -0.4013 0.7152 0.5722
vn 0.9951 0.0423 -0.0896
vn -0.2365 -0.1151 0.9648
vn -0.4255 -0.3154 0.8482
vn 0.5209 -0.7791 0.3487
vn 0.3016 -0.4881 0.8190
vn -0.1596 0.9850 0.0660
vn -0.0062 -0.4828 0.8757
vn 0.6574 -0.6896 0.3037
vn -0.2951 -0.4224 0.8570
vn -0.4222 0.1430 0.8951
vn -0.1384 -0.4392 0.8877
vn 0.3307 -0.7843 0.5249
vn 0.6401 -0.7676 -0.0316
vn -0.0552 -0.0721 0.9959
vn 0.7026 0.7077 -0.0744
vn 0.3254 -0.9249 -0.1965
vn 0.7001 0.2227 0.6784
vn 0.0484 -0.9955 0.0813
vn -0.3606 -0.8009 -0.4781
vn 0.8829 -0.4574 -0.1064
vn -0.5828 0.3663 0.7253
vn -0.3004 0.9119 0.2796
vn -0.4014 0.8847 -0.2370
vn 0.4747 -0.6806 -0.5581
vn 0.4634 -0.4332 0.7731
vn 0.6271 0.6778 -0.3839
vn 0.2508 0.9496 -0.1877
vn 0.2972 -0.9242 0.2398
vn 0.4664 -0.5044 0.7266
vn 0.5707 -0.0827 0.8170
vn -0.2902 0.3385 0.8951
vn -0.0849 0.5560 0.8268
vn -0.2191 -0.8262 0.5190
vn 0.4463 -0.7635 -0.4669
vn -0.6318 -0.0586 0.7729
vn 0.6216 -0.5108 -0.5939
vn 0.7870 -0.1484 -0.5988
vn 0.4289 0.8756 -0.2221
vn -0.5419 0.8400 -0.0282
vn 0.4479 -0.8906 0.0784
vn 0.2275 0.9217 -0.3142
vn 0.4507 -0.8788 -0.1570
vn 0.3742 -0.9066 -0.1948
vn 0.3095 0.5486 0.7767
vn 0.3492 -0.8658 -0.3586
vn 0.7239 -0.6589 -0.2045
vn -0.9956 0.0935 0.0032
vn -0.4647 0.7897 -0.4005
vn 0.3528 -0.8719 0.3396
vn -0.3931 -0.0545 0.9179
vn -0.4002 0.1763 0.8993
vn 0.7060 -0.6877 -0.1690
vn -0.5277 -0.3021 0.7939
vn -0.4990 0.6302 0.5949
vn -0.8254 0.5594 0.0760
vn -0.4229 0.7792 0.4626
vn -0.5980 0.8014 0.0132
vn 0.0687 0.9969 -0.0371
vn 0.3572 -0.6030 0.7133
vn -0.0530 0.3201 0.9459
vn -0.7662 -0.5301 -0.3631
vn -0.9584 -0.1544 -0.2402
vn 0.7841 -0.3498 -0.5127
vn 0.8846 0.1136 -0.4523
vn 0.0407 -0.5119 0.8581
vn -0.2013 0.9648 -0.1692
vn -0.6671 0.7013 -0.2513
vn 0.3233 0.2040 0.9240
vn -0.3141 -0.8830 -0.3488
vn 0.2632 -0.9247 -0.2751
vn -0.5456 0.3935 0.7399
vn -0.4581 -0.5501 0.6982
vn 0.8133 0.4277 -0.3944
vn 0.8091 0.4940 -0.3182
vn -0.5118 0.8287 -0.2264
vn -0.3312 0.0761 0.9405
vn -0.2238 0.1515 0.9628
vn -0.9800 0.1837 -0.0764
vn 0.7383 0.6537 -0.1662
vn -0.0961 -0.1653 0.9815
vn -0.5980 0.0584 0.7994
vn 0.0935 -0.0210 0.9954
vn -0.2504 -0.8931 0.3738
vn -0.6448 -0.7499 -0.1480
vn 0.5033 -0.5442 -0.6712
vn 0.8796 -0.0899 -0.4671
vn -0.8364 0.5376 -0.1069
vn 0.1515 -0.9525 -0.2641
vn 0.0118 -0.9988 0.0476
vn -0.4930 -0.5797 0.6488
vn 0.5287 -0.7356 -0.4235
vn 0.7078 -0.5706 -0.4165
vn 0.5760 -0.2137 -0.7890
vn -0.5549 0.5110 0.6565
vn -0.4148 0.8438 0.3405
vn 0.3991 -0.8858 -0.2367
vn -0.8855 -0.4477 -0.1245
vn -0.6005 -0.2829 0.7479
vn -0.5695 0.0346 0.8213
vn 0.6471 0.1090 -0.7546
vn 0.1749 -0.9836 -0.0435
vn 0.5788 0.5521 -0.6001
vn 0.5749 0.7850 -0.2308
vn 0.3604 -0.7390 -0.5692
vn -0.5951 0.6220 0.5089
vn -0.0724 -0.9919 -0.1042
vn 0.8862 -0.3463 -0.3078
vn 0.2478 0.9645 -0.0909
vn -0.0066 0.9985 0.0549
vn 0.0511 0.9971 0.0563
vn -0.3659 -0.7740 0.5168
vn 0.5090 -0.3851 -0.7698
vn 0.6366 -0.0117 -0.7711
vn -0.6136 0.2389 0.7527
vn 0.5405 0.4941 -0.6810
vn -0.9791 -0.1973 0.0499
vn 0.4400 -0.8809 -0.1742
vn 0.6654 -0.6976 -0.2658
vn -0.6621 -0.2116 0.7189
vn 0.5442 0.8374 -0.0509
vn 0.4927 -0.6920 -0.5276
vn 0.7501 -0.4580 -0.4770
vn 0.7669 0.5752 -0.2846
vn 0.4833 0.7820 -0.3935
vn -0.0478 -0.9713 0.2331
vn 0.9223 0.0144 -0.3862
vn 0.4187 0.8927 -0.1669
vn -0.4722 0.8788 0.0682
vn 0.2688 -0.9187 -0.2895
vn -0.7078 -0.6931 0.1365
vn 0.9374 0.1232 -0.3256
vn -0.6541 0.4347 0.6190
vn 0.6934 0.6226 -0.3627
vn -0.9566 0.2727 0.1029
vn -0.6869 0.7267 -0.0022
vn -0.3020 0.9258 0.2274
vn -0.3002 -0.9489 0.0970
vn -0.7055 0.5042 0.4980
vn 0.1243 -0.9897 0.0703
vn -0.3858 -0.7697 0.5086
vn -0.7514 0.2373 0.6157
vn 0.9785 0.2034 0.0340
vn 0.6204 0.7526 -0.2206
vn 0.4049 -0.8896 -0.2114
vn -0.9331 -0.3342 0.1326
vn 0.5800 0.8055 -0.1219
vn 0.6946 -0.7071 -0.1328
vn -0.5856 0.7298 0.3527
vn -0.6015 -0.4891 0.6317
vn -0.7404 -0.1042 0.6641
vn 0.9506 -0.3062 0.0508
vn -0.8076 0.5576 0.1919
vn -0.2629 -0.8939 0.3631
vn -0.0527 -0.9692 0.2404
vn 0.2540 -0.9655 0.0577
vn 0.7581 -0.2507 -0.6020
vn -0.7872 0.2950 0.5415
vn 0.8193 0.5414 0.1887
vn 0.4896 -0.8715 -0.0293
vn -0.5581 0.7797 0.2838
vn 0.1588 -0.9873 0.0084
vn 0.7620 0.1026 -0.6394
vn 0.2913 0.9082 0.3007
vn -0.0917 -0.9485 0.3033
vn -0.3261 -0.8071 0.4921
vn -0.9661 0.0456 0.2542
vn 0.5123 0.8586 0.0158
vn -0.2389 0.9167 0.3204
vn -0.7878 -0.3924 0.4748
vn 0.4861 -0.7527 -0.4441
vn -0.7980 -0.0106 0.6025
vn -0.8876 0.3078 0.3428
vn -0.2109 0.9746 0.0747
vn 0.2835 -0.9434 0.1720
vn 0.3915 0.8483 -0.3565
vn -0.0108 -0.9468 0.3218
vn 0.7177 -0.6395 0.2755
vn -0.7167 0.5896 0.3724
vn -0.5598 0.7644 0.3199
vn 0.1691 0.9842 -0.0522
vn -0.0595 0.8663 0.4960
vn 0.1091 -0.9665 0.2324
vn 0.6209 0.6719 0.4038
vn -0.3944 -0.7894 0.4703
vn 0.8544 -0.1676 0.4919
vn 0.8612 0.1769 0.4764
vn 0.6077 0.4993 -0.6176
vn -0.7244 0.4599 0.5135
vn -0.6227 0.6430 0.4459
vn -0.7575 -0.2990 0.5803
vn -0.3652 0.7523 0.5484
vn 0.3826 -0.7870 0.4840
vn -0.6255 -0.6042 0.4937
vn -0.2021 -0.9714 0.1249
vn -0.8065 0.1732 0.5653
vn -0.8580 -0.1068 0.5025
vn -0.8640 0.2440 0.4404
vn 0.6559 -0.4243 0.6244
vn -0.0606 -0.8372 0.5435
vn -0.1789 -0.7595 0.6254
vn 0.4679 -0.6092 -0.6402
vn 0.7743 -0.0250 -0.6323
vn 0.7254 0.2085 -0.6560
vn -0.6652 0.3812 0.6420
vn 0.6602 0.1925 0.7260
vn -0.4731 0.5528 0.6860
vn 0.4196 0.5977 0.6832
vn 0.0974 0.7054 0.7021
vn 0.2214 -0.9738 -0.0514
vn 0.5427 0.6372 -0.5473
vn -0.4324 0.8982 0.0789
vn 0.2554 0.9382 -0.2335
vn -0.4858 -0.7687 0.4161
vn -0.7803 -0.6117 0.1298
vn 0.3125 -0.6323 0.7089
vn -0.0163 -0.9957 0.0908
vn 0.6619 -0.5125 -0.5470
vn 0.5710 -0.2017 0.7958
vn 0.4555 0.2226 0.8620
vn -0.2138 0.5529 0.8053
vn -0.3630 -0.5284 0.7675
vn 0.2373 -0.9431 -0.2331
vn -0.6278 -0.0638 0.7757
vn 0.6944 0.4565 -0.5563
vn -0.0865 0.9669 -0.2401
vn -0.0937 -0.9922 -0.0821
vn -0.8008 0.5925 0.0874
vn 0.1258 0.4392 0.8895
vn 0.8267 0.0637 -0.5591
vn -0.4263 0.2552 0.8678
vn -0.9753 0.1496 0.1627
vn 0.1518 0.9252 -0.3478
vn 0.4470 0.7888 -0.4220
vn 0.2476 -0.4765 0.8436
vn 0.3582 -0.1159 0.9264
vn -0.0338 -0.4355 0.8996
vn -0.3383 -0.2118 0.9169
vn -0.9571 -0.2464 0.1522
vn -0.3343 -0.9340 -0.1264
vn 0.1491 0.2408 0.9591
vn -0.5563 0.8283 -0.0669
vn -0.2503 0.9648 -0.0810
vn -0.7175 -0.6591 -0.2255
vn -0.3174 -0.8021 -0.5058
vn -0.0919 0.1156 0.9890
vn -0.8543 0.4896 0.1743
vn 0.3088 0.8764 -0.3695
vn -0.1090 0.9317 -0.3464
vn 0.6465 -0.5437 -0.5352
vn 0.5918 0.6593 -0.4638
vn 0.7674 0.3451 -0.5404
vn -0.9839 0.1736 0.0414
vn -0.0111 0.9997 0.0213
vn 0.0077 -0.9825 -0.1863
vn 0.8625 -0.0720 -0.5010
vn 0.7702 -0.5732 -0.2797
vn -0.4093 0.8825 0.2315
vn 0.4321 0.8953 -0.1086
vn -0.0777 -0.9261 -0.3693
vn 0.8930 0.2693 -0.3605
vn -0.0289 -0.9751 -0.2201
vn -0.1446 0.9576 0.2492
vn -0.8493 -0.1388 -0.5094
vn -0.5820 -0.5709 -0.5791
vn 0.1782 0.9342 0.3091
vn 0.6940 0.7200 -0.0062
vn 0.3516 -0.9062 -0.2350
vn 0.3822 0.9017 0.2021
vn -0.9095 0.2744 -0.3123
vn 0.9873 0.0514 -0.1502
vn -0.7172 0.5822 0.3829
vn -0.3009 -0.5883 -0.7506
vn -0.0056 -0.8374 -0.5466
vn -0.5829 -0.2761 -0.7642
vn -0.1079 -0.8817 -0.4594
vn -0.7736 0.6238 0.1115
vn 0.1752 0.9628 0.2059
vn -0.7614 0.0173 -0.6480
vn -0.4380 -0.6388 -0.6325
vn 0.9533 -0.3017 0.0089
vn -0.7384 0.4908 -0.4624
vn 0.8398 0.5422 -0.0265
vn -0.5887 0.7744 0.2319
vn 0.4536 0.8790 0.1468
vn 0.2384 0.9667 0.0929
vn -0.3687 0.9086 0.1962
vn 0.0945 -0.9584 -0.2694
vn 0.7092 -0.6929 -0.1299
vn -0.8249 -0.3309 -0.4583
vn -0.5997 0.7796 -0.1805
vn 0.0492 0.9982 -0.0346
vn -0.3765 -0.8231 -0.4251
vn -0.9068 0.1540 -0.3925
vn 0.8962 0.4228 0.1343
vn 0.6763 0.7308 0.0925
vn -0.4247 0.9029 -0.0656
vn 0.4672 -0.8286 -0.3085
vn -0.0976 -0.9390 -0.3297
vn -0.8085 0.5481 -0.2143
vn 0.9671 0.1484 0.2067
vn -0.0559 -0.9580 -0.2814
vn 0.0052 -0.9468 -0.3218
vn -0.3024 0.9480 0.0992
vn 0.0672 0.9977 -0.0105
vn -0.9718 0.1965 -0.1306
vn -0.5252 0.8306 0.1851
vn 0.4351 0.8987 0.0544
vn 0.9336 -0.3533 0.0592
vn -0.7817 -0.5544 -0.2856
vn 0.9693 -0.0728 0.2349
vn -0.7279 0.6806 0.0837
vn 0.6847 0.6942 0.2220
vn 0.2443 -0.9275 -0.2830
vn 0.1358 -0.9124 -0.3861
vn -0.2474 -0.8968 -0.3667
vn 0.7182 -0.6811 -0.1426
vn 0.8314 0.4566 0.3166
vn 0.0999 -0.7487 -0.6554
vn -0.5088 0.6988 0.5028
vn -0.9889 -0.1484 0.0024
vn 0.1089 -0.8644 -0.4908
vn -0.8882 0.3926 0.2387
vn 0.3346 0.9394 0.0753
vn 0.2094 -0.7386 -0.6408
vn -0.1621 -0.8184 -0.5513
vn 0.0971 -0.4154 -0.9044
vn -0.5157 -0.8200 -0.2484
vn 0.0896 -0.6604 -0.7455
vn -0.5126 0.6365 0.5762
vn -0.8509 -0.5218 0.0615
vn 0.1450 -0.5538 -0.8199
vn 0.9064 0.2198 0.3606
vn -0.5677 0.5889 0.5753
vn -0.1827 0.9702 0.1594
vn -0.1631 -0.6866 -0.7085
vn 0.2862 -0.3383 -0.8964
vn 0.6345 -0.7626 -0.1256
vn -0.6147 0.6309 0.4733
vn 0.2307 -0.8232 -0.5187
vn 0.4960 0.8364 0.2330
vn -0.2241 -0.9156 -0.3338
vn 0.2710 -0.3809 -0.8840
vn 0.5185 -0.4268 -0.7410
vn 0.9555 -0.1125 0.2729
vn -0.4829 0.6938 0.5343
vn -0.4937 0.7790 0.3865
vn 0.5469 -0.7702 -0.3282
vn 0.8579 -0.5010 0.1140
vn -0.8301 0.1786 0.5282
vn -0.5263 0.7729 0.3545
vn 0.6834 0.6383 0.3543
vn -0.4966 0.8518 0.1670
vn 0.4953 -0.8686 0.0116
vn 0.1267 0.9558 0.2652
vn -0.0110 -0.9966 -0.0819
vn -0.3486 -0.9142 -0.2067
vn -0.5877 -0.8086 0.0275
vn -0.4864 0.6895 0.5367
vn 0.8016 0.4275 0.4180
vn -0.5335 0.8287 0.1695
vn -0.8474 0.4956 0.1906
vn 0.6705 -0.6239 0.4014
vn -0.8078 -0.4632 0.3647
vn 0.2234 -0.9476 0.2281
vn 0.8667 -0.2821 0.4114
vn -0.5607 0.5998 0.5708
vn 0.8709 0.0589 0.4880
vn -0.5672 0.6892 0.4508
vn -0.0695 -0.9863 0.1494
vn -0.7938 0.0712 0.6040
vn -0.7523 0.5190 0.4058
vn -0.6918 0.5411 0.4781
vn 0.8059 0.1891 0.5610
vn 0.5997 0.5248 0.6041
vn -0.2882 -0.9352 0.2059
vn 0.3699 0.7555 0.5407
vn 0.3909 -0.7612 0.5175
vn -0.5912 -0.7384 0.3244
vn -0.9137 0.4059 -0.0178
vn 0.6752 0.2728 0.6853
vn -0.3097 0.8269 0.4695
vn -0.6881 -0.2253 0.6898
vn 0.7434 -0.2058 0.6364
vn -0.7153 0.4521 0.5328
vn 0.0672 -0.7689 0.6358
vn -0.5981 0.4997 0.6266
vn -0.5529 -0.5471 0.6285
vn 0.5127 -0.4564 0.7272
vn -0.6901 0.2576 0.6763
vn -0.4055 0.2937 0.8656
vn 0.0507 0.5266 0.8486
vn -0.2553 -0.6195 0.7423
vn -0.6162 0.1626 0.7706
vn 0.6472 -0.0997 0.7558
vn -0.4405 0.4436 0.7805
vn -0.4675 0.4586 0.7557
vn 0.2239 -0.4122 0.8831
vn 0.4410 -0.0483 0.8962
vn 0.2770 0.3666 0.8882
vn -0.4323 -0.0790 0.8983
vn -0.1962 0.3352 0.9215
vn -0.3032 0.2188 0.9275
vn -0.0658 -0.2653 0.9619
vn 0.0266 0.1081 0.9938
vt 0.727702 0.246226
vt 0.721567 0.248339
vt 0.730412 0.240399
vt 0.753399 0.250007
vt 0.734919 0.248122
vt 0.729494 0.229110
vt 0.725570 0.241530
vt 0.708678 0.231230
vt 0.726268 0.218056
vt 0.932809 0.152340
vt 0.943241 0.159061
vt 0.939842 0.161370
vt 0.720360 0.208653
vt 0.735216 0.271536
vt 0.761996 0.236648
vt 0.745214 0.272041
vt 0.721561 0.264763
vt 0.941615 0.167205
vt 0.705293 0.219487
vt 0.685604 0.245772
vt 0.711545 0.256299
vt 0.933283 0.179231
vt 0.918258 0.171401
vt 0.708942 0.274436
vt 0.950594 0.162816
vt 0.741825 0.301481
vt 0.134965 0.871981
vt 0.107379 0.882297
vt 0.111821 0.871357
vt 0.956718 0.149942
vt 0.924130 0.202063
vt 0.938582 0.183508
vt 0.761249 0.279596
vt 0.132627 0.860194
vt 0.901242 0.208816
vt 0.008456 0.128745
vt 0.008456 0.115134
vt 0.021417 0.128275
vt 0.930395 0.197134
vt 0.759241 0.296746
vt 0.751809 0.297218
vt 0.107454 0.867344
vt 0.118916 0.853279
vt 0.884614 0.178856
vt 0.044368 0.286459
vt 0.045834 0.261783
vt 0.056402 0.270049
vt 0.348250 0.985436
vt 0.335487 0.992805
vt 0.341965 0.966949
vt 0.764975 0.971477
vt 0.743390 0.953572
vt 0.782433 0.955153
vt 0.730493 0.308977
vt 0.354328 0.966799
vt 0.744431 0.968132
vt 0.702724 0.296393
vt 0.086438 0.876499
vt 0.063655 0.260310
vt 0.318903 0.974180
vt 0.352075 0.990078
vt 0.094884 0.859358
vt 0.095922 0.883646
vt 0.068981 0.239242
vt 0.934305 0.208320
vt 0.359843 0.972228
vt 0.359638 0.994514
vt 0.692551 0.270201
vt 0.914315 0.216243
vt 0.109446 0.839571
vt 0.716513 0.962299
vt 0.757042 0.975468
vt 0.719250 0.994116
vt 0.079306 0.869282
vt 0.075945 0.892092
vt 0.027493 0.250529
vt 0.829206 0.954400
vt 0.831981 0.939198
vt 0.850903 0.953809
vt 0.956657 0.228609
vt 0.129325 0.952552
vt 0.138752 0.975096
vt 0.128376 0.978669
vt 0.085065 0.845254
vt 0.058562 0.223335
vt 0.668947 0.399714
vt 0.669422 0.410805
vt 0.658585 0.412715
vt 0.685199 0.437004
vt 0.699228 0.404137
vt 0.698830 0.446646
vt 0.078422 0.773071
vt 0.086784 0.745101
vt 0.096317 0.791628
vt 0.028290 0.223478
vt 0.683102 0.413066
vt 0.658679 0.414916
vt 0.125298 0.967799
vt 0.125298 0.994003
vt 0.118090 0.987425
vt 0.035910 0.904310
vt 0.045026 0.903596
vt 0.037452 0.922618
vt 0.645124 0.397771
vt 0.818151 0.122453
vt 0.801902 0.137588
vt 0.817429 0.095811
vt 0.079298 0.854967
vt 0.046451 0.919266
vt 0.443945 0.210749
vt 0.481191 0.190139
vt 0.456373 0.234765
vt 0.472992 0.239400
vt 0.108724 0.764167
vt 0.827598 0.098413
vt 0.738135 0.923724
vt 0.086571 0.827162
vt 0.341218 0.316937
vt 0.334716 0.280306
vt 0.353865 0.304655
vt 0.457326 0.176189
vt 0.659066 0.430845
vt 0.849978 0.123923
vt 0.837689 0.151785
vt 0.481230 0.855122
vt 0.467498 0.882274
vt 0.462429 0.871032
vt 0.260663 0.522950
vt 0.264746 0.541383
vt 0.232289 0.544223
vt 0.414462 0.201232
vt 0.154419 0.971674
vt 0.158108 0.989661
vt 0.495352 0.861124
vt 0.832499 0.030843
vt 0.820046 0.022757
vt 0.840786 0.006865
vt 0.048507 0.887264
vt 0.264545 0.523065
vt 0.093405 0.815058
vt 0.074679 0.901679
vt 0.059187 0.929373
vt 0.421046 0.186174
vt 0.292625 0.523964
vt 0.809557 0.012066
vt 0.064235 0.890289
vt 0.058229 0.885610
vt 0.822784 0.078544
vt 0.099304 0.747477
vt 0.074634 0.824444
vt 0.358672 0.330303
vt 0.121424 0.752135
vt 0.147337 0.753524
vt 0.432520 0.167961
vt 0.418485 0.178578
vt 0.643084 0.472299
vt 0.650552 0.487739
vt 0.647158 0.495471
vt 0.078384 0.914995
vt 0.854804 0.093744
vt 0.494654 0.882064
vt 0.445007 0.904045
vt 0.436941 0.894002
vt 0.366650 0.290121
vt 0.297064 0.552841
vt 0.687483 0.455901
vt 0.061952 0.941226
vt 0.473358 0.160158
vt 0.369928 0.313434
vt 0.398930 0.178671
vt 0.866422 0.128161
vt 0.677276 0.448591
vt 0.089665 0.622757
vt 0.079133 0.604935
vt 0.093570 0.600310
vt 0.659926 0.493124
vt 0.470520 0.897523
vt 0.668976 0.441801
vt 0.866690 0.097536
vt 0.095319 0.647620
vt 0.078695 0.630291
vt 0.059046 0.873172
vt 0.052756 0.874378
vt 0.533183 0.317354
vt 0.538103 0.312914
vt 0.540871 0.322061
vt 0.789156 0.920460
vt 0.824154 0.919743
vt 0.789108 0.991482
vt 0.812090 0.976542
vt 0.833322 0.992079
vt 0.094835 0.660817
vt 0.079844 0.648390
vt 0.086923 0.935839
vt 0.527506 0.328210
vt 0.539403 0.328196
vt 0.805052 0.950718
vt 0.821374 0.978642
vt 0.432267 0.146213
vt 0.566814 0.924925
vt 0.581230 0.924130
vt 0.572687 0.940702
vt 0.657118 0.478135
vt 0.094354 0.916954
vt 0.072741 0.882481
vt 0.540724 0.291978
vt 0.544261 0.299075
vt 0.530679 0.309495
vt 0.413417 0.147955
vt 0.403030 0.350325
vt 0.370231 0.361695
vt 0.313115 0.507884
vt 0.589808 0.935563
vt 0.386030 0.274728
vt 0.661264 0.449192
vt 0.072343 0.647109
vt 0.674745 0.454292
vt 0.550389 0.315454
vt 0.072040 0.614448
vt 0.558044 0.939635
vt 0.584692 0.955641
vt 0.091935 0.900449
vt 0.376987 0.311279
vt 0.325498 0.522075
vt 0.714259 0.982573
vt 0.714259 0.998328
vt 0.686818 0.990552
vt 0.500328 0.894231
vt 0.814285 0.955522
vt 0.832255 0.957770
vt 0.403308 0.143401
vt 0.317469 0.552653
vt 0.667232 0.477441
vt 0.668081 0.488845
vt 0.486357 0.904137
vt 0.525019 0.341499
vt 0.535894 0.341877
vt 0.555003 0.325147
vt 0.563956 0.306341
vt 0.410067 0.284809
vt 0.872437 0.075933
vt 0.532386 0.266735
vt 0.541590 0.278949
vt 0.520181 0.273579
vt 0.415895 0.337144
vt 0.426224 0.361563
vt 0.039446 0.619149
vt 0.040276 0.601514
vt 0.057036 0.617282
vt 0.058769 0.597179
vt 0.066945 0.637087
vt 0.564314 0.293030
vt 0.566484 0.314718
vt 0.382179 0.170005
vt 0.057706 0.628065
vt 0.035925 0.641761
vt 0.080539 0.661541
vt 0.672616 0.468789
vt 0.681077 0.468363
vt 0.066140 0.606264
vt 0.565849 0.955955
vt 0.071126 0.595071
vt 0.595544 0.956135
vt 0.400598 0.317695
vt 0.439126 0.348774
vt 0.057384 0.647069
vt 0.866747 0.009314
vt 0.883811 0.032801
vt 0.857129 0.021547
vt 0.555016 0.955660
vt 0.673662 0.481957
vt 0.511539 0.899856
vt 0.504782 0.901193
vt 0.607067 0.947398
vt 0.447726 0.910319
vt 0.042400 0.658252
vt 0.060593 0.660275
vt 0.564288 0.335664
vt 0.387177 0.142579
vt 0.448988 0.317801
vt 0.475764 0.321788
vt 0.449988 0.332519
vt 0.454134 0.304690
vt 0.432030 0.332636
vt 0.678379 0.474764
vt 0.498383 0.906593
vt 0.858366 0.221666
vt 0.851305 0.197134
vt 0.864885 0.192013
vt 0.568160 0.321745
vt 0.569634 0.309457
vt 0.433312 0.274446
vt 0.435555 0.283900
vt 0.480588 0.916670
vt 0.767866 0.546129
vt 0.744476 0.546946
vt 0.767070 0.540216
vt 0.762765 0.551650
vt 0.418216 0.310254
vt 0.034728 0.850477
vt 0.019091 0.855656
vt 0.032547 0.839564
vt 0.536993 0.352340
vt 0.526661 0.354086
vt 0.563867 0.285325
vt 0.572760 0.294522
vt 0.414326 0.320755
vt 0.575808 0.965861
vt 0.522902 0.904397
vt 0.517078 0.907026
vt 0.487188 0.991838
vt 0.474803 0.984973
vt 0.492094 0.972186
vt 0.851819 0.184287
vt 0.769819 0.553217
vt 0.759486 0.565245
vt 0.551112 0.962724
vt 0.555604 0.970092
vt 0.570388 0.969714
vt 0.564411 0.348210
vt 0.878833 0.193090
vt 0.882347 0.162410
vt 0.751559 0.533299
vt 0.771216 0.529412
vt 0.752697 0.565209
vt 0.511995 0.912789
vt 0.738008 0.542467
vt 0.772555 0.565106
vt 0.761518 0.572716
vt 0.890854 0.677880
vt 0.886505 0.685356
vt 0.874289 0.685924
vt 0.033567 0.866606
vt 0.913500 0.629274
vt 0.936091 0.650160
vt 0.910493 0.647006
vt 0.862399 0.162304
vt 0.931478 0.628367
vt 0.760559 0.523301
vt 0.565161 0.274396
vt 0.577762 0.285216
vt 0.922996 0.667098
vt 0.897651 0.654575
vt 0.474605 0.998921
vt 0.855467 0.172260
vt 0.734443 0.553335
vt 0.896132 0.684030
vt 0.895032 0.671057
vt 0.916366 0.678394
vt 0.015379 0.864340
vt 0.222408 0.428276
vt 0.225366 0.445491
vt 0.198274 0.430164
vt 0.754643 0.577187
vt 0.904740 0.684676
vt 0.906611 0.694628
vt 0.901846 0.697873
vt 0.982722 0.244939
vt 0.964961 0.235962
vt 0.975355 0.232924
vt 0.739939 0.531682
vt 0.563366 0.364578
vt 0.968391 0.248649
vt 0.575870 0.342217
vt 0.540982 0.268855
vt 0.562594 0.266347
vt 0.742555 0.521491
vt 0.187633 0.707554
vt 0.195049 0.707813
vt 0.189074 0.716830
vt 0.004450 0.859884
vt 0.845898 0.140234
vt 0.298599 0.571881
vt 0.307652 0.571105
vt 0.299746 0.583464
vt 0.301278 0.559457
vt 0.288155 0.569620
vt 0.905494 0.708068
vt 0.845860 0.175711
vt 0.319215 0.585916
vt 0.723218 0.548682
vt 0.922587 0.688363
vt 0.951564 0.243139
vt 0.717565 0.565390
vt 0.922380 0.706904
vt 0.198747 0.699464
vt 0.936681 0.683676
vt 0.575841 0.264660
vt 0.196864 0.714108
vt 0.305364 0.591646
vt 0.573816 0.364676
vt 0.773687 0.519160
vt 0.749501 0.509554
vt 0.766708 0.503618
vt 0.683197 0.941193
vt 0.703558 0.947093
vt 0.693039 0.952862
vt 0.190291 0.725763
vt 0.566186 0.257753
vt 0.210749 0.707615
vt 0.934516 0.232252
vt 0.703182 0.956621
vt 0.736327 0.934550
vt 0.714451 0.956743
vt 0.211292 0.696599
vt 0.263647 0.544268
vt 0.316524 0.602480
vt 0.291646 0.608033
vt 0.211870 0.717794
vt 0.278413 0.584677
vt 0.233871 0.371183
vt 0.236185 0.387612
vt 0.212665 0.381921
vt 0.202328 0.685678
vt 0.736490 0.962610
vt 0.201784 0.729876
vt 0.190214 0.737500
vt 0.279846 0.598172
vt 0.200886 0.410984
vt 0.186773 0.431659
vt 0.193690 0.413630
vt 0.222087 0.702286
vt 0.254377 0.559216
vt 0.203489 0.673085
vt 0.216701 0.684360
vt 0.236493 0.414693
vt 0.210279 0.390069
vt 0.751510 0.499802
vt 0.225619 0.398791
vt 0.216789 0.371406
vt 0.004422 0.354130
vt 0.011647 0.357676
vt 0.009886 0.368974
vt 0.223566 0.708848
vt 0.225563 0.692435
vt 0.200896 0.400998
vt 0.207719 0.380562
vt 0.209217 0.368906
vt 0.758039 0.490883
vt 0.930110 0.626116
vt 0.929253 0.600023
vt 0.941347 0.610993
vt 0.219427 0.673161
vt 0.004523 0.804818
vt 0.017959 0.801688
vt 0.015575 0.813946
vt 0.223907 0.714822
vt 0.246449 0.578237
vt 0.203553 0.390822
vt 0.213445 0.734200
vt 0.221887 0.724271
vt 0.223184 0.663182
vt 0.027639 0.802083
vt 0.203047 0.374004
vt 0.040142 0.370697
vt 0.914760 0.616313
vt 0.263198 0.592775
vt 0.775089 0.491316
vt 0.235821 0.703719
vt 0.005587 0.791845
vt 0.192819 0.745624
vt 0.023339 0.352614
vt 0.943182 0.595281
vt 0.011981 0.825104
vt 0.026978 0.824890
vt 0.921677 0.587727
vt 0.226831 0.207413
vt 0.215210 0.198388
vt 0.241739 0.195435
vt 0.229787 0.567059
vt 0.190356 0.383065
vt 0.024588 0.833357
vt 0.896216 0.585108
vt 0.902327 0.580123
vt 0.237489 0.715217
vt 0.041510 0.811643
vt 0.185642 0.394379
vt 0.049322 0.673951
vt 0.063933 0.686093
vt 0.052681 0.698785
vt 0.917235 0.580971
vt 0.216925 0.743405
vt 0.191752 0.755035
vt 0.190493 0.373944
vt 0.630560 0.592771
vt 0.629608 0.613526
vt 0.620264 0.607162
vt 0.635223 0.604183
vt 0.033002 0.790052
vt 0.256463 0.608018
vt 0.022747 0.683293
vt 0.032651 0.684608
vt 0.028814 0.699314
vt 0.179487 0.549239
vt 0.180711 0.515230
vt 0.188572 0.532858
vt 0.644355 0.605496
vt 0.640361 0.621046
vt 0.659001 0.613584
vt 0.652270 0.621852
vt 0.845347 0.546681
vt 0.869637 0.530586
vt 0.879129 0.537825
vt 0.038790 0.697330
vt 0.231788 0.730404
vt 0.237812 0.184010
vt 0.258958 0.203021
vt 0.221311 0.182425
vt 0.843628 0.536886
vt 0.228287 0.584318
vt 0.892360 0.546596
vt 0.882632 0.549091
vt 0.896182 0.535929
vt 0.043708 0.705002
vt 0.192918 0.547850
vt 0.272597 0.203159
vt 0.263142 0.219306
vt 0.826672 0.541979
vt 0.847976 0.516304
vt 0.780222 0.344599
vt 0.796439 0.353899
vt 0.793654 0.374952
vt 0.894912 0.574007
vt 0.912759 0.565961
vt 0.938024 0.579526
vt 0.618737 0.618195
vt 0.639546 0.634126
vt 0.902821 0.551777
vt 0.901688 0.539592
vt 0.888354 0.531930
vt 0.653895 0.641313
vt 0.905339 0.559750
vt 0.197001 0.500389
vt 0.604024 0.604964
vt 0.885466 0.522781
vt 0.201890 0.514761
vt 0.263512 0.189682
vt 0.631244 0.633766
vt 0.031770 0.705041
vt 0.204030 0.549009
vt 0.242338 0.728718
vt 0.601298 0.619359
vt 0.252819 0.184116
vt 0.271393 0.197594
vt 0.911330 0.545744
vt 0.899478 0.522431
vt 0.929214 0.569793
vt 0.220632 0.169850
vt 0.241685 0.171108
vt 0.873539 0.513532
vt 0.215335 0.588207
vt 0.212909 0.578305
vt 0.227944 0.579879
vt 0.227024 0.565096
vt 0.223169 0.560995
vt 0.237904 0.556648
vt 0.227522 0.574473
vt 0.909190 0.554432
vt 0.913717 0.558138
vt 0.213300 0.565375
vt 0.207955 0.589305
vt 0.211711 0.517728
vt 0.624963 0.639707
vt 0.360776 0.017252
vt 0.369852 0.035268
vt 0.351459 0.018794
vt 0.210140 0.573039
vt 0.940389 0.562061
vt 0.615162 0.636675
vt 0.265097 0.182189
vt 0.238523 0.162413
vt 0.605481 0.633395
vt 0.572635 0.611653
vt 0.359923 0.045581
vt 0.202569 0.563835
vt 0.929910 0.550404
vt 0.178474 0.472798
vt 0.803386 0.353310
vt 0.803280 0.376217
vt 0.893249 0.508917
vt 0.924852 0.533041
vt 0.039575 0.731044
vt 0.950855 0.567886
vt 0.808841 0.343250
vt 0.815921 0.361604
vt 0.342027 0.026217
vt 0.202886 0.576011
vt 0.221827 0.527218
vt 0.209147 0.502593
vt 0.817668 0.344204
vt 0.381847 0.037360
vt 0.806528 0.340638
vt 0.806597 0.327514
vt 0.822579 0.335422
vt 0.193124 0.574490
vt 0.179334 0.561288
vt 0.194119 0.564380
vt 0.590708 0.731034
vt 0.587771 0.723873
vt 0.607162 0.722729
vt 0.273037 0.171772
vt 0.873454 0.502663
vt 0.430690 0.051586
vt 0.415885 0.063719
vt 0.404388 0.041143
vt 0.607635 0.735715
vt 0.620617 0.727254
vt 0.618794 0.720549
vt 0.401445 0.067851
vt 0.396072 0.033352
vt 0.581232 0.741696
vt 0.578371 0.735726
vt 0.580293 0.725250
vt 0.606067 0.710805
vt 0.621368 0.708304
vt 0.593930 0.714835
vt 0.585146 0.715559
vt 0.233138 0.151881
vt 0.241791 0.156497
vt 0.932652 0.996070
vt 0.945203 0.990218
vt 0.966467 0.995365
vt 0.256528 0.159345
vt 0.210514 0.558091
vt 0.422026 0.024447
vt 0.405876 0.031859
vt 0.195519 0.583147
vt 0.600715 0.740685
vt 0.388275 0.061630
vt 0.389188 0.035220
vt 0.616260 0.699862
vt 0.944485 0.551909
vt 0.792774 0.332585
vt 0.792571 0.318029
vt 0.193633 0.553256
vt 0.450222 0.051392
vt 0.211782 0.600952
vt 0.756150 0.309885
vt 0.760350 0.319599
vt 0.739207 0.313917
vt 0.186513 0.576558
vt 0.571587 0.735500
vt 0.864589 0.948328
vt 0.881948 0.937028
vt 0.880353 0.949340
vt 0.601373 0.703253
vt 0.589548 0.707796
vt 0.809489 0.318889
vt 0.436140 0.018378
vt 0.411043 0.016482
vt 0.185174 0.551584
vt 0.391171 0.025343
vt 0.878806 0.928914
vt 0.902000 0.927385
vt 0.577019 0.715792
vt 0.218204 0.509273
vt 0.203716 0.486223
vt 0.344985 0.051859
vt 0.346229 0.746593
vt 0.336670 0.754640
vt 0.335615 0.740668
vt 0.326703 0.747301
vt 0.779302 0.315300
vt 0.395318 0.022808
vt 0.137760 0.561709
vt 0.152332 0.567526
vt 0.146327 0.577137
vt 0.951807 0.550443
vt 0.356804 0.064535
vt 0.366343 0.061150
vt 0.812746 0.382214
vt 0.806592 0.400432
vt 0.457711 0.035365
vt 0.200984 0.602067
vt 0.192302 0.595473
vt 0.380957 0.022088
vt 0.572313 0.742351
vt 0.858948 0.935843
vt 0.946245 0.541106
vt 0.462619 0.778412
vt 0.457519 0.785587
vt 0.450783 0.769687
vt 0.351691 0.733888
vt 0.367304 0.754338
vt 0.330584 0.733620
vt 0.774594 0.306585
vt 0.404718 0.011775
vt 0.374629 0.033269
vt 0.569231 0.725505
vt 0.239132 0.534393
vt 0.230854 0.515665
vt 0.328588 0.026808
vt 0.342216 0.728869
vt 0.786606 0.307263
vt 0.761260 0.299494
vt 0.868262 0.495676
vt 0.894279 0.498767
vt 0.189512 0.589973
vt 0.017833 0.489523
vt 0.036040 0.486890
vt 0.024264 0.492183
vt 0.867282 0.923704
vt 0.578542 0.702881
vt 0.236464 0.141290
vt 0.238310 0.132591
vt 0.246441 0.134757
vt 0.252235 0.140527
vt 0.218482 0.494400
vt 0.316261 0.020991
vt 0.328619 0.050598
vt 0.824391 0.352475
vt 0.848864 0.947877
vt 0.128503 0.551382
vt 0.147069 0.554908
vt 0.131682 0.538294
vt 0.145762 0.543329
vt 0.243172 0.522661
vt 0.443518 0.779800
vt 0.006410 0.681502
vt 0.018476 0.673053
vt 0.030809 0.680708
vt 0.834326 0.340388
vt 0.837028 0.358436
vt 0.798913 0.307375
vt 0.320229 0.742459
vt 0.384883 0.018294
vt 0.209779 0.611187
vt 0.036247 0.494993
vt 0.564037 0.737723
vt 0.885413 0.920269
vt 0.475394 0.786140
vt 0.782894 0.296386
vt 0.309598 0.749849
vt 0.315437 0.740270
vt 0.838975 0.916530
vt 0.311045 0.039824
vt 0.260176 0.146203
vt 0.375210 0.737592
vt 0.385655 0.750663
vt 0.322849 0.728698
vt 0.386409 0.015709
vt 0.165706 0.556229
vt 0.816337 0.309999
vt 0.811003 0.300125
vt 0.305207 0.745532
vt 0.209153 0.627652
vt 0.201727 0.617163
vt 0.559187 0.728895
vt 0.866459 0.905602
vt 0.885636 0.911472
vt 0.564507 0.712415
vt 0.846595 0.904391
vt 0.830615 0.926070
vt 0.169406 0.564548
vt 0.434114 0.784237
vt 0.431784 0.764358
vt 0.822935 0.382494
vt 0.335818 0.716496
vt 0.376535 0.010504
vt 0.376363 0.014176
vt 0.375058 0.022880
vt 0.450736 0.804424
vt 0.369859 0.722900
vt 0.794762 0.295812
vt 0.816908 0.404568
vt 0.873635 0.476137
vt 0.366970 0.015332
vt 0.022942 0.504030
vt 0.564545 0.704760
vt 0.158476 0.544695
vt 0.976052 0.268547
vt 0.997037 0.268970
vt 0.981185 0.278888
vt 0.892067 0.966972
vt 0.896219 0.957011
vt 0.912049 0.961489
vt 0.322416 0.064087
vt 0.327044 0.716119
vt 0.313075 0.730505
vt 0.977122 0.833806
vt 0.974841 0.843610
vt 0.971100 0.840495
vt 0.195447 0.611461
vt 0.997994 0.276558
vt 0.978831 0.292644
vt 0.422638 0.778228
vt 0.345662 0.714550
vt 0.147562 0.530644
vt 0.336797 0.071513
vt 0.551609 0.742058
vt 0.054185 0.506674
vt 0.050386 0.516136
vt 0.990208 0.292667
vt 0.885976 0.948360
vt 0.909951 0.944537
vt 0.337395 0.702778
vt 0.791610 0.283027
vt 0.967395 0.829785
vt 0.438935 0.797916
vt 0.360192 0.710482
vt 0.781216 0.280330
vt 0.116469 0.296416
vt 0.109403 0.323855
vt 0.103223 0.296963
vt 0.252813 0.116150
vt 0.292647 0.054516
vt 0.287105 0.033310
vt 0.304731 0.054669
vt 0.835049 0.393026
vt 0.822208 0.287064
vt 0.980687 0.843982
vt 0.967167 0.852107
vt 0.143493 0.515653
vt 0.127149 0.523968
vt 0.906252 0.936359
vt 0.917466 0.948280
vt 0.332452 0.702552
vt 0.347725 0.082272
vt 0.756843 0.013844
vt 0.764704 0.025071
vt 0.757814 0.042963
vt 0.947277 0.832534
vt 0.553116 0.732400
vt 0.126189 0.319003
vt 0.183589 0.554586
vt 0.416211 0.775539
vt 0.410138 0.781331
vt 0.401198 0.762631
vt 0.316681 0.708505
vt 0.800845 0.286342
vt 0.010694 0.458622
vt 0.003436 0.448632
vt 0.027416 0.440987
vt 0.089875 0.297747
vt 0.097771 0.322670
vt 0.963139 0.847916
vt 0.805463 0.424059
vt 0.850682 0.890523
vt 0.864629 0.896127
vt 0.160129 0.535019
vt 0.177005 0.543559
vt 0.086768 0.075420
vt 0.103650 0.094387
vt 0.084663 0.104117
vt 0.352279 0.701300
vt 0.785804 0.526209
vt 0.798861 0.519962
vt 0.795049 0.530360
vt 0.828628 0.396263
vt 0.822994 0.407709
vt 0.971989 0.863750
vt 0.037448 0.526443
vt 0.084891 0.323422
vt 0.899456 0.932054
vt 0.542687 0.715452
vt 0.554682 0.708705
vt 0.075173 0.301742
vt 0.424461 0.806015
vt 0.389502 0.734823
vt 0.011926 0.526028
vt 0.191153 0.621780
vt 0.324235 0.692961
vt 0.845635 0.369633
vt 0.841084 0.392222
vt 0.393128 0.725991
vt 0.943064 0.840438
vt 0.948065 0.848868
vt 0.147085 0.338918
vt 0.162423 0.344457
vt 0.147085 0.348786
vt 0.127078 0.345700
vt 0.148362 0.327508
vt 0.155409 0.523457
vt 0.171599 0.528089
vt 0.108183 0.111764
vt 0.416684 0.799302
vt 0.976398 0.568918
vt 0.980729 0.580819
vt 0.967678 0.577282
vt 0.312431 0.069805
vt 0.595123 0.017055
vt 0.605139 0.007067
vt 0.604390 0.021305
vt 0.814530 0.276912
vt 0.797576 0.271247
vt 0.244702 0.214995
vt 0.240860 0.229396
vt 0.214615 0.228132
vt 0.783582 0.509503
vt 0.777737 0.530716
vt 0.934102 0.836664
vt 0.915431 0.926270
vt 0.168718 0.291736
vt 0.156423 0.283831
vt 0.179124 0.281788
vt 0.341730 0.093914
vt 0.809797 0.268711
vt 0.958727 0.855895
vt 0.277798 0.228106
vt 0.957781 0.862576
vt 0.081173 0.131347
vt 0.069249 0.111354
vt 0.895752 0.365837
vt 0.910827 0.352321
vt 0.920137 0.367158
vt 0.023925 0.615947
vt 0.003499 0.615947
vt 0.012084 0.602466
vt 0.144021 0.303187
vt 0.166404 0.302981
vt 0.024657 0.081028
vt 0.035012 0.088630
vt 0.023043 0.096719
vt 0.621275 0.008357
vt 0.330042 0.080011
vt 0.592583 0.037078
vt 0.274984 0.237196
vt 0.031985 0.542982
vt 0.294262 0.017925
vt 0.279282 0.032636
vt 0.287811 0.011781
vt 0.287821 0.030664
vt 0.121277 0.327328
vt 0.112611 0.345229
vt 0.068229 0.304261
vt 0.098289 0.354194
vt 0.165622 0.519559
vt 0.104242 0.135072
vt 0.410502 0.801416
vt 0.606805 0.030952
vt 0.271929 0.248721
vt 0.286272 0.233009
vt 0.549767 0.701087
vt 0.927708 0.936463
vt 0.168308 0.051903
vt 0.157284 0.050571
vt 0.176444 0.041729
vt 0.955365 0.855537
vt 0.082630 0.347203
vt 0.169616 0.267981
vt 0.156668 0.275977
vt 0.138426 0.296541
vt 0.620038 0.020645
vt 0.151087 0.317708
vt 0.137834 0.314142
vt 0.026297 0.372609
vt 0.017063 0.377940
vt 0.006514 0.372305
vt 0.606374 0.039390
vt 0.822987 0.267562
vt 0.942423 0.329382
vt 0.956180 0.315353
vt 0.952964 0.326013
vt 0.808444 0.533533
vt 0.791032 0.554665
vt 0.235272 0.242326
vt 0.220155 0.238957
vt 0.267624 0.024741
vt 0.109470 0.332131
vt 0.282896 0.056067
vt 0.265929 0.045563
vt 0.159086 0.513610
vt 0.032438 0.104264
vt 0.953288 0.858519
vt 0.950829 0.863976
vt 0.272796 0.005042
vt 0.069095 0.142503
vt 0.150463 0.044414
vt 0.786543 0.543694
vt 0.805198 0.262692
vt 0.809761 0.549447
vt 0.817654 0.540298
vt 0.838902 0.406539
vt 0.255798 0.062250
vt 0.126891 0.506326
vt 0.960542 0.567764
vt 0.134274 0.308268
vt 0.282004 0.263426
vt 0.298608 0.258393
vt 0.824821 0.554505
vt 0.828708 0.547361
vt 0.138864 0.360816
vt 0.147340 0.358270
vt 0.265000 0.070233
vt 0.870112 0.378889
vt 0.863241 0.353271
vt 0.881269 0.370962
vt 0.871452 0.348522
vt 0.891424 0.335715
vt 0.993940 0.296903
vt 0.993940 0.313283
vt 0.976677 0.297094
vt 0.779985 0.551062
vt 0.128508 0.315944
vt 0.227039 0.743507
vt 0.237195 0.748136
vt 0.234021 0.753762
vt 0.255532 0.731690
vt 0.262346 0.733552
vt 0.262949 0.743716
vt 0.155200 0.503910
vt 0.905289 0.155995
vt 0.911382 0.133253
vt 0.921644 0.156743
vt 0.402483 0.816213
vt 0.142184 0.034687
vt 0.165839 0.026573
vt 0.176655 0.036854
vt 0.934788 0.930985
vt 0.615107 0.038232
vt 0.236308 0.735833
vt 0.251802 0.745320
vt 0.805670 0.565117
vt 0.830746 0.555309
vt 0.459618 0.498168
vt 0.475827 0.500446
vt 0.463216 0.512572
vt 0.087112 0.368618
vt 0.844908 0.400157
vt 0.254999 0.255933
vt 0.434169 0.531160
vt 0.165960 0.503177
vt 0.924849 0.138746
vt 0.175453 0.263349
vt 0.154816 0.263927
vt 0.152970 0.243357
vt 0.133110 0.249628
vt 0.139098 0.233712
vt 0.966604 0.318998
vt 0.955715 0.876964
vt 0.980297 0.884221
vt 0.122953 0.354936
vt 0.145730 0.022060
vt 0.161439 0.250623
vt 0.146474 0.253974
vt 0.270094 0.731970
vt 0.271097 0.740481
vt 0.129645 0.237933
vt 0.005554 0.323532
vt 0.013753 0.316678
vt 0.019408 0.324875
vt 0.219755 0.247829
vt 0.146159 0.366203
vt 0.476326 0.512759
vt 0.858629 0.363605
vt 0.892475 0.141664
vt 0.876305 0.157103
vt 0.881420 0.110373
vt 0.860569 0.152214
vt 0.944834 0.581599
vt 0.143404 0.275311
vt 0.138936 0.285517
vt 0.148412 0.061446
vt 0.823021 0.561535
vt 0.893652 0.322854
vt 0.906136 0.314964
vt 0.645116 0.010909
vt 0.261503 0.756465
vt 0.241090 0.070864
vt 0.847060 0.891576
vt 0.831475 0.896338
vt 0.827596 0.880720
vt 0.936689 0.145673
vt 0.902338 0.116688
vt 0.227648 0.766829
vt 0.223654 0.754924
vt 0.249557 0.766357
vt 0.282293 0.277514
vt 0.268604 0.273939
vt 0.111657 0.355894
vt 0.022142 0.119999
vt 0.636091 0.028620
vt 0.132336 0.260655
vt 0.159741 0.067739
vt 0.518896 0.818349
vt 0.513795 0.847607
vt 0.502728 0.835645
vt 0.242242 0.042816
vt 0.239837 0.054429
vt 0.463797 0.530844
vt 0.954492 0.304121
vt 0.963095 0.297396
vt 0.123442 0.303881
vt 0.242738 0.266279
vt 0.818745 0.573725
vt 0.839799 0.554451
vt 0.830585 0.573267
vt 0.143574 0.374593
vt 0.482934 0.851584
vt 0.246306 0.016662
vt 0.455475 0.532319
vt 0.136696 0.268370
vt 0.123613 0.294242
vt 0.973076 0.302712
vt 0.978243 0.326842
vt 0.842734 0.569907
vt 0.129532 0.365161
vt 0.118720 0.361145
vt 0.103647 0.349970
vt 0.436490 0.545041
vt 0.423675 0.543150
vt 0.634335 0.036860
vt 0.020392 0.343616
vt 0.256617 0.291363
vt 0.822107 0.571365
vt 0.819094 0.886530
vt 0.852768 0.348871
vt 0.930505 0.106332
vt 0.215533 0.258158
vt 0.852508 0.325466
vt 0.910022 0.092272
vt 0.896296 0.082427
vt 0.137700 0.022668
vt 0.140489 0.009570
vt 0.125955 0.281496
vt 0.241223 0.282131
vt 0.121188 0.365616
vt 0.858239 0.318962
vt 0.650747 0.019029
vt 0.619782 0.042902
vt 0.165176 0.078069
vt 0.152768 0.081618
vt 0.237250 0.779634
vt 0.508353 0.806668
vt 0.517682 0.804404
vt 0.830084 0.907245
vt 0.812749 0.897029
vt 0.807824 0.914122
vt 0.036624 0.128571
vt 0.111821 0.262221
vt 0.450971 0.546365
vt 0.848317 0.367510
vt 0.129010 0.036518
vt 0.216513 0.774600
vt 0.487262 0.507568
vt 0.470796 0.541767
vt 0.876787 0.296461
vt 0.131467 0.063481
vt 0.273027 0.767117
vt 0.264463 0.775551
vt 0.031665 0.312114
vt 0.822113 0.575528
vt 0.826002 0.577886
vt 0.492330 0.818388
vt 0.478450 0.837327
vt 0.121275 0.379157
vt 0.228292 0.045292
vt 0.124171 0.053214
vt 0.964114 0.274437
vt 0.977311 0.278005
vt 0.112636 0.272343
vt 0.110451 0.290035
vt 0.224915 0.786409
vt 0.105148 0.362681
vt 0.798993 0.917182
vt 0.798202 0.904707
vt 0.874487 0.078891
vt 0.894531 0.293980
vt 0.511296 0.796706
vt 0.216334 0.278113
vt 0.842117 0.326748
vt 0.125986 0.018540
vt 0.129867 0.005062
vt 0.137075 0.080950
vt 0.284878 0.753948
vt 0.110298 0.279488
vt 0.607717 0.972925
vt 0.597964 0.981706
vt 0.606822 0.951693
vt 0.120824 0.968097
vt 0.107153 0.963463
vt 0.099669 0.937363
vt 0.807592 0.592358
vt 0.824124 0.580247
vt 0.492050 0.518747
vt 0.840668 0.349423
vt 0.931510 0.093194
vt 0.123649 0.079648
vt 0.653389 0.026708
vt 0.990019 0.330690
vt 0.977738 0.338271
vt 0.963325 0.329168
vt 0.969292 0.347634
vt 0.948278 0.332231
vt 0.369835 0.965210
vt 0.373506 0.958072
vt 0.396443 0.968004
vt 0.504002 0.791798
vt 0.508845 0.791281
vt 0.142870 0.390882
vt 0.111314 0.082974
vt 0.122130 0.100878
vt 0.097522 0.081492
vt 0.588246 0.923441
vt 0.589202 0.905182
vt 0.600258 0.921449
vt 0.256583 0.789858
vt 0.126622 0.394266
vt 0.236394 0.006996
vt 0.602306 0.899622
vt 0.795631 0.888676
vt 0.836007 0.335354
vt 0.565650 0.030367
vt 0.529240 0.032342
vt 0.545655 0.018648
vt 0.254299 0.301880
vt 0.216435 0.300093
vt 0.484116 0.806947
vt 0.810599 0.875669
vt 0.924199 0.076492
vt 0.838855 0.308033
vt 0.525886 0.040842
vt 0.515779 0.031487
vt 0.122561 0.027822
vt 0.008871 0.311265
vt 0.004099 0.305579
vt 0.029201 0.296144
vt 0.293281 0.781209
vt 0.283549 0.780582
vt 0.120112 0.195591
vt 0.129664 0.204815
vt 0.111892 0.202166
vt 0.118812 0.977345
vt 0.095472 0.966113
vt 0.249145 0.309980
vt 0.500350 0.788800
vt 0.476738 0.828791
vt 0.221375 0.029764
vt 0.103815 0.375389
vt 0.488238 0.544921
vt 0.785144 0.906822
vt 0.673593 0.613544
vt 0.688560 0.618991
vt 0.672148 0.630445
vt 0.496699 0.788165
vt 0.217341 0.290887
vt 0.460865 0.552294
vt 0.659277 0.005905
vt 0.327510 0.817097
vt 0.305269 0.831921
vt 0.314575 0.811338
vt 0.134212 0.200145
vt 0.122420 0.215990
vt 0.104906 0.208589
vt 0.113897 0.386447
vt 0.505315 0.526819
vt 0.134949 0.090262
vt 0.780748 0.891974
vt 0.822762 0.320129
vt 0.572170 0.033549
vt 0.577821 0.019654
vt 0.697446 0.635200
vt 0.665569 0.642142
vt 0.678597 0.651917
vt 0.474673 0.814098
vt 0.454549 0.836921
vt 0.214553 0.014282
vt 0.219980 0.063350
vt 0.596435 0.890167
vt 0.605635 0.887622
vt 0.686418 0.667731
vt 0.666414 0.658812
vt 0.319231 0.838198
vt 0.658106 0.038343
vt 0.641689 0.047963
vt 0.004105 0.295493
vt 0.089754 0.936955
vt 0.992005 0.849591
vt 0.977143 0.860389
vt 0.983571 0.845781
vt 0.469587 0.558449
vt 0.575635 0.912089
vt 0.578135 0.920245
vt 0.600280 0.873596
vt 0.614585 0.882940
vt 0.510876 0.045124
vt 0.276807 0.789098
vt 0.121135 0.224449
vt 0.215588 0.047202
vt 0.123237 0.121140
vt 0.113719 0.131045
vt 0.132504 0.099951
vt 0.588311 0.029897
vt 0.585674 0.021246
vt 0.593570 0.045998
vt 0.612458 0.055257
vt 0.603381 0.062990
vt 0.985668 0.341779
vt 0.975773 0.349148
vt 0.969225 0.356087
vt 0.963442 0.358196
vt 0.491836 0.779405
vt 0.491099 0.786102
vt 0.792440 0.877459
vt 0.545120 0.048469
vt 0.314791 0.788982
vt 0.288978 0.798061
vt 0.302745 0.779579
vt 0.289309 0.785643
vt 0.483996 0.554218
vt 0.693968 0.657463
vt 0.670984 0.027242
vt 0.149042 0.193991
vt 0.130112 0.213548
vt 0.115810 0.395871
vt 0.568693 0.917573
vt 0.286836 0.815679
vt 0.018991 0.574145
vt 0.013391 0.591379
vt 0.001088 0.587141
vt 0.989058 0.347388
vt 0.410711 0.954731
vt 0.375560 0.951014
vt 0.137074 0.218819
vt 0.133744 0.232475
vt 0.117199 0.230906
vt 0.102915 0.388273
vt 0.160371 0.083960
vt 0.671374 0.021942
vt 0.787050 0.452024
vt 0.771439 0.463515
vt 0.758908 0.455319
vt 0.636403 0.546783
vt 0.631989 0.555225
vt 0.619868 0.546637
vt 0.997853 0.337382
vt 0.156905 0.199427
vt 0.143992 0.208481
vt 0.472607 0.798147
vt 0.497454 0.551525
vt 0.576364 0.890309
vt 0.582633 0.880907
vt 0.587070 0.876991
vt 0.773900 0.880384
vt 0.295546 0.820809
vt 0.156328 0.185252
vt 0.759481 0.427989
vt 0.736085 0.420701
vt 0.770797 0.414443
vt 0.483485 0.777725
vt 0.481931 0.779885
vt 0.519028 0.534450
vt 0.833759 0.053702
vt 0.825132 0.062955
vt 0.811356 0.053309
vt 0.602920 0.077772
vt 0.613074 0.081898
vt 0.703467 0.639993
vt 0.759180 0.444908
vt 0.756761 0.437205
vt 0.786667 0.443485
vt 0.985339 0.362433
vt 0.970650 0.377492
vt 0.954253 0.754638
vt 0.939939 0.744931
vt 0.953348 0.735542
vt 0.948102 0.725943
vt 0.464458 0.804891
vt 0.806665 0.058747
vt 0.560492 0.926803
vt 0.557976 0.913943
vt 0.617373 0.074994
vt 0.582692 0.041790
vt 0.567938 0.044691
vt 0.527578 0.059067
vt 0.622220 0.537523
vt 0.789397 0.435210
vt 0.993584 0.359376
vt 0.146743 0.222624
vt 0.438988 0.826199
vt 0.792739 0.062684
vt 0.771156 0.055109
vt 0.778040 0.052111
vt 0.710804 0.616429
vt 0.707606 0.606020
vt 0.652257 0.542278
vt 0.658492 0.541315
vt 0.655060 0.544877
vt 0.990673 0.371354
vt 0.148719 0.215020
vt 0.938210 0.728008
vt 0.939368 0.720439
vt 0.956326 0.720948
vt 0.568040 0.903530
vt 0.167904 0.088090
vt 0.577032 0.045869
vt 0.658893 0.538495
vt 0.160528 0.210285
vt 0.175701 0.189863
vt 0.672848 0.551421
vt 0.665096 0.535650
vt 0.424974 0.971491
vt 0.401591 0.924941
vt 0.377670 0.939579
vt 0.374617 0.933323
vt 0.941924 0.495460
vt 0.952980 0.484468
vt 0.954854 0.488377
vt 0.867974 0.608087
vt 0.843071 0.608956
vt 0.884864 0.585282
vt 0.101534 0.399411
vt 0.795241 0.050028
vt 0.630866 0.053360
vt 0.620215 0.045789
vt 0.661853 0.532861
vt 0.923179 0.747605
vt 0.923345 0.738101
vt 0.710132 0.655617
vt 0.671263 0.038655
vt 0.774641 0.423696
vt 0.480530 0.769376
vt 0.828246 0.616120
vt 0.834463 0.626590
vt 0.750405 0.880399
vt 0.770583 0.877220
vt 0.766014 0.894427
vt 0.494998 0.562557
vt 0.550060 0.058746
vt 0.277762 0.807100
vt 0.286948 0.833754
vt 0.791787 0.461131
vt 0.778465 0.474575
vt 0.645191 0.547273
vt 0.635780 0.532240
vt 0.878150 0.752057
vt 0.890748 0.741653
vt 0.903978 0.752517
vt 0.935768 0.505174
vt 0.939037 0.499968
vt 0.938293 0.505984
vt 0.952772 0.499006
vt 0.518985 0.555813
vt 0.764151 0.046475
vt 0.606907 0.091362
vt 0.629053 0.107495
vt 0.006453 0.988948
vt 0.027995 0.974735
vt 0.025783 0.986136
vt 0.627957 0.078515
vt 0.705629 0.664473
vt 0.413236 0.943188
vt 0.424096 0.946569
vt 0.666090 0.530387
vt 0.854121 0.629041
vt 0.936114 0.702757
vt 0.949026 0.714706
vt 0.006950 0.975554
vt 0.611765 0.536843
vt 0.647164 0.520051
vt 0.938249 0.510833
vt 0.907224 0.739294
vt 0.812861 0.043688
vt 0.822544 0.046213
vt 0.547979 0.924683
vt 0.549134 0.913700
vt 0.573055 0.067696
vt 0.719810 0.626984
vt 0.794873 0.469920
vt 0.789908 0.483784
vt 0.769510 0.400578
vt 0.776708 0.407593
vt 0.667588 0.526968
vt 0.669808 0.528590
vt 0.409926 0.932775
vt 0.942089 0.512564
vt 0.940691 0.515711
vt 0.924310 0.723438
vt 0.771939 0.064582
vt 0.752921 0.045254
vt 0.671209 0.526186
vt 0.943974 0.527573
vt 0.947950 0.518795
vt 0.947352 0.531766
vt 0.942215 0.520959
vt 0.927133 0.524999
vt 0.918852 0.730571
vt 0.556520 0.903170
vt 0.573225 0.873578
vt 0.756106 0.058911
vt 0.161666 0.687328
vt 0.165558 0.642725
vt 0.176455 0.678087
vt 0.279551 0.819276
vt 0.610575 0.529977
vt 0.678044 0.528314
vt 0.372313 0.925363
vt 0.961302 0.511780
vt 0.837224 0.647848
vt 0.779578 0.036717
vt 0.561071 0.890006
vt 0.586211 0.066016
vt 0.718480 0.639261
vt 0.545493 0.070942
vt 0.980943 0.949628
vt 0.994571 0.949220
vt 0.985408 0.959203
vt 0.956975 0.526608
vt 0.902076 0.726686
vt 0.922542 0.710438
vt 0.635334 0.104887
vt 0.037334 0.982417
vt 0.721917 0.609201
vt 0.303169 0.766524
vt 0.178582 0.639371
vt 0.184166 0.678702
vt 0.795305 0.448230
vt 0.681556 0.532694
vt 0.677651 0.541665
vt 0.747171 0.894357
vt 0.860265 0.966863
vt 0.848406 0.958304
vt 0.862485 0.951152
vt 0.010790 0.962216
vt 0.591475 0.060457
vt 0.777603 0.666126
vt 0.764553 0.653428
vt 0.767904 0.645134
vt 0.943970 0.533194
vt 0.903265 0.510468
vt 0.905330 0.500535
vt 0.964512 0.493827
vt 0.525169 0.074277
vt 0.143553 0.655617
vt 0.271899 0.821862
vt 0.662313 0.517151
vt 0.905453 0.720040
vt 0.023935 0.484640
vt 0.021220 0.469743
vt 0.039796 0.466909
vt 0.911678 0.714319
vt 0.846012 0.967863
vt 0.797201 0.040662
vt 0.535268 0.911433
vt 0.763161 0.037108
vt 0.564517 0.877067
vt 0.827757 0.595183
vt 0.829746 0.598245
vt 0.807664 0.596971
vt 0.269047 0.799630
vt 0.269352 0.839255
vt 0.786889 0.661188
vt 0.782591 0.640599
vt 0.928762 0.535610
vt 0.055706 0.449663
vt 0.053498 0.462003
vt 0.043212 0.440355
vt 0.892343 0.722139
vt 0.895640 0.601287
vt 0.851101 0.974054
vt 0.845291 0.983951
vt 0.837088 0.984377
vt 0.642809 0.058036
vt 0.635471 0.045296
vt 0.727461 0.653536
vt 0.566320 0.075903
vt 0.268802 0.811462
vt 0.153923 0.637226
vt 0.752366 0.658941
vt 0.756657 0.674099
vt 0.769329 0.673381
vt 0.619373 0.523903
vt 0.037512 0.454273
vt 0.896012 0.622753
vt 0.852458 0.981022
vt 0.041760 0.989579
vt 0.265163 0.818792
vt 0.260686 0.822027
vt 0.695282 0.536348
vt 0.873017 0.649285
vt 0.878519 0.952084
vt 0.875276 0.962175
vt 0.862636 0.981615
vt 0.544559 0.077716
vt 0.142440 0.110958
vt 0.145241 0.100119
vt 0.153355 0.115847
vt 0.016772 0.457312
vt 0.802541 0.031072
vt 0.641790 0.091584
vt 0.830022 0.590701
vt 0.827668 0.580634
vt 0.831688 0.589998
vt 0.719541 0.667693
vt 0.138821 0.128694
vt 0.129861 0.113830
vt 0.264235 0.807781
vt 0.265002 0.801115
vt 0.741488 0.633607
vt 0.736828 0.622220
vt 0.745184 0.627455
vt 0.795694 0.653925
vt 0.913673 0.602458
vt 0.542930 0.895707
vt 0.024157 0.956444
vt 0.735742 0.639457
vt 0.151274 0.130317
vt 0.163020 0.117670
vt 0.162980 0.094600
vt 0.674025 0.011338
vt 0.680700 0.029676
vt 0.673365 0.039593
vt 0.163644 0.632585
vt 0.799182 0.643213
vt 0.782729 0.626778
vt 0.653237 0.513762
vt 0.044705 0.431316
vt 0.760289 0.919556
vt 0.739535 0.908388
vt 0.873020 0.977487
vt 0.541240 0.906138
vt 0.548818 0.876463
vt 0.949989 0.778077
vt 0.933894 0.773754
vt 0.964638 0.752108
vt 0.163819 0.129428
vt 0.144746 0.136521
vt 0.756404 0.642323
vt 0.191860 0.662129
vt 0.785451 0.670946
vt 0.803582 0.411150
vt 0.527219 0.775651
vt 0.546717 0.776170
vt 0.522608 0.785009
vt 0.398420 0.917635
vt 0.411681 0.903506
vt 0.412500 0.915152
vt 0.907804 0.633731
vt 0.884754 0.952076
vt 0.852050 0.987937
vt 0.005950 0.953631
vt 0.015653 0.952145
vt 0.818559 0.602305
vt 0.045960 0.982884
vt 0.196069 0.040926
vt 0.179059 0.044529
vt 0.184310 0.030049
vt 0.663338 0.055521
vt 0.651641 0.045674
vt 0.745118 0.649520
vt 0.733281 0.617366
vt 0.137239 0.978620
vt 0.159039 0.994459
vt 0.145861 0.995915
vt 0.387799 0.262085
vt 0.394372 0.274220
vt 0.385274 0.271507
vt 0.615322 0.352305
vt 0.633685 0.381315
vt 0.606835 0.353009
vt 0.169845 0.150221
vt 0.160056 0.151940
vt 0.136488 0.132946
vt 0.550312 0.811575
vt 0.538913 0.821352
vt 0.522586 0.820781
vt 0.133089 0.130499
vt 0.243009 0.809901
vt 0.151057 0.628900
vt 0.744891 0.615814
vt 0.631872 0.516593
vt 0.802155 0.423877
vt 0.030560 0.442699
vt 0.839222 0.988123
vt 0.991164 0.250381
vt 0.983159 0.255986
vt 0.972107 0.250674
vt 0.013269 0.854499
vt 0.001616 0.838460
vt 0.031195 0.835511
vt 0.647024 0.075113
vt 0.582622 0.083773
vt 0.142115 0.782544
vt 0.135252 0.768414
vt 0.144899 0.757185
vt 0.568934 0.087131
vt 0.378041 0.262708
vt 0.646114 0.369846
vt 0.639884 0.375045
vt 0.057895 0.747275
vt 0.052713 0.767796
vt 0.035845 0.775460
vt 0.631295 0.409276
vt 0.607379 0.810143
vt 0.608878 0.815737
vt 0.580083 0.813782
vt 0.216692 0.989603
vt 0.246023 0.982487
vt 0.249325 0.991558
vt 0.262250 0.985058
vt 0.616397 0.834361
vt 0.159945 0.162621
vt 0.156614 0.166594
vt 0.150349 0.151600
vt 0.992785 0.958834
vt 0.508259 0.773818
vt 0.517854 0.769778
vt 0.511537 0.784425
vt 0.391764 0.892976
vt 0.414742 0.891984
vt 0.395609 0.878624
vt 0.411539 0.871644
vt 0.883356 0.971928
vt 0.770586 0.926899
vt 0.780654 0.902508
vt 0.875250 0.987720
vt 0.779031 0.029033
vt 0.190877 0.053301
vt 0.171570 0.053384
vt 0.383757 0.246278
vt 0.406713 0.248283
vt 0.645387 0.361932
vt 0.652836 0.390471
vt 0.146000 0.161611
vt 0.140937 0.147470
vt 0.172828 0.116286
vt 0.530070 0.827219
vt 0.148210 0.604053
vt 0.159300 0.626633
vt 0.759656 0.631921
vt 0.419217 0.914894
vt 0.744578 0.919935
vt 0.864588 0.986684
vt 0.977727 0.179734
vt 0.981816 0.173991
vt 0.984230 0.181355
vt 0.792496 0.027974
vt 0.371978 0.241629
vt 0.362009 0.279556
vt 0.084977 0.741436
vt 0.030017 0.430639
vt 0.384369 0.906122
vt 0.347746 0.901209
vt 0.375463 0.917553
vt 0.352204 0.918546
vt 0.886599 0.664474
vt 0.029897 0.403379
vt 0.020184 0.399474
vt 0.033173 0.384874
vt 0.020387 0.381207
vt 0.786910 0.927179
vt 0.980058 0.167504
vt 0.992455 0.162933
vt 0.092939 0.975659
vt 0.081432 0.970298
vt 0.086369 0.958549
vt 0.128806 0.783245
vt 0.126156 0.804439
vt 0.384277 0.234544
vt 0.398049 0.237729
vt 0.054392 0.782235
vt 0.628502 0.338434
vt 0.639972 0.954210
vt 0.636298 0.944114
vt 0.661537 0.954870
vt 0.595937 0.834607
vt 0.177766 0.131302
vt 0.799756 0.624862
vt 0.030015 0.427984
vt 0.045402 0.420816
vt 0.567051 0.862129
vt 0.839003 0.595437
vt 0.184477 0.073414
vt 0.664080 0.367041
vt 0.073046 0.771661
vt 0.142198 0.172785
vt 0.135945 0.160191
vt 0.133959 0.151258
vt 0.128382 0.139612
vt 0.911556 0.221971
vt 0.904643 0.231003
vt 0.907353 0.221594
vt 0.902131 0.227236
vt 0.891496 0.203296
vt 0.187507 0.624981
vt 0.735664 0.609775
vt 0.752431 0.603192
vt 0.799416 0.671320
vt 0.032151 0.372702
vt 0.756376 0.932552
vt 0.367205 0.872744
vt 0.391289 0.861572
vt 0.375787 0.862325
vt 0.977312 0.561860
vt 0.977312 0.566446
vt 0.962943 0.565056
vt 0.978818 0.156435
vt 0.991338 0.152506
vt 0.912933 0.985537
vt 0.922137 0.982943
vt 0.927312 0.994040
vt 0.202763 0.055994
vt 0.173087 0.076966
vt 0.345779 0.274265
vt 0.417333 0.268578
vt 0.609276 0.942453
vt 0.616126 0.850981
vt 0.182571 0.148066
vt 0.536302 0.834023
vt 0.546484 0.826745
vt 0.167946 0.623537
vt 0.603935 0.507453
vt 0.578299 0.768105
vt 0.554178 0.783482
vt 0.570307 0.758854
vt 0.354715 0.889285
vt 0.044965 0.395977
vt 0.971176 0.181997
vt 0.020508 0.349080
vt 0.002509 0.349080
vt 0.008436 0.334074
vt 0.862871 0.848012
vt 0.848122 0.867614
vt 0.846961 0.844960
vt 0.846531 0.590301
vt 0.583782 0.837313
vt 0.569707 0.828455
vt 0.533958 0.837815
vt 0.882393 0.208926
vt 0.760848 0.611644
vt 0.174529 0.626112
vt 0.049598 0.409929
vt 0.012900 0.991418
vt 0.024392 0.999767
vt 0.008908 0.996621
vt 0.869998 0.827697
vt 0.074684 0.982939
vt 0.205933 0.047328
vt 0.198987 0.069265
vt 0.399603 0.225518
vt 0.633491 0.508990
vt 0.775667 0.387769
vt 0.800424 0.398234
vt 0.188043 0.735515
vt 0.177815 0.738835
vt 0.180790 0.724914
vt 0.778481 0.936872
vt 0.979454 0.762958
vt 0.115575 0.464868
vt 0.096705 0.467411
vt 0.092799 0.456302
vt 0.446649 0.008246
vt 0.471376 0.017555
vt 0.462451 0.035853
vt 0.656306 0.354339
vt 0.655670 0.966841
vt 0.644138 0.966162
vt 0.518177 0.837184
vt 0.618180 0.504520
vt 0.533785 0.765402
vt 0.355999 0.877573
vt 0.901368 0.023129
vt 0.902889 0.032149
vt 0.892573 0.026550
vt 0.968899 0.173877
vt 0.965752 0.809454
vt 0.857124 0.810084
vt 0.113379 0.978462
vt 0.103060 0.993932
vt 0.091373 0.989086
vt 0.656722 0.089788
vt 0.061717 0.795157
vt 0.086584 0.788440
vt 0.891813 0.233363
vt 0.202016 0.627299
vt 0.202403 0.669912
vt 0.496138 0.779283
vt 0.504116 0.751249
vt 0.062088 0.407140
vt 0.768067 0.939626
vt 0.174178 0.716944
vt 0.170532 0.707030
vt 0.178618 0.694130
vt 0.174306 0.693806
vt 0.886394 0.015223
vt 0.888299 0.006065
vt 0.838892 0.824716
vt 0.474258 0.026792
vt 0.480598 0.043288
vt 0.414905 0.230891
vt 0.354599 0.243713
vt 0.571321 0.845762
vt 0.597513 0.853001
vt 0.915162 0.241881
vt 0.898037 0.238013
vt 0.548525 0.836951
vt 0.770191 0.626231
vt 0.813650 0.652114
vt 0.812975 0.631139
vt 0.004007 0.754819
vt 0.017406 0.750465
vt 0.022438 0.768634
vt 0.167372 0.723022
vt 0.167566 0.733360
vt 0.077118 0.995418
vt 0.658080 0.922946
vt 0.627311 0.913783
vt 0.658376 0.911474
vt 0.626822 0.898887
vt 0.215075 0.052225
vt 0.213573 0.064241
vt 0.958380 0.733350
vt 0.971339 0.731629
vt 0.963254 0.740767
vt 0.409804 0.224119
vt 0.363919 0.221913
vt 0.073798 0.997456
vt 0.057218 0.996378
vt 0.060866 0.992749
vt 0.812981 0.666161
vt 0.515226 0.750818
vt 0.528221 0.757241
vt 0.977753 0.432772
vt 0.952679 0.445593
vt 0.956996 0.420300
vt 0.108231 0.442286
vt 0.064388 0.990482
vt 0.625820 0.888721
vt 0.665535 0.901214
vt 0.198457 0.878107
vt 0.202729 0.863103
vt 0.214353 0.877316
vt 0.197331 0.085877
vt 0.113899 0.795880
vt 0.177931 0.091401
vt 0.424409 0.237726
vt 0.636908 0.331261
vt 0.128507 0.157449
vt 0.520030 0.848009
vt 0.052650 0.373970
vt 0.163634 0.691127
vt 0.904656 0.008982
vt 0.993138 0.791877
vt 0.983710 0.744414
vt 0.658566 0.933855
vt 0.667705 0.933088
vt 0.630938 0.925813
vt 0.211268 0.074604
vt 0.741156 0.661654
vt 0.751669 0.651986
vt 0.210613 0.891364
vt 0.430970 0.262959
vt 0.188839 0.133788
vt 0.908644 0.250817
vt 0.540114 0.841845
vt 0.176816 0.612502
vt 0.525917 0.754717
vt 0.970024 0.152690
vt 0.605804 0.939824
vt 0.643904 0.878201
vt 0.483321 0.026998
vt 0.436156 0.254276
vt 0.643521 0.974389
vt 0.611239 0.961080
vt 0.629273 0.867657
vt 0.868695 0.218667
vt 0.806870 0.615420
vt 0.793497 0.383993
vt 0.255385 0.915426
vt 0.263371 0.913286
vt 0.262540 0.953755
vt 0.245179 0.075308
vt 0.478488 0.010795
vt 0.008659 0.048396
vt 0.000553 0.037240
vt 0.018546 0.035835
vt 0.126538 0.169258
vt 0.822906 0.640774
vt 0.810839 0.602591
vt 0.818763 0.616203
vt 0.963053 0.454001
vt 0.978859 0.142739
vt 0.670885 0.941712
vt 0.457024 0.473790
vt 0.466196 0.451577
vt 0.483319 0.493914
vt 0.612539 0.887743
vt 0.486824 0.466282
vt 0.492495 0.488848
vt 0.675284 0.065088
vt 0.490612 0.043031
vt 0.196559 0.873310
vt 0.347143 0.235792
vt 0.669250 0.348020
vt 0.892605 0.245085
vt 0.538485 0.849830
vt 0.559106 0.753815
vt 0.152877 0.696561
vt 0.123441 0.452549
vt 0.431738 0.373921
vt 0.423052 0.370945
vt 0.440500 0.363328
vt 0.412798 0.383261
vt 0.409287 0.360075
vt 0.668541 0.078424
vt 0.505380 0.480670
vt 0.500595 0.503850
vt 0.114470 0.771875
vt 0.195282 0.878316
vt 0.196174 0.864191
vt 0.489791 0.011019
vt 0.420815 0.224306
vt 0.085119 0.806067
vt 0.778405 0.620108
vt 0.214919 0.634388
vt 0.824890 0.608578
vt 0.406541 0.451108
vt 0.436258 0.432625
vt 0.433184 0.453439
vt 0.405496 0.437719
vt 0.545130 0.746106
vt 0.938408 0.431567
vt 0.380870 0.783732
vt 0.376333 0.770944
vt 0.392260 0.771987
vt 0.713426 0.979186
vt 0.685238 0.987852
vt 0.690586 0.971034
vt 0.092186 0.430525
vt 0.120358 0.423939
vt 0.128969 0.468518
vt 0.121704 0.475379
vt 0.622805 0.940536
vt 0.653448 0.942563
vt 0.191701 0.886644
vt 0.193835 0.882119
vt 0.495307 0.031298
vt 0.064953 0.068267
vt 0.064029 0.095215
vt 0.044854 0.069009
vt 0.671814 0.336595
vt 0.772910 0.602441
vt 0.766034 0.593110
vt 0.908380 0.051204
vt 0.896183 0.043609
vt 0.262413 0.891985
vt 0.397344 0.375599
vt 0.485391 0.450356
vt 0.499704 0.464199
vt 0.674886 0.048120
vt 0.659551 0.176369
vt 0.688229 0.180650
vt 0.665195 0.187115
vt 0.822400 0.875998
vt 0.846432 0.871267
vt 0.842044 0.879306
vt 0.190152 0.877979
vt 0.487408 0.005609
vt 0.646149 0.201255
vt 0.628420 0.186729
vt 0.643956 0.187997
vt 0.978975 0.735489
vt 0.437479 0.226982
vt 0.635529 0.317062
vt 0.578109 0.863683
vt 0.602408 0.868113
vt 0.914055 0.266460
vt 0.504941 0.861236
vt 0.880635 0.241253
vt 0.756870 0.587586
vt 0.445851 0.440989
vt 0.920791 0.031002
vt 0.950437 0.984709
vt 0.661696 0.959325
vt 0.664650 0.988236
vt 0.238098 0.938368
vt 0.245022 0.903221
vt 0.418907 0.393532
vt 0.186697 0.871489
vt 0.189849 0.862268
vt 0.488404 0.094068
vt 0.486202 0.100895
vt 0.482644 0.086857
vt 0.040795 0.996933
vt 0.549365 0.850921
vt 0.147737 0.727015
vt 0.128404 0.456503
vt 0.851499 0.781895
vt 0.845202 0.815252
vt 0.839278 0.803063
vt 0.675683 0.696486
vt 0.629944 0.759440
vt 0.627451 0.718525
vt 0.403266 0.399241
vt 0.508650 0.047126
vt 0.502416 0.065400
vt 0.851382 0.877650
vt 0.186393 0.884656
vt 0.444487 0.083330
vt 0.481596 0.105014
vt 0.462137 0.110619
vt 0.444138 0.096257
vt 0.043274 0.092157
vt 0.039731 0.077672
vt 0.049737 0.097211
vt 0.611106 0.979192
vt 0.786888 0.623203
vt 0.209597 0.467979
vt 0.204128 0.443259
vt 0.216995 0.445211
vt 0.828041 0.662358
vt 0.825796 0.627360
vt 0.144024 0.749044
vt 0.919251 0.020303
vt 0.960586 0.169899
vt 0.682921 0.947611
vt 0.670849 0.951291
vt 0.865982 0.803297
vt 0.435485 0.396676
vt 0.106877 0.779049
vt 0.678669 0.196865
vt 0.488377 0.081826
vt 0.082698 0.077414
vt 0.227149 0.455637
vt 0.513898 0.721184
vt 0.962708 0.149489
vt 0.848663 0.578778
vt 0.095119 0.381337
vt 0.081154 0.380934
vt 0.083951 0.370790
vt 0.515065 0.491085
vt 0.700103 0.191569
vt 0.192063 0.892096
vt 0.094573 0.805988
vt 0.181625 0.864813
vt 0.980401 0.723175
vt 0.558778 0.854081
vt 0.087842 0.227342
vt 0.071868 0.246379
vt 0.068927 0.211933
vt 0.885671 0.253075
vt 0.546941 0.853021
vt 0.524812 0.725790
vt 0.763555 0.133050
vt 0.752336 0.143673
vt 0.754909 0.123977
vt 0.425721 0.424102
vt 0.921635 0.062118
vt 0.907671 0.082574
vt 0.920191 0.041277
vt 0.912641 0.006418
vt 0.124117 0.438699
vt 0.887846 0.808680
vt 0.450833 0.381451
vt 0.454856 0.367750
vt 0.098876 0.371330
vt 0.380107 0.375271
vt 0.380511 0.361405
vt 0.523077 0.450117
vt 0.178490 0.873694
vt 0.056750 0.103252
vt 0.466298 0.245054
vt 0.671768 0.313054
vt 0.138760 0.699113
vt 0.413365 0.412988
vt 0.391051 0.401701
vt 0.400063 0.409191
vt 0.731635 0.096158
vt 0.718060 0.088320
vt 0.738504 0.076108
vt 0.705732 0.079236
vt 0.699456 0.097775
vt 0.685301 0.076469
vt 0.986087 0.727288
vt 0.990103 0.746246
vt 0.512214 0.021612
vt 0.470088 0.275854
vt 0.904970 0.283814
vt 0.854672 0.229536
vt 0.362282 0.783826
vt 0.147905 0.018560
vt 0.173349 0.010292
vt 0.172863 0.025457
vt 0.140463 0.460716
vt 0.147163 0.488159
vt 0.429039 0.412565
vt 0.860168 0.879796
vt 0.846176 0.886257
vt 0.189929 0.858149
vt 0.947821 0.708200
vt 0.968964 0.699743
vt 0.960186 0.718214
vt 0.090570 0.206830
vt 0.987911 0.681266
vt 0.983616 0.701370
vt 0.519937 0.870763
vt 0.879785 0.251850
vt 0.870329 0.247050
vt 0.787282 0.613186
vt 0.780727 0.594346
vt 0.181323 0.466292
vt 0.176147 0.431327
vt 0.192663 0.437049
vt 0.466875 0.448560
vt 0.451694 0.450748
vt 0.461909 0.440023
vt 0.986518 0.134262
vt 0.366938 0.793522
vt 0.135750 0.422956
vt 0.854698 0.802881
vt 0.527350 0.478809
vt 0.855926 0.868079
vt 0.977219 0.625885
vt 0.996826 0.625885
vt 0.984630 0.641010
vt 0.197181 0.463507
vt 0.767587 0.577844
vt 0.160781 0.456427
vt 0.162885 0.425756
vt 0.132771 0.720981
vt 0.934099 0.444810
vt 0.141155 0.678968
vt 0.876407 0.799843
vt 0.860563 0.797206
vt 0.877044 0.793890
vt 0.948973 0.402444
vt 0.950461 0.412302
vt 0.941065 0.406020
vt 0.867047 0.589336
vt 0.844831 0.567830
vt 0.850857 0.571487
vt 0.528881 0.457485
vt 0.689810 0.203512
vt 0.664912 0.208776
vt 0.170953 0.891188
vt 0.692410 0.056442
vt 0.671459 0.041950
vt 0.690467 0.043856
vt 0.630636 0.201100
vt 0.178803 0.864298
vt 0.453664 0.068250
vt 0.471713 0.067730
vt 0.081488 0.097958
vt 0.497701 0.873858
vt 0.777574 0.584381
vt 0.334926 0.997520
vt 0.309050 0.989112
vt 0.314860 0.975546
vt 0.136863 0.446925
vt 0.861232 0.493050
vt 0.843531 0.465588
vt 0.866693 0.478237
vt 0.931023 0.340286
vt 0.926474 0.328614
vt 0.937446 0.331793
vt 0.860704 0.874051
vt 0.035500 0.677594
vt 0.032222 0.664717
vt 0.058759 0.665460
vt 0.683301 0.021917
vt 0.694094 0.025092
vt 0.226406 0.676773
vt 0.234510 0.677604
vt 0.233398 0.686658
vt 0.066894 0.109192
vt 0.549050 0.860269
vt 0.114732 0.022366
vt 0.112188 0.014792
vt 0.122969 0.017903
vt 0.833824 0.642810
vt 0.577148 0.745194
vt 0.931674 0.032118
vt 0.023947 0.233480
vt 0.012569 0.223375
vt 0.023113 0.210759
vt 0.452570 0.402529
vt 0.468709 0.375840
vt 0.027837 0.405506
vt 0.027837 0.438764
vt 0.011830 0.436262
vt 0.931033 0.412299
vt 0.924869 0.397061
vt 0.842907 0.772735
vt 0.939003 0.326892
vt 0.941815 0.337465
vt 0.383098 0.404399
vt 0.774689 0.071624
vt 0.765336 0.085612
vt 0.758216 0.070197
vt 0.169877 0.456577
vt 0.131289 0.746256
vt 0.142210 0.450504
vt 0.860205 0.778354
vt 0.920145 0.338594
vt 0.848994 0.774141
vt 0.070462 0.372420
vt 0.729235 0.109176
vt 0.383445 0.413187
vt 0.744589 0.104007
vt 0.781367 0.021800
vt 0.768584 0.034583
vt 0.780459 0.006063
vt 0.024983 0.673345
vt 0.653903 0.221001
vt 0.707409 0.038584
vt 0.703823 0.023266
vt 0.735621 0.044839
vt 0.738300 0.073083
vt 0.789070 0.080000
vt 0.795306 0.080688
vt 0.782435 0.090810
vt 0.733526 0.024829
vt 0.744206 0.068925
vt 0.740563 0.029505
vt 0.431117 0.084423
vt 0.972272 0.725688
vt 0.981002 0.711640
vt 0.995420 0.206353
vt 0.980419 0.217252
vt 0.975197 0.206821
vt 0.869607 0.258517
vt 0.537180 0.723471
vt 0.126411 0.696897
vt 0.117929 0.684405
vt 0.944861 0.141107
vt 0.960436 0.140118
vt 0.143594 0.430777
vt 0.940374 0.393345
vt 0.082484 0.361040
vt 0.375005 0.401943
vt 0.368926 0.382005
vt 0.372881 0.373372
vt 0.866863 0.869294
vt 0.775794 0.077081
vt 0.712730 0.080310
vt 0.228815 0.664005
vt 0.242280 0.674230
vt 0.239798 0.693717
vt 0.255151 0.711022
vt 0.241651 0.718798
vt 0.882915 0.272496
vt 0.539217 0.712359
vt 0.935047 0.061683
vt 0.971181 0.132400
vt 0.146918 0.457777
vt 0.868248 0.583706
vt 0.067976 0.362647
vt 0.553260 0.484900
vt 0.674165 0.215814
vt 0.810024 0.816665
vt 0.804306 0.808253
vt 0.819167 0.809515
vt 0.791463 0.094185
vt 0.801414 0.082351
vt 0.251787 0.689106
vt 0.748932 0.063186
vt 0.104872 0.213141
vt 0.535909 0.872843
vt 0.477232 0.432350
vt 0.756642 0.158027
vt 0.354081 0.764881
vt 0.378077 0.763868
vt 0.883720 0.801951
vt 0.874080 0.766942
vt 0.475778 0.381070
vt 0.931773 0.381854
vt 0.915121 0.326369
vt 0.548168 0.455691
vt 0.768887 0.008832
vt 0.990200 0.714087
vt 0.776643 0.101644
vt 0.053164 0.110181
vt 0.449230 0.963220
vt 0.472326 0.959140
vt 0.457350 0.971062
vt 0.484620 0.936411
vt 0.486747 0.953361
vt 0.486180 0.444490
vt 0.451619 0.425594
vt 0.764330 0.168161
vt 0.777591 0.149533
vt 0.122265 0.720821
vt 0.123528 0.405572
vt 0.956154 0.389894
vt 0.923477 0.322399
vt 0.062414 0.370230
vt 0.068101 0.379058
vt 0.738568 0.117468
vt 0.357561 0.368212
vt 0.756436 0.108678
vt 0.868456 0.870708
vt 0.697688 0.211174
vt 0.160435 0.878217
vt 0.808868 0.799786
vt 0.274315 0.720508
vt 0.491514 0.967852
vt 0.487147 0.966940
vt 0.090319 0.245697
vt 0.068634 0.274072
vt 0.790719 0.591443
vt 0.783055 0.580447
vt 0.158617 0.466660
vt 0.532333 0.710584
vt 0.931271 0.019455
vt 0.881388 0.771033
vt 0.846711 0.457721
vt 0.400467 0.770030
vt 0.398565 0.782308
vt 0.380165 0.789970
vt 0.928563 0.315183
vt 0.947848 0.318874
vt 0.252573 0.727339
vt 0.239687 0.725905
vt 0.512202 0.885781
vt 0.562534 0.861319
vt 0.115581 0.745454
vt 0.942858 0.482247
vt 0.021314 0.495472
vt 0.008069 0.495472
vt 0.011690 0.489346
vt 0.385150 0.797640
vt 0.361572 0.392941
vt 0.873684 0.874539
vt 0.263586 0.696149
vt 0.486266 0.054547
vt 0.021892 0.037339
vt 0.021892 0.063052
vt 0.005532 0.057791
vt 0.997331 0.707480
vt 0.804983 0.611939
vt 0.117855 0.035235
vt 0.108267 0.030861
vt 0.501555 0.437314
vt 0.508314 0.452983
vt 0.466306 0.425598
vt 0.442589 0.413250
vt 0.931422 0.011380
vt 0.946797 0.037446
vt 0.342571 0.774673
vt 0.579289 0.115581
vt 0.552103 0.111551
vt 0.563787 0.095009
vt 0.147537 0.438564
vt 0.368797 0.796282
vt 0.853499 0.561683
vt 0.858398 0.563313
vt 0.938067 0.310298
vt 0.950713 0.312934
vt 0.876972 0.866128
vt 0.923605 0.760126
vt 0.920900 0.779931
vt 0.916790 0.762176
vt 0.752635 0.021715
vt 0.281119 0.707976
vt 0.501453 0.069041
vt 0.469896 0.977117
vt 0.020892 0.484758
vt 0.003135 0.484758
vt 0.018914 0.472630
vt 0.099059 0.251301
vt 0.114012 0.041794
vt 0.168909 0.476301
vt 0.491149 0.430787
vt 0.007583 0.191949
vt 0.944976 0.030233
vt 0.949062 0.060166
vt 0.538419 0.102696
vt 0.542553 0.085819
vt 0.898117 0.396180
vt 0.920008 0.382310
vt 0.863527 0.570360
vt 0.762914 0.115181
vt 0.876619 0.835095
vt 0.258690 0.652525
vt 0.263700 0.666896
vt 0.059726 0.121009
vt 0.105903 0.229331
vt 0.029213 0.015790
vt 0.029928 0.005442
vt 0.038944 0.007032
vt 0.089643 0.272669
vt 0.874765 0.286910
vt 0.556175 0.866203
vt 0.110259 0.007224
vt 0.103368 0.016589
vt 0.518813 0.074634
vt 0.511492 0.084628
vt 0.899556 0.375663
vt 0.154641 0.443904
vt 0.839529 0.455597
vt 0.844591 0.442270
vt 0.871771 0.468761
vt 0.860853 0.765666
vt 0.353723 0.374841
vt 0.668706 0.226996
vt 0.552478 0.869188
vt 0.804392 0.586104
vt 0.778180 0.564612
vt 0.738362 0.155164
vt 0.335287 0.794289
vt 0.354392 0.650419
vt 0.342257 0.670488
vt 0.324237 0.647423
vt 0.141866 0.412353
vt 0.853319 0.447433
vt 0.942823 0.378519
vt 0.061301 0.353160
vt 0.066727 0.539486
vt 0.077027 0.534657
vt 0.085643 0.564902
vt 0.289898 0.720131
vt 0.283456 0.730923
vt 0.938901 0.656149
vt 0.949115 0.633208
vt 0.968401 0.657291
vt 0.477285 0.978868
vt 0.002125 0.472147
vt 0.104883 0.240082
vt 0.531359 0.883042
vt 0.118443 0.062405
vt 0.104563 0.045415
vt 0.084063 0.057636
vt 0.081633 0.055648
vt 0.086325 0.054626
vt 0.149442 0.455590
vt 0.041388 0.207807
vt 0.034478 0.200846
vt 0.906290 0.814145
vt 0.890116 0.806340
vt 0.906766 0.786454
vt 0.892825 0.766794
vt 0.886150 0.755044
vt 0.354861 0.405284
vt 0.046508 0.370852
vt 0.565802 0.218603
vt 0.541071 0.221171
vt 0.549964 0.196738
vt 0.099187 0.031083
vt 0.100934 0.021165
vt 0.777104 0.232552
vt 0.764961 0.234495
vt 0.770699 0.217754
vt 0.455068 0.415130
vt 0.015193 0.187186
vt 0.940725 0.015710
vt 0.511180 0.093903
vt 0.895522 0.779057
vt 0.389083 0.803262
vt 0.873684 0.751953
vt 0.860969 0.562289
vt 0.081396 0.574888
vt 0.059833 0.552091
vt 0.882593 0.869998
vt 0.879420 0.870175
vt 0.785938 0.118482
vt 0.930703 0.781265
vt 0.023397 0.006608
vt 0.016433 0.032756
vt 0.533568 0.116356
vt 0.305750 0.684903
vt 0.292185 0.677636
vt 0.303825 0.652820
vt 0.381957 0.808143
vt 0.895514 0.461468
vt 0.946006 0.294817
vt 0.889677 0.872398
vt 0.895524 0.871952
vt 0.652128 0.969376
vt 0.652128 0.998302
vt 0.639743 0.983692
vt 0.273188 0.674035
vt 0.291224 0.709160
vt 0.960976 0.919327
vt 0.972478 0.921761
vt 0.962371 0.943161
vt 0.116197 0.897403
vt 0.121658 0.885419
vt 0.125894 0.894694
vt 0.128747 0.887584
vt 0.117125 0.234591
vt 0.008389 0.469184
vt 0.014086 0.461344
vt 0.018055 0.469607
vt 0.115018 0.244692
vt 0.014592 0.020471
vt 0.094130 0.060447
vt 0.098289 0.072174
vt 0.150097 0.474754
vt 0.187249 0.160155
vt 0.199863 0.187329
vt 0.183482 0.190513
vt 0.158652 0.176704
vt 0.480543 0.676042
vt 0.435791 0.676042
vt 0.482681 0.628366
vt 0.449729 0.633325
vt 0.863480 0.660020
vt 0.843326 0.675088
vt 0.860212 0.650936
vt 0.843612 0.667738
vt 0.320562 0.689114
vt 0.700669 0.223631
vt 0.551331 0.124640
vt 0.544330 0.141572
vt 0.537935 0.131850
vt 0.567619 0.175322
vt 0.573252 0.178143
vt 0.566305 0.183767
vt 0.131659 0.876166
vt 0.136277 0.880408
vt 0.125783 0.245188
vt 0.120948 0.252793
vt 0.113158 0.251816
vt 0.017304 0.006340
vt 0.005130 0.027849
vt 0.006358 0.005747
vt 0.123408 0.072990
vt 0.110420 0.064885
vt 0.106674 0.073922
vt 0.080804 0.049563
vt 0.096729 0.035006
vt 0.796149 0.572148
vt 0.884790 0.445169
vt 0.389158 0.808940
vt 0.399990 0.818205
vt 0.945804 0.370831
vt 0.909948 0.314829
vt 0.863577 0.564210
vt 0.923492 0.306863
vt 0.049982 0.351768
vt 0.339110 0.392494
vt 0.067652 0.573333
vt 0.884669 0.873589
vt 0.666238 0.239438
vt 0.651870 0.234383
vt 0.642048 0.227406
vt 0.100553 0.899705
vt 0.110291 0.898386
vt 0.108448 0.914983
vt 0.967197 0.666050
vt 0.933752 0.673612
vt 0.121446 0.905685
vt 0.953125 0.676059
vt 0.941730 0.684260
vt 0.093227 0.051305
vt 0.773965 0.171679
vt 0.768607 0.179977
vt 0.745075 0.171127
vt 0.953617 0.591409
vt 0.982184 0.583900
vt 0.967301 0.605580
vt 0.418397 0.680105
vt 0.889342 0.378578
vt 0.833865 0.445718
vt 0.833405 0.436065
vt 0.366352 0.809388
vt 0.856880 0.437021
vt 0.855952 0.749882
vt 0.886437 0.872379
vt 0.880073 0.884531
vt 0.768787 0.140381
vt 0.805446 0.117185
vt 0.426795 0.066881
vt 0.064167 0.133006
vt 0.876629 0.991948
vt 0.880081 0.984545
vt 0.914262 0.990114
vt 0.945314 0.694652
vt 0.932536 0.692406
vt 0.939559 0.701601
vt 0.095598 0.047951
vt 0.088261 0.049390
vt 0.617263 0.798831
vt 0.624904 0.805143
vt 0.616795 0.807763
vt 0.098259 0.005902
vt 0.757561 0.213307
vt 0.777307 0.553074
vt 0.481683 0.416543
vt 0.448979 0.405523
vt 0.328583 0.891717
vt 0.328918 0.860136
vt 0.335737 0.876376
vt 0.991673 0.867915
vt 0.986437 0.892547
vt 0.976006 0.862595
vt 0.349724 0.753724
vt 0.335019 0.766694
vt 0.207747 0.229627
vt 0.207409 0.196596
vt 0.226035 0.213530
vt 0.420340 0.646846
vt 0.900512 0.773464
vt 0.059892 0.817549
vt 0.071765 0.814522
vt 0.060168 0.822959
vt 0.072470 0.834912
vt 0.066878 0.840679
vt 0.051364 0.830011
vt 0.155610 0.432656
vt 0.860645 0.755091
vt 0.951004 0.282842
vt 0.957053 0.291192
vt 0.575729 0.206581
vt 0.566449 0.167885
vt 0.574788 0.169181
vt 0.136595 0.891456
vt 0.954431 0.702737
vt 0.755433 0.190289
vt 0.775445 0.190094
vt 0.765307 0.202776
vt 0.749228 0.184263
vt 0.733157 0.163618
vt 0.858254 0.670577
vt 0.409868 0.625478
vt 0.507549 0.262786
vt 0.502949 0.247963
vt 0.514629 0.249743
vt 0.240385 0.374880
vt 0.252983 0.397710
vt 0.237842 0.395800
vt 0.243602 0.403060
vt 0.208691 0.846117
vt 0.213819 0.840632
vt 0.218729 0.854828
vt 0.818492 0.431539
vt 0.826968 0.425719
vt 0.041564 0.816173
vt 0.228696 0.854011
vt 0.044624 0.836911
vt 0.922166 0.369374
vt 0.959194 0.376387
vt 0.271053 0.894285
vt 0.277904 0.907794
vt 0.271078 0.913331
vt 0.813319 0.789833
vt 0.798490 0.794934
vt 0.814455 0.776370
vt 0.146078 0.889043
vt 0.797424 0.808644
vt 0.794380 0.800828
vt 0.408439 0.068856
vt 0.058015 0.132921
vt 0.493690 0.643687
vt 0.493168 0.665896
vt 0.482915 0.678373
vt 0.113701 0.912303
vt 0.088630 0.042447
vt 0.592925 0.807431
vt 0.597496 0.798203
vt 0.097233 0.016372
vt 0.559477 0.812712
vt 0.571944 0.804410
vt 0.584031 0.809455
vt 0.343349 0.806564
vt 0.952915 0.605102
vt 0.203037 0.831685
vt 0.037338 0.836461
vt 0.194600 0.830104
vt 0.208021 0.826912
vt 0.988797 0.391939
vt 0.987508 0.387927
vt 0.996262 0.386171
vt 0.052034 0.849721
vt 0.866972 0.565036
vt 0.922908 0.286013
vt 0.072337 0.585976
vt 0.081288 0.591881
vt 0.893132 0.877891
vt 0.893988 0.881071
vt 0.679073 0.247340
vt 0.926490 0.791338
vt 0.577780 0.190933
vt 0.453978 0.053435
vt 0.464405 0.688026
vt 0.438507 0.685093
vt 0.621720 0.784548
vt 0.624431 0.793744
vt 0.992601 0.317929
vt 0.980088 0.321995
vt 0.976057 0.301414
vt 0.502146 0.417999
vt 0.459889 0.403884
vt 0.196060 0.211369
vt 0.186068 0.214282
vt 0.505484 0.289294
vt 0.526918 0.288259
vt 0.153391 0.420467
vt 0.237777 0.419681
vt 0.984689 0.391126
vt 0.978900 0.384893
vt 0.312892 0.691352
vt 0.296266 0.696178
vt 0.989871 0.381733
vt 0.847310 0.428727
vt 0.849405 0.745605
vt 0.065342 0.582372
vt 0.044321 0.547537
vt 0.891383 0.874113
vt 0.035796 0.357341
vt 0.040670 0.528619
vt 0.559682 0.135147
vt 0.551430 0.145189
vt 0.569039 0.152643
vt 0.068584 0.144699
vt 0.048144 0.174148
vt 0.049825 0.150600
vt 0.585779 0.804104
vt 0.485588 0.407548
vt 0.315823 0.872012
vt 0.909213 0.773346
vt 0.408540 0.673343
vt 0.229756 0.358472
vt 0.254391 0.367124
vt 0.473572 0.253224
vt 0.488266 0.257746
vt 0.474268 0.283991
vt 0.993415 0.390513
vt 0.984556 0.399283
vt 0.493305 0.233813
vt 0.501188 0.218234
vt 0.837539 0.066311
vt 0.845294 0.056988
vt 0.849560 0.082035
vt 0.285106 0.690333
vt 0.391393 0.818916
vt 0.882830 0.433889
vt 0.835155 0.769100
vt 0.878874 0.570591
vt 0.059492 0.576003
vt 0.793755 0.815444
vt 0.581647 0.185334
vt 0.099908 0.919214
vt 0.128579 0.908381
vt 0.962935 0.695464
vt 0.146121 0.895617
vt 0.141452 0.886754
vt 0.751231 0.201161
vt 0.983803 0.623067
vt 0.492209 0.103082
vt 0.974106 0.622013
vt 0.309314 0.637808
vt 0.265098 0.650510
vt 0.493070 0.276332
vt 0.266572 0.391079
vt 0.229392 0.444172
vt 0.238308 0.820370
vt 0.841389 0.048153
vt 0.932059 0.361153
vt 0.070080 0.870892
vt 0.863448 0.060618
vt 0.870646 0.565125
vt 0.451410 0.694049
vt 0.463065 0.693437
vt 0.605886 0.786454
vt 0.612334 0.765297
vt 0.630471 0.770332
vt 0.735536 0.219248
vt 0.213393 0.961447
vt 0.213393 0.991541
vt 0.206783 0.963566
vt 0.857559 0.680153
vt 0.841280 0.683471
vt 0.844474 0.693094
vt 0.871471 0.718011
vt 0.845394 0.706213
vt 0.822384 0.669730
vt 0.962844 0.380738
vt 0.867012 0.068230
vt 0.269509 0.645984
vt 0.257215 0.637941
vt 0.269671 0.624652
vt 0.849460 0.048777
vt 0.948651 0.358602
vt 0.401033 0.831324
vt 0.870762 0.560169
vt 0.053846 0.579477
vt 0.052239 0.577346
vt 0.043352 0.565170
vt 0.933169 0.280209
vt 0.894123 0.478086
vt 0.898064 0.483554
vt 0.895257 0.485179
vt 0.903101 0.481633
vt 0.898655 0.487314
vt 0.664259 0.256438
vt 0.551471 0.115753
vt 0.797784 0.140283
vt 0.587745 0.176076
vt 0.057498 0.213572
vt 0.048679 0.197015
vt 0.077304 0.204415
vt 0.736329 0.183203
vt 0.722654 0.169115
vt 0.329068 0.810686
vt 0.338985 0.815233
vt 0.158023 0.218327
vt 0.396849 0.668540
vt 0.973250 0.992466
vt 0.991619 0.985780
vt 0.973954 0.998011
vt 0.635945 0.568790
vt 0.633603 0.582068
vt 0.628491 0.565856
vt 0.989546 0.422322
vt 0.978484 0.418483
vt 0.981453 0.409878
vt 0.304399 0.390897
vt 0.996936 0.408338
vt 0.036737 0.863347
vt 0.847551 0.038117
vt 0.048371 0.865393
vt 0.864726 0.051281
vt 0.855530 0.037281
vt 0.835500 0.422529
vt 0.257041 0.628508
vt 0.176561 0.855796
vt 0.150567 0.832365
vt 0.156962 0.829763
vt 0.309458 0.035599
vt 0.298280 0.033223
vt 0.298836 0.007006
vt 0.861611 0.554404
vt 0.051432 0.592340
vt 0.792329 0.790862
vt 0.790067 0.794523
vt 0.944083 0.786704
vt 0.588893 0.164707
vt 0.084516 0.664625
vt 0.091910 0.670830
vt 0.057943 0.670483
vt 0.972702 0.895691
vt 0.978575 0.918023
vt 0.972958 0.690876
vt 0.089398 0.028643
vt 0.613772 0.752819
vt 0.634451 0.765776
vt 0.569590 0.784107
vt 0.488383 0.400774
vt 0.331827 0.759022
vt 0.945988 0.611119
vt 0.624369 0.580814
vt 0.959899 0.984848
vt 0.495014 0.584875
vt 0.509895 0.583440
vt 0.506537 0.593988
vt 0.223304 0.808607
vt 0.195011 0.814986
vt 0.833581 0.035666
vt 0.483381 0.181323
vt 0.849538 0.031185
vt 0.258684 0.623813
vt 0.855298 0.418213
vt 0.907188 0.477660
vt 0.618656 0.847212
vt 0.618647 0.830915
vt 0.636368 0.839108
vt 0.789651 0.801189
vt 0.583963 0.211553
vt 0.055294 0.190717
vt 0.733171 0.206263
vt 0.475901 0.396867
vt 0.712480 0.180645
vt 0.403379 0.650337
vt 0.827708 0.680205
vt 0.096079 0.920970
vt 0.123441 0.936381
vt 0.105281 0.937425
vt 0.122851 0.965071
vt 0.723701 0.923087
vt 0.702797 0.904406
vt 0.731412 0.902549
vt 0.300657 0.633152
vt 0.956301 0.398702
vt 0.818110 0.041892
vt 0.923376 0.359212
vt 0.005565 0.733965
vt 0.018169 0.724807
vt 0.018921 0.748259
vt 0.861101 0.027331
vt 0.508898 0.561666
vt 0.519683 0.586732
vt 0.941624 0.356188
vt 0.867856 0.033084
vt 0.252566 0.619645
vt 0.117645 0.189226
vt 0.127064 0.184030
vt 0.128970 0.193443
vt 0.398329 0.843095
vt 0.389324 0.826240
vt 0.969657 0.946996
vt 0.978295 0.949353
vt 0.978109 0.952247
vt 0.888712 0.582311
vt 0.043914 0.580045
vt 0.033715 0.546980
vt 0.902421 0.465569
vt 0.464863 0.908920
vt 0.484173 0.923823
vt 0.465498 0.939493
vt 0.624561 0.853003
vt 0.579738 0.143256
vt 0.593591 0.171741
vt 0.486155 0.684830
vt 0.981274 0.683160
vt 0.139300 0.907352
vt 0.596610 0.786800
vt 0.587611 0.793702
vt 0.602647 0.748013
vt 0.156480 0.235022
vt 0.621842 0.568653
vt 0.080593 0.715893
vt 0.088556 0.710317
vt 0.090099 0.724923
vt 0.954538 0.627838
vt 0.940291 0.618971
vt 0.123760 0.931691
vt 0.497124 0.598635
vt 0.810447 0.671605
vt 0.003565 0.137420
vt 0.023859 0.130826
vt 0.022684 0.149781
vt 0.181532 0.846342
vt 0.707322 0.020508
vt 0.719723 0.012724
vt 0.733422 0.022316
vt 0.870942 0.052639
vt 0.107861 0.196233
vt 0.106785 0.184240
vt 0.136496 0.187417
vt 0.254877 0.616282
vt 0.525687 0.557040
vt 0.532537 0.577276
vt 0.522158 0.570543
vt 0.973840 0.932537
vt 0.981074 0.937511
vt 0.033358 0.572226
vt 0.044982 0.582677
vt 0.916820 0.480988
vt 0.913374 0.486618
vt 0.910457 0.483296
vt 0.906874 0.480298
vt 0.873258 0.473417
vt 0.274841 0.931731
vt 0.265993 0.915451
vt 0.909319 0.792622
vt 0.586641 0.199639
vt 0.601948 0.769103
vt 0.741556 0.193492
vt 0.331989 0.911369
vt 0.080057 0.692469
vt 0.823521 0.687363
vt 0.808631 0.464768
vt 0.806425 0.454397
vt 0.812807 0.455193
vt 0.038130 0.877937
vt 0.249711 0.648373
vt 0.234879 0.629719
vt 0.228326 0.642033
vt 0.243314 0.623711
vt 0.874991 0.032435
vt 0.106998 0.175187
vt 0.114118 0.170717
vt 0.872680 0.404366
vt 0.890330 0.423685
vt 0.840712 0.739106
vt 0.625353 0.825341
vt 0.278456 0.921442
vt 0.464479 0.716729
vt 0.471038 0.700552
vt 0.479515 0.709833
vt 0.982289 0.900709
vt 0.498584 0.653094
vt 0.508488 0.674062
vt 0.121318 0.920536
vt 0.326036 0.760389
vt 0.320681 0.746961
vt 0.610580 0.575578
vt 0.621621 0.587208
vt 0.115428 0.734979
vt 0.119313 0.705905
vt 0.107143 0.704072
vt 0.978656 0.429252
vt 0.973682 0.421477
vt 0.827416 0.700575
vt 0.718619 0.897578
vt 0.445871 0.997043
vt 0.445871 0.965739
vt 0.458634 0.976637
vt 0.841832 0.020316
vt 0.733271 0.006087
vt 0.265048 0.612274
vt 0.131320 0.175656
vt 0.121727 0.169954
vt 0.532184 0.557362
vt 0.252523 0.609872
vt 0.253679 0.606668
vt 0.963344 0.966964
vt 0.436551 0.908001
vt 0.444075 0.914033
vt 0.437113 0.925526
vt 0.633086 0.805799
vt 0.639976 0.816022
vt 0.626559 0.809524
vt 0.670538 0.265344
vt 0.691306 0.259109
vt 0.323924 0.000938
vt 0.341384 0.000023
vt 0.330781 0.023973
vt 0.945048 0.795312
vt 0.931812 0.799032
vt 0.501403 0.647161
vt 0.512203 0.647292
vt 0.590068 0.757697
vt 0.581652 0.769636
vt 0.486104 0.386424
vt 0.709677 0.194786
vt 0.084878 0.687947
vt 0.950443 0.630174
vt 0.152696 0.920335
vt 0.953113 0.416052
vt 0.522513 0.618988
vt 0.814682 0.682308
vt 0.832047 0.726964
vt 0.089529 0.181559
vt 0.103517 0.176405
vt 0.731964 0.406937
vt 0.728608 0.392188
vt 0.753876 0.358184
vt 0.987181 0.992846
vt 0.987181 0.999808
vt 0.978049 0.999808
vt 0.251026 0.602404
vt 0.900189 0.286569
vt 0.252362 0.596485
vt 0.875918 0.563637
vt 0.442630 0.927293
vt 0.633812 0.822213
vt 0.905641 0.483951
vt 0.688637 0.271352
vt 0.784303 0.787465
vt 0.785152 0.775892
vt 0.043087 0.190085
vt 0.981044 0.886495
vt 0.133934 0.914674
vt 0.723636 0.202777
vt 0.321990 0.904479
vt 0.316472 0.786159
vt 0.178677 0.251696
vt 0.699835 0.913522
vt 0.813634 0.731042
vt 0.810972 0.476220
vt 0.799460 0.471753
vt 0.803046 0.484894
vt 0.773609 0.396196
vt 0.782299 0.678088
vt 0.960805 0.349646
vt 0.851878 0.404561
vt 0.813869 0.821269
vt 0.833601 0.824320
vt 0.812778 0.832647
vt 0.244332 0.602999
vt 0.936555 0.483899
vt 0.923093 0.478447
vt 0.937416 0.472459
vt 0.927714 0.483853
vt 0.922683 0.481274
vt 0.984289 0.914525
vt 0.934714 0.261085
vt 0.957794 0.276207
vt 0.665082 0.275639
vt 0.780368 0.799029
vt 0.585222 0.123145
vt 0.499020 0.685113
vt 0.146721 0.911648
vt 0.170402 0.824991
vt 0.192447 0.844718
vt 0.164410 0.826208
vt 0.525601 0.611569
vt 0.904008 0.053203
vt 0.102887 0.167671
vt 0.530637 0.595209
vt 0.733815 0.372722
vt 0.724503 0.381451
vt 0.124614 0.157392
vt 0.355086 0.465091
vt 0.344470 0.480413
vt 0.346279 0.463803
vt 0.857513 0.394399
vt 0.922994 0.488181
vt 0.882081 0.386480
vt 0.916123 0.466693
vt 0.951165 0.869287
vt 0.951400 0.913451
vt 0.936455 0.890295
vt 0.468692 0.957064
vt 0.913949 0.812710
vt 0.613970 0.168070
vt 0.601497 0.194936
vt 0.959435 0.900556
vt 0.518888 0.664339
vt 0.155453 0.246055
vt 0.482955 0.603343
vt 0.507343 0.630986
vt 0.079512 0.676993
vt 0.809019 0.022604
vt 0.951734 0.338433
vt 0.116362 0.152559
vt 0.718560 0.369011
vt 0.837396 0.833421
vt 0.366524 0.466879
vt 0.429663 0.916374
vt 0.950210 0.931399
vt 0.647803 0.814183
vt 0.776998 0.794844
vt 0.040409 0.220139
vt 0.310741 0.903214
vt 0.300151 0.860797
vt 0.294062 0.887792
vt 0.276072 0.890164
vt 0.277308 0.883318
vt 0.967642 0.645287
vt 0.082278 0.201147
vt 0.067226 0.194156
vt 0.238277 0.783762
vt 0.812268 0.446851
vt 0.819827 0.459194
vt 0.940090 0.342862
vt 0.088952 0.161247
vt 0.794459 0.692559
vt 0.232440 0.613573
vt 0.099962 0.144567
vt 0.961842 0.948567
vt 0.800714 0.722989
vt 0.928945 0.459214
vt 0.934543 0.486022
vt 0.939181 0.494639
vt 0.931261 0.497316
vt 0.644557 0.791618
vt 0.649186 0.808507
vt 0.770869 0.786388
vt 0.744986 0.792740
vt 0.030455 0.185893
vt 0.983348 0.579316
vt 0.979541 0.567599
vt 0.995484 0.571676
vt 0.001707 0.789257
vt 0.006916 0.777728
vt 0.022818 0.770979
vt 0.204469 0.267124
vt 0.202628 0.288233
vt 0.190669 0.289280
vt 0.212941 0.291210
vt 0.201634 0.316159
vt 0.068874 0.163775
vt 0.806478 0.702591
vt 0.540237 0.598366
vt 0.412231 0.986697
vt 0.427066 0.973723
vt 0.435706 0.988226
vt 0.726692 0.358105
vt 0.442072 0.970226
vt 0.707878 0.364960
vt 0.024365 0.942425
vt 0.021087 0.948858
vt 0.009425 0.947923
vt 0.347159 0.456480
vt 0.936548 0.425462
vt 0.918617 0.429730
vt 0.923647 0.411597
vt 0.914243 0.452212
vt 0.901352 0.442564
vt 0.659990 0.830194
vt 0.354823 0.013881
vt 0.624154 0.149065
vt 0.377295 0.510460
vt 0.395067 0.513241
vt 0.374196 0.526347
vt 0.153231 0.899884
vt 0.321077 0.768185
vt 0.028166 0.787636
vt 0.273470 0.891068
vt 0.493790 0.960390
vt 0.500824 0.968773
vt 0.495315 0.991128
vt 0.516606 0.625945
vt 0.119992 0.849283
vt 0.137366 0.831397
vt 0.111377 0.132349
vt 0.364113 0.463440
vt 0.223549 0.130419
vt 0.204036 0.107164
vt 0.241865 0.119837
vt 0.926411 0.272010
vt 0.652988 0.824667
vt 0.936749 0.805815
vt 0.493470 0.691473
vt 0.605094 0.558500
vt 0.590869 0.574782
vt 0.098153 0.666098
vt 0.729921 0.890439
vt 0.705959 0.891698
vt 0.009469 0.870863
vt 0.035095 0.870863
vt 0.033441 0.877912
vt 0.823442 0.463581
vt 0.828050 0.462925
vt 0.737663 0.354237
vt 0.793994 0.705325
vt 0.438861 0.960354
vt 0.402198 0.973419
vt 0.369649 0.999765
vt 0.383421 0.989246
vt 0.380983 0.998736
vt 0.969754 0.981310
vt 0.961700 0.982730
vt 0.967099 0.973912
vt 0.958436 0.971514
vt 0.931901 0.436520
vt 0.652296 0.842163
vt 0.954987 0.794954
vt 0.949437 0.806053
vt 0.037698 0.198025
vt 0.964212 0.885928
vt 0.314527 0.560625
vt 0.344678 0.552699
vt 0.348227 0.567256
vt 0.144688 0.612805
vt 0.135118 0.647899
vt 0.126849 0.628167
vt 0.565619 0.005139
vt 0.565619 0.026202
vt 0.539180 0.008799
vt 0.703235 0.898388
vt 0.191019 0.310830
vt 0.212049 0.329088
vt 0.201492 0.322382
vt 0.833751 0.458657
vt 0.083775 0.141506
vt 0.334926 0.681211
vt 0.342491 0.699795
vt 0.327662 0.691967
vt 0.365824 0.987373
vt 0.376289 0.978927
vt 0.230119 0.605892
vt 0.806960 0.857273
vt 0.387791 0.991973
vt 0.384795 0.978251
vt 0.844690 0.848076
vt 0.977552 0.967703
vt 0.987329 0.967241
vt 0.980109 0.973187
vt 0.393877 0.996957
vt 0.990713 0.969101
vt 0.241481 0.098417
vt 0.659179 0.813695
vt 0.644910 0.868029
vt 0.279535 0.944581
vt 0.266871 0.949496
vt 0.602272 0.208568
vt 0.384518 0.538125
vt 0.212477 0.034178
vt 0.204270 0.008917
vt 0.212479 0.008970
vt 0.554696 0.974417
vt 0.561900 0.989746
vt 0.542925 0.995547
vt 0.569493 0.973669
vt 0.148364 0.628114
vt 0.619657 0.601130
vt 0.481057 0.613984
vt 0.114752 0.683917
vt 0.578493 0.982912
vt 0.578053 0.994933
vt 0.573680 0.989536
vt 0.377158 0.654611
vt 0.371287 0.672745
vt 0.372014 0.656287
vt 0.591772 0.980253
vt 0.013537 0.425809
vt 0.001085 0.408669
vt 0.024380 0.404750
vt 0.838753 0.449305
vt 0.821145 0.466650
vt 0.352559 0.674981
vt 0.235598 0.149050
vt 0.211554 0.152664
vt 0.393426 0.986464
vt 0.986658 0.974972
vt 0.660814 0.807079
vt 0.919832 0.814334
vt 0.025536 0.190818
vt 0.496204 0.710910
vt 0.587002 0.970540
vt 0.359406 0.666319
vt 0.363145 0.646008
vt 0.825842 0.475162
vt 0.360368 0.689916
vt 0.059916 0.349363
vt 0.064459 0.341451
vt 0.080754 0.340347
vt 0.074877 0.338058
vt 0.009314 0.086227
vt 0.001495 0.081155
vt 0.006791 0.081935
vt 0.005574 0.093639
vt 0.363425 0.977462
vt 0.542377 0.573625
vt 0.972662 0.973550
vt 0.390304 0.978793
vt 0.975126 0.967809
vt 0.543445 0.961874
vt 0.517859 0.937110
vt 0.549769 0.953195
vt 0.447031 0.958307
vt 0.674530 0.866812
vt 0.893273 0.827768
vt 0.909079 0.820849
vt 0.510430 0.686613
vt 0.993687 0.149198
vt 0.983518 0.111246
vt 0.995425 0.103985
vt 0.165029 0.922560
vt 0.598374 0.965541
vt 0.558982 0.635418
vt 0.371688 0.971314
vt 0.144416 0.827358
vt 0.717319 0.348562
vt 0.983829 0.963383
vt 0.395380 0.981845
vt 0.369919 0.511533
vt 0.340064 0.517647
vt 0.992575 0.972803
vt 0.548578 0.935232
vt 0.672582 0.811302
vt 0.289344 0.932465
vt 0.364599 0.520302
vt 0.361541 0.539653
vt 0.505760 0.695672
vt 0.107167 0.656501
vt 0.574012 0.975285
vt 0.396945 0.702171
vt 0.372155 0.690718
vt 0.153956 0.827649
vt 0.367605 0.692963
vt 0.376118 0.703649
vt 0.020829 0.094968
vt 0.071923 0.323425
vt 0.977428 0.438904
vt 0.982106 0.471331
vt 0.969719 0.465790
vt 0.557299 0.602754
vt 0.376266 0.968214
vt 0.743848 0.318332
vt 0.993572 0.982515
vt 0.401511 0.981152
vt 0.377101 0.461582
vt 0.528541 0.923443
vt 0.538234 0.914542
vt 0.843751 0.866925
vt 0.823797 0.871426
vt 0.585318 0.558773
vt 0.601654 0.506988
vt 0.599654 0.560180
vt 0.397372 0.975708
vt 0.398934 0.989109
vt 0.227213 0.092161
vt 0.680269 0.826291
vt 0.625140 0.176537
vt 0.615042 0.183332
vt 0.350011 0.539084
vt 0.359299 0.551465
vt 0.330714 0.542010
vt 0.724257 0.783920
vt 0.730452 0.795475
vt 0.696984 0.794772
vt 0.540203 0.964786
vt 0.547619 0.966642
vt 0.325436 0.922448
vt 0.602060 0.585371
vt 0.688903 0.900258
vt 0.692216 0.921019
vt 0.163185 0.819217
vt 0.425521 0.699899
vt 0.351427 0.661642
vt 0.152703 0.821981
vt 0.418497 0.091621
vt 0.428904 0.095752
vt 0.414649 0.102134
vt 0.775472 0.327064
vt 0.021032 0.080350
vt 0.834603 0.468140
vt 0.214524 0.646671
vt 0.214232 0.920409
vt 0.227466 0.912953
vt 0.238749 0.919882
vt 0.029960 0.754952
vt 0.029496 0.781504
vt 0.021969 0.755740
vt 0.383468 0.479062
vt 0.572803 0.555586
vt 0.963977 0.003065
vt 0.973339 0.003065
vt 0.969015 0.006239
vt 0.398083 0.999954
vt 0.979876 0.043373
vt 0.982215 0.040553
vt 0.981819 0.044489
vt 0.960067 0.818960
vt 0.960302 0.808046
vt 0.486524 0.728497
vt 0.472303 0.599812
vt 0.485895 0.572577
vt 0.490203 0.596469
vt 0.300967 0.916325
vt 0.585083 0.960677
vt 0.601638 0.958054
vt 0.189411 0.334347
vt 0.199549 0.342308
vt 0.773013 0.357902
vt 0.171605 0.316529
vt 0.178341 0.291443
vt 0.211942 0.932486
vt 0.212450 0.924003
vt 0.227900 0.940260
vt 0.360667 0.698685
vt 0.507742 0.962307
vt 0.530135 0.993129
vt 0.503165 0.987256
vt 0.052499 0.334960
vt 0.030966 0.356007
vt 0.022576 0.344510
vt 0.041933 0.340443
vt 0.215652 0.603347
vt 0.912700 0.882819
vt 0.947480 0.868767
vt 0.921294 0.900414
vt 0.988450 0.488732
vt 0.377454 0.467476
vt 0.523653 0.913596
vt 0.948630 0.477122
vt 0.988686 0.507717
vt 0.218976 0.899360
vt 0.246326 0.897366
vt 0.932525 0.006963
vt 0.961427 0.005061
vt 0.948078 0.016681
vt 0.192636 0.133133
vt 0.512027 0.922287
vt 0.431693 0.958162
vt 0.421802 0.928428
vt 0.556793 0.562956
vt 0.538225 0.562094
vt 0.556705 0.549234
vt 0.980219 0.038232
vt 0.976118 0.047844
vt 0.221681 0.078099
vt 0.214477 0.082888
vt 0.983059 0.047274
vt 0.373849 0.545865
vt 0.716277 0.813408
vt 0.116905 0.665295
vt 0.487317 0.633932
vt 0.180389 0.337293
vt 0.407961 0.092246
vt 0.559555 0.622346
vt 0.387921 0.445594
vt 0.387378 0.462242
vt 0.384892 0.453030
vt 0.020583 0.724863
vt 0.983248 0.517027
vt 0.964352 0.510887
vt 0.982859 0.511662
vt 0.916193 0.261581
vt 0.469803 0.295360
vt 0.506753 0.311598
vt 0.483535 0.319314
vt 0.500140 0.947310
vt 0.512270 0.952387
vt 0.502926 0.962141
vt 0.692323 0.836082
vt 0.683156 0.849965
vt 0.411722 0.545450
vt 0.396934 0.552597
vt 0.724487 0.771685
vt 0.711753 0.780383
vt 0.683477 0.809104
vt 0.316359 0.765893
vt 0.317381 0.759289
vt 0.321738 0.753013
vt 0.315182 0.925369
vt 0.608814 0.601558
vt 0.682230 0.902857
vt 0.005066 0.560196
vt 0.005066 0.528443
vt 0.027255 0.544118
vt 0.402381 0.097366
vt 0.143715 0.821956
vt 0.394286 0.450618
vt 0.777724 0.488215
vt 0.803957 0.510091
vt 0.384681 0.458956
vt 0.135280 0.823877
vt 0.011799 0.895096
vt 0.041090 0.880171
vt 0.024576 0.923453
vt 0.188039 0.147868
vt 0.372824 0.451214
vt 0.211888 0.045861
vt 0.176947 0.020475
vt 0.202844 0.014374
vt 0.179217 0.114197
vt 0.527458 0.531051
vt 0.552348 0.532121
vt 0.616763 0.196384
vt 0.515392 0.714544
vt 0.460027 0.576139
vt 0.991114 0.065487
vt 0.992961 0.086597
vt 0.978214 0.068024
vt 0.037414 0.320950
vt 0.209810 0.912221
vt 0.024550 0.324067
vt 0.013790 0.880272
vt 0.782504 0.851849
vt 0.521079 0.498350
vt 0.512450 0.527209
vt 0.564761 0.525595
vt 0.559539 0.533464
vt 0.508187 0.940607
vt 0.977260 0.029305
vt 0.185215 0.093525
vt 0.992051 0.039218
vt 0.034439 0.784022
vt 0.042202 0.780839
vt 0.038643 0.803135
vt 0.052477 0.797488
vt 0.049704 0.802972
vt 0.932098 0.825143
vt 0.505379 0.725780
vt 0.703257 0.757601
vt 0.579558 0.562009
vt 0.581879 0.579599
vt 0.576813 0.568968
vt 0.285815 0.924339
vt 0.690443 0.882479
vt 0.160921 0.806551
vt 0.149207 0.807048
vt 0.977167 0.053197
vt 0.992526 0.046605
vt 0.813516 0.498599
vt 0.057772 0.743902
vt 0.965951 0.012266
vt 0.771879 0.212293
vt 0.804794 0.213657
vt 0.797356 0.230132
vt 0.946917 0.827759
vt 0.360138 0.567461
vt 0.460547 0.599909
vt 0.580161 0.583473
vt 0.566189 0.562170
vt 0.585587 0.583537
vt 0.201244 0.924968
vt 0.884634 0.884413
vt 0.394672 0.475742
vt 0.386357 0.500866
vt 0.952245 0.061051
vt 0.970841 0.018528
vt 0.491058 0.954804
vt 0.069785 0.526877
vt 0.065825 0.504754
vt 0.083161 0.503541
vt 0.524110 0.290959
vt 0.527710 0.317111
vt 0.159556 0.742576
vt 0.170041 0.757356
vt 0.150327 0.750649
vt 0.145192 0.779507
vt 0.910834 0.824832
vt 0.680614 0.921680
vt 0.705782 0.885019
vt 0.171954 0.333080
vt 0.981149 0.127902
vt 0.943390 0.127214
vt 0.976027 0.120764
vt 0.210618 0.919795
vt 0.402948 0.436509
vt 0.836583 0.480340
vt 0.827093 0.497816
vt 0.034085 0.297274
vt 0.795038 0.511193
vt 0.137744 0.818300
vt 0.209066 0.899559
vt 0.566198 0.500668
vt 0.551721 0.491577
vt 0.557362 0.518366
vt 0.507488 0.924910
vt 0.190897 0.105268
vt 0.985243 0.032583
vt 0.160117 0.782872
vt 0.675802 0.911866
vt 0.974252 0.110697
vt 0.939500 0.120655
vt 0.196195 0.940521
vt 0.835904 0.488160
vt 0.396509 0.091625
vt 0.820497 0.509245
vt 0.569873 0.614805
vt 0.178311 0.155985
vt 0.517849 0.917717
vt 0.451233 0.348990
vt 0.493733 0.335061
vt 0.472387 0.374379
vt 0.490271 0.371540
vt 0.479441 0.376204
vt 0.633220 0.998940
vt 0.610310 0.982295
vt 0.637487 0.978044
vt 0.378804 0.562979
vt 0.393771 0.101713
vt 0.397370 0.104557
vt 0.466189 0.356362
vt 0.485981 0.379349
vt 0.819771 0.229107
vt 0.344496 0.585035
vt 0.569693 0.579796
vt 0.559243 0.567315
vt 0.565713 0.593328
vt 0.545740 0.565251
vt 0.976402 0.256339
vt 0.928787 0.256186
vt 0.918046 0.233153
vt 0.940654 0.102506
vt 0.981082 0.089969
vt 0.677530 0.885897
vt 0.680544 0.174609
vt 0.683930 0.158679
vt 0.698781 0.172129
vt 0.044774 0.724561
vt 0.073869 0.713609
vt 0.058546 0.740771
vt 0.944246 0.134310
vt 0.871325 0.901519
vt 0.006071 0.719134
vt 0.006071 0.688149
vt 0.021983 0.722723
vt 0.973939 0.055741
vt 0.175894 0.784157
vt 0.166014 0.817170
vt 0.955711 0.271094
vt 0.958673 0.258779
vt 0.966830 0.270985
vt 0.440245 0.569782
vt 0.147000 0.671795
vt 0.947888 0.086510
vt 0.980626 0.075984
vt 0.916350 0.259011
vt 0.045135 0.712437
vt 0.157604 0.796210
vt 0.190494 0.933194
vt 0.673907 0.148225
vt 0.695498 0.143515
vt 0.689584 0.139760
vt 0.410838 0.130002
vt 0.095285 0.738317
vt 0.925341 0.869997
vt 0.905582 0.870591
vt 0.924656 0.863117
vt 0.934059 0.922166
vt 0.915418 0.921368
vt 0.564265 0.491143
vt 0.558536 0.483881
vt 0.017792 0.668722
vt 0.009929 0.663216
vt 0.029738 0.662816
vt 0.502386 0.351310
vt 0.217826 0.888079
vt 0.468119 0.861683
vt 0.443223 0.849477
vt 0.461128 0.852406
vt 0.472347 0.846633
vt 0.450332 0.843426
vt 0.179225 0.744675
vt 0.922286 0.834213
vt 0.376850 0.575101
vt 0.679228 0.800758
vt 0.592344 0.594585
vt 0.598022 0.601112
vt 0.943924 0.111391
vt 0.670635 0.922901
vt 0.423970 0.131863
vt 0.000707 0.181025
vt 0.006250 0.174374
vt 0.007349 0.183909
vt 0.022153 0.691591
vt 0.031638 0.715004
vt 0.000123 0.174218
vt 0.000691 0.167394
vt 0.496669 0.930450
vt 0.502189 0.927264
vt 0.501569 0.371115
vt 0.448204 0.616457
vt 0.429231 0.604812
vt 0.451504 0.605992
vt 0.705652 0.155225
vt 0.384408 0.095873
vt 0.377894 0.089049
vt 0.386922 0.113202
vt 0.194080 0.909628
vt 0.387801 0.106798
vt 0.411676 0.521375
vt 0.929079 0.926042
vt 0.007834 0.165482
vt 0.488464 0.939873
vt 0.035963 0.476216
vt 0.061663 0.473290
vt 0.039435 0.487858
vt 0.057231 0.491969
vt 0.070875 0.492169
vt 0.089681 0.484469
vt 0.984115 0.022403
vt 0.055644 0.503431
vt 0.986517 0.025274
vt 0.058297 0.804525
vt 0.534478 0.022109
vt 0.529068 0.017135
vt 0.542879 0.014980
vt 0.403917 0.584161
vt 0.964813 0.816512
vt 0.993072 0.795980
vt 0.987508 0.839181
vt 0.413139 0.615801
vt 0.413326 0.592317
vt 0.677528 0.789453
vt 0.672100 0.807401
vt 0.667551 0.898622
vt 0.136386 0.796105
vt 0.923926 0.849931
vt 0.042901 0.585667
vt 0.033947 0.610727
vt 0.023647 0.570685
vt 0.790852 0.873149
vt 0.053766 0.465288
vt 0.085640 0.468252
vt 0.071313 0.483855
vt 0.449037 0.871908
vt 0.429848 0.853758
vt 0.772227 0.202684
vt 0.399611 0.609686
vt 0.407760 0.580055
vt 0.118231 0.682004
vt 0.684679 0.874428
vt 0.190090 0.924787
vt 0.392598 0.083709
vt 0.390771 0.070160
vt 0.426413 0.506753
vt 0.423710 0.481645
vt 0.899259 0.859653
vt 0.836841 0.524509
vt 0.810867 0.527026
vt 0.658255 0.098865
vt 0.683768 0.103576
vt 0.666502 0.107400
vt 0.663014 0.088401
vt 0.571317 0.468385
vt 0.573520 0.471615
vt 0.000483 0.162192
vt 0.504232 0.399202
vt 0.514028 0.362738
vt 0.523354 0.331581
vt 0.977353 0.018321
vt 0.429428 0.873911
vt 0.950700 0.262089
vt 0.104330 0.667364
vt 0.584304 0.591272
vt 0.574105 0.595746
vt 0.031262 0.298869
vt 0.032319 0.308934
vt 0.010776 0.314255
vt 0.077134 0.676467
vt 0.673295 0.308676
vt 0.685637 0.307410
vt 0.676864 0.322588
vt 0.936335 0.138511
vt 0.363870 0.071088
vt 0.022122 0.169981
vt 0.029750 0.181610
vt 0.755301 0.979543
vt 0.785346 0.979049
vt 0.758078 0.989908
vt 0.884282 0.863756
vt 0.887994 0.847713
vt 0.822234 0.524318
vt 0.524014 0.386564
vt 0.518102 0.369504
vt 0.830452 0.216394
vt 0.190301 0.758206
vt 0.193833 0.770720
vt 0.184595 0.814138
vt 0.982699 0.260729
vt 0.165045 0.343063
vt 0.720022 0.162164
vt 0.694251 0.115941
vt 0.379514 0.110807
vt 0.195850 0.894831
vt 0.775290 0.872843
vt 0.016442 0.166598
vt 0.014395 0.597848
vt 0.510643 0.407206
vt 0.011939 0.227467
vt 0.002096 0.240746
vt 0.000231 0.226443
vt 0.986226 0.677165
vt 0.976693 0.672719
vt 0.989517 0.672493
vt 0.883800 0.026848
vt 0.867914 0.004983
vt 0.882667 0.006047
vt 0.442100 0.548087
vt 0.203065 0.355849
vt 0.183674 0.367490
vt 0.175680 0.361245
vt 0.162181 0.329900
vt 0.403257 0.140907
vt 0.529669 0.394707
vt 0.090092 0.474544
vt 0.526936 0.407866
vt 0.336724 0.596223
vt 0.335071 0.588294
vt 0.348538 0.591461
vt 0.518496 0.349834
vt 0.980028 0.005790
vt 0.976892 0.005552
vt 0.975690 0.001066
vt 0.982754 0.014968
vt 0.062676 0.800694
vt 0.786289 0.693302
vt 0.776095 0.695946
vt 0.777883 0.687829
vt 0.935809 0.870042
vt 0.372465 0.116498
vt 0.825765 0.520787
vt 0.323190 0.593936
vt 0.333547 0.606657
vt 0.341951 0.602614
vt 0.984644 0.001306
vt 0.099330 0.483053
vt 0.985501 0.015533
vt 0.809223 0.189238
vt 0.352217 0.921427
vt 0.340888 0.925585
vt 0.330455 0.915828
vt 0.205853 0.861409
vt 0.219994 0.859291
vt 0.224898 0.876391
vt 0.665259 0.869273
vt 0.153519 0.787201
vt 0.442992 0.514195
vt 0.928253 0.134935
vt 0.355340 0.584288
vt 0.368948 0.602651
vt 0.412833 0.868562
vt 0.427124 0.846248
vt 0.437556 0.829321
vt 0.421713 0.558201
vt 0.664785 0.778592
vt 0.430350 0.557457
vt 0.587437 0.601637
vt 0.684826 0.333459
vt 0.792181 0.709226
vt 0.771170 0.713378
vt 0.764668 0.700658
vt 0.368496 0.089023
vt 0.949817 0.858669
vt 0.364856 0.105449
vt 0.665207 0.359676
vt 0.683576 0.355474
vt 0.676845 0.366639
vt 0.684119 0.362455
vt 0.920201 0.837384
vt 0.018517 0.152037
vt 0.350376 0.609185
vt 0.931419 0.835859
vt 0.723332 0.149066
vt 0.722989 0.122841
vt 0.162574 0.364530
vt 0.163069 0.347227
vt 0.173556 0.351594
vt 0.710557 0.109288
vt 0.841277 0.518361
vt 0.033346 0.622753
vt 0.344132 0.615279
vt 0.370648 0.576078
vt 0.372736 0.581195
vt 0.829793 0.197855
vt 0.839625 0.212994
vt 0.403708 0.837869
vt 0.212041 0.753213
vt 0.327255 0.926241
vt 0.524264 0.029872
vt 0.510904 0.959074
vt 0.538068 0.963376
vt 0.535152 0.994403
vt 0.661505 0.791235
vt 0.583144 0.601052
vt 0.227447 0.892135
vt 0.241355 0.876472
vt 0.933130 0.109783
vt 0.177726 0.934821
vt 0.699881 0.294527
vt 0.700891 0.305965
vt 0.617712 0.104691
vt 0.603297 0.129944
vt 0.604904 0.113997
vt 0.175809 0.912966
vt 0.692779 0.354749
vt 0.687635 0.086410
vt 0.191362 0.961644
vt 0.183666 0.949943
vt 0.200745 0.959762
vt 0.403843 0.865185
vt 0.412323 0.854219
vt 0.212791 0.799264
vt 0.077216 0.807800
vt 0.344954 0.939245
vt 0.180312 0.408728
vt 0.166597 0.404252
vt 0.178489 0.398081
vt 0.954269 0.533692
vt 0.976613 0.533692
vt 0.954029 0.568888
vt 0.972939 0.516813
vt 0.932302 0.087261
vt 0.930829 0.079838
vt 0.605321 0.094141
vt 0.590544 0.099370
vt 0.724578 0.116161
vt 0.686709 0.377154
vt 0.694745 0.362658
vt 0.765862 0.997444
vt 0.957812 0.980808
vt 0.943818 0.979292
vt 0.953977 0.966872
vt 0.735356 0.839850
vt 0.751368 0.838370
vt 0.741706 0.850620
vt 0.184943 0.970180
vt 0.175652 0.962907
vt 0.314040 0.627649
vt 0.487450 0.912002
vt 0.341972 0.646200
vt 0.363003 0.616918
vt 0.986070 0.008473
vt 0.353776 0.625916
vt 0.655022 0.802116
vt 0.186149 0.384997
vt 0.180286 0.393536
vt 0.169401 0.388196
vt 0.181542 0.419668
vt 0.155440 0.417639
vt 0.237413 0.869092
vt 0.590246 0.114757
vt 0.731957 0.159824
vt 0.704323 0.335254
vt 0.722982 0.103875
vt 0.830072 0.530132
vt 0.106055 0.473165
vt 0.011538 0.765088
vt 0.017883 0.769698
vt 0.010521 0.771151
vt 0.979937 0.431638
vt 0.993128 0.435924
vt 0.981091 0.445933
vt 0.794152 0.170186
vt 0.517331 0.004898
vt 0.511478 0.015560
vt 0.412312 0.549156
vt 0.648588 0.781348
vt 0.187827 0.376931
vt 0.168967 0.371534
vt 0.724958 0.886118
vt 0.735463 0.874225
vt 0.742885 0.888639
vt 0.738460 0.864430
vt 0.747398 0.880032
vt 0.619969 0.128426
vt 0.153680 0.361787
vt 0.701373 0.355169
vt 0.727424 0.829649
vt 0.193345 0.944160
vt 0.182822 0.942599
vt 0.382812 0.575151
vt 0.386300 0.602831
vt 0.848591 0.207241
vt 0.847173 0.189468
vt 0.357232 0.939879
vt 0.348809 0.952912
vt 0.245574 0.886350
vt 0.738415 0.126164
vt 0.180964 0.893981
vt 0.702177 0.362989
vt 0.732976 0.818045
vt 0.253714 0.953537
vt 0.243413 0.957742
vt 0.241326 0.949720
vt 0.255317 0.959782
vt 0.243796 0.962156
vt 0.927166 0.973570
vt 0.921977 0.977725
vt 0.176118 0.942559
vt 0.394450 0.862334
vt 0.362658 0.966215
vt 0.350190 0.962174
vt 0.653390 0.776309
vt 0.164374 0.382890
vt 0.289644 0.382843
vt 0.275261 0.379276
vt 0.285352 0.362874
vt 0.715885 0.319457
vt 0.698869 0.372540
vt 0.353172 0.078143
vt 0.642455 0.108830
vt 0.639100 0.122987
vt 0.940253 0.966725
vt 0.907894 0.827254
vt 0.025234 0.239467
vt 0.170477 0.972525
vt 0.165502 0.952260
vt 0.693717 0.929723
vt 0.691254 0.935659
vt 0.670636 0.932822
vt 0.378575 0.620269
vt 0.165770 0.394543
vt 0.017916 0.397902
vt 0.001183 0.383480
vt 0.017916 0.380257
vt 0.233343 0.855728
vt 0.609999 0.141891
vt 0.959736 0.949069
vt 0.947882 0.949745
vt 0.948731 0.938429
vt 0.956077 0.954200
vt 0.257900 0.943329
vt 0.623336 0.133041
vt 0.943759 0.180879
vt 0.969884 0.198094
vt 0.957550 0.206896
vt 0.374783 0.635655
vt 0.367559 0.641857
vt 0.497278 0.009524
vt 0.004874 0.396950
vt 0.727625 0.875336
vt 0.730475 0.807915
vt 0.745837 0.816496
vt 0.754828 0.723081
vt 0.755999 0.707217
vt 0.020022 0.098005
vt 0.020022 0.122367
vt 0.002015 0.101477
vt 0.012000 0.518543
vt 0.001039 0.503456
vt 0.020999 0.500066
vt 0.707589 0.356151
vt 0.711259 0.351765
vt 0.187265 0.994875
vt 0.182212 0.982006
vt 0.186889 0.989325
vt 0.163610 0.984123
vt 0.176901 0.971014
vt 0.879762 0.836760
vt 0.021948 0.076392
vt 0.006456 0.065136
vt 0.021765 0.065443
vt 0.652085 0.117021
vt 0.666996 0.114047
vt 0.663935 0.129774
vt 0.987355 0.097647
vt 0.980457 0.101630
vt 0.985052 0.090272
vt 0.993395 0.093741
vt 0.161357 0.938201
vt 0.169534 0.919248
vt 0.765054 0.681613
vt 0.716772 0.385689
vt 0.711485 0.360417
vt 0.923090 0.946996
vt 0.928791 0.838046
vt 0.191217 0.982324
vt 0.934009 0.961114
vt 0.918361 0.958764
vt 0.189931 0.974551
vt 0.240437 0.958922
vt 0.193259 0.965617
vt 0.200433 0.963989
vt 0.993536 0.101696
vt 0.813532 0.171571
vt 0.986560 0.559689
vt 0.990143 0.527323
vt 0.256381 0.874653
vt 0.755288 0.693066
vt 0.155756 0.371847
vt 0.743828 0.853313
vt 0.755420 0.860973
vt 0.063046 0.457875
vt 0.063806 0.449166
vt 0.076732 0.441897
vt 0.771426 0.837692
vt 0.191078 0.989588
vt 0.154046 0.967024
vt 0.963317 0.205366
vt 0.204167 0.964754
vt 0.920720 0.971108
vt 0.910489 0.982237
vt 0.738691 0.795316
vt 0.620230 0.144339
vt 0.774246 0.850402
vt 0.640029 0.139382
vt 0.081179 0.462087
vt 0.090571 0.456288
vt 0.695467 0.936230
vt 0.997858 0.097525
vt 0.914064 0.964209
vt 0.391972 0.641316
vt 0.838878 0.167336
vt 0.015878 0.292186
vt 0.042948 0.266811
vt 0.036429 0.292186
vt 0.328049 0.949567
vt 0.312481 0.942247
vt 0.156702 0.402076
vt 0.324286 0.355495
vt 0.154913 0.383504
vt 0.285254 0.338359
vt 0.315521 0.340101
vt 0.289053 0.322809
vt 0.306243 0.323812
vt 0.626639 0.146726
vt 0.990129 0.196709
vt 0.987739 0.184709
vt 0.970700 0.204791
vt 0.203005 0.971652
vt 0.702214 0.930028
vt 0.997996 0.101696
vt 0.306935 0.981287
vt 0.300682 0.980863
vt 0.308970 0.978830
vt 0.912862 0.970488
vt 0.283609 0.995071
vt 0.285746 0.985913
vt 0.288539 0.993948
vt 0.775639 0.160450
vt 0.792334 0.156828
vt 0.101266 0.554118
vt 0.084401 0.549415
vt 0.107307 0.549530
vt 0.253520 0.865609
vt 0.753591 0.684407
vt 0.729533 0.862830
vt 0.966287 0.214030
vt 0.954929 0.216321
vt 0.301642 0.975613
vt 0.311338 0.975978
vt 0.129324 0.948269
vt 0.015328 0.245522
vt 0.329298 0.966725
vt 0.308025 0.929250
vt 0.303526 0.941252
vt 0.247802 0.852161
vt 0.155875 0.388997
vt 0.237346 0.845227
vt 0.765922 0.809540
vt 0.735734 0.852913
vt 0.778310 0.821937
vt 0.979916 0.201026
vt 0.651589 0.142380
vt 0.277063 0.989009
vt 0.284663 0.980667
vt 0.407311 0.634442
vt 0.307488 0.948744
vt 0.710510 0.877793
vt 0.712683 0.866493
vt 0.746321 0.694235
vt 0.750382 0.770118
vt 0.762821 0.776688
vt 0.746945 0.778344
vt 0.742288 0.708084
vt 0.048740 0.431581
vt 0.054461 0.427161
vt 0.962675 0.229503
vt 0.976920 0.218055
vt 0.089559 0.427922
vt 0.095334 0.398468
vt 0.115823 0.421916
vt 0.809835 0.155061
vt 0.148061 0.412743
vt 0.265183 0.867034
vt 0.077866 0.519186
vt 0.263284 0.886505
vt 0.766728 0.796932
vt 0.779310 0.768574
vt 0.765473 0.784955
vt 0.309490 0.969310
vt 0.150851 0.400456
vt 0.284658 0.310863
vt 0.308736 0.306082
vt 0.729640 0.719229
vt 0.217404 0.945525
vt 0.197955 0.986719
vt 0.206060 0.972681
vt 0.205427 0.999895
vt 0.966518 0.227453
vt 0.083399 0.416168
vt 0.076475 0.394147
vt 0.316881 0.966844
vt 0.329987 0.370442
vt 0.711404 0.851333
vt 0.712475 0.937074
vt 0.068558 0.414717
vt 0.046273 0.424168
vt 0.800108 0.144501
vt 0.150715 0.383504
vt 0.029530 0.918900
vt 0.041343 0.933327
vt 0.026612 0.943206
vt 0.800003 0.769017
vt 0.797773 0.778555
vt 0.287926 0.944695
vt 0.260160 0.962279
vt 0.265999 0.990116
vt 0.829911 0.146085
vt 0.077208 0.953434
vt 0.076839 0.971267
vt 0.068535 0.972383
vt 0.275495 0.872820
vt 0.735558 0.686805
vt 0.324337 0.316697
vt 0.721132 0.838074
vt 0.223423 0.961430
vt 0.061283 0.388550
vt 0.301397 0.967130
vt 0.265414 0.866385
vt 0.121450 0.548464
vt 0.114264 0.530826
vt 0.061219 0.967805
vt 0.064884 0.951942
vt 0.252251 0.846455
vt 0.339249 0.338241
vt 0.746484 0.670042
vt 0.733526 0.694538
vt 0.789861 0.812197
vt 0.800490 0.836841
vt 0.270184 0.850126
vt 0.702268 0.868684
vt 0.053580 0.968110
vt 0.054541 0.935229
vt 0.041313 0.966836
vt 0.732544 0.703020
vt 0.662895 0.629790
vt 0.663805 0.664984
vt 0.654201 0.647862
vt 0.127815 0.543597
vt 0.087911 0.507388
vt 0.694478 0.879511
vt 0.728581 0.712601
vt 0.314926 0.276332
vt 0.725883 0.670141
vt 0.694070 0.678612
vt 0.682630 0.683475
vt 0.665860 0.677746
vt 0.761314 0.741335
vt 0.273901 0.864587
vt 0.349202 0.327877
vt 0.641826 0.183038
vt 0.657371 0.170177
vt 0.809493 0.769129
vt 0.827016 0.737090
vt 0.827373 0.779943
vt 0.024225 0.074305
vt 0.024206 0.054015
vt 0.032105 0.070201
vt 0.722729 0.688314
vt 0.719563 0.698355
vt 0.030213 0.971811
vt 0.717419 0.708784
vt 0.695380 0.855666
vt 0.712997 0.697269
vt 0.687014 0.692417
vt 0.123291 0.523943
vt 0.352065 0.356121
vt 0.347191 0.343514
vt 0.038286 0.065524
vt 0.039264 0.056009
vt 0.046958 0.063921
vt 0.279628 0.303089
vt 0.838266 0.735775
vt 0.234285 0.470914
vt 0.243053 0.484357
vt 0.235031 0.495813
vt 0.715959 0.687022
vt 0.317437 0.862768
vt 0.317655 0.851007
vt 0.325925 0.848110
vt 0.718332 0.723689
vt 0.109484 0.514639
vt 0.359360 0.858561
vt 0.358075 0.863039
vt 0.346213 0.853313
vt 0.242873 0.471682
vt 0.710268 0.700942
vt 0.296826 0.262602
vt 0.308547 0.266363
vt 0.809004 0.733329
vt 0.257705 0.826279
vt 0.617550 0.217516
vt 0.647834 0.220141
vt 0.633495 0.228681
vt 0.679448 0.864158
vt 0.056598 0.064870
vt 0.236022 0.457789
vt 0.247064 0.456418
vt 0.334274 0.865144
vt 0.333669 0.852703
vt 0.673782 0.687774
vt 0.331739 0.304388
vt 0.248156 0.442292
vt 0.239059 0.444081
vt 0.703937 0.838104
vt 0.242892 0.424685
vt 0.786136 0.731819
vt 0.639664 0.674795
vt 0.734359 0.932065
vt 0.286135 0.858475
vt 0.661025 0.687177
vt 0.612206 0.234439
vt 0.602103 0.210750
vt 0.295616 0.868661
vt 0.121344 0.502909
vt 0.349849 0.374592
vt 0.972831 0.626090
vt 0.971573 0.642574
vt 0.961353 0.629741
vt 0.670842 0.694694
vt 0.262644 0.452660
vt 0.198025 0.954402
vt 0.010110 0.900155
vt 0.024352 0.930697
vt 0.008459 0.940197
vt 0.251245 0.501791
vt 0.563723 0.226867
vt 0.583927 0.232552
vt 0.571810 0.238130
vt 0.450611 0.703630
vt 0.433388 0.712406
vt 0.439687 0.689596
vt 0.461939 0.697005
vt 0.448316 0.719606
vt 0.597692 0.224968
vt 0.236424 0.512933
vt 0.257547 0.488872
vt 0.642078 0.688071
vt 0.024732 0.027066
vt 0.984099 0.646821
vt 0.264244 0.471080
vt 0.708528 0.820960
vt 0.115497 0.500025
vt 0.094335 0.489487
vt 0.380409 0.859853
vt 0.368847 0.856810
vt 0.377250 0.838379
vt 0.781301 0.969275
vt 0.784060 0.976856
vt 0.759732 0.976083
vt 0.343992 0.820414
vt 0.649443 0.704813
vt 0.272542 0.437965
vt 0.773939 0.715534
vt 0.365177 0.830781
vt 0.423413 0.707192
vt 0.590746 0.631013
vt 0.573519 0.635277
vt 0.576224 0.618194
vt 0.631161 0.241240
vt 0.333755 0.819666
vt 0.671752 0.164244
vt 0.590535 0.648601
vt 0.461345 0.727846
vt 0.465978 0.735045
vt 0.439614 0.740095
vt 0.605376 0.245664
vt 0.596665 0.259055
vt 0.629092 0.679193
vt 0.600663 0.685517
vt 0.611911 0.660475
vt 0.442493 0.729705
vt 0.474362 0.749008
vt 0.457389 0.746429
vt 0.246839 0.520956
vt 0.095791 0.006794
vt 0.083843 0.027499
vt 0.073450 0.021341
vt 0.578982 0.260703
vt 0.356710 0.820634
vt 0.035930 0.030320
vt 0.563991 0.252876
vt 0.982724 0.667116
vt 0.973210 0.668320
vt 0.588563 0.672672
vt 0.092626 0.624316
vt 0.130028 0.599737
vt 0.106014 0.637534
vt 0.266812 0.514942
vt 0.611079 0.425712
vt 0.621210 0.427696
vt 0.612923 0.466685
vt 0.468004 0.762797
vt 0.620460 0.256089
vt 0.273154 0.497983
vt 0.623927 0.707135
vt 0.602144 0.433008
vt 0.624405 0.694067
vt 0.629483 0.423935
vt 0.626500 0.459135
vt 0.643691 0.414975
vt 0.439222 0.748456
vt 0.079282 0.039657
vt 0.424251 0.725740
vt 0.127025 0.485060
vt 0.282712 0.481454
vt 0.283032 0.454731
vt 0.600260 0.464450
vt 0.592404 0.463952
vt 0.574355 0.669056
vt 0.571693 0.650944
vt 0.993651 0.670188
vt 0.106213 0.591563
vt 0.105666 0.596225
vt 0.092833 0.596996
vt 0.443586 0.759227
vt 0.996532 0.650449
vt 0.642219 0.254361
vt 0.276888 0.515381
vt 0.380174 0.827991
vt 0.107229 0.290407
vt 0.072564 0.297543
vt 0.083455 0.288496
vt 0.547063 0.641481
vt 0.041699 0.006073
vt 0.060560 0.054155
vt 0.038881 0.031999
vt 0.810297 0.970724
vt 0.026713 0.126479
vt 0.034679 0.156177
vt 0.024577 0.164654
vt 0.592715 0.703549
vt 0.577316 0.691198
vt 0.103869 0.569402
vt 0.104843 0.578409
vt 0.090843 0.567087
vt 0.090239 0.574313
vt 0.286257 0.500710
vt 0.093727 0.562056
vt 0.407853 0.706844
vt 0.623437 0.269452
vt 0.610976 0.272221
vt 0.571122 0.449889
vt 0.583560 0.454841
vt 0.581985 0.466343
vt 0.590993 0.467088
vt 0.569723 0.680182
vt 0.402127 0.720169
vt 0.550441 0.662326
vt 0.137036 0.614666
vt 0.423415 0.740398
vt 0.427754 0.748493
vt 0.643175 0.264114
vt 0.366112 0.817634
vt 0.353044 0.815007
vt 0.600085 0.470164
vt 0.297877 0.466057
vt 0.128300 0.593005
vt 0.620032 0.471869
vt 0.043413 0.054591
vt 0.114016 0.559645
vt 0.637295 0.273226
vt 0.073937 0.058314
vt 0.373386 0.815678
vt 0.552108 0.463446
vt 0.032979 0.180573
vt 0.298662 0.500941
vt 0.398817 0.734841
vt 0.646227 0.465852
vt 0.422118 0.763391
vt 0.286780 0.520550
vt 0.600859 0.280520
vt 0.358165 0.794014
vt 0.570612 0.697884
vt 0.054991 0.294067
vt 0.590227 0.491906
vt 0.535151 0.657342
vt 0.635701 0.474009
vt 0.374441 0.811515
vt 0.583921 0.279230
vt 0.122331 0.580944
vt 0.416399 0.756947
vt 0.858628 0.239459
vt 0.850596 0.252567
vt 0.842404 0.253806
vt 0.989791 0.247212
vt 0.970359 0.220466
vt 0.997320 0.222307
vt 0.543821 0.687616
vt 0.118940 0.572034
vt 0.624406 0.483333
vt 0.608904 0.488979
vt 0.141491 0.600619
vt 0.071836 0.065915
vt 0.647780 0.284258
vt 0.629365 0.286595
vt 0.315666 0.505790
vt 0.315098 0.481345
vt 0.616285 0.288229
vt 0.820790 0.231971
vt 0.829098 0.228266
vt 0.605217 0.291249
vt 0.057570 0.307622
vt 0.118053 0.564806
vt 0.576289 0.490240
vt 0.056310 0.059317
vt 0.046452 0.312385
vt 0.628072 0.292977
vt 0.390476 0.755129
vt 0.142592 0.581678
vt 0.642238 0.485201
vt 0.042624 0.291610
vt 0.539701 0.698200
vt 0.525658 0.681385
vt 0.527764 0.657322
vt 0.480729 0.130188
vt 0.489125 0.146087
vt 0.471744 0.154997
vt 0.639629 0.313736
vt 0.618995 0.306035
vt 0.531586 0.688530
vt 0.138083 0.570479
vt 0.152170 0.593334
vt 0.618154 0.492958
vt 0.630084 0.489872
vt 0.867735 0.261771
vt 0.848692 0.259317
vt 0.269138 0.119202
vt 0.286077 0.106420
vt 0.284813 0.117831
vt 0.612305 0.301323
vt 0.116038 0.552965
vt 0.296173 0.106438
vt 0.299242 0.123332
vt 0.259594 0.113579
vt 0.134001 0.562813
vt 0.244042 0.114451
vt 0.245262 0.107065
vt 0.824375 0.262734
vt 0.856716 0.274382
vt 0.845676 0.274241
vt 0.663947 0.726069
vt 0.673014 0.736179
vt 0.655979 0.744718
vt 0.278383 0.100135
vt 0.449164 0.159536
vt 0.464812 0.132748
vt 0.305759 0.099550
vt 0.320899 0.114191
vt 0.438687 0.128552
vt 0.673120 0.752971
vt 0.654391 0.755526
vt 0.651405 0.753973
vt 0.500984 0.158752
vt 0.499388 0.129188
vt 0.514186 0.140831
vt 0.487236 0.128858
vt 0.254191 0.094652
vt 0.809543 0.254480
vt 0.296239 0.090908
vt 0.828483 0.276467
vt 0.286254 0.088755
vt 0.509433 0.130505
vt 0.851821 0.292168
vt 0.672021 0.716288
vt 0.675668 0.717951
vt 0.483501 0.121823
vt 0.467852 0.120995
vt 0.497334 0.115629
vt 0.866067 0.284858
vt 0.524626 0.141910
vt 0.669570 0.710222
vt 0.657607 0.763478
vt 0.474354 0.114649
vt 0.518570 0.132878
vt 0.234126 0.083804
vt 0.250072 0.081601
vt 0.507363 0.117044
vt 0.486226 0.111529
vt 0.842372 0.294519
vt 0.517877 0.120832
vt 0.308585 0.083285
vt 0.682669 0.715358
vt 0.682851 0.730748
vt 0.294642 0.078181
vt 0.270725 0.072096
vt 0.682830 0.740876
vt 0.324150 0.087250
vt 0.453323 0.111868
vt 0.831247 0.290053
vt 0.512205 0.105408
vt 0.697893 0.716207
vt 0.681912 0.757349
vt 0.678289 0.760297
vt 0.328263 0.207182
vt 0.314827 0.208259
vt 0.326600 0.192909
vt 0.319400 0.187458
vt 0.519703 0.110556
vt 0.337245 0.185804
vt 0.300570 0.213586
vt 0.298084 0.203582
vt 0.861294 0.301606
vt 0.855909 0.306014
vt 0.533113 0.121675
vt 0.307260 0.072154
vt 0.695978 0.738140
vt 0.005314 0.627635
vt 0.025674 0.621914
vt 0.004601 0.640513
vt 0.031988 0.643999
vt 0.006795 0.656105
vt 0.315668 0.072065
vt 0.740616 0.518118
vt 0.734952 0.521005
vt 0.741403 0.501860
vt 0.528072 0.113308
vt 0.850172 0.304665
vt 0.034278 0.655408
vt 0.009724 0.618625
vt 0.359848 0.181162
vt 0.348510 0.206770
vt 0.707466 0.754745
vt 0.426240 0.102952
vt 0.712316 0.511258
vt 0.308318 0.229530
vt 0.291869 0.219120
vt 0.709336 0.727695
vt 0.724752 0.482451
vt 0.750384 0.481986
vt 0.826114 0.304229
vt 0.328542 0.225282
vt 0.730184 0.432356
vt 0.750632 0.444039
vt 0.726586 0.441566
vt 0.743268 0.456075
vt 0.290307 0.229897
vt 0.275390 0.221276
vt 0.711115 0.707245
vt 0.746017 0.471898
vt 0.719855 0.472884
vt 0.707857 0.520229
vt 0.035066 0.627964
vt 0.368096 0.200942
vt 0.341029 0.222897
vt 0.384258 0.180709
vt 0.014935 0.558268
vt 0.014427 0.571937
vt 0.007023 0.566461
vt 0.721075 0.462497
vt 0.746318 0.464473
vt 0.362994 0.209947
vt 0.224852 0.356439
vt 0.202930 0.342599
vt 0.217287 0.335654
vt 0.031175 0.545595
vt 0.322917 0.239763
vt 0.366077 0.449367
vt 0.345834 0.448788
vt 0.348788 0.431182
vt 0.307166 0.241037
vt 0.701447 0.489632
vt 0.380617 0.198240
vt 0.371837 0.218404
vt 0.521193 0.447927
vt 0.525089 0.436988
vt 0.544991 0.444232
vt 0.341139 0.239416
vt 0.376695 0.430135
vt 0.383170 0.448068
vt 0.385875 0.430552
vt 0.285669 0.244865
vt 0.237390 0.343306
vt 0.337647 0.247459
vt 0.364765 0.427426
vt 0.030426 0.563840
vt 0.703349 0.446769
vt 0.303936 0.251257
vt 0.390270 0.420573
vt 0.728615 0.764842
vt 0.689418 0.503122
vt 0.029908 0.999271
vt 0.020152 0.992439
vt 0.043022 0.991914
vt 0.540585 0.428095
vt 0.518752 0.427328
vt 0.368858 0.413681
vt 0.334604 0.449761
vt 0.331414 0.431964
vt 0.264720 0.344074
vt 0.367276 0.407231
vt 0.379340 0.406153
vt 0.692753 0.482039
vt 0.280909 0.355605
vt 0.648969 0.604619
vt 0.647593 0.585614
vt 0.665216 0.606150
vt 0.527063 0.415050
vt 0.356397 0.423135
vt 0.354342 0.416841
vt 0.701523 0.424637
vt 0.208874 0.307316
vt 0.233519 0.318988
vt 0.243879 0.321699
vt 0.339243 0.420450
vt 0.325418 0.435171
vt 0.322411 0.465686
vt 0.581603 0.423163
vt 0.594233 0.412104
vt 0.598128 0.436283
vt 0.316770 0.259546
vt 0.255698 0.321191
vt 0.690894 0.473144
vt 0.337304 0.112197
vt 0.357889 0.113236
vt 0.341086 0.123836
vt 0.340609 0.407997
vt 0.680318 0.492433
vt 0.668098 0.589390
vt 0.556255 0.408173
vt 0.576082 0.429367
vt 0.572018 0.447283
vt 0.565393 0.406277
vt 0.229112 0.307126
vt 0.691006 0.462955
vt 0.314487 0.441500
vt 0.286548 0.435369
vt 0.284191 0.450759
vt 0.246057 0.312927
vt 0.331590 0.127502
vt 0.365367 0.132669
vt 0.326234 0.408020
vt 0.573386 0.402036
vt 0.380006 0.125939
vt 0.678325 0.577506
vt 0.313010 0.425283
vt 0.596293 0.393968
vt 0.610338 0.421149
vt 0.294470 0.423935
vt 0.617313 0.402167
vt 0.614519 0.366154
vt 0.623756 0.385075
vt 0.687094 0.597747
vt 0.585787 0.398928
vt 0.473144 0.165410
vt 0.485178 0.153031
vt 0.490463 0.183966
vt 0.601571 0.379159
vt 0.275234 0.140898
vt 0.298563 0.135686
vt 0.291921 0.163170
vt 0.308213 0.128285
vt 0.318619 0.149075
vt 0.694052 0.608029
vt 0.660858 0.562032
vt 0.538869 0.390812
vt 0.279269 0.165820
vt 0.499975 0.162332
vt 0.315307 0.120312
vt 0.327873 0.141797
vt 0.683563 0.562328
vt 0.559202 0.394420
vt 0.329848 0.387889
vt 0.356864 0.141029
vt 0.308434 0.169328
vt 0.370697 0.145120
vt 0.341998 0.141051
vt 0.565151 0.380892
vt 0.303675 0.406710
vt 0.354429 0.148227
vt 0.700809 0.587999
vt 0.580080 0.367508
vt 0.557415 0.381930
vt 0.314784 0.392082
vt 0.366309 0.155466
vt 0.284069 0.416745
vt 0.359842 0.158065
vt 0.334721 0.154470
vt 0.543392 0.373672
vt 0.566184 0.370733
vt 0.294462 0.395824
vt 0.517726 0.190510
vt 0.495276 0.195646
vt 0.712217 0.600640
vt 0.529513 0.172403
vt 0.713359 0.568796
vt 0.693434 0.547929
vt 0.701292 0.530071
vt 0.714469 0.534797
vt 0.547410 0.149941
vt 0.530867 0.151619
vt 0.299213 0.193262
vt 0.325107 0.170693
vt 0.555946 0.365001
vt 0.374154 0.172174
vt 0.727736 0.599964
vt 0.733656 0.591640
vt 0.735819 0.606721
vt 0.312050 0.193876
vt 0.513784 0.208955
vt 0.722181 0.584534
vt 0.545014 0.174346
vt 0.535248 0.208388
vt 0.526029 0.229874
vt 0.512181 0.221383
vt 0.558687 0.176658
vt 0.543636 0.245750
vt 0.738303 0.567657
s 1
usemtl Material.001
f 1/1/1 2/2/2 3/3/3
f 3/3/3 4/4/4 5/5/5
f 5/5/5 1/1/1 3/3/3
f 3/3/3 6/6/6 4/4/4
f 3/3/3 2/2/2 7/7/7
f 3/3/3 7/7/7 6/6/6
f 6/6/6 8/8/8 9/9/9
f 7/7/7 8/8/8 6/6/6
f 9/10/9 10/11/10 11/12/11
f 9/9/9 8/8/8 10/13/10
f 5/5/5 12/14/12 1/1/1
f 9/9/9 13/15/13 6/6/6
f 5/5/5 4/4/4 14/16/14
f 14/16/14 12/14/12 5/5/5
f 1/1/1 12/14/12 15/17/15
f 11/12/11 10/11/10 16/18/16
f 8/8/8 17/19/17 10/13/10
f 8/8/8 7/7/7 18/20/18
f 1/1/1 15/17/15 2/2/2
f 2/2/2 15/17/15 19/21/19
f 13/15/13 4/4/4 6/6/6
f 9/10/9 20/22/20 13/23/13
f 7/7/7 2/2/2 18/20/18
f 15/17/15 21/24/21 19/21/19
f 9/10/9 11/12/11 20/22/20
f 10/11/10 22/25/22 16/18/16
f 12/14/12 23/26/23 15/17/15
f 8/27/8 18/28/18 24/29/24
f 11/12/11 16/18/16 20/22/20
f 10/11/10 17/30/17 22/25/22
f 13/23/13 20/22/20 25/31/25
f 20/22/20 16/18/16 26/32/26
f 4/4/4 13/15/13 27/33/27
f 27/33/27 14/16/14 4/4/4
f 8/27/8 24/29/24 17/34/17
f 2/2/2 19/21/19 18/20/18
f 13/23/13 25/31/25 28/35/28
f 17/36/17 29/37/29 22/38/22
f 26/32/26 30/39/30 20/22/20
f 27/33/27 31/40/31 14/16/14
f 14/16/14 32/41/32 12/14/12
f 12/14/12 32/41/32 23/26/23
f 24/29/24 33/42/33 17/34/17
f 20/22/20 30/39/30 25/31/25
f 17/34/17 33/42/33 29/43/29
f 13/23/13 28/35/28 27/44/27
f 16/18/16 22/25/22 26/32/26
f 14/16/14 31/40/31 32/41/32
f 19/45/19 34/46/34 18/47/18
f 31/48/31 27/49/27 35/50/35
f 22/51/22 36/52/36 26/53/26
f 15/17/15 37/54/37 21/24/21
f 35/50/35 38/55/38 31/48/31
f 29/56/29 36/52/36 22/51/22
f 37/54/37 39/57/39 21/24/21
f 33/42/33 24/29/24 40/58/40
f 18/47/18 34/46/34 41/59/41
f 27/49/27 28/60/28 35/50/35
f 38/55/38 32/61/32 31/48/31
f 23/26/23 37/54/37 15/17/15
f 29/43/29 33/42/33 42/62/42
f 18/28/18 41/63/41 24/29/24
f 34/46/34 43/64/43 41/59/41
f 30/39/30 26/32/26 44/65/44
f 32/61/32 45/66/45 23/67/23
f 19/21/19 21/24/21 34/68/34
f 25/31/25 30/39/30 46/69/46
f 38/55/38 45/66/45 32/61/32
f 29/43/29 42/62/42 36/70/36
f 24/29/24 41/63/41 40/58/40
f 30/39/30 44/65/44 46/69/46
f 35/71/35 28/72/28 47/73/47
f 48/74/48 42/62/42 33/42/33
f 33/42/33 40/58/40 48/74/48
f 40/58/40 41/63/41 49/75/49
f 21/76/21 43/64/43 34/46/34
f 43/77/43 49/78/49 41/79/41
f 46/69/46 28/35/28 25/31/25
f 44/65/44 26/32/26 50/80/50
f 51/81/51 37/82/37 23/83/23
f 36/70/36 42/62/42 52/84/52
f 21/76/21 53/85/53 43/64/43
f 28/86/28 46/87/46 54/88/54
f 50/89/50 26/90/26 55/91/55
f 45/92/45 56/93/56 23/94/23
f 39/95/39 53/85/53 21/76/21
f 46/87/46 44/96/44 57/97/57
f 58/98/58 45/99/45 38/100/38
f 49/101/49 59/102/59 40/103/40
f 28/86/28 54/88/54 47/104/47
f 46/87/46 57/97/57 54/88/54
f 58/105/58 38/106/38 60/107/60
f 61/108/61 52/84/52 42/62/42
f 42/62/42 48/74/48 61/108/61
f 40/103/40 59/102/59 48/109/48
f 47/110/47 60/111/60 35/112/35
f 38/113/38 35/112/35 60/111/60
f 56/93/56 51/114/51 23/94/23
f 58/105/58 60/107/60 62/115/62
f 26/53/26 36/52/36 55/116/55
f 36/70/36 52/84/52 63/117/63
f 60/118/60 64/119/64 65/120/65
f 47/110/47 64/121/64 60/111/60
f 44/96/44 50/89/50 66/122/66
f 58/105/58 56/123/56 45/124/45
f 39/125/39 67/126/67 53/127/53
f 54/128/54 68/129/68 47/130/47
f 68/131/68 64/121/64 47/110/47
f 58/105/58 62/115/62 56/123/56
f 37/82/37 51/81/51 69/132/69
f 37/82/37 69/132/69 39/133/39
f 39/125/39 69/134/69 67/126/67
f 43/135/43 53/136/53 70/137/70
f 49/101/49 71/138/71 59/102/59
f 57/139/57 68/129/68 54/128/54
f 36/70/36 63/117/63 55/140/55
f 44/96/44 66/122/66 57/97/57
f 48/109/48 72/141/72 61/142/61
f 73/143/73 64/121/64 68/131/68
f 57/139/57 66/144/66 68/129/68
f 53/136/53 67/145/67 70/137/70
f 48/109/48 59/102/59 74/146/74
f 59/102/59 71/138/71 75/147/75
f 60/107/60 76/148/76 62/115/62
f 56/93/56 77/149/77 51/114/51
f 63/117/63 52/84/52 78/150/78
f 60/118/60 65/120/65 76/151/76
f 51/114/51 77/149/77 79/152/79
f 51/114/51 79/152/79 69/153/69
f 64/121/64 73/143/73 80/154/80
f 73/143/73 68/131/68 81/155/81
f 79/156/79 82/157/82 69/158/69
f 61/142/61 72/141/72 83/159/83
f 59/102/59 75/147/75 74/146/74
f 84/160/84 56/123/56 62/115/62
f 85/161/85 67/126/67 69/134/69
f 67/126/67 86/162/86 70/163/70
f 48/109/48 74/146/74 72/141/72
f 87/164/87 65/120/65 64/119/64
f 88/165/88 68/129/68 66/144/66
f 50/89/50 55/91/55 89/166/89
f 61/142/61 83/159/83 52/167/52
f 64/121/64 80/154/80 87/168/87
f 65/120/65 90/169/90 76/151/76
f 68/131/68 88/170/88 81/155/81
f 76/148/76 84/160/84 62/115/62
f 56/123/56 84/160/84 77/171/77
f 50/89/50 89/166/89 91/172/91
f 79/173/79 92/174/92 82/175/82
f 82/157/82 85/176/85 69/158/69
f 67/126/67 85/161/85 93/177/93
f 73/143/73 81/155/81 80/154/80
f 65/120/65 87/164/87 90/169/90
f 50/89/50 94/178/94 66/122/66
f 50/89/50 91/172/91 94/178/94
f 84/160/84 95/179/95 77/171/77
f 77/180/77 96/181/96 79/173/79
f 75/147/75 97/182/97 74/146/74
f 71/138/71 98/183/98 75/147/75
f 75/184/75 98/185/98 97/186/97
f 49/78/49 99/187/99 71/188/71
f 80/189/80 100/190/100 87/191/87
f 77/180/77 95/192/95 101/193/101
f 52/167/52 83/159/83 78/194/78
f 74/195/74 97/186/97 102/196/102
f 43/77/43 70/197/70 49/78/49
f 100/190/100 103/198/103 87/191/87
f 80/154/80 81/155/81 100/199/100
f 77/180/77 101/193/101 96/181/96
f 55/200/55 63/201/63 104/202/104
f 92/203/92 85/176/85 82/157/82
f 83/159/83 105/204/105 78/194/78
f 74/146/74 102/205/102 72/141/72
f 99/206/99 106/207/106 71/208/71
f 71/208/71 106/207/106 98/185/98
f 81/155/81 107/209/107 100/199/100
f 90/169/90 108/210/108 76/151/76
f 76/151/76 108/210/108 84/211/84
f 66/144/66 94/212/94 88/165/88
f 63/201/63 78/213/78 104/202/104
f 93/177/93 86/162/86 67/126/67
f 70/197/70 99/187/99 49/78/49
f 87/164/87 103/214/103 90/169/90
f 94/178/94 91/172/91 109/215/109
f 101/193/101 110/216/110 96/181/96
f 91/172/91 89/166/89 111/217/111
f 97/186/97 98/185/98 112/218/112
f 96/181/96 113/219/113 79/173/79
f 55/200/55 104/202/104 89/220/89
f 79/173/79 113/219/113 92/174/92
f 78/213/78 114/221/114 104/202/104
f 115/222/115 83/159/83 72/141/72
f 103/214/103 116/223/116 90/169/90
f 116/223/116 108/210/108 90/169/90
f 94/212/94 109/224/109 88/165/88
f 95/225/95 117/226/117 101/227/101
f 85/161/85 118/228/118 93/177/93
f 100/190/100 107/229/107 119/230/119
f 88/170/88 120/231/120 81/155/81
f 88/165/88 109/224/109 121/232/121
f 109/215/109 91/172/91 111/217/111
f 122/233/122 118/234/118 92/203/92
f 92/203/92 118/234/118 85/176/85
f 93/177/93 118/228/118 123/235/123
f 72/236/72 102/196/102 115/237/115
f 97/186/97 112/218/112 124/238/124
f 98/185/98 125/239/125 112/218/112
f 98/185/98 106/207/106 125/239/125
f 103/214/103 119/240/119 116/223/116
f 100/190/100 119/230/119 103/198/103
f 108/241/108 95/179/95 84/160/84
f 102/196/102 97/186/97 124/238/124
f 86/242/86 126/243/126 70/244/70
f 107/209/107 81/155/81 120/231/120
f 127/245/127 95/246/95 108/210/108
f 109/247/109 111/248/111 128/249/128
f 128/249/128 111/248/111 129/250/129
f 110/216/110 130/251/130 96/181/96
f 105/204/105 83/159/83 115/222/115
f 70/244/70 126/243/126 99/206/99
f 106/207/106 131/252/131 125/239/125
f 112/218/112 125/239/125 132/253/132
f 120/231/120 88/170/88 121/254/121
f 109/247/109 133/255/133 121/256/121
f 110/216/110 101/193/101 117/257/117
f 109/247/109 128/249/128 133/255/133
f 130/251/130 113/219/113 96/181/96
f 129/258/129 111/217/111 134/259/134
f 89/166/89 134/259/134 111/217/111
f 113/219/113 135/260/135 92/174/92
f 104/202/104 136/261/136 89/220/89
f 92/174/92 135/260/135 122/262/122
f 104/202/104 114/221/114 136/261/136
f 114/221/114 78/213/78 137/263/137
f 112/218/112 132/253/132 124/238/124
f 116/223/116 119/240/119 138/264/138
f 95/246/95 127/245/127 117/265/117
f 121/256/121 133/255/133 139/266/139
f 140/267/140 110/268/110 117/269/117
f 130/251/130 110/216/110 139/266/139
f 139/266/139 133/255/133 130/251/130
f 130/251/130 133/255/133 113/219/113
f 133/255/133 128/249/128 113/219/113
f 128/249/128 135/260/135 113/219/113
f 89/220/89 136/261/136 134/270/134
f 122/233/122 141/271/141 118/234/118
f 141/272/141 142/273/142 118/228/118
f 78/213/78 105/274/105 137/263/137
f 93/177/93 143/275/143 86/162/86
f 116/223/116 138/264/138 108/210/108
f 139/266/139 144/276/144 121/256/121
f 110/216/110 140/277/140 139/266/139
f 128/249/128 129/250/129 135/260/135
f 124/238/124 145/278/145 102/196/102
f 106/207/106 99/206/99 131/252/131
f 120/231/120 121/254/121 144/279/144
f 146/280/146 139/281/139 140/282/140
f 144/283/144 139/281/139 146/280/146
f 117/265/117 147/284/147 140/282/140
f 122/233/122 148/285/148 141/271/141
f 142/273/142 149/286/149 118/228/118
f 149/286/149 123/235/123 118/228/118
f 93/287/93 150/288/150 143/289/143
f 124/238/124 132/253/132 151/290/151
f 125/239/125 152/291/152 132/253/132
f 107/292/107 120/293/120 119/240/119
f 108/210/108 138/264/138 127/245/127
f 135/260/135 129/250/129 122/262/122
f 129/258/129 148/285/148 122/233/122
f 150/294/150 93/177/93 123/235/123
f 132/295/132 153/296/153 151/297/151
f 132/295/132 152/298/152 153/296/153
f 154/299/154 120/293/120 144/283/144
f 117/265/117 127/245/127 147/284/147
f 134/259/134 148/285/148 129/258/129
f 149/300/149 155/301/155 123/302/123
f 115/237/115 156/303/156 105/304/105
f 102/196/102 145/278/145 115/237/115
f 124/238/124 151/290/151 145/278/145
f 99/206/99 157/305/157 131/252/131
f 131/252/131 158/306/158 125/239/125
f 119/240/119 154/299/154 138/264/138
f 120/293/120 154/299/154 119/240/119
f 138/264/138 159/307/159 127/245/127
f 144/283/144 146/280/146 154/299/154
f 146/280/146 140/282/140 147/284/147
f 114/221/114 160/308/160 136/261/136
f 148/309/148 161/310/161 141/272/141
f 141/272/141 161/310/161 142/273/142
f 155/311/155 150/312/150 123/313/123
f 143/289/143 150/288/150 162/314/162
f 99/206/99 126/243/126 157/305/157
f 125/315/125 158/316/158 152/298/152
f 148/317/148 134/270/134 161/318/161
f 136/261/136 163/319/163 134/270/134
f 115/237/115 164/320/164 156/303/156
f 86/321/86 143/289/143 126/322/126
f 151/297/151 165/323/165 145/324/145
f 152/298/152 158/316/158 166/325/166
f 138/264/138 154/299/154 159/307/159
f 159/307/159 147/284/147 127/245/127
f 146/280/146 147/284/147 159/307/159
f 134/270/134 163/319/163 161/318/161
f 136/261/136 160/308/160 163/319/163
f 161/310/161 167/326/167 142/273/142
f 142/273/142 167/326/167 149/286/149
f 153/296/153 168/327/168 151/297/151
f 131/328/131 169/329/169 158/316/158
f 154/299/154 146/280/146 159/307/159
f 163/330/163 167/331/167 161/332/161
f 167/333/167 155/301/155 149/300/149
f 105/334/105 170/335/170 137/336/137
f 143/289/143 171/337/171 126/322/126
f 151/297/151 168/327/168 165/323/165
f 105/334/105 156/338/156 170/335/170
f 145/324/145 165/323/165 172/339/172
f 126/243/126 173/340/173 157/305/157
f 131/252/131 157/305/157 169/341/169
f 166/325/166 153/296/153 152/298/152
f 174/342/174 114/343/114 137/336/137
f 175/344/175 150/312/150 155/311/155
f 176/345/176 143/289/143 162/314/162
f 176/345/176 171/337/171 143/289/143
f 153/296/153 166/325/166 177/346/177
f 163/330/163 178/347/178 167/331/167
f 160/348/160 174/342/174 179/349/179
f 160/348/160 114/343/114 174/342/174
f 167/333/167 180/350/180 155/301/155
f 170/351/170 156/352/156 181/353/181
f 164/320/164 115/237/115 145/278/145
f 169/329/169 182/354/182 158/316/158
f 160/348/160 179/349/179 183/355/183
f 163/330/163 183/355/183 178/347/178
f 160/348/160 183/355/183 163/330/163
f 166/325/166 158/316/158 182/354/182
f 178/347/178 184/356/184 167/331/167
f 137/336/137 170/335/170 174/342/174
f 167/331/167 184/356/184 180/357/180
f 150/358/150 185/359/185 162/360/162
f 157/305/157 173/340/173 169/341/169
f 168/327/168 186/361/186 165/323/165
f 153/296/153 177/346/177 168/327/168
f 178/347/178 183/355/183 184/356/184
f 164/320/164 181/362/181 156/303/156
f 150/358/150 175/363/175 185/359/185
f 145/278/145 172/364/172 164/320/164
f 171/365/171 187/366/187 126/243/126
f 186/361/186 188/367/188 165/323/165
f 168/368/168 189/369/189 186/370/186
f 180/350/180 175/371/175 155/301/155
f 176/345/176 190/372/190 171/337/171
f 165/323/165 188/367/188 172/339/172
f 126/243/126 187/366/187 173/340/173
f 182/373/182 169/374/169 191/375/191
f 166/376/166 182/373/182 192/377/192
f 180/357/180 184/356/184 175/378/175
f 162/314/162 185/379/185 176/345/176
f 169/374/169 173/380/173 191/375/191
f 177/346/177 193/381/193 168/327/168
f 183/355/183 194/382/194 184/356/184
f 175/363/175 195/383/195 185/359/185
f 177/346/177 166/325/166 196/384/196
f 179/349/179 194/382/194 183/355/183
f 184/356/184 195/385/195 175/378/175
f 168/368/168 193/386/193 189/369/189
f 174/342/174 197/387/197 179/349/179
f 184/356/184 194/382/194 195/385/195
f 187/366/187 198/388/198 173/340/173
f 189/369/189 199/389/199 186/370/186
f 191/375/191 173/380/173 198/390/198
f 164/320/164 200/391/200 181/362/181
f 164/392/164 201/393/201 200/394/200
f 176/345/176 185/379/185 190/372/190
f 164/392/164 172/339/172 201/393/201
f 171/395/171 190/396/190 187/397/187
f 199/389/199 188/398/188 186/370/186
f 202/399/202 198/388/198 187/366/187
f 189/369/189 193/386/193 203/400/203
f 195/383/195 204/401/204 185/359/185
f 187/397/187 190/396/190 202/402/202
f 199/389/199 189/369/189 203/400/203
f 193/381/193 177/346/177 196/384/196
f 185/403/185 205/404/205 190/396/190
f 193/386/193 206/405/206 203/400/203
f 166/376/166 192/377/192 196/406/196
f 194/382/194 179/349/179 197/387/197
f 188/367/188 201/393/201 172/339/172
f 198/390/198 202/407/202 207/408/207
f 199/389/199 208/409/208 188/398/188
f 182/373/182 209/410/209 192/377/192
f 195/411/195 194/412/194 210/413/210
f 191/375/191 209/410/209 182/373/182
f 193/386/193 196/414/196 206/405/206
f 199/389/199 203/400/203 208/409/208
f 204/415/204 205/404/205 185/403/185
f 188/398/188 211/416/211 201/417/201
f 198/390/198 212/418/212 191/375/191
f 170/351/170 181/353/181 213/419/213
f 181/353/181 200/420/200 214/421/214
f 188/398/188 208/409/208 211/416/211
f 203/400/203 206/405/206 215/422/215
f 196/406/196 192/377/192 216/423/216
f 216/424/216 217/425/217 196/414/196
f 170/351/170 213/419/213 174/426/174
f 181/353/181 214/421/214 213/419/213
f 207/408/207 212/418/212 198/390/198
f 194/412/194 218/427/218 210/413/210
f 200/394/200 201/393/201 219/428/219
f 190/396/190 205/404/205 202/402/202
f 196/414/196 217/425/217 206/405/206
f 197/429/197 218/427/218 194/412/194
f 195/411/195 210/413/210 204/430/204
f 204/431/204 220/432/220 205/433/205
f 191/375/191 212/418/212 209/410/209
f 203/400/203 215/422/215 221/434/221
f 206/405/206 217/425/217 222/435/222
f 197/429/197 213/419/213 223/436/223
f 174/426/174 213/419/213 197/429/197
f 221/434/221 208/409/208 203/400/203
f 224/437/224 220/438/220 204/430/204
f 200/394/200 219/428/219 225/439/225
f 210/413/210 224/437/224 204/430/204
f 202/440/202 226/441/226 207/442/207
f 206/405/206 222/435/222 215/422/215
f 217/425/217 216/424/216 227/443/227
f 217/444/217 228/445/228 222/446/222
f 197/429/197 223/436/223 218/427/218
f 208/409/208 221/434/221 229/447/229
f 216/423/216 192/377/192 230/448/230
f 223/436/223 231/449/231 218/427/218
f 201/417/201 211/416/211 232/450/232
f 208/409/208 233/451/233 211/416/211
f 216/424/216 234/452/234 227/443/227
f 222/446/222 228/445/228 235/453/235
f 224/437/224 236/454/236 220/438/220
f 220/432/220 237/455/237 205/433/205
f 202/440/202 205/456/205 226/441/226
f 212/418/212 238/457/238 209/410/209
f 210/413/210 218/427/218 224/437/224
f 218/427/218 231/449/231 224/437/224
f 200/394/200 225/439/225 214/458/214
f 208/409/208 229/447/229 233/451/233
f 215/422/215 239/459/239 221/434/221
f 192/377/192 209/410/209 230/448/230
f 227/460/227 228/445/228 217/444/217
f 214/421/214 223/436/223 213/419/213
f 201/417/201 232/450/232 219/461/219
f 236/462/236 237/455/237 220/432/220
f 226/441/226 240/463/240 207/442/207
f 215/464/215 222/446/222 241/465/241
f 237/466/237 226/441/226 205/456/205
f 212/467/212 207/468/207 242/469/242
f 216/423/216 230/448/230 234/470/234
f 231/449/231 243/471/243 224/437/224
f 215/464/215 241/465/241 239/472/239
f 236/473/236 244/474/244 237/466/237
f 221/434/221 245/475/245 229/447/229
f 209/410/209 238/457/238 230/448/230
f 241/465/241 222/446/222 246/476/246
f 231/449/231 223/436/223 247/477/247
f 247/477/247 243/471/243 231/449/231
f 214/478/214 225/479/225 248/480/248
f 244/474/244 249/481/249 237/466/237
f 219/461/219 250/482/250 225/483/225
f 232/450/232 250/482/250 219/461/219
f 233/451/233 232/450/232 211/416/211
f 222/446/222 235/453/235 246/476/246
f 224/437/224 244/484/244 236/454/236
f 221/485/221 251/486/251 245/487/245
f 221/485/221 239/488/239 251/486/251
f 252/489/252 228/445/228 227/460/227
f 243/471/243 244/484/244 224/437/224
f 212/418/212 253/490/253 238/457/238
f 243/491/243 247/492/247 254/493/254
f 223/436/223 214/421/214 247/477/247
f 225/494/225 250/495/250 255/496/255
f 233/451/233 229/447/229 245/475/245
f 241/497/241 256/498/256 239/488/239
f 241/497/241 246/499/246 257/500/257
f 227/501/227 258/502/258 252/503/252
f 214/478/214 259/504/259 247/492/247
f 214/478/214 248/480/248 259/504/259
f 232/450/232 260/505/260 250/482/250
f 207/468/207 261/506/261 242/469/242
f 212/467/212 242/469/242 253/507/253
f 239/488/239 256/498/256 251/486/251
f 232/450/232 233/451/233 260/505/260
f 240/508/240 261/506/261 207/468/207
f 241/497/241 257/500/257 256/498/256
f 227/501/227 234/509/234 258/502/258
f 228/445/228 252/489/252 235/453/235
f 238/457/238 262/510/262 230/448/230
f 246/511/246 235/512/235 263/513/263
f 248/480/248 264/514/264 259/504/259
f 225/494/225 255/496/255 248/515/248
f 245/475/245 260/505/260 233/451/233
f 253/507/253 262/516/262 238/517/238
f 230/518/230 265/519/265 234/509/234
f 230/520/230 262/521/262 265/522/265
f 244/474/244 243/523/243 266/524/266
f 237/466/237 267/525/267 226/441/226
f 245/487/245 251/486/251 268/526/268
f 256/498/256 269/527/269 251/486/251
f 257/528/257 246/511/246 270/529/270
f 252/503/252 271/530/271 235/512/235
f 235/512/235 271/530/271 263/513/263
f 259/504/259 254/493/254 247/492/247
f 267/525/267 240/463/240 226/441/226
f 257/500/257 272/531/272 256/498/256
f 246/511/246 263/513/263 270/529/270
f 243/523/243 254/532/254 266/524/266
f 266/524/266 249/481/249 244/474/244
f 255/496/255 250/495/250 273/533/273
f 245/487/245 268/526/268 260/534/260
f 252/503/252 258/502/258 271/530/271
f 271/530/271 258/502/258 274/535/274
f 248/515/248 255/496/255 275/536/275
f 242/469/242 276/537/276 253/507/253
f 251/486/251 277/538/277 268/526/268
f 254/493/254 259/504/259 278/539/278
f 248/515/248 275/536/275 264/540/264
f 260/505/260 279/541/279 250/482/250
f 260/534/260 268/526/268 279/542/279
f 261/506/261 280/543/280 242/469/242
f 251/486/251 269/527/269 277/538/277
f 253/507/253 281/544/281 262/516/262
f 269/527/269 256/498/256 272/531/272
f 259/504/259 264/514/264 278/539/278
f 242/469/242 280/543/280 276/537/276
f 257/528/257 270/529/270 272/545/272
f 271/530/271 282/546/282 263/513/263
f 266/524/266 283/547/283 249/481/249
f 249/481/249 283/547/283 237/466/237
f 273/533/273 275/536/275 255/496/255
f 237/466/237 283/547/283 267/525/267
f 267/548/267 284/549/284 240/508/240
f 234/509/234 285/550/285 258/502/258
f 282/551/282 286/552/286 263/553/263
f 253/507/253 276/537/276 281/544/281
f 272/554/272 287/555/287 269/556/269
f 263/553/263 286/552/286 270/557/270
f 271/530/271 274/535/274 282/546/282
f 254/532/254 278/558/278 288/559/288
f 288/559/288 266/524/266 254/532/254
f 240/508/240 284/549/284 261/506/261
f 272/554/272 289/560/289 287/555/287
f 270/557/270 289/560/289 272/554/272
f 258/502/258 285/550/285 274/535/274
f 290/561/290 286/552/286 282/551/282
f 275/536/275 291/562/291 264/540/264
f 277/538/277 292/563/292 268/526/268
f 269/564/269 287/565/287 277/566/277
f 234/509/234 265/519/265 285/550/285
f 286/552/286 293/567/293 270/557/270
f 294/568/294 283/547/283 266/524/266
f 279/542/279 268/526/268 295/569/295
f 296/570/296 276/537/276 280/543/280
f 289/560/289 270/557/270 293/567/293
f 297/571/297 284/549/284 267/548/267
f 261/506/261 284/549/284 280/543/280
f 268/526/268 292/563/292 295/569/295
f 266/524/266 288/559/288 294/568/294
f 283/547/283 294/568/294 267/525/267
f 279/542/279 298/572/298 250/573/250
f 287/565/287 299/574/299 277/566/277
f 293/567/293 300/575/300 289/560/289
f 278/558/278 301/576/301 288/559/288
f 288/559/288 301/576/301 294/568/294
f 250/495/250 298/577/298 273/533/273
f 262/521/262 281/578/281 302/579/302
f 274/535/274 285/550/285 303/580/303
f 304/581/304 301/576/301 278/558/278
f 264/514/264 304/582/304 278/539/278
f 294/568/294 297/583/297 267/525/267
f 279/542/279 295/569/295 298/572/298
f 284/549/284 296/570/296 280/543/280
f 276/584/276 305/585/305 281/578/281
f 277/566/277 299/574/299 292/586/292
f 293/567/293 306/587/306 300/575/300
f 286/552/286 306/587/306 293/567/293
f 264/540/264 291/562/291 304/588/304
f 275/536/275 307/589/307 291/562/291
f 276/584/276 296/590/296 305/585/305
f 289/591/289 299/574/299 287/565/287
f 289/592/289 308/593/308 299/594/299
f 303/580/303 282/546/282 274/535/274
f 290/561/290 306/587/306 286/552/286
f 309/595/309 310/596/310 311/597/311
f 310/598/310 312/599/312 313/600/313
f 296/570/296 284/549/284 314/601/314
f 285/550/285 265/519/265 315/602/315
f 300/575/300 306/587/306 311/597/311
f 316/603/316 317/604/317 318/605/318
f 319/606/319 313/600/313 316/607/316
f 319/606/319 310/598/310 313/600/313
f 313/600/313 317/608/317 316/607/316
f 318/605/318 320/609/320 321/610/321
f 317/604/317 320/609/320 318/605/318
f 309/611/309 322/612/322 310/598/310
f 322/612/322 323/613/323 310/598/310
f 317/608/317 324/614/324 320/615/320
f 310/598/310 323/613/323 312/599/312
f 313/600/313 324/614/324 317/608/317
f 312/599/312 325/616/325 313/600/313
f 325/616/325 324/614/324 313/600/313
f 312/599/312 326/617/326 325/616/325
f 275/536/275 273/533/273 307/589/307
f 297/571/297 294/618/294 327/619/327
f 298/620/298 328/621/328 273/622/273
f 284/549/284 297/571/297 329/623/329
f 289/560/289 300/575/300 308/624/308
f 306/587/306 309/595/309 311/597/311
f 330/625/330 316/603/316 331/626/331
f 316/603/316 318/605/318 331/626/331
f 290/561/290 332/627/332 306/587/306
f 306/587/306 332/627/332 309/595/309
f 331/626/331 318/605/318 321/610/321
f 319/606/319 311/628/311 310/598/310
f 321/610/321 333/629/333 334/630/334
f 321/610/321 320/609/320 333/629/333
f 320/615/320 324/614/324 335/631/335
f 312/599/312 323/613/323 326/617/326
f 294/568/294 301/576/301 336/632/336
f 300/633/300 337/634/337 308/593/308
f 300/575/300 311/597/311 338/635/338
f 316/603/316 330/625/330 339/636/339
f 303/637/303 290/561/290 282/551/282
f 339/638/339 319/639/319 316/640/316
f 332/627/332 322/641/322 309/595/309
f 322/612/322 340/642/340 323/613/323
f 335/643/335 333/644/333 320/645/320
f 325/616/325 341/646/341 324/614/324
f 325/616/325 342/647/342 341/646/341
f 325/616/325 326/617/326 342/647/342
f 329/623/329 314/601/314 284/549/284
f 299/594/299 308/593/308 343/648/343
f 262/521/262 302/579/302 265/522/265
f 344/649/344 339/636/339 330/625/330
f 330/625/330 331/626/331 345/650/345
f 338/635/338 311/597/311 319/651/319
f 321/610/321 334/630/334 346/652/346
f 333/644/333 347/653/347 334/654/334
f 324/614/324 341/646/341 335/631/335
f 323/613/323 348/655/348 326/617/326
f 291/562/291 349/656/349 304/588/304
f 307/589/307 349/656/349 291/562/291
f 273/533/273 328/657/328 307/589/307
f 299/574/299 350/658/350 292/586/292
f 344/659/344 330/660/330 351/661/351
f 330/660/330 345/662/345 351/661/351
f 300/633/300 338/663/338 337/634/337
f 331/626/331 321/610/321 352/664/352
f 321/610/321 346/652/346 352/664/352
f 341/665/341 353/666/353 335/667/335
f 294/568/294 336/632/336 327/668/327
f 354/669/354 299/574/299 343/670/343
f 281/578/281 355/671/355 302/579/302
f 302/579/302 356/672/356 265/522/265
f 344/649/344 357/673/357 339/636/339
f 331/626/331 352/664/352 345/650/345
f 303/637/303 358/674/358 290/561/290
f 332/627/332 290/561/290 359/675/359
f 334/630/334 360/676/360 346/652/346
f 332/677/332 340/642/340 322/612/322
f 335/643/335 361/678/361 333/644/333
f 362/679/362 336/632/336 301/576/301
f 328/680/328 363/681/363 307/682/307
f 308/593/308 337/634/337 343/648/343
f 344/659/344 364/683/364 357/684/357
f 351/661/351 345/662/345 365/685/365
f 319/639/319 366/686/366 338/663/338
f 339/638/339 366/686/366 319/639/319
f 345/650/345 352/664/352 367/687/367
f 334/630/334 368/688/368 360/676/360
f 333/644/333 361/678/361 347/653/347
f 369/689/369 348/655/348 323/613/323
f 301/690/301 304/588/304 370/691/370
f 349/656/349 370/691/370 304/588/304
f 292/586/292 350/658/350 295/692/295
f 281/578/281 305/585/305 355/671/355
f 344/659/344 351/661/351 371/693/371
f 338/663/338 372/694/372 337/634/337
f 339/638/339 357/695/357 366/686/366
f 265/519/265 356/696/356 315/602/315
f 285/550/285 315/602/315 373/697/373
f 285/550/285 373/697/373 303/580/303
f 359/675/359 340/698/340 332/627/332
f 360/699/360 368/700/368 374/701/374
f 340/642/340 369/689/369 323/613/323
f 361/678/361 375/702/375 347/653/347
f 326/617/326 376/703/376 342/647/342
f 336/704/336 362/705/362 377/706/377
f 336/704/336 377/706/377 378/707/378
f 307/589/307 379/708/379 349/656/349
f 336/704/336 378/707/378 327/619/327
f 298/709/298 295/692/295 380/710/380
f 314/711/314 305/585/305 296/590/296
f 299/574/299 354/669/354 350/658/350
f 364/683/364 344/659/344 371/693/371
f 290/561/290 358/674/358 359/675/359
f 335/643/335 353/712/353 361/678/361
f 326/617/326 348/655/348 376/703/376
f 342/713/342 381/714/381 341/665/341
f 341/665/341 381/714/381 353/666/353
f 376/715/376 382/716/382 342/713/342
f 301/690/301 370/691/370 362/717/362
f 363/681/363 379/718/379 307/682/307
f 328/719/328 298/720/298 383/721/383
f 314/711/314 329/722/329 384/723/384
f 337/634/337 385/724/385 343/648/343
f 365/685/365 345/662/345 367/725/367
f 338/663/338 366/686/366 372/694/372
f 346/652/346 386/726/386 352/664/352
f 346/652/346 360/676/360 386/726/386
f 303/637/303 373/727/373 358/674/358
f 368/700/368 387/728/387 374/701/374
f 359/729/359 369/689/369 340/642/340
f 334/654/334 347/653/347 368/730/368
f 327/619/327 329/623/329 297/571/297
f 383/731/383 363/681/363 328/680/328
f 357/695/357 388/732/388 366/686/366
f 352/733/352 389/734/389 367/725/367
f 361/678/361 390/735/390 375/702/375
f 380/710/380 383/736/383 298/709/298
f 355/671/355 356/672/356 302/579/302
f 337/634/337 372/694/372 385/724/385
f 372/694/372 366/686/366 388/732/388
f 347/653/347 375/702/375 368/730/368
f 342/713/342 382/716/382 381/714/381
f 378/707/378 391/737/391 327/619/327
f 327/619/327 391/737/391 329/623/329
f 350/658/350 380/710/380 295/692/295
f 371/693/371 351/661/351 365/685/365
f 364/683/364 392/738/392 357/684/357
f 357/684/357 392/738/392 388/739/388
f 365/685/365 367/725/367 393/740/393
f 386/726/386 394/741/394 352/664/352
f 381/714/381 395/742/395 353/666/353
f 354/743/354 343/648/343 396/744/396
f 343/648/343 385/724/385 396/744/396
f 352/733/352 394/745/394 389/734/389
f 373/727/373 315/746/315 397/747/397
f 359/729/359 398/748/398 369/689/369
f 368/730/368 399/749/399 387/750/387
f 368/730/368 375/702/375 399/749/399
f 348/655/348 369/689/369 400/751/400
f 390/735/390 401/752/401 375/702/375
f 361/678/361 353/712/353 402/753/402
f 402/754/402 353/666/353 395/742/395
f 403/755/403 349/756/349 379/718/379
f 314/711/314 404/757/404 305/585/305
f 365/685/365 405/758/405 371/693/371
f 394/741/394 386/726/386 406/759/406
f 407/760/407 360/676/360 374/761/374
f 375/702/375 401/752/401 399/749/399
f 361/678/361 402/753/402 390/735/390
f 363/681/363 408/762/408 379/718/379
f 305/585/305 404/757/404 355/671/355
f 409/763/409 392/738/392 364/683/364
f 385/724/385 372/694/372 410/764/410
f 372/694/372 388/732/388 410/764/410
f 355/671/355 411/765/411 356/672/356
f 367/725/367 389/734/389 393/740/393
f 397/766/397 315/602/315 356/696/356
f 406/759/406 386/726/386 407/760/407
f 386/726/386 360/676/360 407/760/407
f 374/761/374 412/767/412 407/760/407
f 387/728/387 412/768/412 374/701/374
f 348/655/348 413/769/413 376/703/376
f 382/716/382 414/770/414 381/714/381
f 349/771/349 415/772/415 370/773/370
f 329/774/329 391/775/391 384/776/384
f 383/736/383 380/710/380 416/777/416
f 393/740/393 417/778/417 365/685/365
f 393/740/393 389/734/389 418/779/418
f 394/780/394 406/781/406 419/782/419
f 373/727/373 397/747/397 420/783/420
f 381/714/381 414/770/414 395/742/395
f 370/773/370 421/784/421 362/785/362
f 403/755/403 415/786/415 349/756/349
f 371/693/371 422/787/422 364/683/364
f 396/744/396 385/724/385 410/764/410
f 348/655/348 400/751/400 413/769/413
f 423/788/423 382/716/382 376/715/376
f 380/710/380 350/658/350 424/789/424
f 350/658/350 354/669/354 424/789/424
f 405/758/405 422/787/422 371/693/371
f 365/685/365 417/778/417 405/758/405
f 373/727/373 420/783/420 358/674/358
f 358/674/358 420/783/420 359/675/359
f 359/729/359 420/790/420 398/748/398
f 399/791/399 425/792/425 387/728/387
f 362/785/362 421/784/421 377/793/377
f 378/794/378 426/795/426 391/775/391
f 380/710/380 424/789/424 416/777/416
f 405/758/405 427/796/427 422/787/422
f 388/732/388 428/797/428 410/764/410
f 394/780/394 419/782/419 389/798/389
f 387/728/387 425/792/425 412/768/412
f 369/689/369 398/748/398 400/751/400
f 379/718/379 429/799/429 403/755/403
f 364/683/364 430/800/430 409/763/409
f 428/797/428 388/732/388 392/801/392
f 411/765/411 355/671/355 404/757/404
f 402/802/402 431/803/431 390/804/390
f 432/805/432 378/707/378 377/706/377
f 408/806/408 363/807/363 433/808/433
f 433/808/433 363/807/363 383/736/383
f 433/808/433 383/736/383 416/777/416
f 430/800/430 364/683/364 422/787/422
f 434/809/434 314/711/314 384/723/384
f 434/809/434 404/757/404 314/711/314
f 354/743/354 396/744/396 435/810/435
f 406/781/406 407/811/407 436/812/436
f 437/813/437 376/715/376 413/814/413
f 382/716/382 423/788/423 414/770/414
f 370/773/370 415/772/415 421/784/421
f 378/794/378 438/815/438 426/795/426
f 379/718/379 408/762/408 429/799/429
f 391/775/391 426/795/426 439/816/439
f 391/775/391 439/816/439 384/776/384
f 417/778/417 440/817/440 405/758/405
f 354/669/354 435/818/435 424/789/424
f 393/819/393 418/820/418 441/821/441
f 418/822/418 389/798/389 419/782/419
f 420/790/420 442/823/442 398/748/398
f 402/802/402 443/824/443 431/803/431
f 395/742/395 443/825/443 402/754/402
f 421/826/421 432/827/432 377/828/377
f 393/740/393 441/829/441 417/778/417
f 428/797/428 444/830/444 410/764/410
f 407/831/407 412/832/412 445/833/445
f 401/834/401 390/804/390 446/835/446
f 405/758/405 440/817/440 427/796/427
f 419/782/419 406/781/406 447/836/447
f 356/672/356 411/765/411 397/837/397
f 399/749/399 448/838/448 425/839/425
f 399/749/399 401/752/401 448/838/448
f 423/788/423 376/715/376 437/813/437
f 449/840/449 414/770/414 423/788/423
f 395/742/395 414/770/414 450/841/450
f 395/842/395 450/843/450 443/844/443
f 422/787/422 451/845/451 430/800/430
f 422/787/422 427/796/427 451/845/451
f 441/846/441 418/847/418 452/848/452
f 404/757/404 453/849/453 411/765/411
f 411/765/411 453/849/453 454/850/454
f 407/811/407 445/851/445 436/812/436
f 412/768/412 425/792/425 455/852/455
f 446/835/446 456/853/456 401/834/401
f 390/804/390 431/803/431 446/835/446
f 449/840/449 450/841/450 414/770/414
f 432/854/432 438/815/438 378/794/378
f 396/744/396 410/764/410 444/830/444
f 406/781/406 436/812/436 447/836/447
f 398/748/398 457/855/457 458/856/458
f 398/748/398 458/856/458 400/751/400
f 401/834/401 456/853/456 448/857/448
f 415/786/415 403/755/403 459/858/459
f 392/738/392 409/763/409 428/859/428
f 445/860/445 412/768/412 455/852/455
f 420/783/420 397/747/397 460/861/460
f 400/751/400 458/856/458 413/769/413
f 417/778/417 461/862/461 440/817/440
f 434/809/434 439/863/439 462/864/462
f 384/723/384 439/863/439 434/809/434
f 428/859/428 409/763/409 463/865/463
f 404/757/404 434/809/434 453/849/453
f 418/822/418 419/782/419 464/866/464
f 419/782/419 447/836/447 465/867/465
f 442/868/442 420/869/420 460/870/460
f 442/868/442 457/871/457 398/872/398
f 423/788/423 466/873/466 449/840/449
f 449/840/449 467/874/467 450/841/450
f 450/843/450 468/875/468 443/844/443
f 415/786/415 469/876/469 421/826/421
f 451/877/451 427/878/427 470/879/470
f 433/808/433 416/777/416 471/880/471
f 409/881/409 430/882/430 472/883/472
f 396/744/396 444/830/444 473/884/473
f 428/797/428 463/885/463 444/830/444
f 397/886/397 474/887/474 460/888/460
f 415/786/415 459/858/459 469/876/469
f 421/826/421 469/876/469 432/827/432
f 417/889/417 441/846/441 461/890/461
f 418/822/418 464/866/464 452/891/452
f 432/854/432 475/892/475 438/815/438
f 403/755/403 429/799/429 459/858/459
f 408/893/408 476/894/476 429/895/429
f 424/789/424 435/818/435 477/896/477
f 396/744/396 473/884/473 435/810/435
f 463/885/463 478/897/478 444/830/444
f 464/866/464 419/782/419 465/867/465
f 436/812/436 479/898/479 447/836/447
f 397/886/397 411/899/411 474/887/474
f 436/812/436 445/851/445 480/900/480
f 423/788/423 437/813/437 466/873/466
f 443/844/443 481/901/481 431/902/431
f 467/903/467 482/904/482 450/905/450
f 450/906/450 482/907/482 468/908/468
f 471/909/471 408/893/408 433/910/433
f 430/911/430 451/912/451 483/913/483
f 430/882/430 483/914/483 472/883/472
f 424/789/424 484/915/484 416/777/416
f 472/883/472 463/916/463 409/881/409
f 411/899/411 454/917/454 474/887/474
f 436/812/436 480/900/480 479/898/479
f 445/860/445 455/852/455 485/918/485
f 425/919/425 486/920/486 455/921/455
f 425/919/425 448/922/448 486/920/486
f 458/923/458 457/871/457 487/924/487
f 456/853/456 486/925/486 448/857/448
f 446/835/446 431/803/431 488/926/488
f 466/873/466 489/927/489 449/840/449
f 443/844/443 490/928/490 481/901/481
f 468/875/468 490/928/490 443/844/443
f 432/827/432 469/876/469 475/929/475
f 491/930/491 463/916/463 472/883/472
f 478/897/478 473/884/473 444/830/444
f 492/931/492 454/917/454 453/932/453
f 493/933/493 413/769/413 458/856/458
f 467/874/467 449/840/449 489/927/489
f 494/934/494 426/795/426 438/815/438
f 461/935/461 495/936/495 440/937/440
f 465/867/465 447/836/447 496/938/496
f 456/853/456 446/835/446 497/939/497
f 459/940/459 429/895/429 498/941/498
f 426/795/426 494/934/494 439/816/439
f 479/898/479 496/938/496 447/836/447
f 429/895/429 476/894/476 498/941/498
f 408/893/408 471/909/471 499/942/499
f 472/883/472 483/914/483 500/943/500
f 416/944/416 484/945/484 471/909/471
f 477/946/477 484/947/484 424/948/424
f 463/916/463 491/930/491 501/949/501
f 473/884/473 502/950/502 435/810/435
f 463/951/463 501/952/501 503/953/503
f 452/848/452 464/954/464 504/955/504
f 454/917/454 505/956/505 474/887/474
f 474/887/474 506/957/506 460/888/460
f 460/870/460 457/871/457 442/868/442
f 455/921/455 486/920/486 507/958/507
f 487/924/487 493/959/493 458/923/458
f 486/920/486 456/960/456 508/961/508
f 497/939/497 446/835/446 488/926/488
f 437/813/437 509/962/509 466/873/466
f 438/815/438 475/892/475 494/934/494
f 451/912/451 510/963/510 483/913/483
f 479/898/479 511/964/511 496/938/496
f 479/898/479 512/965/512 511/964/511
f 479/898/479 480/900/480 512/965/512
f 455/921/455 507/958/507 485/966/485
f 431/902/431 481/901/481 488/967/488
f 440/937/440 495/936/495 513/968/513
f 441/846/441 452/848/452 514/969/514
f 463/885/463 503/970/503 478/897/478
f 464/954/464 515/971/515 504/955/504
f 465/972/465 515/971/515 464/954/464
f 453/849/453 434/809/434 492/973/492
f 456/960/456 516/974/516 508/961/508
f 413/814/413 493/975/493 437/813/437
f 489/927/489 466/873/466 509/962/509
f 451/877/451 470/879/470 510/976/510
f 499/942/499 476/894/476 408/893/408
f 500/943/500 491/930/491 472/883/472
f 496/938/496 511/964/511 465/867/465
f 486/920/486 508/961/508 507/958/507
f 517/977/517 471/909/471 484/945/484
f 452/848/452 504/955/504 514/969/514
f 518/978/518 492/931/492 434/979/434
f 515/971/515 465/972/465 519/980/519
f 465/972/465 511/981/511 519/980/519
f 492/931/492 505/956/505 454/917/454
f 505/956/505 506/957/506 474/887/474
f 520/982/520 460/870/460 506/983/506
f 457/871/457 460/870/460 520/982/520
f 456/960/456 497/984/497 516/974/516
f 509/985/509 521/986/521 489/987/489
f 522/988/522 467/903/467 489/987/489
f 523/989/523 482/904/482 467/903/467
f 494/990/494 462/991/462 439/992/439
f 461/890/461 441/846/441 524/993/524
f 484/945/484 525/994/525 517/977/517
f 484/995/484 477/996/477 525/997/525
f 441/846/441 514/969/514 524/993/524
f 473/998/473 478/999/478 526/1000/526
f 437/813/437 493/975/493 527/1001/527
f 509/962/509 437/813/437 527/1001/527
f 481/1002/481 528/1003/528 488/1004/488
f 489/987/489 521/986/521 522/988/522
f 467/903/467 522/988/522 523/989/523
f 475/929/475 469/876/469 529/1005/529
f 530/1006/530 470/1007/470 427/1008/427
f 475/892/475 531/1009/531 494/934/494
f 491/930/491 532/1010/532 501/949/501
f 435/1011/435 502/1012/502 477/996/477
f 473/998/473 526/1000/526 502/1012/502
f 515/971/515 533/1013/533 504/955/504
f 511/981/511 512/1014/512 519/980/519
f 493/1015/493 487/1016/487 534/1017/534
f 497/939/497 488/926/488 535/1018/535
f 434/809/434 462/864/462 518/1019/518
f 492/931/492 518/978/518 536/1020/536
f 493/1015/493 534/1017/534 527/1021/527
f 527/1001/527 537/1022/537 509/962/509
f 488/1004/488 528/1003/528 538/1023/538
f 469/1024/469 459/940/459 529/1025/529
f 440/937/440 513/968/513 427/1008/427
f 494/1026/494 539/1027/539 462/1028/462
f 503/953/503 501/952/501 540/1029/540
f 492/931/492 536/1020/536 505/956/505
f 445/851/445 541/1030/541 480/900/480
f 445/851/445 485/1031/485 541/1030/541
f 520/982/520 542/1032/542 457/871/457
f 470/1007/470 530/1006/530 543/1033/543
f 475/1034/475 529/1025/529 531/1035/531
f 517/977/517 499/942/499 471/909/471
f 503/1036/503 540/1037/540 478/999/478
f 462/1028/462 539/1027/539 518/1038/518
f 504/1039/504 533/1040/533 544/1041/544
f 505/956/505 545/1042/545 506/957/506
f 506/983/506 545/1043/545 520/982/520
f 487/1016/487 546/1044/546 534/1017/534
f 509/985/509 537/1045/537 521/986/521
f 490/1046/490 528/1003/528 481/1002/481
f 468/1047/468 547/1048/547 490/1046/490
f 547/1048/547 468/1047/468 482/1049/482
f 543/1050/543 510/976/510 470/879/470
f 529/1025/529 459/940/459 498/941/498
f 498/941/498 476/894/476 548/1051/548
f 548/1051/548 476/894/476 549/1052/549
f 476/894/476 499/942/499 549/1052/549
f 495/936/495 461/935/461 550/1053/550
f 494/1026/494 531/1035/531 539/1027/539
f 551/1054/551 515/971/515 519/980/519
f 536/1020/536 545/1042/545 505/956/505
f 542/1032/542 487/924/487 457/871/457
f 552/1055/552 482/904/482 523/989/523
f 552/1055/552 547/1056/547 482/904/482
f 553/1057/553 500/943/500 483/914/483
f 498/941/498 548/1051/548 529/1025/529
f 477/996/477 502/1012/502 554/1058/554
f 519/980/519 512/1014/512 551/1054/551
f 497/984/497 555/1059/555 516/974/516
f 497/1060/497 535/1061/535 555/1062/555
f 535/1063/535 488/1004/488 538/1023/538
f 547/1048/547 556/1064/556 490/1046/490
f 525/997/525 557/1065/557 517/1066/517
f 525/997/525 477/996/477 558/1067/558
f 518/978/518 539/1068/539 559/1069/559
f 515/971/515 551/1054/551 533/1013/533
f 542/1032/542 560/1070/560 487/924/487
f 510/963/510 553/1071/553 483/913/483
f 491/930/491 561/1072/561 532/1010/532
f 531/1035/531 529/1025/529 562/1073/562
f 461/935/461 524/1074/524 550/1053/550
f 531/1035/531 562/1073/562 539/1027/539
f 502/1012/502 526/1000/526 554/1058/554
f 540/1037/540 526/1000/526 478/999/478
f 541/1075/541 485/1076/485 563/1077/563
f 508/961/508 564/1078/564 507/958/507
f 516/974/516 565/1079/565 508/961/508
f 546/1044/546 566/1080/566 534/1017/534
f 490/1046/490 556/1064/556 528/1003/528
f 532/1081/532 567/1082/567 501/952/501
f 517/977/517 557/1083/557 499/942/499
f 524/993/524 514/969/514 504/955/504
f 477/996/477 554/1058/554 558/1067/558
f 518/978/518 559/1069/559 536/1020/536
f 559/1069/559 568/1084/568 536/1020/536
f 551/1054/551 569/1085/569 533/1013/533
f 480/1086/480 570/1087/570 512/1014/512
f 545/1043/545 571/1088/571 520/982/520
f 485/1076/485 572/1089/572 563/1077/563
f 507/958/507 572/1090/572 485/966/485
f 527/1021/527 534/1017/534 573/1091/573
f 491/930/491 500/943/500 561/1072/561
f 548/1051/548 574/1092/574 529/1025/529
f 574/1092/574 562/1073/562 529/1025/529
f 499/942/499 575/1093/575 549/1052/549
f 540/1029/540 576/1094/576 526/1095/526
f 540/1029/540 501/952/501 576/1094/576
f 480/1086/480 541/1096/541 570/1087/570
f 520/982/520 577/1097/577 542/1032/542
f 542/1032/542 578/1098/578 560/1070/560
f 560/1070/560 546/1099/546 487/924/487
f 527/1021/527 573/1091/573 579/1100/579
f 527/1021/527 579/1100/579 537/1101/537
f 532/1010/532 561/1072/561 580/1102/580
f 575/1093/575 499/942/499 557/1083/557
f 504/1039/504 544/1041/544 581/1103/581
f 539/1068/539 582/1104/582 559/1069/559
f 551/1054/551 583/1105/583 569/1085/569
f 512/1014/512 583/1105/583 551/1054/551
f 536/1020/536 568/1084/568 545/1042/545
f 520/982/520 571/1088/571 577/1097/577
f 577/1097/577 578/1098/578 542/1032/542
f 555/1062/555 535/1061/535 584/1106/584
f 585/1107/585 521/986/521 537/1045/537
f 528/1003/528 556/1064/556 586/1108/586
f 523/989/523 522/988/522 552/1055/552
f 427/1008/427 513/968/513 530/1006/530
f 558/1067/558 557/1065/557 525/997/525
f 512/1014/512 570/1087/570 583/1105/583
f 568/1084/568 571/1109/571 545/1042/545
f 507/958/507 564/1078/564 572/1090/572
f 564/1078/564 508/961/508 565/1079/565
f 522/988/522 521/986/521 587/1110/587
f 556/1064/556 588/1111/588 586/1108/586
f 556/1064/556 547/1048/547 589/1112/589
f 543/1033/543 590/1113/590 510/1114/510
f 549/1052/549 575/1093/575 591/1115/591
f 559/1069/559 582/1104/582 592/1116/592
f 577/1097/577 593/1117/593 578/1098/578
f 528/1003/528 586/1108/586 538/1023/538
f 594/1118/594 552/1055/552 522/988/522
f 553/1057/553 595/1119/595 500/943/500
f 500/943/500 595/1119/595 561/1072/561
f 580/1102/580 567/1120/567 532/1010/532
f 549/1052/549 591/1115/591 548/1051/548
f 501/952/501 567/1082/567 576/1094/576
f 504/1121/504 581/1122/581 524/1074/524
f 558/1067/558 596/1123/596 557/1065/557
f 541/1075/541 597/1124/597 570/1125/570
f 538/1126/538 598/1127/598 535/1061/535
f 586/1128/586 598/1127/598 538/1126/538
f 556/1064/556 589/1112/589 588/1111/588
f 510/963/510 590/1129/590 553/1071/553
f 562/1073/562 582/1130/582 539/1027/539
f 559/1069/559 592/1116/592 568/1084/568
f 573/1091/573 599/1131/599 579/1100/579
f 535/1061/535 598/1127/598 584/1106/584
f 537/1045/537 579/1132/579 585/1107/585
f 587/1110/587 594/1118/594 522/988/522
f 543/1033/543 530/1006/530 600/1133/600
f 596/1123/596 575/1134/575 557/1065/557
f 560/1135/560 601/1136/601 546/1044/546
f 516/974/516 555/1059/555 565/1079/565
f 534/1017/534 566/1080/566 573/1091/573
f 585/1107/585 587/1110/587 521/986/521
f 602/1137/602 552/1055/552 594/1118/594
f 550/1053/550 603/1138/603 495/936/495
f 548/1051/548 591/1115/591 574/1092/574
f 554/1058/554 526/1000/526 604/1139/604
f 554/1058/554 604/1139/604 605/1140/605
f 544/1041/544 533/1040/533 606/1141/606
f 569/1085/569 583/1105/583 607/1142/607
f 583/1105/583 608/1143/608 607/1142/607
f 583/1105/583 570/1087/570 608/1143/608
f 597/1124/597 541/1075/541 609/1144/609
f 541/1075/541 563/1077/563 609/1144/609
f 572/1089/572 610/1145/610 563/1077/563
f 571/1088/571 611/1146/611 577/1097/577
f 564/1078/564 612/1147/612 572/1090/572
f 495/936/495 613/1148/613 513/968/513
f 580/1149/580 614/1150/614 567/1082/567
f 615/1151/615 574/1092/574 591/1115/591
f 575/1093/575 616/1152/616 591/1115/591
f 575/1134/575 596/1123/596 616/1153/616
f 605/1140/605 558/1067/558 554/1058/554
f 593/1117/593 617/1154/617 578/1098/578
f 586/1128/586 618/1155/618 619/1156/619
f 547/1048/547 620/1157/620 589/1112/589
f 547/1056/547 552/1055/552 620/1158/620
f 543/1033/543 600/1133/600 590/1113/590
f 530/1006/530 513/968/513 613/1148/613
f 613/1148/613 495/936/495 603/1138/603
f 567/1082/567 614/1150/614 576/1094/576
f 574/1092/574 615/1151/615 562/1073/562
f 570/1125/570 597/1124/597 608/1159/608
f 568/1084/568 621/1160/621 571/1109/571
f 563/1077/563 610/1145/610 609/1144/609
f 577/1097/577 611/1146/611 593/1117/593
f 578/1098/578 617/1154/617 560/1070/560
f 599/1131/599 573/1091/573 566/1080/566
f 585/1107/585 622/1161/622 587/1110/587
f 602/1137/602 620/1158/620 552/1055/552
f 590/1113/590 623/1162/623 553/1163/553
f 524/1074/524 624/1164/624 550/1053/550
f 526/1000/526 576/1165/576 604/1139/604
f 615/1151/615 591/1115/591 625/1166/625
f 581/1167/581 544/1168/544 626/1169/626
f 544/1170/544 606/1171/606 626/1172/626
f 569/1085/569 627/1173/627 533/1013/533
f 569/1085/569 607/1142/607 628/1174/628
f 607/1142/607 608/1143/608 628/1174/628
f 568/1084/568 592/1116/592 621/1160/621
f 560/1135/560 617/1175/617 601/1136/601
f 579/1132/579 629/1176/629 585/1107/585
f 588/1111/588 618/1177/618 586/1108/586
f 550/1053/550 630/1178/630 603/1138/603
f 524/1074/524 581/1122/581 624/1164/624
f 591/1115/591 616/1152/616 625/1166/625
f 586/1128/586 619/1156/619 598/1127/598
f 595/1119/595 631/1179/631 561/1072/561
f 550/1053/550 624/1164/624 630/1178/630
f 614/1180/614 632/1181/632 576/1182/576
f 576/1182/576 633/1183/633 604/1184/604
f 562/1073/562 615/1151/615 582/1130/582
f 569/1185/569 628/1186/628 627/1187/627
f 608/1159/608 634/1188/634 628/1189/628
f 621/1190/621 611/1146/611 571/1088/571
f 593/1117/593 611/1146/611 617/1154/617
f 555/1191/555 635/1192/635 565/1193/565
f 599/1194/599 636/1195/636 579/1196/579
f 585/1107/585 629/1176/629 622/1161/622
f 637/1197/637 596/1123/596 558/1067/558
f 608/1159/608 597/1124/597 634/1188/634
f 634/1188/634 597/1124/597 609/1144/609
f 638/1198/638 611/1146/611 621/1190/621
f 610/1199/610 572/1090/572 612/1147/612
f 564/1078/564 565/1079/565 612/1147/612
f 546/1044/546 601/1136/601 566/1080/566
f 601/1136/601 599/1131/599 566/1080/566
f 636/1195/636 629/1200/629 579/1196/579
f 639/1201/639 598/1127/598 619/1156/619
f 640/1202/640 622/1161/622 629/1176/629
f 641/1203/641 602/1204/602 594/1205/594
f 615/1206/615 642/1207/642 582/1104/582
f 634/1188/634 609/1144/609 643/1208/643
f 555/1062/555 584/1106/584 644/1209/644
f 598/1127/598 639/1201/639 584/1106/584
f 588/1111/588 645/1210/645 618/1177/618
f 587/1110/587 641/1211/641 594/1118/594
f 602/1204/602 646/1212/646 620/1213/620
f 600/1133/600 647/1214/647 590/1113/590
f 631/1179/631 580/1102/580 561/1072/561
f 626/1215/626 648/1216/648 581/1217/581
f 633/1183/633 576/1182/576 632/1181/632
f 633/1218/633 649/1219/649 604/1139/604
f 604/1139/604 649/1219/649 605/1140/605
f 596/1220/596 650/1221/650 616/1222/616
f 533/1223/533 627/1224/627 606/1171/606
f 625/1225/625 642/1207/642 615/1206/615
f 634/1188/634 651/1226/651 628/1189/628
f 610/1145/610 652/1227/652 609/1144/609
f 612/1147/612 653/1228/653 610/1199/610
f 611/1146/611 654/1229/654 617/1154/617
f 617/1175/617 655/1230/655 601/1136/601
f 618/1155/618 656/1231/656 619/1156/619
f 620/1232/620 657/1233/657 589/1234/589
f 558/1067/558 605/1140/605 637/1197/637
f 634/1188/634 658/1235/658 651/1226/651
f 592/1116/592 582/1104/582 659/1236/659
f 634/1188/634 643/1208/643 658/1235/658
f 659/1236/659 621/1160/621 592/1116/592
f 599/1131/599 601/1136/601 660/1237/660
f 623/1238/623 595/1119/595 553/1057/553
f 530/1006/530 613/1148/613 600/1133/600
f 603/1239/603 661/1240/661 613/1241/613
f 596/1220/596 637/1242/637 650/1221/650
f 616/1222/616 662/1243/662 625/1244/625
f 638/1198/638 663/1245/663 611/1146/611
f 654/1246/654 655/1230/655 617/1175/617
f 555/1191/555 644/1247/644 635/1192/635
f 639/1201/639 619/1156/619 664/1248/664
f 622/1161/622 665/1249/665 587/1110/587
f 665/1250/665 641/1203/641 587/1251/587
f 589/1234/589 666/1252/666 588/1253/588
f 666/1252/666 645/1254/645 588/1253/588
f 590/1113/590 647/1214/647 623/1162/623
f 609/1144/609 652/1227/652 667/1255/667
f 652/1227/652 610/1145/610 668/1256/668
f 610/1199/610 653/1228/653 668/1257/668
f 663/1245/663 654/1229/654 611/1146/611
f 565/1079/565 635/1258/635 612/1147/612
f 584/1106/584 639/1201/639 644/1209/644
f 629/1200/629 669/1259/669 640/1260/640
f 645/1254/645 670/1261/670 618/1262/618
f 661/1240/661 603/1239/603 630/1263/630
f 671/1264/671 614/1265/614 580/1102/580
f 624/1266/624 581/1217/581 648/1216/648
f 627/1224/627 672/1267/672 606/1171/606
f 642/1207/642 659/1236/659 582/1104/582
f 659/1268/659 638/1269/638 621/1270/621
f 673/1271/673 660/1237/660 601/1136/601
f 674/1272/674 599/1194/599 660/1273/660
f 669/1259/669 629/1200/629 636/1195/636
f 675/1274/675 622/1275/622 640/1260/640
f 620/1213/620 646/1212/646 657/1276/657
f 631/1179/631 671/1264/671 580/1102/580
f 626/1172/626 606/1171/606 672/1267/672
f 637/1197/637 605/1140/605 676/1277/676
f 650/1221/650 662/1243/662 616/1222/616
f 625/1244/625 662/1243/662 642/1278/642
f 609/1144/609 667/1255/667 643/1208/643
f 653/1228/653 612/1147/612 677/1279/677
f 677/1280/677 612/1281/612 635/1192/635
f 635/1192/635 644/1247/644 678/1282/678
f 674/1272/674 636/1195/636 599/1194/599
f 619/1156/619 656/1231/656 664/1248/664
f 675/1283/675 665/1250/665 622/1284/622
f 618/1285/618 670/1286/670 656/1287/656
f 589/1234/589 657/1233/657 666/1252/666
f 632/1181/632 679/1288/679 633/1183/633
f 633/1183/633 679/1288/679 680/1289/680
f 633/1183/633 680/1289/680 681/1290/681
f 633/1183/633 681/1290/681 649/1291/649
f 658/1235/658 682/1292/682 651/1226/651
f 643/1208/643 683/1293/683 658/1235/658
f 652/1227/652 668/1256/668 667/1255/667
f 639/1201/639 684/1294/684 644/1209/644
f 602/1204/602 685/1295/685 646/1212/646
f 600/1296/600 686/1297/686 647/1298/647
f 614/1180/614 679/1288/679 632/1181/632
f 649/1219/649 681/1299/681 676/1277/676
f 605/1140/605 649/1219/649 676/1277/676
f 658/1235/658 683/1293/683 682/1292/682
f 601/1136/601 655/1230/655 687/1300/687
f 601/1136/601 687/1300/687 673/1271/673
f 688/1301/688 670/1261/670 645/1254/645
f 595/1119/595 689/1302/689 631/1179/631
f 676/1303/676 690/1304/690 637/1242/637
f 637/1242/637 690/1304/690 650/1221/650
f 662/1243/662 650/1221/650 690/1304/690
f 662/1243/662 690/1304/690 642/1278/642
f 638/1198/638 691/1305/691 663/1245/663
f 660/1273/660 673/1306/673 674/1272/674
f 645/1254/645 666/1252/666 688/1301/688
f 686/1297/686 600/1296/600 692/1307/692
f 595/1308/595 623/1309/623 693/1310/693
f 679/1288/679 694/1311/694 680/1289/680
f 628/1186/628 695/1312/695 627/1187/627
f 628/1186/628 651/1313/651 695/1312/695
f 690/1304/690 696/1314/696 642/1278/642
f 642/1278/642 697/1315/697 659/1316/659
f 663/1245/663 698/1317/698 654/1229/654
f 644/1247/644 684/1318/684 678/1282/678
f 669/1259/669 675/1274/675 640/1260/640
f 689/1302/689 595/1119/595 693/1319/693
f 699/1320/699 630/1321/630 624/1322/624
f 700/1323/700 614/1324/614 671/1325/671
f 700/1326/700 679/1288/679 614/1180/614
f 700/1326/700 694/1311/694 679/1288/679
f 701/1327/701 702/1328/702 676/1303/676
f 702/1328/702 690/1304/690 676/1303/676
f 696/1314/696 697/1315/697 642/1278/642
f 703/1329/703 643/1208/643 667/1255/667
f 655/1230/655 654/1246/654 704/1330/704
f 677/1280/677 635/1192/635 678/1282/678
f 674/1272/674 705/1331/705 636/1195/636
f 706/1332/706 669/1259/669 636/1195/636
f 707/1333/707 669/1259/669 706/1332/706
f 639/1201/639 664/1248/664 708/1334/708
f 669/1259/669 707/1333/707 675/1274/675
f 600/1296/600 613/1241/613 709/1335/709
f 676/1303/676 681/1336/681 701/1327/701
f 672/1337/672 627/1338/627 710/1339/710
f 690/1304/690 702/1328/702 696/1314/696
f 683/1293/683 711/1340/711 682/1292/682
f 711/1340/711 683/1293/683 712/1341/712
f 643/1208/643 703/1329/703 683/1293/683
f 712/1341/712 683/1293/683 703/1329/703
f 698/1342/698 704/1330/704 654/1246/654
f 668/1343/668 653/1344/653 713/1345/713
f 705/1331/705 706/1332/706 636/1195/636
f 664/1346/664 656/1287/656 714/1347/714
f 666/1252/666 715/1348/715 688/1301/688
f 641/1203/641 685/1295/685 602/1204/602
f 648/1349/648 626/1350/626 716/1351/716
f 694/1311/694 717/1352/717 680/1289/680
f 680/1289/680 717/1352/717 681/1290/681
f 681/1290/681 717/1352/717 701/1353/701
f 659/1354/659 697/1355/697 638/1356/638
f 638/1356/638 697/1355/697 691/1357/691
f 703/1329/703 667/1255/667 718/1358/718
f 653/1344/653 677/1359/677 713/1345/713
f 687/1360/687 719/1361/719 673/1306/673
f 639/1201/639 708/1334/708 684/1294/684
f 656/1287/656 670/1286/670 720/1362/720
f 675/1283/675 721/1363/721 665/1250/665
f 665/1250/665 722/1364/722 641/1203/641
f 646/1212/646 723/1365/723 657/1276/657
f 600/1296/600 709/1335/709 692/1307/692
f 671/1325/671 724/1366/724 700/1323/700
f 626/1350/626 672/1337/672 725/1367/725
f 694/1311/694 726/1368/726 717/1352/717
f 697/1315/697 696/1314/696 727/1369/727
f 668/1256/668 728/1370/728 667/1255/667
f 678/1371/678 729/1372/729 730/1373/730
f 657/1233/657 731/1374/731 666/1252/666
f 646/1212/646 685/1295/685 723/1365/723
f 657/1233/657 723/1375/723 731/1374/731
f 613/1241/613 661/1240/661 709/1335/709
f 726/1376/726 732/1377/732 717/1378/717
f 717/1352/717 732/1379/732 701/1353/701
f 702/1328/702 733/1380/733 696/1314/696
f 697/1355/697 734/1381/734 691/1357/691
f 667/1255/667 728/1370/728 718/1358/718
f 691/1357/691 735/1382/735 663/1383/663
f 673/1306/673 736/1384/736 674/1272/674
f 684/1318/684 729/1385/729 678/1282/678
f 656/1287/656 720/1362/720 714/1347/714
f 665/1250/665 737/1386/737 722/1364/722
f 648/1349/648 716/1351/716 624/1322/624
f 738/1387/738 732/1377/732 726/1376/726
f 739/1388/739 701/1327/701 732/1389/732
f 739/1390/739 732/1377/732 740/1391/740
f 710/1392/710 627/1187/627 695/1312/695
f 701/1327/701 733/1380/733 702/1328/702
f 741/1393/741 682/1394/682 711/1395/711
f 733/1380/733 727/1369/727 696/1314/696
f 712/1396/712 703/1397/703 742/1398/742
f 743/1399/743 718/1400/718 728/1401/728
f 735/1402/735 698/1317/698 663/1245/663
f 744/1403/744 677/1359/677 678/1371/678
f 705/1331/705 674/1272/674 736/1384/736
f 745/1404/745 670/1286/670 688/1405/688
f 641/1203/641 722/1364/722 685/1295/685
f 699/1320/699 624/1322/624 716/1351/716
f 716/1351/716 626/1350/626 725/1367/725
f 732/1377/732 738/1387/738 740/1391/740
f 738/1387/738 746/1406/746 740/1391/740
f 727/1407/727 747/1408/747 697/1355/697
f 697/1355/697 747/1408/747 734/1381/734
f 691/1357/691 734/1381/734 735/1382/735
f 704/1330/704 687/1300/687 655/1230/655
f 673/1306/673 719/1361/719 736/1384/736
f 670/1286/670 745/1404/745 720/1362/720
f 715/1348/715 748/1409/748 688/1301/688
f 689/1302/689 749/1410/749 631/1179/631
f 631/1179/631 749/1410/749 671/1264/671
f 672/1337/672 710/1339/710 750/1411/750
f 701/1327/701 739/1388/739 733/1380/733
f 712/1341/712 751/1412/751 711/1340/711
f 703/1413/703 718/1400/718 742/1414/742
f 668/1415/668 713/1416/713 752/1417/752
f 753/1418/753 687/1300/687 704/1330/704
f 721/1363/721 737/1386/737 665/1250/665
f 722/1364/722 754/1419/754 685/1295/685
f 686/1297/686 692/1307/692 755/1420/755
f 709/1335/709 661/1240/661 756/1421/756
f 757/1422/757 661/1423/661 630/1321/630
f 630/1321/630 699/1320/699 757/1422/757
f 694/1424/694 758/1425/758 726/1376/726
f 740/1426/740 759/1427/759 739/1428/739
f 739/1388/739 727/1369/727 733/1380/733
f 760/1429/760 711/1430/711 751/1431/751
f 712/1396/712 761/1432/761 751/1431/751
f 712/1396/712 742/1398/742 761/1432/761
f 698/1342/698 762/1433/762 704/1330/704
f 677/1359/677 744/1403/744 713/1345/713
f 678/1371/678 730/1373/730 744/1403/744
f 729/1372/729 763/1434/763 730/1373/730
f 708/1435/708 664/1346/664 764/1436/764
f 675/1437/675 765/1438/765 721/1439/721
f 720/1362/720 745/1404/745 766/1440/766
f 745/1441/745 688/1301/688 748/1409/748
f 694/1424/694 700/1323/700 758/1425/758
f 725/1367/725 672/1337/672 750/1411/750
f 695/1312/695 767/1442/767 768/1443/768
f 746/1406/746 769/1444/769 740/1391/740
f 695/1312/695 651/1313/651 767/1442/767
f 718/1400/718 770/1445/770 742/1414/742
f 770/1445/770 718/1400/718 743/1399/743
f 735/1382/735 762/1446/762 698/1447/698
f 707/1448/707 765/1438/765 675/1437/675
f 685/1295/685 754/1419/754 723/1365/723
f 749/1449/749 724/1366/724 671/1325/671
f 758/1425/758 771/1450/771 726/1376/726
f 751/1431/751 772/1451/772 760/1429/760
f 739/1428/739 773/1452/773 727/1407/727
f 713/1345/713 774/1453/774 752/1454/752
f 753/1455/753 775/1456/775 687/1360/687
f 687/1360/687 775/1456/775 719/1361/719
f 722/1364/722 737/1386/737 776/1457/776
f 666/1252/666 731/1374/731 777/1458/777
f 709/1335/709 756/1421/756 692/1307/692
f 661/1423/661 778/1459/778 756/1460/756
f 661/1423/661 757/1422/757 778/1459/778
f 726/1376/726 771/1450/771 738/1387/738
f 695/1461/695 768/1462/768 710/1339/710
f 779/1463/779 780/1464/780 769/1444/769
f 651/1313/651 682/1394/682 781/1465/781
f 772/1451/772 782/1466/782 783/1467/783
f 772/1451/772 751/1431/751 782/1466/782
f 739/1428/739 759/1427/759 773/1452/773
f 751/1431/751 761/1432/761 782/1466/782
f 727/1407/727 773/1452/773 747/1408/747
f 747/1408/747 784/1468/784 734/1381/734
f 734/1381/734 784/1468/784 735/1382/735
f 762/1433/762 753/1418/753 704/1330/704
f 713/1345/713 744/1403/744 774/1453/774
f 684/1469/684 785/1470/785 729/1372/729
f 666/1252/666 777/1458/777 715/1348/715
f 769/1444/769 780/1464/780 740/1391/740
f 786/1471/786 780/1464/780 779/1463/779
f 786/1472/786 787/1473/787 780/1474/780
f 786/1472/786 788/1475/788 787/1473/787
f 788/1475/788 783/1467/783 787/1473/787
f 783/1467/783 789/1476/789 772/1451/772
f 783/1467/783 782/1466/782 787/1473/787
f 747/1408/747 773/1452/773 790/1477/790
f 747/1408/747 790/1477/790 784/1468/784
f 791/1478/791 736/1384/736 719/1361/719
f 705/1331/705 792/1479/792 706/1332/706
f 684/1469/684 708/1480/708 785/1470/785
f 714/1347/714 764/1436/764 664/1346/664
f 623/1481/623 793/1482/793 693/1483/693
f 692/1307/692 756/1421/756 794/1484/794
f 795/1485/795 724/1366/724 749/1449/749
f 724/1366/724 758/1425/758 700/1323/700
f 769/1444/769 746/1406/746 779/1463/779
f 780/1464/780 796/1486/796 740/1391/740
f 760/1487/760 741/1393/741 711/1395/711
f 761/1432/761 797/1488/797 782/1466/782
f 761/1489/761 742/1414/742 770/1445/770
f 775/1456/775 791/1478/791 719/1361/719
f 744/1403/744 730/1373/730 798/1490/798
f 736/1384/736 799/1491/799 705/1331/705
f 737/1386/737 800/1492/800 776/1457/776
f 777/1458/777 801/1493/801 715/1348/715
f 802/1494/802 723/1365/723 754/1419/754
f 689/1495/689 803/1496/803 749/1497/749
f 738/1387/738 771/1450/771 746/1406/746
f 651/1313/651 781/1465/781 767/1442/767
f 788/1475/788 786/1472/786 789/1476/789
f 788/1475/788 789/1476/789 783/1467/783
f 780/1474/780 787/1473/787 796/1498/796
f 772/1451/772 789/1476/789 760/1429/760
f 782/1466/782 797/1488/797 787/1473/787
f 804/1499/804 773/1452/773 759/1427/759
f 784/1468/784 805/1500/805 735/1382/735
f 714/1347/714 720/1362/720 806/1501/806
f 765/1438/765 807/1502/807 721/1439/721
f 715/1348/715 801/1493/801 748/1409/748
f 723/1375/723 808/1503/808 731/1374/731
f 647/1298/647 686/1297/686 623/1504/623
f 693/1483/693 809/1505/809 689/1506/689
f 810/1507/810 757/1422/757 699/1320/699
f 740/1391/740 796/1486/796 811/1508/811
f 759/1509/759 740/1391/740 811/1508/811
f 804/1499/804 790/1477/790 773/1452/773
f 805/1500/805 762/1446/762 735/1382/735
f 728/1510/728 668/1415/668 752/1417/752
f 812/1511/812 753/1512/753 762/1513/762
f 792/1514/792 765/1438/765 707/1448/707
f 806/1501/806 720/1362/720 766/1440/766
f 813/1515/813 737/1386/737 721/1363/721
f 755/1420/755 692/1307/692 794/1484/794
f 814/1516/814 778/1517/778 757/1518/757
f 699/1320/699 716/1351/716 810/1507/810
f 779/1519/779 789/1476/789 786/1472/786
f 789/1476/789 815/1520/815 760/1429/760
f 760/1429/760 815/1520/815 741/1521/741
f 787/1473/787 797/1488/797 796/1498/796
f 761/1432/761 770/1522/770 797/1488/797
f 729/1372/729 785/1470/785 763/1434/763
f 706/1332/706 792/1479/792 707/1333/707
f 764/1436/764 714/1347/714 806/1501/806
f 813/1515/813 800/1492/800 737/1386/737
f 802/1494/802 808/1523/808 723/1365/723
f 623/1481/623 686/1524/686 793/1482/793
f 816/1525/816 794/1484/794 756/1421/756
f 779/1463/779 746/1406/746 817/1526/817
f 804/1499/804 818/1527/818 790/1477/790
f 770/1528/770 819/1529/819 797/1530/797
f 784/1468/784 820/1531/820 805/1500/805
f 812/1511/812 775/1532/775 753/1512/753
f 744/1403/744 821/1533/821 774/1453/774
f 775/1456/775 822/1534/822 791/1478/791
f 763/1434/763 823/1535/823 730/1373/730
f 799/1491/799 824/1536/824 705/1331/705
f 705/1331/705 824/1536/824 792/1479/792
f 764/1537/764 825/1538/825 708/1539/708
f 755/1420/755 826/1540/826 686/1297/686
f 816/1525/816 756/1421/756 827/1541/827
f 809/1505/809 693/1483/693 793/1482/793
f 814/1516/814 757/1518/757 828/1542/828
f 810/1543/810 828/1542/828 757/1518/757
f 779/1519/779 817/1544/817 789/1476/789
f 741/1393/741 781/1465/781 682/1394/682
f 811/1545/811 796/1546/796 829/1547/829
f 759/1427/759 830/1548/830 804/1499/804
f 743/1399/743 728/1401/728 831/1549/831
f 822/1550/822 832/1551/832 791/1552/791
f 791/1478/791 799/1491/799 736/1384/736
f 745/1404/745 833/1553/833 766/1440/766
f 745/1404/745 748/1554/748 833/1553/833
f 834/1555/834 748/1409/748 801/1493/801
f 722/1364/722 835/1556/835 754/1419/754
f 755/1420/755 794/1484/794 836/1557/836
f 794/1484/794 816/1525/816 836/1557/836
f 686/1524/686 826/1558/826 793/1482/793
f 756/1559/756 778/1517/778 827/1560/827
f 837/1561/837 778/1517/778 814/1516/814
f 795/1485/795 838/1562/838 724/1366/724
f 724/1366/724 838/1562/838 758/1425/758
f 716/1351/716 725/1367/725 810/1507/810
f 796/1546/796 797/1530/797 839/1563/839
f 790/1477/790 818/1527/818 784/1468/784
f 784/1468/784 818/1527/818 820/1531/820
f 770/1445/770 743/1399/743 840/1564/840
f 812/1511/812 822/1550/822 775/1532/775
f 822/1550/822 841/1565/841 832/1551/832
f 721/1439/721 807/1502/807 813/1566/813
f 808/1503/808 777/1458/777 731/1374/731
f 835/1556/835 802/1494/802 754/1419/754
f 842/1567/842 816/1525/816 843/1568/843
f 843/1568/843 816/1525/816 827/1541/827
f 842/1567/842 836/1557/836 816/1525/816
f 778/1517/778 837/1561/837 827/1560/827
f 759/1509/759 811/1508/811 830/1569/830
f 829/1547/829 796/1546/796 839/1563/839
f 797/1530/797 819/1529/819 839/1563/839
f 770/1445/770 840/1564/840 819/1570/819
f 743/1399/743 831/1549/831 840/1564/840
f 805/1571/805 844/1572/844 762/1513/762
f 844/1572/844 812/1511/812 762/1513/762
f 845/1573/845 841/1565/841 822/1550/822
f 802/1494/802 846/1574/846 808/1523/808
f 843/1575/843 827/1576/827 847/1577/847
f 839/1563/839 819/1529/819 848/1578/848
f 821/1533/821 849/1579/849 774/1453/774
f 744/1403/744 798/1490/798 821/1533/821
f 766/1440/766 850/1580/850 806/1501/806
f 806/1581/806 850/1582/850 851/1583/851
f 766/1440/766 833/1553/833 850/1580/850
f 748/1409/748 834/1555/834 833/1584/833
f 776/1457/776 835/1556/835 722/1364/722
f 852/1585/852 853/1586/853 843/1575/843
f 853/1587/853 842/1567/842 843/1568/843
f 853/1587/853 836/1557/836 842/1567/842
f 853/1587/853 854/1588/854 836/1557/836
f 836/1557/836 854/1588/854 755/1420/755
f 755/1420/755 854/1588/854 826/1540/826
f 837/1589/837 814/1590/814 855/1591/855
f 810/1543/810 856/1592/856 828/1542/828
f 831/1549/831 857/1593/857 840/1564/840
f 812/1511/812 845/1573/845 822/1550/822
f 791/1478/791 858/1594/858 799/1491/799
f 792/1514/792 859/1595/859 765/1438/765
f 801/1493/801 860/1596/860 834/1555/834
f 835/1556/835 846/1574/846 802/1494/802
f 852/1585/852 843/1575/843 861/1597/861
f 862/1598/862 847/1577/847 837/1599/837
f 847/1577/847 861/1597/861 843/1575/843
f 847/1600/847 827/1601/827 837/1602/837
f 826/1558/826 863/1603/863 793/1482/793
f 810/1543/810 864/1604/864 856/1592/856
f 810/1543/810 725/1605/725 864/1604/864
f 771/1450/771 865/1606/865 746/1406/746
f 746/1406/746 865/1606/865 817/1526/817
f 830/1607/830 811/1545/811 829/1547/829
f 866/1608/866 831/1609/831 728/1510/728
f 728/1510/728 752/1417/752 866/1608/866
f 844/1572/844 867/1610/867 812/1511/812
f 867/1610/867 845/1573/845 812/1511/812
f 791/1478/791 832/1611/832 858/1594/858
f 730/1373/730 823/1535/823 798/1490/798
f 799/1491/799 868/1612/868 824/1536/824
f 823/1613/823 763/1614/763 869/1615/869
f 801/1493/801 777/1458/777 860/1596/860
f 861/1597/861 847/1577/847 870/1616/870
f 861/1597/861 871/1617/871 852/1585/852
f 870/1616/870 847/1577/847 862/1598/862
f 872/1618/872 837/1589/837 855/1591/855
f 803/1619/803 689/1506/689 809/1505/809
f 873/1620/873 814/1516/814 828/1542/828
f 768/1462/768 874/1621/874 710/1339/710
f 875/1622/875 815/1623/815 789/1624/789
f 830/1625/830 818/1626/818 804/1627/804
f 819/1570/819 840/1564/840 876/1628/876
f 844/1572/844 805/1571/805 820/1629/820
f 841/1565/841 877/1630/877 832/1551/832
f 824/1631/824 878/1632/878 792/1514/792
f 708/1539/708 825/1538/825 785/1633/785
f 879/1634/879 807/1502/807 765/1438/765
f 880/1635/880 813/1636/813 807/1637/807
f 881/1638/881 833/1553/833 834/1639/834
f 882/1640/882 834/1555/834 860/1596/860
f 883/1641/883 777/1458/777 808/1503/808
f 846/1642/846 883/1643/883 808/1644/808
f 884/1645/884 885/1646/885 886/1647/886
f 885/1648/885 887/1649/887 886/1650/886
f 861/1597/861 870/1616/870 888/1651/888
f 871/1617/871 861/1597/861 889/1652/889
f 871/1617/871 890/1653/890 852/1585/852
f 837/1654/837 872/1655/872 862/1656/862
f 891/1657/891 853/1586/853 852/1585/852
f 891/1658/891 854/1588/854 853/1587/853
f 863/1603/863 826/1558/826 854/1659/854
f 855/1591/855 814/1590/814 873/1660/873
f 838/1562/838 892/1661/892 758/1425/758
f 758/1425/758 892/1661/892 771/1450/771
f 893/1662/893 750/1411/750 710/1339/710
f 839/1563/839 848/1578/848 894/1663/894
f 877/1630/877 858/1664/858 832/1551/832
f 858/1594/858 868/1612/868 799/1491/799
f 763/1665/763 785/1666/785 869/1667/869
f 859/1595/859 792/1514/792 878/1632/878
f 859/1668/859 879/1669/879 765/1670/765
f 850/1580/850 833/1553/833 895/1671/895
f 800/1492/800 896/1672/896 776/1457/776
f 846/1673/846 897/1674/897 883/1675/883
f 835/1556/835 898/1676/898 846/1574/846
f 884/1645/884 886/1647/886 899/1677/899
f 900/1678/900 901/1679/901 885/1648/885
f 885/1648/885 901/1679/901 887/1649/887
f 887/1680/887 902/1681/902 886/1682/886
f 901/1679/901 903/1683/903 887/1649/887
f 903/1684/903 904/1685/904 887/1686/887
f 901/1687/901 905/1688/905 903/1689/903
f 905/1688/905 906/1690/906 903/1689/903
f 904/1685/904 888/1691/888 887/1686/887
f 904/1692/904 889/1652/889 888/1651/888
f 903/1693/903 907/1694/907 904/1692/904
f 907/1694/907 889/1652/889 904/1692/904
f 907/1694/907 871/1617/871 889/1652/889
f 889/1652/889 861/1597/861 888/1651/888
f 890/1653/890 891/1657/891 852/1585/852
f 749/1497/749 803/1496/803 795/1695/795
f 725/1367/725 750/1411/750 893/1662/893
f 865/1696/865 908/1697/908 817/1698/817
f 789/1624/789 817/1698/817 875/1622/875
f 829/1547/829 839/1563/839 894/1663/894
f 818/1626/818 909/1699/909 820/1700/820
f 820/1700/820 910/1701/910 844/1702/844
f 844/1572/844 910/1703/910 867/1610/867
f 752/1417/752 911/1704/911 866/1608/866
f 752/1417/752 774/1705/774 911/1704/911
f 912/1706/912 845/1573/845 867/1610/867
f 821/1533/821 798/1490/798 913/1707/913
f 880/1635/880 914/1708/914 813/1636/813
f 813/1636/813 914/1708/914 800/1709/800
f 883/1641/883 860/1596/860 777/1458/777
f 884/1645/884 899/1677/899 915/1710/915
f 884/1645/884 916/1711/916 885/1646/885
f 885/1648/885 917/1712/917 900/1678/900
f 901/1679/901 900/1678/900 905/1713/905
f 906/1714/906 907/1694/907 903/1693/903
f 906/1714/906 918/1715/918 907/1694/907
f 871/1617/871 918/1715/918 890/1653/890
f 862/1598/862 919/1716/919 870/1616/870
f 862/1656/862 872/1655/872 919/1717/919
f 891/1718/891 920/1719/920 854/1659/854
f 855/1591/855 921/1720/921 872/1618/872
f 854/1659/854 920/1719/920 863/1603/863
f 855/1591/855 873/1660/873 921/1720/921
f 741/1393/741 922/1721/922 781/1465/781
f 829/1547/829 894/1663/894 830/1607/830
f 830/1625/830 909/1699/909 818/1626/818
f 909/1699/909 910/1701/910 820/1700/820
f 831/1609/831 866/1608/866 857/1722/857
f 923/1723/923 841/1565/841 845/1573/845
f 923/1724/923 877/1725/877 841/1726/841
f 924/1727/924 849/1579/849 821/1533/821
f 924/1727/924 821/1533/821 913/1707/913
f 764/1537/764 806/1581/806 851/1583/851
f 881/1638/881 895/1671/895 833/1553/833
f 835/1556/835 776/1457/776 896/1672/896
f 915/1710/915 899/1677/899 925/1728/925
f 926/1729/926 899/1677/899 886/1647/886
f 902/1681/902 887/1680/887 927/1730/927
f 907/1694/907 918/1715/918 871/1617/871
f 781/1465/781 768/1443/768 767/1442/767
f 894/1663/894 928/1731/928 830/1607/830
f 909/1699/909 830/1625/830 928/1732/928
f 929/1733/929 894/1734/894 848/1735/848
f 819/1570/819 876/1628/876 848/1736/848
f 876/1737/876 840/1738/840 930/1739/930
f 840/1738/840 857/1740/857 930/1739/930
f 774/1705/774 849/1741/849 911/1704/911
f 877/1725/877 931/1742/931 858/1743/858
f 879/1744/879 880/1745/880 807/1746/807
f 846/1673/846 932/1747/932 897/1674/897
f 898/1748/898 932/1747/932 846/1673/846
f 933/1749/933 934/1750/934 915/1710/915
f 915/1710/915 934/1750/934 916/1711/916
f 915/1710/915 916/1711/916 884/1645/884
f 886/1682/886 902/1681/902 926/1751/926
f 885/1648/885 935/1752/935 917/1712/917
f 936/1753/936 905/1754/905 900/1755/900
f 887/1686/887 888/1691/888 927/1756/927
f 888/1651/888 870/1616/870 937/1757/937
f 870/1616/870 919/1716/919 937/1757/937
f 725/1605/725 893/1758/893 864/1604/864
f 817/1698/817 908/1697/908 875/1622/875
f 894/1734/894 929/1733/929 928/1732/928
f 848/1759/848 876/1737/876 929/1760/929
f 845/1573/845 912/1706/912 923/1723/923
f 878/1761/878 824/1536/824 868/1612/868
f 851/1583/851 938/1762/938 764/1537/764
f 914/1708/914 939/1763/939 800/1709/800
f 933/1749/933 915/1710/915 925/1728/925
f 900/1678/900 917/1712/917 936/1764/936
f 902/1681/902 927/1730/927 940/1765/940
f 905/1766/905 941/1767/941 906/1714/906
f 906/1714/906 941/1767/941 942/1768/942
f 906/1714/906 942/1768/942 918/1715/918
f 918/1715/918 943/1769/943 890/1653/890
f 890/1770/890 943/1771/943 891/1772/891
f 891/1772/891 944/1773/944 920/1774/920
f 793/1482/793 863/1603/863 809/1505/809
f 809/1505/809 945/1775/945 803/1619/803
f 873/1660/873 828/1776/828 946/1777/946
f 828/1542/828 856/1592/856 946/1778/946
f 857/1740/857 947/1779/947 930/1739/930
f 866/1608/866 947/1780/947 857/1722/857
f 910/1701/910 948/1781/948 867/1782/867
f 948/1781/948 912/1783/912 867/1782/867
f 912/1784/912 949/1785/949 923/1786/923
f 950/1787/950 951/1788/951 858/1743/858
f 858/1789/858 951/1790/951 868/1791/868
f 880/1635/880 952/1792/952 914/1708/914
f 939/1763/939 896/1793/896 800/1709/800
f 899/1677/899 953/1794/953 925/1728/925
f 926/1729/926 953/1794/953 899/1677/899
f 885/1646/885 916/1711/916 935/1795/935
f 936/1753/936 941/1796/941 905/1754/905
f 888/1691/888 954/1797/954 927/1756/927
f 888/1651/888 937/1757/937 954/1798/954
f 943/1771/943 944/1773/944 891/1772/891
f 872/1655/872 955/1799/955 919/1717/919
f 872/1655/872 921/1800/921 955/1799/955
f 920/1719/920 956/1801/956 863/1603/863
f 795/1485/795 957/1802/957 838/1562/838
f 922/1803/922 741/1804/741 958/1805/958
f 929/1733/929 959/1806/959 928/1732/928
f 928/1732/928 959/1806/959 909/1699/909
f 960/1807/960 876/1737/876 930/1739/930
f 949/1808/949 877/1725/877 923/1724/923
f 950/1787/950 858/1743/858 931/1742/931
f 868/1809/868 961/1810/961 878/1811/878
f 869/1812/869 785/1813/785 825/1814/825
f 825/1538/825 764/1537/764 938/1762/938
f 962/1815/962 851/1583/851 850/1582/850
f 926/1751/926 902/1681/902 940/1765/940
f 963/1816/963 940/1817/940 927/1756/927
f 963/1816/963 927/1756/927 954/1797/954
f 942/1768/942 943/1769/943 918/1715/918
f 964/1818/964 919/1717/919 955/1799/955
f 956/1819/956 920/1774/920 944/1773/944
f 921/1720/921 873/1660/873 965/1820/965
f 966/1821/966 809/1505/809 863/1603/863
f 965/1820/965 873/1660/873 946/1777/946
f 874/1621/874 893/1662/893 710/1339/710
f 876/1737/876 967/1822/967 929/1760/929
f 876/1737/876 960/1807/960 967/1822/967
f 909/1699/909 948/1781/948 910/1701/910
f 798/1823/798 823/1824/823 913/1825/913
f 869/1812/869 825/1814/825 968/1826/968
f 880/1745/880 879/1744/879 969/1827/969
f 880/1635/880 969/1828/969 952/1792/952
f 914/1708/914 970/1829/970 939/1763/939
f 933/1749/933 971/1830/971 934/1750/934
f 956/1801/956 966/1821/966 863/1603/863
f 892/1661/892 972/1831/972 771/1450/771
f 781/1832/781 973/1833/973 768/1462/768
f 874/1621/874 768/1462/768 973/1833/973
f 741/1804/741 815/1623/815 958/1805/958
f 929/1834/929 967/1835/967 959/1836/959
f 909/1699/909 959/1806/959 948/1781/948
f 849/1741/849 974/1837/974 911/1704/911
f 823/1613/823 869/1615/869 975/1838/975
f 976/1839/976 859/1840/859 878/1841/878
f 952/1792/952 970/1829/970 914/1708/914
f 883/1842/883 977/1843/977 860/1844/860
f 896/1672/896 898/1676/898 835/1556/835
f 917/1712/917 978/1845/978 936/1764/936
f 936/1753/936 978/1846/978 979/1847/979
f 919/1717/919 964/1818/964 937/1848/937
f 957/1802/957 980/1849/980 838/1562/838
f 980/1849/980 892/1661/892 838/1562/838
f 875/1622/875 908/1697/908 981/1850/981
f 875/1622/875 981/1850/981 815/1623/815
f 948/1781/948 982/1851/982 912/1783/912
f 974/1852/974 983/1853/983 911/1854/911
f 949/1808/949 984/1855/984 877/1725/877
f 823/1613/823 975/1838/975 913/1856/913
f 825/1814/825 985/1857/985 968/1826/968
f 851/1583/851 962/1815/962 938/1762/938
f 859/1858/859 976/1859/976 879/1744/879
f 879/1744/879 986/1860/986 969/1827/969
f 895/1671/895 987/1861/987 850/1580/850
f 940/1765/940 953/1862/953 926/1751/926
f 940/1765/940 988/1863/988 953/1862/953
f 944/1773/944 989/1864/989 956/1819/956
f 809/1505/809 966/1821/966 945/1775/945
f 803/1619/803 990/1865/990 795/1866/795
f 771/1867/771 972/1868/972 865/1696/865
f 967/1822/967 960/1807/960 991/1869/991
f 959/1806/959 982/1851/982 948/1781/948
f 911/1704/911 947/1780/947 866/1608/866
f 911/1704/911 983/1870/983 947/1780/947
f 982/1871/982 992/1872/992 912/1873/912
f 992/1872/992 949/1874/949 912/1873/912
f 849/1875/849 924/1876/924 974/1852/974
f 825/1814/825 938/1877/938 985/1857/985
f 976/1859/976 986/1860/986 879/1744/879
f 860/1844/860 993/1878/993 882/1879/882
f 934/1750/934 994/1880/994 916/1711/916
f 925/1728/925 953/1794/953 995/1881/995
f 940/1817/940 963/1816/963 988/1882/988
f 979/1847/979 941/1796/941 936/1753/936
f 963/1816/963 954/1797/954 996/1883/996
f 943/1771/943 942/1884/942 997/1885/997
f 943/1771/943 997/1885/997 944/1773/944
f 955/1799/955 921/1800/921 998/1886/998
f 921/1720/921 965/1820/965 998/1887/998
f 945/1775/945 990/1865/990 803/1619/803
f 856/1592/856 864/1604/864 999/1888/999
f 864/1604/864 893/1758/893 1000/1889/1000
f 980/1890/980 972/1891/972 892/1892/892
f 959/1836/959 967/1835/967 1001/1893/1001
f 967/1835/967 991/1894/991 1001/1893/1001
f 877/1725/877 984/1855/984 931/1742/931
f 986/1860/986 1002/1895/1002 969/1827/969
f 1002/1896/1002 1003/1897/1003 1004/1898/1004
f 1003/1897/1003 1005/1899/1005 1004/1898/1004
f 969/1828/969 1004/1900/1004 952/1792/952
f 1004/1900/1004 1006/1901/1006 952/1792/952
f 952/1792/952 1006/1901/1006 970/1829/970
f 860/1844/860 977/1843/977 993/1878/993
f 896/1902/896 1007/1903/1007 898/1904/898
f 934/1750/934 971/1830/971 1008/1905/1008
f 933/1749/933 1009/1906/1009 971/1830/971
f 934/1750/934 1008/1905/1008 994/1880/994
f 933/1749/933 925/1728/925 1009/1906/1009
f 925/1907/925 1010/1908/1010 1009/1909/1009
f 935/1752/935 978/1845/978 917/1712/917
f 963/1816/963 996/1883/996 988/1882/988
f 944/1773/944 997/1885/997 989/1864/989
f 856/1592/856 1011/1910/1011 946/1778/946
f 972/1868/972 1012/1911/1012 865/1696/865
f 908/1697/908 1013/1912/1013 981/1850/981
f 959/1836/959 1001/1893/1001 982/1871/982
f 913/1913/913 1014/1914/1014 924/1915/924
f 961/1916/961 976/1839/976 878/1841/878
f 969/1827/969 1002/1895/1002 1004/1917/1004
f 1015/1918/1015 1006/1919/1006 1005/1899/1005
f 1004/1898/1004 1005/1899/1005 1006/1919/1006
f 1016/1920/1016 977/1921/977 883/1922/883
f 939/1763/939 970/1829/970 1017/1923/1017
f 898/1748/898 1018/1924/1018 932/1747/932
f 939/1763/939 1007/1925/1007 896/1793/896
f 916/1711/916 1019/1926/1019 935/1795/935
f 935/1752/935 1020/1927/1020 978/1845/978
f 941/1767/941 1021/1928/1021 942/1768/942
f 937/1848/937 964/1818/964 1022/1929/1022
f 856/1592/856 999/1888/999 1011/1910/1011
f 930/1739/930 1023/1930/1023 960/1807/960
f 949/1874/949 992/1872/992 984/1931/984
f 924/1876/924 1024/1932/1024 974/1852/974
f 913/1856/913 975/1838/975 1025/1933/1025
f 869/1615/869 968/1934/968 975/1838/975
f 1026/1935/1026 1002/1896/1002 986/1936/986
f 1027/1937/1027 1003/1897/1003 1002/1896/1002
f 1006/1901/1006 1028/1938/1028 970/1829/970
f 834/1555/834 882/1640/882 881/1939/881
f 882/1640/882 1029/1940/1029 881/1939/881
f 897/1941/897 1016/1920/1016 883/1922/883
f 1019/1926/1019 1020/1942/1020 935/1795/935
f 954/1798/954 937/1757/937 1022/1943/1022
f 1021/1944/1021 997/1885/997 942/1884/942
f 964/1818/964 955/1799/955 1030/1945/1030
f 1031/1946/1031 966/1821/966 956/1801/956
f 1032/1947/1032 908/1697/908 865/1696/865
f 1033/1948/1033 950/1787/950 931/1742/931
f 1003/1897/1003 1027/1937/1027 1034/1949/1034
f 1015/1918/1015 1035/1950/1035 1006/1919/1006
f 1036/1951/1036 882/1879/882 993/1878/993
f 916/1711/916 994/1880/994 1019/1926/1019
f 1019/1926/1019 1037/1952/1037 1020/1942/1020
f 1038/1953/1038 1039/1954/1039 979/1847/979
f 979/1847/979 1039/1954/1039 941/1796/941
f 996/1883/996 954/1797/954 1022/1955/1022
f 955/1799/955 998/1886/998 1030/1945/1030
f 989/1864/989 1031/1956/1031 956/1819/956
f 893/1758/893 874/1957/874 1000/1889/1000
f 1012/1911/1012 1032/1947/1032 865/1696/865
f 781/1832/781 922/1958/922 973/1833/973
f 982/1871/982 1001/1893/1001 992/1872/992
f 931/1742/931 984/1855/984 1033/1948/1033
f 1034/1959/1034 1040/1960/1040 1003/1961/1003
f 1035/1962/1035 1028/1938/1028 1006/1901/1006
f 977/1843/977 1041/1963/1041 993/1878/993
f 1041/1963/1041 1036/1951/1036 993/1878/993
f 1017/1923/1017 1007/1925/1007 939/1763/939
f 1018/1964/1018 898/1965/898 1042/1966/1042
f 941/1767/941 1039/1967/1039 1021/1928/1021
f 1031/1946/1031 945/1775/945 966/1821/966
f 864/1604/864 1043/1968/1043 999/1888/999
f 864/1604/864 1000/1889/1000 1043/1968/1043
f 874/1957/874 973/1969/973 1044/1970/1044
f 947/1779/947 1023/1930/1023 930/1739/930
f 913/1913/913 1045/1971/1045 1014/1914/1014
f 950/1787/950 1046/1972/1046 951/1788/951
f 976/1973/976 1026/1935/1026 986/1936/986
f 1002/1896/1002 1026/1935/1026 1027/1937/1027
f 1040/1974/1040 1047/1975/1047 1005/1976/1005
f 1003/1897/1003 1040/1977/1040 1005/1899/1005
f 1047/1975/1047 1048/1978/1048 1005/1976/1005
f 1005/1976/1005 1048/1978/1048 1015/1979/1015
f 881/1638/881 1049/1980/1049 895/1671/895
f 1036/1951/1036 1029/1981/1029 882/1879/882
f 970/1829/970 1028/1938/1028 1017/1923/1017
f 1016/1920/1016 1050/1982/1050 977/1921/977
f 925/1728/925 995/1881/995 1010/1983/1010
f 978/1845/978 1020/1927/1020 979/1984/979
f 1021/1944/1021 1051/1985/1051 997/1885/997
f 964/1818/964 1030/1945/1030 1052/1986/1052
f 981/1850/981 1053/1987/1053 815/1623/815
f 815/1623/815 1053/1987/1053 958/1805/958
f 1023/1930/1023 991/1869/991 960/1807/960
f 992/1872/992 1054/1988/1054 984/1931/984
f 976/1839/976 961/1916/961 1055/1989/1055
f 1056/1990/1056 1047/1991/1047 1040/1992/1040
f 1057/1993/1057 1048/1994/1048 1047/1991/1047
f 895/1671/895 1058/1995/1058 987/1861/987
f 1059/1996/1059 1035/1997/1035 1015/1979/1015
f 932/1747/932 1060/1998/1060 897/1674/897
f 1016/1920/1016 1061/1999/1061 1050/1982/1050
f 1050/1982/1050 1041/2000/1041 977/1921/977
f 1041/1963/1041 1062/2001/1062 1036/1951/1036
f 1008/1905/1008 1063/2002/1063 994/1880/994
f 994/1880/994 1063/2002/1063 1019/1926/1019
f 953/1862/953 988/1863/988 1064/2003/1064
f 997/1885/997 1051/1985/1051 989/1864/989
f 998/1887/998 965/1820/965 1065/2004/1065
f 990/1865/990 957/2005/957 795/1866/795
f 973/1969/973 1066/2006/1066 1044/1970/1044
f 922/2007/922 1067/2008/1067 973/2009/973
f 922/2007/922 958/2010/958 1067/2008/1067
f 981/1850/981 1068/2011/1068 1053/1987/1053
f 924/1915/924 1014/1914/1014 1024/2012/1024
f 1025/2013/1025 1045/2014/1045 913/2015/913
f 1025/2016/1025 975/2017/975 1069/2018/1069
f 868/2019/868 1070/2020/1070 961/1916/961
f 976/1839/976 1071/2021/1071 1026/2022/1026
f 1034/1949/1034 1027/1937/1027 1072/2023/1072
f 1027/1937/1027 1071/2024/1071 1072/2023/1072
f 1027/1937/1027 1026/1935/1026 1071/2024/1071
f 1058/1995/1058 895/1671/895 1049/1980/1049
f 897/1941/897 1073/2025/1073 1074/2026/1074
f 897/1941/897 1074/2026/1074 1016/1920/1016
f 1036/1951/1036 1075/2027/1075 1029/1981/1029
f 1036/1951/1036 1062/2001/1062 1075/2027/1075
f 953/2028/953 1076/2029/1076 995/2030/995
f 1020/1927/1020 1038/2031/1038 979/1984/979
f 964/1818/964 1052/1986/1052 1022/1929/1022
f 946/1777/946 1077/2032/1077 965/1820/965
f 946/1777/946 1078/2033/1078 1077/2032/1077
f 1032/1947/1032 1013/1912/1013 908/1697/908
f 983/1853/983 1023/2034/1023 947/2035/947
f 1056/2036/1056 1040/1960/1040 1034/1959/1034
f 1057/1993/1057 1079/2037/1079 1048/1994/1048
f 1079/2038/1079 1080/2039/1080 1048/1978/1048
f 1048/1978/1048 1080/2039/1080 1015/1979/1015
f 1029/2040/1029 1049/1980/1049 881/1638/881
f 1028/2041/1028 1035/2042/1035 1081/2043/1081
f 897/2044/897 1060/2045/1060 1073/2046/1073
f 1016/1920/1016 1074/2026/1074 1061/1999/1061
f 1018/1924/1018 1060/1998/1060 932/1747/932
f 1061/1999/1061 1082/2047/1082 1050/1982/1050
f 1050/1982/1050 1082/2047/1082 1041/2000/1041
f 1041/1963/1041 1083/2048/1083 1062/2001/1062
f 1084/2049/1084 1007/2050/1007 1017/2051/1017
f 1007/1903/1007 1042/2052/1042 898/1904/898
f 1019/1926/1019 1063/2002/1063 1085/2053/1085
f 1020/1927/1020 1037/2054/1037 1038/2031/1038
f 996/1883/996 1086/2055/1086 988/1882/988
f 1022/1955/1022 1087/2056/1087 996/1883/996
f 1039/2057/1039 1051/1985/1051 1021/1944/1021
f 1022/1929/1022 1052/1986/1052 1087/2058/1087
f 989/1864/989 1088/2059/1088 1031/1956/1031
f 946/1777/946 1011/2060/1011 1078/2033/1078
f 973/2009/973 1067/2008/1067 1066/2061/1066
f 1013/1912/1013 1068/2011/1068 981/1850/981
f 983/1853/983 1089/2062/1089 1023/2034/1023
f 1001/1893/1001 1054/1988/1054 992/1872/992
f 951/1790/951 1070/2063/1070 868/1791/868
f 975/2017/975 1090/2064/1090 1069/2018/1069
f 975/2017/975 968/2065/968 1090/2064/1090
f 1072/2066/1072 1091/2067/1091 1034/1959/1034
f 1092/2068/1092 1047/1991/1047 1056/1990/1056
f 1080/2039/1080 1059/1996/1059 1015/1979/1015
f 1028/2041/1028 1081/2043/1081 1017/2051/1017
f 1061/1999/1061 1074/2026/1074 1082/2047/1082
f 1082/2047/1082 1093/2069/1093 1041/2000/1041
f 1093/2069/1093 1083/2070/1083 1041/2000/1041
f 1063/2071/1063 1008/2072/1008 1094/2073/1094
f 1010/1908/1010 1095/2074/1095 1009/1909/1009
f 1051/1985/1051 1088/2059/1088 989/1864/989
f 1030/1945/1030 998/1886/998 1096/2075/1096
f 1001/1893/1001 991/1894/991 1097/2076/1097
f 1046/1972/1046 950/1787/950 1033/1948/1033
f 1098/2077/1098 1071/2021/1071 976/1839/976
f 1099/2078/1099 938/2079/938 962/2080/962
f 1092/2068/1092 1057/1993/1057 1047/1991/1047
f 1100/2081/1100 850/2082/850 987/2083/987
f 1101/2084/1101 1079/2037/1079 1057/1993/1057
f 1029/1981/1029 1102/2085/1102 1049/2086/1049
f 1103/2087/1103 1073/2046/1073 1060/2045/1060
f 1074/2026/1074 1073/2025/1073 1082/2047/1082
f 1073/2025/1073 1104/2088/1104 1082/2047/1082
f 1102/2085/1102 1029/1981/1029 1075/2027/1075
f 1104/2088/1104 1093/2069/1093 1082/2047/1082
f 1105/2089/1105 971/2090/971 1009/2091/1009
f 1105/2089/1105 1009/2091/1009 1095/2092/1095
f 1095/2093/1095 1010/2094/1010 1106/2095/1106
f 1106/2095/1106 1010/2094/1010 995/2030/995
f 1085/2053/1085 1037/1952/1037 1019/1926/1019
f 996/1883/996 1087/2056/1087 1086/2055/1086
f 1038/1953/1038 1107/2096/1107 1039/1954/1039
f 1096/2097/1096 998/1887/998 1065/2004/1065
f 1065/2004/1065 965/1820/965 1077/2032/1077
f 1108/2098/1108 990/2099/990 945/2100/945
f 1109/2101/1109 1011/1910/1011 999/1888/999
f 874/1957/874 1044/1970/1044 1110/2102/1110
f 991/1894/991 1111/2103/1111 1097/2076/1097
f 983/1853/983 974/1852/974 1112/2104/1112
f 1112/2104/1112 974/1852/974 1024/1932/1024
f 1033/1948/1033 984/1855/984 1054/2105/1054
f 1025/2016/1025 1069/2018/1069 1113/2106/1113
f 1069/2018/1069 1090/2064/1090 1114/2107/1114
f 968/1826/968 985/1857/985 1115/2108/1115
f 1092/2068/1092 1056/1990/1056 1116/2109/1116
f 1101/2084/1101 1057/1993/1057 1092/2068/1092
f 1018/1924/1018 1117/2110/1117 1060/1998/1060
f 1118/2111/1118 1081/2043/1081 1035/2042/1035
f 1008/2072/1008 971/2090/971 1094/2073/1094
f 1094/2073/1094 1085/2112/1085 1063/2071/1063
f 953/2028/953 1064/2113/1064 1076/2029/1076
f 1031/2114/1031 1108/2098/1108 945/2100/945
f 1000/1889/1000 874/1957/874 1110/2102/1110
f 972/1868/972 1119/2115/1119 1012/1911/1012
f 1013/1912/1013 1032/1947/1032 1068/2011/1068
f 1054/2105/1054 1120/2116/1120 1033/1948/1033
f 1055/1989/1055 1098/2077/1098 976/1839/976
f 1034/1959/1034 1091/2067/1091 1056/2036/1056
f 850/1582/850 1100/2117/1100 962/1815/962
f 987/2118/987 1058/2119/1058 1121/2120/1121
f 1059/1996/1059 1122/2121/1122 1035/1997/1035
f 1035/2042/1035 1122/2122/1122 1118/2111/1118
f 1103/2123/1103 1104/2088/1104 1073/2025/1073
f 1081/2043/1081 1084/2049/1084 1017/2051/1017
f 1018/1924/1018 1123/2124/1123 1117/2110/1117
f 1093/2069/1093 1124/2125/1124 1083/2070/1083
f 1007/1903/1007 1125/2126/1125 1042/2052/1042
f 988/1882/988 1086/2055/1086 1064/2127/1064
f 1126/2128/1126 1107/2129/1107 1038/2130/1038
f 1039/2057/1039 1127/2131/1127 1051/1985/1051
f 1127/2131/1127 1088/2059/1088 1051/1985/1051
f 1052/1986/1052 1030/1945/1030 1128/2132/1128
f 1030/1945/1030 1096/2075/1096 1128/2132/1128
f 1032/1947/1032 1012/1911/1012 1129/2133/1129
f 1053/2134/1053 1130/2135/1130 958/2136/958
f 1067/2008/1067 958/2010/958 1130/2137/1130
f 1023/2034/1023 1111/2138/1111 991/2139/991
f 1023/2034/1023 1131/2140/1131 1111/2138/1111
f 983/1853/983 1112/2104/1112 1089/2062/1089
f 1054/1988/1054 1001/1893/1001 1097/2076/1097
f 1024/1932/1024 1132/2141/1132 1112/2104/1112
f 1070/2020/1070 1133/2142/1133 961/1916/961
f 968/1826/968 1115/2108/1115 1090/2143/1090
f 1116/2109/1116 1056/1990/1056 1134/2144/1134
f 1056/1990/1056 1091/2145/1091 1134/2144/1134
f 987/2118/987 1121/2120/1121 1100/2146/1100
f 1079/2037/1079 1135/2147/1135 1080/2148/1080
f 1059/1996/1059 1080/2039/1080 1135/2149/1135
f 1104/2088/1104 1136/2150/1136 1093/2069/1093
f 995/2030/995 1076/2029/1076 1106/2095/1106
f 1106/2095/1106 1076/2029/1076 1137/2151/1137
f 1085/2053/1085 1138/2152/1138 1037/1952/1037
f 1139/2153/1139 1038/2031/1038 1037/2054/1037
f 1110/2102/1110 1043/1968/1043 1000/1889/1000
f 1131/2140/1131 1023/2034/1023 1089/2062/1089
f 1097/2076/1097 1140/2154/1140 1054/1988/1054
f 1113/2106/1113 1069/2018/1069 1114/2107/1114
f 1141/2155/1141 1101/2084/1101 1092/2068/1092
f 1142/2156/1142 1101/2084/1101 1143/2157/1143
f 1142/2156/1142 1079/2037/1079 1101/2084/1101
f 1144/2158/1144 1058/2159/1058 1049/2160/1049
f 1145/2161/1145 1102/2162/1102 1075/2163/1075
f 1084/2049/1084 1081/2043/1081 1118/2111/1118
f 1042/2052/1042 1123/2164/1123 1018/2165/1018
f 1062/2001/1062 1146/2166/1146 1075/2027/1075
f 1124/2125/1124 1093/2069/1093 1136/2150/1136
f 1138/2152/1138 1139/2167/1139 1037/1952/1037
f 1107/2168/1107 1127/2131/1127 1039/2057/1039
f 1088/2059/1088 1147/2169/1147 1031/1956/1031
f 1045/2014/1045 1025/2013/1025 1148/2170/1148
f 1133/2142/1133 1055/1989/1055 961/1916/961
f 1091/2171/1091 1072/2172/1072 1149/2173/1149
f 1071/2021/1071 1150/2174/1150 1072/2175/1072
f 1116/2109/1116 1151/2176/1151 1092/2068/1092
f 1151/2176/1151 1141/2155/1141 1092/2068/1092
f 1142/2156/1142 1135/2147/1135 1079/2037/1079
f 1103/2087/1103 1152/2177/1152 1104/2178/1104
f 1083/2070/1083 1124/2125/1124 1062/2179/1062
f 1064/2180/1064 1086/2181/1086 1153/2182/1153
f 1139/2183/1139 1126/2128/1126 1038/2130/1038
f 1086/2181/1086 1087/2184/1087 1154/2185/1154
f 1052/1986/1052 1155/2186/1155 1087/2058/1087
f 1127/2131/1127 1156/2187/1156 1088/2059/1088
f 1088/2059/1088 1157/2188/1157 1147/2169/1147
f 1077/2032/1077 1158/2189/1158 1065/2004/1065
f 1077/2032/1077 1078/2033/1078 1159/2190/1159
f 1160/2191/1160 980/2192/980 957/2193/957
f 999/1888/999 1043/1968/1043 1109/2101/1109
f 1110/2194/1110 1044/2195/1044 1161/2196/1161
f 1119/2115/1119 1129/2133/1129 1012/1911/1012
f 951/1788/951 1046/1972/1046 1162/2197/1162
f 1025/2013/1025 1113/2198/1113 1148/2170/1148
f 1070/2020/1070 1163/2199/1163 1133/2142/1133
f 938/2079/938 1099/2078/1099 985/2200/985
f 1141/2155/1141 1143/2157/1143 1101/2084/1101
f 1059/1996/1059 1164/2201/1164 1122/2121/1122
f 1103/2087/1103 1060/2045/1060 1117/2202/1117
f 1124/2203/1124 1165/2204/1165 1062/2205/1062
f 1156/2187/1156 1157/2188/1157 1088/2059/1088
f 1108/2098/1108 1166/2206/1166 990/2099/990
f 1166/2206/1166 957/2193/957 990/2099/990
f 1078/2033/1078 1011/2060/1011 1109/2207/1109
f 980/2192/980 1119/2208/1119 972/2209/972
f 1167/2210/1167 1140/2154/1140 1097/2076/1097
f 1014/1914/1014 1132/2211/1132 1024/2012/1024
f 1120/2212/1120 1054/1988/1054 1140/2154/1140
f 1090/2213/1090 1115/2214/1115 1168/2215/1168
f 1169/2216/1169 1141/2217/1141 1151/2218/1151
f 1170/2219/1170 962/1815/962 1100/2117/1100
f 1100/2117/1100 1121/2220/1121 1171/2221/1171
f 1059/1996/1059 1135/2149/1135 1172/2222/1172
f 1122/2122/1122 1173/2223/1173 1118/2111/1118
f 1173/2223/1173 1174/2224/1174 1118/2111/1118
f 1152/2225/1152 1136/2150/1136 1104/2088/1104
f 1145/2161/1145 1075/2163/1075 1146/2226/1146
f 1146/2226/1146 1062/2227/1062 1165/2228/1165
f 1084/2049/1084 1125/2229/1125 1007/2050/1007
f 1123/2164/1123 1042/2052/1042 1125/2126/1125
f 1175/2230/1175 1124/2125/1124 1136/2150/1136
f 1176/2231/1176 971/2090/971 1105/2089/1105
f 1177/2232/1177 1085/2112/1085 1094/2073/1094
f 1076/2029/1076 1064/2113/1064 1178/2233/1178
f 1154/2234/1154 1087/2058/1087 1155/2186/1155
f 1096/2097/1096 1065/2004/1065 1158/2189/1158
f 1179/2235/1179 1078/2033/1078 1109/2207/1109
f 951/2236/951 1162/2237/1162 1070/2238/1070
f 1180/2239/1180 1098/2077/1098 1055/1989/1055
f 1150/2174/1150 1071/2021/1071 1098/2077/1098
f 1072/2240/1072 1150/2241/1150 1149/2242/1149
f 1141/2243/1141 1181/2244/1181 1143/2245/1143
f 1059/1996/1059 1172/2222/1172 1164/2201/1164
f 1117/2202/1117 1182/2246/1182 1103/2087/1103
f 1123/2247/1123 1183/2248/1183 1117/2249/1117
f 1124/2250/1124 1184/2251/1184 1165/2228/1165
f 1124/2252/1124 1175/2253/1175 1184/2254/1184
f 1137/2151/1137 1076/2029/1076 1185/2255/1185
f 1155/2186/1155 1052/1986/1052 1128/2132/1128
f 1128/2132/1128 1096/2075/1096 1186/2256/1186
f 1147/2257/1147 1108/2258/1108 1031/2259/1031
f 1109/2101/1109 1043/1968/1043 1187/2260/1187
f 1044/2195/1044 1066/2061/1066 1161/2196/1161
f 1068/2011/1068 1188/2261/1188 1053/1987/1053
f 1111/2138/1111 1131/2140/1131 1189/2262/1189
f 1112/2263/1112 1132/2264/1132 1190/2265/1190
f 1133/2142/1133 1180/2239/1180 1055/1989/1055
f 1116/2109/1116 1134/2144/1134 1191/2266/1191
f 1091/2145/1091 1192/2267/1192 1134/2144/1134
f 1149/2268/1149 1192/2269/1192 1091/2270/1091
f 1116/2271/1116 1191/2272/1191 1151/2218/1151
f 962/2080/962 1170/2273/1170 1099/2078/1099
f 1181/2244/1181 1193/2274/1193 1143/2245/1143
f 1143/2245/1143 1193/2274/1193 1142/2275/1142
f 1194/2276/1194 1135/2147/1135 1142/2156/1142
f 1145/2277/1145 1195/2278/1195 1102/2279/1102
f 1077/2032/1077 1159/2190/1159 1158/2189/1158
f 1078/2033/1078 1179/2235/1179 1159/2190/1159
f 957/2193/957 1166/2206/1166 1160/2191/1160
f 980/2192/980 1196/2280/1196 1119/2208/1119
f 1111/2103/1111 1197/2281/1197 1097/2076/1097
f 1097/2076/1097 1197/2281/1197 1167/2210/1167
f 1098/2077/1098 1180/2239/1180 1198/2282/1198
f 985/2200/985 1199/2283/1199 1115/2214/1115
f 1141/2243/1141 1169/2284/1169 1181/2244/1181
f 1170/2273/1170 1200/2285/1200 1099/2078/1099
f 1058/2119/1058 1201/2286/1201 1121/2120/1121
f 1144/2158/1144 1201/2287/1201 1058/2159/1058
f 1142/2156/1142 1193/2288/1193 1194/2276/1194
f 1144/2158/1144 1049/2160/1049 1202/2289/1202
f 1049/2160/1049 1102/2279/1102 1202/2289/1202
f 1103/2087/1103 1182/2246/1182 1152/2177/1152
f 1122/2290/1122 1164/2291/1164 1173/2292/1173
f 1203/2293/1203 1183/2248/1183 1123/2247/1123
f 1084/2049/1084 1204/2294/1204 1125/2229/1125
f 1165/2228/1165 1205/2295/1205 1146/2226/1146
f 1165/2228/1165 1184/2251/1184 1205/2295/1205
f 1184/2251/1184 1206/2296/1206 1205/2295/1205
f 1205/2295/1205 1207/2297/1207 1208/2298/1208
f 1208/2299/1208 1209/2300/1209 1210/2301/1210
f 1205/2295/1205 1206/2296/1206 1207/2297/1207
f 1206/2296/1206 1211/2302/1211 1207/2297/1207
f 1208/2298/1208 1207/2297/1207 1209/2303/1209
f 1207/2297/1207 1211/2302/1211 1212/2304/1212
f 971/2090/971 1176/2231/1176 1094/2073/1094
f 1095/2092/1095 1213/2305/1213 1105/2089/1105
f 1076/2029/1076 1178/2233/1178 1185/2255/1185
f 1153/2182/1153 1086/2181/1086 1214/2306/1214
f 1086/2181/1086 1154/2185/1154 1215/2307/1215
f 1155/2308/1155 1216/2309/1216 1154/2310/1154
f 1217/2311/1217 1157/2188/1157 1156/2187/1156
f 1032/1947/1032 1218/2312/1218 1068/2011/1068
f 1167/2210/1167 1219/2313/1219 1140/2154/1140
f 1140/2154/1140 1219/2313/1219 1220/2314/1220
f 1140/2315/1140 1220/2316/1220 1120/2116/1120
f 1133/2142/1133 1221/2317/1221 1180/2239/1180
f 1198/2282/1198 1150/2174/1150 1098/2077/1098
f 1151/2218/1151 1191/2272/1191 1222/2318/1222
f 1201/2286/1201 1171/2319/1171 1121/2120/1121
f 1194/2276/1194 1223/2320/1223 1135/2147/1135
f 1135/2147/1135 1224/2321/1224 1172/2322/1172
f 1117/2202/1117 1225/2323/1225 1182/2246/1182
f 1145/2277/1145 1226/2324/1226 1195/2278/1195
f 1195/2278/1195 1226/2324/1226 1210/2301/1210
f 1226/2324/1226 1208/2299/1208 1210/2301/1210
f 1146/2226/1146 1226/2325/1226 1145/2161/1145
f 1118/2111/1118 1174/2224/1174 1084/2049/1084
f 1136/2326/1136 1227/2327/1227 1175/2253/1175
f 1146/2226/1146 1205/2295/1205 1226/2325/1226
f 1208/2298/1208 1226/2325/1226 1205/2295/1205
f 1206/2328/1206 1184/2254/1184 1175/2253/1175
f 1206/2328/1206 1228/2329/1228 1211/2330/1211
f 1086/2181/1086 1215/2307/1215 1214/2306/1214
f 1107/2168/1107 1229/2331/1229 1127/2131/1127
f 1127/2131/1127 1229/2331/1229 1156/2187/1156
f 1229/2331/1229 1217/2311/1217 1156/2187/1156
f 1043/1968/1043 1110/2102/1110 1187/2260/1187
f 1218/2312/1218 1230/2332/1230 1068/2011/1068
f 1189/2262/1189 1197/2333/1197 1111/2138/1111
f 1120/2116/1120 1231/2334/1231 1033/1948/1033
f 1198/2282/1198 1232/2335/1232 1150/2174/1150
f 1222/2318/1222 1169/2216/1169 1151/2218/1151
f 1100/2117/1100 1233/2336/1233 1170/2219/1170
f 1201/2286/1201 1234/2337/1234 1171/2319/1171
f 1223/2320/1223 1224/2321/1224 1135/2147/1135
f 1102/2279/1102 1195/2278/1195 1202/2289/1202
f 1235/2338/1235 1164/2201/1164 1172/2222/1172
f 1173/2223/1173 1236/2339/1236 1174/2224/1174
f 1204/2340/1204 1237/2341/1237 1125/2342/1125
f 1209/2300/1209 1238/2343/1238 1210/2301/1210
f 1209/2300/1209 1239/2344/1239 1238/2343/1238
f 1206/2328/1206 1240/2345/1240 1228/2329/1228
f 1209/2303/1209 1207/2297/1207 1239/2346/1239
f 1139/2183/1139 1241/2347/1241 1126/2128/1126
f 1128/2132/1128 1186/2256/1186 1242/2348/1242
f 1110/2194/1110 1161/2196/1161 1243/2349/1243
f 1032/1947/1032 1129/2133/1129 1218/2312/1218
f 1053/2134/1053 1188/2350/1188 1130/2135/1130
f 1089/2062/1089 1189/2262/1189 1131/2140/1131
f 1045/2014/1045 1244/2351/1244 1014/2352/1014
f 1046/1972/1046 1033/1948/1033 1231/2334/1231
f 1114/2353/1114 1090/2213/1090 1168/2215/1168
f 1168/2215/1168 1115/2214/1115 1245/2354/1245
f 1134/2144/1134 1246/2355/1246 1191/2266/1191
f 1191/2272/1191 1247/2356/1247 1222/2318/1222
f 985/2200/985 1099/2078/1099 1199/2283/1199
f 1169/2284/1169 1248/2357/1248 1181/2244/1181
f 1100/2117/1100 1171/2221/1171 1233/2336/1233
f 1172/2222/1172 1249/2358/1249 1235/2338/1235
f 1164/2291/1164 1235/2359/1235 1173/2292/1173
f 1125/2126/1125 1203/2360/1203 1123/2164/1123
f 1175/2253/1175 1227/2327/1227 1240/2345/1240
f 1210/2301/1210 1238/2343/1238 1250/2361/1250
f 1175/2253/1175 1240/2345/1240 1206/2328/1206
f 1212/2304/1212 1239/2346/1239 1207/2297/1207
f 1213/2362/1213 1095/2093/1095 1106/2095/1106
f 1185/2363/1185 1178/2364/1178 1251/2365/1251
f 1064/2366/1064 1153/2367/1153 1178/2364/1178
f 1155/2186/1155 1128/2132/1128 1242/2348/1242
f 1196/2280/1196 980/2192/980 1160/2191/1160
f 1187/2368/1187 1110/2194/1110 1243/2349/1243
f 1161/2196/1161 1066/2061/1066 1252/2369/1252
f 1230/2370/1230 1188/2350/1188 1068/2371/1068
f 1219/2313/1219 1167/2210/1167 1253/2372/1253
f 1163/2199/1163 1070/2020/1070 1162/2373/1162
f 1199/2283/1199 1245/2354/1245 1115/2214/1115
f 1222/2318/1222 1248/2374/1248 1169/2216/1169
f 1254/2375/1254 1193/2274/1193 1181/2244/1181
f 1255/2376/1255 1201/2286/1201 1144/2377/1144
f 1144/2158/1144 1202/2289/1202 1255/2378/1255
f 1224/2321/1224 1249/2379/1249 1172/2322/1172
f 1202/2289/1202 1195/2278/1195 1256/2380/1256
f 1257/2381/1257 1182/2246/1182 1225/2323/1225
f 1236/2339/1236 1173/2223/1173 1235/2382/1235
f 1256/2380/1256 1195/2278/1195 1210/2301/1210
f 1258/2383/1258 1136/2150/1136 1152/2225/1152
f 1210/2301/1210 1250/2361/1250 1256/2380/1256
f 1204/2294/1204 1084/2049/1084 1174/2224/1174
f 1237/2341/1237 1203/2384/1203 1125/2342/1125
f 1211/2330/1211 1228/2329/1228 1259/2385/1259
f 1153/2367/1153 1214/2386/1214 1260/2387/1260
f 1126/2128/1126 1261/2388/1261 1107/2129/1107
f 1107/2129/1107 1261/2388/1261 1229/2389/1229
f 1262/2390/1262 1158/2189/1158 1159/2190/1159
f 1179/2235/1179 1109/2207/1109 1263/2391/1263
f 1196/2280/1196 1264/2392/1264 1119/2208/1119
f 1129/2133/1129 1265/2393/1265 1218/2312/1218
f 1112/2104/1112 1266/2394/1266 1089/2062/1089
f 1089/2062/1089 1266/2394/1266 1189/2262/1189
f 1220/2316/1220 1231/2334/1231 1120/2116/1120
f 1168/2215/1168 1245/2354/1245 1267/2395/1267
f 1150/2241/1150 1232/2396/1232 1149/2242/1149
f 1134/2144/1134 1192/2267/1192 1246/2355/1246
f 1149/2397/1149 1268/2398/1268 1192/2399/1192
f 1269/2400/1269 1193/2274/1193 1254/2375/1254
f 1269/2400/1269 1194/2401/1194 1193/2274/1193
f 1182/2246/1182 1257/2381/1257 1152/2177/1152
f 1211/2330/1211 1270/2402/1270 1212/2403/1212
f 1211/2330/1211 1259/2385/1259 1270/2402/1270
f 1242/2348/1242 1216/2404/1216 1155/2186/1155
f 1096/2075/1096 1271/2405/1271 1186/2256/1186
f 1272/2406/1272 1167/2210/1167 1197/2281/1197
f 1014/1914/1014 1244/2407/1244 1132/2211/1132
f 1046/2408/1046 1231/2409/1231 1162/2410/1162
f 1192/2399/1192 1268/2398/1268 1273/2411/1273
f 1202/2289/1202 1256/2380/1256 1255/2378/1255
f 1224/2321/1224 1223/2320/1223 1274/2412/1274
f 1257/2381/1257 1275/2413/1275 1152/2177/1152
f 1240/2345/1240 1276/2414/1276 1228/2329/1228
f 1094/2073/1094 1176/2231/1176 1177/2232/1177
f 1177/2232/1177 1277/2415/1277 1085/2112/1085
f 1138/2416/1138 1241/2417/1241 1139/2418/1139
f 1178/2364/1178 1153/2367/1153 1260/2387/1260
f 1154/2185/1154 1216/2419/1216 1215/2307/1215
f 1096/2097/1096 1158/2189/1158 1271/2420/1271
f 1157/2421/1157 1278/2422/1278 1147/2257/1147
f 1158/2189/1158 1262/2390/1262 1271/2420/1271
f 1147/2257/1147 1278/2422/1278 1108/2258/1108
f 1159/2190/1159 1179/2235/1179 1262/2390/1262
f 1187/2368/1187 1279/2423/1279 1109/2424/1109
f 1161/2196/1161 1280/2425/1280 1243/2349/1243
f 1161/2196/1161 1252/2369/1252 1280/2425/1280
f 1066/2061/1066 1067/2008/1067 1252/2369/1252
f 1130/2137/1130 1281/2426/1281 1067/2008/1067
f 1112/2104/1112 1190/2427/1190 1266/2394/1266
f 1189/2262/1189 1282/2428/1282 1197/2333/1197
f 1045/2014/1045 1148/2170/1148 1283/2429/1283
f 1253/2430/1253 1284/2431/1284 1219/2432/1219
f 1180/2239/1180 1221/2317/1221 1285/2433/1285
f 1180/2239/1180 1285/2433/1285 1198/2282/1198
f 1192/2399/1192 1273/2411/1273 1246/2434/1246
f 1248/2357/1248 1254/2375/1254 1181/2244/1181
f 1171/2221/1171 1234/2435/1234 1286/2436/1286
f 1201/2286/1201 1255/2376/1255 1234/2337/1234
f 1269/2400/1269 1287/2437/1287 1194/2401/1194
f 1194/2401/1194 1287/2437/1287 1223/2438/1223
f 1288/2439/1288 1257/2381/1257 1225/2323/1225
f 1174/2224/1174 1236/2339/1236 1204/2294/1204
f 1239/2440/1239 1289/2441/1289 1238/2442/1238
f 1239/2346/1239 1212/2304/1212 1270/2443/1270
f 1276/2414/1276 1290/2444/1290 1228/2329/1228
f 1277/2415/1277 1138/2445/1138 1085/2112/1085
f 1178/2364/1178 1260/2387/1260 1291/2446/1291
f 1214/2447/1214 1215/2448/1215 1292/2449/1292
f 1261/2388/1261 1293/2450/1293 1229/2389/1229
f 1217/2451/1217 1278/2422/1278 1157/2421/1157
f 1160/2191/1160 1294/2452/1294 1196/2280/1196
f 1187/2368/1187 1295/2453/1295 1279/2423/1279
f 1190/2265/1190 1132/2264/1132 1296/2454/1296
f 1297/2455/1297 1282/2428/1282 1189/2262/1189
f 1272/2456/1272 1197/2333/1197 1282/2428/1282
f 1219/2432/1219 1298/2457/1298 1220/2458/1220
f 1246/2459/1246 1299/2460/1299 1191/2272/1191
f 1171/2221/1171 1286/2436/1286 1300/2461/1300
f 1256/2380/1256 1301/2462/1301 1255/2378/1255
f 1117/2202/1117 1288/2439/1288 1225/2323/1225
f 1183/2463/1183 1288/2439/1288 1117/2202/1117
f 1136/2326/1136 1258/2464/1258 1227/2327/1227
f 1227/2327/1227 1302/2465/1302 1240/2345/1240
f 1290/2444/1290 1259/2385/1259 1228/2329/1228
f 1106/2095/1106 1137/2151/1137 1213/2362/1213
f 1137/2151/1137 1303/2466/1303 1213/2362/1213
f 1178/2364/1178 1291/2446/1291 1251/2365/1251
f 1126/2128/1126 1304/2467/1304 1261/2388/1261
f 1216/2468/1216 1305/2469/1305 1215/2470/1215
f 1293/2450/1293 1306/2471/1306 1229/2389/1229
f 1306/2472/1306 1217/2311/1217 1229/2331/1229
f 1186/2256/1186 1271/2405/1271 1307/2473/1307
f 1166/2474/1166 1108/2258/1108 1308/2475/1308
f 1067/2008/1067 1281/2426/1281 1252/2369/1252
f 1045/2014/1045 1283/2429/1283 1244/2351/1244
f 1231/2476/1231 1220/2458/1220 1309/2477/1309
f 1133/2142/1133 1163/2199/1163 1221/2317/1221
f 1246/2459/1246 1310/2478/1310 1299/2460/1299
f 1198/2282/1198 1285/2433/1285 1311/2479/1311
f 1198/2480/1198 1311/2481/1311 1232/2396/1232
f 1232/2396/1232 1268/2482/1268 1149/2242/1149
f 1199/2283/1199 1099/2078/1099 1312/2483/1312
f 1099/2078/1099 1200/2285/1200 1312/2483/1312
f 1224/2321/1224 1313/2484/1313 1249/2379/1249
f 1257/2381/1257 1288/2439/1288 1275/2413/1275
f 1256/2380/1256 1250/2361/1250 1301/2462/1301
f 1236/2339/1236 1235/2382/1235 1314/2485/1314
f 1236/2339/1236 1314/2485/1314 1204/2294/1204
f 1227/2327/1227 1258/2464/1258 1302/2465/1302
f 1137/2151/1137 1185/2255/1185 1303/2466/1303
f 1241/2347/1241 1304/2467/1304 1126/2128/1126
f 1242/2348/1242 1186/2256/1186 1315/2486/1315
f 1271/2420/1271 1262/2390/1262 1316/2487/1316
f 1278/2422/1278 1308/2475/1308 1108/2258/1108
f 1179/2235/1179 1263/2391/1263 1262/2390/1262
f 1263/2391/1263 1109/2207/1109 1279/2488/1279
f 1187/2368/1187 1243/2349/1243 1295/2453/1295
f 1130/2135/1130 1188/2350/1188 1281/2489/1281
f 1148/2170/1148 1317/2490/1317 1283/2429/1283
f 1272/2406/1272 1253/2372/1253 1167/2210/1167
f 1284/2431/1284 1298/2457/1298 1219/2432/1219
f 1253/2491/1253 1318/2492/1318 1284/2493/1284
f 1162/2373/1162 1319/2494/1319 1163/2199/1163
f 1299/2460/1299 1247/2356/1247 1191/2272/1191
f 1320/2495/1320 1268/2482/1268 1232/2396/1232
f 1321/2496/1321 1248/2374/1248 1222/2318/1222
f 1234/2337/1234 1255/2376/1255 1322/2497/1322
f 1323/2498/1323 1235/2499/1235 1249/2500/1249
f 1324/2501/1324 1259/2385/1259 1290/2444/1290
f 1325/2502/1325 1270/2402/1270 1259/2385/1259
f 1241/2503/1241 1138/2504/1138 1326/2505/1326
f 1291/2446/1291 1260/2387/1260 1327/2506/1327
f 1292/2449/1292 1215/2448/1215 1305/2507/1305
f 1328/2508/1328 1261/2388/1261 1304/2467/1304
f 1328/2508/1328 1293/2450/1293 1261/2388/1261
f 1329/2509/1329 1216/2404/1216 1242/2348/1242
f 1306/2510/1306 1330/2511/1330 1217/2451/1217
f 1315/2512/1315 1307/2513/1307 1331/2514/1331
f 1315/2486/1315 1186/2256/1186 1307/2473/1307
f 1294/2452/1294 1264/2392/1264 1196/2280/1196
f 1264/2392/1264 1129/2515/1129 1119/2208/1119
f 1266/2516/1266 1190/2265/1190 1332/2517/1332
f 1148/2518/1148 1113/2519/1113 1333/2520/1333
f 1168/2215/1168 1267/2395/1267 1334/2521/1334
f 1267/2395/1267 1245/2354/1245 1335/2522/1335
f 1311/2481/1311 1320/2495/1320 1232/2396/1232
f 1336/2523/1336 1274/2412/1274 1223/2320/1223
f 1255/2376/1255 1301/2524/1301 1322/2497/1322
f 1337/2525/1337 1239/2526/1239 1270/2527/1270
f 1327/2506/1327 1260/2387/1260 1214/2386/1214
f 1217/2451/1217 1330/2511/1330 1338/2528/1338
f 1217/2451/1217 1338/2528/1338 1278/2422/1278
f 1339/2529/1339 1308/2475/1308 1278/2422/1278
f 1166/2530/1166 1308/2531/1308 1160/2532/1160
f 1252/2369/1252 1281/2426/1281 1340/2533/1340
f 1190/2265/1190 1296/2454/1296 1341/2534/1341
f 1332/2535/1332 1297/2455/1297 1189/2262/1189
f 1220/2458/1220 1298/2457/1298 1342/2536/1342
f 1114/2353/1114 1343/2537/1343 1113/2519/1113
f 1247/2356/1247 1321/2496/1321 1222/2318/1222
f 1268/2398/1268 1344/2538/1344 1273/2411/1273
f 1199/2283/1199 1312/2483/1312 1345/2539/1345
f 1234/2435/1234 1322/2540/1322 1286/2436/1286
f 1274/2412/1274 1313/2484/1313 1224/2321/1224
f 1313/2541/1313 1346/2542/1346 1249/2500/1249
f 1288/2439/1288 1347/2543/1347 1348/2544/1348
f 1250/2361/1250 1349/2545/1349 1301/2462/1301
f 1239/2440/1239 1337/2546/1337 1289/2441/1289
f 1325/2502/1325 1259/2385/1259 1324/2501/1324
f 1216/2468/1216 1350/2547/1350 1305/2469/1305
f 1216/2468/1216 1329/2548/1329 1350/2547/1350
f 1242/2348/1242 1315/2486/1315 1329/2509/1329
f 1340/2533/1340 1280/2425/1280 1252/2369/1252
f 1266/2394/1266 1332/2535/1332 1189/2262/1189
f 1220/2458/1220 1342/2536/1342 1309/2477/1309
f 1284/2431/1284 1351/2549/1351 1298/2457/1298
f 1284/2493/1284 1318/2492/1318 1352/2550/1352
f 1284/2493/1284 1353/2551/1353 1351/2552/1351
f 1273/2411/1273 1354/2553/1354 1246/2434/1246
f 1268/2482/1268 1320/2495/1320 1344/2554/1344
f 1273/2411/1273 1344/2538/1344 1354/2553/1354
f 1171/2221/1171 1300/2461/1300 1233/2336/1233
f 1223/2438/1223 1287/2437/1287 1336/2555/1336
f 1288/2439/1288 1355/2556/1355 1347/2543/1347
f 1288/2439/1288 1348/2544/1348 1275/2413/1275
f 1288/2439/1288 1356/2557/1356 1355/2556/1355
f 1288/2558/1288 1183/2559/1183 1356/2560/1356
f 1238/2343/1238 1349/2545/1349 1250/2361/1250
f 1240/2345/1240 1302/2465/1302 1357/2561/1357
f 1357/2561/1357 1276/2414/1276 1240/2345/1240
f 1276/2414/1276 1358/2562/1358 1290/2444/1290
f 1277/2563/1277 1326/2564/1326 1138/2565/1138
f 1327/2566/1327 1214/2567/1214 1359/2568/1359
f 1214/2567/1214 1292/2569/1292 1359/2568/1359
f 1304/2467/1304 1360/2570/1360 1328/2508/1328
f 1361/2571/1361 1305/2572/1305 1350/2573/1350
f 1362/2574/1362 1293/2450/1293 1328/2508/1328
f 1350/2547/1350 1329/2548/1329 1363/2575/1363
f 1315/2512/1315 1364/2576/1364 1329/2577/1329
f 1264/2392/1264 1265/2578/1265 1129/2515/1129
f 1272/2579/1272 1282/2580/1282 1365/2581/1365
f 1365/2581/1365 1366/2582/1366 1272/2579/1272
f 1272/2583/1272 1366/2584/1366 1253/2585/1253
f 1253/2585/1253 1366/2584/1366 1318/2586/1318
f 1231/2587/1231 1367/2588/1367 1162/2589/1162
f 1162/2589/1162 1367/2588/1367 1319/2590/1319
f 1368/2591/1368 1352/2550/1352 1318/2492/1318
f 1113/2519/1113 1343/2537/1343 1333/2520/1333
f 1168/2215/1168 1343/2537/1343 1114/2353/1114
f 1245/2354/1245 1199/2283/1199 1345/2539/1345
f 1249/2500/1249 1346/2542/1346 1323/2498/1323
f 1323/2592/1323 1314/2485/1314 1235/2382/1235
f 1369/2593/1369 1302/2594/1302 1258/2595/1258
f 1290/2444/1290 1358/2562/1358 1324/2501/1324
f 1324/2596/1324 1370/2597/1370 1325/2598/1325
f 1305/2599/1305 1361/2600/1361 1292/2569/1292
f 1360/2570/1360 1362/2574/1362 1328/2508/1328
f 1361/2601/1361 1350/2602/1350 1371/2603/1371
f 1362/2574/1362 1371/2603/1371 1293/2450/1293
f 1371/2604/1371 1350/2547/1350 1363/2575/1363
f 1371/2604/1371 1372/2605/1372 1293/2606/1293
f 1293/2607/1293 1372/2608/1372 1306/2510/1306
f 1363/2609/1363 1329/2577/1329 1364/2576/1364
f 1364/2576/1364 1315/2512/1315 1331/2514/1331
f 1331/2514/1331 1307/2513/1307 1373/2610/1373
f 1338/2528/1338 1330/2511/1330 1374/2611/1374
f 1278/2422/1278 1338/2528/1338 1339/2529/1339
f 1263/2391/1263 1279/2488/1279 1375/2612/1375
f 1190/2265/1190 1341/2534/1341 1332/2517/1332
f 1284/2493/1284 1352/2550/1352 1353/2551/1353
f 1168/2215/1168 1334/2521/1334 1343/2537/1343
f 1344/2554/1344 1320/2495/1320 1376/2613/1376
f 1344/2538/1344 1377/2614/1377 1354/2553/1354
f 1344/2538/1344 1376/2615/1376 1377/2614/1377
f 1321/2496/1321 1378/2616/1378 1248/2374/1248
f 1248/2357/1248 1379/2617/1379 1254/2375/1254
f 1286/2436/1286 1380/2618/1380 1300/2461/1300
f 1269/2400/1269 1381/2619/1381 1287/2437/1287
f 1301/2524/1301 1382/2620/1382 1322/2497/1322
f 1274/2412/1274 1383/2621/1383 1313/2484/1313
f 1313/2541/1313 1384/2622/1384 1346/2542/1346
f 1347/2543/1347 1385/2623/1385 1348/2544/1348
f 1323/2592/1323 1386/2624/1386 1314/2485/1314
f 1314/2485/1314 1387/2625/1387 1204/2294/1204
f 1204/2294/1204 1387/2625/1387 1237/2626/1237
f 1251/2627/1251 1291/2628/1291 1388/2629/1388
f 1241/2503/1241 1389/2630/1389 1304/2631/1304
f 1327/2566/1327 1359/2568/1359 1390/2632/1390
f 1304/2631/1304 1391/2633/1391 1360/2634/1360
f 1362/2574/1362 1361/2601/1361 1371/2603/1371
f 1371/2604/1371 1363/2575/1363 1372/2605/1372
f 1363/2609/1363 1364/2576/1364 1392/2635/1392
f 1218/2636/1218 1265/2637/1265 1230/2370/1230
f 1281/2489/1281 1188/2350/1188 1393/2638/1393
f 1366/2639/1366 1365/2640/1365 1394/2641/1394
f 1366/2584/1366 1395/2642/1395 1318/2586/1318
f 1396/2643/1396 1310/2478/1310 1246/2459/1246
f 1311/2481/1311 1285/2644/1285 1397/2645/1397
f 1396/2646/1396 1246/2434/1246 1354/2553/1354
f 1398/2647/1398 1320/2495/1320 1311/2481/1311
f 1399/2648/1399 1200/2285/1200 1170/2273/1170
f 1380/2618/1380 1286/2436/1286 1322/2540/1322
f 1400/2649/1400 1385/2623/1385 1347/2543/1347
f 1400/2649/1400 1347/2543/1347 1355/2556/1355
f 1401/2650/1401 1152/2177/1152 1275/2413/1275
f 1402/2651/1402 1301/2462/1301 1349/2545/1349
f 1349/2545/1349 1238/2343/1238 1289/2652/1289
f 1403/2653/1403 1176/2231/1176 1105/2089/1105
f 1303/2466/1303 1185/2255/1185 1404/2654/1404
f 1185/2655/1185 1251/2656/1251 1405/2657/1405
f 1391/2633/1391 1304/2631/1304 1389/2630/1389
f 1360/2634/1360 1406/2658/1406 1362/2659/1362
f 1406/2658/1406 1361/2660/1361 1362/2659/1362
f 1363/2609/1363 1392/2635/1392 1372/2608/1372
f 1407/2661/1407 1372/2608/1372 1392/2635/1392
f 1306/2510/1306 1372/2608/1372 1330/2511/1330
f 1372/2608/1372 1407/2661/1407 1330/2511/1330
f 1364/2576/1364 1331/2514/1331 1392/2635/1392
f 1392/2635/1392 1331/2514/1331 1408/2662/1408
f 1373/2663/1373 1307/2664/1307 1271/2665/1271
f 1316/2487/1316 1262/2390/1262 1263/2391/1263
f 1409/2666/1409 1308/2475/1308 1339/2529/1339
f 1409/2667/1409 1160/2532/1160 1308/2531/1308
f 1375/2612/1375 1279/2488/1279 1295/2668/1295
f 1410/2669/1410 1295/2453/1295 1243/2349/1243
f 1410/2669/1410 1243/2349/1243 1280/2425/1280
f 1340/2533/1340 1281/2426/1281 1411/2670/1411
f 1412/2671/1412 1332/2672/1332 1341/2673/1341
f 1296/2674/1296 1132/2675/1132 1244/2676/1244
f 1296/2677/1296 1244/2351/1244 1413/2678/1413
f 1414/2679/1414 1297/2680/1297 1332/2681/1332
f 1395/2642/1395 1415/2682/1415 1318/2586/1318
f 1333/2520/1333 1343/2537/1343 1416/2683/1416
f 1163/2199/1163 1319/2494/1319 1221/2317/1221
f 1417/2684/1417 1418/2685/1418 1419/2686/1419
f 1418/2685/1418 1420/2687/1420 1419/2686/1419
f 1419/2686/1419 1420/2687/1420 1421/2688/1421
f 1421/2688/1421 1422/2689/1422 1419/2686/1419
f 1221/2317/1221 1397/2690/1397 1285/2433/1285
f 1419/2686/1419 1422/2689/1422 1417/2684/1417
f 1320/2495/1320 1398/2647/1398 1376/2613/1376
f 1312/2483/1312 1200/2285/1200 1423/2691/1423
f 1254/2375/1254 1379/2617/1379 1269/2400/1269
f 1336/2555/1336 1383/2692/1383 1274/2693/1274
f 1385/2623/1385 1275/2413/1275 1348/2544/1348
f 1270/2527/1270 1424/2694/1424 1337/2525/1337
f 1270/2527/1270 1325/2598/1325 1424/2694/1424
f 1358/2695/1358 1425/2696/1425 1324/2596/1324
f 1326/2505/1326 1389/2630/1389 1241/2503/1241
f 1426/2697/1426 1292/2569/1292 1361/2600/1361
f 1406/2658/1406 1426/2698/1426 1361/2660/1361
f 1407/2661/1407 1374/2611/1374 1330/2511/1330
f 1392/2635/1392 1408/2662/1408 1407/2661/1407
f 1331/2514/1331 1373/2610/1373 1408/2662/1408
f 1427/2699/1427 1264/2700/1264 1294/2701/1294
f 1410/2669/1410 1280/2425/1280 1340/2533/1340
f 1428/2702/1428 1230/2370/1230 1265/2637/1265
f 1230/2370/1230 1393/2638/1393 1188/2350/1188
f 1393/2638/1393 1411/2703/1411 1281/2489/1281
f 1283/2429/1283 1413/2678/1413 1244/2351/1244
f 1231/2587/1231 1309/2704/1309 1367/2588/1367
f 1415/2682/1415 1368/2705/1368 1318/2586/1318
f 1368/2706/1368 1429/2707/1429 1352/2708/1352
f 1418/2709/1418 1430/2710/1430 1420/2711/1420
f 1420/2711/1420 1430/2710/1430 1431/2712/1431
f 1431/2713/1431 1432/2714/1432 1420/2715/1420
f 1221/2716/1221 1433/2717/1433 1397/2645/1397
f 1417/2684/1417 1422/2689/1422 1434/2718/1434
f 1420/2715/1420 1432/2714/1432 1421/2719/1421
f 1267/2395/1267 1335/2522/1335 1334/2521/1334
f 1422/2689/1422 1421/2688/1421 1435/2720/1435
f 1299/2460/1299 1436/2721/1436 1247/2356/1247
f 1248/2374/1248 1378/2616/1378 1379/2722/1379
f 1200/2285/1200 1399/2648/1399 1423/2691/1423
f 1275/2723/1275 1437/2724/1437 1401/2725/1401
f 1183/2726/1183 1438/2727/1438 1356/2728/1356
f 1152/2225/1152 1401/2729/1401 1258/2383/1258
f 1203/2384/1203 1438/2727/1438 1183/2726/1183
f 1387/2730/1387 1439/2731/1439 1237/2341/1237
f 1237/2341/1237 1439/2731/1439 1203/2384/1203
f 1105/2089/1105 1213/2305/1213 1440/2732/1440
f 1213/2362/1213 1303/2466/1303 1441/2733/1441
f 1251/2734/1251 1442/2735/1442 1405/2736/1405
f 1291/2628/1291 1327/2566/1327 1443/2737/1443
f 1292/2569/1292 1426/2697/1426 1359/2568/1359
f 1374/2611/1374 1407/2661/1407 1444/2738/1444
f 1316/2739/1316 1445/2740/1445 1271/2665/1271
f 1338/2528/1338 1446/2741/1446 1339/2529/1339
f 1295/2742/1295 1447/2743/1447 1375/2744/1375
f 1160/2532/1160 1409/2667/1409 1294/2701/1294
f 1148/2170/1148 1333/2745/1333 1317/2490/1317
f 1366/2639/1366 1394/2641/1394 1395/2746/1395
f 1431/2713/1431 1448/2747/1448 1432/2714/1432
f 1422/2689/1422 1449/2748/1449 1434/2718/1434
f 1450/2749/1450 1451/2750/1451 1448/2747/1448
f 1450/2751/1450 1452/2752/1452 1451/2753/1451
f 1422/2689/1422 1435/2720/1435 1449/2748/1449
f 1421/2688/1421 1453/2754/1453 1435/2720/1435
f 1269/2400/1269 1379/2617/1379 1381/2619/1381
f 1380/2618/1380 1454/2755/1454 1300/2461/1300
f 1381/2619/1381 1455/2756/1455 1287/2437/1287
f 1313/2541/1313 1456/2757/1456 1384/2622/1384
f 1383/2758/1383 1456/2757/1456 1313/2541/1313
f 1275/2413/1275 1385/2623/1385 1457/2759/1457
f 1275/2413/1275 1457/2759/1457 1437/2760/1437
f 1323/2592/1323 1458/2761/1458 1386/2624/1386
f 1314/2485/1314 1386/2624/1386 1387/2625/1387
f 1203/2384/1203 1439/2731/1439 1438/2727/1438
f 1276/2414/1276 1357/2561/1357 1358/2562/1358
f 1459/2762/1459 1289/2441/1289 1337/2546/1337
f 1425/2696/1425 1370/2597/1370 1324/2596/1324
f 1370/2597/1370 1460/2763/1460 1325/2598/1325
f 1176/2231/1176 1461/2764/1461 1177/2232/1177
f 1105/2089/1105 1440/2732/1440 1403/2653/1403
f 1405/2736/1405 1404/2765/1404 1185/2766/1185
f 1408/2662/1408 1444/2738/1444 1407/2661/1407
f 1373/2663/1373 1444/2767/1444 1408/2768/1408
f 1263/2391/1263 1375/2612/1375 1316/2487/1316
f 1339/2769/1339 1446/2770/1446 1409/2771/1409
f 1295/2453/1295 1410/2669/1410 1447/2772/1447
f 1264/2700/1264 1427/2699/1427 1265/2637/1265
f 1340/2533/1340 1462/2773/1462 1410/2669/1410
f 1411/2670/1411 1462/2773/1462 1340/2533/1340
f 1282/2580/1282 1297/2680/1297 1463/2774/1463
f 1282/2580/1282 1464/2775/1464 1365/2581/1365
f 1465/2776/1465 1368/2706/1368 1415/2777/1415
f 1343/2537/1343 1334/2521/1334 1416/2683/1416
f 1319/2494/1319 1433/2778/1433 1221/2317/1221
f 1431/2712/1431 1430/2710/1430 1448/2779/1448
f 1448/2747/1448 1451/2750/1451 1432/2714/1432
f 1450/2751/1450 1466/2780/1466 1452/2752/1452
f 1466/2780/1466 1467/2781/1467 1452/2752/1452
f 1429/2782/1429 1468/2783/1468 1352/2550/1352
f 1467/2781/1467 1469/2784/1469 1452/2752/1452
f 1352/2550/1352 1468/2783/1468 1353/2551/1353
f 1398/2647/1398 1311/2481/1311 1470/2785/1470
f 1345/2539/1345 1312/2483/1312 1423/2691/1423
f 1170/2273/1170 1471/2786/1471 1399/2648/1399
f 1287/2437/1287 1455/2756/1455 1336/2555/1336
f 1384/2622/1384 1456/2757/1456 1472/2787/1472
f 1384/2622/1384 1473/2788/1473 1346/2542/1346
f 1355/2556/1355 1474/2789/1474 1400/2649/1400
f 1400/2649/1400 1474/2789/1474 1385/2623/1385
f 1301/2524/1301 1402/2790/1402 1382/2620/1382
f 1346/2542/1346 1458/2791/1458 1323/2498/1323
f 1302/2594/1302 1369/2593/1369 1475/2792/1475
f 1302/2594/1302 1475/2792/1475 1357/2793/1357
f 1358/2695/1358 1476/2794/1476 1425/2696/1425
f 1177/2795/1177 1477/2796/1477 1277/2797/1277
f 1291/2628/1291 1443/2737/1443 1388/2629/1388
f 1271/2665/1271 1445/2740/1445 1373/2663/1373
f 1375/2744/1375 1447/2743/1447 1478/2798/1478
f 1410/2669/1410 1479/2799/1479 1447/2772/1447
f 1332/2672/1332 1412/2671/1412 1414/2800/1414
f 1282/2580/1282 1463/2774/1463 1464/2775/1464
f 1333/2520/1333 1416/2683/1416 1480/2801/1480
f 1395/2642/1395 1481/2802/1481 1415/2682/1415
f 1417/2803/1417 1482/2804/1482 1418/2709/1418
f 1417/2805/1417 1434/2806/1434 1482/2807/1482
f 1448/2808/1448 1483/2809/1483 1450/2751/1450
f 1434/2806/1434 1449/2810/1449 1429/2707/1429
f 1429/2707/1429 1449/2810/1449 1468/2811/1468
f 1452/2752/1452 1469/2784/1469 1451/2753/1451
f 1467/2812/1467 1484/2813/1484 1469/2814/1469
f 1468/2783/1468 1485/2815/1485 1353/2551/1353
f 1397/2645/1397 1470/2785/1470 1311/2481/1311
f 1377/2614/1377 1486/2816/1486 1354/2553/1354
f 1398/2647/1398 1487/2817/1487 1376/2613/1376
f 1233/2818/1233 1471/2786/1471 1170/2273/1170
f 1300/2461/1300 1488/2819/1488 1233/2336/1233
f 1384/2622/1384 1472/2787/1472 1489/2820/1489
f 1384/2622/1384 1489/2820/1489 1473/2788/1473
f 1387/2730/1387 1386/2821/1386 1439/2731/1439
f 1475/2792/1475 1476/2794/1476 1357/2793/1357
f 1424/2694/1424 1325/2598/1325 1460/2763/1460
f 1370/2597/1370 1490/2822/1490 1460/2763/1460
f 1251/2627/1251 1388/2629/1388 1442/2823/1442
f 1327/2566/1327 1390/2632/1390 1443/2737/1443
f 1359/2568/1359 1491/2824/1491 1390/2632/1390
f 1360/2634/1360 1391/2633/1391 1492/2825/1492
f 1360/2634/1360 1492/2825/1492 1406/2658/1406
f 1492/2826/1492 1426/2697/1426 1406/2827/1406
f 1409/2667/1409 1493/2828/1493 1294/2701/1294
f 1230/2370/1230 1428/2702/1428 1393/2638/1393
f 1494/2829/1494 1394/2641/1394 1365/2640/1365
f 1298/2457/1298 1495/2830/1495 1342/2536/1342
f 1394/2641/1394 1496/2831/1496 1395/2746/1395
f 1298/2832/1298 1351/2552/1351 1497/2833/1497
f 1368/2706/1368 1465/2776/1465 1498/2834/1498
f 1368/2706/1368 1498/2834/1498 1429/2707/1429
f 1418/2709/1418 1482/2804/1482 1499/2835/1499
f 1418/2709/1418 1499/2835/1499 1430/2710/1430
f 1430/2710/1430 1483/2836/1483 1448/2779/1448
f 1432/2714/1432 1451/2750/1451 1500/2837/1500
f 1450/2751/1450 1483/2809/1483 1466/2780/1466
f 1421/2719/1421 1432/2714/1432 1500/2837/1500
f 1467/2812/1467 1501/2838/1501 1484/2813/1484
f 1436/2721/1436 1502/2839/1502 1247/2356/1247
f 1421/2688/1421 1500/2840/1500 1453/2754/1453
f 1484/2813/1484 1503/2841/1503 1469/2814/1469
f 1321/2496/1321 1247/2356/1247 1502/2839/1502
f 1377/2614/1377 1376/2615/1376 1486/2816/1486
f 1454/2755/1454 1504/2842/1504 1300/2461/1300
f 1385/2623/1385 1474/2789/1474 1457/2759/1457
f 1357/2793/1357 1476/2794/1476 1358/2695/1358
f 1303/2843/1303 1404/2765/1404 1441/2844/1441
f 1373/2663/1373 1505/2845/1505 1444/2767/1444
f 1444/2767/1444 1506/2846/1506 1374/2847/1374
f 1375/2744/1375 1478/2798/1478 1316/2739/1316
f 1446/2848/1446 1493/2828/1493 1409/2667/1409
f 1265/2637/1265 1427/2699/1427 1428/2702/1428
f 1296/2849/1296 1507/2850/1507 1341/2851/1341
f 1309/2704/1309 1342/2852/1342 1508/2853/1508
f 1309/2704/1309 1508/2853/1508 1367/2588/1367
f 1495/2854/1495 1298/2855/1298 1497/2856/1497
f 1319/2590/1319 1367/2588/1367 1433/2857/1433
f 1434/2806/1434 1498/2834/1498 1482/2807/1482
f 1498/2834/1498 1434/2806/1434 1429/2707/1429
f 1310/2478/1310 1436/2721/1436 1299/2460/1299
f 1466/2780/1466 1483/2809/1483 1467/2781/1467
f 1467/2781/1467 1483/2809/1483 1501/2858/1501
f 1503/2841/1503 1509/2859/1509 1469/2814/1469
f 1353/2860/1353 1485/2861/1485 1510/2862/1510
f 1501/2838/1501 1511/2863/1511 1484/2813/1484
f 1484/2813/1484 1511/2863/1511 1503/2841/1503
f 1321/2496/1321 1502/2839/1502 1378/2616/1378
f 1379/2722/1379 1378/2616/1378 1512/2864/1512
f 1376/2615/1376 1487/2865/1487 1486/2816/1486
f 1300/2461/1300 1504/2842/1504 1488/2819/1488
f 1380/2618/1380 1513/2866/1513 1454/2755/1454
f 1380/2618/1380 1322/2540/1322 1513/2866/1513
f 1489/2820/1489 1514/2867/1514 1515/2868/1515
f 1489/2820/1489 1515/2868/1515 1516/2869/1516
f 1489/2820/1489 1516/2869/1516 1473/2788/1473
f 1336/2555/1336 1517/2870/1517 1383/2692/1383
f 1356/2871/1356 1474/2872/1474 1355/2873/1355
f 1518/2874/1518 1457/2875/1457 1474/2872/1474
f 1519/2876/1519 1386/2624/1386 1458/2761/1458
f 1258/2595/1258 1401/2877/1401 1369/2593/1369
f 1349/2545/1349 1289/2652/1289 1520/2878/1520
f 1370/2597/1370 1425/2696/1425 1521/2879/1521
f 1403/2880/1403 1522/2881/1522 1176/2882/1176
f 1373/2663/1373 1445/2740/1445 1505/2845/1505
f 1493/2828/1493 1427/2699/1427 1294/2701/1294
f 1410/2669/1410 1462/2773/1462 1479/2799/1479
f 1523/2883/1523 1462/2884/1462 1411/2703/1411
f 1523/2883/1523 1411/2703/1411 1393/2638/1393
f 1414/2679/1414 1463/2774/1463 1297/2680/1297
f 1317/2490/1317 1333/2745/1333 1524/2885/1524
f 1333/2745/1333 1480/2886/1480 1524/2885/1524
f 1365/2581/1365 1464/2775/1464 1494/2887/1494
f 1394/2641/1394 1494/2829/1494 1496/2831/1496
f 1481/2802/1481 1525/2888/1525 1415/2682/1415
f 1465/2889/1465 1415/2890/1415 1482/2891/1482
f 1334/2892/1334 1526/2893/1526 1416/2894/1416
f 1351/2552/1351 1353/2551/1353 1497/2833/1497
f 1499/2895/1499 1527/2896/1527 1528/2897/1528
f 1499/2835/1499 1528/2898/1528 1430/2710/1430
f 1430/2899/1430 1528/2897/1528 1483/2809/1483
f 1435/2720/1435 1529/2900/1529 1449/2748/1449
f 1435/2720/1435 1453/2754/1453 1529/2900/1529
f 1530/2901/1530 1511/2863/1511 1501/2838/1501
f 1453/2754/1453 1531/2902/1531 1529/2900/1529
f 1503/2841/1503 1511/2863/1511 1532/2903/1532
f 1511/2863/1511 1530/2901/1530 1533/2904/1533
f 1397/2645/1397 1534/2905/1534 1470/2785/1470
f 1485/2861/1485 1535/2906/1535 1510/2862/1510
f 1354/2907/1354 1536/2908/1536 1537/2909/1537
f 1354/2910/1354 1486/2911/1486 1536/2912/1536
f 1322/2540/1322 1382/2913/1382 1513/2866/1513
f 1455/2756/1455 1517/2870/1517 1336/2555/1336
f 1514/2867/1514 1489/2820/1489 1538/2914/1538
f 1356/2871/1356 1518/2874/1518 1474/2872/1474
f 1473/2788/1473 1458/2791/1458 1346/2542/1346
f 1438/2727/1438 1539/2915/1539 1356/2728/1356
f 1439/2731/1439 1540/2916/1540 1438/2727/1438
f 1337/2546/1337 1424/2917/1424 1459/2762/1459
f 1476/2794/1476 1541/2918/1541 1425/2696/1425
f 1370/2597/1370 1521/2879/1521 1490/2822/1490
f 1441/2919/1441 1440/2920/1440 1213/2921/1213
f 1542/2922/1542 1389/2923/1389 1326/2564/1326
f 1543/2924/1543 1492/2825/1492 1391/2633/1391
f 1444/2767/1444 1505/2845/1505 1506/2846/1506
f 1374/2611/1374 1506/2925/1506 1338/2528/1338
f 1316/2739/1316 1478/2798/1478 1445/2740/1445
f 1506/2846/1506 1446/2926/1446 1338/2927/1338
f 1447/2743/1447 1544/2928/1544 1478/2798/1478
f 1447/2772/1447 1479/2799/1479 1544/2929/1544
f 1296/2677/1296 1413/2678/1413 1507/2930/1507
f 1395/2746/1395 1496/2831/1496 1481/2931/1481
f 1416/2894/1416 1526/2893/1526 1545/2932/1545
f 1482/2891/1482 1498/2933/1498 1465/2889/1465
f 1334/2934/1334 1335/2935/1335 1546/2936/1546
f 1500/2837/1500 1451/2750/1451 1547/2937/1547
f 1469/2938/1469 1547/2937/1547 1451/2750/1451
f 1501/2838/1501 1548/2939/1548 1530/2901/1530
f 1397/2645/1397 1433/2717/1433 1534/2905/1534
f 1449/2810/1449 1549/2940/1549 1468/2811/1468
f 1533/2904/1533 1532/2903/1532 1511/2863/1511
f 1530/2901/1530 1550/2941/1550 1533/2904/1533
f 1535/2906/1535 1551/2942/1551 1510/2862/1510
f 1398/2647/1398 1552/2943/1552 1487/2817/1487
f 1470/2785/1470 1552/2943/1552 1398/2647/1398
f 1454/2755/1454 1513/2866/1513 1504/2842/1504
f 1356/2871/1356 1553/2944/1553 1518/2874/1518
f 1457/2945/1457 1518/2946/1518 1554/2947/1554
f 1519/2948/1519 1439/2731/1439 1386/2821/1386
f 1349/2545/1349 1520/2878/1520 1402/2651/1402
f 1460/2763/1460 1555/2949/1555 1424/2694/1424
f 1176/2882/1176 1522/2881/1522 1461/2950/1461
f 1491/2824/1491 1359/2568/1359 1426/2697/1426
f 1446/2848/1446 1556/2951/1556 1493/2828/1493
f 1479/2799/1479 1462/2773/1462 1557/2952/1557
f 1523/2883/1523 1557/2953/1557 1462/2884/1462
f 1342/2852/1342 1495/2854/1495 1508/2853/1508
f 1482/2954/1482 1415/2682/1415 1525/2888/1525
f 1367/2588/1367 1508/2853/1508 1558/2955/1558
f 1367/2588/1367 1558/2955/1558 1433/2857/1433
f 1482/2956/1482 1559/2957/1559 1499/2958/1499
f 1499/2958/1499 1559/2957/1559 1527/2959/1527
f 1310/2960/1310 1560/2961/1560 1436/2962/1436
f 1510/2862/1510 1497/2963/1497 1353/2860/1353
f 1483/2809/1483 1561/2964/1561 1501/2858/1501
f 1561/2965/1561 1548/2939/1548 1501/2838/1501
f 1436/2721/1436 1562/2966/1562 1502/2839/1502
f 1469/2967/1469 1509/2968/1509 1547/2969/1547
f 1500/2840/1500 1531/2902/1531 1453/2754/1453
f 1530/2901/1530 1548/2939/1548 1550/2941/1550
f 1550/2941/1550 1563/2970/1563 1533/2904/1533
f 1335/2935/1335 1245/2971/1245 1564/2972/1564
f 1378/2616/1378 1565/2973/1565 1512/2864/1512
f 1533/2904/1533 1563/2970/1563 1566/2974/1566
f 1535/2906/1535 1567/2975/1567 1551/2942/1551
f 1563/2976/1563 1568/2977/1568 1566/2978/1566
f 1487/2865/1487 1569/2979/1569 1486/2816/1486
f 1486/2816/1486 1569/2979/1569 1570/2980/1570
f 1570/2981/1570 1571/2982/1571 1572/2983/1572
f 1488/2819/1488 1573/2984/1573 1233/2336/1233
f 1516/2869/1516 1515/2868/1515 1571/2985/1571
f 1515/2868/1515 1514/2867/1514 1571/2985/1571
f 1489/2820/1489 1472/2787/1472 1538/2914/1538
f 1516/2869/1516 1574/2986/1574 1473/2788/1473
f 1356/2871/1356 1575/2987/1575 1553/2944/1553
f 1382/2988/1382 1402/2989/1402 1576/2990/1576
f 1457/2945/1457 1554/2947/1554 1437/2991/1437
f 1577/2992/1577 1476/2794/1476 1475/2792/1475
f 1425/2696/1425 1541/2918/1541 1578/2993/1578
f 1425/2696/1425 1578/2993/1578 1521/2879/1521
f 1441/2844/1441 1404/2765/1404 1579/2994/1579
f 1404/2765/1404 1405/2736/1405 1579/2994/1579
f 1277/2563/1277 1542/2922/1542 1326/2564/1326
f 1389/2630/1389 1580/2995/1580 1391/2633/1391
f 1426/2697/1426 1581/2996/1581 1491/2824/1491
f 1505/2845/1505 1445/2740/1445 1582/2997/1582
f 1478/2798/1478 1583/2998/1583 1445/2740/1445
f 1506/2846/1506 1556/2999/1556 1446/2926/1446
f 1478/2798/1478 1544/2928/1544 1583/2998/1583
f 1479/2799/1479 1557/2952/1557 1544/2929/1544
f 1523/2883/1523 1393/2638/1393 1428/2702/1428
f 1464/2775/1464 1584/3000/1584 1494/2887/1494
f 1480/3001/1480 1416/2894/1416 1545/2932/1545
f 1494/3002/1494 1585/3003/1585 1496/3004/1496
f 1481/2931/1481 1586/3005/1586 1525/3006/1525
f 1496/2831/1496 1586/3005/1586 1481/2931/1481
f 1525/3007/1525 1559/2957/1559 1482/2956/1482
f 1546/2936/1546 1526/3008/1526 1334/2934/1334
f 1528/2897/1528 1561/2964/1561 1483/2809/1483
f 1558/2955/1558 1534/3009/1534 1433/2857/1433
f 1500/3010/1500 1587/3011/1587 1531/3012/1531
f 1354/2907/1354 1537/2909/1537 1396/3013/1396
f 1449/3014/1449 1529/3015/1529 1549/3016/1549
f 1532/2903/1532 1588/3017/1588 1503/2841/1503
f 1378/2616/1378 1502/2839/1502 1565/2973/1565
f 1533/2904/1533 1566/2974/1566 1532/2903/1532
f 1550/3018/1550 1589/3019/1589 1563/2976/1563
f 1568/2977/1568 1590/3020/1590 1566/2978/1566
f 1551/2942/1551 1567/2975/1567 1591/3021/1591
f 1423/3022/1423 1592/3023/1592 1345/3024/1345
f 1569/3025/1569 1593/3026/1593 1570/2981/1570
f 1570/2981/1570 1593/3026/1593 1571/2982/1571
f 1593/3027/1593 1516/2869/1516 1571/2985/1571
f 1514/2867/1514 1538/2914/1538 1572/3028/1572
f 1514/2867/1514 1572/3028/1572 1571/2985/1571
f 1594/3029/1594 1595/3030/1595 1596/3031/1596
f 1518/2874/1518 1553/2944/1553 1597/3032/1597
f 1356/2871/1356 1539/3033/1539 1575/2987/1575
f 1540/2916/1540 1539/2915/1539 1438/2727/1438
f 1519/2948/1519 1540/2916/1540 1439/2731/1439
f 1401/2725/1401 1598/3034/1598 1369/3035/1369
f 1289/2441/1289 1459/2762/1459 1520/3036/1520
f 1555/2949/1555 1460/2763/1460 1599/3037/1599
f 1426/2697/1426 1492/2826/1492 1581/2996/1581
f 1506/2846/1506 1505/2845/1505 1600/3038/1600
f 1445/2740/1445 1583/2998/1583 1582/2997/1582
f 1493/2828/1493 1601/3039/1601 1427/2699/1427
f 1341/2673/1341 1602/3040/1602 1412/2671/1412
f 1584/3041/1584 1585/3003/1585 1494/3002/1494
f 1495/2854/1495 1603/3042/1603 1508/2853/1508
f 1604/3043/1604 1529/3044/1529 1587/3045/1587
f 1587/3046/1587 1529/2900/1529 1531/2902/1531
f 1485/2861/1485 1468/3047/1468 1605/3048/1605
f 1549/3049/1549 1605/3048/1605 1468/3047/1468
f 1588/3017/1588 1532/2903/1532 1566/2974/1566
f 1606/3050/1606 1535/2906/1535 1485/2861/1485
f 1606/3050/1606 1485/2861/1485 1605/3048/1605
f 1588/3017/1588 1566/2974/1566 1590/3051/1590
f 1589/3019/1589 1607/3052/1607 1563/2976/1563
f 1607/3052/1607 1608/3053/1608 1563/2976/1563
f 1564/2972/1564 1245/2971/1245 1345/3024/1345
f 1608/3053/1608 1568/2977/1568 1563/2976/1563
f 1609/3054/1609 1569/3055/1569 1487/2817/1487
f 1609/3054/1609 1487/2817/1487 1552/2943/1552
f 1573/3056/1573 1471/2786/1471 1233/2818/1233
f 1597/3057/1597 1554/2947/1554 1518/2946/1518
f 1437/2724/1437 1610/3058/1610 1401/2725/1401
f 1599/3037/1599 1460/2763/1460 1490/2822/1490
f 1403/3059/1403 1440/3060/1440 1611/3061/1611
f 1477/2796/1477 1177/2795/1177 1461/2950/1461
f 1440/3060/1440 1441/2844/1441 1579/2994/1579
f 1542/2922/1542 1580/3062/1580 1389/2923/1389
f 1442/2735/1442 1388/3063/1388 1612/3064/1612
f 1580/2995/1580 1543/2924/1543 1391/2633/1391
f 1613/3065/1613 1390/2632/1390 1491/2824/1491
f 1505/2845/1505 1582/2997/1582 1600/3038/1600
f 1556/2951/1556 1601/3039/1601 1493/2828/1493
f 1601/3039/1601 1428/2702/1428 1427/2699/1427
f 1602/3066/1602 1341/3067/1341 1507/2930/1507
f 1524/3068/1524 1480/3001/1480 1614/3069/1614
f 1586/3070/1586 1496/3004/1496 1615/3071/1615
f 1616/3072/1616 1496/3004/1496 1585/3003/1585
f 1508/2853/1508 1603/3042/1603 1558/2955/1558
f 1559/3073/1559 1617/3074/1617 1527/2896/1527
f 1495/2854/1495 1497/2856/1497 1618/3075/1618
f 1436/2962/1436 1560/2961/1560 1562/3076/1562
f 1547/3077/1547 1509/3078/1509 1619/3079/1619
f 1548/2939/1548 1620/3080/1620 1550/2941/1550
f 1335/2935/1335 1564/2972/1564 1546/2936/1546
f 1549/3016/1549 1529/3015/1529 1604/3081/1604
f 1503/2841/1503 1588/3017/1588 1509/2859/1509
f 1510/2862/1510 1551/2942/1551 1621/3082/1621
f 1535/2906/1535 1606/3050/1606 1567/2975/1567
f 1534/2905/1534 1552/2943/1552 1470/2785/1470
f 1590/3020/1590 1568/2977/1568 1622/3083/1622
f 1608/3053/1608 1623/3084/1623 1568/2977/1568
f 1551/2942/1551 1591/3021/1591 1621/3082/1621
f 1592/3023/1592 1423/3022/1423 1399/3085/1399
f 1591/3021/1591 1624/3086/1624 1625/3087/1625
f 1570/2981/1570 1572/2983/1572 1626/3088/1626
f 1504/3089/1504 1513/3090/1513 1627/3091/1627
f 1594/3029/1594 1596/3031/1596 1553/2944/1553
f 1596/3031/1596 1597/3032/1597 1553/2944/1553
f 1595/3092/1595 1628/3093/1628 1596/3094/1596
f 1629/3095/1629 1458/2761/1458 1473/3096/1473
f 1402/3097/1402 1520/3098/1520 1630/3099/1630
f 1424/2917/1424 1555/3100/1555 1631/3101/1631
f 1443/3102/1443 1613/3103/1613 1388/3063/1388
f 1443/2737/1443 1390/2632/1390 1613/3065/1613
f 1506/2846/1506 1600/3038/1600 1556/2999/1556
f 1600/3038/1600 1632/3104/1632 1556/2999/1556
f 1582/2997/1582 1583/2998/1583 1633/3105/1633
f 1583/2998/1583 1544/2928/1544 1633/3105/1633
f 1544/2929/1544 1557/2952/1557 1633/3106/1633
f 1633/3107/1633 1557/2953/1557 1523/2883/1523
f 1601/3039/1601 1523/2883/1523 1428/2702/1428
f 1496/3004/1496 1616/3072/1616 1615/3071/1615
f 1585/3003/1585 1584/3041/1584 1634/3108/1634
f 1525/3006/1525 1586/3005/1586 1617/3109/1617
f 1525/3007/1525 1617/3110/1617 1559/2957/1559
f 1528/2897/1528 1635/3111/1635 1561/2964/1561
f 1636/3112/1636 1526/3008/1526 1546/2936/1546
f 1558/2955/1558 1637/3113/1637 1534/3009/1534
f 1497/2856/1497 1510/3114/1510 1618/3075/1618
f 1550/3018/1550 1620/3115/1620 1589/3019/1589
f 1589/3019/1589 1620/3115/1620 1638/3116/1638
f 1589/3019/1589 1638/3116/1638 1607/3052/1607
f 1590/3117/1590 1622/3118/1622 1639/3119/1639
f 1623/3084/1623 1622/3083/1622 1568/2977/1568
f 1591/3021/1591 1567/2975/1567 1624/3086/1624
f 1591/3120/1591 1625/3121/1625 1621/3122/1621
f 1624/3086/1624 1640/3123/1640 1625/3087/1625
f 1379/2617/1379 1641/3124/1641 1381/2619/1381
f 1625/3087/1625 1640/3123/1640 1642/3125/1642
f 1504/2842/1504 1643/3126/1643 1488/2819/1488
f 1513/3090/1513 1382/2988/1382 1644/3127/1644
f 1596/3094/1596 1628/3093/1628 1645/3128/1645
f 1597/3032/1597 1596/3031/1596 1645/3129/1645
f 1473/3096/1473 1574/3130/1574 1629/3095/1629
f 1539/2915/1539 1646/3131/1646 1575/3132/1575
f 1458/2761/1458 1629/3095/1629 1519/2876/1519
f 1610/3058/1610 1598/3034/1598 1401/2725/1401
f 1461/2950/1461 1647/3133/1647 1477/2796/1477
f 1542/2922/1542 1648/3134/1648 1580/3062/1580
f 1581/2996/1581 1649/3135/1649 1491/2824/1491
f 1582/2997/1582 1633/3105/1633 1600/3038/1600
f 1600/3038/1600 1633/3105/1633 1632/3104/1632
f 1556/2951/1556 1632/3136/1632 1601/3039/1601
f 1632/3136/1632 1633/3107/1633 1601/3039/1601
f 1523/2883/1523 1601/3039/1601 1633/3107/1633
f 1412/2671/1412 1650/3137/1650 1414/2800/1414
f 1317/2490/1317 1651/3138/1651 1283/2429/1283
f 1464/2775/1464 1652/3139/1652 1584/3000/1584
f 1585/3003/1585 1634/3108/1634 1616/3072/1616
f 1603/3042/1603 1495/2854/1495 1618/3075/1618
f 1527/2896/1527 1635/3111/1635 1528/2897/1528
f 1310/2960/1310 1653/3140/1653 1560/2961/1560
f 1618/3075/1618 1510/3114/1510 1621/3141/1621
f 1654/3142/1654 1549/3143/1549 1604/3043/1604
f 1655/3144/1655 1549/3143/1549 1654/3142/1654
f 1590/3117/1590 1639/3119/1639 1656/3145/1656
f 1657/3146/1657 1534/3009/1534 1637/3113/1637
f 1512/2864/1512 1641/3147/1641 1379/2722/1379
f 1534/2905/1534 1657/3148/1657 1552/2943/1552
f 1592/3149/1592 1399/3150/1399 1658/3151/1658
f 1659/3152/1659 1640/3123/1640 1624/3086/1624
f 1552/2943/1552 1657/3148/1657 1609/3054/1609
f 1625/3153/1625 1660/3154/1660 1621/3155/1621
f 1625/3153/1625 1642/3156/1642 1660/3154/1660
f 1642/3156/1642 1661/3157/1661 1660/3154/1660
f 1609/3158/1609 1593/3026/1593 1569/3025/1569
f 1593/3027/1593 1574/2986/1574 1516/2869/1516
f 1661/3157/1661 1594/3029/1594 1660/3154/1660
f 1644/3127/1644 1382/2988/1382 1576/2990/1576
f 1662/3159/1662 1456/3160/1456 1383/2692/1383
f 1645/3128/1645 1554/2947/1554 1597/3057/1597
f 1574/3130/1574 1663/3161/1663 1629/3095/1629
f 1519/2948/1519 1629/3162/1629 1540/2916/1540
f 1646/3131/1646 1539/2915/1539 1540/2916/1540
f 1598/3163/1598 1475/2792/1475 1369/2593/1369
f 1577/2992/1577 1475/2792/1475 1598/3163/1598
f 1541/2918/1541 1476/2794/1476 1577/2992/1577
f 1405/2736/1405 1442/2735/1442 1664/3164/1664
f 1649/3135/1649 1613/3065/1613 1491/2824/1491
f 1665/3165/1665 1581/2996/1581 1492/2826/1492
f 1414/2679/1414 1464/2775/1464 1463/2774/1463
f 1480/3001/1480 1545/2932/1545 1614/3069/1614
f 1653/3166/1653 1310/3167/1310 1396/3013/1396
f 1666/3168/1666 1396/3013/1396 1537/2909/1537
f 1546/2936/1546 1564/2972/1564 1667/3169/1667
f 1588/3017/1588 1656/3170/1656 1509/2859/1509
f 1607/3052/1607 1668/3171/1668 1608/3053/1608
f 1564/2972/1564 1345/3024/1345 1669/3172/1669
f 1622/3118/1622 1670/3173/1670 1639/3119/1639
f 1622/3118/1622 1623/3174/1623 1670/3173/1670
f 1608/3053/1608 1671/3175/1671 1623/3084/1623
f 1672/3176/1672 1488/3177/1488 1643/3178/1643
f 1641/3124/1641 1455/2756/1455 1381/2619/1381
f 1657/3148/1657 1673/3179/1673 1609/3054/1609
f 1674/3180/1674 1661/3157/1661 1642/3156/1642
f 1609/3054/1609 1673/3179/1673 1593/3181/1593
f 1660/3154/1660 1594/3029/1594 1675/3182/1675
f 1513/3090/1513 1644/3127/1644 1627/3091/1627
f 1661/3157/1661 1674/3180/1674 1594/3029/1594
f 1593/3183/1593 1673/3184/1673 1574/3185/1574
f 1674/3180/1674 1595/3030/1595 1594/3029/1594
f 1675/3182/1675 1594/3029/1594 1553/2944/1553
f 1576/2990/1576 1402/2989/1402 1630/3186/1630
f 1676/3187/1676 1520/3036/1520 1459/2762/1459
f 1459/2762/1459 1424/2917/1424 1631/3101/1631
f 1677/3188/1677 1578/2993/1578 1541/2918/1541
f 1599/3037/1599 1490/2822/1490 1678/3189/1678
f 1477/3190/1477 1542/2922/1542 1277/2563/1277
f 1388/3063/1388 1613/3103/1613 1679/3191/1679
f 1652/3139/1652 1680/3192/1680 1584/3000/1584
f 1545/3193/1545 1526/3008/1526 1681/3194/1681
f 1584/3041/1584 1680/3195/1680 1634/3108/1634
f 1548/2939/1548 1561/2965/1561 1682/3196/1682
f 1558/2955/1558 1603/3042/1603 1637/3113/1637
f 1588/3017/1588 1590/3051/1590 1656/3170/1656
f 1638/3116/1638 1668/3171/1668 1607/3052/1607
f 1565/2973/1565 1683/3197/1683 1512/2864/1512
f 1668/3171/1668 1684/3198/1684 1608/3053/1608
f 1669/3172/1669 1345/3024/1345 1592/3023/1592
f 1608/3053/1608 1684/3198/1684 1671/3175/1671
f 1671/3199/1671 1670/3173/1670 1623/3174/1623
f 1471/3200/1471 1658/3151/1658 1399/3150/1399
f 1672/3176/1672 1685/3201/1685 1488/3177/1488
f 1504/3089/1504 1627/3091/1627 1643/3202/1643
f 1660/3154/1660 1675/3182/1675 1621/3155/1621
f 1686/3203/1686 1574/3185/1574 1673/3184/1673
f 1553/2944/1553 1575/2987/1575 1675/3182/1675
f 1595/3092/1595 1687/3204/1687 1628/3093/1628
f 1663/3205/1663 1540/2916/1540 1629/3162/1629
f 1403/2880/1403 1611/3206/1611 1522/2881/1522
f 1664/3164/1664 1442/2735/1442 1612/3064/1612
f 1414/2800/1414 1688/3207/1688 1464/3208/1464
f 1652/3209/1652 1689/3210/1689 1680/3211/1680
f 1586/3005/1586 1615/3212/1615 1617/3109/1617
f 1548/3213/1548 1682/3214/1682 1620/3115/1620
f 1546/2936/1546 1667/3169/1667 1636/3112/1636
f 1547/2937/1547 1619/3215/1619 1500/2837/1500
f 1500/3216/1500 1690/3217/1690 1587/3045/1587
f 1502/2839/1502 1691/3218/1691 1565/2973/1565
f 1638/3116/1638 1620/3115/1620 1692/3219/1692
f 1587/3045/1587 1690/3217/1690 1604/3043/1604
f 1638/3116/1638 1692/3219/1692 1668/3171/1668
f 1637/3113/1637 1603/3042/1603 1693/3220/1693
f 1605/3048/1605 1694/3221/1694 1606/3050/1606
f 1695/3222/1695 1684/3198/1684 1668/3171/1668
f 1637/3113/1637 1693/3220/1693 1657/3146/1657
f 1606/3050/1606 1694/3221/1694 1567/2975/1567
f 1570/2981/1570 1626/3088/1626 1486/3223/1486
f 1618/3075/1618 1621/3141/1621 1696/3224/1696
f 1567/2975/1567 1659/3152/1659 1624/3086/1624
f 1696/3225/1696 1621/3155/1621 1675/3182/1675
f 1640/3226/1640 1659/3227/1659 1642/3156/1642
f 1642/3156/1642 1697/3228/1697 1674/3180/1674
f 1595/3092/1595 1674/3229/1674 1698/3230/1698
f 1698/3230/1698 1687/3204/1687 1595/3092/1595
f 1686/3231/1686 1663/3205/1663 1574/3232/1574
f 1663/3205/1663 1646/3131/1646 1540/2916/1540
f 1699/3233/1699 1477/2796/1477 1647/3133/1647
f 1579/2994/1579 1405/2736/1405 1664/3164/1664
f 1700/3234/1700 1613/3235/1613 1649/3236/1649
f 1652/3209/1652 1464/3208/1464 1688/3207/1688
f 1634/3237/1634 1680/3238/1680 1701/3239/1701
f 1617/3074/1617 1635/3111/1635 1527/2896/1527
f 1500/3240/1500 1619/3241/1619 1702/3242/1702
f 1619/3241/1619 1509/3243/1509 1656/3244/1656
f 1703/3245/1703 1692/3219/1692 1620/3115/1620
f 1704/3246/1704 1603/3042/1603 1618/3075/1618
f 1669/3172/1669 1592/3023/1592 1705/3247/1705
f 1706/3248/1706 1707/3249/1707 1684/3250/1684
f 1670/3173/1670 1671/3199/1671 1708/3251/1708
f 1708/3252/1708 1684/3250/1684 1707/3249/1707
f 1708/3251/1708 1671/3199/1671 1684/3253/1684
f 1694/3221/1694 1659/3152/1659 1567/2975/1567
f 1673/3254/1673 1657/3255/1657 1693/3256/1693
f 1697/3228/1697 1642/3156/1642 1659/3227/1659
f 1643/3178/1643 1627/3257/1627 1672/3176/1672
f 1693/3258/1693 1686/3259/1686 1673/3260/1673
f 1575/2987/1575 1709/3261/1709 1675/3182/1675
f 1575/2987/1575 1646/3262/1646 1709/3261/1709
f 1645/3128/1645 1710/3263/1710 1554/2947/1554
f 1630/3099/1630 1520/3098/1520 1676/3264/1676
f 1711/3265/1711 1677/3188/1677 1541/2918/1541
f 1522/3266/1522 1611/3267/1611 1712/3268/1712
f 1461/2950/1461 1522/2881/1522 1647/3133/1647
f 1388/3063/1388 1679/3191/1679 1612/3064/1612
f 1543/3269/1543 1665/3165/1665 1492/2826/1492
f 1507/2930/1507 1413/2678/1413 1713/3270/1713
f 1602/3040/1602 1650/3137/1650 1412/2671/1412
f 1634/3237/1634 1701/3239/1701 1714/3271/1714
f 1689/3210/1689 1701/3272/1701 1680/3211/1680
f 1615/3273/1615 1635/3274/1635 1617/3275/1617
f 1636/3112/1636 1715/3276/1715 1526/3008/1526
f 1667/3169/1667 1564/2972/1564 1669/3172/1669
f 1668/3171/1668 1692/3219/1692 1695/3222/1695
f 1536/2908/1536 1486/3277/1486 1626/3278/1626
f 1695/3222/1695 1706/3279/1706 1684/3198/1684
f 1603/3042/1603 1704/3246/1704 1693/3220/1693
f 1618/3075/1618 1696/3224/1696 1704/3246/1704
f 1672/3176/1672 1627/3257/1627 1716/3280/1716
f 1696/3225/1696 1675/3182/1675 1709/3261/1709
f 1697/3281/1697 1717/3282/1717 1674/3283/1674
f 1455/2756/1455 1718/3284/1718 1517/2870/1517
f 1709/3261/1709 1646/3262/1646 1686/3259/1686
f 1686/3231/1686 1646/3131/1646 1663/3205/1663
f 1628/3093/1628 1719/3285/1719 1645/3128/1645
f 1719/3285/1719 1710/3263/1710 1645/3128/1645
f 1555/3100/1555 1720/3286/1720 1631/3101/1631
f 1579/2994/1579 1611/3061/1611 1440/3060/1440
f 1664/3164/1664 1721/3287/1721 1579/2994/1579
f 1414/2800/1414 1650/3137/1650 1688/3207/1688
f 1317/3288/1317 1524/3068/1524 1651/3289/1651
f 1634/3108/1634 1714/3290/1714 1616/3072/1616
f 1502/3291/1502 1562/3076/1562 1722/3292/1722
f 1620/3115/1620 1682/3214/1682 1703/3245/1703
f 1502/3293/1502 1722/3294/1722 1691/3295/1691
f 1723/3296/1723 1690/3217/1690 1724/3297/1724
f 1670/3173/1670 1725/3298/1725 1639/3119/1639
f 1670/3173/1670 1708/3251/1708 1725/3298/1725
f 1704/3246/1704 1696/3224/1696 1726/3299/1726
f 1707/3249/1707 1727/3300/1727 1708/3252/1708
f 1706/3248/1706 1728/3301/1728 1707/3249/1707
f 1704/3246/1704 1726/3299/1726 1693/3220/1693
f 1706/3302/1706 1729/3303/1729 1728/3304/1728
f 1727/3305/1727 1707/3306/1707 1730/3307/1730
f 1707/3306/1707 1728/3308/1728 1730/3307/1730
f 1696/3225/1696 1709/3261/1709 1726/3309/1726
f 1693/3258/1693 1726/3309/1726 1686/3259/1686
f 1726/3309/1726 1709/3261/1709 1686/3259/1686
f 1517/2870/1517 1662/3159/1662 1383/2692/1383
f 1554/2947/1554 1731/3310/1731 1437/2991/1437
f 1599/3311/1599 1732/3312/1732 1555/3100/1555
f 1522/2881/1522 1712/3313/1712 1647/3133/1647
f 1611/3061/1611 1579/2994/1579 1721/3287/1721
f 1699/3314/1699 1542/2922/1542 1477/3190/1477
f 1580/3315/1580 1648/3316/1648 1733/3317/1733
f 1581/2996/1581 1665/3165/1665 1649/3135/1649
f 1613/3318/1613 1734/3319/1734 1679/3320/1679
f 1283/2429/1283 1651/3138/1651 1413/2678/1413
f 1561/3321/1561 1635/3322/1635 1682/3323/1682
f 1560/2961/1560 1735/3324/1735 1562/3076/1562
f 1396/3013/1396 1666/3168/1666 1653/3166/1653
f 1656/3244/1656 1736/3325/1736 1619/3241/1619
f 1656/3244/1656 1639/3326/1639 1737/3327/1737
f 1500/3216/1500 1738/3328/1738 1690/3217/1690
f 1692/3219/1692 1739/3329/1739 1695/3222/1695
f 1695/3330/1695 1740/3331/1740 1706/3332/1706
f 1740/3333/1740 1729/3303/1729 1706/3302/1706
f 1740/3333/1740 1741/3334/1741 1729/3303/1729
f 1694/3221/1694 1742/3335/1742 1659/3152/1659
f 1471/3200/1471 1743/3336/1743 1658/3151/1658
f 1729/3303/1729 1744/3337/1744 1728/3304/1728
f 1729/3303/1729 1745/3338/1745 1744/3337/1744
f 1573/3339/1573 1743/3336/1743 1471/3200/1471
f 1728/3340/1728 1746/3341/1746 1730/3342/1730
f 1672/3176/1672 1716/3280/1716 1685/3201/1685
f 1728/3304/1728 1744/3337/1744 1746/3343/1746
f 1730/3342/1730 1746/3341/1746 1747/3344/1747
f 1717/3282/1717 1698/3345/1698 1674/3283/1674
f 1748/3346/1748 1687/3204/1687 1698/3230/1698
f 1687/3204/1687 1719/3285/1719 1628/3093/1628
f 1731/3310/1731 1610/3347/1610 1437/2991/1437
f 1598/3034/1598 1711/3348/1711 1577/3349/1577
f 1711/3265/1711 1541/2918/1541 1577/2992/1577
f 1720/3286/1720 1555/3100/1555 1732/3312/1732
f 1678/3189/1678 1732/3350/1732 1599/3037/1599
f 1712/3268/1712 1611/3267/1611 1749/3351/1749
f 1733/3352/1733 1543/3353/1543 1580/3354/1580
f 1750/3355/1750 1649/3356/1649 1665/3357/1665
f 1750/3355/1750 1700/3358/1700 1649/3356/1649
f 1734/3319/1734 1613/3318/1613 1700/3359/1700
f 1524/3068/1524 1614/3069/1614 1751/3360/1751
f 1545/3193/1545 1681/3194/1681 1614/3361/1614
f 1615/3071/1615 1616/3072/1616 1752/3362/1752
f 1752/3362/1752 1616/3072/1616 1714/3290/1714
f 1753/3363/1753 1635/3364/1635 1615/3365/1615
f 1689/3366/1689 1754/3367/1754 1701/3368/1701
f 1753/3363/1753 1682/3369/1682 1635/3364/1635
f 1703/3370/1703 1739/3371/1739 1692/3372/1692
f 1738/3328/1738 1500/3216/1500 1702/3373/1702
f 1604/3043/1604 1690/3217/1690 1755/3374/1755
f 1724/3297/1724 1690/3217/1690 1738/3328/1738
f 1739/3375/1739 1740/3331/1740 1695/3330/1695
f 1755/3374/1755 1690/3217/1690 1723/3296/1723
f 1741/3334/1741 1745/3338/1745 1729/3303/1729
f 1697/3281/1697 1659/3376/1659 1742/3377/1742
f 1744/3337/1744 1745/3338/1745 1756/3378/1756
f 1730/3342/1730 1747/3344/1747 1757/3379/1757
f 1744/3337/1744 1756/3378/1756 1746/3343/1746
f 1698/3230/1698 1758/3380/1758 1748/3346/1748
f 1710/3263/1710 1731/3310/1731 1554/2947/1554
f 1676/3187/1676 1459/2762/1459 1759/3381/1759
f 1759/3381/1759 1459/2762/1459 1631/3101/1631
f 1490/2822/1490 1521/2879/1521 1678/3189/1678
f 1647/3133/1647 1760/3382/1760 1699/3233/1699
f 1611/3061/1611 1721/3287/1721 1761/3383/1761
f 1507/2930/1507 1713/3270/1713 1602/3066/1602
f 1682/3369/1682 1753/3363/1753 1762/3384/1762
f 1701/3368/1701 1763/3385/1763 1714/3386/1714
f 1701/3368/1701 1754/3367/1754 1763/3385/1763
f 1736/3325/1736 1702/3242/1702 1619/3241/1619
f 1604/3043/1604 1755/3374/1755 1764/3387/1764
f 1739/3375/1739 1765/3388/1765 1740/3331/1740
f 1765/3389/1765 1766/3390/1766 1740/3391/1740
f 1766/3390/1766 1767/3392/1767 1740/3391/1740
f 1768/3393/1768 1740/3394/1740 1767/3395/1767
f 1768/3393/1768 1769/3396/1769 1740/3394/1740
f 1769/3397/1769 1741/3334/1741 1740/3333/1740
f 1658/3398/1658 1705/3247/1705 1592/3023/1592
f 1730/3307/1730 1770/3399/1770 1727/3305/1727
f 1745/3338/1745 1771/3400/1771 1756/3378/1756
f 1730/3307/1730 1757/3401/1757 1770/3399/1770
f 1456/3402/1456 1772/3403/1772 1472/3404/1472
f 1718/3284/1718 1662/3159/1662 1517/2870/1517
f 1576/2990/1576 1773/3405/1773 1644/3127/1644
f 1687/3204/1687 1748/3346/1748 1719/3285/1719
f 1731/3310/1731 1774/3406/1774 1610/3347/1610
f 1630/3407/1630 1676/3187/1676 1775/3408/1775
f 1664/3164/1664 1612/3064/1612 1776/3409/1776
f 1543/3410/1543 1733/3411/1733 1777/3412/1777
f 1777/3413/1777 1665/3165/1665 1543/3269/1543
f 1526/3008/1526 1715/3276/1715 1681/3194/1681
f 1682/3369/1682 1762/3384/1762 1703/3414/1703
f 1656/3244/1656 1737/3327/1737 1736/3325/1736
f 1667/3169/1667 1669/3172/1669 1778/3415/1778
f 1669/3172/1669 1705/3247/1705 1778/3415/1778
f 1779/3416/1779 1741/3334/1741 1769/3397/1769
f 1536/2908/1536 1626/3278/1626 1780/3417/1780
f 1708/3251/1708 1727/3418/1727 1725/3298/1725
f 1572/2983/1572 1538/3419/1538 1626/3088/1626
f 1771/3400/1771 1781/3420/1781 1756/3378/1756
f 1488/3177/1488 1782/3421/1782 1573/3422/1573
f 1747/3344/1747 1783/3423/1783 1757/3379/1757
f 1538/3424/1538 1472/3404/1472 1772/3403/1772
f 1758/3380/1758 1784/3425/1784 1748/3346/1748
f 1610/3058/1610 1774/3426/1774 1598/3034/1598
f 1647/3427/1647 1712/3268/1712 1760/3428/1760
f 1721/3287/1721 1785/3429/1785 1761/3383/1761
f 1664/3164/1664 1785/3429/1785 1721/3287/1721
f 1679/3320/1679 1734/3319/1734 1786/3430/1786
f 1615/3365/1615 1752/3431/1752 1753/3363/1753
f 1689/3366/1689 1787/3432/1787 1754/3367/1754
f 1787/3432/1787 1788/3433/1788 1754/3367/1754
f 1562/3076/1562 1735/3324/1735 1722/3292/1722
f 1537/2909/1537 1789/3434/1789 1666/3168/1666
f 1754/3367/1754 1790/3435/1790 1765/3388/1765
f 1754/3367/1754 1788/3433/1788 1790/3435/1790
f 1788/3433/1788 1769/3436/1769 1790/3435/1790
f 1790/3437/1790 1769/3396/1769 1768/3393/1768
f 1755/3374/1755 1723/3296/1723 1724/3297/1724
f 1766/3390/1766 1791/3438/1791 1767/3392/1767
f 1767/3439/1767 1791/3440/1791 1792/3441/1792
f 1705/3247/1705 1658/3398/1658 1793/3442/1793
f 1779/3416/1779 1794/3443/1794 1741/3334/1741
f 1741/3334/1741 1794/3443/1794 1745/3338/1745
f 1725/3298/1725 1727/3418/1727 1795/3444/1795
f 1770/3399/1770 1796/3445/1796 1727/3305/1727
f 1791/3446/1791 1756/3378/1756 1781/3420/1781
f 1716/3280/1716 1797/3447/1797 1685/3201/1685
f 1538/3424/1538 1798/3448/1798 1626/3449/1626
f 1782/3450/1782 1799/3451/1799 1573/3339/1573
f 1757/3452/1757 1796/3453/1796 1770/3454/1770
f 1800/3455/1800 1781/3420/1781 1771/3400/1771
f 1756/3378/1756 1801/3456/1801 1746/3343/1746
f 1758/3457/1758 1698/3345/1698 1717/3282/1717
f 1802/3458/1802 1719/3285/1719 1748/3346/1748
f 1773/3405/1773 1576/2990/1576 1630/3186/1630
f 1803/3459/1803 1578/2993/1578 1677/3188/1677
f 1804/3460/1804 1678/3189/1678 1521/2879/1521
f 1699/3461/1699 1805/3462/1805 1542/3463/1542
f 1776/3464/1776 1612/3465/1612 1806/3466/1806
f 1777/3467/1777 1807/3468/1807 1665/3357/1665
f 1688/3207/1688 1650/3137/1650 1808/3469/1808
f 1651/3289/1651 1524/3068/1524 1809/3470/1809
f 1653/3140/1653 1810/3471/1810 1560/2961/1560
f 1810/3471/1810 1653/3140/1653 1811/3472/1811
f 1653/3166/1653 1666/3168/1666 1811/3473/1811
f 1689/3366/1689 1812/3474/1812 1787/3432/1787
f 1703/3475/1703 1763/3385/1763 1739/3375/1739
f 1763/3385/1763 1754/3367/1754 1765/3388/1765
f 1666/3168/1666 1789/3434/1789 1811/3473/1811
f 1789/3434/1789 1813/3476/1813 1811/3473/1811
f 1765/3388/1765 1739/3375/1739 1763/3385/1763
f 1738/3477/1738 1702/3478/1702 1814/3479/1814
f 1815/3480/1815 1639/3119/1639 1725/3298/1725
f 1537/2909/1537 1536/2908/1536 1789/3434/1789
f 1815/3480/1815 1725/3298/1725 1795/3444/1795
f 1790/3437/1790 1768/3393/1768 1816/3481/1816
f 1764/3387/1764 1755/3374/1755 1724/3297/1724
f 1817/3482/1817 1724/3297/1724 1738/3328/1738
f 1816/3481/1816 1768/3393/1768 1767/3395/1767
f 1605/3048/1605 1549/3049/1549 1655/3483/1655
f 1683/3484/1683 1641/3485/1641 1512/3486/1512
f 1818/3487/1818 1756/3488/1756 1791/3489/1791
f 1819/3490/1819 1488/3177/1488 1685/3201/1685
f 1757/3452/1757 1820/3491/1820 1796/3453/1796
f 1757/3492/1757 1783/3493/1783 1820/3494/1820
f 1801/3456/1801 1747/3495/1747 1746/3343/1746
f 1821/3496/1821 1822/3497/1822 1823/3498/1823
f 1748/3346/1748 1784/3425/1784 1802/3458/1802
f 1631/3101/1631 1720/3286/1720 1759/3381/1759
f 1824/3499/1824 1732/3312/1732 1678/3500/1678
f 1749/3501/1749 1611/3061/1611 1761/3383/1761
f 1664/3164/1664 1776/3409/1776 1785/3429/1785
f 1665/3357/1665 1807/3468/1807 1750/3355/1750
f 1750/3502/1750 1734/3503/1734 1700/3504/1700
f 1413/2678/1413 1651/3138/1651 1713/3270/1713
f 1688/3207/1688 1825/3505/1825 1652/3209/1652
f 1752/3431/1752 1762/3384/1762 1753/3363/1753
f 1752/3431/1752 1714/3506/1714 1762/3384/1762
f 1735/3324/1735 1560/2961/1560 1810/3471/1810
f 1714/3506/1714 1763/3507/1763 1762/3384/1762
f 1763/3507/1763 1703/3414/1703 1762/3384/1762
f 1826/3508/1826 1737/3327/1737 1815/3509/1815
f 1737/3510/1737 1639/3119/1639 1815/3480/1815
f 1702/3242/1702 1827/3511/1827 1814/3512/1814
f 1691/3513/1691 1828/3514/1828 1565/3515/1565
f 1790/3435/1790 1816/3516/1816 1765/3388/1765
f 1828/3514/1828 1683/3484/1683 1565/3515/1565
f 1789/3434/1789 1536/2908/1536 1780/3417/1780
f 1769/3517/1769 1829/3518/1829 1779/3519/1779
f 1830/3520/1830 1791/3438/1791 1766/3390/1766
f 1767/3521/1767 1792/3522/1792 1816/3523/1816
f 1605/3048/1605 1831/3524/1831 1694/3221/1694
f 1795/3525/1795 1727/3526/1727 1796/3527/1796
f 1792/3441/1792 1791/3440/1791 1781/3528/1781
f 1685/3201/1685 1797/3447/1797 1832/3529/1832
f 1626/3449/1626 1798/3448/1798 1833/3530/1833
f 1834/3531/1834 1781/3528/1781 1800/3532/1800
f 1641/3485/1641 1835/3533/1835 1455/3534/1455
f 1771/3535/1771 1836/3536/1836 1800/3537/1800
f 1742/3377/1742 1837/3538/1837 1697/3281/1697
f 1798/3448/1798 1538/3424/1538 1838/3539/1838
f 1627/3091/1627 1839/3540/1839 1716/3541/1716
f 1783/3542/1783 1747/3543/1747 1840/3544/1840
f 1644/3127/1644 1839/3540/1839 1627/3091/1627
f 1841/3545/1841 1822/3497/1822 1821/3496/1821
f 1842/3546/1842 1821/3496/1821 1823/3498/1823
f 1784/3547/1784 1758/3457/1758 1842/3548/1842
f 1784/3549/1784 1842/3546/1842 1823/3498/1823
f 1802/3458/1802 1710/3263/1710 1719/3285/1719
f 1598/3034/1598 1774/3426/1774 1711/3348/1711
f 1712/3268/1712 1843/3550/1843 1760/3428/1760
f 1749/3351/1749 1843/3550/1843 1712/3268/1712
f 1699/3461/1699 1760/3428/1760 1805/3462/1805
f 1679/3551/1679 1806/3466/1806 1612/3465/1612
f 1844/3552/1844 1786/3430/1786 1734/3319/1734
f 1681/3194/1681 1751/3553/1751 1614/3361/1614
f 1736/3325/1736 1826/3508/1826 1845/3554/1845
f 1736/3325/1736 1827/3511/1827 1702/3242/1702
f 1769/3436/1769 1788/3433/1788 1787/3432/1787
f 1817/3555/1817 1738/3477/1738 1814/3479/1814
f 1789/3434/1789 1780/3417/1780 1813/3476/1813
f 1765/3389/1765 1830/3520/1830 1766/3390/1766
f 1778/3415/1778 1705/3247/1705 1846/3556/1846
f 1779/3557/1779 1847/3558/1847 1794/3559/1794
f 1830/3560/1830 1818/3487/1818 1791/3489/1791
f 1781/3528/1781 1834/3531/1834 1792/3441/1792
f 1745/3561/1745 1848/3562/1848 1771/3563/1771
f 1488/3177/1488 1819/3490/1819 1782/3421/1782
f 1455/2756/1455 1835/3564/1835 1718/3284/1718
f 1716/3565/1716 1839/3566/1839 1849/3567/1849
f 1538/3424/1538 1772/3403/1772 1838/3539/1838
f 1783/3542/1783 1840/3544/1840 1820/3491/1820
f 1850/3568/1850 1662/3569/1662 1718/3570/1718
f 1731/3310/1731 1710/3263/1710 1851/3571/1851
f 1731/3310/1731 1852/3572/1852 1774/3406/1774
f 1578/2993/1578 1804/3460/1804 1521/2879/1521
f 1749/3351/1749 1761/3573/1761 1853/3574/1853
f 1785/3575/1785 1776/3464/1776 1854/3576/1854
f 1679/3551/1679 1786/3577/1786 1806/3466/1806
f 1602/3066/1602 1713/3270/1713 1855/3578/1855
f 1602/3066/1602 1808/3579/1808 1650/3580/1650
f 1688/3207/1688 1856/3581/1856 1825/3505/1825
f 1809/3470/1809 1524/3068/1524 1857/3582/1857
f 1810/3471/1810 1811/3472/1811 1858/3583/1858
f 1737/3327/1737 1826/3508/1826 1736/3325/1736
f 1604/3043/1604 1764/3387/1764 1654/3142/1654
f 1769/3584/1769 1787/3585/1787 1829/3586/1829
f 1817/3555/1817 1814/3479/1814 1859/3587/1859
f 1816/3523/1816 1830/3520/1830 1765/3389/1765
f 1780/3417/1780 1860/3588/1860 1813/3476/1813
f 1779/3557/1779 1829/3589/1829 1847/3558/1847
f 1605/3590/1605 1655/3144/1655 1861/3591/1861
f 1847/3558/1847 1862/3592/1862 1794/3559/1794
f 1626/3278/1626 1833/3593/1833 1780/3417/1780
f 1794/3594/1794 1848/3595/1848 1745/3596/1745
f 1694/3221/1694 1831/3524/1831 1742/3335/1742
f 1847/3558/1847 1832/3529/1832 1797/3447/1797
f 1832/3529/1832 1819/3490/1819 1685/3201/1685
f 1742/3377/1742 1863/3597/1863 1837/3538/1837
f 1716/3280/1716 1849/3598/1849 1797/3447/1797
f 1771/3599/1771 1848/3600/1848 1836/3601/1836
f 1697/3281/1697 1864/3602/1864 1717/3282/1717
f 1801/3603/1801 1865/3604/1865 1747/3543/1747
f 1747/3543/1747 1865/3604/1865 1840/3544/1840
f 1644/3127/1644 1773/3405/1773 1839/3540/1839
f 1804/3460/1804 1824/3605/1824 1678/3189/1678
f 1785/3429/1785 1866/3606/1866 1761/3383/1761
f 1542/3463/1542 1805/3462/1805 1648/3316/1648
f 1750/3502/1750 1867/3607/1867 1734/3503/1734
f 1815/3608/1815 1795/3609/1795 1868/3610/1868
f 1817/3482/1817 1764/3387/1764 1724/3297/1724
f 1816/3523/1816 1869/3611/1869 1830/3520/1830
f 1683/3484/1683 1870/3612/1870 1641/3485/1641
f 1816/3523/1816 1792/3522/1792 1834/3613/1834
f 1794/3594/1794 1862/3614/1862 1848/3595/1848
f 1797/3447/1797 1862/3592/1862 1847/3558/1847
f 1658/3151/1658 1743/3336/1743 1793/3615/1793
f 1818/3616/1818 1801/3603/1801 1756/3617/1756
f 1796/3453/1796 1820/3491/1820 1871/3618/1871
f 1697/3281/1697 1837/3538/1837 1864/3602/1864
f 1820/3491/1820 1872/3619/1872 1871/3618/1871
f 1820/3491/1820 1840/3544/1840 1872/3619/1872
f 1662/3569/1662 1772/3403/1772 1456/3402/1456
f 1662/3569/1662 1873/3620/1873 1772/3403/1772
f 1842/3546/1842 1874/3621/1874 1821/3496/1821
f 1821/3496/1821 1874/3621/1874 1841/3545/1841
f 1758/3457/1758 1875/3622/1875 1842/3548/1842
f 1784/3549/1784 1823/3498/1823 1876/3623/1876
f 1711/3624/1711 1877/3625/1877 1677/3626/1677
f 1677/3626/1677 1878/3627/1878 1803/3628/1803
f 1720/3286/1720 1879/3629/1879 1759/3381/1759
f 1761/3383/1761 1866/3606/1866 1853/3630/1853
f 1785/3575/1785 1854/3576/1854 1866/3631/1866
f 1855/3578/1855 1808/3579/1808 1602/3066/1602
f 1713/3632/1713 1880/3633/1880 1855/3634/1855
f 1808/3469/1808 1856/3581/1856 1688/3207/1688
f 1825/3505/1825 1812/3635/1812 1652/3209/1652
f 1652/3209/1652 1812/3635/1812 1689/3210/1689
f 1722/3292/1722 1735/3324/1735 1881/3636/1881
f 1813/3476/1813 1882/3637/1882 1811/3473/1811
f 1813/3476/1813 1883/3638/1883 1882/3637/1882
f 1815/3608/1815 1884/3639/1884 1826/3640/1826
f 1815/3608/1815 1868/3610/1868 1884/3639/1884
f 1655/3144/1655 1885/3641/1885 1861/3591/1861
f 1830/3560/1830 1886/3642/1886 1818/3487/1818
f 1836/3536/1836 1887/3643/1887 1800/3537/1800
f 1872/3619/1872 1840/3544/1840 1865/3604/1865
f 1823/3498/1823 1822/3497/1822 1876/3623/1876
f 1775/3644/1775 1888/3645/1888 1630/3646/1630
f 1720/3286/1720 1732/3312/1732 1889/3647/1889
f 1805/3462/1805 1890/3648/1890 1648/3316/1648
f 1776/3464/1776 1806/3466/1806 1854/3576/1854
f 1750/3502/1750 1807/3649/1807 1867/3607/1867
f 1855/3634/1855 1891/3650/1891 1808/3651/1808
f 1651/3289/1651 1809/3470/1809 1892/3652/1892
f 1524/3068/1524 1751/3360/1751 1857/3582/1857
f 1691/3513/1691 1893/3653/1893 1828/3514/1828
f 1795/3525/1795 1796/3527/1796 1868/3654/1868
f 1816/3523/1816 1834/3613/1834 1869/3611/1869
f 1654/3142/1654 1885/3641/1885 1655/3144/1655
f 1829/3589/1829 1894/3655/1894 1847/3558/1847
f 1780/3417/1780 1833/3593/1833 1860/3588/1860
f 1847/3558/1847 1819/3490/1819 1832/3529/1832
f 1870/3612/1870 1835/3533/1835 1641/3485/1641
f 1797/3447/1797 1849/3598/1849 1862/3592/1862
f 1819/3490/1819 1895/3656/1895 1782/3421/1782
f 1573/3339/1573 1799/3451/1799 1743/3336/1743
f 1834/3657/1834 1800/3537/1800 1896/3658/1896
f 1835/3659/1835 1850/3568/1850 1718/3570/1718
f 1842/3660/1842 1875/3661/1875 1874/3662/1874
f 1773/3663/1773 1897/3664/1897 1839/3566/1839
f 1852/3665/1852 1898/3666/1898 1774/3667/1774
f 1774/3667/1774 1898/3666/1898 1711/3668/1711
f 1676/3187/1676 1759/3381/1759 1899/3669/1899
f 1824/3499/1824 1889/3647/1889 1732/3312/1732
f 1843/3550/1843 1805/3462/1805 1760/3428/1760
f 1648/3316/1648 1890/3648/1890 1733/3317/1733
f 1735/3324/1735 1810/3471/1810 1881/3636/1881
f 1858/3583/1858 1811/3472/1811 1882/3670/1882
f 1722/3292/1722 1881/3636/1881 1691/3671/1691
f 1736/3325/1736 1845/3554/1845 1900/3672/1900
f 1636/3673/1636 1901/3674/1901 1715/3675/1715
f 1828/3514/1828 1893/3653/1893 1902/3676/1902
f 1667/3169/1667 1778/3415/1778 1636/3112/1636
f 1787/3677/1787 1894/3655/1894 1829/3589/1829
f 1828/3514/1828 1902/3676/1902 1683/3484/1683
f 1764/3387/1764 1817/3482/1817 1903/3678/1903
f 1654/3142/1654 1904/3679/1904 1885/3641/1885
f 1846/3556/1846 1705/3247/1705 1793/3442/1793
f 1830/3520/1830 1869/3611/1869 1886/3680/1886
f 1831/3681/1831 1605/3590/1605 1861/3591/1861
f 1847/3558/1847 1894/3655/1894 1819/3490/1819
f 1860/3588/1860 1833/3593/1833 1905/3682/1905
f 1870/3612/1870 1906/3683/1906 1835/3533/1835
f 1796/3453/1796 1871/3618/1871 1907/3684/1907
f 1818/3616/1818 1886/3685/1886 1801/3603/1801
f 1886/3685/1886 1908/3686/1908 1801/3603/1801
f 1772/3403/1772 1909/3687/1909 1838/3539/1838
f 1864/3602/1864 1910/3688/1910 1717/3282/1717
f 1801/3603/1801 1908/3686/1908 1865/3604/1865
f 1850/3568/1850 1873/3620/1873 1662/3569/1662
f 1841/3545/1841 1911/3689/1911 1822/3497/1822
f 1851/3571/1851 1852/3572/1852 1731/3310/1731
f 1898/3666/1898 1877/3690/1877 1711/3668/1711
f 1676/3187/1676 1899/3669/1899 1775/3408/1775
f 1889/3647/1889 1879/3629/1879 1720/3286/1720
f 1651/3289/1651 1880/3633/1880 1713/3632/1713
f 1858/3583/1858 1882/3670/1882 1912/3691/1912
f 1681/3692/1681 1715/3675/1715 1913/3693/1913
f 1715/3675/1715 1901/3674/1901 1913/3693/1913
f 1691/3513/1691 1881/3694/1881 1893/3653/1893
f 1736/3325/1736 1900/3672/1900 1827/3511/1827
f 1654/3142/1654 1764/3387/1764 1914/3695/1914
f 1813/3476/1813 1860/3588/1860 1883/3638/1883
f 1817/3555/1817 1859/3587/1859 1903/3696/1903
f 1904/3679/1904 1915/3697/1915 1885/3641/1885
f 1846/3556/1846 1793/3442/1793 1916/3698/1916
f 1742/3377/1742 1831/3699/1831 1863/3597/1863
f 1798/3448/1798 1917/3700/1917 1833/3530/1833
f 1862/3701/1862 1849/3567/1849 1918/3702/1918
f 1798/3448/1798 1838/3539/1838 1917/3700/1917
f 1887/3643/1887 1896/3658/1896 1800/3537/1800
f 1836/3703/1836 1919/3704/1919 1887/3705/1887
f 1865/3604/1865 1871/3618/1871 1872/3619/1872
f 1758/3457/1758 1717/3282/1717 1875/3622/1875
f 1784/3706/1784 1876/3707/1876 1802/3708/1802
f 1710/3263/1710 1802/3458/1802 1851/3571/1851
f 1843/3550/1843 1749/3351/1749 1920/3709/1920
f 1749/3351/1749 1853/3574/1853 1920/3709/1920
f 1805/3462/1805 1843/3550/1843 1920/3709/1920
f 1855/3634/1855 1880/3633/1880 1891/3650/1891
f 1764/3387/1764 1903/3678/1903 1914/3695/1914
f 1902/3676/1902 1870/3612/1870 1683/3484/1683
f 1859/3587/1859 1921/3710/1921 1903/3696/1903
f 1859/3587/1859 1922/3711/1922 1921/3710/1921
f 1836/3703/1836 1848/3712/1848 1919/3704/1919
f 1871/3618/1871 1865/3604/1865 1908/3686/1908
f 1887/3705/1887 1919/3704/1919 1896/3713/1896
f 1841/3545/1841 1874/3621/1874 1911/3689/1911
f 1910/3688/1910 1875/3622/1875 1717/3282/1717
f 1911/3689/1911 1876/3623/1876 1822/3497/1822
f 1630/3646/1630 1888/3645/1888 1773/3714/1773
f 1877/3625/1877 1878/3627/1878 1677/3626/1677
f 1578/2993/1578 1803/3459/1803 1804/3460/1804
f 1805/3462/1805 1920/3709/1920 1890/3648/1890
f 1890/3648/1890 1923/3715/1923 1733/3317/1733
f 1651/3289/1651 1892/3652/1892 1880/3633/1880
f 1808/3651/1808 1924/3716/1924 1856/3717/1856
f 1856/3717/1856 1925/3718/1925 1825/3719/1825
f 1925/3720/1925 1926/3721/1926 1825/3722/1825
f 1681/3692/1681 1927/3723/1927 1751/3724/1751
f 1810/3471/1810 1928/3725/1928 1881/3636/1881
f 1826/3726/1826 1884/3727/1884 1845/3728/1845
f 1812/3729/1812 1929/3730/1929 1787/3731/1787
f 1636/3673/1636 1778/3732/1778 1901/3674/1901
f 1796/3527/1796 1930/3733/1930 1868/3654/1868
f 1814/3479/1814 1922/3711/1922 1859/3587/1859
f 1914/3695/1914 1904/3679/1904 1654/3142/1654
f 1886/3734/1886 1869/3735/1869 1931/3736/1931
f 1907/3684/1907 1908/3686/1908 1886/3685/1886
f 1834/3657/1834 1896/3658/1896 1932/3737/1932
f 1871/3618/1871 1908/3686/1908 1907/3684/1907
f 1877/3690/1877 1933/3738/1933 1878/3739/1878
f 1804/3740/1804 1934/3741/1934 1824/3742/1824
f 1807/3649/1807 1935/3743/1935 1867/3607/1867
f 1867/3744/1867 1844/3552/1844 1734/3319/1734
f 1891/3650/1891 1924/3716/1924 1808/3651/1808
f 1751/3724/1751 1936/3745/1936 1857/3746/1857
f 1926/3721/1926 1812/3747/1812 1825/3722/1825
f 1926/3748/1926 1929/3730/1929 1812/3729/1812
f 1882/3637/1882 1883/3638/1883 1937/3749/1937
f 1881/3694/1881 1938/3750/1938 1893/3653/1893
f 1884/3727/1884 1868/3751/1868 1939/3752/1939
f 1868/3751/1868 1930/3753/1930 1939/3752/1939
f 1814/3479/1814 1940/3754/1940 1922/3711/1922
f 1929/3730/1929 1894/3755/1894 1787/3731/1787
f 1778/3756/1778 1846/3757/1846 1941/3758/1941
f 1796/3527/1796 1907/3759/1907 1942/3760/1942
f 1886/3685/1886 1943/3761/1943 1907/3684/1907
f 1886/3685/1886 1931/3762/1931 1943/3761/1943
f 1782/3763/1782 1895/3764/1895 1799/3765/1799
f 1862/3701/1862 1944/3766/1944 1848/3712/1848
f 1862/3701/1862 1918/3702/1918 1944/3766/1944
f 1906/3683/1906 1850/3767/1850 1835/3533/1835
f 1802/3768/1802 1945/3769/1945 1851/3770/1851
f 1852/3771/1852 1851/3770/1851 1946/3772/1946
f 1946/3773/1946 1898/3666/1898 1852/3665/1852
f 1877/3690/1877 1898/3666/1898 1933/3738/1933
f 1759/3381/1759 1947/3774/1947 1899/3669/1899
f 1920/3709/1920 1948/3775/1948 1890/3648/1890
f 1806/3466/1806 1786/3577/1786 1949/3776/1949
f 1809/3470/1809 1950/3777/1950 1892/3652/1892
f 1809/3470/1809 1951/3778/1951 1950/3777/1950
f 1856/3717/1856 1924/3716/1924 1925/3718/1925
f 1810/3471/1810 1858/3583/1858 1928/3725/1928
f 1681/3692/1681 1952/3779/1952 1927/3723/1927
f 1882/3670/1882 1937/3780/1937 1912/3691/1912
f 1827/3781/1827 1940/3754/1940 1814/3479/1814
f 1930/3733/1930 1796/3527/1796 1942/3760/1942
f 1819/3490/1819 1894/3655/1894 1895/3656/1895
f 1833/3782/1833 1953/3783/1953 1905/3784/1905
f 1834/3785/1834 1932/3786/1932 1869/3735/1869
f 1917/3787/1917 1953/3783/1953 1833/3782/1833
f 1917/3787/1917 1838/3788/1838 1953/3783/1953
f 1954/3789/1954 1873/3620/1873 1850/3568/1850
f 1772/3403/1772 1873/3620/1873 1955/3790/1955
f 1848/3712/1848 1944/3766/1944 1919/3704/1919
f 1896/3713/1896 1919/3704/1919 1956/3791/1956
f 1733/3792/1733 1923/3793/1923 1777/3794/1777
f 1807/3649/1807 1777/3794/1777 1935/3743/1935
f 1809/3470/1809 1857/3582/1857 1951/3778/1951
f 1845/3728/1845 1884/3727/1884 1957/3795/1957
f 1884/3727/1884 1939/3752/1939 1957/3795/1957
f 1905/3682/1905 1883/3638/1883 1860/3588/1860
f 1903/3696/1903 1958/3796/1958 1959/3797/1959
f 1903/3696/1903 1921/3710/1921 1958/3796/1958
f 1922/3711/1922 1960/3798/1960 1921/3710/1921
f 1870/3612/1870 1961/3799/1961 1906/3683/1906
f 1921/3710/1921 1960/3798/1960 1962/3800/1962
f 1895/3656/1895 1894/3655/1894 1963/3801/1963
f 1869/3735/1869 1932/3786/1932 1931/3736/1931
f 1907/3759/1907 1943/3802/1943 1942/3760/1942
f 1953/3783/1953 1838/3788/1838 1964/3803/1964
f 1906/3804/1906 1954/3789/1954 1850/3568/1850
f 1863/3805/1863 1965/3806/1965 1837/3807/1837
f 1837/3807/1837 1965/3806/1965 1864/3808/1864
f 1954/3789/1954 1955/3790/1955 1873/3620/1873
f 1919/3704/1919 1944/3766/1944 1956/3791/1956
f 1849/3567/1849 1839/3566/1839 1918/3702/1918
f 1966/3809/1966 1967/3810/1967 1874/3662/1874
f 1911/3689/1911 1874/3621/1874 1968/3811/1968
f 1875/3661/1875 1910/3812/1910 1966/3809/1966
f 1875/3661/1875 1966/3809/1966 1874/3662/1874
f 1911/3689/1911 1968/3811/1968 1969/3813/1969
f 1911/3689/1911 1969/3813/1969 1876/3623/1876
f 1759/3381/1759 1879/3629/1879 1947/3774/1947
f 1878/3627/1878 1934/3814/1934 1803/3628/1803
f 1889/3815/1889 1970/3816/1970 1879/3817/1879
f 1853/3574/1853 1971/3818/1971 1920/3709/1920
f 1866/3819/1866 1971/3820/1971 1853/3821/1853
f 1890/3822/1890 1948/3823/1948 1923/3793/1923
f 1854/3576/1854 1806/3466/1806 1972/3824/1972
f 1786/3577/1786 1973/3825/1973 1949/3776/1949
f 1912/3691/1912 1974/3826/1974 1858/3583/1858
f 1681/3692/1681 1913/3693/1913 1952/3779/1952
f 1883/3638/1883 1905/3682/1905 1975/3827/1975
f 1846/3757/1846 1976/3828/1976 1941/3758/1941
f 1962/3800/1962 1958/3796/1958 1921/3710/1921
f 1963/3829/1963 1977/3830/1977 1895/3831/1895
f 1743/3336/1743 1799/3451/1799 1978/3832/1978
f 1831/3833/1831 1979/3834/1979 1863/3805/1863
f 1863/3805/1863 1979/3834/1979 1965/3806/1965
f 1864/3808/1864 1980/3835/1980 1910/3812/1910
f 1876/3836/1876 1981/3837/1981 1802/3768/1802
f 1888/3645/1888 1775/3644/1775 1899/3838/1899
f 1920/3839/1920 1971/3840/1971 1948/3823/1948
f 1854/3576/1854 1972/3824/1972 1866/3631/1866
f 1923/3793/1923 1935/3743/1935 1777/3794/1777
f 1844/3552/1844 1867/3744/1867 1982/3841/1982
f 1892/3652/1892 1891/3650/1891 1880/3633/1880
f 1928/3725/1928 1938/3842/1938 1881/3636/1881
f 1938/3750/1938 1983/3843/1983 1893/3653/1893
f 1893/3653/1893 1961/3799/1961 1902/3676/1902
f 1903/3696/1903 1959/3797/1959 1914/3844/1914
f 1914/3844/1914 1959/3797/1959 1904/3845/1904
f 1984/3846/1984 1894/3655/1894 1929/3847/1929
f 1902/3676/1902 1961/3799/1961 1870/3612/1870
f 1846/3757/1846 1916/3848/1916 1976/3828/1976
f 1985/3849/1985 1915/3697/1915 1904/3679/1904
f 1861/3591/1861 1885/3641/1885 1915/3697/1915
f 1831/3681/1831 1861/3591/1861 1979/3850/1979
f 1943/3851/1943 1986/3852/1986 1942/3853/1942
f 1943/3851/1943 1987/3854/1987 1986/3852/1986
f 1931/3762/1931 1988/3855/1988 1943/3761/1943
f 1943/3761/1943 1988/3855/1988 1987/3856/1987
f 1838/3788/1838 1909/3857/1909 1964/3803/1964
f 1955/3790/1955 1909/3687/1909 1772/3403/1772
f 1896/3713/1896 1956/3791/1956 1932/3858/1932
f 1956/3791/1956 1944/3766/1944 1989/3859/1989
f 1918/3702/1918 1839/3566/1839 1990/3860/1990
f 1910/3812/1910 1980/3835/1980 1966/3809/1966
f 1874/3621/1874 1967/3861/1967 1968/3811/1968
f 1969/3862/1969 1981/3837/1981 1876/3836/1876
f 1945/3769/1945 1946/3772/1946 1851/3770/1851
f 1803/3863/1803 1934/3741/1934 1804/3740/1804
f 1786/3430/1786 1844/3552/1844 1973/3864/1973
f 1892/3652/1892 1991/3865/1991 1891/3650/1891
f 1924/3716/1924 1891/3650/1891 1992/3866/1992
f 1925/3867/1925 1993/3868/1993 1926/3869/1926
f 1858/3583/1858 1974/3826/1974 1928/3725/1928
f 1926/3748/1926 1994/3870/1994 1929/3730/1929
f 1827/3871/1827 1995/3872/1995 1940/3873/1940
f 1778/3732/1778 1996/3874/1996 1901/3674/1901
f 1904/3845/1904 1959/3797/1959 1997/3875/1997
f 1905/3784/1905 1998/3876/1998 1975/3877/1975
f 1977/3878/1977 1963/3879/1963 1999/3880/1999
f 1916/3848/1916 1793/3881/1793 2000/3882/2000
f 1915/3697/1915 2001/3883/2001 1861/3591/1861
f 1932/3858/1932 1956/3791/1956 2002/3884/2002
f 1956/3791/1956 1989/3859/1989 2003/3885/2003
f 1802/3768/1802 1981/3837/1981 1945/3769/1945
f 1773/3714/1773 1888/3645/1888 1897/3886/1897
f 1946/3773/1946 2004/3887/2004 1898/3666/1898
f 1898/3666/1898 2004/3887/2004 2005/3888/2005
f 1933/3738/1933 2006/3889/2006 1878/3739/1878
f 1934/3741/1934 1889/3890/1889 1824/3742/1824
f 1892/3652/1892 1950/3777/1950 1991/3865/1991
f 1751/3724/1751 1927/3723/1927 1936/3745/1936
f 2007/3891/2007 1900/3672/1900 1845/3554/1845
f 2007/3892/2007 1845/3728/1845 1957/3795/1957
f 1960/3798/1960 1922/3711/1922 1940/3754/1940
f 1930/3753/1930 1942/3853/1942 2008/3893/2008
f 2009/3894/2009 1958/3796/1958 1962/3800/1962
f 2010/3895/2010 1906/3683/1906 1961/3799/1961
f 2000/3896/2000 1793/3615/1793 1743/3336/1743
f 1905/3784/1905 1953/3783/1953 2011/3897/2011
f 1977/3830/1977 1799/3898/1799 1895/3831/1895
f 1931/3899/1931 1932/3858/1932 2002/3884/2002
f 2011/3897/2011 1953/3783/1953 1964/3803/1964
f 2010/3900/2010 1954/3901/1954 1906/3902/1906
f 1988/3903/1988 2012/3904/2012 1987/3905/1987
f 1980/3835/1980 1864/3808/1864 1965/3806/1965
f 1990/3860/1990 1839/3566/1839 1897/3664/1897
f 2005/3888/2005 1933/3738/1933 1898/3666/1898
f 2013/3906/2013 1899/3907/1899 1947/3908/1947
f 1935/3743/1935 1982/3909/1982 1867/3607/1867
f 1992/3866/1992 1925/3718/1925 1924/3716/1924
f 1912/3691/1912 1937/3780/1937 1974/3826/1974
f 1926/3910/1926 1993/3911/1993 1994/3912/1994
f 1900/3672/1900 1995/3913/1995 1827/3511/1827
f 1983/3843/1983 1961/3799/1961 1893/3653/1893
f 1940/3754/1940 2014/3914/2014 1960/3798/1960
f 1962/3800/1962 1960/3798/1960 2009/3894/2009
f 2000/3896/2000 1743/3336/1743 1978/3832/1978
f 2002/3884/2002 2015/3915/2015 1931/3899/1931
f 1979/3834/1979 2016/3916/2016 1965/3806/1965
f 2015/3915/2015 1988/3917/1988 1931/3899/1931
f 2002/3884/2002 1956/3791/1956 2003/3885/2003
f 2012/3918/2012 1988/3919/1988 2015/3920/2015
f 2017/3921/2017 1989/3859/1989 1944/3766/1944
f 2018/3922/2018 2003/3923/2003 1989/3924/1989
f 2019/3925/2019 1968/3811/1968 1967/3861/1967
f 2006/3926/2006 1934/3814/1934 1878/3627/1878
f 1972/3824/1972 1806/3466/1806 1949/3776/1949
f 1937/3927/1937 2020/3928/2020 2021/3929/2021
f 1778/3756/1778 1941/3758/1941 1996/3930/1996
f 1894/3655/1894 1984/3846/1984 1963/3801/1963
f 2008/3893/2008 1942/3853/1942 1986/3852/1986
f 1960/3798/1960 2022/3931/2022 2009/3894/2009
f 1915/3697/1915 1985/3849/1985 2023/3932/2023
f 1915/3697/1915 2023/3932/2023 2001/3883/2001
f 1987/3933/1987 2012/3918/2012 2024/3934/2024
f 1918/3702/1918 2017/3921/2017 1944/3766/1944
f 2012/3918/2012 2025/3935/2025 2024/3934/2024
f 2017/3936/2017 2018/3922/2018 1989/3924/1989
f 2016/3916/2016 2019/3937/2019 1967/3810/1967
f 2019/3925/2019 2026/3938/2026 1968/3811/1968
f 1968/3811/1968 2026/3938/2026 1969/3813/1969
f 1888/3645/1888 1899/3838/1899 2027/3939/2027
f 1933/3738/1933 2005/3888/2005 2006/3889/2006
f 1934/3940/1934 2028/3941/2028 1889/3942/1889
f 1982/3841/1982 1973/3864/1973 1844/3552/1844
f 1937/3943/1937 2021/3944/2021 1974/3945/1974
f 1928/3725/1928 2029/3946/2029 1938/3842/1938
f 1937/3749/1937 1883/3638/1883 2020/3947/2020
f 1930/3753/1930 2008/3893/2008 1939/3752/1939
f 1994/3948/1994 1984/3846/1984 1929/3847/1929
f 1901/3674/1901 1996/3874/1996 2030/3949/2030
f 2011/3897/2011 1998/3876/1998 1905/3784/1905
f 1861/3591/1861 2001/3883/2001 1979/3850/1979
f 2002/3950/2002 2031/3951/2031 2015/3920/2015
f 2016/3916/2016 1980/3835/1980 1965/3806/1965
f 2012/3918/2012 2015/3920/2015 2025/3935/2025
f 1980/3835/1980 1967/3810/1967 1966/3809/1966
f 2026/3952/2026 1981/3837/1981 1969/3862/1969
f 1946/3772/1946 2032/3953/2032 2004/3954/2004
f 1948/3823/1948 2033/3955/2033 1923/3793/1923
f 1866/3631/1866 1972/3824/1972 2034/3956/2034
f 1923/3793/1923 2035/3957/2035 1935/3743/1935
f 1950/3777/1950 2036/3958/2036 1991/3865/1991
f 1900/3672/1900 2007/3891/2007 1995/3913/1995
f 1995/3872/1995 2014/3959/2014 1940/3873/1940
f 1883/3960/1883 1975/3961/1975 2037/3962/2037
f 1959/3797/1959 1958/3796/1958 2038/3963/2038
f 1941/3758/1941 2039/3964/2039 1996/3930/1996
f 1958/3796/1958 2040/3965/2040 2038/3963/2038
f 1960/3966/1960 2014/3959/2014 2022/3967/2022
f 1958/3796/1958 2009/3894/2009 2040/3965/2040
f 2009/3968/2009 2022/3967/2022 2040/3969/2040
f 1916/3848/1916 2000/3882/2000 2041/3970/2041
f 1916/3848/1916 2041/3970/2041 1976/3828/1976
f 1964/3803/1964 2042/3971/2042 2011/3897/2011
f 2015/3920/2015 2043/3972/2043 2025/3935/2025
f 1967/3810/1967 1980/3835/1980 2016/3916/2016
f 1918/3702/1918 1990/3860/1990 2017/3921/2017
f 1945/3769/1945 2032/3953/2032 1946/3772/1946
f 1897/3886/1897 1888/3645/1888 2027/3939/2027
f 1879/3629/1879 1970/3973/1970 1947/3774/1947
f 1971/3840/1971 2033/3955/2033 1948/3823/1948
f 1950/3777/1950 1951/3778/1951 2036/3958/2036
f 1957/3795/1957 1939/3752/1939 2044/3974/2044
f 1901/3674/1901 2030/3949/2030 1913/3693/1913
f 1939/3752/1939 2008/3893/2008 2045/3975/2045
f 2046/3976/2046 1963/3977/1963 1984/3978/1984
f 1986/3852/1986 2047/3979/2047 2008/3893/2008
f 1941/3758/1941 1976/3828/1976 2039/3964/2039
f 1904/3679/1904 1997/3980/1997 1985/3849/1985
f 1978/3981/1978 1799/3898/1799 1977/3830/1977
f 2015/3920/2015 2031/3951/2031 2043/3972/2043
f 2025/3935/2025 2048/3982/2048 2024/3934/2024
f 2003/3983/2003 2018/3984/2018 2002/3950/2002
f 2025/3935/2025 2043/3972/2043 2048/3982/2048
f 1897/3886/1897 2049/3985/2049 1990/3986/1990
f 2050/3987/2050 2004/3954/2004 2032/3953/2032
f 2050/3988/2050 2005/3888/2005 2004/3887/2004
f 2028/3941/2028 2051/3989/2051 1889/3942/1889
f 2051/3990/2051 1970/3816/1970 1889/3815/1889
f 2034/3991/2034 1971/3992/1971 1866/3993/1866
f 2033/3955/2033 2035/3957/2035 1923/3793/1923
f 1935/3743/1935 2035/3957/2035 1982/3909/1982
f 1973/3825/1973 2052/3994/2052 1949/3776/1949
f 1891/3650/1891 2053/3995/2053 1992/3866/1992
f 1928/3996/1928 1974/3945/1974 2054/3997/2054
f 1952/3779/1952 1913/3693/1913 2055/3998/2055
f 1938/3750/1938 2056/3999/2056 1983/3843/1983
f 1995/3872/1995 2007/4000/2007 2057/4001/2057
f 1883/3960/1883 2037/3962/2037 2020/3928/2020
f 1939/3752/1939 2045/3975/2045 2044/3974/2044
f 1996/4002/1996 2058/4003/2058 2030/4004/2030
f 1983/3843/1983 2059/4005/2059 1961/3799/1961
f 1997/3875/1997 1959/3797/1959 2038/3963/2038
f 2022/3967/2022 2060/4006/2060 2040/3969/2040
f 1986/3852/1986 1987/3854/1987 2061/4007/2061
f 2001/4008/2001 2062/4009/2062 1979/4010/1979
f 1909/3857/1909 2042/3971/2042 1964/3803/1964
f 2002/3950/2002 2018/3984/2018 2031/3951/2031
f 2026/3952/2026 2063/4011/2063 1981/3837/1981
f 2064/4012/2064 2032/3953/2032 1981/3837/1981
f 1981/3837/1981 2032/3953/2032 1945/3769/1945
f 2005/3888/2005 2065/4013/2065 2006/3889/2006
f 1934/3814/1934 2006/3926/2006 2066/4014/2066
f 1934/3940/1934 2066/4015/2066 2028/3941/2028
f 1991/3865/1991 2053/3995/2053 1891/3650/1891
f 2036/3958/2036 2053/3995/2053 1991/3865/1991
f 1951/4016/1951 2067/4017/2067 2036/4018/2036
f 1936/4019/1936 2068/4020/2068 1857/4021/1857
f 1936/4019/1936 2069/4022/2069 2068/4020/2068
f 1936/3745/1936 2070/4023/2070 2069/4024/2069
f 1913/4025/1913 2030/4004/2030 2055/4026/2055
f 1957/3795/1957 2044/3974/2044 2007/3892/2007
f 2057/4001/2057 2014/3959/2014 1995/3872/1995
f 1994/3912/1994 2046/3976/2046 1984/3978/1984
f 2071/4027/2071 2045/3975/2045 2008/3893/2008
f 2008/3893/2008 2047/3979/2047 2071/4027/2071
f 2038/4028/2038 2040/3969/2040 2072/4029/2072
f 1963/3879/1963 2073/4030/2073 1999/3880/1999
f 1986/4031/1986 2061/4032/2061 2074/4033/2074
f 1978/4034/1978 2075/4035/2075 2000/4036/2000
f 2023/4037/2023 2076/4038/2076 2001/4008/2001
f 1987/3933/1987 2024/3934/2024 2061/4039/2061
f 1955/3790/1955 2077/4040/2077 1909/3687/1909
f 2024/3934/2024 2048/3982/2048 2078/4041/2078
f 2043/3972/2043 2031/3951/2031 2079/4042/2079
f 2019/3925/2019 2063/4043/2063 2026/3938/2026
f 2048/3982/2048 2043/3972/2043 2080/4044/2080
f 1972/3824/1972 1949/3776/1949 2052/3994/2052
f 1982/4045/1982 2052/3994/2052 1973/3825/1973
f 1992/4046/1992 2053/4047/2053 2081/4048/2081
f 1857/4049/1857 2068/4050/2068 1951/4016/1951
f 1974/3945/1974 2082/4051/2082 2054/3997/2054
f 2030/4004/2030 2083/4052/2083 2055/4026/2055
f 2057/4053/2057 2007/3892/2007 2044/3974/2044
f 2014/3959/2014 2057/4001/2057 2084/4054/2084
f 1986/3852/1986 2074/4055/2074 2047/3979/2047
f 2060/4006/2060 2072/4029/2072 2040/3969/2040
f 2023/3932/2023 1985/3849/1985 2076/4056/2076
f 1955/3790/1955 1954/3789/1954 2077/4040/2077
f 1979/3834/1979 2062/4057/2062 2016/3916/2016
f 2016/4058/2016 2062/4059/2062 2019/4060/2019
f 2079/4042/2079 2080/4044/2080 2043/3972/2043
f 1981/3837/1981 2063/4011/2063 2064/4012/2064
f 2032/3953/2032 2064/4012/2064 2050/3987/2050
f 2050/4061/2050 2085/4062/2085 2005/4063/2005
f 1899/3838/1899 2013/4064/2013 2027/3939/2027
f 1947/4065/1947 1970/3816/1970 2086/4066/2086
f 1971/3840/1971 2034/4067/2034 2033/3955/2033
f 2034/3956/2034 1972/3824/1972 2052/3994/2052
f 1982/4045/1982 2035/4068/2035 2052/3994/2052
f 2070/4023/2070 1936/3745/1936 1927/3723/1927
f 1974/3945/1974 2021/3944/2021 2082/4051/2082
f 1925/4069/1925 2087/4070/2087 1993/3911/1993
f 2029/4071/2029 2056/4072/2056 1938/4073/1938
f 2087/4070/2087 1994/3912/1994 1993/3911/1993
f 2056/4072/2056 2059/4074/2059 1983/4075/1983
f 1996/4002/1996 2039/4076/2039 2058/4003/2058
f 2073/4077/2073 1963/3977/1963 2046/3976/2046
f 2014/3959/2014 2060/4006/2060 2022/3967/2022
f 2014/3959/2014 2084/4054/2084 2060/4006/2060
f 2072/4029/2072 2060/4006/2060 2088/4078/2088
f 1977/4079/1977 2075/4035/2075 1978/4034/1978
f 2078/4041/2078 2061/4039/2061 2024/3934/2024
f 2019/4080/2019 2062/4009/2062 2063/4081/2063
f 2048/3982/2048 2080/4044/2080 2078/4041/2078
f 2017/4082/2017 2089/4083/2089 2018/3984/2018
f 2017/4084/2017 1990/3986/1990 2089/4085/2089
f 1990/3986/1990 2049/3985/2049 2089/4085/2089
f 2027/3939/2027 2049/3985/2049 1897/3886/1897
f 2006/4086/2006 2065/4087/2065 2066/4015/2066
f 1928/3996/1928 2054/3997/2054 2029/4088/2029
f 1952/3779/1952 2055/3998/2055 1927/3723/1927
f 2087/4070/2087 2046/3976/2046 1994/3912/1994
f 2044/3974/2044 2090/4089/2090 2057/4053/2057
f 2044/3974/2044 2045/3975/2045 2090/4089/2090
f 2060/4006/2060 2084/4054/2084 2088/4078/2088
f 2091/4090/2091 2010/3895/2010 1961/3799/1961
f 2072/4029/2072 2088/4078/2088 2092/4091/2092
f 1999/4092/1999 2075/4035/2075 1977/4079/1977
f 1998/4093/1998 2093/4094/2093 2094/4095/2094
f 1998/4093/1998 2011/4096/2011 2093/4094/2093
f 2093/4094/2093 2011/4096/2011 2042/4097/2042
f 2076/4038/2076 2062/4009/2062 2001/4008/2001
f 2095/4098/2095 2061/4032/2061 2078/4099/2078
f 2063/4081/2063 2062/4009/2062 2096/4100/2096
f 2031/3951/2031 2018/3984/2018 2089/4083/2089
f 2064/4012/2064 2063/4011/2063 2096/4101/2096
f 2065/4087/2065 2005/4102/2005 2085/4103/2085
f 2066/4015/2066 2051/3989/2051 2028/3941/2028
f 2033/4104/2033 2034/3956/2034 2052/3994/2052
f 2033/4104/2033 2052/3994/2052 2035/4068/2035
f 1992/4046/1992 2097/4105/2097 1925/4069/1925
f 2098/4106/2098 2055/4107/2055 2083/4108/2083
f 2057/4001/2057 2090/4109/2090 2084/4054/2084
f 2038/4028/2038 2072/4029/2072 2099/4110/2099
f 2038/3963/2038 2099/4111/2099 1997/3875/1997
f 2039/4076/2039 1976/4112/1976 2100/4113/2100
f 2074/4033/2074 2061/4032/2061 2101/4114/2101
f 2000/3882/2000 2102/4115/2102 2041/3970/2041
f 2103/4116/2103 1954/3901/1954 2010/3900/2010
f 1985/4117/1985 2104/4118/2104 2076/4038/2076
f 2061/4032/2061 2095/4098/2095 2101/4114/2101
f 2077/4119/2077 2042/4120/2042 1909/4121/1909
f 2076/4038/2076 2104/4118/2104 2062/4009/2062
f 2031/3951/2031 2105/4122/2105 2079/4042/2079
f 1970/3816/1970 2051/3990/2051 2086/4066/2086
f 2053/4047/2053 2036/4018/2036 2106/4123/2106
f 1951/4016/1951 2068/4050/2068 2067/4017/2067
f 1927/4124/1927 2098/4125/2098 2070/4126/2070
f 2021/3944/2021 2107/4127/2107 2082/4051/2082
f 1925/4069/1925 2097/4105/2097 2087/4070/2087
f 2058/4003/2058 2039/4076/2039 2108/4128/2108
f 2045/4129/2045 2109/4130/2109 2090/4131/2090
f 2045/4129/2045 2071/4132/2071 2109/4130/2109
f 2072/4029/2072 2092/4091/2092 2099/4110/2099
f 2047/3979/2047 2074/4055/2074 2071/4027/2071
f 1998/4093/1998 2094/4095/2094 1975/4133/1975
f 2100/4113/2100 2110/4134/2110 2039/4076/2039
f 1954/4135/1954 2103/4136/2103 2077/4137/2077
f 2062/4009/2062 2104/4118/2104 2096/4100/2096
f 2105/4122/2105 2111/4138/2111 2079/4042/2079
f 2080/4044/2080 2079/4042/2079 2112/4139/2112
f 2096/4101/2096 2050/3987/2050 2064/4012/2064
f 2086/4066/2086 2013/4140/2013 1947/4065/1947
f 1927/4124/1927 2055/4141/2055 2098/4125/2098
f 2029/4071/2029 2113/4142/2113 2056/4072/2056
f 2073/4143/2073 2114/4144/2114 1999/4092/1999
f 2039/4076/2039 2110/4134/2110 2108/4128/2108
f 2094/4145/2094 2115/4146/2115 1975/3961/1975
f 2090/4147/2090 2116/4148/2116 2084/4149/2084
f 1999/4092/1999 2114/4144/2114 2075/4035/2075
f 2099/4150/2099 2117/4151/2117 1997/4152/1997
f 2092/4091/2092 2088/4078/2088 2118/4153/2118
f 2084/4054/2084 2119/4154/2119 2088/4078/2088
f 2088/4155/2088 2119/4156/2119 2118/4157/2118
f 2084/4158/2084 2116/4159/2116 2119/4156/2119
f 2000/3882/2000 2075/4160/2075 2102/4115/2102
f 1997/4161/1997 2117/4162/2117 1985/4163/1985
f 2041/4164/2041 2102/4165/2102 2120/4166/2120
f 2121/4167/2121 2122/4168/2122 2116/4169/2116
f 2116/4169/2116 2123/4170/2123 2121/4167/2121
f 2031/3951/2031 2089/4083/2089 2105/4122/2105
f 2124/4171/2124 2050/4172/2050 2096/4100/2096
f 2053/4047/2053 2106/4123/2106 2081/4048/2081
f 1992/4046/1992 2081/4048/2081 2097/4105/2097
f 2021/3929/2021 2020/3928/2020 2107/4173/2107
f 2083/4052/2083 2030/4004/2030 2058/4003/2058
f 2092/4091/2092 2125/4174/2125 2099/4110/2099
f 2092/4091/2092 2118/4153/2118 2126/4175/2126
f 2090/4131/2090 2109/4130/2109 2116/4176/2116
f 1976/3828/1976 2041/3970/2041 2100/4177/2100
f 2119/4156/2119 2127/4178/2127 2118/4157/2118
f 2116/4176/2116 2128/4179/2128 2123/4180/2123
f 2119/4156/2119 2122/4181/2122 2127/4178/2127
f 2116/4159/2116 2122/4181/2122 2119/4156/2119
f 2042/4097/2042 2129/4182/2129 2093/4094/2093
f 2121/4183/2121 2130/4184/2130 2122/4181/2122
f 2121/4167/2121 2123/4170/2123 2130/4185/2130
f 2080/4044/2080 2112/4139/2112 2078/4041/2078
f 2104/4118/2104 2124/4171/2124 2096/4100/2096
f 2079/4042/2079 2111/4138/2111 2112/4139/2112
f 2049/3985/2049 2027/3939/2027 2131/4186/2131
f 2067/4187/2067 2068/4020/2068 2132/4188/2132
f 2054/3997/2054 2133/4189/2133 2029/4088/2029
f 2107/4173/2107 2020/3928/2020 2134/4190/2134
f 2046/3976/2046 2135/4191/2135 2073/4077/2073
f 2059/4074/2059 2091/4192/2091 1961/4193/1961
f 2092/4194/2092 2126/4195/2126 2125/4196/2125
f 2075/4035/2075 2114/4144/2114 2136/4197/2136
f 2074/4033/2074 2101/4114/2101 2071/4132/2071
f 2109/4130/2109 2128/4179/2128 2116/4176/2116
f 2118/4157/2118 2127/4178/2127 2126/4198/2126
f 1985/4117/1985 2117/4199/2117 2104/4118/2104
f 2103/4136/2103 2137/4200/2137 2077/4137/2077
f 2122/4181/2122 2138/4201/2138 2127/4178/2127
f 2122/4181/2122 2130/4184/2130 2138/4201/2138
f 2095/4098/2095 2078/4099/2078 2139/4202/2139
f 2078/4099/2078 2112/4203/2112 2139/4202/2139
f 2046/3976/2046 2087/4070/2087 2135/4191/2135
f 2073/4143/2073 2135/4204/2135 2114/4144/2114
f 1975/3961/1975 2115/4146/2115 2037/3962/2037
f 2108/4128/2108 2110/4134/2110 2140/4205/2140
f 2071/4132/2071 2128/4179/2128 2109/4130/2109
f 2071/4132/2071 2101/4114/2101 2128/4179/2128
f 2075/4035/2075 2136/4197/2136 2102/4206/2102
f 2100/4113/2100 2141/4207/2141 2110/4134/2110
f 2099/4208/2099 2125/4196/2125 2117/4209/2117
f 2093/4094/2093 2129/4182/2129 2094/4095/2094
f 2042/4120/2042 2077/4119/2077 2129/4210/2129
f 2128/4179/2128 2139/4202/2139 2123/4180/2123
f 2095/4098/2095 2139/4202/2139 2128/4179/2128
f 2123/4170/2123 2142/4211/2142 2130/4185/2130
f 2123/4180/2123 2139/4202/2139 2142/4212/2142
f 2105/4122/2105 2089/4083/2089 2143/4213/2143
f 2089/4085/2089 2049/3985/2049 2144/4214/2144
f 2124/4215/2124 2085/4216/2085 2050/4217/2050
f 2065/4087/2065 2145/4218/2145 2066/4015/2066
f 2066/4015/2066 2146/4219/2146 2051/3989/2051
f 2036/4018/2036 2067/4017/2067 2147/4220/2147
f 2083/4108/2083 2148/4221/2148 2098/4106/2098
f 2097/4105/2097 2149/4222/2149 2087/4070/2087
f 2083/4108/2083 2058/4223/2058 2150/4224/2150
f 2037/3962/2037 2115/4146/2115 2134/4190/2134
f 2058/4223/2058 2108/4225/2108 2151/4226/2151
f 2110/4134/2110 2152/4227/2152 2140/4205/2140
f 2091/4228/2091 2103/4136/2103 2010/4229/2010
f 2110/4134/2110 2141/4207/2141 2152/4227/2152
f 2041/4164/2041 2141/4207/2141 2100/4113/2100
f 2095/4098/2095 2128/4179/2128 2101/4114/2101
f 2153/4230/2153 2137/4200/2137 2103/4136/2103
f 2138/4201/2138 2154/4231/2154 2127/4178/2127
f 2077/4119/2077 2155/4232/2155 2129/4210/2129
f 2142/4211/2142 2138/4233/2138 2130/4185/2130
f 2142/4234/2142 2156/4235/2156 2138/4236/2138
f 2142/4212/2142 2139/4202/2139 2156/4237/2156
f 2112/4203/2112 2156/4237/2156 2139/4202/2139
f 2111/4238/2111 2157/4239/2157 2112/4240/2112
f 2013/4064/2013 2131/4186/2131 2027/3939/2027
f 2013/4064/2013 2086/4241/2086 2158/4242/2158
f 2145/4218/2145 2146/4219/2146 2066/4015/2066
f 2036/4018/2036 2147/4220/2147 2106/4123/2106
f 2082/4051/2082 2133/4189/2133 2054/3997/2054
f 2070/4243/2070 2098/4244/2098 2069/4245/2069
f 2082/4051/2082 2107/4127/2107 2159/4246/2159
f 2083/4108/2083 2150/4224/2150 2148/4221/2148
f 2107/4173/2107 2134/4190/2134 2160/4247/2160
f 2020/3928/2020 2037/3962/2037 2134/4190/2134
f 2113/4142/2113 2161/4248/2161 2056/4072/2056
f 2058/4223/2058 2151/4226/2151 2150/4224/2150
f 2056/4072/2056 2161/4248/2161 2059/4074/2059
f 2127/4178/2127 2154/4231/2154 2126/4198/2126
f 2137/4200/2137 2162/4249/2162 2077/4137/2077
f 2162/4249/2162 2155/4250/2155 2077/4137/2077
f 2138/4236/2138 2163/4251/2163 2154/4252/2154
f 2138/4236/2138 2156/4235/2156 2163/4251/2163
f 2117/4199/2117 2164/4253/2164 2104/4118/2104
f 2049/3985/2049 2131/4186/2131 2144/4214/2144
f 2124/4215/2124 2165/4254/2165 2085/4216/2085
f 2085/4103/2085 2165/4255/2165 2065/4087/2065
f 2051/3989/2051 2146/4219/2146 2086/4256/2086
f 2146/4219/2146 2158/4257/2158 2086/4256/2086
f 2082/4051/2082 2159/4246/2159 2133/4189/2133
f 2107/4127/2107 2166/4258/2166 2159/4246/2159
f 2097/4105/2097 2167/4259/2167 2149/4222/2149
f 2107/4127/2107 2160/4260/2160 2166/4258/2166
f 2114/4144/2114 2135/4204/2135 2168/4261/2168
f 2059/4074/2059 2169/4262/2169 2091/4192/2091
f 2114/4144/2114 2170/4263/2170 2136/4197/2136
f 2103/4136/2103 2171/4264/2171 2153/4230/2153
f 2041/4164/2041 2172/4265/2172 2141/4207/2141
f 2156/4235/2156 2157/4239/2157 2163/4251/2163
f 2156/4235/2156 2112/4240/2112 2157/4239/2157
f 2105/4122/2105 2143/4213/2143 2111/4138/2111
f 2157/4239/2157 2143/4266/2143 2173/4267/2173
f 2111/4238/2111 2143/4266/2143 2157/4239/2157
f 2089/4083/2089 2144/4268/2144 2143/4213/2143
f 2065/4087/2065 2165/4255/2165 2145/4218/2145
f 2145/4218/2145 2174/4269/2174 2146/4219/2146
f 2068/4020/2068 2069/4022/2069 2132/4188/2132
f 2029/4071/2029 2175/4270/2175 2113/4142/2113
f 2113/4142/2113 2175/4270/2175 2176/4271/2176
f 2134/4190/2134 2115/4146/2115 2177/4272/2177
f 2169/4273/2169 2171/4274/2171 2091/4275/2091
f 2115/4146/2115 2094/4145/2094 2178/4276/2178
f 2091/4228/2091 2171/4264/2171 2103/4136/2103
f 2041/4164/2041 2120/4166/2120 2172/4265/2172
f 2154/4277/2154 2179/4278/2179 2126/4195/2126
f 2153/4230/2153 2162/4249/2162 2137/4200/2137
f 2155/4250/2155 2162/4249/2162 2180/4279/2180
f 2124/4171/2124 2104/4118/2104 2164/4253/2164
f 2176/4271/2176 2161/4248/2161 2113/4142/2113
f 2115/4146/2115 2178/4276/2178 2177/4272/2177
f 2059/4074/2059 2161/4248/2161 2169/4262/2169
f 2114/4144/2114 2168/4261/2168 2170/4263/2170
f 2153/4230/2153 2181/4280/2181 2162/4249/2162
f 2126/4195/2126 2179/4278/2179 2125/4196/2125
f 2125/4196/2125 2164/4281/2164 2117/4209/2117
f 2164/4281/2164 2165/4282/2165 2124/4283/2124
f 2131/4186/2131 2013/4064/2013 2182/4284/2182
f 2067/4017/2067 2132/4285/2132 2147/4220/2147
f 2159/4246/2159 2183/4286/2183 2133/4189/2133
f 2098/4244/2098 2184/4287/2184 2069/4245/2069
f 2029/4088/2029 2133/4189/2133 2175/4288/2175
f 2081/4048/2081 2167/4259/2167 2097/4105/2097
f 2160/4247/2160 2134/4190/2134 2177/4272/2177
f 2135/4204/2135 2185/4289/2185 2168/4261/2168
f 2171/4274/2171 2181/4290/2181 2153/4291/2153
f 2154/4252/2154 2163/4251/2163 2179/4292/2179
f 2013/4064/2013 2158/4242/2158 2182/4284/2182
f 2147/4220/2147 2186/4293/2186 2106/4123/2106
f 2106/4123/2106 2186/4293/2186 2081/4048/2081
f 2081/4048/2081 2186/4293/2186 2167/4259/2167
f 2087/4070/2087 2149/4222/2149 2135/4191/2135
f 2108/4225/2108 2140/4294/2140 2187/4295/2187
f 2178/4276/2178 2094/4145/2094 2188/4296/2188
f 2094/4095/2094 2129/4182/2129 2188/4297/2188
f 2102/4298/2102 2136/4299/2136 2120/4300/2120
f 2162/4249/2162 2189/4301/2189 2180/4279/2180
f 2157/4239/2157 2173/4267/2173 2163/4251/2163
f 2164/4281/2164 2190/4302/2190 2165/4282/2165
f 2190/4302/2190 2191/4303/2191 2165/4282/2165
f 2191/4304/2191 2145/4218/2145 2165/4255/2165
f 2144/4214/2144 2131/4186/2131 2182/4284/2182
f 2191/4304/2191 2174/4269/2174 2145/4218/2145
f 2158/4257/2158 2146/4219/2146 2174/4269/2174
f 2184/4305/2184 2098/4106/2098 2148/4221/2148
f 2192/4306/2192 2161/4248/2161 2176/4271/2176
f 2187/4295/2187 2151/4226/2151 2108/4225/2108
f 2193/4307/2193 2129/4210/2129 2155/4232/2155
f 2179/4278/2179 2194/4308/2194 2125/4196/2125
f 2179/4278/2179 2163/4309/2163 2194/4308/2194
f 2164/4281/2164 2125/4196/2125 2194/4308/2194
f 2164/4281/2164 2194/4308/2194 2190/4302/2190
f 2182/4284/2182 2158/4242/2158 2174/4310/2174
f 2167/4259/2167 2195/4311/2195 2149/4222/2149
f 2149/4222/2149 2195/4311/2195 2135/4191/2135
f 2135/4312/2135 2195/4313/2195 2185/4314/2185
f 2181/4290/2181 2189/4315/2189 2162/4316/2162
f 2163/4251/2163 2173/4267/2173 2194/4317/2194
f 2173/4267/2173 2143/4266/2143 2196/4318/2196
f 2144/4319/2144 2196/4318/2196 2143/4266/2143
f 2194/4308/2194 2191/4303/2191 2190/4302/2190
f 2144/4214/2144 2182/4284/2182 2196/4320/2196
f 2147/4321/2147 2132/4322/2132 2197/4323/2197
f 2133/4189/2133 2183/4286/2183 2198/4324/2198
f 2177/4272/2177 2199/4325/2199 2160/4247/2160
f 2151/4226/2151 2200/4326/2200 2150/4224/2150
f 2151/4226/2151 2187/4295/2187 2200/4326/2200
f 2161/4248/2161 2201/4327/2201 2169/4262/2169
f 2171/4274/2171 2169/4273/2169 2181/4290/2181
f 2129/4182/2129 2193/4328/2193 2188/4297/2188
f 2173/4267/2173 2196/4318/2196 2194/4317/2194
f 2194/4308/2194 2196/4329/2196 2191/4303/2191
f 2196/4330/2196 2174/4269/2174 2191/4304/2191
f 2182/4284/2182 2174/4310/2174 2196/4320/2196
f 2183/4286/2183 2159/4246/2159 2202/4331/2202
f 2132/4332/2132 2069/4245/2069 2203/4333/2203
f 2147/4321/2147 2204/4334/2204 2186/4335/2186
f 2133/4189/2133 2198/4324/2198 2175/4288/2175
f 2166/4258/2166 2160/4260/2160 2205/4336/2205
f 2148/4221/2148 2150/4224/2150 2206/4337/2206
f 2160/4247/2160 2199/4325/2199 2205/4338/2205
f 2178/4276/2178 2207/4339/2207 2177/4272/2177
f 2168/4261/2168 2208/4340/2208 2170/4263/2170
f 2136/4197/2136 2170/4263/2170 2209/4341/2209
f 2159/4246/2159 2166/4258/2166 2210/4342/2210
f 2175/4270/2175 2211/4343/2211 2176/4271/2176
f 2197/4323/2197 2204/4334/2204 2147/4321/2147
f 2186/4335/2186 2204/4334/2204 2212/4344/2212
f 2186/4335/2186 2212/4344/2212 2167/4345/2167
f 2167/4345/2167 2213/4346/2213 2195/4313/2195
f 2207/4339/2207 2178/4276/2178 2214/4347/2214
f 2192/4306/2192 2201/4327/2201 2161/4248/2161
f 2185/4289/2185 2208/4340/2208 2168/4261/2168
f 2136/4348/2136 2209/4349/2209 2120/4350/2120
f 2132/4332/2132 2203/4333/2203 2197/4351/2197
f 2069/4245/2069 2215/4352/2215 2203/4333/2203
f 2184/4287/2184 2215/4352/2215 2069/4245/2069
f 2175/4270/2175 2198/4353/2198 2211/4343/2211
f 2166/4258/2166 2205/4336/2205 2210/4342/2210
f 2150/4224/2150 2200/4326/2200 2206/4337/2206
f 2177/4272/2177 2207/4339/2207 2199/4325/2199
f 2213/4346/2213 2185/4314/2185 2195/4313/2195
f 2214/4347/2214 2178/4276/2178 2216/4354/2216
f 2178/4276/2178 2188/4296/2188 2216/4354/2216
f 2140/4294/2140 2217/4355/2217 2187/4295/2187
f 2212/4344/2212 2213/4346/2213 2167/4345/2167
f 2205/4338/2205 2199/4325/2199 2218/4356/2218
f 2170/4357/2170 2208/4358/2208 2219/4359/2219
f 2169/4273/2169 2201/4360/2201 2181/4290/2181
f 2202/4331/2202 2220/4361/2220 2183/4286/2183
f 2159/4246/2159 2210/4342/2210 2202/4331/2202
f 2200/4326/2200 2221/4362/2221 2206/4337/2206
f 2141/4207/2141 2222/4363/2222 2152/4227/2152
f 2172/4265/2172 2120/4166/2120 2223/4364/2223
f 2180/4365/2180 2224/4366/2224 2155/4367/2155
f 2197/4368/2197 2225/4369/2225 2204/4370/2204
f 2199/4325/2199 2207/4339/2207 2226/4371/2226
f 2214/4347/2214 2227/4372/2227 2207/4339/2207
f 2207/4339/2207 2227/4372/2227 2226/4371/2226
f 2228/4373/2228 2185/4314/2185 2213/4346/2213
f 2214/4347/2214 2216/4354/2216 2229/4374/2229
f 2219/4359/2219 2209/4349/2209 2170/4357/2170
f 2172/4265/2172 2222/4363/2222 2141/4207/2141
f 2230/4375/2230 2176/4271/2176 2211/4343/2211
f 2185/4376/2185 2228/4377/2228 2208/4358/2208
f 2227/4372/2227 2214/4347/2214 2229/4374/2229
f 2202/4331/2202 2210/4342/2210 2220/4361/2220
f 2220/4361/2220 2198/4324/2198 2183/4286/2183
f 2197/4351/2197 2203/4333/2203 2225/4378/2225
f 2148/4221/2148 2231/4379/2231 2184/4305/2184
f 2206/4337/2206 2232/4380/2232 2148/4221/2148
f 2212/4381/2212 2233/4382/2233 2213/4383/2213
f 2199/4325/2199 2226/4371/2226 2218/4356/2218
f 2140/4294/2140 2152/4384/2152 2217/4355/2217
f 2155/4367/2155 2224/4366/2224 2234/4385/2234
f 2226/4386/2226 2235/4387/2235 2218/4388/2218
f 2226/4371/2226 2227/4372/2227 2236/4389/2236
f 2187/4390/2187 2217/4391/2217 2237/4392/2237
f 2188/4296/2188 2238/4393/2238 2216/4354/2216
f 2215/4352/2215 2239/4394/2239 2203/4333/2203
f 2148/4221/2148 2232/4380/2232 2231/4379/2231
f 2232/4395/2232 2206/4396/2206 2221/4397/2221
f 2226/4386/2226 2236/4398/2236 2235/4387/2235
f 2229/4374/2229 2240/4399/2240 2227/4372/2227
f 2152/4384/2152 2222/4400/2222 2241/4401/2241
f 2189/4315/2189 2242/4402/2242 2180/4365/2180
f 2203/4333/2203 2239/4394/2239 2225/4378/2225
f 2210/4342/2210 2205/4336/2205 2218/4403/2218
f 2210/4404/2210 2218/4405/2218 2243/4406/2243
f 2211/4343/2211 2198/4353/2198 2244/4407/2244
f 2230/4375/2230 2192/4306/2192 2176/4271/2176
f 2233/4382/2233 2228/4408/2228 2213/4383/2213
f 2227/4409/2227 2240/4410/2240 2236/4398/2236
f 2221/4397/2221 2200/4411/2200 2245/4412/2245
f 2228/4377/2228 2246/4413/2246 2208/4358/2208
f 2200/4326/2200 2187/4295/2187 2245/4414/2245
f 2187/4390/2187 2237/4392/2237 2245/4412/2245
f 2247/4415/2247 2240/4410/2240 2229/4416/2229
f 2208/4358/2208 2246/4413/2246 2219/4359/2219
f 2201/4327/2201 2192/4306/2192 2248/4417/2248
f 2229/4416/2229 2238/4418/2238 2247/4415/2247
f 2216/4354/2216 2238/4393/2238 2229/4374/2229
f 2201/4360/2201 2249/4419/2249 2181/4290/2181
f 2209/4349/2209 2250/4420/2250 2120/4350/2120
f 2193/4307/2193 2155/4232/2155 2234/4421/2234
f 2220/4361/2220 2251/4422/2251 2198/4324/2198
f 2211/4343/2211 2244/4407/2244 2230/4375/2230
f 2204/4370/2204 2233/4382/2233 2212/4381/2212
f 2246/4413/2246 2252/4423/2252 2219/4359/2219
f 2152/4384/2152 2241/4401/2241 2217/4355/2217
f 2181/4290/2181 2249/4419/2249 2189/4315/2189
f 2210/4404/2210 2253/4424/2253 2220/4425/2220
f 2251/4422/2251 2244/4426/2244 2198/4324/2198
f 2239/4394/2239 2254/4427/2254 2225/4378/2225
f 2231/4379/2231 2215/4428/2215 2184/4305/2184
f 2204/4370/2204 2225/4369/2225 2233/4382/2233
f 2233/4429/2233 2255/4430/2255 2228/4431/2228
f 2255/4432/2255 2246/4413/2246 2228/4377/2228
f 2240/4410/2240 2247/4415/2247 2256/4433/2256
f 2193/4328/2193 2257/4434/2257 2188/4297/2188
f 2189/4315/2189 2249/4419/2249 2242/4402/2242
f 2193/4435/2193 2234/4436/2234 2257/4437/2257
f 2218/4388/2218 2235/4387/2235 2258/4438/2258
f 2230/4439/2230 2244/4440/2244 2259/4441/2259
f 2238/4442/2238 2260/4443/2260 2247/4444/2247
f 2188/4445/2188 2257/4446/2257 2238/4442/2238
f 2172/4265/2172 2223/4364/2223 2222/4363/2222
f 2220/4425/2220 2253/4424/2253 2251/4447/2251
f 2218/4388/2218 2258/4438/2258 2243/4448/2243
f 2236/4398/2236 2261/4449/2261 2235/4387/2235
f 2209/4349/2209 2219/4359/2219 2262/4450/2262
f 2209/4349/2209 2262/4450/2262 2250/4420/2250
f 2180/4365/2180 2242/4402/2242 2224/4366/2224
f 2235/4387/2235 2261/4449/2261 2258/4438/2258
f 2233/4382/2233 2225/4369/2225 2263/4451/2263
f 2233/4429/2233 2264/4452/2264 2255/4430/2255
f 2236/4398/2236 2240/4410/2240 2265/4453/2265
f 2246/4413/2246 2255/4432/2255 2252/4423/2252
f 2248/4417/2248 2266/4454/2266 2201/4327/2201
f 2210/4404/2210 2243/4406/2243 2253/4424/2253
f 2254/4427/2254 2239/4394/2239 2267/4455/2267
f 2192/4306/2192 2230/4375/2230 2248/4417/2248
f 2268/4456/2268 2267/4455/2267 2239/4394/2239
f 2215/4457/2215 2231/4458/2231 2269/4459/2269
f 2254/4460/2254 2263/4461/2263 2225/4462/2225
f 2236/4398/2236 2265/4453/2265 2261/4449/2261
f 2221/4397/2221 2245/4412/2245 2270/4463/2270
f 2240/4410/2240 2256/4433/2256 2265/4453/2265
f 2255/4432/2255 2271/4464/2271 2252/4423/2252
f 2247/4415/2247 2272/4465/2272 2256/4433/2256
f 2252/4423/2252 2262/4450/2262 2219/4359/2219
f 2201/4360/2201 2266/4466/2266 2249/4419/2249
f 2215/4352/2215 2268/4456/2268 2239/4394/2239
f 2232/4395/2232 2273/4467/2273 2231/4458/2231
f 2247/4444/2247 2260/4443/2260 2272/4468/2272
f 2249/4469/2249 2274/4470/2274 2242/4471/2242
f 2243/4406/2243 2275/4472/2275 2253/4424/2253
f 2245/4412/2245 2237/4392/2237 2276/4473/2276
f 2120/4166/2120 2250/4474/2250 2223/4364/2223
f 2249/4469/2249 2266/4475/2266 2274/4470/2274
f 2238/4442/2238 2257/4446/2257 2260/4443/2260
f 2234/4476/2234 2224/4477/2224 2277/4478/2277
f 2251/4447/2251 2253/4424/2253 2278/4479/2278
f 2251/4447/2251 2279/4480/2279 2244/4440/2244
f 2230/4481/2230 2280/4482/2280 2248/4483/2248
f 2245/4412/2245 2276/4473/2276 2270/4463/2270
f 2257/4446/2257 2234/4476/2234 2281/4484/2281
f 2242/4485/2242 2282/4486/2282 2224/4477/2224
f 2224/4477/2224 2282/4486/2282 2277/4478/2277
f 2243/4448/2243 2258/4438/2258 2275/4487/2275
f 2215/4488/2215 2269/4489/2269 2268/4490/2268
f 2244/4440/2244 2283/4491/2283 2259/4441/2259
f 2232/4395/2232 2221/4397/2221 2284/4492/2284
f 2263/4451/2263 2264/4493/2264 2233/4382/2233
f 2259/4441/2259 2280/4494/2280 2230/4439/2230
f 2264/4452/2264 2285/4495/2285 2255/4430/2255
f 2285/4495/2285 2271/4496/2271 2255/4430/2255
f 2248/4483/2248 2286/4497/2286 2266/4475/2266
f 2250/4498/2250 2287/4499/2287 2223/4500/2223
f 2277/4478/2277 2281/4484/2281 2234/4476/2234
f 2251/4447/2251 2278/4479/2278 2279/4480/2279
f 2275/4487/2275 2258/4438/2258 2288/4501/2288
f 2217/4502/2217 2241/4503/2241 2289/4504/2289
f 2242/4485/2242 2274/4505/2274 2282/4486/2282
f 2275/4472/2275 2290/4506/2290 2253/4424/2253
f 2231/4458/2231 2273/4467/2273 2269/4459/2269
f 2261/4449/2261 2265/4453/2265 2291/4507/2291
f 2248/4483/2248 2280/4482/2280 2286/4497/2286
f 2271/4464/2271 2292/4508/2292 2252/4423/2252
f 2289/4504/2289 2237/4509/2237 2217/4502/2217
f 2262/4450/2262 2293/4510/2293 2250/4420/2250
f 2222/4511/2222 2294/4512/2294 2241/4503/2241
f 2223/4513/2223 2294/4512/2294 2222/4511/2222
f 2257/4446/2257 2281/4484/2281 2260/4443/2260
f 2282/4486/2282 2295/4514/2295 2277/4478/2277
f 2232/4395/2232 2284/4492/2284 2273/4467/2273
f 2258/4438/2258 2261/4449/2261 2291/4507/2291
f 2269/4489/2269 2296/4515/2296 2268/4490/2268
f 2281/4484/2281 2297/4516/2297 2260/4443/2260
f 2253/4424/2253 2290/4506/2290 2278/4479/2278
f 2288/4501/2288 2258/4438/2258 2291/4507/2291
f 2283/4491/2283 2244/4440/2244 2279/4480/2279
f 2254/4427/2254 2267/4455/2267 2298/4517/2298
f 2283/4491/2283 2280/4494/2280 2259/4441/2259
f 2291/4507/2291 2265/4453/2265 2299/4518/2299
f 2265/4453/2265 2256/4433/2256 2300/4519/2300
f 2237/4509/2237 2301/4520/2301 2276/4521/2276
f 2292/4508/2292 2262/4450/2262 2252/4423/2252
f 2302/4522/2302 2266/4475/2266 2286/4497/2286
f 2289/4504/2289 2241/4503/2241 2294/4512/2294
f 2303/4523/2303 2274/4470/2274 2266/4475/2266
f 2264/4452/2264 2304/4524/2304 2285/4495/2285
f 2265/4453/2265 2300/4519/2300 2299/4518/2299
f 2292/4525/2292 2293/4526/2293 2262/4527/2262
f 2303/4523/2303 2266/4475/2266 2302/4522/2302
f 2274/4505/2274 2305/4528/2305 2282/4486/2282
f 2263/4529/2263 2304/4524/2304 2264/4452/2264
f 2221/4397/2221 2270/4463/2270 2284/4492/2284
f 2272/4465/2272 2300/4519/2300 2256/4433/2256
f 2260/4443/2260 2297/4516/2297 2272/4468/2272
f 2275/4472/2275 2288/4530/2288 2290/4506/2290
f 2288/4501/2288 2291/4507/2291 2306/4531/2306
f 2269/4459/2269 2273/4467/2273 2296/4532/2296
f 2263/4533/2263 2307/4534/2307 2304/4535/2304
f 2293/4526/2293 2287/4499/2287 2250/4498/2250
f 2303/4523/2303 2305/4536/2305 2274/4470/2274
f 2278/4479/2278 2290/4506/2290 2279/4480/2279
f 2267/4537/2267 2308/4538/2308 2298/4539/2298
f 2254/4460/2254 2307/4540/2307 2263/4461/2263
f 2237/4509/2237 2289/4504/2289 2301/4520/2301
f 2281/4484/2281 2277/4478/2277 2297/4516/2297
f 2254/4541/2254 2298/4542/2298 2307/4543/2307
f 2283/4544/2283 2309/4545/2309 2280/4482/2280
f 2310/4546/2310 2311/4547/2311 2285/4548/2285
f 2285/4548/2285 2311/4547/2311 2271/4549/2271
f 2271/4549/2271 2311/4547/2311 2292/4525/2292
f 2305/4528/2305 2295/4514/2295 2282/4486/2282
f 2299/4518/2299 2312/4550/2312 2291/4507/2291
f 2309/4545/2309 2286/4497/2286 2280/4482/2280
f 2304/4551/2304 2310/4546/2310 2285/4548/2285
f 2272/4468/2272 2297/4516/2297 2300/4552/2300
f 2290/4506/2290 2288/4530/2288 2313/4553/2313
f 2290/4506/2290 2314/4554/2314 2279/4480/2279
f 2268/4490/2268 2308/4538/2308 2267/4537/2267
f 2315/4555/2315 2270/4556/2270 2316/4557/2316
f 2270/4556/2270 2317/4558/2317 2316/4557/2316
f 2286/4497/2286 2318/4559/2318 2302/4522/2302
f 2270/4556/2270 2276/4521/2276 2317/4558/2317
f 2276/4521/2276 2301/4520/2301 2317/4558/2317
f 2300/4552/2300 2297/4516/2297 2319/4560/2319
f 2302/4522/2302 2320/4561/2320 2303/4523/2303
f 2223/4500/2223 2287/4499/2287 2294/4562/2294
f 2303/4523/2303 2320/4561/2320 2305/4536/2305
f 2297/4516/2297 2277/4478/2277 2321/4563/2321
f 2295/4514/2295 2322/4564/2322 2277/4478/2277
f 2288/4530/2288 2306/4565/2306 2313/4553/2313
f 2268/4490/2268 2296/4515/2296 2308/4538/2308
f 2291/4507/2291 2312/4550/2312 2306/4531/2306
f 2284/4492/2284 2323/4566/2323 2273/4467/2273
f 2284/4492/2284 2270/4463/2270 2315/4567/2315
f 2317/4558/2317 2301/4520/2301 2324/4568/2324
f 2301/4520/2301 2289/4504/2289 2324/4568/2324
f 2277/4478/2277 2322/4564/2322 2321/4563/2321
f 2299/4518/2299 2300/4519/2300 2319/4569/2319
f 2286/4497/2286 2309/4545/2309 2318/4559/2318
f 2293/4526/2293 2325/4570/2325 2287/4499/2287
f 2294/4512/2294 2326/4571/2326 2289/4504/2289
f 2298/4539/2298 2308/4538/2308 2327/4572/2327
f 2273/4467/2273 2323/4566/2323 2296/4532/2296
f 2304/4551/2304 2328/4573/2328 2310/4546/2310
f 2306/4565/2306 2329/4574/2329 2313/4553/2313
f 2290/4506/2290 2313/4553/2313 2314/4554/2314
f 2296/4515/2296 2330/4575/2330 2308/4538/2308
f 2296/4532/2296 2323/4566/2323 2330/4576/2330
f 2284/4492/2284 2315/4567/2315 2323/4566/2323
f 2315/4555/2315 2316/4557/2316 2331/4577/2331
f 2297/4516/2297 2321/4563/2321 2319/4560/2319
f 2289/4504/2289 2326/4571/2326 2324/4568/2324
f 2298/4542/2298 2327/4578/2327 2307/4543/2307
f 2299/4518/2299 2332/4579/2332 2312/4550/2312
f 2299/4518/2299 2319/4569/2319 2332/4579/2332
f 2321/4563/2321 2333/4580/2333 2319/4560/2319
f 2293/4526/2293 2292/4525/2292 2325/4570/2325
f 2326/4571/2326 2294/4512/2294 2287/4581/2287
f 2334/4582/2334 2295/4514/2295 2305/4528/2305
f 2334/4582/2334 2322/4564/2322 2295/4514/2295
f 2329/4583/2329 2306/4531/2306 2312/4550/2312
f 2335/4584/2335 2283/4491/2283 2279/4480/2279
f 2336/4585/2336 2323/4566/2323 2315/4567/2315
f 2337/4586/2337 2309/4545/2309 2283/4544/2283
f 2307/4534/2307 2328/4587/2328 2304/4535/2304
f 2316/4557/2316 2317/4558/2317 2338/4588/2338
f 2338/4588/2338 2317/4558/2317 2324/4568/2324
f 2318/4559/2318 2320/4561/2320 2302/4522/2302
f 2320/4561/2320 2334/4589/2334 2305/4536/2305
f 2287/4581/2287 2339/4590/2339 2326/4571/2326
f 2330/4576/2330 2323/4566/2323 2340/4591/2340
f 2329/4583/2329 2312/4550/2312 2332/4579/2332
f 2283/4491/2283 2335/4584/2335 2337/4592/2337
f 2311/4547/2311 2341/4593/2341 2292/4525/2292
f 2322/4564/2322 2342/4594/2342 2321/4563/2321
f 2279/4480/2279 2314/4554/2314 2335/4584/2335
f 2315/4595/2315 2331/4596/2331 2336/4597/2336
f 2331/4598/2331 2316/4599/2316 2343/4600/2343
f 2309/4545/2309 2337/4586/2337 2318/4559/2318
f 2337/4586/2337 2344/4601/2344 2318/4559/2318
f 2310/4546/2310 2345/4602/2345 2311/4547/2311
f 2326/4571/2326 2346/4603/2346 2324/4568/2324
f 2324/4568/2324 2346/4603/2346 2347/4604/2347
f 2334/4582/2334 2342/4594/2342 2322/4564/2322
f 2325/4570/2325 2339/4605/2339 2287/4499/2287
f 2330/4575/2330 2340/4606/2340 2308/4538/2308
f 2329/4574/2329 2332/4607/2332 2348/4608/2348
f 2319/4569/2319 2349/4609/2349 2332/4579/2332
f 2349/4609/2349 2319/4569/2319 2333/4610/2333
f 2318/4559/2318 2344/4601/2344 2320/4561/2320
f 2333/4580/2333 2321/4563/2321 2342/4594/2342
f 2324/4568/2324 2347/4604/2347 2338/4588/2338
f 2313/4553/2313 2350/4611/2350 2314/4554/2314
f 2313/4553/2313 2348/4608/2348 2350/4611/2350
f 2329/4574/2329 2348/4608/2348 2313/4553/2313
f 2336/4597/2336 2340/4612/2340 2323/4613/2323
f 2335/4584/2335 2351/4614/2351 2337/4592/2337
f 2327/4615/2327 2328/4587/2328 2307/4534/2307
f 2310/4546/2310 2328/4573/2328 2352/4616/2352
f 2310/4546/2310 2352/4616/2352 2345/4602/2345
f 2316/4557/2316 2338/4588/2338 2343/4617/2343
f 2311/4547/2311 2345/4602/2345 2341/4593/2341
f 2341/4593/2341 2325/4570/2325 2292/4525/2292
f 2339/4590/2339 2346/4603/2346 2326/4571/2326
f 2308/4538/2308 2340/4606/2340 2353/4618/2353
f 2314/4554/2314 2350/4611/2350 2335/4584/2335
f 2327/4572/2327 2308/4538/2308 2353/4618/2353
f 2327/4615/2327 2353/4619/2353 2328/4587/2328
f 2348/4608/2348 2332/4607/2332 2349/4620/2349
f 2333/4580/2333 2342/4594/2342 2354/4621/2354
f 2325/4570/2325 2355/4622/2355 2339/4605/2339
f 2356/4623/2356 2346/4603/2346 2339/4590/2339
f 2335/4584/2335 2350/4611/2350 2351/4614/2351
f 2353/4619/2353 2357/4624/2357 2328/4587/2328
f 2351/4625/2351 2344/4601/2344 2337/4586/2337
f 2320/4561/2320 2344/4601/2344 2334/4589/2334
f 2334/4589/2334 2354/4626/2354 2342/4627/2342
f 2348/4608/2348 2349/4620/2349 2350/4611/2350
f 2358/4628/2358 2357/4629/2357 2353/4630/2353
f 2349/4620/2349 2333/4631/2333 2354/4632/2354
f 2344/4601/2344 2359/4633/2359 2334/4589/2334
f 2359/4633/2359 2354/4626/2354 2334/4589/2334
f 2345/4602/2345 2360/4634/2360 2341/4593/2341
f 2341/4593/2341 2360/4634/2360 2325/4570/2325
f 2355/4622/2355 2356/4635/2356 2339/4605/2339
f 2346/4603/2346 2361/4636/2361 2347/4604/2347
f 2346/4603/2346 2362/4637/2362 2361/4636/2361
f 2331/4596/2331 2343/4638/2343 2363/4639/2363
f 2351/4625/2351 2359/4633/2359 2344/4601/2344
f 2347/4640/2347 2364/4641/2364 2338/4642/2338
f 2346/4603/2346 2356/4623/2356 2362/4637/2362
f 2331/4596/2331 2363/4639/2363 2336/4597/2336
f 2350/4611/2350 2349/4620/2349 2359/4643/2359
f 2352/4616/2352 2328/4573/2328 2357/4644/2357
f 2350/4611/2350 2359/4643/2359 2351/4614/2351
f 2349/4620/2349 2354/4632/2354 2359/4643/2359
f 2338/4642/2338 2365/4645/2365 2343/4646/2343
f 2338/4642/2338 2364/4641/2364 2365/4645/2365
f 2325/4570/2325 2360/4634/2360 2355/4622/2355
f 2361/4647/2361 2364/4641/2364 2347/4640/2347
f 2352/4616/2352 2366/4648/2366 2345/4602/2345
f 2362/4649/2362 2367/4650/2367 2361/4647/2361
f 2336/4597/2336 2368/4651/2368 2340/4612/2340
f 2363/4639/2363 2369/4652/2369 2370/4653/2370
f 2363/4639/2363 2343/4638/2343 2369/4652/2369
f 2366/4648/2366 2360/4634/2360 2345/4602/2345
f 2355/4654/2355 2371/4655/2371 2356/4656/2356
f 2361/4647/2361 2372/4657/2372 2364/4641/2364
f 2340/4658/2340 2373/4659/2373 2353/4630/2353
f 2343/4646/2343 2374/4660/2374 2369/4661/2369
f 2340/4658/2340 2375/4662/2375 2373/4659/2373
f 2343/4646/2343 2365/4645/2365 2374/4660/2374
f 2356/4656/2356 2376/4663/2376 2367/4664/2367
f 2356/4656/2356 2367/4664/2367 2362/4665/2362
f 2352/4666/2352 2377/4667/2377 2366/4668/2366
f 2367/4650/2367 2372/4657/2372 2361/4647/2361
f 2363/4639/2363 2370/4653/2370 2336/4597/2336
f 2357/4629/2357 2378/4669/2378 2377/4667/2377
f 2352/4666/2352 2357/4629/2357 2377/4667/2377
f 2356/4656/2356 2371/4655/2371 2376/4663/2376
f 2367/4650/2367 2379/4670/2379 2372/4657/2372
f 2340/4612/2340 2368/4651/2368 2375/4671/2375
f 2364/4641/2364 2372/4657/2372 2380/4672/2380
f 2336/4597/2336 2381/4673/2381 2368/4651/2368
f 2336/4597/2336 2370/4653/2370 2381/4673/2381
f 2353/4630/2353 2373/4659/2373 2358/4628/2358
f 2358/4628/2358 2378/4669/2378 2357/4629/2357
f 2365/4645/2365 2380/4672/2380 2374/4660/2374
f 2365/4645/2365 2364/4641/2364 2380/4672/2380
f 2372/4657/2372 2379/4670/2379 2382/4674/2382
f 2383/4675/2383 2366/4668/2366 2377/4667/2377
f 2382/4674/2382 2380/4672/2380 2372/4657/2372
f 2370/4653/2370 2369/4652/2369 2384/4676/2384
f 2360/4677/2360 2385/4678/2385 2355/4654/2355
f 2385/4678/2385 2371/4655/2371 2355/4654/2355
f 2386/4679/2386 2358/4628/2358 2387/4680/2387
f 2387/4680/2387 2358/4628/2358 2373/4659/2373
f 2386/4679/2386 2378/4669/2378 2358/4628/2358
f 2378/4669/2378 2388/4681/2388 2377/4667/2377
f 2369/4652/2369 2374/4682/2374 2384/4676/2384
f 2383/4675/2383 2385/4683/2385 2366/4668/2366
f 2366/4684/2366 2385/4678/2385 2360/4677/2360
f 2376/4663/2376 2379/4685/2379 2367/4664/2367
f 2387/4680/2387 2389/4686/2389 2386/4679/2386
f 2373/4659/2373 2375/4662/2375 2387/4680/2387
f 2386/4679/2386 2388/4681/2388 2378/4669/2378
f 2383/4675/2383 2390/4687/2390 2385/4683/2385
f 2376/4688/2376 2391/4689/2391 2379/4670/2379
f 2388/4681/2388 2392/4690/2392 2377/4667/2377
f 2392/4690/2392 2383/4675/2383 2377/4667/2377
f 2386/4679/2386 2389/4686/2389 2393/4691/2393
f 2386/4679/2386 2393/4691/2393 2388/4681/2388
f 2384/4676/2384 2394/4692/2394 2370/4653/2370
f 2383/4675/2383 2392/4690/2392 2395/4693/2395
f 2380/4672/2380 2396/4694/2396 2374/4660/2374
f 2390/4695/2390 2397/4696/2397 2385/4678/2385
f 2383/4675/2383 2395/4693/2395 2390/4687/2390
f 2380/4672/2380 2382/4674/2382 2398/4697/2398
f 2385/4678/2385 2397/4696/2397 2371/4655/2371
f 2382/4674/2382 2379/4670/2379 2391/4689/2391
f 2382/4674/2382 2391/4689/2391 2399/4698/2399
f 2371/4655/2371 2400/4699/2400 2376/4663/2376
f 2374/4660/2374 2396/4694/2396 2384/4700/2384
f 2371/4655/2371 2397/4696/2397 2400/4699/2400
f 2375/4662/2375 2401/4701/2401 2387/4680/2387
f 2370/4653/2370 2402/4702/2402 2381/4673/2381
f 2388/4681/2388 2403/4703/2403 2392/4690/2392
f 2397/4696/2397 2390/4695/2390 2404/4704/2404
f 2380/4672/2380 2398/4697/2398 2396/4694/2396
f 2399/4698/2399 2398/4697/2398 2382/4674/2382
f 2400/4699/2400 2405/4705/2405 2376/4663/2376
f 2376/4663/2376 2405/4705/2405 2391/4706/2391
f 2406/4707/2406 2403/4708/2403 2393/4709/2393
f 2393/4709/2393 2403/4708/2403 2388/4710/2388
f 2392/4690/2392 2407/4711/2407 2395/4693/2395
f 2389/4712/2389 2406/4707/2406 2393/4709/2393
f 2387/4680/2387 2401/4701/2401 2389/4686/2389
f 2403/4708/2403 2407/4713/2407 2392/4714/2392
f 2396/4715/2396 2408/4716/2408 2384/4676/2384
f 2395/4693/2395 2404/4717/2404 2390/4687/2390
f 2396/4694/2396 2398/4697/2398 2409/4718/2409
f 2397/4696/2397 2410/4719/2410 2400/4699/2400
f 2381/4720/2381 2411/4721/2411 2368/4722/2368
f 2368/4722/2368 2412/4723/2412 2375/4724/2375
f 2370/4653/2370 2394/4692/2394 2402/4702/2402
f 2396/4694/2396 2409/4718/2409 2408/4725/2408
f 2391/4726/2391 2405/4727/2405 2399/4728/2399
f 2407/4711/2407 2413/4729/2413 2395/4693/2395
f 2384/4676/2384 2414/4730/2414 2394/4692/2394
f 2404/4704/2404 2410/4719/2410 2397/4696/2397
f 2375/4724/2375 2412/4723/2412 2415/4731/2415
f 2381/4720/2381 2402/4732/2402 2411/4721/2411
f 2408/4716/2408 2414/4730/2414 2384/4676/2384
f 2395/4693/2395 2413/4729/2413 2404/4717/2404
f 2389/4712/2389 2401/4733/2401 2416/4734/2416
f 2410/4719/2410 2417/4735/2417 2400/4699/2400
f 2401/4701/2401 2375/4662/2375 2415/4736/2415
f 2418/4737/2418 2399/4728/2399 2405/4727/2405
f 2400/4699/2400 2417/4735/2417 2405/4705/2405
f 2407/4713/2407 2419/4738/2419 2413/4739/2413
f 2404/4704/2404 2420/4740/2420 2410/4719/2410
f 2399/4728/2399 2421/4741/2421 2398/4742/2398
f 2389/4712/2389 2416/4734/2416 2406/4707/2406
f 2394/4692/2394 2422/4743/2422 2402/4702/2402
f 2399/4728/2399 2418/4737/2418 2421/4741/2421
f 2406/4707/2406 2423/4744/2423 2403/4708/2403
f 2422/4745/2422 2394/4746/2394 2424/4747/2424
f 2394/4746/2394 2414/4748/2414 2424/4747/2424
f 2413/4739/2413 2425/4749/2425 2404/4750/2404
f 2404/4704/2404 2425/4751/2425 2420/4740/2420
f 2409/4752/2409 2421/4741/2421 2426/4753/2426
f 2398/4742/2398 2421/4741/2421 2409/4752/2409
f 2417/4754/2417 2418/4737/2418 2405/4727/2405
f 2368/4722/2368 2427/4755/2427 2412/4723/2412
f 2401/4733/2401 2428/4756/2428 2416/4734/2416
f 2406/4707/2406 2429/4757/2429 2423/4744/2423
f 2403/4708/2403 2419/4738/2419 2407/4713/2407
f 2419/4738/2419 2425/4749/2425 2413/4739/2413
f 2416/4734/2416 2429/4757/2429 2406/4707/2406
f 2368/4722/2368 2411/4721/2411 2427/4755/2427
f 2415/4758/2415 2428/4756/2428 2401/4733/2401
f 2411/4759/2411 2430/4760/2430 2427/4761/2427
f 2409/4752/2409 2431/4762/2431 2408/4763/2408
f 2410/4719/2410 2420/4740/2420 2417/4735/2417
f 2432/4764/2432 2416/4734/2416 2428/4756/2428
f 2414/4748/2414 2408/4763/2408 2431/4762/2431
f 2420/4765/2420 2425/4766/2425 2433/4767/2433
f 2432/4764/2432 2429/4757/2429 2416/4734/2416
f 2430/4760/2430 2411/4759/2411 2402/4768/2402
f 2423/4744/2423 2419/4738/2419 2403/4708/2403
f 2423/4744/2423 2434/4769/2434 2419/4738/2419
f 2412/4770/2412 2427/4771/2427 2435/4772/2435
f 2425/4749/2425 2419/4738/2419 2436/4773/2436
f 2418/4737/2418 2437/4774/2437 2421/4741/2421
f 2428/4756/2428 2438/4775/2438 2432/4764/2432
f 2432/4764/2432 2439/4776/2439 2429/4757/2429
f 2438/4777/2438 2440/4778/2440 2432/4779/2432
f 2429/4757/2429 2441/4780/2441 2423/4744/2423
f 2412/4770/2412 2442/4781/2442 2415/4782/2415
f 2415/4758/2415 2438/4775/2438 2428/4756/2428
f 2415/4782/2415 2442/4781/2442 2438/4783/2438
f 2425/4749/2425 2436/4773/2436 2433/4784/2433
f 2433/4767/2433 2443/4785/2443 2420/4765/2420
f 2423/4744/2423 2441/4780/2441 2444/4786/2444
f 2423/4744/2423 2444/4786/2444 2434/4769/2434
f 2419/4738/2419 2434/4769/2434 2436/4773/2436
f 2412/4770/2412 2435/4772/2435 2445/4787/2445
f 2412/4770/2412 2445/4787/2445 2442/4781/2442
f 2402/4768/2402 2422/4788/2422 2430/4760/2430
f 2414/4748/2414 2446/4789/2446 2424/4747/2424
f 2436/4773/2436 2447/4790/2447 2433/4784/2433
f 2440/4791/2440 2438/4783/2438 2442/4781/2442
f 2420/4740/2420 2448/4792/2448 2417/4735/2417
f 2417/4754/2417 2448/4793/2448 2418/4737/2418
f 2449/4794/2449 2440/4795/2440 2450/4796/2450
f 2440/4778/2440 2439/4797/2439 2432/4779/2432
f 2440/4778/2440 2449/4798/2449 2439/4797/2439
f 2440/4791/2440 2442/4781/2442 2450/4799/2450
f 2442/4781/2442 2445/4787/2445 2450/4799/2450
f 2427/4771/2427 2430/4800/2430 2451/4801/2451
f 2409/4752/2409 2426/4753/2426 2431/4762/2431
f 2420/4765/2420 2443/4785/2443 2452/4802/2452
f 2450/4799/2450 2453/4803/2453 2449/4804/2449
f 2427/4771/2427 2451/4801/2451 2435/4772/2435
f 2414/4748/2414 2431/4762/2431 2446/4789/2446
f 2421/4741/2421 2454/4805/2454 2426/4753/2426
f 2420/4765/2420 2452/4802/2452 2448/4806/2448
f 2449/4807/2449 2453/4808/2453 2455/4809/2455
f 2449/4798/2449 2455/4810/2455 2439/4797/2439
f 2450/4799/2450 2456/4811/2456 2457/4812/2457
f 2450/4799/2450 2445/4787/2445 2456/4811/2456
f 2445/4787/2445 2435/4772/2435 2456/4811/2456
f 2422/4745/2422 2424/4747/2424 2458/4813/2458
f 2447/4814/2447 2459/4815/2459 2433/4767/2433
f 2433/4767/2433 2459/4815/2459 2443/4785/2443
f 2443/4785/2443 2459/4815/2459 2460/4816/2460
f 2421/4741/2421 2437/4774/2437 2454/4805/2454
f 2450/4799/2450 2457/4812/2457 2453/4803/2453
f 2457/4812/2457 2456/4811/2456 2461/4817/2461
f 2456/4811/2456 2435/4772/2435 2461/4817/2461
f 2430/4800/2430 2462/4818/2462 2451/4801/2451
f 2430/4800/2430 2422/4819/2422 2462/4818/2462
f 2444/4820/2444 2463/4821/2463 2434/4822/2434
f 2418/4737/2418 2448/4793/2448 2437/4774/2437
f 2435/4772/2435 2451/4801/2451 2461/4817/2461
f 2434/4769/2434 2463/4823/2463 2436/4773/2436
f 2460/4816/2460 2464/4824/2464 2443/4785/2443
f 2431/4762/2431 2426/4753/2426 2465/4825/2465
f 2426/4753/2426 2454/4805/2454 2465/4825/2465
f 2448/4826/2448 2452/4827/2452 2466/4828/2466
f 2457/4812/2457 2467/4829/2467 2453/4803/2453
f 2448/4793/2448 2468/4830/2468 2437/4774/2437
f 2453/4808/2453 2469/4831/2469 2455/4809/2455
f 2455/4810/2455 2470/4832/2470 2439/4797/2439
f 2457/4812/2457 2461/4817/2461 2467/4829/2467
f 2441/4833/2441 2429/4834/2429 2470/4832/2470
f 2471/4835/2471 2444/4820/2444 2441/4833/2441
f 2447/4814/2447 2472/4836/2472 2459/4815/2459
f 2431/4762/2431 2465/4825/2465 2473/4837/2473
f 2439/4797/2439 2470/4832/2470 2429/4834/2429
f 2441/4833/2441 2470/4832/2470 2471/4835/2471
f 2422/4819/2422 2458/4838/2458 2462/4818/2462
f 2463/4823/2463 2447/4790/2447 2436/4773/2436
f 2446/4839/2446 2458/4838/2458 2424/4840/2424
f 2459/4815/2459 2474/4841/2474 2460/4816/2460
f 2431/4762/2431 2473/4837/2473 2446/4789/2446
f 2466/4828/2466 2468/4842/2468 2448/4826/2448
f 2459/4815/2459 2472/4836/2472 2474/4841/2474
f 2460/4816/2460 2474/4841/2474 2464/4824/2464
f 2464/4824/2464 2452/4802/2452 2443/4785/2443
f 2475/4843/2475 2466/4828/2466 2452/4827/2452
f 2454/4805/2454 2437/4774/2437 2468/4830/2468
f 2461/4817/2461 2451/4801/2451 2476/4844/2476
f 2477/4845/2477 2444/4820/2444 2471/4835/2471
f 2477/4845/2477 2463/4821/2463 2444/4820/2444
f 2464/4846/2464 2475/4843/2475 2452/4827/2452
f 2453/4808/2453 2478/4847/2478 2469/4831/2469
f 2451/4801/2451 2462/4818/2462 2476/4844/2476
f 2462/4818/2462 2458/4838/2458 2479/4848/2479
f 2463/4821/2463 2480/4849/2480 2447/4850/2447
f 2446/4839/2446 2481/4851/2481 2458/4838/2458
f 2472/4852/2472 2482/4853/2482 2474/4854/2474
f 2455/4809/2455 2469/4831/2469 2483/4855/2483
f 2461/4817/2461 2476/4844/2476 2467/4829/2467
f 2477/4845/2477 2484/4856/2484 2463/4821/2463
f 2464/4857/2464 2474/4858/2474 2485/4859/2485
f 2458/4838/2458 2481/4851/2481 2479/4848/2479
f 2447/4850/2447 2480/4849/2480 2472/4852/2472
f 2486/4860/2486 2482/4853/2482 2472/4852/2472
f 2446/4861/2446 2473/4862/2473 2487/4863/2487
f 2465/4864/2465 2488/4865/2488 2473/4862/2473
f 2455/4809/2455 2483/4855/2483 2489/4866/2489
f 2453/4808/2453 2467/4867/2467 2478/4847/2478
f 2455/4810/2455 2489/4868/2489 2470/4832/2470
f 2479/4848/2479 2476/4844/2476 2462/4818/2462
f 2446/4861/2446 2487/4863/2487 2481/4869/2481
f 2474/4858/2474 2482/4870/2482 2485/4859/2485
f 2454/4871/2454 2490/4872/2490 2465/4864/2465
f 2489/4868/2489 2471/4835/2471 2470/4832/2470
f 2468/4842/2468 2490/4872/2490 2454/4871/2454
f 2478/4847/2478 2483/4855/2483 2469/4831/2469
f 2467/4867/2467 2491/4873/2491 2478/4847/2478
f 2471/4835/2471 2489/4868/2489 2492/4874/2492
f 2467/4829/2467 2476/4844/2476 2491/4875/2491
f 2472/4852/2472 2480/4849/2480 2486/4860/2486
f 2475/4843/2475 2493/4876/2493 2466/4828/2466
f 2471/4835/2471 2492/4874/2492 2477/4845/2477
f 2473/4862/2473 2494/4877/2494 2487/4863/2487
f 2464/4846/2464 2485/4878/2485 2475/4843/2475
f 2465/4864/2465 2490/4872/2490 2488/4865/2488
f 2466/4828/2466 2495/4879/2495 2468/4842/2468
f 2477/4845/2477 2496/4880/2496 2484/4856/2484
f 2463/4821/2463 2484/4856/2484 2480/4849/2480
f 2479/4848/2479 2481/4851/2481 2497/4881/2497
f 2475/4843/2475 2485/4878/2485 2493/4876/2493
f 2473/4862/2473 2488/4865/2488 2494/4877/2494
f 2492/4874/2492 2496/4880/2496 2477/4845/2477
f 2476/4844/2476 2479/4848/2479 2497/4881/2497
f 2485/4878/2485 2498/4882/2498 2493/4876/2493
f 2493/4876/2493 2495/4879/2495 2466/4828/2466
f 2495/4879/2495 2490/4872/2490 2468/4842/2468
f 2483/4855/2483 2478/4847/2478 2499/4883/2499
f 2484/4856/2484 2500/4884/2500 2480/4849/2480
f 2500/4884/2500 2486/4860/2486 2480/4849/2480
f 2478/4847/2478 2491/4873/2491 2499/4883/2499
f 2492/4874/2492 2489/4868/2489 2501/4885/2501
f 2476/4844/2476 2502/4886/2502 2491/4875/2491
f 2485/4878/2485 2503/4887/2503 2498/4882/2498
f 2493/4876/2493 2498/4882/2498 2495/4879/2495
f 2501/4885/2501 2496/4880/2496 2492/4874/2492
f 2497/4881/2497 2481/4851/2481 2487/4888/2487
f 2500/4884/2500 2482/4853/2482 2486/4860/2486
f 2476/4844/2476 2497/4881/2497 2502/4886/2502
f 2503/4887/2503 2504/4889/2504 2498/4882/2498
f 2495/4879/2495 2505/4890/2505 2490/4872/2490
f 2483/4855/2483 2499/4883/2499 2489/4866/2489
f 2489/4868/2489 2506/4891/2506 2501/4885/2501
f 2496/4880/2496 2507/4892/2507 2484/4856/2484
f 2484/4856/2484 2507/4892/2507 2500/4884/2500
f 2487/4888/2487 2508/4893/2508 2497/4881/2497
f 2482/4870/2482 2509/4894/2509 2485/4859/2485
f 2509/4894/2509 2503/4895/2503 2485/4859/2485
f 2490/4872/2490 2505/4890/2505 2488/4865/2488
f 2506/4896/2506 2489/4866/2489 2499/4883/2499
f 2497/4881/2497 2508/4893/2508 2502/4886/2502
f 2510/4897/2510 2509/4894/2509 2482/4870/2482
f 2498/4882/2498 2504/4889/2504 2505/4890/2505
f 2498/4882/2498 2505/4890/2505 2495/4879/2495
f 2491/4873/2491 2511/4898/2511 2499/4883/2499
f 2491/4873/2491 2502/4899/2502 2511/4898/2511
f 2496/4880/2496 2501/4885/2501 2507/4892/2507
f 2502/4899/2502 2508/4900/2508 2512/4901/2512
f 2507/4902/2507 2510/4897/2510 2500/4903/2500
f 2500/4903/2500 2510/4897/2510 2482/4870/2482
f 2487/4863/2487 2494/4877/2494 2508/4904/2508
f 2513/4905/2513 2505/4890/2505 2504/4889/2504
f 2488/4865/2488 2513/4905/2513 2494/4877/2494
f 2505/4890/2505 2513/4905/2513 2488/4865/2488
f 2501/4885/2501 2514/4906/2514 2507/4892/2507
f 2503/4887/2503 2515/4907/2515 2504/4889/2504
f 2501/4885/2501 2506/4891/2506 2514/4906/2514
f 2502/4899/2502 2512/4901/2512 2511/4898/2511
f 2514/4908/2514 2516/4909/2516 2507/4910/2507
f 2494/4877/2494 2512/4911/2512 2508/4904/2508
f 2494/4877/2494 2513/4905/2513 2512/4911/2512
f 2509/4894/2509 2515/4912/2515 2503/4895/2503
f 2515/4907/2515 2513/4905/2513 2504/4889/2504
f 2506/4896/2506 2499/4883/2499 2517/4913/2517
f 2499/4883/2499 2511/4898/2511 2517/4913/2517
f 2517/4913/2517 2514/4908/2514 2506/4896/2506
f 2507/4902/2507 2516/4914/2516 2510/4897/2510
f 2517/4913/2517 2516/4909/2516 2514/4908/2514
f 2510/4897/2510 2516/4914/2516 2509/4894/2509
f 2516/4914/2516 2518/4915/2518 2509/4894/2509
f 2518/4915/2518 2515/4912/2515 2509/4894/2509
f 2518/4915/2518 2512/4916/2512 2513/4917/2513
f 2517/4918/2517 2518/4915/2518 2516/4914/2516
f 2512/4916/2512 2518/4915/2518 2511/4919/2511
f 2518/4915/2518 2513/4917/2513 2515/4912/2515
f 2517/4913/2517 2511/4898/2511 2518/4920/2518
