# Blender 4.4.0
# www.blender.org
mtllib Mario_Jumping_Action_1107234344_texture.mtl
o Mario_Jumping_Action_1107234344_texture
v -0.429861 -0.058269 -0.951180
v -0.412040 -0.079122 -0.947176
v -0.442700 -0.098798 -0.936602
v -0.386412 -0.029357 -0.945253
v -0.399112 -0.007273 -0.940413
v -0.460902 -0.058738 -0.930498
v -0.320654 0.046471 -0.929175
v -0.312958 0.019978 -0.932795
v -0.372000 0.034012 -0.929603
v -0.301697 0.044469 -0.926478
v -0.345308 0.053075 -0.924329
v -0.348083 -0.076319 -0.924279
v -0.274888 -0.069146 -0.912034
v -0.458582 0.005904 -0.907862
v -0.429736 -0.178141 -0.897351
v -0.342511 -0.108486 -0.909281
v -0.497647 -0.092336 -0.911613
v -0.242793 -0.016905 -0.905694
v -0.519065 -0.045357 -0.892662
v -0.490633 -0.019475 -0.902599
v -0.251813 -0.068164 -0.901513
v -0.399155 0.056419 -0.905673
v -0.316901 0.099463 -0.887910
v -0.459459 -0.172853 -0.901418
v -0.500687 -0.158176 -0.897321
v -0.206751 0.078016 -0.867343
v -0.276219 -0.105998 -0.888703
v -0.437251 0.052251 -0.887824
v -0.271953 0.091169 -0.889443
v -0.370727 0.089924 -0.885671
v -0.529971 -0.138372 -0.886731
v -0.536734 -0.086714 -0.887335
v -0.218374 -0.050184 -0.880786
v -0.504146 -0.000921 -0.881682
v -0.331942 -0.128741 -0.888121
v -0.366816 -0.157841 -0.878033
v -0.182065 0.061457 -0.856640
v -0.512459 -0.194824 -0.870096
v -0.457344 -0.205252 -0.869532
v -0.222016 -0.070636 -0.863456
v -0.177257 0.001483 -0.853083
v -0.378364 0.126374 -0.828694
v -0.491531 0.033380 -0.859089
v -0.264048 0.117198 -0.862445
v -0.408488 -0.205676 -0.845801
v -0.569965 -0.138682 -0.853395
v -0.219983 0.114753 -0.850743
v -0.306374 -0.135891 -0.848929
v -0.569741 -0.083949 -0.856393
v -0.548497 -0.035307 -0.854954
v -0.521618 0.021444 -0.837076
v -0.557357 -0.183110 -0.846097
v -0.279963 0.126862 -0.848962
v -0.242512 -0.105719 -0.827212
v -0.150809 0.028363 -0.839350
v -0.411297 0.090791 -0.853527
v -0.448451 -0.217060 -0.842730
v -0.512366 -0.212355 -0.846569
v -0.176172 -0.030864 -0.825369
v -0.614304 -0.120866 -0.807257
v -0.388802 -0.203538 -0.818340
v -0.438094 0.090948 -0.818184
v -0.164313 0.110094 -0.818748
v -0.217137 0.145333 -0.809721
v -0.586847 -0.048163 -0.819745
v -0.146751 -0.023340 -0.822291
v -0.137365 0.076259 -0.821330
v -0.339062 0.135039 -0.811162
v -0.540762 0.003457 -0.813038
v -0.546931 -0.223104 -0.793515
v -0.604528 -0.165126 -0.807539
v -0.122049 -0.002915 -0.822576
v -0.406060 0.122252 -0.809515
v -0.428668 -0.230193 -0.782904
v -0.299431 -0.151756 -0.792969
v -0.226381 -0.093673 -0.799115
v -0.132586 -0.040000 -0.818696
v -0.479703 0.064774 -0.804296
v -0.588646 -0.203982 -0.772495
v -0.104545 0.057287 -0.812668
v -0.254015 0.148555 -0.800766
v -0.156167 -0.077664 -0.805389
v -0.135682 -0.064949 -0.808806
v -0.159360 -0.061501 -0.800308
v -0.146912 0.109510 -0.804990
v -0.625388 -0.087261 -0.788783
v -0.090320 -0.067649 -0.803602
v -0.071590 -0.006995 -0.799811
v -0.472822 0.520995 -0.807641
v -0.399492 0.559213 -0.818205
v -0.414055 0.500748 -0.802916
v -0.366144 0.534170 -0.810887
v -0.481561 0.569167 -0.809884
v -0.465929 0.605372 -0.805054
v -0.393348 0.600000 -0.813385
v -0.309817 0.599069 -0.800482
v -0.513744 -0.232038 -0.771075
v -0.189515 -0.065078 -0.791868
v -0.128381 -0.111519 -0.794157
v -0.108242 0.084052 -0.803465
v -0.542355 0.539309 -0.793136
v -0.079561 0.062132 -0.791914
v -0.081930 0.048277 -0.797526
v -0.377145 0.145463 -0.771311
v -0.185717 0.142294 -0.791434
v -0.266090 0.265075 -0.805965
v -0.218246 0.256091 -0.796643
v -0.229028 0.229378 -0.788553
v -0.237523 0.289277 -0.797851
v -0.293960 0.559003 -0.791785
v -0.531751 0.575882 -0.794453
v -0.405936 0.642830 -0.794012
v -0.247530 -0.113120 -0.781650
v -0.195515 -0.092534 -0.780109
v -0.604184 -0.045227 -0.790441
v -0.516949 0.034697 -0.771450
v -0.136742 0.115303 -0.799671
v -0.276130 0.231686 -0.787700
v -0.412423 0.265257 -0.801402
v -0.396504 0.282117 -0.799384
v -0.375046 0.247814 -0.796578
v -0.214734 0.291786 -0.785443
v -0.368412 0.498448 -0.798410
v -0.293625 0.526420 -0.783051
v -0.547502 0.615423 -0.776478
v -0.323214 0.637270 -0.791108
v -0.208531 -0.109424 -0.775909
v -0.464130 0.080507 -0.765375
v -0.423393 0.237857 -0.786199
v -0.363641 0.283624 -0.779268
v -0.104725 -0.297211 -0.789966
v -0.027121 -0.300071 -0.796885
v -0.066449 -0.373020 -0.791775
v 0.059563 -0.329538 -0.786995
v -0.056148 -0.197870 -0.791986
v -0.079223 -0.093212 -0.798678
v 0.000685 -0.174501 -0.786518
v -0.620988 -0.165683 -0.775502
v -0.168563 -0.121214 -0.782963
v -0.018743 -0.071065 -0.779532
v -0.428779 0.117072 -0.774130
v -0.092683 0.111008 -0.767775
v -0.160308 0.144005 -0.787580
v -0.303556 0.145662 -0.780861
v -0.257561 0.154054 -0.771283
v -0.446593 0.276189 -0.776769
v -0.210692 0.270619 -0.784133
v -0.492507 0.651564 -0.771329
v -0.050885 -0.437923 -0.780627
v 0.012527 -0.387661 -0.788355
v 0.039338 -0.298557 -0.784467
v -0.030879 -0.273884 -0.789396
v 0.068593 -0.240908 -0.783186
v -0.132468 -0.163896 -0.784425
v -0.035231 -0.007340 -0.779115
v -0.588614 -0.001247 -0.759542
v -0.564062 0.005246 -0.780966
v -0.212146 0.156136 -0.778732
v -0.393313 0.218136 -0.769782
v -0.301781 0.261812 -0.764273
v -0.485972 0.430469 -0.761253
v -0.339530 0.666514 -0.773238
v 0.027081 -0.428482 -0.776001
v -0.096598 -0.420372 -0.778916
v -0.138646 -0.369441 -0.776434
v -0.169112 -0.313494 -0.770933
v -0.106051 -0.272608 -0.780854
v -0.470308 -0.231608 -0.736215
v -0.388777 -0.215836 -0.748520
v 0.023240 -0.129838 -0.772895
v -0.211382 -0.129999 -0.770814
v -0.007637 -0.031316 -0.766395
v -0.019417 0.003606 -0.763838
v -0.202582 0.171245 -0.775815
v -0.341966 0.248825 -0.773481
v -0.417120 0.296095 -0.765855
v -0.287136 0.284608 -0.762342
v -0.312695 0.491227 -0.775406
v -0.564288 0.480541 -0.774005
v -0.591941 0.583468 -0.766394
v -0.246449 0.604789 -0.765787
v 0.076322 -0.367166 -0.773924
v 0.114523 -0.338372 -0.767420
v 0.100801 -0.272927 -0.774967
v -0.149206 -0.208570 -0.772626
v -0.639788 -0.131356 -0.768622
v -0.233342 -0.125410 -0.758352
v -0.007046 0.022764 -0.742967
v -0.416227 0.127403 -0.768808
v -0.262454 0.215291 -0.758272
v -0.354460 0.232443 -0.776056
v -0.437510 0.240955 -0.772574
v -0.547825 0.440268 -0.760935
v -0.246065 0.563972 -0.759324
v -0.258629 0.643845 -0.762840
v 0.102231 -0.320280 -0.765475
v -0.143505 -0.279764 -0.771594
v 0.117014 -0.218998 -0.761279
v 0.086949 -0.181928 -0.764391
v -0.647879 -0.043283 -0.740890
v -0.105894 0.135785 -0.762841
v -0.254742 0.291436 -0.759450
v -0.373000 0.314111 -0.752612
v -0.398712 0.317651 -0.755098
v -0.401609 0.425004 -0.755736
v 0.032850 -0.092207 -0.756786
v -0.316935 0.144622 -0.757828
v -0.220384 0.256631 -0.751794
v -0.621377 0.524471 -0.755637
v -0.276564 0.674283 -0.752891
v -0.393285 0.690741 -0.749384
v -0.030833 -0.481645 -0.759908
v -0.094837 -0.495043 -0.750757
v -0.175831 -0.408967 -0.756927
v 0.075297 -0.414401 -0.761007
v 0.118476 -0.355990 -0.754930
v -0.198844 -0.296094 -0.748821
v -0.551240 -0.225992 -0.758719
v -0.220297 -0.161482 -0.747742
v -0.551075 0.031991 -0.751614
v -0.042470 0.105453 -0.727201
v -0.244466 0.181854 -0.758503
v -0.304770 0.244102 -0.751683
v -0.448862 0.253686 -0.757016
v -0.350088 0.298810 -0.740477
v -0.333288 0.268082 -0.756567
v -0.212738 0.280366 -0.759735
v -0.445801 0.291791 -0.747895
v -0.150512 -0.468464 -0.748136
v -0.646800 -0.170699 -0.745840
v -0.663268 -0.105373 -0.742869
v -0.420850 0.230663 -0.752946
v -0.334685 0.245056 -0.755719
v 0.118131 -0.365247 -0.744909
v -0.213680 -0.326384 -0.747319
v 0.135032 -0.260682 -0.749523
v -0.216838 -0.246691 -0.738031
v -0.212400 -0.210436 -0.742306
v -0.336046 -0.179402 -0.727677
v -0.661962 -0.134560 -0.744343
v -0.279387 -0.136943 -0.736613
v -0.633813 -0.021008 -0.735361
v -0.369307 0.145108 -0.737043
v -0.343952 0.151353 -0.734821
v -0.344425 0.240651 -0.751001
v -0.221443 0.261580 -0.744004
v -0.181950 0.281268 -0.769829
v -0.174199 0.282237 -0.765202
v -0.175525 0.253624 -0.749189
v -0.179317 0.311179 -0.751647
v -0.606162 0.448108 -0.746427
v -0.256818 0.489906 -0.729534
v -0.549280 0.663071 -0.741102
v 0.067798 -0.475818 -0.732971
v 0.109740 -0.424486 -0.732877
v 0.142128 -0.293902 -0.732657
v -0.622969 -0.205733 -0.729798
v -0.467102 0.075991 -0.748118
v -0.438009 0.099711 -0.751110
v -0.311555 0.166656 -0.743922
v -0.151721 0.177384 -0.747425
v -0.489106 0.221453 -0.759918
v -0.435467 0.233507 -0.748199
v -0.215795 0.320961 -0.743842
v -0.161862 0.299150 -0.744197
v -0.353868 0.417497 -0.739588
v -0.254127 -0.160457 -0.745614
v 0.044859 -0.048555 -0.729502
v -0.459057 0.197653 -0.744288
v -0.361392 0.244516 -0.740579
v -0.246622 0.229501 -0.740382
v -0.476104 0.277180 -0.745658
v -0.195762 0.252826 -0.746557
v -0.312582 0.289761 -0.744671
v -0.299202 0.304086 -0.743332
v -0.223893 0.287305 -0.749422
v -0.417436 0.400515 -0.740646
v -0.464760 0.396235 -0.738066
v -0.396181 0.403631 -0.741708
v -0.206892 0.598983 -0.732373
v -0.452328 0.697977 -0.727421
v 0.013900 -0.511468 -0.730491
v -0.222383 -0.392966 -0.734172
v -0.262391 -0.130986 -0.736720
v -0.578127 0.011398 -0.741998
v -0.502491 0.053024 -0.739135
v -0.266324 0.193099 -0.731585
v -0.241691 0.205297 -0.736255
v -0.265149 0.223222 -0.736439
v -0.312701 0.248421 -0.749568
v -0.158059 0.261724 -0.729795
v -0.430342 0.301552 -0.737782
v -0.361974 0.354343 -0.738071
v -0.653874 0.572868 -0.732143
v -0.623091 0.633518 -0.727715
v -0.194602 0.648625 -0.710663
v -0.138274 -0.522337 -0.724322
v 0.149491 -0.310787 -0.730026
v 0.185186 -0.184904 -0.687195
v -0.409135 -0.221526 -0.720914
v -0.573961 -0.230280 -0.714623
v -0.244601 -0.174971 -0.734033
v 0.109409 -0.144311 -0.731466
v -0.069994 0.130568 -0.730597
v -0.416247 0.099777 -0.731804
v -0.378964 0.127884 -0.717536
v -0.123060 0.158971 -0.745288
v -0.552440 0.179549 -0.749120
v -0.605430 0.203831 -0.738931
v -0.558192 0.209440 -0.754078
v -0.485697 0.176232 -0.724330
v -0.569012 0.236481 -0.737650
v -0.522692 0.222384 -0.736981
v -0.298385 0.236003 -0.740825
v -0.321787 0.216226 -0.731219
v -0.511258 0.267571 -0.732388
v -0.263868 0.311670 -0.734778
v -0.456051 0.323676 -0.744750
v -0.319477 0.336634 -0.738415
v -0.387021 0.373491 -0.741568
v -0.342179 0.396321 -0.747188
v -0.403498 0.386265 -0.749220
v -0.329490 0.388370 -0.739728
v -0.466189 0.381244 -0.742739
v -0.364717 0.409971 -0.740633
v -0.573527 0.416219 -0.736922
v -0.687332 0.480673 -0.707094
v -0.289126 0.716771 -0.707786
v -0.062552 -0.545812 -0.711926
v -0.224552 -0.322491 -0.731827
v -0.504345 -0.229289 -0.716885
v -0.368018 -0.209071 -0.708146
v -0.268595 -0.155825 -0.725138
v -0.603705 0.005733 -0.697506
v -0.194812 0.211800 -0.720999
v -0.518064 0.197287 -0.732004
v -0.533381 0.296821 -0.718933
v -0.469932 0.368020 -0.734787
v -0.433647 0.367503 -0.738106
v -0.326299 0.381526 -0.734490
v -0.509206 0.390046 -0.726355
v -0.326807 0.419751 -0.731767
v -0.298974 0.427186 -0.720130
v -0.215844 0.673221 -0.717127
v -0.612735 -0.221524 -0.702057
v -0.009925 0.070733 -0.714311
v -0.597289 0.173213 -0.719251
v -0.353090 0.227616 -0.722157
v -0.244399 0.352282 -0.730729
v -0.288788 0.414302 -0.730070
v -0.221803 -0.498282 -0.710187
v -0.540812 -0.232288 -0.721133
v -0.272449 -0.171284 -0.730308
v -0.662293 -0.164830 -0.713059
v 0.079552 -0.083324 -0.717172
v -0.553801 0.016191 -0.716334
v -0.543567 0.168029 -0.727074
v -0.157428 0.186458 -0.731351
v -0.433863 0.209288 -0.724903
v -0.615205 0.229065 -0.708727
v -0.286819 0.232300 -0.718810
v -0.407936 0.260120 -0.717172
v -0.242877 0.261899 -0.718004
v -0.228685 0.258055 -0.727426
v -0.179070 0.326051 -0.704743
v -0.298476 0.324425 -0.727946
v -0.697704 0.530948 -0.703970
v -0.163079 0.571449 -0.682267
v -0.224902 0.501455 -0.702875
v -0.250304 0.702021 -0.717807
v -0.200932 -0.555848 -0.689570
v -0.250739 -0.244511 -0.708258
v -0.301501 -0.151261 -0.706161
v -0.331512 0.157646 -0.709100
v -0.180501 0.203043 -0.713573
v -0.533576 0.244414 -0.717066
v -0.213617 0.341231 -0.724028
v -0.538356 0.369268 -0.716451
v -0.674529 0.627333 -0.694740
v -0.555580 0.682888 -0.710485
v 0.150834 -0.431486 -0.688436
v 0.163639 -0.325896 -0.702747
v -0.280575 -0.192726 -0.706466
v -0.643102 -0.195287 -0.710327
v -0.312924 -0.190107 -0.699282
v 0.166731 -0.146320 -0.684088
v -0.284894 -0.144916 -0.715098
v -0.674578 -0.112547 -0.707905
v -0.489919 0.047397 -0.708941
v -0.357474 0.133032 -0.714938
v -0.459586 0.183048 -0.716054
v -0.620106 0.196522 -0.712002
v -0.209973 0.239586 -0.710747
v -0.177622 0.244152 -0.703474
v -0.563738 0.250810 -0.715131
v -0.197859 0.269154 -0.734356
v -0.179584 0.273376 -0.724768
v -0.207736 0.284496 -0.736087
v -0.269527 0.395869 -0.717022
v -0.226739 0.366161 -0.711223
v -0.516937 0.361140 -0.717875
v -0.294656 0.385658 -0.719851
v -0.253337 0.414070 -0.716115
v -0.652988 0.415722 -0.695881
v -0.404580 0.712533 -0.712279
v -0.248690 -0.358465 -0.703091
v 0.188055 -0.243783 -0.684793
v -0.653869 -0.036750 -0.695267
v -0.405582 0.077162 -0.698196
v -0.559382 0.163879 -0.701152
v -0.515117 0.191372 -0.709917
v -0.289151 0.217538 -0.704250
v -0.367949 0.258969 -0.717603
v -0.226883 0.274646 -0.727908
v -0.529796 0.272591 -0.696474
v -0.205672 0.252937 -0.708610
v -0.190084 0.258992 -0.721690
v -0.237318 0.280159 -0.728376
v -0.192854 0.290019 -0.719996
v -0.163521 0.283716 -0.691256
v -0.227371 0.313695 -0.727151
v -0.258885 0.309699 -0.717727
v -0.690204 0.442279 -0.690275
v -0.274486 0.433374 -0.708334
v -0.241913 0.442852 -0.687440
v 0.108643 -0.504523 -0.684951
v -0.271415 -0.446558 -0.692409
v -0.266072 -0.411294 -0.691112
v -0.444256 0.052790 -0.691115
v -0.272736 0.232153 -0.692399
v -0.228260 0.258513 -0.715164
v -0.224852 0.320097 -0.719060
v -0.246662 0.404464 -0.707954
v -0.563330 0.386929 -0.706026
v -0.631403 0.666090 -0.693065
v -0.447447 -0.220909 -0.688975
v -0.302681 -0.161766 -0.696505
v 0.052497 0.048893 -0.656093
v -0.381414 0.105381 -0.691475
v -0.285018 0.200713 -0.695350
v -0.416584 0.226997 -0.697154
v -0.264282 0.255066 -0.699409
v -0.611607 0.254760 -0.682842
v -0.357886 0.228923 -0.687692
v -0.182927 0.276209 -0.713841
v -0.236964 0.332211 -0.716522
v -0.190879 0.345589 -0.691381
v -0.231253 0.430619 -0.698745
v -0.147813 0.624227 -0.661198
v 0.058358 -0.536230 -0.689751
v 0.188593 -0.264173 -0.686407
v 0.195297 -0.212423 -0.683474
v -0.330583 -0.173538 -0.698406
v -0.340170 -0.178003 -0.679177
v -0.336235 -0.183284 -0.688646
v 0.119682 -0.051078 -0.656329
v 0.015127 0.113471 -0.671398
v -0.361246 0.128515 -0.704859
v -0.083150 0.172143 -0.686400
v -0.435414 0.206021 -0.686810
v -0.295730 0.224508 -0.698199
v -0.244011 0.262893 -0.703905
v -0.219419 0.260812 -0.697116
v -0.237897 0.315383 -0.696516
v -0.565569 0.352428 -0.685171
v -0.625972 0.386142 -0.676517
v -0.725818 0.597579 -0.663198
v -0.146519 -0.561736 -0.687041
v 0.013051 -0.558646 -0.681215
v 0.192766 -0.349163 -0.655561
v -0.298578 -0.213819 -0.679453
v -0.674989 -0.189120 -0.666624
v -0.320000 -0.164306 -0.691231
v -0.534419 0.174869 -0.693677
v -0.153625 0.224236 -0.645038
v -0.185901 0.259551 -0.701877
v -0.216057 0.277524 -0.681550
v -0.594655 0.367909 -0.690488
v -0.259741 0.435384 -0.699744
v -0.448598 0.721860 -0.677581
v -0.239669 -0.547837 -0.679585
v -0.692021 -0.123684 -0.677591
v -0.562800 0.021902 -0.686073
v 0.007401 0.137903 -0.656854
v -0.327561 0.214300 -0.684684
v -0.250887 0.248894 -0.688816
v -0.199540 0.266129 -0.689472
v -0.580060 0.322491 -0.679276
v -0.171383 0.301806 -0.681104
v -0.155842 0.535565 -0.667016
v -0.193807 0.708002 -0.672742
v 0.201121 -0.283731 -0.662413
v -0.576907 -0.238635 -0.676754
v -0.465225 -0.224283 -0.672180
v -0.367595 -0.192732 -0.678697
v -0.682543 -0.070756 -0.679414
v -0.415312 0.043368 -0.670871
v -0.601636 0.178123 -0.687575
v -0.225021 0.228190 -0.680409
v -0.223965 0.242523 -0.679611
v -0.290890 0.245595 -0.694880
v -0.543275 0.253402 -0.681820
v -0.261568 0.280118 -0.687279
v -0.524907 -0.230469 -0.685476
v -0.667035 -0.201551 -0.662666
v -0.685839 -0.163240 -0.671028
v -0.386385 0.121482 -0.671918
v -0.455709 0.198801 -0.678487
v -0.624903 0.210605 -0.684138
v -0.622165 0.237192 -0.684776
v -0.225559 0.262401 -0.666584
v -0.237950 0.287339 -0.668615
v -0.187923 0.327355 -0.673473
v -0.203563 0.406944 -0.667409
v -0.205607 0.424904 -0.677012
v -0.203647 0.432845 -0.677566
v -0.204332 0.754215 -0.637250
v -0.058105 -0.585583 -0.654825
v -0.403723 -0.198675 -0.681837
v -0.395112 0.086695 -0.672321
v -0.358526 0.161925 -0.678217
v -0.132385 0.222320 -0.634651
v -0.318486 0.204252 -0.680418
v -0.606214 0.260692 -0.672157
v -0.205718 0.414811 -0.666281
v -0.565971 0.712671 -0.644921
v -0.233581 0.764106 -0.636954
v -0.134343 -0.600219 -0.636493
v -0.224307 -0.580167 -0.658207
v -0.315312 -0.193972 -0.680473
v -0.586623 0.022841 -0.669803
v -0.524272 0.027319 -0.669706
v -0.516071 0.206322 -0.672342
v -0.184288 0.229684 -0.651138
v -0.281344 0.244511 -0.683100
v -0.238382 0.239863 -0.673500
v -0.185508 0.253596 -0.682501
v -0.561170 0.253894 -0.674308
v -0.193384 0.392864 -0.656417
v -0.310124 -0.532331 -0.657371
v -0.324377 -0.503736 -0.659560
v -0.283833 -0.332144 -0.670543
v -0.617502 0.021211 -0.654256
v -0.428065 0.030546 -0.660728
v -0.560832 0.183020 -0.665135
v -0.573412 0.295327 -0.674112
v -0.223319 0.446100 -0.674358
v -0.745376 0.490857 -0.656917
v -0.152838 0.664212 -0.651095
v -0.333263 -0.473301 -0.656592
v -0.318313 -0.256243 -0.644382
v -0.476841 -0.217074 -0.640887
v -0.322326 -0.182103 -0.671424
v -0.708301 -0.066498 -0.677447
v -0.661797 -0.019224 -0.657570
v -0.605922 0.201201 -0.664060
v -0.350604 0.207443 -0.669377
v -0.331872 0.213039 -0.672544
v -0.665157 0.199626 -0.669877
v -0.628992 0.272413 -0.669480
v -0.619028 0.360063 -0.671305
v -0.674759 0.385616 -0.637085
v -0.711473 0.425524 -0.652495
v -0.188626 0.442852 -0.658126
v 0.154504 -0.470710 -0.659896
v -0.337144 -0.390751 -0.635508
v -0.649164 -0.219633 -0.654800
v -0.422570 -0.173655 -0.636675
v -0.715161 -0.123660 -0.673652
v -0.466914 0.016728 -0.652618
v 0.049624 0.090228 -0.629618
v -0.376501 0.172606 -0.666560
v -0.658683 0.181418 -0.658805
v -0.253094 0.265136 -0.665026
v -0.587403 0.268018 -0.664582
v -0.618165 0.323030 -0.675569
v -0.190114 0.457157 -0.646875
v -0.182416 0.486576 -0.657063
v -0.674756 0.665298 -0.656720
v -0.647878 0.690527 -0.635534
v 0.065623 -0.563106 -0.650061
v -0.628620 -0.229982 -0.645445
v 0.231042 -0.134447 -0.629080
v -0.741522 -0.080315 -0.661519
v -0.410034 0.054711 -0.663416
v -0.409988 0.130988 -0.658357
v -0.585666 0.192928 -0.659072
v -0.524712 0.203432 -0.665225
v -0.357423 0.193685 -0.665145
v -0.453144 0.160147 -0.644921
v -0.097713 0.222205 -0.611359
v -0.648022 0.263639 -0.652901
v -0.222056 0.251843 -0.659403
v -0.203652 0.263760 -0.669291
v -0.187751 0.284628 -0.668780
v -0.765646 0.531897 -0.637560
v -0.529025 -0.230408 -0.638937
v 0.233156 -0.239357 -0.641778
v -0.692305 -0.192912 -0.664406
v 0.248860 -0.160283 -0.629610
v -0.332725 -0.161493 -0.671046
v -0.740271 -0.177076 -0.653128
v -0.556518 0.023709 -0.650861
v -0.418628 0.079043 -0.659212
v 0.033134 0.122750 -0.638733
v -0.375308 0.184390 -0.660442
v -0.496354 0.175165 -0.651551
v -0.215332 0.251963 -0.650804
v -0.641664 0.281911 -0.657635
v -0.653999 0.354912 -0.653475
v -0.646483 0.369076 -0.662315
v -0.310786 0.754356 -0.630474
v -0.328653 -0.212459 -0.644201
v 0.243481 -0.205478 -0.639782
v -0.329457 -0.157723 -0.657239
v -0.693729 -0.000102 -0.653437
v -0.561229 0.192582 -0.657760
v -0.236108 0.261819 -0.652992
v -0.345596 -0.592033 -0.614570
v 0.113709 -0.537455 -0.643200
v -0.450834 -0.206333 -0.643231
v -0.710630 -0.237001 -0.637372
v -0.729273 -0.009643 -0.648892
v -0.417965 0.037456 -0.658358
v -0.392003 0.172351 -0.650497
v -0.625719 0.179138 -0.643413
v -0.537024 0.200588 -0.655693
v -0.012062 0.181504 -0.615743
v -0.175055 0.297237 -0.637241
v -0.176948 0.435654 -0.644125
v -0.749143 0.624357 -0.620268
v -0.196704 -0.603323 -0.631678
v 0.183223 -0.443257 -0.627865
v -0.582395 -0.237136 -0.618267
v -0.663764 -0.239007 -0.646244
v -0.384398 -0.161305 -0.642497
v -0.334553 -0.151160 -0.657817
v -0.124033 0.569305 -0.623716
v -0.367969 -0.546397 -0.629745
v -0.362055 -0.445320 -0.629007
v -0.334848 -0.275180 -0.630602
v -0.349415 -0.143092 -0.652606
v -0.637890 0.015238 -0.637212
v -0.438478 0.006780 -0.632648
v -0.428099 0.023376 -0.645001
v -0.425840 0.084432 -0.645306
v -0.563512 0.179476 -0.647103
v -0.559226 0.198563 -0.651607
v -0.675509 0.190805 -0.645597
v -0.195520 0.259168 -0.632672
v -0.669556 0.366836 -0.640318
v -0.192128 0.418263 -0.638824
v -0.335323 0.755377 -0.611404
v -0.360361 -0.189013 -0.581298
v -0.339681 -0.141359 -0.644295
v -0.762508 -0.171076 -0.629432
v -0.726705 0.033878 -0.640349
v -0.582215 0.153386 -0.632063
v -0.546012 0.169526 -0.627954
v -0.673983 0.221882 -0.625177
v -0.170370 0.230867 -0.642950
v -0.139919 0.242395 -0.652719
v -0.115283 0.242284 -0.642714
v -0.086218 0.259886 -0.644222
v -0.071961 0.234330 -0.635030
v -0.052761 0.246786 -0.631027
v -0.162784 0.268649 -0.639407
v -0.176008 0.267694 -0.635154
v -0.653472 0.286047 -0.635566
v -0.185125 0.329717 -0.638968
v -0.670478 0.342790 -0.628164
v -0.749768 0.446117 -0.626529
v -0.480200 0.731585 -0.628326
v 0.145963 -0.524819 -0.611544
v -0.733575 -0.233838 -0.619093
v -0.352000 -0.123637 -0.640480
v 0.174711 -0.037860 -0.602463
v -0.491239 0.013581 -0.619885
v 0.018916 0.165361 -0.603347
v -0.397410 0.152064 -0.637933
v -0.185640 0.251555 -0.624417
v -0.125518 0.269047 -0.630091
v -0.091282 0.292587 -0.647411
v -0.137156 0.294254 -0.635684
v -0.069078 0.302872 -0.638075
v -0.131852 0.309107 -0.630414
v -0.785381 0.488333 -0.603301
v -0.783346 0.567322 -0.608377
v -0.151064 0.749412 -0.585294
v -0.174648 0.768313 -0.597520
v -0.267701 -0.645362 -0.593820
v 0.049206 -0.586303 -0.613567
v -0.398177 -0.547949 -0.621503
v -0.770871 -0.098962 -0.623150
v -0.768120 -0.016207 -0.615941
v -0.760285 0.015877 -0.619139
v -0.558764 0.037725 -0.623368
v -0.702076 0.059593 -0.630901
v -0.658467 0.073682 -0.620651
v -0.427517 0.040744 -0.631914
v -0.413302 0.108025 -0.634785
v -0.471383 0.152809 -0.631294
v -0.641565 0.179703 -0.621925
v -0.183865 0.422098 -0.631553
v -0.158641 0.453709 -0.617596
v -0.162207 0.474397 -0.611190
v -0.707817 0.668421 -0.611289
v -0.050334 -0.605440 -0.610436
v 0.120645 -0.562479 -0.589558
v 0.229459 -0.258957 -0.621653
v -0.613208 -0.266687 -0.614202
v -0.357674 -0.117096 -0.626740
v -0.628286 0.035651 -0.620127
v -0.042024 0.293634 -0.617792
v -0.159961 0.349337 -0.630717
v -0.418371 -0.532367 -0.612872
v -0.356236 -0.403196 -0.627739
v -0.634790 -0.272841 -0.609461
v -0.488394 -0.211387 -0.608826
v 0.267277 -0.206819 -0.612065
v 0.266133 -0.174362 -0.616166
v -0.386033 -0.115723 -0.617400
v -0.602406 0.031345 -0.611643
v -0.731069 0.051533 -0.622589
v -0.419048 0.060225 -0.629859
v -0.447929 0.142631 -0.614380
v -0.401442 0.160545 -0.630113
v -0.618290 0.158366 -0.608792
v -0.100856 0.229874 -0.616674
v -0.681790 0.249084 -0.616963
v -0.181893 0.257141 -0.620992
v -0.083145 0.313414 -0.615298
v -0.150723 0.395686 -0.620558
v -0.229463 0.781780 -0.599483
v -0.357197 -0.370734 -0.617812
v -0.343736 -0.272598 -0.618847
v -0.428340 0.012374 -0.618617
v -0.389933 0.090746 -0.635315
v -0.381333 0.118608 -0.634783
v -0.376950 0.138871 -0.632681
v -0.376079 0.161147 -0.632859
v -0.651543 0.290746 -0.611714
v -0.128652 0.321179 -0.616437
v -0.733855 0.407342 -0.592007
v -0.164996 0.436539 -0.617781
v -0.196533 0.787899 -0.584955
v -0.398390 -0.448659 -0.605159
v 0.252066 -0.236543 -0.610444
v -0.470055 -0.191619 -0.593220
v -0.399372 0.052614 -0.626224
v -0.375372 0.164452 -0.625220
v -0.205485 -0.641799 -0.585228
v -0.130090 -0.624044 -0.593143
v -0.420646 -0.486368 -0.604558
v 0.263760 -0.122124 -0.595436
v -0.427359 0.006071 -0.611545
v -0.407094 0.021047 -0.615360
v -0.683041 0.076476 -0.612308
v -0.388979 0.152397 -0.598319
v -0.053532 0.317687 -0.606009
v -0.096888 0.332917 -0.615144
v -0.132418 0.526759 -0.609613
v -0.179267 -0.617262 -0.605896
v -0.373479 -0.408132 -0.608816
v -0.694909 -0.268686 -0.600457
v -0.553094 -0.231841 -0.601165
v -0.366903 -0.145908 -0.580091
v -0.378861 -0.099260 -0.613494
v -0.760685 0.030377 -0.584533
v -0.644617 0.083310 -0.609120
v -0.391248 0.082969 -0.580134
v -0.655880 0.202529 -0.600225
v -0.087373 0.237633 -0.602232
v -0.411720 0.753169 -0.566572
v -0.325138 -0.641551 -0.582099
v -0.417009 -0.577337 -0.591147
v -0.446159 -0.565786 -0.592590
v 0.219605 -0.386907 -0.582494
v 0.243115 -0.276666 -0.580768
v -0.784345 -0.108186 -0.574409
v -0.389460 -0.109945 -0.608523
v -0.377602 -0.106534 -0.595336
v -0.410413 0.002830 -0.607787
v -0.574026 0.029406 -0.596123
v 0.059404 0.114195 -0.589140
v -0.558504 0.160849 -0.599784
v -0.503807 0.142487 -0.574872
v -0.046985 0.208350 -0.593471
v -0.072611 0.316089 -0.587128
v -0.132619 0.346455 -0.582203
v -0.136000 0.426769 -0.579618
v -0.098281 0.633444 -0.559180
v -0.118031 0.712784 -0.554433
v -0.274438 0.771481 -0.590950
v 0.178241 -0.492877 -0.575570
v 0.247745 -0.241629 -0.595904
v 0.284287 -0.198579 -0.587358
v -0.425855 -0.143222 -0.592077
v -0.393721 -0.092345 -0.612557
v -0.466541 0.009074 -0.591156
v 0.164957 0.020858 -0.567414
v -0.575721 0.161407 -0.583048
v -0.383983 0.145213 -0.594610
v -0.044392 0.251021 -0.597498
v -0.097686 0.317624 -0.595757
v -0.683283 0.356456 -0.594432
v -0.702444 0.366216 -0.588346
v -0.146992 0.483117 -0.582358
v -0.746299 0.642388 -0.598325
v -0.590801 0.722979 -0.568378
v -0.104287 -0.615799 -0.594026
v -0.553432 -0.251424 -0.586588
v -0.409837 -0.116516 -0.596835
v 0.265063 -0.083968 -0.577062
v -0.386037 -0.078139 -0.606349
v -0.393362 -0.074777 -0.611008
v -0.736385 0.050755 -0.582771
v -0.013924 0.209285 -0.564008
v -0.686097 0.321741 -0.573448
v -0.148288 0.446738 -0.586032
v -0.378719 -0.624290 -0.573713
v 0.092268 -0.584432 -0.564844
v -0.630196 -0.285600 -0.572448
v -0.769051 -0.186349 -0.588059
v -0.445429 -0.149710 -0.589098
v 0.209489 -0.012088 -0.556244
v -0.405863 -0.012912 -0.592496
v -0.557047 0.019395 -0.578849
v -0.633027 0.185167 -0.589423
v -0.651703 0.250955 -0.574698
v -0.125361 0.316104 -0.589897
v 0.037089 -0.602216 -0.569654
v -0.377395 -0.397459 -0.584768
v -0.377675 -0.350590 -0.557845
v -0.521607 -0.211032 -0.577990
v -0.400990 -0.127221 -0.578586
v -0.402190 -0.117169 -0.592146
v -0.433298 -0.066863 -0.593089
v -0.399480 -0.039901 -0.597025
v -0.402231 -0.055695 -0.605561
v -0.786857 -0.023084 -0.561284
v -0.411267 -0.031970 -0.596560
v -0.454266 -0.003457 -0.583289
v -0.575021 0.039053 -0.584990
v -0.395886 0.107301 -0.571114
v -0.401832 0.133736 -0.554344
v -0.089737 0.235631 -0.580551
v -0.051108 0.298859 -0.590098
v -0.459172 -0.501115 -0.574462
v -0.460542 -0.036886 -0.588359
v -0.671468 0.078405 -0.572280
v 0.048003 0.168353 -0.551857
v 0.057019 0.149553 -0.543417
v -0.608346 0.179254 -0.574424
v -0.647917 0.197077 -0.588779
v -0.674232 0.281349 -0.566620
v -0.711208 0.382988 -0.580121
v -0.793846 0.454407 -0.560198
v -0.132580 0.493264 -0.552333
v -0.077620 0.566046 -0.479499
v -0.778430 0.618347 -0.571058
v -0.159979 -0.628468 -0.569686
v -0.057144 -0.618261 -0.559119
v 0.158927 -0.533581 -0.560478
v -0.582337 -0.281234 -0.569272
v -0.731386 -0.245210 -0.553740
v 0.295726 -0.152106 -0.566764
v -0.440703 -0.096364 -0.574509
v -0.437806 -0.023274 -0.585299
v -0.657155 0.213361 -0.585497
v -0.129614 0.475447 -0.563734
v -0.802802 0.581593 -0.561382
v -0.678234 0.701452 -0.549327
v -0.520508 0.735164 -0.557549
v 0.289605 -0.224281 -0.560111
v -0.405897 -0.115356 -0.569883
v -0.382857 -0.130453 -0.539379
v -0.783914 -0.079567 -0.571683
v -0.508840 0.007814 -0.577395
v -0.653499 0.186914 -0.579636
v -0.093870 0.256937 -0.568325
v -0.059736 0.275153 -0.571282
v -0.813106 0.532911 -0.561312
v -0.328470 0.767671 -0.522298
v -0.252373 -0.672867 -0.549669
v -0.113589 -0.632666 -0.557444
v -0.480339 -0.555105 -0.566928
v -0.452341 -0.452200 -0.554673
v 0.261342 -0.282752 -0.524181
v -0.375103 -0.287467 -0.538430
v -0.466406 -0.154797 -0.569910
v -0.461048 -0.070396 -0.572551
v -0.785519 -0.007131 -0.545824
v -0.605389 0.089713 -0.563284
v -0.096535 0.318572 -0.564438
v -0.135976 0.455657 -0.560326
v -0.076669 -0.621067 -0.551040
v -0.489611 -0.571936 -0.550472
v 0.208666 -0.446692 -0.533565
v -0.413549 -0.406384 -0.548581
v 0.275145 -0.229746 -0.566080
v -0.502135 -0.175090 -0.559628
v -0.452910 -0.126249 -0.572880
v -0.398821 -0.068174 -0.550202
v -0.480094 -0.027399 -0.582246
v -0.540314 0.008018 -0.561205
v -0.553398 0.036975 -0.565088
v -0.391257 0.131669 -0.564622
v 0.089345 0.118494 -0.525501
v -0.620801 0.185062 -0.565841
v -0.110554 0.350988 -0.557267
v -0.694567 0.354226 -0.558516
v -0.121637 0.429565 -0.553957
v -0.458578 -0.587803 -0.556802
v -0.403445 -0.362068 -0.508558
v -0.549182 -0.262724 -0.549124
v -0.520912 -0.235780 -0.541417
v 0.313859 -0.185858 -0.535526
v -0.801229 -0.097495 -0.558191
v -0.636424 0.159906 -0.562181
v 0.014433 0.204551 -0.551217
v -0.067111 0.263218 -0.570933
v -0.062870 0.286522 -0.568842
v -0.076017 0.299375 -0.554369
v -0.814259 0.480964 -0.543233
v -0.305515 -0.687793 -0.526575
v -0.689926 -0.266367 -0.548941
v -0.788277 -0.049599 -0.557852
v -0.502660 -0.009528 -0.567804
v -0.403820 -0.019153 -0.526936
v -0.718735 0.077678 -0.530279
v -0.630194 0.095818 -0.546648
v -0.559997 0.148612 -0.559727
v -0.660325 0.171834 -0.539724
v -0.655432 0.209422 -0.531676
v -0.083431 0.307213 -0.550937
v -0.767196 -0.182495 -0.550765
v -0.370933 -0.192771 -0.544776
v -0.437350 -0.099868 -0.569434
v -0.440957 -0.083547 -0.558488
v -0.402313 0.035865 -0.526845
v -0.504700 0.130083 -0.543311
v -0.651074 0.152639 -0.551024
v -0.020855 0.228236 -0.552742
v -0.060308 0.282788 -0.564695
v -0.729961 0.364892 -0.525907
v -0.161690 0.799155 -0.532614
v -0.326456 -0.678832 -0.532880
v -0.459500 -0.084894 -0.567286
v 0.286086 -0.051189 -0.538572
v -0.504703 -0.047900 -0.545026
v -0.532369 -0.002615 -0.550559
v 0.193226 0.030561 -0.520960
v 0.217707 0.008260 -0.522318
v -0.753666 0.059174 -0.529443
v -0.035979 0.222064 -0.553088
v -0.074559 0.237751 -0.543784
v -0.104180 0.254463 -0.559746
v -0.135111 0.773112 -0.530761
v -0.161051 -0.641878 -0.534387
v -0.459633 -0.627527 -0.512710
v -0.493355 -0.458704 -0.512365
v -0.495093 -0.156925 -0.552862
v -0.783486 -0.121133 -0.550516
v -0.488421 -0.112411 -0.543858
v 0.348977 -0.108698 -0.513195
v 0.310521 -0.076513 -0.538552
v -0.527309 0.038206 -0.542657
v -0.569877 0.088238 -0.550036
v -0.614766 0.170844 -0.544341
v -0.090102 0.241286 -0.551863
v -0.084480 0.248190 -0.549688
v -0.037103 0.279697 -0.549874
v -0.717370 -0.262861 -0.544005
v 0.297685 -0.232578 -0.525185
v -0.489529 -0.139857 -0.549605
v -0.428744 -0.113324 -0.551726
v -0.783920 -0.082253 -0.539800
v -0.809008 -0.025239 -0.543393
v -0.412907 0.116502 -0.519283
v -0.056872 0.229903 -0.547934
v -0.061761 0.241891 -0.544601
v -0.046274 0.250138 -0.545713
v -0.684653 0.290737 -0.543766
v -0.744493 0.681349 -0.508943
v -0.189687 0.812973 -0.507174
v 0.248103 -0.335219 -0.511658
v -0.492280 -0.183083 -0.522534
v -0.427445 -0.133853 -0.533385
v -0.776773 0.021606 -0.538039
v -0.046760 0.232328 -0.546071
v -0.091711 0.359235 -0.524658
v -0.797343 0.415958 -0.502909
v -0.112358 0.482422 -0.532195
v -0.831330 0.541382 -0.513221
v -0.825040 0.603137 -0.474006
v -0.498852 -0.577430 -0.521757
v 0.140355 -0.561496 -0.519491
v 0.194030 -0.488007 -0.513337
v -0.641148 -0.271023 -0.517719
v -0.778942 -0.106606 -0.530416
v -0.544359 0.074889 -0.535855
v -0.706136 0.082774 -0.519963
v -0.399902 0.125428 -0.534559
v -0.626235 0.163956 -0.525022
v -0.078026 0.322259 -0.524296
v -0.683042 0.309577 -0.537518
v -0.741270 0.377628 -0.523489
v -0.119537 0.463525 -0.518152
v -0.592393 -0.277827 -0.534487
v -0.485915 -0.148084 -0.529217
v -0.795486 -0.041851 -0.534298
v -0.608121 0.108443 -0.516785
v -0.402106 0.084408 -0.501411
v -0.040550 0.258722 -0.521798
v -0.700694 0.356223 -0.519702
v -0.113223 0.447162 -0.517146
v -0.116627 0.504929 -0.514238
v -0.140755 -0.634947 -0.515430
v 0.175559 -0.522933 -0.493684
v 0.257310 -0.319698 -0.503070
v 0.323518 -0.221814 -0.512516
v -0.749907 -0.196962 -0.518981
v -0.624994 0.733106 -0.506635
v -0.466965 0.765391 -0.486735
v 0.019430 -0.611436 -0.480722
v -0.393153 -0.345964 -0.502359
v -0.484515 -0.082001 -0.521635
v -0.504702 -0.005203 -0.516363
v -0.595447 0.132658 -0.496593
v -0.647604 0.161916 -0.524493
v -0.084562 0.333066 -0.516315
v -0.697521 0.327876 -0.516136
v -0.804391 0.637331 -0.476332
v -0.277408 -0.696411 -0.491773
v 0.074515 -0.595547 -0.483687
v -0.542686 -0.544086 -0.486166
v -0.525319 -0.494195 -0.493431
v -0.501847 -0.391571 -0.449469
v -0.710395 -0.249101 -0.514573
v -0.389555 -0.123287 -0.496489
v -0.774565 -0.071130 -0.504864
v 0.305874 -0.046389 -0.509832
v -0.514283 0.041887 -0.516076
v -0.547869 0.085952 -0.506136
v -0.652216 0.196469 -0.513308
v -0.687087 0.207913 -0.502979
v -0.074363 0.618728 -0.499765
v -0.086977 -0.632582 -0.523184
v -0.502267 -0.598363 -0.494220
v -0.535463 -0.242323 -0.507531
v -0.637530 0.090774 -0.500980
v 0.021109 0.216437 -0.507849
v -0.680560 0.261934 -0.510182
v -0.039505 0.296859 -0.509068
v -0.699074 0.295676 -0.495167
v -0.162140 0.817443 -0.483844
v -0.568680 -0.258787 -0.499460
v -0.489444 -0.161972 -0.493832
v 0.347813 -0.090460 -0.500366
v -0.777713 -0.019035 -0.504102
v -0.757330 0.050516 -0.515504
v -0.487878 0.101346 -0.497747
v -0.518335 0.093075 -0.467465
v -0.632273 0.167993 -0.511479
v -0.718579 0.324694 -0.519796
v -0.821563 0.454861 -0.498176
v -0.103063 0.482723 -0.504914
v -0.830489 0.482600 -0.499626
v -0.441762 -0.664119 -0.463394
v -0.232709 -0.682921 -0.479416
v -0.390477 -0.213678 -0.473509
v 0.356419 -0.191229 -0.470324
v 0.344852 -0.177270 -0.488355
v -0.766507 0.009516 -0.509612
v -0.526653 0.068594 -0.491712
v -0.727525 0.068710 -0.509254
v 0.053467 0.183942 -0.487301
v -0.748550 0.329352 -0.504390
v -0.060052 0.315726 -0.487751
v -0.370286 0.773102 -0.466529
v -0.051018 -0.618916 -0.483211
v -0.380654 -0.197906 -0.476179
v 0.231592 0.013315 -0.490584
v -0.405564 0.042685 -0.483240
v -0.724438 0.288832 -0.498143
v -0.743940 0.289282 -0.493576
v -0.104384 0.514287 -0.484177
v -0.487219 -0.631905 -0.471640
v 0.106125 -0.579474 -0.455898
v -0.432849 -0.374267 -0.484416
v 0.287264 -0.280954 -0.486290
v -0.489468 -0.138210 -0.486652
v -0.493896 -0.022703 -0.499382
v -0.045221 0.267246 -0.494841
v -0.767665 0.385414 -0.500308
v -0.493562 -0.081600 -0.474642
v -0.739833 0.044405 -0.496982
v -0.627089 0.094222 -0.477590
v -0.110395 0.394052 -0.495833
v -0.095854 0.738455 -0.476452
v -0.690401 0.738511 -0.451594
v -0.527893 0.765562 -0.460033
v -0.736897 -0.151569 -0.488870
v 0.331372 -0.063317 -0.485045
v -0.392686 -0.077203 -0.452713
v -0.758717 -0.072200 -0.465404
v -0.509044 0.000972 -0.489817
v -0.653294 0.072192 -0.486599
v -0.682871 0.227036 -0.486156
v -0.108468 0.352988 -0.495593
v -0.094387 0.332027 -0.499534
v -0.115742 0.427950 -0.491164
v -0.147857 -0.641094 -0.473652
v -0.530478 -0.566209 -0.482625
v 0.140378 -0.557834 -0.465892
v -0.636401 -0.240707 -0.471587
v -0.389411 -0.297101 -0.465479
v 0.323850 -0.236531 -0.485776
v -0.723894 -0.217261 -0.488421
v -0.510865 -0.201254 -0.491085
v -0.732810 0.017538 -0.485387
v -0.518592 0.037701 -0.481501
v 0.175951 0.059996 -0.475579
v -0.440842 0.075821 -0.479105
v -0.669469 0.201179 -0.486297
v -0.103887 0.472964 -0.473589
v -0.788580 0.666014 -0.463093
v -0.685945 -0.233206 -0.464932
v -0.755758 -0.019702 -0.474968
v -0.773868 0.384932 -0.483454
v -0.120634 0.785574 -0.471208
v -0.358543 -0.694569 -0.464202
v -0.113078 -0.642887 -0.455518
v 0.255392 -0.324573 -0.484015
v 0.298417 -0.283550 -0.477687
v -0.657833 0.154961 -0.444813
v -0.060259 0.290551 -0.479357
v -0.080144 0.334712 -0.484513
v -0.092688 0.364513 -0.475170
v -0.797517 0.409009 -0.476111
v -0.849507 0.529226 -0.445039
v 0.231169 -0.403620 -0.447374
v -0.740560 -0.107528 -0.476185
v -0.402691 0.064160 -0.467651
v -0.606968 0.122155 -0.459709
v -0.008659 0.251377 -0.446111
v -0.760457 0.297564 -0.470684
v -0.761653 0.349131 -0.470914
v -0.732836 0.742818 -0.403758
v -0.058754 -0.626545 -0.459076
v -0.552912 -0.200500 -0.458023
v -0.698584 0.033611 -0.475552
v -0.593504 0.085935 -0.472277
v 0.045072 0.200569 -0.454660
v -0.710480 0.281542 -0.465858
v -0.764162 0.313778 -0.461138
v -0.088084 0.436145 -0.460593
v -0.857311 0.614720 -0.373459
v -0.263112 0.790440 -0.444083
v -0.343008 -0.702936 -0.445534
v -0.209499 -0.675645 -0.417953
v -0.582802 -0.512643 -0.434407
v -0.563764 -0.457335 -0.436122
v 0.250325 -0.369305 -0.444649
v 0.288979 -0.303202 -0.471825
v -0.586014 -0.226860 -0.466191
v 0.363488 -0.158278 -0.450703
v 0.287956 -0.021734 -0.471615
v -0.390503 0.000260 -0.418226
v 0.121338 0.109367 -0.450029
v -0.093896 0.393314 -0.457972
v -0.821785 0.450809 -0.449814
v -0.075852 0.699763 -0.434630
v -0.146157 0.816332 -0.435866
v -0.398149 -0.338791 -0.459179
v 0.253909 -0.348488 -0.456227
v 0.270209 -0.324832 -0.463797
v -0.736494 -0.152478 -0.466059
v -0.509717 -0.169469 -0.471962
v -0.483156 -0.132926 -0.436997
v 0.289591 -0.018245 -0.442363
v -0.743949 0.008400 -0.455918
v -0.562149 0.060231 -0.464400
v -0.645932 0.084563 -0.453557
v -0.742380 0.277859 -0.460876
v -0.073082 0.326889 -0.464981
v -0.076295 0.557970 -0.433348
v 0.196084 -0.462317 -0.412354
v 0.359259 -0.216868 -0.444564
v -0.534034 -0.186416 -0.461862
v -0.511278 -0.048559 -0.447175
v -0.544478 0.008238 -0.461285
v -0.547851 0.028052 -0.459291
v -0.668275 0.044542 -0.451220
v 0.087230 0.149432 -0.431562
v -0.717396 0.281715 -0.455653
v -0.768851 0.398485 -0.441754
v -0.065683 0.595346 -0.444071
v -0.567205 -0.546441 -0.451710
v -0.531966 -0.410088 -0.435864
v -0.424703 -0.345801 -0.433509
v 0.303128 -0.298403 -0.453553
v 0.328216 -0.239313 -0.459460
v -0.737674 -0.215673 -0.463351
v -0.489957 -0.094391 -0.446234
v -0.522960 -0.015677 -0.453701
v -0.701206 0.037096 -0.448910
v -0.401906 0.058247 -0.446907
v -0.714293 0.271056 -0.449091
v -0.061975 0.270560 -0.465546
v -0.071531 0.300150 -0.456652
v -0.624770 0.764179 -0.430040
v -0.535372 -0.369398 -0.391802
v 0.276327 -0.333953 -0.456214
v -0.496859 -0.161040 -0.432554
v -0.083752 0.272293 -0.463517
v -0.091635 0.497966 -0.450543
v -0.563627 -0.554713 -0.438093
v -0.616913 -0.237628 -0.432083
v -0.100388 0.277905 -0.449328
v -0.746673 0.347532 -0.440526
v -0.096014 0.484458 -0.445142
v -0.095991 0.526177 -0.434260
v -0.308109 0.787059 -0.396956
v -0.184275 0.816970 -0.421855
v -0.437894 -0.684015 -0.412039
v -0.005464 -0.603623 -0.417701
v 0.295077 -0.326786 -0.426244
v 0.308536 -0.289248 -0.439867
v -0.758748 -0.077126 -0.444839
v -0.761089 -0.024146 -0.448647
v -0.689214 0.180049 -0.416501
v -0.748770 0.292678 -0.443033
v -0.085177 0.350010 -0.444270
v -0.802020 0.429777 -0.433976
v -0.084278 0.446784 -0.444973
v -0.097426 0.765618 -0.422366
v -0.289984 -0.704663 -0.426929
v -0.168447 -0.650185 -0.430758
v 0.057985 -0.592189 -0.434139
v -0.491502 -0.366359 -0.420932
v -0.383350 -0.152806 -0.385116
v -0.482294 -0.119456 -0.404012
v -0.552081 0.046357 -0.432339
v -0.391123 0.043176 -0.427376
v -0.606017 0.085814 -0.433208
v -0.565863 0.091789 -0.417698
v -0.014174 0.252760 -0.418788
v -0.036448 0.244621 -0.428191
v -0.563959 -0.576330 -0.413939
v -0.606045 -0.487140 -0.399766
v 0.245040 -0.385997 -0.433065
v -0.550575 -0.195545 -0.409038
v -0.761142 -0.147721 -0.416631
v 0.347919 -0.096836 -0.425314
v -0.539448 0.031460 -0.431692
v -0.727147 0.290825 -0.440558
v -0.083062 0.308918 -0.437487
v -0.729440 0.323398 -0.435984
v -0.095708 0.390146 -0.434059
v -0.083630 0.427505 -0.429492
v -0.062780 0.651570 -0.393469
v -0.505131 0.788253 -0.424517
v 0.236556 -0.400233 -0.424053
v -0.391333 -0.257825 -0.403788
v 0.351908 -0.233309 -0.426898
v -0.381538 -0.189224 -0.402719
v -0.785860 0.028596 -0.405751
v -0.576450 0.074624 -0.420049
v -0.155010 0.294321 -0.442203
v -0.153691 0.304376 -0.443732
v -0.167975 0.295633 -0.439218
v -0.844845 0.491465 -0.413852
v -0.865146 0.577622 -0.364554
v -0.773406 0.727430 -0.384074
v -0.231031 -0.684895 -0.392618
v 0.224143 -0.420667 -0.410858
v 0.281069 -0.352239 -0.426434
v -0.724059 -0.231354 -0.429610
v -0.670746 -0.250243 -0.407663
v -0.788055 -0.049560 -0.399588
v -0.476389 -0.020849 -0.411165
v -0.494007 0.000261 -0.422556
v -0.729807 0.060915 -0.418904
v -0.643428 0.055857 -0.431659
v -0.716431 0.209694 -0.369282
v -0.160548 0.285799 -0.449872
v -0.118653 0.282134 -0.441277
v -0.172896 0.308086 -0.435011
v -0.161854 0.320694 -0.436789
v -0.395787 0.786429 -0.414607
v -0.146253 -0.653908 -0.384500
v -0.390366 -0.304164 -0.403912
v -0.737063 -0.219244 -0.439635
v -0.389353 -0.204183 -0.406086
v 0.369341 -0.159942 -0.419910
v -0.657938 0.057852 -0.418799
v -0.501608 0.054256 -0.402007
v -0.527777 0.073091 -0.411646
v -0.635012 0.118063 -0.396869
v -0.095398 0.273694 -0.386251
v -0.725754 0.299810 -0.429132
v -0.172317 0.279889 -0.434613
v -0.156987 0.278425 -0.420455
v -0.160532 0.293359 -0.418598
v -0.046087 -0.615796 -0.407604
v -0.578739 -0.218178 -0.392008
v -0.500373 -0.071517 -0.420278
v -0.393037 0.044754 -0.416460
v -0.628859 0.063895 -0.416681
v -0.081387 0.428297 -0.409987
v -0.598761 -0.534472 -0.410204
v -0.396968 -0.328228 -0.399164
v 0.364463 -0.206015 -0.416222
v 0.174625 0.069104 -0.390510
v -0.597032 0.103768 -0.408519
v 0.093052 0.156619 -0.365231
v -0.129687 0.288569 -0.424876
v -0.130586 0.281628 -0.418773
v -0.105817 0.305078 -0.425818
v -0.154590 0.302550 -0.424476
v -0.163865 0.322742 -0.425819
v -0.109175 0.329370 -0.425598
v -0.142491 0.315556 -0.424717
v -0.137605 0.334160 -0.430794
v -0.111713 0.341228 -0.429171
v -0.749716 0.312112 -0.412390
v -0.156409 0.345008 -0.425171
v -0.104047 0.373773 -0.428686
v -0.135825 0.356967 -0.427206
v -0.120381 0.364186 -0.430436
v -0.094675 0.498277 -0.399395
v -0.090385 0.510042 -0.398316
v -0.351307 -0.710629 -0.360439
v -0.547618 -0.621652 -0.375764
v 0.283907 -0.354786 -0.412704
v 0.328319 -0.057318 -0.396048
v -0.698869 0.075432 -0.405254
v -0.578010 0.090348 -0.411173
v -0.124131 0.306656 -0.404549
v -0.149350 0.327624 -0.414136
v -0.127156 0.335965 -0.421466
v -0.084680 0.391021 -0.406347
v -0.778469 0.420938 -0.401119
v -0.846130 0.490341 -0.378928
v -0.865122 0.540614 -0.352426
v -0.228683 0.794375 -0.345788
v 0.250870 -0.402806 -0.404622
v -0.471974 -0.343954 -0.384259
v 0.383033 -0.230466 -0.364812
v 0.301849 -0.026914 -0.378201
v -0.589373 0.086941 -0.408162
v 0.017585 0.244512 -0.379455
v 0.064788 0.207052 -0.356916
v -0.731403 0.298313 -0.398976
v -0.129205 0.348538 -0.408833
v -0.681388 0.792886 -0.352303
v -0.193449 -0.659700 -0.372262
v 0.087203 -0.555957 -0.389064
v -0.605631 -0.453197 -0.381134
v -0.612394 -0.244191 -0.367617
v -0.772309 -0.171676 -0.357818
v -0.496719 -0.073681 -0.400851
v -0.375345 -0.024131 -0.383765
v -0.484181 0.045909 -0.394146
v -0.544366 0.066959 -0.410108
v -0.622326 0.082428 -0.400103
v 0.133751 0.107711 -0.375169
v -0.155912 0.278881 -0.411843
v -0.152014 0.286284 -0.419637
v -0.092499 0.374489 -0.398641
v -0.061230 0.622732 -0.327411
v -0.499393 -0.660854 -0.386065
v -0.599094 -0.540695 -0.385308
v 0.136869 -0.505719 -0.368231
v 0.209167 -0.445318 -0.377789
v -0.692311 -0.247590 -0.372887
v 0.366614 -0.168473 -0.403557
v -0.428009 0.032919 -0.384201
v -0.715635 0.081169 -0.395360
v -0.561199 0.076737 -0.409368
v -0.757169 0.328622 -0.399110
v -0.123900 0.351710 -0.398275
v -0.455928 0.817674 -0.356975
v -0.500565 -0.156882 -0.388262
v -0.648765 0.116886 -0.391698
v -0.688175 0.123548 -0.392382
v -0.616750 0.101345 -0.385758
v -0.652685 0.127669 -0.392195
v -0.153260 0.295403 -0.408285
v -0.128895 0.336876 -0.400912
v -0.811538 0.698278 -0.374268
v -0.116893 0.790140 -0.372623
v -0.153796 0.817084 -0.389963
v -0.575081 -0.391528 -0.366877
v 0.275940 -0.379070 -0.392791
v 0.329221 -0.336553 -0.371970
v -0.642738 -0.254201 -0.377584
v 0.356047 -0.277784 -0.388110
v 0.348986 -0.101323 -0.373806
v 0.251491 0.018801 -0.330208
v -0.377138 0.030946 -0.387426
v -0.776023 0.367655 -0.385629
v -0.815559 0.456586 -0.356223
v -0.075718 0.564822 -0.346495
v -0.065360 0.593251 -0.340497
v -0.334040 0.792872 -0.367762
v -0.510765 0.850828 -0.311501
v 0.016175 -0.579418 -0.376593
v 0.231238 -0.429488 -0.384282
v -0.393778 -0.226033 -0.382008
v -0.478549 -0.051420 -0.370758
v -0.469720 0.012666 -0.382232
v -0.474045 0.037877 -0.380417
v -0.375649 0.029710 -0.365006
v -0.629958 0.102895 -0.388111
v -0.673127 0.143324 -0.383257
v -0.141489 0.310305 -0.399642
v -0.770347 0.352900 -0.379634
v -0.080971 0.730735 -0.368106
v 0.260563 -0.401899 -0.380230
v -0.395524 -0.307299 -0.379560
v -0.784442 -0.143753 -0.348811
v -0.806210 0.031865 -0.374326
v -0.789652 0.053880 -0.380312
v -0.015028 0.239311 -0.379497
v -0.145621 0.305200 -0.393513
v -0.748225 0.303643 -0.380873
v -0.085916 0.403953 -0.382807
v -0.091951 0.476555 -0.371682
v -0.626610 -0.531234 -0.354113
v -0.415222 -0.253370 -0.366117
v -0.789810 -0.108787 -0.362462
v 0.112639 0.133010 -0.337539
v -0.149963 0.277921 -0.389561
v -0.845167 0.692862 -0.313314
v -0.729030 0.773715 -0.353401
v -0.445626 -0.702472 -0.329227
v -0.044082 -0.604504 -0.367497
v -0.592692 -0.575578 -0.354597
v 0.091100 0.179213 -0.323577
v -0.044548 0.240692 -0.370232
v -0.090536 0.380463 -0.387283
v -0.307588 -0.702122 -0.324917
v -0.402236 -0.334070 -0.357839
v -0.721214 -0.232255 -0.326950
v -0.778614 0.066223 -0.371213
v -0.712930 0.088192 -0.377355
v -0.743625 0.332518 -0.368659
v -0.126241 0.349468 -0.362579
v -0.108700 0.367724 -0.376203
v -0.778918 0.431775 -0.368351
v -0.100391 0.527681 -0.346801
v -0.166747 0.814709 -0.371514
v 0.388289 -0.296435 -0.338730
v -0.750605 -0.210444 -0.329066
v -0.391099 -0.203579 -0.348753
v -0.377715 -0.169385 -0.363971
v -0.493596 -0.064053 -0.361128
v -0.495181 -0.110211 -0.341407
v -0.366950 -0.161610 -0.331788
v -0.466173 -0.019175 -0.327358
v -0.138988 0.271543 -0.364650
v -0.107991 0.268863 -0.337633
v -0.145139 0.277401 -0.365150
v -0.093316 0.439783 -0.369248
v -0.161280 -0.653231 -0.321905
v 0.186194 -0.461256 -0.356070
v -0.538507 -0.330468 -0.328825
v -0.448894 -0.333103 -0.338740
v -0.364424 0.020816 -0.360845
v -0.465771 0.028459 -0.356556
v -0.088912 0.469957 -0.366778
v -0.102814 0.496898 -0.356776
v -0.795912 0.745616 -0.331138
v -0.262596 0.794004 -0.314774
v -0.561102 0.845878 -0.330059
v -0.397997 -0.712716 -0.318597
v -0.410973 -0.311126 -0.351477
v -0.806666 -0.022498 -0.346030
v -0.818898 0.033558 -0.348503
v 0.163184 0.079553 -0.336078
v -0.687791 0.148811 -0.341315
v -0.758747 0.312751 -0.350646
v -0.127518 0.350347 -0.342441
v -0.109969 0.382502 -0.355694
v -0.049170 0.450746 -0.370873
v -0.065900 0.504545 -0.365328
v -0.026237 0.493296 -0.370849
v -0.616177 0.828907 -0.335190
v -0.626731 -0.450730 -0.343911
v -0.395892 -0.327286 -0.351365
v -0.610905 -0.238010 -0.312140
v -0.568787 -0.190410 -0.353365
v 0.312564 -0.044051 -0.342263
v -0.464504 0.022846 -0.344750
v -0.812757 0.051065 -0.349982
v -0.046215 0.237314 -0.352710
v -0.720764 0.216504 -0.335180
v -0.138701 0.275269 -0.332069
v -0.834159 0.481860 -0.327552
v 0.004208 0.457813 -0.357164
v -0.091868 0.489875 -0.358589
v -0.026566 0.533113 -0.359668
v -0.635579 -0.508744 -0.333721
v 0.212764 -0.454214 -0.326654
v 0.377566 -0.158424 -0.341146
v -0.464243 0.015514 -0.327849
v -0.429505 0.009888 -0.323900
v 0.016210 0.235258 -0.355575
v -0.748719 0.294536 -0.338457
v -0.754270 0.330986 -0.356618
v -0.759370 0.361042 -0.361076
v -0.098597 0.425302 -0.355420
v -0.087044 0.440182 -0.361228
v 0.013699 0.516145 -0.349005
v 0.053096 -0.525224 -0.334991
v 0.244233 -0.428585 -0.351186
v -0.511291 -0.145202 -0.339170
v -0.730438 0.082736 -0.321804
v 0.042918 0.222990 -0.349607
v -0.731910 0.286660 -0.338919
v -0.048115 0.403445 -0.350573
v -0.000449 0.433493 -0.350104
v -0.093269 0.508774 -0.355008
v -0.038846 0.557117 -0.344871
v 0.006059 0.553571 -0.336802
v -0.144407 0.802305 -0.341629
v -0.499122 -0.691718 -0.287493
v 0.148721 -0.475459 -0.326119
v -0.785698 0.447163 -0.328025
v -0.533360 -0.661875 -0.321148
v 0.022315 -0.561026 -0.349977
v 0.187137 -0.465725 -0.326858
v 0.372652 -0.136921 -0.313497
v 0.284066 -0.014652 -0.318919
v 0.128391 0.114670 -0.331842
v -0.764631 0.358289 -0.343458
v -0.766156 0.383813 -0.319235
v -0.103540 0.407697 -0.346776
v -0.076193 0.549235 -0.336853
v -0.075170 0.689078 -0.313475
v -0.577697 -0.357508 -0.324601
v 0.364275 -0.323936 -0.343645
v -0.417511 -0.274093 -0.326136
v -0.649094 -0.251216 -0.320885
v -0.415982 -0.242675 -0.338582
v -0.339647 0.008039 -0.323433
v -0.353461 0.019831 -0.335406
v -0.068309 0.246133 -0.339125
v 0.046231 0.480572 -0.313619
v -0.096993 0.739522 -0.307199
v -0.737768 0.795834 -0.320975
v -0.264081 -0.687703 -0.310239
v -0.561411 -0.636258 -0.316259
v -0.518028 -0.319276 -0.296892
v -0.502092 -0.058625 -0.336446
v -0.489934 -0.040642 -0.308616
v -0.825015 0.037831 -0.321249
v 0.066941 0.205507 -0.336820
v -0.025752 0.268651 -0.325782
v -0.135831 0.266199 -0.332995
v -0.756965 0.310449 -0.315119
v -0.110147 0.395429 -0.331863
v -0.025535 0.383834 -0.321635
v -0.101830 -0.615660 -0.312513
v -0.627097 -0.549270 -0.297399
v 0.094577 -0.505204 -0.333238
v -0.402274 -0.212599 -0.331469
v -0.549289 -0.160385 -0.315828
v -0.582119 -0.185457 -0.324913
v -0.365023 0.002486 -0.300696
v -0.816740 0.056069 -0.323361
v -0.760267 0.326823 -0.310277
v -0.073837 0.569313 -0.326072
v -0.127767 0.769946 -0.286821
v -0.221887 -0.664952 -0.308515
v 0.334080 -0.393719 -0.307961
v 0.373495 -0.357093 -0.305391
v -0.400411 -0.333254 -0.317210
v -0.396892 -0.326825 -0.321758
v 0.177119 0.061920 -0.292256
v 0.070586 0.242376 -0.318654
v 0.033891 0.264091 -0.324224
v -0.097667 0.256873 -0.320415
v 0.033955 0.451627 -0.317719
v -0.856186 0.528259 -0.281887
v -0.828051 0.735917 -0.290105
v -0.380835 0.839131 -0.247533
v -0.604235 -0.593833 -0.284027
v -0.641797 -0.461287 -0.295488
v 0.414772 -0.259449 -0.290995
v -0.604107 -0.219797 -0.297874
v 0.407433 -0.192523 -0.276622
v -0.363451 -0.170991 -0.311480
v -0.085106 0.368724 -0.311332
v -0.388756 -0.203438 -0.320013
v -0.510271 -0.053528 -0.318492
v 0.297344 -0.034815 -0.311283
v -0.785713 0.074547 -0.282341
v -0.696535 0.106847 -0.305654
v -0.703845 0.171795 -0.301268
v 0.081074 0.191285 -0.319645
v -0.056855 0.284012 -0.310770
v -0.730373 0.298534 -0.310154
v -0.129643 0.350622 -0.295851
v -0.125558 0.374080 -0.310307
v -0.068922 0.568511 -0.314712
v -0.071041 0.578432 -0.310097
v -0.037052 -0.570095 -0.311948
v -0.406189 -0.301076 -0.295473
v -0.705204 -0.232207 -0.255295
v -0.410552 -0.234097 -0.316778
v -0.526579 -0.084288 -0.290429
v -0.000734 0.383507 -0.299599
v -0.021811 0.592374 -0.289324
v -0.318300 0.813897 -0.271404
v -0.369335 -0.715237 -0.279311
v -0.538483 -0.137458 -0.293875
v -0.797130 -0.119600 -0.242662
v -0.323686 -0.066418 -0.273222
v -0.525004 -0.055071 -0.310616
v -0.325559 -0.017765 -0.293230
v -0.344563 0.014081 -0.320799
v 0.025653 0.305697 -0.298176
v 0.052353 0.513694 -0.309867
v -0.004270 0.587201 -0.290775
v -0.745113 0.846698 -0.252468
v -0.693509 0.864187 -0.270865
v -0.085566 -0.581741 -0.273346
v 0.023190 -0.520212 -0.300495
v 0.234653 -0.447645 -0.306257
v -0.615976 -0.390293 -0.287753
v -0.553505 -0.322662 -0.287732
v 0.405516 -0.337256 -0.290250
v -0.396315 -0.220192 -0.295043
v -0.526861 -0.105538 -0.287742
v -0.803649 -0.044588 -0.288156
v -0.463440 0.008440 -0.291832
v -0.136364 0.253310 -0.310429
v -0.133810 0.277384 -0.278508
v -0.816942 0.485588 -0.276443
v -0.874851 0.609329 -0.277428
v -0.545983 -0.664756 -0.274690
v -0.638810 -0.544892 -0.286518
v 0.108273 -0.484336 -0.307281
v 0.181446 -0.462922 -0.286383
v -0.585054 -0.344426 -0.288957
v -0.370536 -0.180198 -0.285018
v -0.784033 -0.160939 -0.259330
v 0.144730 0.088114 -0.292751
v 0.120231 0.120570 -0.293982
v 0.104926 0.299007 -0.275895
v 0.030218 0.562681 -0.297876
v -0.071660 0.582326 -0.294684
v -0.863842 0.678660 -0.266398
v 0.056031 -0.493909 -0.296096
v -0.385831 -0.326800 -0.303370
v 0.356579 -0.114675 -0.298174
v -0.476453 -0.010329 -0.272245
v 0.264104 -0.014673 -0.287985
v 0.222945 0.036932 -0.276231
v 0.093318 0.169973 -0.296875
v 0.105201 0.147179 -0.284086
v -0.723279 0.238953 -0.292508
v -0.752207 0.386846 -0.297614
v 0.033504 0.419306 -0.290671
v -0.174310 0.782383 -0.251859
v -0.645014 -0.506749 -0.262959
v 0.148936 -0.476623 -0.302506
v -0.454047 -0.328119 -0.260740
v -0.332974 -0.117179 -0.271771
v -0.333564 0.011222 -0.304020
v -0.442590 0.001649 -0.283817
v -0.702152 0.124640 -0.265547
v 0.133054 0.297481 -0.261950
v 0.045600 0.526984 -0.294583
v -0.159154 0.769121 -0.233990
v -0.636650 0.883996 -0.275536
v -0.480692 -0.706569 -0.240140
v -0.387319 -0.335574 -0.296035
v -0.399746 -0.275427 -0.278369
v -0.385750 -0.213341 -0.294072
v -0.583647 -0.165109 -0.293859
v 0.255556 0.002675 -0.285160
v 0.103483 0.235618 -0.288974
v -0.126151 0.269009 -0.289518
v -0.071994 0.310150 -0.281275
v 0.007684 0.347297 -0.277921
v -0.096571 0.330711 -0.287341
v -0.735818 0.348786 -0.300391
v -0.778320 0.451707 -0.310340
v -0.796520 0.469646 -0.286568
v -0.075486 0.589750 -0.276400
v -0.424721 -0.714926 -0.267902
v -0.041542 -0.550685 -0.284639
v 0.117010 -0.479745 -0.293957
v 0.143553 -0.469844 -0.280883
v 0.301991 -0.432495 -0.284240
v 0.419740 -0.376820 -0.248401
v -0.397380 -0.234848 -0.283207
v -0.377198 -0.199052 -0.271030
v -0.551090 -0.146059 -0.273881
v -0.342490 -0.168648 -0.271538
v -0.537342 -0.050433 -0.296700
v -0.048725 0.347010 -0.291220
v -0.778354 0.458460 -0.285251
v 0.045302 0.474985 -0.289632
v 0.012233 0.466787 -0.299694
v 0.018895 0.488696 -0.305392
v -0.001616 0.516753 -0.301333
v 0.011800 0.528888 -0.300207
v -0.867520 0.564792 -0.255425
v -0.191454 -0.656945 -0.263317
v 0.437663 -0.323872 -0.243569
v -0.654341 -0.236686 -0.267045
v 0.422118 -0.198513 -0.251411
v -0.606039 -0.181067 -0.272824
v 0.386281 -0.152612 -0.264464
v -0.336141 0.005216 -0.278386
v -0.686279 0.126776 -0.284934
v -0.721762 0.168791 -0.275051
v -0.032644 0.339471 -0.275191
v 0.033422 0.509094 -0.289878
v -0.066646 0.584103 -0.280980
v -0.198144 0.786772 -0.257231
v -0.451577 0.854298 -0.263804
v -0.045106 -0.510963 -0.247215
v 0.031914 -0.490431 -0.268802
v 0.375964 -0.400019 -0.259862
v -0.374070 -0.333351 -0.273524
v -0.509957 -0.319026 -0.258072
v -0.517714 -0.040299 -0.285010
v -0.806682 0.060429 -0.269922
v -0.707760 0.271731 -0.260254
v -0.130539 0.333371 -0.277592
v -0.013981 0.544384 -0.292928
v -0.041842 0.533838 -0.285157
v -0.602964 0.894613 -0.268796
v -0.233418 -0.661879 -0.238553
v -0.383030 -0.338157 -0.274445
v -0.733983 -0.219235 -0.238275
v -0.758778 -0.197375 -0.220986
v -0.352349 -0.185083 -0.272979
v -0.325514 -0.029112 -0.273534
v -0.804732 -0.017098 -0.247197
v -0.054883 0.331155 -0.275214
v -0.069853 0.326784 -0.274701
v 0.041163 0.369562 -0.262986
v -0.039310 0.341122 -0.277441
v 0.025839 0.436855 -0.277734
v -0.800886 0.477595 -0.268484
v 0.014936 0.547801 -0.282995
v 0.022265 0.554532 -0.281558
v -0.795331 0.810904 -0.232369
v -0.558836 0.900142 -0.252868
v -0.378287 -0.297038 -0.271206
v 0.304318 -0.067034 -0.259105
v -0.545482 -0.046033 -0.276750
v -0.469072 0.005761 -0.266559
v -0.810501 0.044512 -0.240317
v 0.154955 0.054961 -0.239774
v 0.095485 0.148895 -0.269277
v 0.115436 0.204176 -0.260232
v 0.084778 0.337417 -0.256419
v -0.081116 0.320971 -0.269837
v -0.774887 0.445582 -0.261922
v -0.795010 0.465301 -0.279020
v -0.794717 0.449934 -0.271776
v -0.036360 0.479871 -0.267624
v -0.039161 0.552770 -0.281316
v -0.087238 0.615047 -0.243373
v -0.286865 -0.696112 -0.249366
v -0.012437 -0.482551 -0.238154
v 0.202675 -0.458677 -0.234632
v -0.637370 -0.441775 -0.246863
v -0.618803 -0.386122 -0.247257
v 0.448363 -0.272765 -0.234586
v -0.627219 -0.225605 -0.269812
v -0.380890 -0.245047 -0.267542
v -0.322770 0.003095 -0.263081
v -0.015309 0.348049 -0.272678
v -0.010243 0.359973 -0.273411
v -0.024107 0.570702 -0.268470
v -0.095243 0.672712 -0.250091
v -0.116310 0.727916 -0.248192
v -0.524786 -0.687151 -0.232041
v 0.089265 -0.473468 -0.262444
v -0.550820 -0.123809 -0.232430
v -0.522324 -0.029466 -0.256273
v -0.408811 -0.019622 -0.230441
v -0.359898 -0.006013 -0.243406
v -0.759925 0.105192 -0.241465
v 0.120291 0.091058 -0.252683
v -0.711084 0.246071 -0.262833
v -0.126304 0.287071 -0.256366
v -0.095488 0.312888 -0.258479
v -0.134284 0.323477 -0.253835
v -0.710770 0.336846 -0.263099
v 0.006043 0.361987 -0.266703
v -0.727923 0.366171 -0.269444
v -0.760656 0.428355 -0.244658
v -0.806717 0.486323 -0.248483
v -0.050217 0.587219 -0.259807
v -0.345947 -0.712790 -0.202379
v -0.620540 -0.562323 -0.238943
v -0.635488 -0.549303 -0.258681
v -0.612737 -0.207787 -0.270765
v 0.315599 -0.085731 -0.229009
v 0.133750 0.075372 -0.254478
v -0.731408 0.165237 -0.239491
v -0.726974 0.240761 -0.258240
v -0.001780 0.379719 -0.257947
v -0.108793 0.399707 -0.273260
v -0.066612 0.385130 -0.273957
v -0.103903 0.426957 -0.274615
v -0.028362 0.411001 -0.266557
v -0.053050 0.439028 -0.275875
v -0.014319 0.423569 -0.266878
v -0.081885 0.527711 -0.264032
v -0.024546 0.585251 -0.269637
v -0.403580 -0.719316 -0.198987
v -0.276628 -0.681502 -0.167138
v -0.151980 -0.615921 -0.216578
v -0.597233 -0.347397 -0.245762
v 0.458181 -0.364525 -0.210189
v -0.367512 -0.347546 -0.251101
v 0.456725 -0.231040 -0.215586
v -0.360147 -0.186552 -0.245610
v -0.566855 -0.170860 -0.242952
v -0.339170 -0.108100 -0.259719
v 0.354571 -0.113759 -0.253568
v -0.429098 -0.016335 -0.233208
v 0.195768 0.039759 -0.239406
v -0.712768 0.123972 -0.238395
v 0.091172 0.124485 -0.243968
v -0.135112 0.288071 -0.258819
v -0.020544 0.385833 -0.247069
v -0.048537 0.571937 -0.254621
v -0.082067 0.579001 -0.257315
v -0.269644 0.803729 -0.207163
v -0.557769 -0.322470 -0.252237
v -0.604652 -0.212147 -0.243032
v -0.343568 -0.173838 -0.257657
v -0.799084 -0.036505 -0.238928
v 0.146647 0.257049 -0.241989
v -0.000101 0.374818 -0.250519
v -0.093327 0.372362 -0.263265
v -0.040431 0.446596 -0.265921
v -0.065644 0.466615 -0.258160
v -0.875196 0.623107 -0.233449
v -0.076737 -0.547258 -0.243117
v -0.357508 -0.349281 -0.244564
v -0.617775 -0.227828 -0.236052
v -0.548825 -0.105522 -0.221696
v -0.316042 -0.013301 -0.241132
v -0.554636 -0.042972 -0.250753
v -0.480715 0.015185 -0.251059
v -0.811204 0.006979 -0.217611
v -0.797369 0.067466 -0.233748
v -0.106970 0.317028 -0.244443
v 0.152696 0.336434 -0.238287
v -0.120242 0.369028 -0.238299
v -0.050486 0.378871 -0.245242
v -0.138228 0.407027 -0.249201
v -0.075414 0.478415 -0.255747
v -0.805746 0.421619 -0.220919
v -0.597601 -0.183627 -0.247052
v -0.339501 -0.185146 -0.244014
v 0.346709 -0.102761 -0.230785
v -0.547272 -0.072869 -0.228780
v -0.321728 0.008507 -0.249573
v 0.222557 0.016739 -0.252536
v 0.119733 0.395155 -0.196304
v -0.706625 0.378454 -0.232719
v -0.086318 0.362879 -0.237775
v -0.742094 0.417655 -0.220363
v -0.823904 0.435397 -0.236159
v -0.840900 0.536613 -0.205954
v -0.230534 0.785774 -0.198811
v -0.635568 -0.235271 -0.224017
v 0.383146 -0.134104 -0.224520
v -0.329195 -0.098583 -0.232942
v 0.227111 -0.025947 -0.226335
v -0.510685 -0.000483 -0.240410
v 0.097572 0.107880 -0.235335
v 0.106632 0.170973 -0.237003
v -0.681376 0.252528 -0.240236
v -0.688562 0.320858 -0.247318
v -0.146385 0.430679 -0.247020
v -0.139647 0.462315 -0.251313
v -0.143050 0.490696 -0.259949
v -0.144579 0.473515 -0.254516
v -0.126902 0.505355 -0.258312
v -0.125879 0.518743 -0.247385
v -0.091014 0.561352 -0.245551
v -0.843273 0.745461 -0.216203
v -0.712807 0.883628 -0.218713
v -0.434298 0.891973 -0.188000
v 0.318456 -0.446772 -0.198369
v -0.429322 -0.342139 -0.220813
v -0.566342 -0.038389 -0.242946
v -0.694576 0.227567 -0.241145
v -0.138596 0.300539 -0.237115
v -0.014905 0.375117 -0.238217
v 0.037827 0.393902 -0.235476
v -0.155714 0.477514 -0.223970
v -0.108090 0.530567 -0.245293
v -0.645345 0.906332 -0.210514
v 0.492474 -0.347162 -0.152792
v -0.355369 -0.320847 -0.219491
v -0.573619 -0.173338 -0.228978
v -0.765577 -0.184162 -0.200454
v -0.550018 -0.020266 -0.231567
v 0.213335 -0.014719 -0.213565
v 0.184119 0.035706 -0.220587
v -0.713045 0.225893 -0.234740
v -0.659413 0.290065 -0.239841
v -0.130410 0.297486 -0.232446
v -0.159783 0.507615 -0.220555
v -0.322400 0.838239 -0.181059
v -0.560106 -0.657498 -0.215746
v 0.258753 -0.453120 -0.208875
v 0.352627 -0.433647 -0.211822
v -0.576610 -0.340973 -0.209046
v -0.711867 -0.237969 -0.198896
v -0.498382 0.028424 -0.245239
v -0.763801 0.101660 -0.222066
v -0.672718 0.332885 -0.242262
v -0.136700 0.337089 -0.226239
v -0.829019 0.420384 -0.200579
v -0.830041 0.436270 -0.218097
v -0.097843 0.546760 -0.242281
v -0.754759 0.865177 -0.196416
v -0.598793 -0.369908 -0.191906
v -0.496922 -0.331690 -0.207421
v -0.341532 -0.198869 -0.180333
v -0.600173 -0.195419 -0.221843
v -0.319671 -0.137665 -0.224504
v -0.818049 -0.021125 -0.223516
v -0.516532 0.031965 -0.242135
v 0.149630 0.233113 -0.219948
v -0.644954 0.238878 -0.217302
v -0.652485 0.271147 -0.236563
v 0.190983 0.312780 -0.205718
v -0.044393 0.362962 -0.230700
v -0.144337 0.361187 -0.227821
v 0.073044 0.402288 -0.209741
v -0.150342 0.382585 -0.225077
v -0.773270 0.432734 -0.198015
v -0.862136 0.591331 -0.188535
v -0.548564 0.913929 -0.204704
v -0.584847 -0.619198 -0.168438
v 0.039833 -0.462692 -0.206442
v 0.150204 -0.455070 -0.182112
v -0.544754 -0.336741 -0.190188
v -0.333669 -0.184462 -0.225050
v 0.405997 -0.144723 -0.210067
v -0.779078 -0.156890 -0.192453
v -0.568251 -0.140340 -0.215710
v 0.236255 -0.047301 -0.192677
v -0.580334 -0.012100 -0.232275
v -0.578502 -0.032887 -0.232777
v -0.311682 0.015874 -0.231923
v -0.495371 0.033473 -0.216563
v -0.573716 0.018771 -0.230062
v -0.547414 0.041939 -0.238710
v -0.568222 0.050795 -0.238358
v -0.581268 0.051757 -0.233448
v 0.084018 0.131615 -0.203065
v -0.719754 0.186473 -0.220780
v -0.143652 0.332586 -0.227576
v -0.062945 0.353231 -0.228274
v -0.545748 -0.670321 -0.190717
v -0.209260 -0.649034 -0.195900
v -0.626629 -0.521857 -0.188514
v 0.308298 -0.452885 -0.162057
v -0.350695 -0.358136 -0.230589
v -0.565458 -0.196901 -0.180220
v -0.323647 -0.177153 -0.207184
v -0.300562 -0.108292 -0.216163
v -0.793728 -0.096045 -0.187157
v 0.284916 -0.069731 -0.202237
v -0.301904 -0.020601 -0.227221
v 0.202278 -0.026722 -0.195098
v -0.589888 0.006178 -0.228128
v 0.108309 0.059910 -0.208984
v 0.082439 0.109822 -0.223836
v -0.638189 0.250759 -0.223395
v -0.136376 0.297461 -0.221171
v -0.104407 0.323939 -0.227754
v -0.090373 0.341858 -0.230036
v -0.081570 0.344115 -0.230346
v -0.677302 0.382982 -0.215284
v -0.011965 0.397185 -0.197196
v -0.128071 0.524549 -0.220271
v -0.860014 0.708453 -0.197414
v -0.156403 0.739623 -0.180198
v -0.630723 -0.468683 -0.198723
v -0.006203 -0.461790 -0.188750
v 0.451636 -0.388683 -0.196990
v -0.739900 -0.206543 -0.198094
v 0.480669 -0.184605 -0.152278
v -0.343664 -0.182009 -0.210188
v 0.399345 -0.123681 -0.204842
v -0.291823 -0.067021 -0.226435
v -0.286958 -0.039365 -0.228294
v -0.287506 -0.008816 -0.224322
v -0.443397 -0.013691 -0.201014
v -0.296780 0.022751 -0.225167
v -0.301601 0.029398 -0.209486
v -0.797114 0.034848 -0.211719
v -0.588829 0.060573 -0.210005
v -0.708627 0.120997 -0.218034
v -0.717228 0.148185 -0.211869
v 0.138423 0.204060 -0.200487
v 0.119201 0.182166 -0.202990
v -0.653607 0.333264 -0.198690
v -0.083632 0.340767 -0.223722
v -0.053067 0.372045 -0.201568
v -0.721609 0.408611 -0.201135
v -0.808013 0.497523 -0.215311
v -0.613230 -0.570943 -0.187894
v -0.609844 -0.402546 -0.184406
v -0.363547 -0.365477 -0.201216
v -0.346160 -0.235723 -0.178497
v 0.458432 -0.160967 -0.168041
v -0.574631 -0.051594 -0.209557
v -0.791835 -0.030077 -0.216222
v -0.339161 0.005987 -0.175544
v -0.585756 0.008876 -0.197975
v -0.535692 0.048904 -0.213861
v -0.674010 0.199692 -0.200726
v -0.658320 0.204540 -0.208195
v 0.212449 0.300952 -0.179210
v -0.145457 0.298615 -0.212832
v -0.116299 0.330280 -0.181538
v -0.149229 0.346671 -0.218522
v -0.151681 0.365172 -0.215158
v -0.136723 0.386350 -0.210295
v -0.209255 0.770274 -0.175346
v -0.383251 0.878943 -0.162345
v -0.477226 -0.708885 -0.208978
v -0.340068 -0.361243 -0.212996
v -0.622457 -0.224019 -0.209272
v -0.303136 -0.134297 -0.193056
v 0.350002 -0.088095 -0.203252
v -0.271876 -0.026135 -0.173001
v -0.574579 0.062249 -0.207173
v 0.074355 0.095494 -0.211826
v 0.082223 0.089103 -0.207921
v -0.149951 0.298522 -0.198991
v -0.103222 -0.511894 -0.177078
v -0.121558 -0.553061 -0.181248
v -0.335771 -0.296109 -0.166921
v -0.770882 -0.204687 -0.204203
v -0.569111 -0.102372 -0.189760
v -0.778613 -0.003549 -0.203486
v 0.150320 0.021044 -0.176876
v -0.293077 0.031613 -0.202645
v -0.809660 0.018438 -0.200264
v -0.591255 0.045795 -0.197603
v -0.758885 0.097224 -0.205617
v -0.682863 0.187861 -0.193918
v -0.764287 0.434765 -0.163609
v -0.799775 0.507252 -0.184621
v -0.111130 0.605626 -0.193008
v -0.193457 -0.624880 -0.169898
v -0.178719 -0.592967 -0.139398
v -0.080684 -0.474559 -0.176289
v -0.617566 -0.207416 -0.191551
v -0.565618 -0.120707 -0.198173
v 0.320415 -0.077273 -0.186261
v -0.397059 -0.013524 -0.181151
v 0.064549 0.099575 -0.199808
v -0.619266 0.246480 -0.201975
v -0.142928 0.297130 -0.194451
v -0.148679 0.339364 -0.197547
v 0.034271 0.420511 -0.178336
v -0.824519 0.468851 -0.178897
v -0.158103 0.516157 -0.195217
v -0.135105 0.669472 -0.154359
v -0.318942 -0.171650 -0.189689
v -0.695346 0.107649 -0.193946
v -0.691218 0.113814 -0.198851
v -0.155465 0.320232 -0.178700
v -0.125606 0.337978 -0.182841
v 0.164285 0.403424 -0.180385
v -0.125031 0.375191 -0.183923
v -0.796035 0.829271 -0.169901
v -0.368992 -0.722055 -0.107290
v -0.312486 -0.700919 -0.173321
v -0.514144 -0.689916 -0.176883
v 0.406498 -0.436188 -0.157705
v -0.687368 -0.220706 -0.161347
v -0.652565 -0.217088 -0.173875
v -0.559119 -0.134897 -0.181090
v -0.459770 0.014538 -0.178337
v -0.495507 0.037132 -0.180512
v -0.591747 0.051960 -0.191169
v -0.555133 0.050335 -0.181376
v -0.739932 0.085568 -0.188961
v -0.655132 0.139661 -0.150710
v -0.627482 0.197705 -0.185732
v 0.216518 0.390267 -0.159259
v 0.226729 0.352582 -0.168999
v 0.107889 0.419967 -0.174981
v -0.143686 0.431956 -0.182333
v -0.152854 0.550955 -0.147386
v -0.866557 0.662399 -0.167006
v -0.615438 0.915640 -0.164567
v -0.246097 -0.658356 -0.153533
v -0.035497 -0.462004 -0.186829
v 0.379287 -0.449569 -0.133112
v 0.434906 -0.102907 -0.154625
v -0.591241 -0.026024 -0.178144
v -0.585439 0.011286 -0.174146
v -0.767006 0.010032 -0.199243
v -0.722738 0.070658 -0.183282
v -0.517284 0.059419 -0.178494
v -0.537146 0.072608 -0.192306
v -0.484984 0.063532 -0.201356
v -0.468006 0.083467 -0.185721
v -0.498524 0.070586 -0.204613
v -0.502050 0.097012 -0.194981
v -0.513167 0.083596 -0.197949
v 0.062248 0.082924 -0.191118
v 0.214208 0.287448 -0.164374
v -0.817706 0.556587 -0.118708
v -0.157988 0.706956 -0.134743
v -0.694704 0.902530 -0.159086
v 0.077581 -0.445743 -0.142380
v -0.327381 -0.361468 -0.187458
v 0.489914 -0.245568 -0.161552
v -0.774991 -0.026323 -0.172803
v -0.272178 0.002185 -0.141928
v -0.512825 0.092610 -0.189776
v 0.075132 0.136059 -0.167781
v -0.130774 0.316601 -0.174149
v -0.655703 0.368354 -0.174441
v -0.664518 0.395448 -0.177445
v -0.687975 0.406881 -0.170523
v -0.820160 0.403713 -0.155993
v -0.798155 0.412684 -0.140985
v -0.844005 0.422078 -0.163733
v -0.808125 0.494037 -0.164204
v -0.566645 -0.641025 -0.144719
v -0.595232 -0.590367 -0.149875
v -0.316182 -0.355331 -0.157936
v -0.313161 -0.328321 -0.137763
v -0.434237 -0.367313 -0.156417
v -0.524787 -0.352566 -0.142622
v -0.313192 -0.162545 -0.177007
v -0.570978 -0.055426 -0.160392
v 0.159720 -0.029348 -0.139754
v -0.751901 0.009680 -0.174076
v -0.732240 0.033796 -0.189134
v -0.290352 0.044954 -0.183247
v -0.502587 0.058521 -0.178726
v -0.673784 0.100790 -0.190383
v 0.037974 0.096563 -0.172091
v 0.113161 0.179081 -0.156680
v 0.018359 0.422295 -0.152327
v -0.838868 0.762754 -0.129676
v -0.440389 0.902956 -0.164128
v -0.082957 -0.450316 -0.148209
v -0.327617 -0.362081 -0.166845
v -0.321150 -0.163754 -0.156461
v -0.322409 0.023207 -0.164191
v -0.462389 0.025723 -0.163777
v -0.273701 0.027830 -0.149739
v -0.536378 0.068480 -0.178689
v -0.518179 0.079066 -0.171341
v -0.517117 0.063586 -0.167508
v -0.431484 0.081631 -0.171179
v -0.632251 0.067076 -0.188190
v -0.637338 0.080948 -0.186052
v -0.661639 0.095959 -0.187374
v -0.603083 0.254496 -0.181181
v -0.161084 0.288718 -0.167130
v 0.225925 0.320390 -0.168791
v -0.120882 0.336547 -0.151360
v -0.055757 0.387169 -0.141480
v -0.673268 0.401037 -0.121876
v -0.022692 -0.452342 -0.165901
v 0.253417 -0.450315 -0.132046
v -0.501978 -0.354437 -0.147664
v -0.709414 -0.209340 -0.136772
v -0.743962 -0.168796 -0.160349
v 0.449883 -0.132730 -0.163664
v -0.281495 -0.069169 -0.131550
v 0.257094 -0.062410 -0.167387
v -0.430754 0.003837 -0.170874
v -0.608059 0.044653 -0.178437
v -0.470834 0.050978 -0.191272
v -0.470549 0.041646 -0.163523
v -0.621237 0.050256 -0.181559
v -0.665147 0.055617 -0.182804
v -0.410746 0.056247 -0.160762
v 0.045872 0.056509 -0.162429
v -0.613040 0.184293 -0.153709
v -0.605289 0.321578 -0.160642
v -0.151808 0.285692 -0.166655
v -0.625315 0.328793 -0.170669
v -0.167299 0.519951 -0.174899
v -0.781579 -0.110174 -0.156321
v 0.341215 -0.059573 -0.128760
v 0.261951 -0.054202 -0.146307
v -0.779018 -0.083973 -0.156939
v -0.285779 0.049443 -0.175672
v 0.072447 0.035102 -0.156245
v -0.621000 0.059476 -0.160163
v -0.609176 0.018095 -0.153484
v -0.690122 0.050074 -0.183526
v -0.650883 0.110341 -0.153012
v -0.601747 0.192716 -0.163199
v -0.161413 0.317266 -0.159833
v -0.155854 0.447037 -0.169827
v -0.148241 0.589930 -0.122303
v -0.857759 0.625446 -0.143005
v -0.254604 0.800245 -0.155099
v 0.486181 -0.385753 -0.148262
v -0.296877 -0.126811 -0.145809
v 0.389427 -0.076203 -0.135746
v 0.200684 -0.053549 -0.153994
v -0.604250 -0.018865 -0.156444
v -0.433134 0.046667 -0.167298
v -0.629240 0.092475 -0.153214
v -0.582831 0.248451 -0.155544
v -0.138209 0.314177 -0.149112
v 0.198259 0.418121 -0.151845
v 0.130866 0.449384 -0.132141
v -0.835433 0.571813 -0.132314
v -0.852610 0.717322 -0.128250
v -0.417565 -0.712361 -0.081844
v -0.209708 -0.645282 -0.133713
v 0.476694 -0.393410 -0.137629
v -0.570631 -0.360942 -0.158542
v -0.390509 -0.360520 -0.150658
v -0.630162 -0.214981 -0.145471
v -0.558818 -0.174251 -0.153654
v 0.232953 -0.059660 -0.147702
v -0.377521 0.002746 -0.160550
v 0.128601 0.010718 -0.151433
v -0.557223 0.049433 -0.156986
v -0.422859 0.043906 -0.146770
v -0.466706 0.092951 -0.146368
v -0.134686 0.305675 -0.148415
v -0.114761 0.330761 -0.154631
v -0.672578 0.397438 -0.141831
v -0.176796 0.519149 -0.162582
v -0.148589 0.635895 -0.105282
v -0.553481 0.917257 -0.102094
v -0.532531 -0.663270 -0.121784
v -0.589129 -0.594420 -0.116968
v -0.560684 -0.125433 -0.136802
v -0.580781 -0.086861 -0.141467
v 0.159434 -0.041001 -0.137555
v -0.416909 0.020949 -0.160285
v -0.274083 0.068746 -0.164974
v -0.535449 0.068316 -0.139946
v 0.031097 0.122367 -0.145155
v 0.195142 0.253683 -0.148050
v -0.144064 0.386420 -0.145218
v -0.665575 0.401649 -0.151982
v -0.790611 0.516282 -0.152477
v -0.191713 0.747611 -0.129470
v -0.756080 -0.141880 -0.143288
v 0.490797 -0.144819 -0.115399
v -0.759486 -0.027246 -0.158577
v -0.724864 -0.004216 -0.151464
v -0.325807 0.033738 -0.150125
v -0.512755 0.067687 -0.137912
v -0.393715 0.063648 -0.153533
v -0.413528 0.084785 -0.159683
v -0.504296 0.089331 -0.139889
v -0.590841 0.216277 -0.155411
v -0.624710 0.373022 -0.152366
v -0.179221 0.524820 -0.151345
v -0.446264 -0.364316 -0.143497
v -0.316504 -0.360090 -0.150389
v -0.679754 0.002040 -0.144713
v -0.272938 0.087961 -0.151540
v -0.625093 0.171726 -0.146216
v 0.149599 0.208492 -0.141506
v -0.161944 0.263310 -0.152872
v 0.081251 0.440395 -0.131780
v -0.178766 0.447459 -0.151341
v -0.717933 0.894700 -0.101941
v -0.456193 0.911357 -0.114380
v -0.326457 -0.711795 -0.085745
v -0.078752 -0.436906 -0.117436
v -0.572110 -0.392647 -0.118284
v -0.335344 -0.353074 -0.115498
v 0.509759 -0.311287 -0.123506
v -0.666844 -0.211330 -0.124726
v -0.755023 -0.059217 -0.146290
v 0.193794 -0.056645 -0.124704
v -0.605271 -0.028549 -0.127859
v -0.380473 0.035945 -0.151565
v 0.002682 0.082346 -0.143008
v -0.404256 0.109226 -0.133175
v 0.037143 0.137548 -0.126974
v -0.171383 0.264935 -0.151416
v -0.176058 0.326706 -0.134915
v -0.583158 0.290205 -0.131311
v -0.016838 0.410853 -0.110946
v -0.749309 0.876552 -0.094126
v -0.195342 -0.613910 -0.124233
v -0.584500 -0.502558 -0.069955
v -0.111305 -0.461606 -0.143771
v 0.444279 -0.423994 -0.113446
v 0.514054 -0.365700 -0.120021
v -0.577326 -0.195262 -0.135047
v -0.730929 -0.177237 -0.119888
v -0.784325 -0.101545 -0.138807
v -0.587470 -0.054398 -0.123674
v -0.272901 -0.032790 -0.133430
v -0.638682 -0.015636 -0.141258
v -0.407685 0.036152 -0.142574
v -0.568195 0.068452 -0.124840
v -0.555023 0.058250 -0.136028
v -0.386217 0.109663 -0.143920
v -0.578817 0.240941 -0.140737
v -0.120369 0.326731 -0.141292
v 0.245030 0.377268 -0.129056
v -0.178029 0.481116 -0.135938
v -0.186226 0.531188 -0.137138
v -0.847880 0.673660 -0.102572
v -0.173179 -0.561393 -0.122824
v -0.582768 -0.577116 -0.085346
v -0.165230 -0.507419 -0.113593
v -0.150022 -0.475607 -0.123532
v -0.320705 -0.177444 -0.110801
v -0.760312 -0.098565 -0.125956
v -0.761355 -0.073968 -0.132828
v -0.714538 -0.034287 -0.141295
v -0.362090 0.048162 -0.146238
v -0.280078 0.029235 -0.122532
v -0.372437 0.080529 -0.144987
v -0.016070 0.106669 -0.127167
v -0.630747 0.194567 -0.126099
v -0.174098 0.249450 -0.148371
v -0.168603 0.235747 -0.143081
v -0.604061 0.357770 -0.120305
v -0.130377 0.348787 -0.133422
v -0.640125 0.388427 -0.131697
v 0.147872 0.472073 -0.107443
v -0.567384 -0.619024 -0.097603
v -0.382265 -0.358247 -0.068082
v -0.514384 -0.365625 -0.102938
v 0.471089 -0.127833 -0.124571
v 0.167970 -0.059452 -0.116645
v -0.336816 0.072469 -0.140636
v 0.007737 0.040742 -0.134289
v 0.024611 0.025411 -0.124742
v -0.382148 0.061781 -0.131766
v -0.462684 0.092569 -0.123449
v -0.261239 0.105806 -0.136948
v -0.267461 0.113718 -0.142731
v -0.351704 0.118660 -0.133044
v -0.630955 0.147431 -0.135917
v -0.197805 0.186010 -0.149071
v -0.185057 0.205907 -0.148091
v -0.200807 0.193165 -0.142586
v -0.179597 0.232062 -0.147509
v -0.153404 0.231672 -0.117758
v -0.072962 0.369668 -0.106116
v 0.198255 0.436637 -0.128634
v -0.185314 0.444839 -0.138610
v -0.783790 0.514880 -0.130341
v -0.793168 0.500968 -0.079623
v -0.003276 -0.433516 -0.113511
v -0.573679 -0.447992 -0.069774
v -0.290903 -0.361360 -0.111853
v -0.303832 -0.352923 -0.133439
v 0.497236 -0.173272 -0.117952
v -0.568842 -0.160873 -0.116943
v -0.305755 -0.126581 -0.129541
v 0.216629 -0.061944 -0.130075
v -0.674323 -0.022600 -0.137659
v -0.282985 0.002558 -0.127220
v -0.367444 0.058470 -0.131218
v -0.445583 0.100295 -0.116277
v -0.319118 0.115302 -0.136254
v -0.624688 0.121639 -0.132759
v -0.606054 0.095382 -0.131461
v -0.214333 0.156838 -0.143103
v -0.231963 0.153023 -0.137514
v -0.662945 0.168623 -0.094080
v -0.162696 0.196385 -0.122712
v -0.196875 0.239218 -0.117549
v -0.134256 0.286376 -0.119066
v 0.231934 0.290712 -0.111742
v -0.150299 0.325062 -0.117793
v 0.266608 0.338655 -0.097935
v -0.162150 0.410309 -0.123532
v -0.824431 0.463242 -0.070596
v -0.780736 0.521882 -0.128131
v -0.809685 0.806539 -0.083268
v -0.354828 0.875946 -0.103907
v -0.424221 -0.694626 -0.009506
v -0.475739 -0.678153 -0.058565
v -0.137133 -0.440617 -0.125163
v -0.533847 -0.388993 -0.076167
v -0.612871 -0.195583 -0.107869
v -0.735251 -0.134761 -0.121481
v 0.223057 -0.059246 -0.116457
v -0.703263 -0.037597 -0.116703
v -0.294202 -0.061546 -0.123786
v 0.064504 -0.018297 -0.076679
v -0.352728 0.094106 -0.126984
v -0.591932 0.079755 -0.125811
v -0.470858 0.056778 -0.124645
v -0.247100 0.132754 -0.138596
v 0.135215 0.202827 -0.104932
v -0.621495 0.227905 -0.101269
v 0.200169 0.252388 -0.117357
v -0.639197 0.378049 -0.115455
v -0.844386 0.403434 -0.107990
v -0.743161 0.442605 -0.107238
v -0.843768 0.431164 -0.083094
v -0.832345 0.618710 -0.086826
v -0.313929 0.847500 -0.076092
v -0.785098 0.840232 -0.077797
v -0.396271 0.895345 -0.107545
v -0.666310 0.909047 -0.074880
v -0.211631 -0.655731 -0.044360
v 0.285449 -0.049897 -0.113675
v -0.651935 -0.022407 -0.122447
v -0.034938 0.088821 -0.120443
v -0.335791 0.124660 -0.117567
v -0.351208 0.126665 -0.116666
v -0.242696 0.097607 -0.115467
v -0.221885 0.088864 -0.118678
v -0.147243 0.145110 -0.115759
v 0.085499 0.178309 -0.090621
v 0.243128 0.437574 -0.096316
v -0.852788 0.411961 -0.098544
v 0.122933 -0.440018 -0.105166
v -0.310408 -0.236030 -0.100127
v 0.517928 -0.251464 -0.107042
v 0.452162 -0.067128 -0.070389
v 0.105752 -0.044324 -0.079683
v -0.286080 0.146902 -0.113624
v -0.249346 0.172750 -0.106798
v -0.585899 0.257608 -0.103436
v -0.171530 0.386300 -0.112804
v -0.827294 0.391914 -0.069030
v -0.195955 0.421779 -0.134297
v -0.209358 0.457975 -0.112508
v 0.424302 -0.441905 -0.067144
v -0.286920 -0.355141 -0.113268
v -0.579732 -0.114800 -0.109224
v -0.603852 -0.088014 -0.117393
v -0.730732 -0.065429 -0.112220
v -0.647788 0.112783 -0.102094
v -0.162246 0.341947 -0.105499
v 0.276159 0.378773 -0.079922
v -0.193205 0.384437 -0.127532
v 0.059803 0.447116 -0.098908
v 0.118189 0.474517 -0.093550
v -0.227226 0.468512 -0.087620
v -0.775861 0.519677 -0.113391
v -0.182798 0.701894 -0.070565
v -0.165730 -0.429602 -0.118118
v -0.713819 -0.191649 -0.115766
v -0.723376 -0.152835 -0.105797
v -0.037679 0.024285 -0.107714
v -0.487916 0.047332 -0.106456
v -0.537629 0.058060 -0.109261
v -0.509196 0.059597 -0.101289
v -0.261852 0.043821 -0.096483
v -0.587730 0.051251 -0.079812
v -0.459398 0.056417 -0.103704
v -0.046963 0.131203 -0.109910
v -0.588402 0.310307 -0.098636
v -0.186477 0.337740 -0.123315
v -0.191466 0.354747 -0.121492
v -0.214237 0.406414 -0.108353
v 0.237076 0.467585 -0.080309
v 0.193360 0.479397 -0.083800
v -0.764647 0.530302 -0.095169
v 0.517805 -0.384552 -0.093034
v -0.586874 -0.165971 -0.098520
v 0.526406 -0.180279 -0.081639
v 0.131272 -0.053820 -0.102406
v -0.639596 -0.042398 -0.104114
v -0.025976 0.005133 -0.093290
v -0.635243 0.080343 -0.085972
v -0.221732 0.050935 -0.098656
v -0.076143 0.122927 -0.110428
v -0.336647 0.113747 -0.114579
v -0.308394 0.143749 -0.095407
v -0.206545 0.291990 -0.094668
v -0.606194 0.357074 -0.102235
v 0.016589 0.434808 -0.074740
v -0.228806 0.530194 -0.100221
v -0.196814 -0.582495 -0.078663
v -0.176232 -0.467018 -0.097606
v -0.178768 -0.426920 -0.114598
v -0.175023 -0.415607 -0.104110
v -0.475741 -0.376099 -0.066519
v 0.552156 -0.280397 -0.079791
v -0.707040 -0.123519 -0.106151
v -0.303606 -0.103401 -0.095863
v 0.473213 -0.079726 -0.056953
v -0.629385 -0.073538 -0.099689
v 0.237615 -0.060209 -0.092524
v 0.312651 -0.036257 -0.063133
v -0.680784 -0.046899 -0.100178
v -0.030123 0.152522 -0.089957
v 0.023567 0.161947 -0.081023
v -0.107960 0.174889 -0.101217
v -0.663311 0.192382 -0.073695
v 0.262309 0.314939 -0.083183
v -0.237071 0.775408 -0.057539
v -0.253082 0.796132 -0.073279
v -0.198812 -0.645375 -0.026839
v -0.196353 -0.414934 -0.099607
v -0.438671 -0.371035 -0.067878
v 0.535809 -0.338580 -0.085940
v -0.317932 -0.168314 -0.084610
v -0.714714 -0.097651 -0.097406
v -0.629680 -0.093911 -0.104035
v 0.138108 -0.066438 -0.089835
v -0.518113 0.048986 -0.080890
v -0.099265 0.038142 -0.097393
v -0.230092 0.043713 -0.088117
v -0.437231 0.098813 -0.088638
v -0.152915 0.082292 -0.101995
v -0.245744 0.197165 -0.083841
v -0.223071 0.394279 -0.093212
v -0.660023 0.406645 -0.092945
v -0.574018 -0.605874 -0.088583
v -0.138330 -0.419341 -0.086645
v -0.020116 -0.416120 -0.082468
v 0.479247 -0.422447 -0.059049
v 0.508139 -0.387886 -0.084550
v -0.272657 -0.363459 -0.102111
v -0.273809 -0.323117 -0.077465
v -0.280431 -0.293474 -0.076990
v -0.302586 -0.211682 -0.088926
v -0.659001 -0.184568 -0.092623
v -0.320487 -0.135671 -0.089548
v 0.503634 -0.144523 -0.081982
v -0.621053 -0.109079 -0.091014
v 0.180787 -0.066450 -0.082646
v 0.157214 -0.061704 -0.080801
v -0.283427 -0.024030 -0.087652
v -0.487926 0.052569 -0.086043
v -0.214608 0.051579 -0.107828
v -0.372059 0.116759 -0.097313
v 0.130025 0.200002 -0.068275
v -0.575825 0.280059 -0.088938
v 0.277836 0.414406 -0.064674
v -0.211563 0.413023 -0.078618
v -0.753577 0.438067 -0.093621
v -0.189613 0.581781 -0.080349
v -0.246373 -0.661890 -0.002020
v -0.200242 -0.520823 -0.066621
v 0.079906 -0.425356 -0.075063
v -0.091281 -0.408419 -0.060740
v 0.543031 -0.375309 -0.061392
v -0.309853 -0.356625 -0.061498
v -0.260166 -0.342951 -0.077103
v 0.523704 -0.190670 -0.083240
v -0.682657 -0.133226 -0.089968
v -0.615060 -0.127062 -0.084140
v -0.214578 0.017694 -0.098341
v -0.169911 0.026916 -0.095460
v -0.244254 0.033796 -0.082029
v -0.354949 0.100895 -0.089710
v -0.335217 0.091881 -0.081877
v -0.318648 0.105359 -0.081740
v -0.270949 0.169164 -0.084487
v -0.580324 0.265780 -0.081622
v -0.463682 0.264047 -0.092741
v -0.433669 0.277075 -0.099663
v -0.461911 0.296314 -0.105999
v -0.463370 0.316668 -0.101879
v -0.471070 0.305937 -0.102249
v -0.474239 0.351382 -0.095387
v -0.083448 0.346243 -0.089451
v -0.595475 0.359163 -0.079137
v -0.032070 0.398553 -0.074248
v -0.361423 0.879181 -0.069267
v 0.374021 -0.453171 -0.034108
v -0.212514 -0.390139 -0.092840
v -0.337788 -0.352385 -0.073039
v -0.308606 -0.201159 -0.077119
v -0.626791 -0.166004 -0.083158
v -0.671903 -0.155674 -0.084509
v -0.659450 -0.106583 -0.098830
v -0.209481 -0.007636 -0.094191
v -0.078278 0.003780 -0.089575
v -0.457709 0.070200 -0.079095
v -0.679877 0.146296 -0.061498
v -0.234474 0.244453 -0.072106
v -0.611684 0.378366 -0.084057
v -0.763156 0.526883 -0.080170
v -0.421639 0.899638 -0.060291
v -0.534645 0.911149 -0.001143
v -0.285722 -0.689753 -0.045464
v -0.529192 -0.634479 -0.058835
v 0.307108 -0.448764 -0.077678
v -0.204691 -0.441627 -0.051314
v -0.216911 -0.398296 -0.087035
v -0.241227 -0.367627 -0.088244
v -0.670506 -0.079397 -0.093194
v -0.660595 0.094680 -0.066294
v -0.089887 0.222236 -0.069386
v 0.170805 0.235291 -0.044463
v -0.433349 0.251620 -0.086898
v -0.402840 0.271874 -0.089468
v -0.069721 0.317761 -0.055308
v -0.464709 0.371879 -0.089166
v -0.854685 0.399987 -0.040687
v -0.725814 0.450083 -0.087064
v 0.059566 0.466826 -0.050802
v -0.193243 0.632593 -0.042918
v -0.820229 0.747084 -0.056311
v -0.037546 -0.390733 -0.048664
v -0.189817 -0.381184 -0.062132
v -0.238451 -0.380209 -0.091023
v 0.553863 -0.205088 -0.054403
v -0.310306 -0.102998 -0.074073
v 0.202947 -0.061799 -0.046000
v -0.289041 -0.083986 -0.075904
v -0.157957 -0.012491 -0.081253
v -0.062579 0.188345 -0.068827
v -0.108384 0.245497 -0.077429
v -0.642943 0.224507 -0.052760
v 0.224646 0.266465 -0.026246
v -0.556712 0.296418 -0.076826
v -0.483087 0.344811 -0.077145
v -0.229492 0.351388 -0.078048
v -0.669251 0.425640 -0.078276
v -0.252130 0.523892 -0.091242
v -0.772181 0.571761 -0.052958
v -0.268218 -0.238416 -0.060228
v 0.541106 -0.168105 -0.059891
v 0.105155 -0.069520 -0.066368
v -0.210088 -0.024389 -0.079533
v -0.217133 -0.012346 -0.068529
v 0.065359 0.186655 -0.064881
v -0.572320 0.340175 -0.070730
v -0.465890 0.399635 -0.065610
v 0.136566 0.496767 -0.060382
v -0.797121 0.606651 -0.048362
v 0.209757 -0.430172 -0.005447
v -0.130285 -0.402402 -0.063131
v 0.515824 -0.387308 -0.069931
v -0.172312 -0.025769 -0.070769
v -0.473407 0.054039 -0.061563
v -0.411565 0.093871 -0.060096
v -0.387857 0.104544 -0.060281
v -0.305443 0.140869 -0.061075
v -0.431502 0.240591 -0.050396
v -0.399440 0.245707 -0.080172
v -0.368356 0.267199 -0.084960
v -0.390444 0.310526 -0.072804
v -0.371251 0.307684 -0.072507
v -0.492485 0.331511 -0.072352
v -0.039469 0.375042 -0.048872
v -0.456589 0.398467 -0.080082
v -0.426837 0.381754 -0.064305
v -0.243309 0.399241 -0.076237
v -0.682581 0.453858 -0.077804
v -0.255797 0.455153 -0.076715
v -0.235229 0.420087 -0.061310
v -0.275679 0.523071 -0.063980
v -0.761520 0.526739 -0.056121
v -0.749780 0.538711 -0.072663
v -0.560464 -0.609519 -0.059718
v -0.551491 -0.427673 -0.052051
v 0.538756 -0.382735 -0.054487
v -0.280485 -0.370437 -0.033661
v -0.271598 -0.229070 -0.050186
v 0.544495 -0.159513 -0.045227
v -0.286518 -0.087061 -0.050925
v 0.438156 -0.048604 -0.039687
v -0.093497 -0.017662 -0.067061
v -0.553761 0.039389 -0.036267
v -0.637719 0.063177 -0.048661
v -0.548444 0.279910 -0.071510
v -0.350360 0.280884 -0.080208
v -0.492884 0.274055 -0.073359
v -0.429975 0.344704 -0.072013
v 0.284789 0.363102 -0.040091
v -0.646086 0.423678 -0.072315
v -0.700572 0.463277 -0.080305
v 0.038920 0.451516 -0.045395
v 0.286162 0.464169 -0.042594
v -0.256304 0.536840 -0.042745
v -0.360984 -0.715338 -0.038063
v -0.393085 -0.700177 0.024671
v 0.046799 -0.408683 -0.052391
v -0.253187 -0.311090 -0.055753
v -0.316293 -0.163079 -0.051249
v 0.507356 -0.121826 -0.058483
v -0.259828 -0.077316 -0.048770
v 0.129456 -0.069130 -0.056162
v -0.200722 -0.065243 -0.054559
v -0.241625 0.194706 -0.050343
v 0.101570 0.193963 -0.057870
v -0.338859 0.254191 -0.043582
v -0.240133 0.297515 -0.061598
v -0.332277 0.311366 -0.073426
v -0.011684 0.408141 -0.043390
v -0.205340 -0.602633 -0.024072
v -0.565557 -0.554482 -0.040274
v 0.572891 -0.248097 -0.041543
v -0.309768 -0.125646 -0.035371
v -0.209471 -0.059333 -0.050770
v -0.255007 -0.050432 -0.057459
v 0.018658 -0.047780 -0.040560
v -0.224653 -0.043168 -0.051420
v -0.476806 0.058955 -0.051699
v -0.369302 0.107373 -0.052112
v -0.024328 0.203173 -0.043800
v -0.226787 0.237580 -0.029723
v -0.625723 0.240259 -0.034663
v -0.517778 0.301545 -0.071445
v -0.541889 0.347551 -0.061314
v -0.268156 0.344059 -0.048155
v -0.433138 0.428281 -0.064859
v -0.254154 0.418683 -0.072198
v -0.279863 0.428997 -0.059179
v -0.676581 0.475025 -0.059914
v -0.808274 0.658815 -0.036966
v -0.535426 -0.618367 -0.045841
v -0.567684 -0.482445 -0.043374
v 0.150947 -0.426852 -0.029594
v -0.211996 -0.334324 -0.048015
v -0.291185 -0.192902 -0.055592
v 0.144722 -0.075919 -0.048729
v 0.060911 -0.058278 -0.036676
v -0.329690 0.116609 -0.044668
v -0.065121 0.256193 -0.051200
v -0.402354 0.240823 -0.045906
v -0.545577 0.269493 -0.048693
v -0.516008 0.357222 -0.058835
v -0.344124 0.360944 -0.064845
v -0.322452 0.355959 -0.068077
v -0.469841 0.421255 -0.053152
v -0.743623 0.442426 -0.029247
v -0.681944 0.470453 -0.000828
v 0.081322 0.503708 -0.019550
v 0.244126 0.506610 -0.048280
v -0.213241 0.677491 -0.015424
v -0.775957 0.818314 -0.019832
v -0.220344 -0.503886 -0.025997
v 0.504217 -0.410309 -0.016982
v -0.232478 -0.427276 -0.019549
v -0.214476 -0.321269 -0.034104
v -0.254450 -0.269167 -0.048427
v 0.576007 -0.200002 -0.040315
v -0.130975 -0.101099 -0.011457
v 0.007047 0.198021 -0.032859
v -0.303908 0.366309 -0.050999
v -0.379199 0.416038 -0.057229
v -0.334577 0.407899 -0.064740
v 0.299163 0.404165 -0.030802
v -0.433521 0.434216 -0.052356
v -0.606357 0.418121 -0.041993
v -0.405185 0.440968 -0.061223
v -0.831237 0.442526 0.024726
v -0.803242 0.472087 0.038235
v -0.308810 0.835696 -0.035438
v -0.709546 0.890457 -0.026146
v -0.216187 -0.468773 -0.033596
v 0.580974 -0.309870 -0.035031
v 0.089581 -0.076453 -0.044655
v 0.379745 -0.026780 -0.003804
v -0.384595 0.109900 -0.038828
v 0.130436 0.210831 -0.046681
v -0.469339 0.257613 -0.035435
v -0.227064 0.277673 -0.032826
v -0.514498 0.380998 -0.049538
v -0.347986 0.433128 -0.062918
v -0.311049 0.425492 -0.050513
v -0.374627 0.451144 -0.060946
v -0.351097 0.452748 -0.050227
v -0.296903 0.502766 -0.046815
v 0.265713 0.490527 -0.046288
v -0.287690 0.522209 -0.050898
v -0.735513 0.544466 -0.056426
v -0.263425 0.547380 -0.008329
v -0.808857 0.698479 -0.032523
v -0.609824 0.910399 -0.001899
v -0.204898 -0.564523 -0.037379
v 0.124896 -0.408073 -0.001511
v -0.059917 -0.386127 -0.022539
v 0.536528 -0.377739 -0.026153
v -0.418964 -0.379740 -0.012806
v 0.563766 -0.341692 -0.040986
v -0.266401 -0.194696 -0.038327
v -0.451987 0.073556 -0.042676
v -0.035043 0.274232 -0.018724
v -0.294910 0.315502 -0.036446
v -0.243370 0.318168 -0.030192
v -0.389164 0.450996 -0.043558
v -0.650730 0.488911 -0.036088
v 0.302830 0.474555 -0.048948
v 0.336789 0.463237 -0.048612
v 0.326462 0.410922 -0.036942
v 0.297274 0.511035 -0.048388
v 0.349335 0.507378 -0.039523
v 0.312026 0.543977 -0.040178
v 0.211273 0.520926 -0.043969
v 0.211661 0.546841 -0.048200
v 0.322363 -0.447940 -0.006964
v 0.282062 -0.434578 0.039398
v -0.004485 -0.377740 -0.035141
v -0.494710 -0.413937 -0.021563
v -0.125836 -0.343047 -0.020062
v -0.465633 -0.407469 -0.000006
v 0.588284 -0.215827 -0.026699
v 0.096004 -0.085820 -0.014077
v 0.028786 -0.057890 -0.024804
v -0.322385 0.139121 -0.037181
v -0.685497 0.176232 -0.004975
v 0.258902 0.303309 -0.000972
v -0.462097 0.440857 -0.029921
v 0.300810 0.428545 -0.035290
v -0.327299 0.481081 -0.042661
v 0.167546 0.532788 -0.030169
v 0.228139 0.569500 -0.040240
v -0.722725 0.546964 -0.042506
v -0.240077 0.737350 -0.006972
v -0.376586 0.876297 -0.028400
v -0.744262 0.860197 -0.015970
v -0.208349 -0.526145 -0.034526
v -0.214835 -0.451390 -0.034336
v -0.029481 -0.382926 -0.023786
v -0.241651 -0.223616 -0.039296
v -0.288708 -0.178142 -0.023503
v -0.194993 -0.106932 -0.033048
v -0.236372 -0.092424 -0.030046
v -0.692580 0.124034 -0.000565
v -0.284664 0.165609 -0.030810
v 0.189084 0.244709 -0.011424
v -0.309162 0.279781 -0.033067
v -0.520593 0.419615 -0.025888
v -0.792158 0.410666 0.005047
v 0.373741 0.458257 -0.027237
v 0.124789 0.541379 -0.007122
v 0.280177 0.582128 -0.023698
v -0.670880 0.900783 -0.010590
v -0.480410 0.896452 0.019906
v -0.480329 -0.652250 -0.003973
v -0.272811 -0.380781 -0.013619
v -0.337448 -0.365419 0.022019
v -0.192509 -0.298283 -0.009870
v 0.586348 -0.184489 -0.027318
v 0.546395 -0.116550 -0.023269
v 0.495964 -0.065794 -0.004622
v -0.009853 -0.075204 -0.015914
v -0.663249 0.076774 -0.017598
v -0.365506 0.130134 -0.022418
v -0.243995 0.207188 -0.019279
v 0.027533 0.207927 -0.027345
v -0.561204 0.423974 -0.024737
v 0.375137 0.424549 -0.020563
v -0.424043 0.451398 -0.038501
v -0.280829 0.535352 -0.015186
v 0.129816 0.566863 -0.017190
v 0.153365 0.589941 -0.020688
v 0.171742 0.604773 -0.015319
v 0.204896 0.608331 -0.014062
v 0.447611 -0.445815 0.011694
v -0.086642 -0.367851 -0.025477
v -0.277546 -0.103088 -0.022621
v 0.113962 -0.086293 -0.019350
v -0.211114 -0.104232 -0.024215
v -0.085170 -0.071356 -0.021175
v -0.506762 0.045431 0.033371
v -0.586587 0.037520 -0.005642
v -0.420286 0.103777 -0.023600
v 0.054066 0.216986 -0.010867
v 0.072183 0.229236 -0.001510
v -0.012574 0.223395 -0.022906
v -0.416218 0.211267 -0.019140
v -0.574239 0.257674 0.002331
v 0.276600 0.327100 -0.006926
v 0.014889 0.429735 -0.006432
v -0.369370 0.466672 -0.035963
v -0.340054 0.481712 -0.022144
v -0.711549 0.554787 -0.029142
v -0.225557 0.588041 -0.023186
v -0.287896 0.795221 0.004840
v -0.523579 -0.604262 -0.008345
v -0.249609 -0.554810 -0.022929
v -0.238649 -0.545255 -0.025274
v -0.244267 -0.535379 -0.043264
v -0.179687 -0.505932 -0.019218
v -0.519352 -0.458101 -0.004417
v 0.051377 -0.381683 -0.015204
v 0.561427 -0.373293 -0.015666
v -0.180084 -0.306425 -0.019614
v 0.607051 -0.294002 -0.007418
v -0.233886 -0.190010 -0.021217
v 0.075365 -0.089356 -0.027908
v 0.167042 -0.075099 -0.007377
v -0.337406 0.148505 -0.019795
v -0.006016 0.242276 -0.007466
v -0.350199 0.236252 -0.021988
v -0.022526 0.341788 -0.005599
v 0.306169 0.385291 -0.014386
v 0.368382 0.387925 -0.005422
v -0.849374 0.405761 0.032472
v -0.637217 0.494308 -0.026150
v 0.041821 0.467829 0.003930
v -0.750373 0.526841 -0.007469
v 0.357440 0.542652 -0.018976
v -0.359904 0.848447 0.013114
v -0.224836 -0.658241 0.008883
v -0.510388 -0.621253 -0.009760
v -0.252115 -0.526397 -0.019267
v -0.273171 -0.537089 -0.017023
v -0.216648 -0.488887 -0.021705
v -0.182368 -0.472375 -0.019620
v -0.303909 -0.371692 0.022840
v -0.267393 -0.176560 -0.015113
v -0.251845 -0.185693 -0.027551
v 0.472531 -0.041017 0.011813
v -0.451011 0.243087 0.008553
v -0.259739 0.317213 -0.018587
v -0.013525 0.304690 0.008515
v -0.386884 0.466779 -0.021001
v 0.379772 0.504323 -0.009653
v -0.298135 0.507674 -0.017113
v 0.339710 0.560886 -0.015341
v -0.731856 0.613002 -0.000823
v -0.313809 -0.700261 0.011850
v -0.166029 -0.601126 -0.003719
v -0.223555 -0.425486 -0.000775
v 0.003544 -0.360510 -0.021384
v 0.622816 -0.209959 -0.002677
v -0.209271 -0.177502 -0.017843
v 0.330910 -0.021268 0.003057
v -0.643029 0.058118 0.000747
v -0.406613 0.128455 -0.011868
v -0.302826 0.259490 -0.011077
v -0.593377 0.461549 -0.018250
v -0.462368 0.465427 -0.007429
v -0.238536 0.629425 0.009816
v -0.783989 0.763405 -0.007098
v -0.201194 -0.631360 -0.006155
v -0.523497 -0.562147 0.013789
v -0.146945 -0.541835 -0.006337
v -0.531033 -0.513152 0.006634
v -0.047633 -0.359141 -0.004809
v -0.013140 -0.367217 -0.014822
v -0.187619 -0.266564 -0.001116
v -0.243010 -0.171850 -0.018708
v 0.606591 -0.156966 0.011375
v -0.196178 -0.146874 -0.018624
v -0.251023 -0.133611 -0.007731
v -0.433117 0.091985 0.019100
v 0.331767 0.370769 -0.007674
v -0.840185 0.391861 0.013539
v -0.700569 0.554170 -0.009227
v -0.267207 -0.675321 0.005875
v -0.137042 -0.557162 -0.000862
v -0.236165 -0.515349 -0.012796
v -0.162156 -0.514133 -0.006370
v -0.144516 -0.494510 -0.002916
v 0.419607 -0.458263 0.062550
v -0.274605 -0.136571 -0.009416
v -0.144553 -0.132647 -0.003181
v -0.233942 -0.131617 -0.015855
v 0.058752 -0.097787 -0.008652
v -0.306730 0.180575 -0.003825
v 0.120802 0.241830 0.010845
v -0.623289 0.234064 0.016081
v -0.238777 0.276234 -0.006241
v 0.001586 0.398668 0.020497
v -0.397027 0.481784 0.002690
v -0.611910 0.497251 -0.009697
v -0.739711 0.664023 0.018686
v -0.203180 -0.645101 0.007277
v -0.248375 -0.564424 0.003833
v -0.219410 -0.487924 -0.019871
v -0.235883 -0.471766 -0.012636
v -0.247139 -0.480512 -0.011689
v -0.175445 -0.457245 0.003401
v -0.064097 -0.350129 -0.013867
v -0.014556 -0.343291 -0.012899
v 0.589682 -0.354694 0.003931
v 0.627365 -0.336904 0.031103
v 0.643209 -0.199847 0.018514
v -0.559840 0.034850 0.028577
v -0.612214 0.043605 0.034675
v -0.465507 0.065594 0.033439
v -0.669194 0.195734 0.007820
v 0.219569 0.279408 0.029201
v -0.816506 0.396529 0.052760
v -0.381022 0.481503 -0.001075
v -0.627092 0.488990 0.007170
v -0.345887 0.501013 0.002381
v -0.710368 0.583969 0.019122
v -0.260273 0.560959 -0.000022
v 0.306100 0.603845 0.023413
v -0.778358 0.697147 0.000302
v -0.251754 -0.597278 -0.026070
v -0.256146 -0.569172 0.001085
v -0.285257 -0.593037 0.008293
v -0.244947 -0.586748 0.005342
v -0.124690 -0.582745 0.015505
v -0.272272 -0.568052 0.010498
v -0.152523 -0.539263 -0.001582
v -0.208654 -0.515632 0.002933
v -0.311566 -0.508313 -0.008185
v -0.202571 -0.513892 -0.008461
v -0.189076 -0.493118 -0.004009
v -0.521048 -0.475686 0.007571
v 0.517665 -0.419633 0.031995
v -0.028130 -0.352301 -0.004753
v -0.053691 -0.131935 0.013818
v 0.462203 -0.029581 0.033922
v -0.675589 0.093591 0.024136
v -0.402138 0.150115 -0.005192
v -0.335698 0.214997 -0.005266
v -0.493927 0.255214 0.032600
v 0.401228 0.446030 0.025151
v -0.585148 0.496257 -0.006576
v -0.312531 0.501410 0.001006
v -0.291611 0.500457 0.018150
v 0.371349 0.533028 -0.006841
v 0.088284 0.563920 0.016749
v 0.127893 0.612202 0.013993
v -0.329733 0.821503 0.019133
v -0.715368 0.863411 0.014640
v -0.248001 -0.612984 0.004417
v -0.257150 -0.624699 0.007128
v -0.249606 -0.520075 0.008909
v -0.147678 -0.505073 0.003265
v -0.156250 -0.500724 0.000397
v -0.281708 -0.460974 0.006670
v -0.248321 -0.462549 -0.004869
v -0.211244 -0.463974 0.015762
v 0.566412 -0.377467 0.014907
v 0.018732 -0.329739 0.013969
v -0.036397 -0.333611 -0.007005
v -0.007737 -0.307726 0.012702
v -0.157890 -0.277892 0.004693
v -0.148227 -0.280750 0.000047
v 0.040128 -0.115827 0.013455
v 0.008630 -0.112635 0.012631
v -0.422110 0.210078 0.015094
v -0.406756 0.183934 -0.005814
v -0.269228 0.254704 0.009575
v -0.256932 0.233770 0.007179
v 0.301981 0.348953 0.024584
v -0.527377 0.496406 0.001047
v -0.568952 0.495607 -0.003046
v -0.267336 0.598403 0.025871
v 0.335940 0.589797 0.029184
v 0.240209 0.636045 0.028029
v -0.681751 0.878398 0.026083
v -0.200810 -0.572091 -0.005885
v -0.189852 -0.535091 -0.006570
v -0.122155 -0.514757 0.012395
v -0.152783 -0.449782 0.027228
v -0.025566 -0.297298 0.015051
v -0.074332 -0.277048 0.024962
v -0.150028 -0.197533 0.011830
v 0.573531 -0.082307 0.048612
v 0.096980 -0.104220 0.012400
v 0.084604 0.254803 0.028251
v -0.426834 0.492887 0.010639
v -0.580550 0.496934 0.003529
v 0.093998 0.587829 0.023788
v -0.334394 -0.705973 0.015312
v -0.415634 -0.692095 0.030076
v -0.489477 -0.638437 0.031709
v -0.221155 -0.589357 0.001923
v -0.201748 -0.606913 -0.001083
v -0.151586 -0.578096 0.009163
v -0.271457 -0.573117 0.014555
v -0.196156 -0.547993 0.021061
v -0.319032 -0.522035 0.011751
v -0.308566 -0.487301 0.012170
v 0.656672 -0.238969 0.029076
v 0.394085 -0.009229 0.077994
v 0.040196 0.271042 0.030677
v 0.007179 0.289607 0.022054
v 0.321661 0.344885 0.024121
v 0.362465 0.361342 0.020408
v -0.555070 0.498579 0.003898
v -0.476403 0.497184 0.009760
v 0.059301 0.504045 0.023517
v -0.690796 0.555041 0.015703
v -0.740066 0.757575 0.036897
v -0.743965 0.820338 0.017797
v -0.505231 -0.621093 0.039301
v -0.114253 -0.605259 0.040200
v -0.283245 -0.602535 0.014846
v -0.255521 -0.556372 0.034009
v -0.124454 -0.532163 0.014365
v -0.328198 -0.504898 0.012428
v 0.402365 -0.462668 0.127220
v 0.064426 -0.129146 0.031357
v -0.651201 0.070656 0.049977
v -0.776018 0.414039 0.057220
v -0.517984 0.500566 0.009494
v -0.367471 0.500522 0.009643
v -0.358854 0.500329 0.014613
v -0.272945 0.514252 0.034881
v 0.089711 0.534345 0.030335
v -0.728551 0.633804 0.024517
v -0.621523 0.896864 0.033400
v -0.548585 0.902423 0.037545
v -0.302149 -0.703044 0.021112
v -0.435664 -0.681882 0.035858
v -0.238476 -0.641014 0.017594
v -0.172972 -0.642541 0.039078
v -0.216033 -0.645572 0.028663
v -0.224947 -0.638266 0.016255
v -0.107224 -0.546747 0.024215
v -0.102991 -0.479979 0.038470
v -0.115477 -0.461569 0.036269
v 0.172595 -0.398829 0.042670
v -0.257720 -0.392563 0.024431
v -0.368948 -0.373273 0.045222
v 0.670276 -0.164500 0.066982
v -0.444739 0.225541 0.050208
v -0.481073 0.500616 0.015930
v -0.389051 0.501539 0.013444
v -0.316180 0.489191 0.035181
v 0.198980 0.645785 0.033673
v -0.248785 -0.631033 0.023424
v -0.272444 -0.575715 0.025384
v -0.288377 -0.549591 0.022012
v -0.317421 -0.520807 0.022695
v -0.101495 -0.529997 0.017923
v -0.227566 -0.519615 0.033461
v -0.518341 -0.515731 0.030740
v -0.275937 -0.455737 0.018879
v -0.259421 -0.448054 0.024610
v 0.247756 -0.425909 0.039512
v -0.111559 -0.228758 0.023280
v -0.114760 -0.245543 0.016414
v 0.611458 -0.117253 0.055348
v 0.194268 -0.056333 0.076919
v 0.498368 -0.042406 0.045224
v -0.687078 0.147117 0.031222
v -0.598405 0.236190 0.043259
v 0.028269 0.438932 0.031937
v -0.415357 0.500917 0.016598
v 0.396776 0.510852 0.039744
v -0.277686 0.560603 0.013133
v -0.276100 0.702180 0.041340
v -0.304710 0.762919 0.044874
v -0.320255 -0.724718 0.045053
v -0.275878 -0.592201 0.031927
v -0.237010 -0.580115 0.033982
v -0.494237 -0.454738 0.050958
v -0.237661 -0.445490 0.033227
v 0.479150 -0.442430 0.054321
v -0.205277 -0.414824 0.057670
v -0.304191 -0.375953 0.077251
v -0.420266 0.126108 0.050896
v -0.658071 0.188473 0.048436
v 0.002527 0.330353 0.032719
v 0.406601 0.475278 0.048495
v -0.398422 0.492119 0.040666
v -0.275148 0.513350 0.064349
v -0.730736 0.525634 0.038808
v -0.386836 -0.712489 0.032501
v -0.290149 -0.664195 0.016285
v -0.305232 -0.645284 0.016315
v -0.341871 -0.690722 0.027204
v -0.271650 -0.666455 0.025903
v -0.324441 -0.613147 0.024006
v -0.330275 -0.619920 0.018675
v -0.348857 -0.592271 0.021572
v -0.361494 -0.593835 0.020238
v -0.139565 -0.594091 0.037969
v -0.246261 -0.529653 0.037834
v -0.321054 -0.517709 0.032054
v -0.122606 -0.482045 0.051459
v -0.301159 -0.510364 0.048725
v -0.425817 -0.412298 0.079542
v 0.022724 -0.296920 0.027738
v 0.001150 -0.268015 0.024272
v -0.050348 -0.249390 0.029077
v -0.063020 -0.203023 0.020742
v -0.007188 -0.206793 0.025081
v -0.011804 -0.160363 0.019971
v -0.054648 -0.180671 0.026052
v 0.130563 -0.094422 0.035268
v -0.418510 0.169577 0.057475
v 0.181726 0.271791 0.044275
v 0.367152 0.568846 0.044999
v -0.310170 0.559685 0.030824
v 0.067111 0.560421 0.047286
v 0.292407 0.652767 0.061566
v -0.449580 0.874085 0.046039
v -0.330495 -0.703541 0.037921
v -0.476027 -0.655862 0.042165
v -0.373258 -0.569180 0.021053
v -0.392533 -0.557738 0.023781
v -0.082235 -0.541810 0.044223
v -0.112635 -0.523789 0.049575
v -0.121750 -0.507747 0.032423
v -0.158871 -0.465022 0.042632
v -0.506590 -0.484251 0.065116
v -0.244454 -0.447483 0.042462
v 0.605039 -0.380999 0.055981
v 0.037541 -0.171957 0.034556
v 0.100571 -0.119523 0.049939
v 0.257368 0.309722 0.074501
v 0.064814 0.541335 0.052047
v -0.290033 0.545970 0.028763
v -0.670315 0.559806 0.037908
v 0.144829 0.641711 0.057135
v -0.729347 0.693334 0.038139
v -0.685200 0.825279 0.057865
v -0.423471 -0.636090 0.049398
v -0.438091 -0.607223 0.045457
v -0.120939 -0.570875 0.042566
v -0.415714 -0.523037 0.026362
v -0.314625 -0.525996 0.038121
v -0.297324 -0.558224 0.042101
v 0.054610 -0.320116 0.051952
v 0.033994 -0.253330 0.031555
v 0.087631 -0.141741 0.060640
v -0.440039 0.097093 0.060339
v 0.120994 0.286460 0.075714
v -0.528652 0.241646 0.066071
v 0.315997 0.314034 0.079903
v -0.199588 -0.667998 0.054995
v -0.379892 -0.673989 0.039322
v -0.202624 -0.637847 0.062735
v -0.279533 -0.575581 0.047947
v -0.211352 -0.547189 0.038173
v -0.385031 -0.524549 0.053189
v -0.315226 -0.540882 0.045693
v -0.415868 -0.504946 0.042309
v -0.077237 -0.500754 0.051458
v 0.578792 -0.413453 0.079189
v 0.097530 -0.350434 0.058314
v 0.352481 -0.005732 0.119161
v -0.426498 0.191608 0.060583
v -0.827756 0.424319 0.076194
v -0.543917 0.480307 0.067750
v 0.043983 0.474179 0.052277
v 0.243470 0.672957 0.065469
v -0.438384 -0.699590 0.053628
v -0.438449 -0.689011 0.052879
v -0.447571 -0.665479 0.049174
v -0.245369 -0.661184 0.057717
v -0.133485 -0.650711 0.073552
v -0.197870 -0.644352 0.052620
v -0.073859 -0.568138 0.068778
v 0.225771 -0.396854 0.101433
v 0.053662 -0.277682 0.056565
v 0.695830 -0.289605 0.085915
v 0.062584 -0.191146 0.049103
v 0.066308 -0.150607 0.044857
v 0.300857 -0.020052 0.088918
v 0.291110 0.332526 0.052351
v 0.027071 0.396379 0.055408
v 0.078960 0.525635 0.047583
v 0.326534 0.621947 0.055443
v 0.106552 0.608273 0.064646
v -0.502124 0.879409 0.064695
v -0.345941 -0.745559 0.088535
v -0.384932 -0.729548 0.060881
v -0.387444 -0.707025 0.052584
v -0.301909 -0.703969 0.058205
v -0.493489 -0.653004 0.046724
v -0.504944 -0.616388 0.069115
v -0.453796 -0.541757 0.073950
v -0.456246 -0.574225 0.059304
v -0.219484 -0.439726 0.059612
v -0.109950 -0.434206 0.082907
v 0.630541 -0.365503 0.062298
v 0.687143 -0.228211 0.067209
v 0.534921 -0.045621 0.086926
v -0.660344 0.158648 0.071734
v 0.097147 0.288263 0.068919
v 0.278011 0.321057 0.073821
v -0.816041 0.397219 0.086117
v -0.754380 0.415976 0.109492
v -0.756548 0.478748 0.130450
v -0.676262 0.546373 0.048595
v -0.290509 0.667931 0.052046
v -0.706299 0.723386 0.056963
v -0.388764 0.814935 0.068342
v -0.244281 -0.669451 0.053169
v -0.329272 -0.578567 0.056938
v -0.318047 -0.532492 0.051082
v -0.088345 -0.466095 0.062787
v -0.534466 0.049557 0.074393
v 0.188092 0.286258 0.081676
v 0.060498 0.310286 0.067496
v 0.290715 0.305966 0.091657
v 0.348060 0.329673 0.107071
v 0.384825 0.374739 0.091599
v 0.046726 0.367708 0.077893
v -0.708752 0.666711 0.052533
v -0.318455 0.639072 0.064666
v -0.611968 0.857640 0.072868
v -0.261588 -0.722674 0.090578
v -0.249936 -0.679435 0.068904
v -0.471834 -0.658504 0.070071
v -0.464432 -0.646184 0.057815
v -0.108656 -0.633819 0.081544
v -0.094304 -0.613448 0.077492
v -0.237979 -0.533775 0.131427
v -0.615573 0.058491 0.081433
v -0.470830 0.078448 0.080704
v -0.624490 0.195827 0.080641
v 0.071635 0.518794 0.059221
v 0.384731 0.532697 0.062090
v -0.642118 0.562867 0.054283
v -0.655803 0.566137 0.049568
v -0.369070 0.569208 0.051402
v -0.333881 0.565213 0.040448
v -0.340625 0.599991 0.062406
v -0.579181 0.878681 0.065522
v -0.175323 -0.640652 0.081449
v -0.465002 -0.627504 0.065146
v -0.102539 -0.565701 0.084668
v -0.293210 -0.526404 0.072792
v 0.325937 -0.447308 0.072661
v 0.255197 -0.408132 0.112705
v -0.226377 -0.395800 0.089145
v 0.641369 -0.109998 0.098490
v -0.657460 0.111701 0.079415
v -0.460285 0.226205 0.069664
v -0.834617 0.408024 0.086435
v -0.307365 0.478058 0.099834
v -0.677579 0.668720 0.070972
v -0.492410 -0.640150 0.078709
v -0.502143 -0.534727 0.086883
v -0.415036 -0.500279 0.062076
v -0.401688 -0.500835 0.060623
v 0.527111 -0.439970 0.089246
v 0.069513 -0.299889 0.082691
v 0.400227 0.435507 0.079432
v 0.047436 0.441828 0.084599
v 0.397229 0.487954 0.081456
v -0.287482 0.508656 0.089779
v 0.367700 0.573188 0.079969
v -0.636374 0.547543 0.073969
v -0.398776 0.568713 0.060198
v -0.406792 0.596393 0.072054
v 0.057362 0.555619 0.082510
v 0.352501 0.591180 0.083403
v 0.180882 0.675230 0.079231
v -0.247351 -0.666636 0.070958
v -0.129606 -0.604871 0.088665
v -0.271050 -0.641602 0.071395
v -0.384502 -0.528273 0.071631
v -0.448342 -0.530100 0.102623
v -0.117036 -0.475158 0.089962
v -0.138889 -0.460080 0.085694
v -0.179539 -0.403094 0.094741
v -0.336490 -0.377770 0.103657
v -0.603523 0.440484 0.161879
v 0.066226 0.500080 0.088621
v -0.333149 0.523913 0.110273
v -0.618903 0.595814 0.075030
v -0.684714 0.721761 0.075635
v -0.325313 0.701254 0.070176
v -0.678445 0.778770 0.071553
v -0.472277 0.847148 0.080281
v -0.340480 -0.726753 0.084166
v -0.416953 -0.707984 0.088800
v -0.172572 -0.674965 0.095600
v -0.059955 -0.554507 0.073473
v -0.412251 -0.508343 0.078221
v -0.064915 -0.512011 0.074239
v -0.085417 -0.473415 0.075967
v 0.068085 -0.219110 0.081654
v 0.449440 -0.009617 0.117267
v -0.445385 0.171533 0.101716
v -0.566923 0.214757 0.093761
v -0.796710 0.451882 0.113467
v 0.049971 0.534216 0.091689
v -0.478258 0.576225 0.059093
v -0.487497 0.564078 0.079994
v -0.421764 0.572797 0.058633
v -0.613609 0.563629 0.065570
v -0.480978 0.625374 0.086576
v -0.422805 -0.717778 0.089536
v -0.473765 -0.665566 0.084038
v -0.049261 -0.522264 0.080970
v -0.090735 -0.527973 0.087269
v -0.096825 -0.502421 0.077999
v -0.175290 -0.443996 0.106897
v 0.690272 -0.336427 0.105780
v -0.444316 0.124956 0.095181
v 0.053721 0.509838 0.098921
v 0.377862 0.575241 0.094770
v -0.496786 0.571048 0.071590
v -0.493765 0.604411 0.084900
v 0.330211 0.632016 0.096520
v -0.374280 0.753651 0.083385
v -0.202013 -0.714751 0.103335
v -0.176498 -0.622362 0.104346
v -0.333916 -0.652433 0.145241
v -0.470077 -0.614725 0.103101
v -0.108911 -0.577987 0.083574
v -0.075534 -0.594802 0.080862
v -0.427603 -0.514886 0.098132
v -0.099765 -0.449216 0.087559
v -0.358032 -0.386957 0.126387
v 0.599768 -0.073337 0.119794
v -0.503877 0.078930 0.105767
v -0.456242 0.197015 0.098757
v -0.668979 0.512461 0.132380
v -0.577567 0.578752 0.079251
v 0.127442 0.643314 0.111385
v -0.668415 0.748004 0.076834
v -0.269262 -0.703451 0.099521
v -0.467416 -0.661393 0.097133
v 0.615659 -0.419522 0.101986
v 0.139938 -0.332379 0.116443
v -0.624855 0.088896 0.104573
v -0.508021 0.217373 0.097996
v -0.330456 0.462620 0.123657
v -0.462532 0.459331 0.138469
v -0.572040 0.562362 0.075771
v -0.419115 0.650669 0.093428
v 0.276044 0.664006 0.094788
v -0.380325 0.702084 0.089839
v -0.533676 0.846606 0.088582
v -0.383925 -0.726606 0.100302
v -0.314570 -0.729856 0.113881
v -0.252876 -0.688683 0.092817
v -0.107067 -0.642600 0.096932
v 0.492858 -0.452360 0.132422
v 0.709683 -0.200135 0.122462
v 0.106875 -0.132665 0.116066
v 0.162985 -0.073762 0.105239
v -0.573596 0.071736 0.111495
v -0.543190 0.563686 0.080515
v -0.536853 0.571303 0.077334
v -0.641770 0.689031 0.090155
v 0.221946 0.670561 0.115419
v -0.612942 0.756658 0.097298
v -0.622828 0.789574 0.091909
v -0.432515 -0.709175 0.100577
v -0.258900 -0.689212 0.106358
v -0.503076 -0.609700 0.112137
v -0.165903 -0.630758 0.099260
v -0.018198 -0.557138 0.133574
v -0.089248 -0.490240 0.109025
v -0.027174 -0.494836 0.120951
v 0.355416 -0.450607 0.125661
v 0.665153 -0.404792 0.124473
v -0.257485 -0.382007 0.131921
v 0.092312 -0.309908 0.103302
v 0.074042 -0.236567 0.114850
v 0.712298 -0.256451 0.109290
v 0.076439 -0.190105 0.111261
v -0.627994 0.133884 0.108856
v 0.100430 0.312554 0.100811
v 0.253989 0.312746 0.103006
v 0.068337 0.410532 0.114269
v 0.393916 0.423853 0.095070
v 0.403963 0.454043 0.089952
v 0.069305 0.478349 0.116959
v -0.428096 0.547832 0.109263
v -0.648191 0.735766 0.092695
v -0.289599 -0.717916 0.107718
v -0.295419 -0.686675 0.140626
v -0.067779 -0.620259 0.140629
v -0.125624 -0.566200 0.105241
v -0.470552 -0.583848 0.118005
v -0.095541 -0.477325 0.106882
v -0.161497 -0.446348 0.119004
v -0.081194 -0.442104 0.117980
v 0.560848 -0.442068 0.139300
v 0.197463 0.306169 0.109742
v -0.698386 0.425556 0.148791
v 0.407385 0.511436 0.102681
v 0.079568 0.573084 0.122542
v -0.522444 0.664467 0.106903
v -0.450219 0.784065 0.099190
v -0.436957 -0.694705 0.109795
v -0.131861 -0.657668 0.105445
v -0.503610 -0.495977 0.117415
v 0.688932 -0.155831 0.113550
v 0.085377 0.369799 0.120497
v 0.385550 0.403252 0.107447
v -0.303279 0.494953 0.122146
v 0.400245 0.562973 0.116419
v -0.560243 0.533295 0.127054
v -0.586920 0.699847 0.108172
v -0.562633 0.796916 0.101373
v -0.391737 -0.761513 0.160263
v -0.231574 -0.735954 0.117636
v -0.466712 -0.676136 0.125011
v -0.481642 -0.662683 0.121723
v -0.151117 -0.667683 0.117596
v -0.206303 -0.575246 0.121687
v 0.292235 -0.420697 0.156611
v -0.156827 -0.402253 0.118721
v -0.471451 0.121128 0.117242
v 0.143843 0.315640 0.119079
v 0.426607 0.423717 0.106588
v 0.439144 0.456268 0.111782
v 0.387154 0.603024 0.119647
v -0.453291 0.713138 0.105125
v -0.503959 0.776872 0.106593
v -0.348173 -0.736170 0.129791
v -0.474903 -0.658895 0.131662
v -0.491162 -0.654024 0.133748
v -0.177131 -0.611090 0.112145
v -0.160027 -0.561585 0.116738
v -0.443598 -0.530639 0.127253
v -0.126586 -0.421852 0.109286
v -0.307258 -0.371902 0.171225
v 0.229726 -0.044834 0.158559
v -0.592087 0.175581 0.115383
v -0.773362 0.404399 0.149677
v 0.423874 0.398949 0.126281
v -0.716292 0.489473 0.153245
v -0.485228 0.527896 0.151647
v -0.587683 0.735445 0.110924
v -0.502562 -0.628875 0.147078
v -0.217378 -0.525876 0.147983
v 0.648354 -0.424813 0.132961
v -0.411497 -0.424174 0.154503
v -0.192279 -0.385303 0.144817
v 0.719034 -0.318374 0.134313
v 0.097855 -0.251707 0.159778
v 0.320500 0.309584 0.149108
v -0.795687 0.406643 0.142000
v 0.449642 0.512085 0.127253
v -0.509577 0.700785 0.106420
v -0.291177 -0.748665 0.140589
v -0.198775 -0.740368 0.145942
v -0.172901 -0.717130 0.145128
v -0.306830 -0.697038 0.146902
v -0.166519 -0.687938 0.133326
v -0.141962 -0.676900 0.124308
v -0.481465 -0.601532 0.132963
v -0.191400 -0.586846 0.121164
v -0.105157 -0.507121 0.127940
v -0.495868 -0.527438 0.159960
v -0.148360 -0.456546 0.140508
v 0.514349 -0.451856 0.149321
v 0.249511 0.302915 0.126620
v 0.220395 0.314941 0.129378
v 0.358663 0.353441 0.143046
v 0.081491 0.449549 0.138270
v -0.798209 0.421034 0.146363
v 0.070517 0.556783 0.136433
v 0.143467 0.643514 0.150214
v -0.547452 0.737751 0.106689
v -0.550644 0.718476 0.113791
v -0.410301 -0.735810 0.161182
v -0.171108 -0.671601 0.129356
v -0.203046 -0.565762 0.132451
v -0.442590 -0.541479 0.142784
v -0.189961 -0.501696 0.150759
v -0.469656 -0.460347 0.131184
v -0.149485 -0.407203 0.124463
v 0.703133 -0.367451 0.145759
v 0.120793 -0.306672 0.133859
v -0.515884 0.179704 0.128051
v 0.277262 0.298283 0.138565
v 0.116786 0.336845 0.122843
v 0.376254 0.383559 0.120804
v -0.815951 0.414814 0.123876
v 0.339680 0.629875 0.130622
v 0.301947 0.644888 0.142557
v -0.320041 -0.731155 0.125950
v -0.115574 -0.488222 0.140643
v 0.465066 -0.457438 0.171230
v 0.153717 -0.329129 0.135844
v 0.104482 -0.283462 0.142014
v 0.106816 -0.168092 0.182205
v 0.651757 -0.096909 0.161642
v -0.530635 0.093574 0.124399
v 0.380131 0.388417 0.128907
v 0.051766 0.472718 0.146855
v 0.052600 0.510772 0.147947
v -0.502191 -0.607694 0.140961
v -0.457896 -0.545127 0.140434
v -0.124488 -0.502597 0.142010
v 0.621534 -0.073649 0.148045
v -0.563161 0.113413 0.131353
v 0.441522 0.401798 0.138918
v 0.489057 0.436035 0.178122
v -0.320013 0.476113 0.152867
v 0.000950 -0.520705 0.154867
v -0.029823 -0.449251 0.163801
v -0.171491 -0.484100 0.151008
v 0.413590 -0.000178 0.177571
v -0.572336 0.148547 0.130399
v -0.506547 0.147177 0.133915
v -0.400864 0.512028 0.170597
v 0.416299 0.601129 0.145319
v 0.099040 0.602298 0.147283
v 0.377501 0.617921 0.152905
v 0.269978 0.663457 0.153904
v -0.330064 -0.704101 0.163951
v -0.111823 -0.667493 0.167696
v -0.499360 -0.546438 0.167023
v -0.188351 -0.524633 0.144564
v -0.216246 -0.534640 0.150686
v 0.362696 -0.450012 0.177917
v -0.127229 -0.409728 0.151313
v 0.597774 -0.054962 0.184533
v 0.368787 0.378797 0.140301
v 0.123740 0.630505 0.155105
v -0.351638 -0.737915 0.149199
v -0.166794 -0.704097 0.156958
v -0.489171 -0.656765 0.147160
v -0.489797 -0.628562 0.170041
v -0.045626 -0.426582 0.184213
v -0.178278 -0.398185 0.153663
v 0.703909 -0.163791 0.197190
v 0.125288 -0.131992 0.165513
v 0.182567 0.330782 0.155010
v 0.109149 0.382013 0.147642
v 0.358088 0.365104 0.149154
v 0.392607 0.356074 0.174128
v -0.761905 0.456963 0.159908
v 0.440149 0.596488 0.156945
v -0.334372 -0.763543 0.165721
v -0.464643 -0.724890 0.186829
v 0.006970 -0.604882 0.215726
v -0.499863 -0.494458 0.149759
v -0.005185 -0.486560 0.163511
v 0.152505 0.349979 0.164299
v 0.485729 0.487161 0.168811
v 0.219844 -0.361169 0.164023
v -0.335236 -0.375908 0.174311
v 0.728631 -0.254726 0.167612
v 0.199868 -0.071241 0.187290
v 0.227748 0.304481 0.151080
v 0.098717 0.418440 0.155936
v -0.515516 0.439400 0.192042
v 0.231095 0.655849 0.164286
v -0.368298 -0.660867 0.164619
v -0.478547 -0.657000 0.153195
v -0.428580 -0.591618 0.178740
v 0.613002 -0.455515 0.174467
v -0.157720 -0.398698 0.187005
v 0.734538 -0.311954 0.181082
v 0.097119 -0.199902 0.175838
v 0.357887 0.367183 0.157943
v -0.382486 0.445738 0.193636
v -0.429255 -0.754144 0.182757
v -0.201517 -0.745091 0.171675
v -0.450662 -0.710661 0.178322
v -0.492759 -0.704294 0.208024
v -0.390126 -0.622680 0.170236
v -0.458504 -0.547279 0.159525
v -0.465082 -0.458194 0.168472
v 0.426473 -0.457924 0.186296
v -0.200696 -0.385220 0.173953
v -0.248157 -0.388508 0.184065
v 0.124427 -0.269025 0.192979
v -0.751246 0.439403 0.186525
v 0.332816 0.648799 0.156673
v 0.630193 -0.465740 0.197702
v 0.306565 -0.415812 0.208498
v 0.256051 0.305162 0.196178
v 0.163546 0.323673 0.199551
v 0.430343 0.370335 0.177630
v -0.766123 0.420973 0.183133
v -0.247753 -0.763764 0.179213
v -0.384984 -0.739780 0.181911
v -0.472539 -0.695011 0.205806
v -0.531011 -0.582395 0.194443
v 0.403369 -0.459922 0.189850
v 0.540675 -0.467721 0.190117
v 0.699051 -0.419359 0.214347
v 0.151987 -0.279587 0.215893
v 0.460881 -0.001122 0.195390
v 0.345698 0.357907 0.170930
v 0.115077 0.390881 0.165017
v 0.076642 0.409878 0.179159
v -0.585819 0.490044 0.220990
v 0.488256 0.563145 0.186267
v 0.189986 0.638230 0.172855
v 0.284723 0.668764 0.174288
v -0.350096 -0.711717 0.174840
v 0.026198 -0.581393 0.230747
v 0.722262 -0.203317 0.211245
v 0.297304 -0.030384 0.203689
v 0.311131 0.326695 0.194705
v -0.708377 0.471407 0.192745
v -0.360959 0.492680 0.176146
v 0.092944 0.573346 0.173443
v 0.108740 0.590895 0.193962
v -0.392485 -0.776050 0.183867
v -0.288062 -0.772160 0.182630
v -0.404460 -0.640553 0.179845
v -0.485213 -0.503733 0.177491
v -0.411600 -0.421824 0.188313
v -0.076916 -0.406610 0.209784
v -0.199027 -0.399829 0.185288
v 0.479808 0.396791 0.215477
v -0.342747 0.471536 0.189257
v -0.463638 0.487266 0.233109
v 0.424058 0.646689 0.191211
v 0.377172 0.681482 0.203348
v -0.192799 -0.731893 0.183507
v -0.404817 -0.713219 0.180845
v -0.018146 -0.646284 0.242492
v -0.471479 -0.559242 0.179566
v 0.333583 0.354703 0.182541
v -0.680161 0.418602 0.212295
v -0.349131 0.462276 0.194971
v 0.074372 0.486873 0.204152
v 0.262800 0.673762 0.185147
v -0.137161 -0.698566 0.208137
v -0.424965 -0.687311 0.186742
v -0.445734 -0.618571 0.181254
v -0.533242 -0.611192 0.204374
v -0.459108 -0.588214 0.206584
v -0.521544 -0.547764 0.216451
v -0.005008 -0.456318 0.208295
v 0.282764 -0.402444 0.196933
v 0.208006 0.307526 0.196350
v 0.139777 0.340026 0.195058
v 0.092799 0.384819 0.192554
v 0.068888 0.441254 0.197279
v 0.483174 0.596996 0.195179
v 0.166977 0.627746 0.186248
v 0.326746 0.696590 0.202062
v -0.414366 -0.730131 0.186654
v -0.414094 -0.625729 0.194610
v 0.574995 -0.479048 0.208958
v 0.202956 -0.319253 0.217063
v 0.125965 -0.229609 0.225193
v 0.360766 0.341466 0.206571
v -0.369766 0.472243 0.212796
v 0.480852 0.644800 0.224917
v 0.156557 0.621027 0.193762
v 0.281434 0.699806 0.206962
v -0.325021 -0.796323 0.209323
v -0.502863 -0.633552 0.215201
v -0.492954 -0.607427 0.188624
v -0.455718 -0.606057 0.189969
v -0.452103 -0.452198 0.201108
v 0.130821 -0.147723 0.201749
v 0.194287 -0.085867 0.205473
v -0.611486 0.423051 0.225255
v 0.535799 0.507626 0.227588
v -0.402824 0.477650 0.223915
v -0.245116 -0.758729 0.194114
v -0.451991 -0.601376 0.205055
v -0.482717 -0.596381 0.205508
v 0.022410 -0.511587 0.227187
v 0.722440 -0.392464 0.236834
v 0.734338 -0.329458 0.219072
v 0.533244 -0.008578 0.266672
v 0.510998 0.551286 0.205327
v 0.226043 0.667647 0.201378
v -0.285502 -0.775405 0.195902
v -0.405402 -0.724215 0.200742
v -0.384755 -0.648800 0.191471
v -0.392784 -0.675852 0.186504
v -0.432584 -0.617437 0.207233
v -0.468243 -0.618026 0.193721
v -0.479034 -0.607387 0.198986
v -0.492373 -0.501169 0.215285
v 0.460629 -0.458883 0.236988
v 0.664788 -0.455099 0.210518
v -0.229403 -0.409249 0.194709
v 0.281844 -0.053085 0.247787
v 0.391891 0.345992 0.208664
v 0.107786 0.367607 0.203663
v -0.662510 0.475721 0.214805
v 0.096919 0.498010 0.230292
v 0.158192 0.640088 0.207137
v -0.452858 -0.765798 0.206725
v -0.394759 -0.696514 0.195837
v -0.467216 -0.596207 0.217990
v 0.392768 -0.438781 0.271577
v 0.316022 0.354000 0.200331
v 0.148859 0.608730 0.201454
v -0.518621 -0.696825 0.245654
v -0.061476 -0.677009 0.250251
v -0.488124 -0.610880 0.211401
v -0.494563 -0.607523 0.202501
v 0.511483 -0.474352 0.220001
v -0.429298 -0.439039 0.237950
v -0.363723 -0.405223 0.216122
v -0.255967 -0.397481 0.199124
v 0.376632 -0.014016 0.234507
v -0.532960 0.486919 0.236255
v 0.102287 0.534113 0.225362
v 0.200810 0.693272 0.238227
v -0.286974 -0.789878 0.209140
v -0.416217 -0.729750 0.215600
v -0.406013 -0.663568 0.221772
v -0.047381 -0.416821 0.228220
v 0.745378 -0.294246 0.236370
v 0.085084 0.409987 0.212205
v 0.515134 0.416120 0.262110
v -0.435879 0.438062 0.232788
v -0.406349 -0.821137 0.237949
v -0.441364 -0.727941 0.221356
v 0.543447 -0.484864 0.229342
v 0.651785 -0.493362 0.251861
v 0.744225 -0.316444 0.236398
v 0.128550 -0.189601 0.226573
v 0.444067 0.371406 0.233163
v -0.696297 0.437319 0.228863
v -0.248652 -0.778200 0.231753
v -0.186534 -0.734450 0.230291
v -0.459055 -0.631990 0.249250
v 0.420931 -0.443786 0.247602
v -0.232574 -0.416587 0.230833
v -0.205747 -0.414144 0.223364
v 0.620519 -0.046510 0.249361
v 0.158535 0.332642 0.222368
v -0.389339 0.459154 0.232829
v 0.130868 0.580103 0.213294
v 0.139110 0.589436 0.212711
v 0.254107 0.709386 0.236514
v 0.312216 0.719779 0.233038
v -0.449982 -0.810299 0.251191
v -0.490340 -0.771030 0.236252
v -0.210245 -0.767174 0.271200
v -0.497934 -0.646639 0.238318
v 0.377174 -0.428144 0.285413
v -0.337447 -0.401324 0.237380
v 0.271844 -0.376263 0.254675
v 0.194451 -0.298128 0.231517
v 0.324811 0.355841 0.241353
v 0.254462 0.340623 0.242181
v 0.291578 0.364230 0.218553
v -0.333622 -0.817531 0.233186
v -0.364992 -0.824450 0.238799
v -0.442048 -0.720111 0.235710
v -0.496900 -0.660833 0.245940
v -0.466051 -0.618356 0.240707
v -0.121455 -0.400037 0.249366
v 0.153444 -0.265213 0.233567
v 0.223834 -0.106438 0.268960
v 0.414741 -0.001398 0.270138
v 0.212056 0.320964 0.229510
v -0.483652 0.432472 0.238422
v 0.553254 0.470576 0.257611
v 0.108771 0.519609 0.242559
v 0.434322 0.689160 0.232889
v -0.461595 -0.709367 0.235261
v -0.482981 -0.653526 0.261289
v -0.542009 -0.597853 0.274468
v 0.595448 -0.488332 0.243586
v -0.264367 -0.416401 0.295424
v 0.654527 -0.080318 0.241497
v 0.101683 0.455917 0.249833
v 0.133956 0.564755 0.227160
v -0.000540 -0.639516 0.258943
v -0.531628 -0.562996 0.255169
v 0.030544 -0.562993 0.250908
v -0.173629 -0.411363 0.278863
v 0.484428 0.009614 0.307791
v -0.413206 0.466652 0.246850
v 0.562103 0.587533 0.259044
v 0.124496 0.627886 0.291702
v 0.146442 0.633774 0.225666
v 0.379209 0.721929 0.255160
v -0.506633 -0.770362 0.266837
v -0.469596 -0.678043 0.254678
v 0.701655 -0.467210 0.276216
v -0.429746 -0.436206 0.281720
v 0.716423 -0.416620 0.245328
v 0.734282 -0.371127 0.249384
v 0.712079 -0.164151 0.253331
v 0.678531 -0.099431 0.280957
v 0.201001 -0.127038 0.269264
v 0.127541 0.537899 0.238405
v 0.749077 -0.326178 0.281673
v 0.728960 -0.205602 0.252923
v 0.165813 -0.164413 0.254477
v 0.342316 -0.041742 0.275620
v 0.272675 0.373546 0.231673
v -0.660919 0.444540 0.242114
v 0.541788 0.623593 0.258904
v 0.239027 0.736511 0.287612
v -0.169716 -0.737064 0.276147
v -0.202800 -0.753871 0.276125
v 0.011395 -0.473984 0.267435
v -0.015505 -0.443415 0.277047
v 0.182618 0.355248 0.268624
v 0.157239 0.360200 0.264584
v -0.635021 0.432392 0.242846
v -0.545526 0.437970 0.258299
v 0.123411 0.424173 0.271327
v -0.634563 0.453194 0.247677
v -0.584246 0.459652 0.260177
v -0.470377 0.471469 0.251829
v 0.566788 0.557030 0.260438
v 0.493357 0.665212 0.252710
v 0.453207 0.693910 0.253887
v 0.564271 -0.492939 0.270437
v -0.390245 -0.415256 0.292817
v -0.094632 -0.408129 0.284791
v 0.098599 0.489008 0.253390
v -0.403252 -0.831413 0.257431
v -0.297004 -0.837912 0.282754
v -0.504711 -0.508935 0.297898
v 0.228580 -0.313946 0.260009
v 0.128190 0.393512 0.260947
v 0.116366 0.522174 0.250539
v -0.024490 -0.690886 0.294715
v 0.019880 -0.614002 0.282458
v 0.493991 -0.486471 0.279555
v -0.196401 -0.430905 0.305818
v 0.198545 -0.242317 0.279104
v 0.169058 -0.192809 0.263031
v 0.252877 0.380119 0.244152
v -0.494188 0.446032 0.264950
v -0.439363 0.455076 0.259719
v -0.329004 -0.851007 0.287299
v -0.471920 -0.804207 0.262767
v 0.680710 -0.491039 0.283693
v 0.439979 -0.444281 0.295323
v -0.334395 -0.408945 0.296466
v 0.177885 -0.232188 0.264552
v 0.235721 0.379967 0.253299
v -0.615059 0.447655 0.256799
v -0.517403 0.470064 0.257648
v 0.114169 0.573300 0.321933
v -0.526088 -0.716290 0.271928
v 0.635934 -0.508084 0.283736
v 0.775105 -0.289331 0.327891
v 0.754009 -0.257893 0.307474
v 0.231182 0.389419 0.262745
v 0.103154 0.452376 0.264628
v -0.388377 -0.861137 0.297914
v 0.004990 -0.664095 0.295113
v 0.661657 -0.063923 0.302052
v 0.259290 0.391516 0.296054
v -0.437916 -0.831283 0.270977
v -0.044861 -0.427598 0.292721
v 0.343888 -0.401095 0.304416
v 0.636267 -0.030555 0.323556
v 0.215501 0.391955 0.265865
v -0.543956 0.450908 0.268435
v 0.554258 0.444960 0.300747
v -0.474080 0.458511 0.268103
v -0.510979 0.462003 0.268530
v 0.023106 -0.552787 0.324293
v 0.521615 -0.491970 0.299685
v 0.382809 0.372168 0.304987
v 0.142850 0.406726 0.280912
v 0.563827 0.631303 0.294174
v 0.282405 0.757293 0.324084
v -0.548665 -0.787353 0.313895
v -0.541969 -0.659243 0.296019
v 0.027890 -0.582873 0.304032
v 0.764786 -0.325200 0.319084
v 0.190423 -0.158107 0.279355
v 0.203197 0.388718 0.277400
v 0.087077 0.495521 0.294733
v 0.096365 0.533383 0.302778
v 0.582955 0.488617 0.307946
v 0.518190 0.668215 0.303086
v 0.153621 0.689432 0.307265
v -0.504384 -0.840342 0.326259
v -0.058206 -0.714862 0.305339
v 0.031859 -0.623336 0.302953
v -0.144309 -0.411208 0.305476
v 0.290105 -0.353938 0.317754
v 0.273675 -0.321717 0.335150
v 0.742766 -0.169979 0.347251
v 0.265874 -0.111964 0.307787
v 0.408934 -0.011580 0.303755
v 0.599005 -0.017330 0.300162
v 0.118359 0.415268 0.306357
v 0.580168 0.569929 0.285509
v -0.263634 -0.827139 0.306738
v -0.557381 -0.738368 0.301679
v -0.086834 -0.730267 0.307914
v 0.233506 -0.141061 0.304835
v 0.168690 0.395058 0.286261
v 0.175964 0.713194 0.315275
v 0.415626 0.726992 0.321371
v 0.478496 -0.478326 0.315453
v 0.416359 -0.438626 0.322947
v 0.213273 -0.224038 0.306734
v 0.187058 0.391449 0.283912
v 0.108279 0.423647 0.322852
v -0.209617 -0.765866 0.299395
v -0.574694 -0.697421 0.316121
v -0.532812 -0.574783 0.343195
v -0.518494 -0.531809 0.342766
v -0.009706 -0.463177 0.317183
v 0.752312 -0.450173 0.353833
v 0.775541 -0.381456 0.339472
v 0.759547 -0.401652 0.318720
v 0.268490 -0.271774 0.367115
v 0.214370 -0.184280 0.308253
v 0.532206 0.004286 0.336059
v 0.501062 0.403810 0.298815
v 0.455500 0.699221 0.304092
v -0.222464 -0.792122 0.307626
v 0.010676 -0.523928 0.354410
v -0.236684 -0.438378 0.359227
v -0.316224 -0.424313 0.346436
v 0.302324 -0.108923 0.341606
v 0.378522 -0.054181 0.358875
v 0.325110 0.384701 0.313224
v 0.209570 0.393586 0.309745
v 0.089911 0.455765 0.316745
v -0.454247 -0.863634 0.329574
v -0.547013 -0.617904 0.319289
v 0.444576 -0.450766 0.319909
v 0.564134 -0.001728 0.319737
v 0.443583 0.386765 0.326501
v 0.231907 0.399644 0.321493
v -0.337647 -0.868506 0.330091
v -0.213703 -0.785242 0.336690
v -0.138676 -0.752181 0.316637
v -0.504321 -0.505106 0.340634
v 0.577676 0.626131 0.332621
v 0.134349 0.663288 0.328899
v 0.006454 -0.653460 0.309548
v -0.596427 -0.657532 0.353116
v 0.025398 -0.632277 0.312811
v -0.447521 -0.439810 0.330677
v -0.420922 -0.424907 0.326793
v 0.780627 -0.318353 0.345091
v 0.262276 0.405233 0.314652
v 0.592949 0.503947 0.348772
v 0.585715 -0.520796 0.342245
v 0.388499 -0.423445 0.333480
v -0.123801 -0.421375 0.339068
v 0.494069 -0.000874 0.368029
v 0.443996 0.715403 0.323691
v 0.219319 0.741254 0.336957
v 0.365198 0.748694 0.349220
v -0.294634 -0.851203 0.324879
v 0.040511 -0.582077 0.328339
v 0.671071 -0.516465 0.362122
v 0.527852 -0.511782 0.362279
v 0.716942 -0.482121 0.342927
v -0.032223 -0.455474 0.341704
v -0.068814 -0.433640 0.341131
v -0.178699 -0.435815 0.361173
v 0.529378 0.426185 0.327969
v 0.110220 0.564319 0.330374
v 0.494722 0.678551 0.356844
v -0.385342 -0.881580 0.351964
v -0.276895 -0.840893 0.332449
v -0.167326 -0.764485 0.325260
v -0.072658 -0.695006 0.324434
v 0.680661 -0.061508 0.341471
v 0.622064 -0.008618 0.355171
v 0.080781 0.502374 0.348388
v 0.123352 0.614366 0.337588
v -0.233846 -0.812965 0.327112
v -0.184142 -0.781773 0.344115
v 0.498753 -0.487623 0.331935
v 0.728435 -0.112381 0.374130
v 0.310597 0.408984 0.323212
v 0.127639 0.418113 0.346988
v 0.095842 0.546626 0.341489
v -0.556515 -0.822846 0.360585
v 0.039744 -0.580685 0.349199
v 0.378620 0.391372 0.333169
v 0.477909 0.417953 0.338178
v 0.505842 0.420160 0.328046
v 0.158402 0.699958 0.347143
v -0.610656 -0.729332 0.363238
v -0.134917 -0.719597 0.341655
v 0.704798 -0.505750 0.372387
v 0.418246 -0.430746 0.349075
v 0.275845 -0.146299 0.350882
v 0.443012 0.396833 0.339635
v 0.169716 0.412455 0.345033
v 0.315321 0.432974 0.335122
v 0.463716 0.687445 0.352278
v 0.337402 0.766612 0.382914
v 0.026504 -0.570137 0.363706
v 0.039654 -0.555667 0.353687
v -0.199434 -0.443025 0.359733
v 0.349303 -0.373334 0.363644
v 0.280093 -0.244432 0.396844
v 0.446603 -0.011471 0.353492
v 0.206781 0.403401 0.390978
v 0.262355 0.426529 0.338795
v -0.322638 -0.861947 0.345566
v -0.518638 -0.852108 0.373401
v -0.261980 -0.839439 0.352200
v -0.001906 -0.510029 0.373273
v 0.770050 -0.419628 0.345265
v 0.258869 -0.185662 0.357890
v 0.660987 -0.032267 0.351984
v 0.540070 0.012589 0.369167
v 0.371017 0.434601 0.334270
v 0.565347 0.447125 0.386472
v 0.582910 0.465296 0.379981
v 0.123589 0.579755 0.353446
v -0.589118 -0.782060 0.360981
v 0.005019 -0.579700 0.373765
v -0.578106 -0.595300 0.372324
v 0.634931 -0.526736 0.388605
v 0.504090 -0.498828 0.377540
v -0.479009 -0.480408 0.370733
v 0.792271 -0.337318 0.345706
v 0.786863 -0.384824 0.344456
v 0.612534 0.008244 0.396702
v 0.427851 0.411030 0.345804
v 0.335392 0.442603 0.338157
v 0.548997 0.634006 0.359362
v 0.146273 0.675198 0.361956
v -0.307821 -0.863899 0.365392
v -0.073584 -0.629079 0.380347
v 0.794241 -0.288610 0.364211
v 0.230755 0.411634 0.352558
v 0.442164 0.418444 0.349300
v 0.405896 0.429624 0.340803
v 0.393831 0.446653 0.345369
v -0.381534 -0.877024 0.370824
v -0.513695 -0.535761 0.370496
v 0.744278 -0.473108 0.367735
v -0.458461 -0.465985 0.386952
v -0.435779 -0.452727 0.384992
v -0.159663 -0.443419 0.389087
v 0.500251 0.410162 0.412926
v 0.421688 0.423043 0.346621
v 0.514699 0.421914 0.366765
v 0.245541 0.762481 0.423712
v -0.256323 -0.807088 0.373641
v 0.763390 -0.460175 0.361642
v 0.292937 -0.207719 0.414007
v 0.403967 0.436963 0.379540
v 0.379967 0.466285 0.359132
v 0.087765 0.461229 0.374766
v 0.582303 0.542509 0.385913
v 0.569914 0.577708 0.386336
v 0.463337 0.699064 0.387330
v -0.433022 -0.879133 0.377462
v -0.216591 -0.758195 0.364937
v 0.455783 -0.455743 0.370883
v -0.384264 -0.443329 0.381405
v 0.179035 0.410514 0.392044
v 0.447287 0.717982 0.383809
v -0.460095 -0.873495 0.382916
v 0.020825 -0.513627 0.398618
v 0.795857 -0.455244 0.395022
v 0.311046 -0.331888 0.376339
v 0.457550 0.416475 0.385681
v 0.363742 0.465176 0.391621
v 0.216909 0.738578 0.425671
v -0.616991 -0.747746 0.385416
v 0.447346 -0.439896 0.418134
v 0.397453 -0.396922 0.384043
v 0.813131 -0.301066 0.393562
v 0.821849 -0.339564 0.398586
v 0.301631 -0.294538 0.395164
v 0.331195 -0.122962 0.408098
v 0.431249 0.424625 0.387850
v 0.120116 0.565555 0.373620
v -0.362610 -0.877144 0.385404
v -0.148220 -0.668032 0.401130
v 0.031396 -0.535154 0.392621
v -0.499289 -0.514116 0.385560
v -0.115286 -0.442392 0.386024
v 0.820540 -0.400344 0.398773
v 0.736545 -0.034114 0.443986
v 0.388651 -0.071696 0.407879
v 0.294638 0.464429 0.380254
v 0.271801 0.467488 0.394887
v 0.180473 0.675622 0.437744
v 0.525388 0.635073 0.411873
v 0.283115 0.772922 0.418627
v -0.556989 -0.541871 0.408806
v 0.723474 -0.497721 0.385082
v -0.333718 -0.436215 0.425244
v 0.792845 -0.243039 0.390545
v 0.698190 -0.005877 0.422166
v 0.389597 0.468451 0.392483
v 0.159724 0.600602 0.410422
v -0.282584 -0.802652 0.407450
v -0.597902 -0.798237 0.415465
v -0.188028 -0.733925 0.399552
v 0.017741 -0.539059 0.406745
v 0.373481 -0.358155 0.409143
v 0.255160 0.473989 0.413874
v 0.333850 0.465335 0.392692
v 0.090420 0.518466 0.435259
v -0.176685 -0.687516 0.418016
v 0.553679 -0.517226 0.415121
v 0.671738 -0.535122 0.426526
v -0.482893 -0.496816 0.392259
v 0.728826 -0.511235 0.395616
v -0.069514 -0.482644 0.426367
v 0.320476 -0.150549 0.426239
v 0.112523 0.431754 0.382987
v 0.219792 0.416869 0.401176
v 0.313974 0.463339 0.384257
v 0.583397 0.485115 0.399860
v 0.141878 0.574783 0.403829
v 0.469471 0.678515 0.408158
v 0.494562 0.668556 0.396966
v 0.181110 0.707223 0.398890
v 0.399600 0.738733 0.400905
v -0.416616 -0.878731 0.405276
v 0.665859 0.002690 0.407148
v 0.354001 0.763266 0.415854
v -0.457173 -0.868906 0.401429
v -0.575932 -0.815208 0.433292
v -0.215960 -0.739821 0.385873
v -0.639087 -0.705271 0.427364
v -0.628901 -0.636221 0.418431
v -0.032751 -0.491497 0.402202
v 0.794122 -0.200621 0.428143
v 0.430558 -0.045272 0.428355
v 0.572337 0.011142 0.407583
v 0.091118 0.491615 0.465353
v 0.566045 0.580156 0.413022
v 0.534827 0.610462 0.438664
v 0.737476 -0.528226 0.425624
v -0.461026 -0.477488 0.399720
v -0.418782 -0.460883 0.411175
v 0.302980 0.448762 0.431627
v -0.314136 -0.794150 0.438961
v 0.774865 -0.501139 0.422349
v -0.100543 -0.479029 0.441333
v 0.783943 -0.139097 0.450176
v 0.515791 -0.005293 0.430151
v 0.407543 0.466449 0.426258
v 0.096542 0.469919 0.463146
v 0.566696 0.560095 0.400484
v -0.502289 -0.849194 0.428408
v 0.701840 -0.518117 0.406110
v -0.224231 -0.467166 0.418058
v -0.288960 -0.449800 0.442910
v 0.798925 -0.238027 0.415560
v 0.146637 0.419919 0.417864
v 0.248990 0.478262 0.426633
v -0.193644 -0.712733 0.430887
v -0.217427 -0.706878 0.425250
v -0.595202 -0.560127 0.438841
v -0.075912 -0.570656 0.427364
v -0.438812 -0.467024 0.405461
v -0.375073 -0.446294 0.423878
v 0.334826 -0.311704 0.407586
v 0.636613 0.016780 0.423365
v 0.538928 0.421677 0.425350
v 0.408708 0.460383 0.421188
v 0.460815 0.694153 0.423758
v -0.030863 -0.521022 0.447967
v 0.694836 -0.537870 0.428282
v 0.414159 -0.399091 0.429461
v 0.368147 0.451560 0.425327
v 0.557938 0.453273 0.451694
v 0.493824 0.668713 0.448654
v 0.432424 0.710102 0.449413
v -0.360514 -0.821523 0.436584
v 0.827227 -0.456853 0.456698
v 0.555823 0.435708 0.438887
v 0.344554 0.455336 0.425241
v 0.562692 0.524059 0.426283
v -0.629926 -0.753462 0.443637
v -0.240104 -0.700703 0.462217
v 0.686454 -0.529055 0.425421
v 0.011091 -0.514362 0.434954
v -0.543916 -0.511740 0.441185
v 0.518368 0.412604 0.436474
v 0.201350 0.411656 0.422675
v 0.107047 0.545403 0.442983
v 0.413099 0.721080 0.469226
v -0.460025 -0.870853 0.426666
v 0.620739 -0.540182 0.447750
v 0.529763 -0.506719 0.447645
v 0.356612 -0.312768 0.427158
v 0.313969 -0.249570 0.427505
v 0.762780 -0.089403 0.443058
v 0.684415 0.012511 0.447358
v 0.480569 0.419776 0.441151
v 0.564484 0.540150 0.441645
v 0.120925 0.552772 0.465424
v 0.475188 -0.451484 0.446821
v -0.173431 -0.486592 0.474137
v -0.380841 -0.450185 0.433861
v 0.358733 -0.269658 0.449757
v 0.570107 0.009155 0.473559
v 0.167413 0.577998 0.435144
v 0.280187 0.771005 0.464174
v 0.303705 0.770902 0.456116
v -0.482921 -0.862735 0.447040
v -0.194892 -0.653181 0.493023
v -0.145011 -0.605757 0.447615
v -0.447628 -0.447073 0.479711
v 0.857725 -0.342830 0.501049
v 0.389979 -0.347409 0.444514
v 0.589610 0.014879 0.470055
v 0.241842 0.474716 0.436319
v 0.467822 0.669328 0.439974
v -0.220507 -0.670459 0.467088
v 0.705300 -0.549056 0.455687
v -0.021570 -0.492515 0.466832
v -0.345153 -0.446798 0.444037
v 0.368361 -0.291404 0.447009
v 0.801890 -0.197067 0.459061
v 0.458982 -0.050408 0.484153
v 0.126159 0.440144 0.493332
v 0.342808 0.442086 0.479124
v 0.261514 0.472893 0.457856
v 0.553129 0.555229 0.461298
v 0.534437 0.582704 0.468506
v 0.182957 0.649102 0.444544
v 0.199546 0.707307 0.459218
v -0.201411 -0.673486 0.476682
v -0.646671 -0.644450 0.475074
v -0.507804 -0.473618 0.476865
v 0.545359 0.430279 0.455184
v 0.433148 0.450972 0.445350
v 0.221227 0.441305 0.452387
v 0.196803 0.581842 0.455066
v -0.513080 -0.847353 0.466372
v 0.656165 -0.537947 0.453752
v -0.010801 -0.513183 0.457245
v 0.783010 -0.513528 0.455685
v 0.854048 -0.412402 0.493650
v 0.829090 -0.210704 0.495118
v 0.402015 -0.082505 0.453827
v 0.712198 -0.003596 0.446699
v 0.613527 0.020705 0.460174
v 0.142234 0.426891 0.464376
v 0.249012 0.480010 0.445561
v 0.360836 0.749362 0.447799
v -0.432307 -0.803587 0.482390
v -0.536534 -0.824527 0.462950
v -0.287770 -0.739186 0.469727
v -0.106137 -0.518214 0.482252
v 0.638804 -0.537493 0.458524
v 0.585346 -0.523031 0.480293
v -0.068549 -0.484281 0.489916
v -0.245066 -0.479871 0.447847
v 0.654131 0.019702 0.451371
v 0.416011 0.447331 0.487900
v 0.522582 0.649248 0.473781
v 0.264222 0.761324 0.475681
v 0.750045 -0.540230 0.466244
v -0.311253 -0.449756 0.451172
v 0.428811 -0.386813 0.459058
v 0.799692 -0.096707 0.463971
v 0.791321 -0.053191 0.463468
v 0.758031 -0.015717 0.456576
v 0.471641 0.436967 0.461772
v 0.377301 0.436145 0.499160
v 0.554184 0.503225 0.441464
v 0.194623 0.610177 0.456310
v -0.170605 -0.600872 0.473134
v -0.617279 -0.564034 0.491642
v 0.648859 -0.548307 0.472468
v -0.574329 -0.519585 0.475838
v -0.234874 -0.503989 0.498008
v -0.371835 -0.443783 0.473063
v 0.356918 -0.223891 0.465576
v 0.364953 -0.172205 0.477601
v 0.667387 0.081585 0.465304
v 0.253921 0.445230 0.462022
v 0.551409 0.500710 0.477640
v 0.168850 0.573913 0.468892
v 0.451753 0.675440 0.469824
v -0.644975 -0.706462 0.489047
v -0.183393 -0.612377 0.487641
v 0.731427 -0.553123 0.491763
v 0.406053 -0.331844 0.470197
v 0.369817 -0.135870 0.468272
v 0.526313 -0.011115 0.494581
v 0.757192 0.080395 0.485552
v 0.618478 0.072918 0.464295
v 0.522291 0.426150 0.462077
v 0.193798 0.423858 0.461716
v 0.536729 0.465309 0.466445
v 0.107276 0.531908 0.485703
v 0.189790 0.660368 0.491418
v -0.286528 -0.470741 0.493323
v 0.481552 -0.039469 0.510930
v 0.452947 0.433089 0.500278
v 0.288426 0.454674 0.470365
v 0.264215 0.461519 0.462930
v 0.638281 -0.534274 0.468131
v -0.031882 -0.497446 0.478980
v 0.477685 -0.430703 0.487015
v -0.105329 -0.482777 0.497157
v 0.858716 -0.279322 0.532519
v 0.503685 0.438684 0.471573
v 0.181801 0.585854 0.475718
v 0.397248 0.723484 0.511588
v -0.612485 -0.768468 0.494880
v 0.805332 -0.007122 0.484653
v 0.698884 0.119072 0.482064
v 0.609318 0.106531 0.472464
v 0.635905 0.163121 0.489078
v 0.225999 0.422037 0.489510
v 0.277417 0.432643 0.475076
v 0.306494 0.448009 0.483220
v 0.527917 0.548193 0.498015
v 0.461238 0.651251 0.471368
v 0.343999 0.738581 0.471617
v -0.509191 -0.809426 0.522434
v -0.631966 -0.737626 0.507427
v 0.825705 -0.493303 0.507394
v 0.820068 -0.138215 0.487838
v 0.791179 0.056127 0.493240
v 0.109021 0.508471 0.519021
v 0.531642 0.611163 0.483698
v 0.617054 -0.526856 0.482422
v -0.554651 -0.494864 0.503085
v 0.843410 -0.459175 0.498726
v -0.365027 -0.451507 0.531961
v 0.420460 -0.276587 0.514521
v 0.414240 -0.108514 0.506935
v 0.550507 -0.000278 0.491990
v 0.568021 0.012363 0.482905
v 0.520599 0.108447 0.497020
v 0.459382 0.640850 0.491982
v -0.533794 -0.824742 0.525293
v -0.541671 -0.825377 0.520030
v -0.272828 -0.650383 0.533852
v -0.168390 -0.531317 0.509324
v -0.054474 -0.498566 0.488587
v 0.820408 -0.049079 0.491339
v 0.508193 0.071628 0.502526
v 0.533165 0.463370 0.502518
v 0.212270 0.701016 0.486997
v 0.369042 0.727692 0.506840
v -0.385104 -0.726332 0.532300
v 0.615520 -0.532975 0.494448
v 0.466858 -0.391482 0.510679
v 0.366589 0.436521 0.501646
v 0.501670 0.436180 0.504890
v 0.104458 0.472962 0.496138
v 0.422277 0.700212 0.524869
v -0.558304 -0.800894 0.501460
v 0.672527 -0.557815 0.498117
v 0.556518 -0.489597 0.519215
v -0.507803 -0.460618 0.532757
v -0.440690 -0.439682 0.531672
v 0.454479 -0.334367 0.535289
v 0.532932 0.164278 0.505137
v 0.149696 0.426420 0.492709
v 0.302988 0.417193 0.512489
v 0.181717 0.635721 0.514903
v 0.496558 0.644432 0.500444
v 0.246943 0.709649 0.530399
v -0.453065 -0.760229 0.536058
v -0.226475 -0.637181 0.505400
v 0.395809 -0.239516 0.506755
v 0.394599 -0.176744 0.519354
v 0.737636 0.144947 0.504624
v 0.697711 0.186549 0.512610
v 0.297953 0.405336 0.542489
v 0.340959 0.706293 0.508153
v 0.317285 0.740027 0.499230
v -0.639556 -0.613128 0.539713
v 0.642665 -0.547933 0.531759
v 0.597381 -0.517187 0.498714
v -0.155862 -0.492216 0.519419
v -0.075703 -0.488406 0.499274
v 0.852918 -0.250259 0.534531
v 0.837992 -0.166477 0.526768
v 0.827925 0.009703 0.513201
v 0.531745 -0.003795 0.506163
v 0.330913 0.445768 0.525954
v 0.525542 0.489270 0.519338
v 0.187873 0.588587 0.506858
v 0.517043 0.633707 0.500899
v 0.791543 -0.535852 0.539057
v 0.903307 -0.365087 0.548675
v 0.398074 -0.139772 0.514128
v 0.536341 -0.007537 0.503227
v 0.812537 0.075296 0.521508
v 0.205027 0.682706 0.514794
v -0.209186 -0.637807 0.514590
v -0.620636 -0.564052 0.552206
v -0.172155 -0.511428 0.529589
v -0.589729 -0.520583 0.540593
v 0.465743 0.054715 0.525628
v 0.796186 0.098426 0.517348
v 0.666806 0.212686 0.521035
v 0.592091 0.211623 0.514734
v 0.434383 0.676504 0.540624
v -0.640232 -0.679009 0.538435
v 0.615587 -0.532480 0.541536
v 0.583819 -0.507891 0.514548
v -0.105880 -0.490732 0.510833
v 0.882088 -0.482599 0.543258
v 0.842290 -0.036277 0.530429
v 0.503570 -0.021421 0.513707
v 0.162440 0.430588 0.526545
v 0.128488 0.531264 0.537244
v 0.160381 0.557690 0.542240
v 0.184860 0.569970 0.540691
v 0.521520 0.586902 0.516288
v 0.460291 0.601922 0.532391
v -0.322713 -0.704590 0.520247
v -0.187540 -0.538313 0.530851
v 0.903911 -0.421356 0.541828
v 0.774215 0.135274 0.523081
v 0.740056 0.177990 0.532120
v 0.335416 0.423052 0.550009
v 0.449713 0.457107 0.523956
v -0.346394 -0.465859 0.554020
v 0.456702 -0.062982 0.532478
v 0.484232 -0.036374 0.525206
v 0.475296 -0.008905 0.520270
v 0.531948 0.213290 0.528746
v 0.132344 0.450355 0.530401
v 0.444495 0.650115 0.548165
v 0.324533 0.728559 0.537622
v -0.575338 -0.774451 0.538025
v -0.608874 -0.745856 0.541818
v 0.707357 -0.564245 0.565870
v 0.454442 -0.249357 0.576551
v 0.483369 0.197194 0.539198
v 0.374953 0.445545 0.520048
v 0.492734 0.451983 0.524825
v 0.508602 0.502401 0.527591
v 0.494903 0.585682 0.539999
v -0.556845 -0.804512 0.550086
v -0.205252 -0.612183 0.534972
v -0.193046 -0.511472 0.537037
v 0.422095 -0.134297 0.557294
v 0.442878 0.158284 0.546989
v 0.551927 0.248053 0.552627
v 0.610380 0.240633 0.543644
v 0.512894 0.529316 0.544291
v -0.230930 -0.608178 0.530784
v 0.561506 -0.476620 0.539946
v 0.505499 -0.417435 0.546785
v 0.846108 -0.203867 0.551716
v 0.441321 -0.088814 0.552984
v 0.450133 -0.000102 0.533078
v 0.438857 0.058168 0.542369
v 0.270371 0.708767 0.564406
v 0.838489 -0.514785 0.540326
v -0.550416 -0.486458 0.555242
v 0.892722 -0.277779 0.588639
v 0.447140 -0.021104 0.543274
v 0.246341 0.406457 0.576123
v 0.430139 0.459342 0.542768
v 0.497990 0.536886 0.563177
v 0.196060 0.628307 0.537176
v 0.205143 0.664096 0.545865
v 0.365835 0.695338 0.546679
v 0.340160 0.689816 0.530646
v 0.305516 0.730355 0.546129
v -0.203411 -0.538224 0.566885
v -0.223773 -0.533195 0.556772
v 0.435173 -0.199025 0.566543
v 0.471677 -0.048221 0.541568
v 0.848955 0.014314 0.569525
v 0.704968 0.210935 0.548147
v 0.478911 0.469281 0.533195
v 0.205893 0.595826 0.528742
v 0.406095 0.689583 0.549659
v 0.574428 -0.498842 0.564263
v 0.826296 0.087624 0.574187
v 0.779821 0.164809 0.580034
v 0.650659 0.238871 0.555497
v 0.187374 0.425096 0.561615
v 0.500114 0.499402 0.554149
v -0.216681 -0.571707 0.556479
v 0.797622 0.137820 0.577165
v 0.507777 0.243198 0.563542
v 0.329449 0.407027 0.575548
v 0.355225 0.469923 0.561120
v 0.370653 0.473768 0.557644
v 0.391869 0.487613 0.559190
v 0.133817 0.504910 0.556090
v -0.617726 -0.701659 0.573534
v 0.760075 -0.558258 0.571962
v 0.540187 -0.441171 0.557383
v 0.850090 -0.234857 0.554854
v 0.409797 0.121464 0.569623
v 0.208717 0.583479 0.550819
v 0.210509 0.588454 0.552936
v -0.622759 -0.586444 0.576838
v 0.794635 -0.547590 0.561959
v 0.864188 -0.528663 0.570557
v -0.292819 -0.511584 0.576943
v 0.853424 -0.172592 0.568765
v 0.851682 -0.066271 0.561080
v 0.456719 -0.080877 0.574439
v 0.462663 -0.065784 0.558776
v 0.433060 -0.007780 0.550171
v 0.171904 0.443479 0.567935
v -0.232809 -0.563058 0.558718
v 0.538999 -0.445483 0.574549
v 0.893992 -0.471107 0.562047
v 0.413852 0.174187 0.578599
v 0.354173 0.486864 0.575800
v 0.458818 0.491145 0.576167
v 0.426303 0.484774 0.568301
v 0.183211 0.553840 0.573522
v 0.202568 0.609116 0.573294
v 0.201692 0.623922 0.589072
v 0.240239 0.686350 0.598565
v 0.340654 0.673435 0.552670
v -0.585347 -0.739722 0.579600
v -0.466533 -0.646430 0.643996
v -0.620131 -0.643570 0.598314
v 0.843676 -0.544713 0.574970
v 0.914775 -0.410009 0.563808
v -0.426684 -0.452002 0.577407
v 0.849387 -0.225776 0.564391
v 0.484381 0.500623 0.575141
v 0.370911 0.656462 0.585774
v -0.568578 -0.777918 0.588925
v -0.352996 -0.565744 0.643354
v 0.661869 -0.551262 0.601151
v -0.591940 -0.531936 0.589515
v 0.447921 0.569865 0.567438
v 0.215899 0.576959 0.564316
v 0.340693 0.654999 0.564529
v -0.462474 -0.700918 0.596217
v -0.223334 -0.545293 0.567815
v -0.491965 -0.463483 0.591730
v 0.484343 -0.322076 0.591683
v 0.401363 0.020837 0.581902
v 0.763024 0.185204 0.583503
v 0.587559 0.265289 0.591011
v 0.350255 0.435987 0.587755
v 0.217802 0.565802 0.572664
v 0.456040 0.538817 0.587852
v 0.319909 0.709135 0.563082
v 0.323202 0.670736 0.588113
v -0.545745 -0.742476 0.606672
v 0.819499 -0.564304 0.589206
v 0.618246 -0.522591 0.639703
v 0.521666 -0.400577 0.574116
v 0.913652 -0.348629 0.582972
v 0.428357 0.214392 0.593889
v 0.460434 0.244916 0.598988
v 0.282195 0.691515 0.597245
v -0.370470 -0.473563 0.587063
v 0.707348 0.227870 0.596340
v 0.357405 0.471541 0.587304
v 0.222731 0.571926 0.574375
v 0.714037 -0.566569 0.626725
v 0.785847 -0.574682 0.609191
v 0.506338 -0.363199 0.583688
v 0.513831 -0.366644 0.587286
v 0.473086 -0.216929 0.612291
v 0.436350 -0.131879 0.573303
v 0.453818 -0.109694 0.583709
v 0.304166 0.401788 0.598244
v 0.410403 0.524956 0.579836
v 0.185169 0.529994 0.591765
v 0.337937 0.633872 0.586254
v 0.844959 -0.532422 0.590742
v -0.538409 -0.496173 0.613519
v 0.453332 -0.099377 0.588668
v 0.233143 0.417771 0.584687
v 0.357458 0.491799 0.576314
v 0.449320 0.522520 0.591761
v 0.234330 0.563096 0.582546
v 0.416637 0.607444 0.610788
v 0.298325 0.686132 0.597361
v -0.268452 -0.519315 0.611442
v 0.871026 -0.396610 0.609031
v 0.888341 -0.230402 0.619077
v 0.864017 -0.222620 0.606986
v 0.404081 -0.070360 0.628808
v 0.882564 -0.035323 0.606299
v 0.365501 0.133157 0.624155
v 0.831050 0.111521 0.597100
v 0.798659 0.157780 0.589690
v 0.212468 0.553119 0.589120
v 0.428774 0.548037 0.581703
v 0.227518 0.665725 0.613733
v 0.506172 -0.370281 0.608169
v 0.458809 -0.115333 0.591271
v 0.429936 -0.099643 0.610530
v 0.850950 0.067247 0.598981
v 0.520440 0.272009 0.611922
v 0.320011 0.406423 0.602697
v 0.254016 0.434869 0.604249
v 0.335112 0.503880 0.589007
v -0.290211 -0.554674 0.609080
v 0.506416 -0.332212 0.598504
v 0.461184 -0.130967 0.594007
v 0.458975 -0.125782 0.598753
v 0.866899 0.023591 0.607828
v 0.730795 0.236661 0.609997
v 0.649732 0.255122 0.618242
v 0.349160 0.537015 0.616874
v 0.395490 0.556755 0.619151
v 0.247302 0.541151 0.605508
v -0.264243 -0.529697 0.614279
v 0.515293 -0.320940 0.592224
v 0.504149 -0.299811 0.592661
v 0.494310 -0.312677 0.602022
v 0.467120 -0.152533 0.603184
v 0.809280 0.149804 0.603055
v 0.771118 0.201958 0.607020
v 0.242666 0.504027 0.616139
v 0.255344 0.554502 0.586513
v 0.269658 0.549546 0.580628
v 0.288744 0.536396 0.592665
v 0.292637 0.568929 0.601873
v 0.218154 0.615633 0.613879
v 0.396937 0.617488 0.620450
v -0.579630 -0.733881 0.629002
v -0.584952 -0.694494 0.617549
v -0.368251 -0.509312 0.630656
v -0.477103 -0.485576 0.629600
v 0.902098 -0.288993 0.607674
v 0.484844 -0.284416 0.606767
v 0.512638 -0.311863 0.603278
v 0.518221 -0.273800 0.600877
v 0.509802 -0.253451 0.597409
v 0.886596 -0.129254 0.626427
v 0.413523 0.243070 0.653655
v 0.315374 0.498103 0.614330
v 0.324586 0.509395 0.594450
v 0.317311 0.524000 0.601482
v 0.277182 0.530764 0.606406
v 0.238401 0.533915 0.609923
v 0.329766 0.619548 0.603987
v 0.360634 0.626000 0.619166
v -0.598885 -0.655461 0.623345
v -0.424141 -0.486740 0.625663
v 0.505077 -0.374501 0.653801
v 0.877039 -0.172081 0.624812
v 0.475214 -0.176037 0.611825
v 0.333005 0.449039 0.612767
v 0.309430 0.517007 0.603155
v 0.298349 0.528762 0.595721
v 0.401755 0.584568 0.624773
v -0.593563 -0.596794 0.632378
v 0.795154 -0.555230 0.632358
v 0.537555 -0.438651 0.643132
v 0.490269 -0.305479 0.620829
v 0.505647 -0.269551 0.611813
v 0.864646 -0.222559 0.619334
v 0.464536 -0.166636 0.620766
v 0.837714 0.094505 0.608356
v 0.684378 0.259076 0.622167
v 0.316975 0.550092 0.614869
v 0.268828 0.585705 0.627321
v 0.491465 -0.265978 0.615843
v 0.488077 -0.249574 0.619942
v 0.887800 -0.047852 0.620514
v 0.359809 0.093161 0.634204
v 0.380502 0.213752 0.652969
v 0.720895 0.240317 0.625754
v 0.595069 0.271375 0.650398
v 0.322970 0.608534 0.614511
v 0.286264 0.638977 0.636846
v 0.254677 0.674667 0.625949
v 0.267056 0.660151 0.636317
v -0.566161 -0.704988 0.655142
v -0.568849 -0.542675 0.631608
v 0.573012 -0.482640 0.651362
v 0.740016 -0.460464 0.708735
v 0.477521 -0.191599 0.619889
v 0.466934 -0.181386 0.628844
v 0.374749 -0.064001 0.670811
v 0.764582 0.109168 0.658862
v 0.351665 0.175906 0.668958
v 0.297049 0.450753 0.622910
v 0.309185 0.471251 0.622909
v 0.285623 0.506437 0.620907
v 0.312683 0.593429 0.616950
v -0.318900 -0.532014 0.655965
v 0.856377 -0.312343 0.642441
v 0.477723 -0.255974 0.630045
v 0.480878 -0.224541 0.620376
v 0.360277 0.036946 0.647225
v 0.703865 0.226979 0.647803
v 0.340440 0.599452 0.628718
v 0.652098 -0.537756 0.655397
v 0.867894 -0.053202 0.637016
v 0.691294 0.260085 0.630314
v 0.348881 0.582768 0.634594
v 0.244475 0.649773 0.637301
v 0.875413 -0.257885 0.631408
v 0.804223 -0.245034 0.620659
v 0.816697 -0.204086 0.632139
v 0.786888 -0.237195 0.631039
v 0.861743 -0.189540 0.632455
v 0.402046 -0.100413 0.653583
v 0.883497 -0.102062 0.633629
v 0.483086 0.269906 0.653240
v -0.312205 -0.523270 0.649913
v -0.529529 -0.532049 0.651891
v 0.480065 -0.306873 0.657379
v 0.786758 -0.249106 0.633171
v 0.851001 -0.236113 0.628891
v 0.781207 0.003978 0.694644
v 0.265695 0.616701 0.644148
v -0.511759 -0.638956 0.678492
v -0.572025 -0.684510 0.663026
v -0.570436 -0.644546 0.652871
v 0.834467 -0.248786 0.628664
v 0.614181 0.283659 0.659210
v 0.263185 0.647473 0.643779
v 0.454142 -0.209938 0.683926
v 0.834560 -0.171083 0.639671
v 0.445732 -0.154904 0.646825
v 0.857173 -0.122121 0.644127
v 0.649445 0.276205 0.653428
v 0.542590 0.274618 0.682773
v -0.548626 -0.600488 0.666675
v 0.772693 -0.250770 0.643343
v 0.741830 -0.556451 0.680367
v 0.624054 -0.512956 0.678384
v -0.415484 -0.518497 0.652149
v 0.521856 -0.396255 0.681093
v 0.762757 -0.419920 0.697861
v 0.813419 -0.279740 0.680520
v 0.793293 -0.268390 0.673219
v 0.750819 -0.244586 0.661896
v 0.803020 -0.177888 0.658598
v -0.363981 -0.530000 0.679987
v -0.447012 -0.530705 0.664374
v 0.746665 -0.252793 0.664995
v 0.821508 -0.120605 0.669048
v -0.422897 -0.571266 0.683785
v 0.751455 -0.538861 0.682004
v -0.503695 -0.556114 0.673601
v -0.399635 -0.529841 0.683348
v -0.544558 -0.645716 0.696186
v 0.400607 -0.135766 0.704567
v 0.761794 -0.064304 0.724793
v 0.601514 0.285259 0.681575
v 0.705646 -0.542541 0.695408
v 0.371771 0.221020 0.698199
v 0.453419 0.259147 0.713734
v 0.564246 -0.450838 0.690516
v 0.571725 0.289708 0.688513
v -0.443292 -0.545231 0.699127
v 0.327884 0.023427 0.701073
v 0.313845 0.098829 0.712148
v 0.590433 0.246897 0.712877
v -0.533255 -0.612198 0.702199
v -0.407723 -0.553081 0.700316
v 0.727613 -0.256455 0.678844
v 0.709687 -0.150946 0.751371
v 0.712277 -0.251945 0.692962
v 0.436618 -0.183184 0.712545
v -0.487338 -0.570423 0.706492
v 0.659497 -0.518705 0.692864
v 0.503111 -0.336895 0.710677
v 0.707736 -0.260790 0.694798
v 0.721679 -0.537449 0.709940
v 0.724870 -0.283754 0.731343
v 0.728973 -0.198700 0.713053
v 0.402357 0.242365 0.706720
v 0.541099 0.286785 0.707553
v 0.465482 -0.241282 0.720774
v 0.669708 0.076783 0.737237
v 0.331159 0.172359 0.724695
v 0.491696 0.262405 0.721314
v -0.491816 -0.600751 0.712668
v -0.439396 -0.557824 0.712582
v 0.629103 -0.493640 0.703642
v 0.704801 -0.503341 0.737002
v 0.330234 -0.041863 0.737226
v 0.713656 -0.528182 0.719514
v 0.674926 -0.498715 0.730869
v 0.643865 -0.491951 0.711212
v 0.535790 -0.359690 0.732724
v 0.732334 -0.303750 0.745517
v 0.748226 -0.023360 0.727868
v 0.685078 -0.263252 0.707912
v 0.301932 0.044456 0.747578
v 0.583488 -0.443514 0.714477
v 0.343194 -0.077780 0.749485
v 0.539584 0.282369 0.726676
v 0.701775 -0.510763 0.735970
v 0.624399 -0.444604 0.736633
v 0.520959 0.282818 0.730219
v 0.669586 -0.270055 0.722337
v 0.297317 0.093810 0.766636
v 0.336948 0.183210 0.755283
v 0.691139 -0.110314 0.777049
v 0.357874 0.201354 0.767019
v 0.674984 -0.459959 0.771344
v 0.649581 -0.267311 0.734635
v 0.471453 -0.226323 0.751671
v 0.449304 -0.196894 0.754781
v 0.409629 0.234974 0.752318
v 0.498181 0.263051 0.770628
v 0.599994 -0.376786 0.763393
v 0.571174 -0.352703 0.761848
v 0.649693 -0.275487 0.737902
v 0.377694 -0.128661 0.765958
v 0.483690 0.263066 0.763932
v 0.695869 -0.416719 0.757800
v 0.509549 -0.244091 0.774960
v 0.634009 -0.272619 0.746318
v 0.666915 -0.060709 0.795305
v 0.458434 0.246024 0.755751
v 0.691174 -0.485587 0.755826
v 0.309349 -0.023175 0.781740
v 0.634740 -0.298360 0.794294
v 0.623338 -0.281430 0.755675
v 0.627309 -0.242776 0.770337
v 0.495389 0.189756 0.808515
v 0.636200 -0.188387 0.792990
v 0.676003 -0.445350 0.777475
v 0.645639 -0.398453 0.803732
v 0.355745 -0.104600 0.796057
v 0.624895 0.002253 0.803393
v 0.305211 0.123716 0.789642
v 0.665895 -0.317869 0.797360
v 0.635407 -0.372227 0.815582
v 0.297357 0.020056 0.790513
v 0.357607 0.170463 0.824445
v 0.424446 0.209738 0.802163
v 0.583833 -0.319784 0.782804
v 0.643488 -0.313440 0.801598
v 0.564271 -0.263811 0.798813
v 0.604778 -0.242103 0.798885
v 0.472359 -0.201061 0.787657
v 0.397702 -0.140097 0.803337
v 0.559402 0.056956 0.824636
v 0.661866 -0.431238 0.787536
v 0.611874 -0.289449 0.776237
v 0.305633 -0.016067 0.813947
v 0.445771 0.226917 0.817906
v 0.465538 0.237551 0.809647
v 0.658525 -0.411243 0.796090
v 0.641690 -0.371326 0.815298
v 0.603757 -0.299376 0.797407
v 0.591257 -0.262701 0.822767
v 0.321199 -0.047786 0.831165
v 0.326697 0.135564 0.830422
v 0.297271 0.044038 0.829483
v 0.299062 0.077482 0.825911
v 0.519264 -0.205726 0.816263
v 0.616303 -0.315018 0.818440
v 0.592090 -0.121625 0.848541
v 0.628910 -0.344793 0.828361
v 0.582555 -0.167319 0.850389
v 0.516584 -0.007166 0.877308
v 0.622027 -0.325125 0.831085
v 0.550036 -0.078089 0.874934
v 0.557891 -0.217079 0.856805
v 0.570394 -0.212506 0.860918
v 0.358547 -0.087341 0.846892
v 0.406858 -0.117511 0.853911
v 0.309255 0.017156 0.853668
v 0.399295 0.154911 0.855452
v 0.422119 0.191231 0.849898
v 0.441127 0.210115 0.841923
v 0.494702 0.059155 0.867449
v 0.472263 -0.122077 0.880536
v 0.328411 -0.031346 0.864212
v 0.351855 0.120755 0.863435
v 0.421169 0.159167 0.883445
v 0.315399 0.068721 0.858393
v 0.409599 0.148704 0.886496
v 0.498510 -0.131153 0.901997
v 0.360768 -0.056049 0.881719
v 0.344203 0.085533 0.878082
v 0.396907 -0.079635 0.886052
v 0.448531 0.057205 0.908844
v 0.539786 -0.164197 0.894511
v 0.526311 -0.100370 0.899979
v 0.514157 -0.045359 0.893069
v 0.344328 0.002341 0.890821
v 0.334064 0.032908 0.883045
v 0.393972 0.094396 0.890935
v 0.516313 -0.132402 0.912974
v 0.478729 -0.100484 0.915180
v 0.448474 -0.076753 0.902804
v 0.365920 0.030593 0.900060
v 0.379921 -0.021764 0.903877
v 0.402715 0.044840 0.907807
v 0.416623 0.085774 0.919672
v 0.408090 0.091023 0.915062
v 0.431242 -0.043759 0.910885
v 0.414912 0.001189 0.915078
v 0.413379 0.059768 0.926884
v 0.471876 -0.078571 0.928243
v 0.494450 -0.094897 0.927978
v 0.467306 -0.049875 0.939851
v 0.443189 -0.022855 0.937581
v 0.423070 0.017155 0.933702
v 0.437839 0.003440 0.939338
vn -0.2534 0.0475 -0.9662
vn 0.1332 -0.2861 -0.9489
vn -0.2449 -0.2903 -0.9251
vn 0.1326 0.0332 -0.9906
vn -0.1921 0.3328 -0.9232
vn -0.5018 0.1163 -0.8571
vn 0.0767 0.4055 -0.9109
vn 0.2266 0.0461 -0.9729
vn -0.1984 0.4197 -0.8857
vn 0.2857 0.3228 -0.9023
vn -0.1122 0.5382 -0.8353
vn 0.2503 -0.3045 -0.9190
vn 0.3172 -0.3144 -0.8947
vn -0.4338 0.4440 -0.7840
vn 0.1942 -0.6458 -0.7384
vn 0.2766 -0.5062 -0.8168
vn -0.4819 -0.0403 -0.8753
vn 0.4947 -0.0249 -0.8687
vn -0.6055 0.2553 -0.7538
vn -0.4962 0.3485 -0.7952
vn 0.5324 -0.3874 -0.7527
vn -0.3314 0.5838 -0.7412
vn -0.0374 0.7374 -0.6744
vn -0.1053 -0.5424 -0.8335
vn -0.3841 -0.3615 -0.8496
vn 0.4585 0.3500 -0.8168
vn 0.4415 -0.6999 -0.5614
vn -0.4550 0.6433 -0.6157
vn 0.2286 0.5713 -0.7882
vn -0.2602 0.7330 -0.6284
vn -0.5489 -0.2174 -0.8071
vn -0.6108 0.0457 -0.7905
vn 0.6937 -0.3465 -0.6314
vn -0.5988 0.4883 -0.6348
vn 0.3529 -0.7108 -0.6085
vn 0.4443 -0.7081 -0.5488
vn 0.5419 0.1613 -0.8248
vn -0.3530 -0.6279 -0.6936
vn 0.0306 -0.8252 -0.5640
vn 0.6981 -0.6078 -0.3786
vn 0.6217 -0.1991 -0.7575
vn -0.2568 0.8671 -0.4267
vn -0.5595 0.6795 -0.4746
vn 0.1261 0.7658 -0.6306
vn 0.3860 -0.8332 -0.3959
vn -0.6797 -0.1705 -0.7134
vn 0.3383 0.6461 -0.6842
vn 0.4719 -0.8138 -0.3391
vn -0.7186 0.1387 -0.6815
vn -0.7027 0.4400 -0.5591
vn -0.7026 0.6431 -0.3046
vn -0.5810 -0.5311 -0.6167
vn -0.0305 0.8796 -0.4748
vn 0.6278 -0.7522 -0.2003
vn 0.4980 -0.0159 -0.8670
vn -0.4645 0.7436 -0.4810
vn 0.0949 -0.9365 -0.3377
vn -0.2489 -0.8628 -0.4399
vn 0.4701 -0.6131 -0.6349
vn -0.7930 -0.0644 -0.6058
vn 0.4923 -0.8343 -0.2482
vn -0.5921 0.7400 -0.3193
vn 0.4709 0.6063 -0.6409
vn 0.1863 0.8717 -0.4532
vn -0.7090 0.4429 -0.5488
vn 0.1746 -0.3761 -0.9100
vn 0.4553 0.3553 -0.8164
vn -0.0716 0.9508 -0.3015
vn -0.6729 0.6647 -0.3245
vn -0.3537 -0.8891 -0.2905
vn -0.7505 -0.4039 -0.5230
vn 0.3371 -0.1085 -0.9352
vn -0.4839 0.8055 -0.3421
vn 0.2124 -0.9706 -0.1134
vn 0.5634 -0.8150 -0.1356
vn 0.5807 -0.7188 -0.3823
vn -0.0009 -0.2683 -0.9633
vn -0.6140 0.7708 -0.1699
vn -0.5415 -0.7436 -0.3922
vn 0.4927 0.2092 -0.8447
vn -0.0422 0.9603 -0.2758
vn -0.2431 -0.2150 -0.9459
vn 0.0633 -0.3624 -0.9299
vn -0.3816 -0.2411 -0.8923
vn 0.3521 0.5314 -0.7705
vn -0.7803 0.1720 -0.6012
vn 0.2130 -0.1502 -0.9654
vn 0.4410 0.0450 -0.8964
vn -0.1294 -0.2500 -0.9596
vn 0.0292 -0.0435 -0.9986
vn 0.0086 -0.3968 -0.9179
vn 0.1884 -0.2093 -0.9595
vn -0.1911 0.0750 -0.9787
vn -0.1705 0.3444 -0.9232
vn 0.0313 0.2508 -0.9675
vn 0.3148 0.1296 -0.9403
vn -0.0819 -0.9929 -0.0863
vn 0.2148 -0.5907 -0.7778
vn -0.1172 -0.2107 -0.9705
vn 0.4991 0.4461 -0.7429
vn -0.3358 -0.0611 -0.9400
vn 0.6145 0.3381 -0.7128
vn 0.5936 0.1876 -0.7826
vn -0.2524 0.9598 -0.1226
vn 0.2147 0.6612 -0.7189
vn -0.3547 0.1321 -0.9256
vn 0.6925 -0.2525 -0.6758
vn 0.5308 -0.7243 -0.4400
vn 0.0371 0.7035 -0.7097
vn 0.4347 -0.1386 -0.8898
vn -0.3287 0.1712 -0.9288
vn -0.0504 0.5518 -0.8324
vn 0.4292 -0.8619 -0.2700
vn -0.1116 -0.1574 -0.9812
vn -0.7026 0.4758 -0.5291
vn -0.5226 0.8102 -0.2655
vn 0.3374 0.5003 -0.7974
vn -0.4635 -0.6141 -0.6388
vn -0.2928 0.0010 -0.9562
vn 0.0423 0.4924 -0.8694
vn 0.2977 -0.2697 -0.9158
vn 0.6150 0.7342 -0.2877
vn 0.1825 -0.4340 -0.8822
vn 0.4797 -0.3309 -0.8126
vn -0.3410 0.4132 -0.8444
vn 0.1962 0.4346 -0.8790
vn -0.1426 -0.4346 -0.8893
vn -0.6524 0.7579 0.0059
vn -0.4337 -0.6246 -0.6495
vn 0.5884 0.4693 -0.6585
vn -0.1954 0.1441 -0.9701
vn 0.0438 0.1148 -0.9924
vn -0.0844 -0.1084 -0.9905
vn 0.2699 0.0596 -0.9610
vn -0.0181 -0.0496 -0.9986
vn 0.1277 -0.0620 -0.9899
vn 0.1835 0.0871 -0.9792
vn -0.7210 -0.4386 -0.5364
vn -0.2215 -0.3202 -0.9211
vn 0.3882 0.1061 -0.9154
vn -0.6734 0.7383 -0.0380
vn 0.5822 0.4834 -0.6537
vn 0.2439 0.5897 -0.7699
vn -0.0974 0.9853 -0.1403
vn -0.1834 0.8065 -0.5621
vn -0.7907 0.3042 -0.5312
vn 0.9730 -0.1068 -0.2045
vn -0.2029 0.6264 -0.7527
vn -0.0279 -0.3097 -0.9504
vn 0.1260 -0.1432 -0.9816
vn 0.1782 0.0875 -0.9801
vn 0.0090 0.1133 -0.9935
vn 0.2177 0.0742 -0.9732
vn -0.2106 -0.1457 -0.9667
vn 0.5383 0.1847 -0.8223
vn -0.5891 0.7079 -0.3897
vn -0.5383 0.7069 -0.4588
vn -0.1245 0.6727 -0.7294
vn -0.0151 -0.9966 -0.0808
vn -0.7514 0.0701 -0.6561
vn -0.0625 -0.5356 -0.8421
vn 0.0855 0.6604 -0.7460
vn 0.2412 -0.3478 -0.9060
vn -0.2026 -0.2412 -0.9491
vn -0.2853 -0.1181 -0.9511
vn -0.4021 0.0950 -0.9107
vn -0.1939 0.1263 -0.9728
vn 0.0548 -0.9959 0.0726
vn 0.4379 -0.8967 -0.0645
vn 0.3314 0.2026 -0.9215
vn -0.3062 -0.3528 -0.8842
vn 0.5568 0.2134 -0.8028
vn 0.6123 0.2985 -0.7321
vn -0.0147 0.6016 -0.7987
vn 0.7882 -0.1524 -0.5962
vn -0.4380 0.7576 -0.4840
vn -0.3997 0.6291 -0.6667
vn 0.4044 -0.4635 -0.7884
vn -0.3062 -0.2737 -0.9118
vn -0.4529 0.2079 -0.8670
vn 0.5714 0.0692 -0.8178
vn 0.3846 -0.2517 -0.8881
vn 0.5531 -0.0477 -0.8318
vn 0.4309 -0.0715 -0.8995
vn -0.3676 -0.1066 -0.9239
vn -0.7575 -0.1533 -0.6345
vn -0.3444 -0.4989 -0.7953
vn 0.6645 0.3736 -0.6472
vn -0.5617 0.8213 0.1002
vn -0.0325 -0.9995 -0.0014
vn 0.5244 -0.7504 -0.4024
vn -0.6826 -0.6160 -0.3933
vn -0.1684 -0.5059 -0.8460
vn 0.6247 -0.2395 -0.7432
vn 0.4632 0.3559 -0.8116
vn 0.4352 0.1692 -0.8843
vn -0.3316 0.1137 -0.9365
vn 0.5385 0.1913 -0.8206
vn 0.4054 0.2892 -0.8672
vn -0.8129 0.4149 -0.4086
vn 0.5241 0.5977 -0.6067
vn 0.0406 0.9357 -0.3503
vn 0.3963 0.4780 -0.7838
vn -0.1805 0.4860 -0.8551
vn 0.0898 -0.5282 -0.8444
vn 0.4872 0.2931 -0.8226
vn 0.0479 0.9694 -0.2406
vn 0.8578 -0.4370 0.2705
vn -0.4838 -0.0595 -0.8731
vn 0.2734 0.6051 -0.7477
vn -0.0458 0.7768 -0.6280
vn 0.0839 -0.5085 -0.8570
vn -0.1161 -0.4972 -0.8598
vn -0.3888 -0.1886 -0.9018
vn 0.4581 -0.3168 -0.8305
vn 0.6448 -0.4653 -0.6064
vn -0.5120 0.1085 -0.8521
vn -0.2495 -0.9576 -0.1441
vn -0.2688 -0.3907 -0.8804
vn -0.4795 0.8702 -0.1129
vn 0.6021 0.4600 -0.6526
vn -0.2383 0.6137 -0.7527
vn -0.6064 -0.6536 -0.4529
vn -0.5785 -0.1316 -0.8050
vn 0.2584 0.3852 -0.8859
vn 0.4385 0.2339 -0.8678
vn 0.4078 0.3243 -0.8535
vn -0.2650 0.4751 -0.8391
vn -0.2822 -0.3458 -0.8949
vn -0.7268 -0.4683 -0.5025
vn -0.8838 0.0995 -0.4571
vn -0.1685 -0.9458 0.2778
vn 0.4259 -0.5307 -0.7328
vn 0.6748 -0.3741 -0.6362
vn -0.6368 0.0965 -0.7650
vn 0.6921 -0.0671 -0.7187
vn -0.5693 -0.0039 -0.8221
vn -0.4769 -0.1379 -0.8681
vn 0.6193 -0.7852 0.0001
vn -0.8599 -0.1650 -0.4831
vn 0.4485 -0.8846 -0.1278
vn -0.6494 0.6808 -0.3387
vn -0.3523 0.8787 0.3221
vn -0.3649 0.9307 0.0257
vn 0.0708 -0.9505 -0.3026
vn 0.5483 -0.8219 -0.1544
vn 0.1127 -0.0573 -0.9920
vn 0.6563 0.0046 -0.7545
vn 0.3768 -0.7381 -0.5597
vn 0.3678 0.6760 -0.6386
vn -0.4013 -0.3980 -0.8250
vn 0.6135 -0.4034 -0.6788
vn -0.2860 0.6850 -0.6700
vn 0.4153 -0.4902 -0.7663
vn 0.6038 -0.3302 -0.7255
vn 0.6832 0.0207 -0.7300
vn -0.5431 -0.7506 -0.3764
vn -0.5504 0.7964 0.2506
vn -0.5676 0.7109 0.4153
vn -0.4302 0.7701 -0.4710
vn 0.4156 0.7734 -0.4788
vn -0.2162 -0.1633 -0.9626
vn 0.2445 -0.8314 -0.4990
vn -0.0840 0.4734 -0.8768
vn 0.8760 0.3641 -0.3163
vn 0.2658 -0.4089 -0.8730
vn -0.4947 -0.2570 -0.8302
vn 0.6316 0.3677 -0.6825
vn 0.3403 -0.6172 -0.7094
vn -0.3054 -0.9079 0.2872
vn 0.5728 -0.6959 0.4331
vn -0.2787 0.2069 -0.9378
vn -0.1732 -0.7837 -0.5964
vn -0.0589 0.2510 -0.9662
vn -0.0294 0.4939 -0.8690
vn -0.1280 0.6419 -0.7560
vn -0.0548 -0.0655 -0.9964
vn -0.1215 -0.1635 -0.9790
vn 0.0079 -0.0553 -0.9984
vn 0.6916 -0.0175 -0.7221
vn -0.1593 0.8306 -0.5336
vn 0.2224 -0.6089 -0.7614
vn -0.5702 -0.1034 -0.8150
vn -0.1690 -0.7426 -0.6480
vn -0.5219 0.8507 -0.0636
vn -0.4876 0.8686 0.0886
vn -0.4719 0.6418 -0.6045
vn -0.1440 0.7589 -0.6350
vn 0.0577 -0.9008 0.4303
vn -0.1498 -0.3633 -0.9195
vn 0.9122 -0.3955 -0.1074
vn -0.1799 0.4753 -0.8612
vn 0.1611 0.0921 -0.9826
vn -0.5600 0.1832 -0.8080
vn -0.4574 0.4796 -0.7489
vn 0.6904 0.2554 -0.6769
vn -0.1593 -0.5599 -0.8131
vn 0.7508 -0.0410 -0.6592
vn 0.6278 0.2184 -0.7471
vn 0.2282 -0.9507 0.2101
vn -0.1855 -0.9603 -0.2085
vn -0.3139 -0.4687 -0.8257
vn 0.5457 0.4068 -0.7326
vn 0.5368 0.6149 -0.5778
vn -0.5416 0.6499 0.5333
vn -0.4977 0.7146 0.4916
vn 0.4900 0.7407 -0.4597
vn 0.1175 -0.5693 -0.8137
vn -0.6294 -0.0138 -0.7769
vn 0.0378 0.1569 -0.9869
vn -0.1030 -0.9780 -0.1814
vn -0.1443 0.6748 -0.7238
vn -0.2033 0.1992 -0.9587
vn -0.1633 -0.8979 -0.4087
vn 0.0468 -0.9059 -0.4210
vn -0.5990 0.1705 -0.7824
vn -0.0639 0.4831 -0.8732
vn -0.0054 0.1103 -0.9939
vn 0.2487 0.1784 -0.9520
vn 0.0877 -0.1601 -0.9832
vn 0.1528 -0.0023 -0.9883
vn -0.0395 -0.0425 -0.9983
vn 0.2959 -0.4173 -0.8593
vn -0.1843 -0.0849 -0.9792
vn 0.1279 0.0653 -0.9896
vn -0.2500 -0.6433 -0.7236
vn -0.5865 -0.1920 -0.7868
vn 0.0432 0.8180 -0.5736
vn 0.0322 -0.7201 -0.6931
vn -0.7419 0.0625 -0.6676
vn 0.0224 -0.9992 0.0329
vn 0.4329 -0.8826 0.1834
vn -0.6671 0.1259 -0.7343
vn -0.4449 0.8520 -0.2758
vn 0.3215 0.8922 -0.3172
vn 0.1173 -0.6224 -0.7738
vn -0.6427 -0.1545 -0.7504
vn -0.2203 -0.1867 -0.9574
vn -0.0860 -0.1512 -0.9848
vn 0.3051 -0.2107 -0.9287
vn -0.2613 -0.3017 -0.9169
vn 0.2704 0.0030 -0.9627
vn 0.3985 0.1154 -0.9099
vn 0.5536 0.4398 -0.7071
vn -0.3985 -0.8666 -0.3004
vn 0.6859 0.3659 -0.6290
vn -0.4692 -0.8252 -0.3144
vn -0.6395 -0.7413 -0.2037
vn 0.0865 0.3630 -0.9278
vn 0.2878 0.2686 -0.9193
vn -0.3794 -0.3073 -0.8727
vn 0.0111 -0.9974 -0.0707
vn -0.4857 -0.2268 -0.8442
vn -0.8457 -0.3708 -0.3839
vn 0.6158 0.4165 -0.6689
vn -0.3461 0.9353 0.0737
vn 0.2687 -0.9104 -0.3146
vn 0.4454 0.8277 -0.3413
vn 0.7534 -0.5810 -0.3079
vn -0.7602 0.4251 -0.4912
vn 0.3422 -0.9162 0.2086
vn 0.3724 -0.9141 -0.1606
vn 0.7442 -0.2289 0.6275
vn -0.4978 -0.8623 0.0934
vn 0.7955 0.6027 -0.0630
vn 0.2653 0.3634 -0.8931
vn -0.6384 0.0361 -0.7689
vn 0.7407 -0.1154 -0.6619
vn 0.6379 -0.3670 -0.6771
vn 0.3033 0.6603 -0.6870
vn -0.1900 -0.6137 -0.7663
vn -0.6380 -0.1412 -0.7569
vn 0.2669 -0.8720 -0.4103
vn -0.5747 0.7674 -0.2843
vn 0.4202 0.8814 -0.2159
vn -0.3681 0.7041 -0.6072
vn 0.4409 0.6780 -0.5881
vn -0.3528 -0.3541 -0.8661
vn -0.5745 0.4495 -0.6840
vn -0.2502 0.8296 -0.4991
vn 0.7451 -0.2897 -0.6007
vn 0.7976 -0.2033 -0.5679
vn -0.4110 -0.5445 -0.7312
vn -0.6715 -0.6484 -0.3587
vn -0.3544 -0.7431 -0.5677
vn 0.5715 0.4046 -0.7139
vn -0.2441 -0.7001 -0.6711
vn -0.9157 0.0527 -0.3985
vn -0.3222 0.8628 0.3894
vn -0.4795 0.8194 0.3141
vn 0.4189 -0.9079 -0.0128
vn -0.9217 -0.3214 -0.2172
vn -0.1625 -0.9668 -0.1972
vn 0.5282 -0.8237 0.2062
vn 0.0049 0.9281 -0.3723
vn -0.1291 0.4059 0.9048
vn -0.9424 0.0177 0.3342
vn -0.1329 -0.1855 0.9736
vn 0.2463 -0.0400 -0.9684
vn 0.5604 0.4507 -0.6948
vn -0.3669 -0.2204 -0.9038
vn 0.2921 -0.2422 -0.9252
vn 0.4650 0.0296 -0.8848
vn -0.4369 -0.6285 -0.6435
vn -0.0734 0.8925 -0.4451
vn -0.7535 0.0606 -0.6547
vn 0.7035 -0.0064 -0.7107
vn -0.7788 0.5396 -0.3198
vn -0.6938 0.5865 0.4180
vn 0.0287 -0.9910 0.1309
vn 0.2552 -0.9584 0.1276
vn -0.5133 0.2168 -0.8303
vn -0.4168 -0.9034 -0.1006
vn 0.1233 0.4965 0.8593
vn -0.8148 -0.1160 -0.5681
vn 0.1443 0.9894 0.0154
vn -0.4535 0.7944 0.4041
vn 0.3873 0.1823 0.9037
vn -0.6852 -0.7203 0.1084
vn 0.8950 -0.0376 0.4445
vn -0.1009 -0.4333 0.8956
vn 0.8603 -0.3686 0.3523
vn -0.5799 -0.4416 -0.6846
vn 0.4733 0.0804 -0.8772
vn 0.5308 0.2044 -0.8225
vn 0.5620 -0.5422 -0.6246
vn -0.5301 -0.0252 -0.8476
vn -0.6596 0.1033 -0.7445
vn -0.2815 0.7622 0.5830
vn 0.0439 0.7408 -0.6702
vn -0.9841 -0.0544 -0.1688
vn -0.6794 -0.7260 0.1062
vn 0.5636 0.0429 -0.8250
vn -0.3516 -0.4201 -0.8366
vn -0.3959 0.7237 -0.5652
vn 0.3274 -0.9057 0.2693
vn -0.4784 -0.0022 -0.8782
vn 0.6566 0.4275 -0.6214
vn -0.8508 0.5250 -0.0249
vn -0.7046 0.0808 -0.7050
vn 0.5087 -0.6033 -0.6141
vn 0.3240 -0.9459 -0.0156
vn -0.2845 0.7014 -0.6536
vn -0.2149 -0.7924 -0.5709
vn -0.9031 -0.2649 -0.3380
vn 0.0284 -0.9923 0.1202
vn 0.8557 0.4299 -0.2881
vn 0.4403 0.4512 -0.7763
vn 0.8252 0.1262 -0.5506
vn 0.3611 -0.6784 -0.6399
vn 0.7410 -0.0458 -0.6699
vn 0.5212 -0.0137 -0.8533
vn 0.5939 -0.8017 -0.0673
vn 0.0834 -0.7951 0.6007
vn -0.7491 -0.5584 -0.3563
vn 0.5886 0.4425 -0.6766
vn 0.7058 0.3603 -0.6100
vn -0.6559 0.7524 -0.0611
vn 0.4245 0.7636 -0.4865
vn 0.3983 -0.8142 -0.4225
vn 0.3135 -0.3746 -0.8726
vn 0.6632 0.4204 -0.6193
vn -0.0081 0.9735 -0.2286
vn 0.0248 -0.7494 -0.6617
vn -0.4284 -0.3131 -0.8476
vn -0.4562 -0.4436 -0.7715
vn -0.6776 0.2936 -0.6743
vn -0.0432 -0.7456 -0.6650
vn 0.1831 -0.7993 -0.5724
vn 0.8446 -0.1887 -0.5011
vn -0.6310 -0.3834 -0.6744
vn -0.4415 -0.4334 -0.7856
vn 0.2608 -0.5841 -0.7686
vn 0.5161 -0.8053 0.2920
vn 0.2061 0.4431 -0.8725
vn -0.7554 0.4962 -0.4281
vn -0.6995 -0.1823 -0.6910
vn -0.3835 -0.4101 -0.8275
vn 0.4486 0.2310 -0.8633
vn -0.1376 0.9265 -0.3501
vn -0.3094 -0.4931 -0.8131
vn -0.5441 -0.0959 -0.8335
vn -0.1415 0.9709 -0.1934
vn 0.5712 0.6201 -0.5378
vn -0.3348 -0.8864 -0.3197
vn -0.0872 -0.8452 -0.5273
vn -0.4305 0.2603 -0.8642
vn -0.3634 -0.1121 -0.9249
vn 0.8305 0.1912 0.5232
vn 0.7327 -0.3002 -0.6108
vn 0.6031 0.4989 -0.6224
vn 0.8172 -0.2147 -0.5348
vn -0.0560 -0.9920 -0.1134
vn 0.2418 -0.9453 0.2189
vn 0.2861 -0.7765 0.5614
vn -0.4574 0.2863 -0.8419
vn -0.6584 0.6484 0.3823
vn -0.5395 -0.7789 0.3197
vn 0.3027 0.7784 -0.5500
vn 0.4016 -0.9047 -0.1423
vn 0.7663 -0.6333 -0.1079
vn -0.4904 0.5626 -0.6656
vn 0.9814 0.0110 -0.1914
vn 0.1144 -0.9933 0.0181
vn -0.3762 -0.5974 -0.7082
vn -0.5219 -0.2719 -0.8085
vn -0.6434 0.2430 -0.7260
vn 0.0300 -0.9517 -0.3055
vn -0.6594 -0.4751 -0.5826
vn -0.7046 0.3011 -0.6426
vn -0.6242 0.5959 -0.5053
vn -0.0109 -0.6234 -0.7818
vn 0.9700 0.2292 0.0810
vn 0.8358 0.2177 -0.5041
vn 0.7344 -0.2761 -0.6200
vn 0.6647 0.1797 -0.7252
vn 0.3892 0.6956 -0.6039
vn 0.0933 -0.8628 -0.4968
vn 0.1952 -0.8390 0.5080
vn -0.8163 0.3633 -0.4492
vn -0.5185 0.4018 -0.7548
vn 0.5211 0.2069 -0.8281
vn -0.4350 -0.0908 -0.8958
vn 0.1425 0.6176 -0.7735
vn 0.9725 -0.0437 -0.2288
vn -0.2294 0.9201 -0.3174
vn 0.0579 0.8494 -0.5246
vn 0.0327 -0.8519 -0.5226
vn -0.1316 -0.6900 -0.7118
vn -0.6243 -0.7054 -0.3356
vn -0.1379 0.9456 -0.2945
vn -0.0899 0.9747 0.2048
vn 0.1443 -0.9844 -0.1004
vn 0.3260 0.8012 -0.5018
vn 0.3752 -0.2665 -0.8878
vn 0.0389 -0.1426 -0.9890
vn 0.5049 -0.5646 0.6529
vn -0.1937 0.6609 -0.7250
vn 0.9081 0.1919 -0.3722
vn -0.3677 -0.3373 -0.8666
vn -0.4226 -0.1521 -0.8935
vn -0.6442 0.0079 -0.7648
vn -0.3913 0.8675 -0.3072
vn -0.3694 0.7779 0.5084
vn 0.1034 -0.7622 0.6391
vn -0.3901 -0.2308 -0.8913
vn 0.5715 0.2545 -0.7801
vn -0.7236 -0.1843 -0.6652
vn 0.7946 0.3040 -0.5255
vn -0.5233 0.0746 -0.8489
vn -0.6334 -0.1179 -0.7648
vn 0.2844 -0.9237 0.2567
vn -0.8942 -0.4379 0.0936
vn -0.2405 0.1800 -0.9538
vn -0.2958 0.5637 -0.7712
vn -0.2931 -0.9214 -0.2551
vn 0.0328 -0.4603 -0.8872
vn -0.4166 -0.4865 -0.7680
vn -0.6728 -0.1332 -0.7277
vn -0.4736 0.1258 -0.8717
vn -0.3821 -0.2795 -0.8808
vn -0.6826 -0.4371 -0.5857
vn -0.6020 -0.6055 -0.5205
vn 0.6422 0.3596 -0.6770
vn 0.7535 -0.4203 -0.5056
vn -0.5123 0.0910 -0.8540
vn -0.2230 -0.6854 -0.6931
vn 0.4506 -0.7138 0.5361
vn -0.3330 -0.1044 -0.9371
vn -0.0175 0.9067 0.4214
vn 0.7373 0.4036 -0.5417
vn -0.5236 0.3418 -0.7804
vn -0.2806 -0.8631 -0.4199
vn 0.7342 0.4282 -0.5268
vn -0.0179 0.1796 -0.9836
vn -0.2895 -0.0150 -0.9571
vn 0.7108 0.1072 -0.6951
vn 0.6809 -0.4375 -0.5874
vn -0.5073 0.7011 -0.5011
vn -0.3504 0.8730 -0.3392
vn 0.3564 -0.7989 -0.4846
vn -0.0273 -0.8390 -0.5435
vn 0.5390 0.4206 -0.7298
vn -0.6332 0.0688 -0.7709
vn -0.8551 0.2284 -0.4654
vn -0.8475 0.3058 -0.4340
vn -0.1980 -0.9609 -0.1935
vn 0.0946 -0.9866 -0.1329
vn -0.3062 0.1133 -0.9452
vn -0.0051 -0.7775 -0.6288
vn 0.6432 0.4306 -0.6331
vn -0.7521 0.2093 -0.6250
vn 0.8747 -0.3603 -0.3241
vn 0.5587 -0.7656 0.3190
vn 0.9405 -0.2694 0.2071
vn -0.7751 0.0346 -0.6309
vn 0.2267 -0.9680 0.1075
vn 0.7694 -0.3223 -0.5515
vn -0.1886 -0.3222 -0.9277
vn 0.6369 0.2630 -0.7247
vn -0.3171 -0.5840 0.7473
vn -0.5643 -0.2735 -0.7789
vn 0.1388 0.9695 -0.2020
vn -0.7082 0.0563 -0.7037
vn 0.7706 0.4344 -0.4663
vn -0.2449 -0.1040 -0.9640
vn -0.2002 -0.6873 -0.6983
vn 0.7381 -0.1491 -0.6580
vn -0.7473 0.0174 -0.6642
vn -0.6537 -0.1287 -0.7457
vn -0.5575 -0.1250 -0.8207
vn -0.1454 0.9272 -0.3453
vn -0.8379 -0.1598 -0.5219
vn 0.7068 -0.0552 -0.7052
vn -0.9319 -0.3583 -0.0565
vn 0.0047 0.3460 -0.9382
vn 0.4570 -0.8110 0.3653
vn -0.1138 0.4496 -0.8860
vn -0.3010 -0.5320 -0.7914
vn 0.5654 -0.6627 -0.4910
vn 0.5645 -0.7511 0.3423
vn -0.3621 -0.6196 -0.6964
vn -0.4480 0.2454 -0.8597
vn -0.8607 0.4598 -0.2184
vn -0.4891 -0.3141 -0.8137
vn -0.1155 -0.8553 -0.5052
vn -0.0079 -0.9181 -0.3962
vn 0.4621 0.7597 -0.4574
vn 0.5905 0.0346 -0.8063
vn 0.8108 -0.3085 -0.4975
vn -0.7030 0.4949 -0.5108
vn 0.0492 -0.7879 -0.6138
vn 0.8613 -0.3296 -0.3866
vn 0.2807 -0.8698 -0.4058
vn -0.0426 -0.6048 -0.7953
vn 0.4206 -0.5556 0.7172
vn -0.5532 -0.7323 0.3971
vn 0.8976 -0.1177 -0.4249
vn -0.2785 -0.4299 -0.8588
vn -0.5525 0.1680 -0.8164
vn -0.7041 0.0043 -0.7101
vn 0.1008 -0.5967 0.7961
vn -0.1851 0.7453 -0.6405
vn -0.2653 0.9208 0.2857
vn -0.8922 0.4385 0.1082
vn -0.9834 0.1763 0.0424
vn 0.3904 -0.5272 -0.7548
vn 0.5140 -0.8405 -0.1715
vn -0.9046 -0.4244 -0.0401
vn 0.6041 -0.5339 -0.5916
vn -0.7786 -0.1827 -0.6003
vn 0.7695 -0.0963 -0.6313
vn -0.1553 0.9642 -0.2148
vn -0.9318 -0.0715 -0.3558
vn -0.8391 -0.5418 0.0482
vn -0.8562 -0.2345 -0.4604
vn -0.3707 0.3881 -0.8438
vn 0.0521 -0.9122 -0.4063
vn 0.0636 -0.8366 -0.5441
vn -0.9954 -0.0927 -0.0246
vn -0.0196 0.5733 -0.8191
vn 0.1315 0.0042 -0.9913
vn 0.2035 -0.2453 -0.9479
vn 0.0850 -0.0803 -0.9931
vn 0.3130 -0.7919 -0.5244
vn 0.7058 -0.4357 -0.5586
vn -0.2475 0.2644 -0.9321
vn 0.2843 -0.6217 -0.7298
vn -0.9451 0.0866 -0.3152
vn 0.7798 0.1463 -0.6087
vn -0.8861 -0.2040 -0.4162
vn -0.7081 -0.4850 -0.5132
vn -0.1536 0.9635 -0.2192
vn 0.7393 -0.5608 -0.3727
vn -0.6925 -0.6188 -0.3709
vn -0.3055 -0.7709 0.5589
vn 0.5410 0.4917 -0.6823
vn 0.1418 0.9812 0.1307
vn 0.6112 0.6578 -0.4401
vn -0.7758 0.0287 0.6303
vn 0.1446 0.4692 -0.8712
vn -0.0223 0.1170 -0.9929
vn 0.0341 0.2418 -0.9697
vn -0.0046 0.0593 -0.9982
vn 0.2869 0.5543 -0.7813
vn 0.1417 0.4722 -0.8700
vn -0.8279 -0.2161 -0.5176
vn -0.8201 0.2020 -0.5354
vn 0.7493 0.4565 -0.4797
vn 0.5502 0.6495 -0.5248
vn -0.0553 -0.7481 -0.6612
vn 0.2687 -0.8952 -0.3557
vn -0.3241 -0.3760 -0.8681
vn -0.8951 -0.0073 -0.4458
vn -0.8513 0.1425 -0.5050
vn -0.7946 0.3367 -0.5052
vn 0.1494 0.9882 -0.0334
vn -0.1626 0.6480 -0.7441
vn 0.1514 0.5749 -0.8041
vn -0.9432 0.1586 0.2919
vn -0.5775 0.2364 0.7814
vn -0.1573 -0.8689 -0.4694
vn -0.5371 -0.8383 0.0935
vn 0.6949 -0.2277 -0.6821
vn 0.8463 0.0226 -0.5323
vn 0.8489 -0.0906 -0.5207
vn -0.5264 0.7684 -0.3639
vn 0.1259 -0.9331 -0.3369
vn 0.5631 -0.7736 -0.2906
vn 0.8459 -0.3868 -0.3673
vn 0.2647 -0.7269 -0.6337
vn -0.5629 -0.8215 0.0910
vn 0.3242 0.3961 -0.8591
vn 0.9246 0.2328 -0.3016
vn 0.3569 0.1167 -0.9268
vn -0.5365 0.0159 -0.8438
vn -0.5862 0.1413 -0.7978
vn -0.0009 -0.8634 -0.5045
vn 0.3597 -0.8427 0.4006
vn 0.8004 -0.2214 -0.5571
vn 0.7663 0.1052 -0.6339
vn 0.5646 -0.4484 0.6930
vn 0.1873 0.8405 -0.5084
vn -0.5553 0.7321 -0.3946
vn -0.4260 0.2544 0.8682
vn 0.0225 -0.9457 -0.3242
vn -0.0127 -0.9661 -0.2577
vn -0.4332 -0.8944 0.1116
vn 0.4669 -0.6976 -0.5435
vn -0.9909 0.1334 -0.0184
vn -0.1780 -0.0277 -0.9836
vn 0.3389 0.8993 -0.2763
vn 0.7078 0.1713 -0.6853
vn -0.1207 0.9367 -0.3286
vn -0.8736 0.1645 -0.4580
vn -0.8728 0.0423 -0.4863
vn -0.6485 0.4586 0.6076
vn -0.6232 0.2380 0.7449
vn -0.6903 0.1158 0.7142
vn -0.8215 0.1205 0.5573
vn -0.5990 -0.4766 0.6434
vn -0.9913 -0.0637 -0.1150
vn 0.4027 0.7887 -0.4645
vn -0.6122 -0.6797 -0.4040
vn 0.8311 -0.0921 -0.5484
vn 0.1973 0.8842 -0.4234
vn -0.6260 0.3793 -0.6813
vn 0.7404 -0.5991 -0.3046
vn 0.5062 -0.6393 0.5788
vn -0.6718 0.3574 0.6488
vn -0.6410 -0.7638 -0.0756
vn 0.2643 -0.8361 -0.4808
vn 0.1026 -0.9224 -0.3724
vn -0.5854 0.2307 -0.7773
vn 0.6622 0.2832 -0.6938
vn -0.0176 0.8962 0.4433
vn -0.7289 0.3069 0.6120
vn -0.2599 0.9276 -0.2683
vn -0.1572 -0.8742 -0.4595
vn 0.5354 0.8446 -0.0060
vn 0.3038 0.9467 -0.1072
vn 0.8644 -0.3774 -0.3321
vn 0.1490 -0.8599 -0.4882
vn -0.8083 0.3727 -0.4558
vn -0.3571 -0.8943 -0.2697
vn 0.5100 -0.8094 -0.2911
vn -0.9146 -0.2342 -0.3295
vn -0.2549 -0.8417 0.4760
vn -0.7932 0.5708 -0.2120
vn 0.1812 0.8201 -0.5427
vn -0.9857 0.0934 -0.1400
vn -0.7792 -0.5408 0.3168
vn 0.5919 -0.7817 0.1965
vn -0.1224 0.9759 -0.1807
vn -0.2469 -0.6956 -0.6746
vn -0.3165 -0.6196 -0.7182
vn -0.4873 -0.4007 -0.7758
vn 0.9170 -0.2639 -0.2989
vn 0.9054 -0.2429 -0.3482
vn -0.9279 -0.1666 -0.3337
vn 0.6772 0.1299 0.7243
vn -0.8677 -0.4491 -0.2130
vn -0.3434 0.5710 0.7456
vn 0.3315 0.9389 -0.0926
vn 0.7519 0.5192 -0.4063
vn -0.0106 -0.9856 -0.1688
vn -0.1274 -0.9395 -0.3181
vn 0.3645 0.8429 -0.3957
vn 0.3253 0.9201 0.2181
vn 0.8705 0.2211 -0.4398
vn 0.8350 0.2341 -0.4981
vn 0.9135 0.1437 -0.3805
vn 0.8650 0.3084 -0.3959
vn -0.2469 0.9557 -0.1601
vn 0.8606 -0.4376 -0.2604
vn 0.7455 -0.6132 -0.2611
vn 0.8490 -0.1465 -0.5076
vn 0.4689 -0.4840 0.7388
vn 0.0113 0.0148 0.9998
vn 0.1843 0.8891 0.4190
vn 0.6047 0.5519 -0.5743
vn -0.2864 -0.9581 0.0078
vn -0.8867 -0.2620 -0.3810
vn 0.7902 -0.5367 0.2957
vn 0.1728 0.9605 0.2181
vn -0.8075 -0.4904 -0.3279
vn -0.7311 -0.5505 -0.4030
vn 0.8897 -0.0424 -0.4545
vn -0.6627 0.6555 -0.3621
vn -0.2106 0.9518 -0.2231
vn 0.1835 -0.9174 -0.3532
vn 0.6109 -0.6183 -0.4945
vn 0.5486 -0.1062 0.8293
vn 0.5158 0.4462 -0.7314
vn -0.8803 -0.2317 0.4139
vn -0.1701 -0.2165 0.9614
vn -0.5190 0.8363 -0.1767
vn 0.3468 0.7374 -0.5796
vn -0.9345 -0.2226 -0.2777
vn 0.8907 0.0107 -0.4545
vn -0.3671 -0.6688 -0.6465
vn 0.4084 -0.8988 -0.1593
vn -0.0586 -0.9969 -0.0529
vn -0.9238 -0.3700 -0.0982
vn 0.5339 -0.5018 0.6805
vn 0.5183 0.5987 -0.6107
vn -0.7990 0.1234 0.5885
vn 0.5942 0.7905 -0.1483
vn -0.4912 -0.8482 0.1981
vn -0.9879 -0.1496 -0.0403
vn 0.5513 0.8207 -0.1502
vn 0.2329 -0.9578 -0.1687
vn -0.8200 0.3871 -0.4216
vn -0.9148 0.1954 -0.3536
vn 0.7238 -0.6897 0.0208
vn 0.8288 -0.4516 0.3305
vn -0.9512 0.0970 -0.2928
vn 0.4671 0.2291 0.8540
vn -0.7787 -0.3940 0.4882
vn 0.0105 -0.2626 0.9648
vn -0.8585 0.2148 -0.4657
vn 0.0860 -0.2916 0.9526
vn 0.3243 0.4642 0.8242
vn 0.5892 0.5655 -0.5771
vn -0.9755 0.0507 -0.2141
vn -0.1889 -0.9150 -0.3564
vn 0.8312 0.5463 -0.1031
vn 0.8331 0.3333 0.4414
vn -0.6828 0.2316 -0.6929
vn 0.3215 -0.0136 0.9468
vn -0.2957 0.9457 -0.1353
vn 0.8085 0.5118 -0.2905
vn 0.8423 0.4649 -0.2728
vn -0.4592 -0.8808 0.1153
vn -0.7223 -0.6034 -0.3378
vn -0.8343 -0.3516 -0.4246
vn -0.7387 -0.5172 -0.4322
vn -0.7873 -0.4532 -0.4180
vn 0.9085 0.0155 -0.4176
vn 0.9327 -0.3031 -0.1952
vn -0.7702 0.5285 -0.3571
vn 0.1707 -0.9427 -0.2866
vn 0.1232 -0.9840 -0.1289
vn 0.7768 -0.5965 -0.2019
vn 0.3419 -0.9236 -0.1732
vn -0.7467 -0.6603 0.0798
vn 0.7845 0.0269 -0.6195
vn 0.6908 -0.0247 0.7227
vn 0.2665 -0.1317 0.9548
vn -0.9742 -0.1805 0.1357
vn 0.8734 0.0695 -0.4820
vn -0.8650 0.3279 -0.3797
vn -0.3624 0.8840 -0.2954
vn -0.1574 0.9637 -0.2156
vn 0.6448 -0.6466 -0.4077
vn 0.8352 0.2898 0.4673
vn -0.9562 -0.2306 -0.1804
vn -0.9621 0.1084 -0.2501
vn 0.2635 0.8283 0.4945
vn -0.6417 -0.5078 -0.5748
vn 0.4606 -0.8606 0.2174
vn 0.9990 -0.0413 -0.0176
vn -0.9044 0.0240 -0.4260
vn -0.1455 0.9808 -0.1302
vn 0.1895 -0.8967 -0.4001
vn 0.1397 -0.9693 -0.2024
vn -0.7014 -0.0479 -0.7111
vn -0.6408 0.4545 -0.6187
vn 0.8198 -0.4215 -0.3876
vn -0.9583 0.0743 -0.2759
vn 0.5899 -0.3579 0.7238
vn 0.5323 0.4231 0.7332
vn -0.9102 0.4143 0.0011
vn 0.2900 0.8203 -0.4930
vn 0.5628 0.7857 -0.2567
vn 0.9127 -0.0300 -0.4076
vn 0.2373 -0.9559 -0.1728
vn -0.6708 -0.5267 -0.5221
vn 0.9204 -0.3578 -0.1574
vn -0.6062 0.5823 -0.5418
vn 0.5666 -0.7785 -0.2700
vn 0.8317 -0.5101 0.2192
vn 0.5424 -0.1804 0.8206
vn -0.9786 -0.1972 -0.0581
vn 0.4290 -0.0449 0.9022
vn 0.7163 0.6844 -0.1356
vn 0.6247 0.3698 -0.6877
vn -0.9032 -0.2571 -0.3438
vn 0.6951 0.6608 -0.2832
vn -0.0605 -0.9113 -0.4072
vn 0.7722 0.2476 -0.5851
vn -0.7774 -0.6006 -0.1869
vn 0.8637 0.2631 -0.4300
vn -0.4680 -0.6737 -0.5719
vn -0.7128 0.5981 -0.3662
vn 0.5842 -0.8114 -0.0178
vn 0.8066 -0.5866 -0.0726
vn 0.8402 -0.1113 -0.5307
vn -0.9980 0.0167 -0.0603
vn 0.2964 -0.7590 -0.5797
vn 0.5726 0.7040 -0.4202
vn 0.5059 -0.8626 0.0047
vn 0.8821 0.3357 0.3303
vn 0.6817 0.7263 -0.0875
vn -0.8885 -0.2485 -0.3857
vn -0.0893 -0.9103 -0.4041
vn -0.2879 -0.9465 0.1457
vn -0.9405 -0.1577 -0.3010
vn 0.4628 0.3983 0.7920
vn -0.9967 -0.0618 0.0527
vn -0.3915 0.9144 -0.1028
vn -0.1621 0.9720 -0.1699
vn -0.3167 -0.8849 -0.3415
vn -0.9600 -0.2451 0.1355
vn -0.9201 -0.2749 -0.2790
vn 0.7041 0.6854 -0.1854
vn -0.9121 -0.3525 0.2094
vn -0.9687 -0.0482 -0.2437
vn -0.1454 -0.3917 -0.9085
vn 0.3056 0.7615 0.5716
vn -0.9972 0.0589 -0.0464
vn -0.1063 -0.9002 -0.4222
vn -0.3922 -0.9046 -0.1671
vn 0.2405 0.6373 -0.7321
vn 0.6705 0.6180 -0.4104
vn -0.5049 -0.5174 -0.6909
vn 0.4647 0.8126 -0.3518
vn -0.2733 -0.8279 -0.4897
vn 0.1535 0.0714 0.9856
vn 0.5214 0.6102 -0.5965
vn 0.9062 0.3891 0.1655
vn 0.8772 0.4736 -0.0797
vn 0.6016 0.7016 -0.3819
vn 0.5586 0.6988 -0.4469
vn -0.6586 0.7525 -0.0027
vn 0.0581 0.7148 -0.6970
vn 0.2991 0.3562 -0.8853
vn 0.8857 -0.3998 -0.2359
vn 0.7545 0.5460 -0.3642
vn 0.4401 -0.8685 -0.2280
vn -0.5001 -0.7000 -0.5099
vn -0.6884 0.3887 -0.6124
vn 0.8779 -0.3897 0.2783
vn -0.9214 -0.3425 0.1836
vn 0.9441 0.0165 0.3291
vn 0.8732 0.1096 -0.4749
vn 0.6425 0.4291 -0.6349
vn 0.7527 0.2678 -0.6015
vn 0.4228 0.7144 -0.5576
vn -0.0439 -0.9294 -0.3665
vn 0.5752 0.5412 -0.6134
vn 0.2250 -0.5360 -0.8137
vn 0.8723 0.2212 -0.4360
vn -0.4878 -0.8691 -0.0816
vn 0.6100 -0.6806 -0.4058
vn 0.9035 -0.2155 0.3704
vn -0.7614 -0.5548 -0.3354
vn -0.9622 0.0039 0.2723
vn -0.9589 0.2345 0.1601
vn -0.1869 -0.7184 -0.6701
vn 0.1746 0.6837 -0.7085
vn 0.0311 -0.2704 -0.9623
vn 0.5779 -0.0587 -0.8140
vn -0.9924 -0.1048 -0.0646
vn -0.5526 0.7544 -0.3542
vn -0.1103 0.9754 -0.1907
vn 0.9170 -0.3242 -0.2323
vn 0.9314 -0.3628 -0.0292
vn -0.2303 -0.5737 0.7860
vn -0.9187 0.3894 0.0658
vn -0.0823 0.2924 -0.9527
vn 0.9634 0.2661 -0.0334
vn -0.7631 -0.5807 -0.2838
vn 0.9160 0.0200 -0.4007
vn -0.9447 0.0903 -0.3154
vn -0.8646 0.3802 -0.3285
vn -0.6787 -0.5938 -0.4321
vn 0.6217 -0.7816 -0.0500
vn 0.8937 -0.4422 -0.0755
vn -0.1175 -0.9152 0.3854
vn -0.8508 -0.2021 0.4851
vn 0.6671 0.6040 -0.4361
vn -0.2801 0.9386 0.2016
vn -0.6042 -0.6597 -0.4469
vn 0.6050 -0.7178 0.3445
vn 0.7314 0.6063 -0.3121
vn -0.9890 -0.1480 -0.0013
vn -0.6335 -0.5262 -0.5672
vn 0.9508 -0.1805 -0.2517
vn 0.1577 -0.9470 0.2800
vn 0.9881 -0.1175 -0.0992
vn -0.9324 -0.1565 0.3258
vn -0.0291 0.9994 0.0184
vn -0.7973 -0.3911 -0.4597
vn 0.9114 0.3908 -0.1288
vn -0.4557 -0.5955 -0.6616
vn 0.9484 0.3170 -0.0069
vn 0.9367 -0.0142 -0.3498
vn 0.1837 -0.9765 -0.1130
vn 0.8180 -0.5729 0.0517
vn 0.9658 -0.2235 -0.1314
vn 0.7419 -0.4747 -0.4735
vn -0.8365 -0.3543 0.4180
vn -0.2095 0.9189 -0.3341
vn -0.0843 0.9536 -0.2890
vn 0.1953 -0.9784 0.0678
vn -0.8932 0.3953 -0.2143
vn 0.9833 0.1267 -0.1309
vn 0.9094 0.2983 -0.2898
vn -0.4331 -0.8151 -0.3848
vn -0.4444 -0.7200 0.5331
vn 0.7879 0.5651 0.2447
vn -0.4802 -0.3082 -0.8212
vn -0.7842 0.5168 -0.3434
vn 0.1612 -0.9688 -0.1884
vn 0.3528 -0.9348 0.0423
vn -0.7813 -0.1583 -0.6038
vn -0.7302 0.2303 -0.6433
vn -0.5298 0.6345 -0.5628
vn -0.5158 -0.7558 0.4034
vn -0.9891 -0.1437 -0.0304
vn -0.8844 -0.2071 0.4183
vn 0.6287 0.6881 -0.3624
vn 0.9225 0.3401 -0.1825
vn 0.4929 0.8642 0.1011
vn -0.8099 -0.5816 -0.0766
vn -0.8407 -0.5400 -0.0407
vn 0.9629 0.0331 -0.2680
vn 0.2916 -0.9467 -0.1370
vn -0.6906 -0.5572 -0.4612
vn 0.6072 -0.6847 0.4031
vn -0.4256 0.8918 0.1535
vn 0.6676 0.7160 -0.2041
vn -0.9908 -0.0672 -0.1174
vn 0.8987 0.4184 0.1312
vn -0.4717 -0.5812 -0.6631
vn 0.2850 0.9411 -0.1821
vn 0.2958 -0.8023 0.5185
vn 0.9120 -0.2306 0.3393
vn 0.8782 0.4131 -0.2412
vn -0.8549 0.2199 0.4698
vn -0.7328 0.5126 0.4475
vn -0.1687 -0.8290 -0.5332
vn -0.2877 -0.8640 -0.4132
vn -0.5547 -0.8319 -0.0135
vn -0.0746 -0.3360 -0.9389
vn -0.8883 -0.4091 -0.2085
vn 0.9485 -0.1427 -0.2828
vn -0.9481 -0.2215 -0.2283
vn -0.4096 -0.8341 -0.3694
vn 0.3677 -0.9225 -0.1178
vn -0.9665 0.2329 -0.1077
vn 0.9083 -0.1106 -0.4035
vn 0.8679 -0.0861 -0.4892
vn -0.7429 0.3631 0.5624
vn 0.7169 0.6149 0.3285
vn -0.4003 0.7482 0.5290
vn 0.7855 0.5944 -0.1719
vn -0.7329 -0.2285 -0.6409
vn 0.8077 0.5629 0.1754
vn -0.0349 0.9813 -0.1891
vn 0.3145 -0.9477 -0.0538
vn -0.9724 0.2225 -0.0700
vn 0.5744 0.7717 -0.2731
vn -0.9976 -0.0085 0.0683
vn 0.0396 -0.7816 -0.6225
vn -0.4962 -0.6491 -0.5766
vn 0.9624 -0.1151 -0.2462
vn -0.6008 -0.6925 -0.3993
vn 0.4797 -0.8473 0.2277
vn -0.5017 0.7441 -0.4411
vn 0.6080 -0.5065 -0.6114
vn 0.9871 -0.1290 0.0951
vn 0.9448 0.3152 0.0892
vn 0.8169 0.5450 0.1890
vn -0.7440 -0.5354 -0.3998
vn 0.9750 0.1723 0.1401
vn -0.4825 0.3998 0.7793
vn -0.1677 0.9694 0.1792
vn 0.9835 0.1791 -0.0240
vn 0.8988 0.3505 -0.2634
vn -0.3233 0.8522 -0.4114
vn -0.1580 0.9073 -0.3897
vn -0.9223 -0.1811 0.3414
vn 0.7744 0.6197 -0.1279
vn -0.9912 -0.0532 0.1210
vn -0.9606 -0.2426 0.1354
vn 0.8665 0.3263 0.3778
vn -0.6039 0.7089 0.3644
vn -0.9612 -0.2510 -0.1145
vn 0.9382 0.3259 -0.1165
vn 0.6954 0.7168 -0.0507
vn 0.9667 0.0625 -0.2481
vn 0.2301 -0.9664 -0.1146
vn -0.7363 -0.4995 -0.4564
vn 0.6516 -0.7277 0.2141
vn 0.0039 -0.9274 0.3740
vn -0.9911 0.0916 -0.0963
vn 0.7204 -0.5874 -0.3687
vn -0.7901 -0.5897 0.1673
vn 0.7178 -0.5134 0.4703
vn -0.6532 0.5637 0.5056
vn 0.7903 0.2442 0.5620
vn 0.6148 0.7710 -0.1663
vn -0.1765 -0.8510 -0.4945
vn -0.7654 -0.6291 -0.1356
vn 0.9402 -0.1568 -0.3025
vn -0.6790 0.6275 -0.3810
vn -0.2484 -0.9641 0.0938
vn -0.9065 0.3381 0.2529
vn -0.8364 -0.5445 -0.0625
vn 0.7525 0.6211 -0.2189
vn -0.2690 -0.9200 -0.2851
vn 0.1876 -0.9803 -0.0618
vn 0.9426 -0.2689 -0.1981
vn 0.6285 -0.4657 -0.6230
vn -0.6812 -0.6419 -0.3520
vn 0.8049 0.1237 0.5804
vn 0.7024 0.5898 -0.3984
vn 0.8836 0.2957 -0.3631
vn -0.7619 -0.6452 0.0567
vn -0.9770 -0.0711 -0.2012
vn 0.8832 -0.4588 -0.0975
vn -0.9506 -0.2812 0.1318
vn -0.7919 -0.5938 -0.1426
vn -0.4620 -0.8220 -0.3330
vn 0.4996 0.8629 -0.0762
vn -0.9035 -0.4075 -0.1330
vn -0.9829 -0.1740 0.0602
vn -0.4554 0.7805 -0.4283
vn 0.3720 -0.9282 -0.0102
vn 0.5737 -0.7366 0.3580
vn -0.4051 0.8307 0.3819
vn 0.3322 0.9052 0.2650
vn 0.7384 0.6600 -0.1386
vn -0.5939 -0.7095 -0.3793
vn -0.9671 -0.0572 0.2480
vn 0.8942 -0.0029 -0.4477
vn -0.9301 0.2585 -0.2608
vn -0.2460 0.9680 -0.0498
vn -0.1201 -0.9773 -0.1746
vn 0.4631 -0.8858 0.0282
vn -0.7815 0.0803 -0.6187
vn -0.7054 0.3570 -0.6123
vn 0.7525 -0.5141 -0.4115
vn 0.5245 -0.5314 -0.6652
vn 0.3541 -0.8263 0.4379
vn 0.9758 0.0547 -0.2118
vn 0.6045 0.7789 -0.1668
vn -0.9565 -0.0345 0.2897
vn 0.6739 0.7252 -0.1412
vn 0.9795 -0.0210 -0.2003
vn -0.8425 -0.5376 0.0334
vn 0.9610 0.2385 -0.1397
vn 0.4163 0.9082 -0.0435
vn -0.8090 0.5565 -0.1896
vn 0.7611 -0.4255 -0.4896
vn 0.4629 -0.5493 -0.6957
vn -0.9610 -0.1009 -0.2573
vn 0.7544 -0.5789 0.3095
vn 0.9842 -0.1750 -0.0281
vn 0.6481 0.7573 -0.0800
vn -0.7124 0.5693 -0.4103
vn 0.6606 0.6379 0.3960
vn -0.6009 0.7391 0.3044
vn -0.3142 -0.9418 0.1195
vn 0.9092 0.3624 0.2050
vn 0.9124 -0.4087 -0.0236
vn 0.7892 -0.6004 0.1296
vn 0.8833 -0.4056 -0.2352
vn 0.6022 -0.7115 0.3621
vn 0.9729 0.1909 -0.1301
vn 0.8891 0.4027 0.2175
vn 0.8945 0.3228 0.3093
vn -0.5035 0.8630 0.0418
vn 0.7696 0.6234 -0.1380
vn -0.4839 -0.8554 -0.1849
vn -0.8525 -0.5112 0.1096
vn 0.9878 -0.1230 -0.0956
vn -0.7681 -0.4359 -0.4691
vn -0.6375 0.5022 -0.5843
vn -0.3715 0.8932 -0.2533
vn 0.8418 -0.4564 -0.2883
vn 0.7690 -0.5755 -0.2783
vn -0.7919 -0.5256 -0.3108
vn 0.9587 0.2836 -0.0221
vn 0.8467 0.5126 -0.1430
vn -0.2502 0.8691 -0.4267
vn -0.3952 -0.8714 -0.2906
vn -0.8896 -0.3593 -0.2818
vn 0.2973 0.7915 0.5341
vn 0.8137 -0.1801 0.5527
vn -0.1894 0.8699 -0.4554
vn -0.5269 0.6693 -0.5238
vn 0.5376 -0.5454 -0.6430
vn 0.7636 -0.6450 0.0320
vn 0.5807 0.4489 0.6792
vn 0.9927 -0.0401 -0.1139
vn -0.7090 -0.6101 -0.3536
vn 0.2655 -0.9611 -0.0757
vn 0.5992 0.4222 0.6802
vn -0.9420 -0.3161 0.1129
vn 0.9940 -0.0450 -0.0995
vn 0.9821 -0.1836 -0.0432
vn -0.0434 0.9924 -0.1151
vn -0.1773 0.9836 0.0325
vn -0.3566 -0.8942 -0.2706
vn 0.2773 -0.9279 0.2491
vn 0.7953 -0.4744 -0.3774
vn 0.8409 -0.4323 -0.3255
vn -0.9313 -0.1692 -0.3225
vn -0.9165 0.1100 -0.3846
vn -0.8245 -0.4802 -0.2994
vn -0.6063 -0.4106 0.6810
vn 0.8577 0.2245 0.4625
vn -0.6965 -0.6902 0.1962
vn 0.9748 0.1588 -0.1564
vn 0.8563 0.5111 -0.0737
vn 0.1691 -0.9848 -0.0386
vn 0.3254 -0.9453 -0.0220
vn 0.3156 -0.8990 0.3035
vn -0.3585 0.8104 -0.4634
vn -0.9838 -0.0242 0.1775
vn 0.9945 -0.0613 0.0845
vn 0.7188 0.5788 -0.3850
vn -0.9360 -0.3159 0.1552
vn -0.0275 0.9933 0.1121
vn -0.3451 -0.7517 -0.5620
vn -0.0542 0.9758 0.2118
vn -0.0664 0.9013 0.4280
vn -0.7573 -0.5188 -0.3967
vn -0.8381 0.1455 -0.5257
vn 0.7411 -0.5605 -0.3697
vn 0.6031 -0.7864 0.1334
vn -0.9182 -0.1825 -0.3516
vn 0.9293 0.3694 0.0003
vn 0.6133 0.4987 -0.6125
vn -0.3517 -0.7599 0.5466
vn 0.6619 -0.1744 0.7290
vn -0.8971 -0.3977 0.1923
vn 0.9719 -0.2332 -0.0316
vn 0.9808 -0.1294 -0.1456
vn 0.9925 0.1159 -0.0388
vn -0.0463 0.8878 -0.4579
vn 0.7118 -0.6287 -0.3134
vn -0.9747 0.0119 -0.2233
vn 0.8140 -0.4412 -0.3779
vn -0.9703 0.2370 -0.0482
vn -0.7189 0.3146 -0.6198
vn 0.4659 0.7624 -0.4491
vn -0.7837 0.0412 0.6198
vn -0.4989 -0.0190 0.8664
vn 0.8557 -0.1254 0.5020
vn -0.9337 -0.3460 -0.0922
vn -0.9820 0.0596 -0.1789
vn -0.5519 0.7071 -0.4421
vn 0.3966 -0.9151 0.0731
vn 0.7196 -0.6502 -0.2438
vn 0.7508 -0.5487 -0.3678
vn -0.4685 -0.8742 -0.1275
vn -0.0874 -0.9807 -0.1749
vn -0.9112 -0.1082 -0.3976
vn 0.8882 -0.0505 -0.4567
vn 0.6278 0.3153 -0.7117
vn -0.3004 0.7194 -0.6263
vn -0.5627 0.8092 0.1689
vn -0.9262 -0.3433 -0.1562
vn -0.1368 0.2631 0.9550
vn 0.6208 0.2942 0.7267
vn 0.9828 -0.1347 0.1263
vn 0.3239 -0.4662 0.8233
vn 0.0696 0.9508 -0.3018
vn 0.2422 -0.9702 0.0097
vn -0.9890 0.1162 -0.0913
vn -0.8092 -0.5817 -0.0829
vn -0.9594 0.2750 -0.0629
vn 0.9950 0.0995 -0.0127
vn -0.0559 0.7507 -0.6583
vn 0.1043 -0.3933 -0.9134
vn -0.2353 -0.6748 -0.6995
vn -0.4034 -0.7067 -0.5812
vn 0.3258 0.9366 0.1290
vn -0.9216 -0.3020 0.2439
vn 0.8097 0.5852 0.0434
vn -0.3902 0.6555 -0.6466
vn -0.0342 -0.1119 -0.9931
vn 0.3552 -0.9180 0.1763
vn 0.6514 -0.7529 0.0935
vn 0.9642 0.1473 -0.2206
vn -0.3793 -0.9029 -0.2024
vn -0.4953 0.8435 -0.2078
vn 0.9989 0.0365 0.0278
vn -0.8063 -0.4199 -0.4166
vn -0.8380 0.5451 -0.0258
vn 0.9623 -0.1433 -0.2310
vn 0.6211 0.7817 -0.0567
vn -0.5166 -0.6938 -0.5018
vn 0.8367 0.5183 -0.1770
vn 0.6008 -0.2713 0.7519
vn 0.2034 0.9024 0.3798
vn 0.5751 -0.3651 0.7321
vn -0.5226 0.2244 -0.8225
vn 0.8454 -0.1338 -0.5172
vn 0.5580 0.2791 0.7815
vn -0.8380 0.4823 -0.2552
vn -0.3182 0.3800 0.8685
vn 0.2267 0.2364 0.9448
vn -0.7167 -0.6029 -0.3506
vn 0.6892 -0.7244 0.0162
vn 0.7394 -0.5226 0.4245
vn 0.5241 -0.7593 0.3857
vn 0.3407 -0.6672 0.6624
vn 0.9932 -0.0907 0.0731
vn 0.9978 0.0143 0.0640
vn 0.0561 -0.9976 -0.0410
vn -0.6978 -0.6279 -0.3448
vn 0.7381 -0.5544 -0.3845
vn 0.8294 0.5577 0.0325
vn -0.1529 0.5622 -0.8127
vn -0.2695 -0.0765 -0.9600
vn 0.4999 -0.3706 0.7828
vn -0.0014 0.1464 -0.9892
vn 0.1985 0.9762 -0.0876
vn 0.9462 -0.3045 -0.1090
vn -0.8549 -0.5107 0.0917
vn -0.8726 -0.4875 0.0289
vn -0.9768 -0.2086 -0.0485
vn -0.1516 0.9860 0.0698
vn 0.6519 -0.6552 -0.3818
vn -0.1455 0.9414 -0.3045
vn 0.9195 -0.0298 -0.3920
vn 0.7226 0.6911 0.0164
vn -0.2070 0.5543 -0.8062
vn 0.3099 0.9427 0.1236
vn 0.7291 0.6750 -0.1126
vn -0.7890 -0.5632 -0.2455
vn 0.9017 -0.0661 -0.4272
vn -0.2856 0.7819 -0.5542
vn 0.3334 -0.9410 0.0575
vn 0.4336 -0.7533 0.4944
vn -0.7633 0.3858 -0.5182
vn 0.4683 -0.8836 0.0050
vn -0.9031 -0.4023 -0.1502
vn 0.9903 -0.0366 -0.1340
vn -0.9216 0.0165 0.3877
vn 0.3247 -0.5231 -0.7880
vn 0.2036 0.2786 -0.9386
vn -0.1321 0.7016 -0.7002
vn 0.7040 0.7080 -0.0554
vn 0.7527 0.6217 0.2167
vn 0.5431 -0.0453 0.8385
vn 0.7531 -0.6573 -0.0290
vn 0.9912 0.0202 0.1308
vn -0.5366 -0.7859 -0.3072
vn -0.6799 -0.6741 -0.2887
vn 0.5571 -0.7239 0.4069
vn 0.6179 -0.7805 -0.0950
vn -0.2945 -0.9556 0.0073
vn 0.9945 0.1011 -0.0286
vn -0.0524 -0.9308 -0.3617
vn -0.4269 0.7360 -0.5254
vn 0.1554 0.1217 -0.9803
vn -0.8704 -0.4910 0.0362
vn 0.7868 -0.6058 -0.1182
vn 0.1526 0.9051 -0.3968
vn 0.7565 -0.6166 0.2182
vn -0.0470 0.0635 -0.9969
vn -0.4872 0.5209 -0.7009
vn -0.2745 -0.0923 -0.9572
vn -0.4069 -0.4145 -0.8140
vn 0.8337 -0.5200 0.1858
vn 0.9254 -0.0951 0.3670
vn -0.6991 0.5903 -0.4034
vn 0.7132 0.6913 0.1163
vn 0.2558 0.9614 0.1012
vn -0.6954 0.5155 -0.5007
vn 0.6652 -0.6011 -0.4429
vn 0.6618 -0.4970 -0.5613
vn 0.1182 -0.9918 -0.0476
vn 0.7524 -0.3667 -0.5472
vn 0.9040 0.4274 -0.0116
vn 0.6301 0.7758 0.0340
vn -0.8740 -0.4347 0.2173
vn -0.9682 -0.2344 0.0876
vn -0.6377 -0.7489 0.1803
vn 0.9283 -0.3633 -0.0792
vn 0.9726 -0.2313 0.0253
vn 0.1163 0.9669 -0.2273
vn 0.1937 0.8619 -0.4686
vn 0.3781 -0.8200 0.4297
vn 0.5681 -0.7682 -0.2952
vn -0.9399 0.2509 -0.2315
vn 0.8614 -0.5075 0.0220
vn 0.9639 0.0613 -0.2590
vn 0.5488 -0.5661 -0.6151
vn -0.2804 -0.9416 -0.1864
vn 0.3036 0.1304 -0.9438
vn -0.8245 -0.1073 -0.5556
vn 0.6266 -0.4985 0.5991
vn -0.8580 -0.4094 0.3103
vn 0.9260 0.3723 0.0629
vn 0.6301 -0.6926 -0.3511
vn -0.9567 -0.0847 -0.2783
vn -0.9462 -0.2812 -0.1602
vn -0.8624 0.1382 -0.4871
vn -0.5892 0.6220 -0.5158
vn -0.0518 0.9778 0.2031
vn 0.9331 -0.3493 -0.0854
vn -0.8592 -0.4798 -0.1780
vn 0.9410 -0.1271 0.3135
vn 0.9658 0.2434 -0.0898
vn -0.8405 -0.4192 -0.3432
vn -0.9333 0.1372 -0.3320
vn -0.9588 -0.1898 -0.2112
vn 0.8193 0.5703 -0.0590
vn 0.7940 0.6049 -0.0604
vn -0.8469 0.4401 -0.2982
vn -0.3548 0.7706 -0.5294
vn -0.2716 -0.9440 -0.1872
vn 0.4316 -0.8480 0.3076
vn -0.7976 -0.5115 -0.3196
vn 0.8359 0.5473 -0.0416
vn 0.3065 0.9365 0.1702
vn 0.8374 -0.4536 0.3051
vn 0.2397 -0.9706 0.0235
vn -0.4368 0.8982 -0.0488
vn -0.4862 -0.8727 0.0458
vn -0.4012 0.8615 -0.3112
vn -0.6620 0.7394 -0.1221
vn -0.9601 -0.2456 -0.1337
vn 0.8667 -0.4897 0.0952
vn 0.7087 -0.6479 0.2794
vn -0.8104 -0.5618 0.1665
vn 0.8066 0.0566 -0.5883
vn -0.0359 0.9814 0.1884
vn 0.7966 -0.2743 -0.5387
vn -0.7403 -0.6721 -0.0112
vn -0.8895 0.4524 -0.0648
vn -0.9652 0.2041 0.1637
vn 0.9216 -0.2976 0.2491
vn 0.9185 -0.1415 0.3693
vn -0.9320 0.1776 0.3159
vn 0.9327 -0.3516 0.0799
vn 0.3432 0.9375 0.0584
vn 0.1948 0.9288 0.3151
vn 0.9395 0.2952 -0.1737
vn 0.9869 -0.1550 0.0457
vn 0.3416 -0.9323 0.1187
vn 0.5287 -0.8485 0.0227
vn -0.3222 0.8687 -0.3762
vn 0.0275 0.9894 -0.1429
vn -0.8316 -0.4130 0.3714
vn 0.5786 -0.7013 -0.4165
vn 0.5286 0.1222 -0.8400
vn 0.8102 0.0467 -0.5842
vn -0.6193 0.6461 -0.4462
vn 0.1088 0.9922 -0.0609
vn -0.0226 0.8150 -0.5790
vn -0.0944 -0.9903 -0.1023
vn -0.8840 -0.4228 -0.1997
vn -0.9670 -0.1926 -0.1667
vn -0.9465 0.0372 -0.3205
vn 0.6488 0.7591 0.0538
vn -0.9899 -0.0976 -0.1029
vn -0.9486 -0.2270 -0.2207
vn 0.9521 -0.2999 0.0595
vn 0.8514 -0.4081 0.3294
vn 0.0270 -0.1956 -0.9803
vn -0.2133 0.2462 -0.9455
vn 0.1736 0.0979 -0.9799
vn -0.2196 0.7549 -0.6180
vn -0.8830 0.2914 -0.3681
vn -0.9884 0.0907 -0.1222
vn 0.5717 -0.7807 0.2524
vn 0.6789 -0.6698 0.3007
vn 0.7926 0.5981 0.1188
vn 0.5808 -0.7418 -0.3353
vn -0.7615 0.5598 -0.3267
vn 0.1670 0.9584 -0.2315
vn -0.9641 -0.2654 -0.0061
vn 0.9958 0.0733 -0.0544
vn -0.7429 -0.6448 0.1798
vn 0.5403 -0.1844 -0.8210
vn 0.0601 0.3679 -0.9279
vn 0.1056 0.4078 -0.9069
vn -0.9571 -0.0304 -0.2881
vn 0.4168 -0.9017 -0.1154
vn 0.9301 0.2982 -0.2144
vn 0.6546 -0.7088 -0.2629
vn -0.0573 -0.9519 -0.3009
vn 0.2004 0.9525 -0.2292
vn -0.6323 -0.7711 0.0751
vn -0.7812 -0.0847 -0.6185
vn -0.9582 -0.2556 0.1288
vn 0.7911 -0.3978 -0.4646
vn 0.2641 -0.3753 -0.8885
vn 0.5746 0.1920 -0.7956
vn 0.4287 -0.7111 0.5573
vn 0.5152 -0.8025 -0.3009
vn 0.7236 -0.5690 0.3906
vn -0.3950 0.9001 -0.1838
vn 0.5905 0.7319 -0.3401
vn -0.8443 -0.5332 0.0546
vn 0.1086 -0.5834 -0.8049
vn 0.5206 -0.4405 -0.7315
vn 0.5045 0.2305 -0.8321
vn -0.0714 0.6882 -0.7220
vn 0.4372 0.5950 -0.6744
vn 0.4098 0.8762 0.2536
vn -0.4279 -0.8832 -0.1921
vn 0.3581 -0.9186 0.1674
vn -0.7215 -0.6317 0.2836
vn -0.5890 -0.7627 -0.2672
vn 0.5296 -0.7252 0.4400
vn 0.3484 -0.9365 -0.0389
vn 0.8639 0.4975 -0.0784
vn 0.7299 0.6430 0.2321
vn 0.7330 0.6800 0.0201
vn -0.9842 -0.0206 -0.1760
vn -0.9247 -0.1963 0.3262
vn 0.6797 -0.6752 -0.2866
vn 0.3549 0.2659 -0.8963
vn 0.9414 0.2519 0.2244
vn -0.6672 0.6162 -0.4186
vn 0.6453 -0.4764 -0.5972
vn -0.9897 -0.0498 0.1345
vn 0.0636 -0.9868 0.1492
vn -0.9618 0.2722 -0.0302
vn -0.8651 -0.3012 0.4012
vn -0.3870 -0.9196 -0.0680
vn 0.1994 0.9290 -0.3118
vn 0.9090 -0.1654 -0.3825
vn 0.8421 0.4675 0.2687
vn -0.4088 0.7041 -0.5806
vn 0.3956 -0.9149 0.0805
vn -0.7259 -0.6397 -0.2527
vn -0.0089 0.9914 -0.1309
vn 0.8031 -0.4091 0.4331
vn 0.5599 -0.7564 0.3382
vn -0.9933 0.1086 -0.0390
vn 0.7800 0.5302 -0.3323
vn -0.0300 0.6141 -0.7887
vn 0.5954 0.7566 0.2703
vn -0.7236 -0.4845 0.4916
vn 0.5326 -0.7563 -0.3800
vn 0.3457 -0.6864 -0.6398
vn 0.5232 -0.7836 0.3351
vn -0.6936 -0.6911 -0.2033
vn 0.3554 -0.7635 0.5392
vn -0.7978 0.6028 -0.0043
vn 0.5125 -0.7665 0.3871
vn 0.7344 -0.5041 0.4544
vn 0.1187 -0.9506 -0.2868
vn -0.7366 0.6708 -0.0859
vn -0.7585 -0.1740 0.6280
vn 0.9800 -0.0974 -0.1736
vn 0.6619 0.6795 0.3165
vn 0.3450 -0.9340 0.0925
vn 0.5457 -0.6607 -0.5154
vn 0.5929 -0.5464 -0.5915
vn -0.3415 0.9294 0.1402
vn -0.9734 -0.0016 0.2291
vn 0.5267 0.8282 0.1914
vn 0.5627 0.3108 -0.7660
vn 0.2484 0.5637 -0.7878
vn -0.0317 0.9731 -0.2283
vn 0.7917 -0.3466 -0.5031
vn -0.8729 -0.4648 0.1485
vn -0.7836 0.5344 -0.3169
vn 0.2994 0.8921 -0.3385
vn -0.8299 -0.5445 -0.1214
vn -0.9767 0.1741 -0.1258
vn 0.8895 0.0321 -0.4558
vn 0.8084 -0.4379 0.3933
vn 0.8830 0.3520 -0.3106
vn -0.7343 0.6105 0.2970
vn -0.0550 -0.6081 -0.7920
vn -0.7958 0.5798 0.1750
vn 0.3195 -0.8606 0.3965
vn 0.7311 0.6222 0.2799
vn -0.4769 0.8622 -0.1710
vn -0.7368 0.6611 -0.1419
vn -0.8806 -0.3751 -0.2897
vn 0.8658 0.3784 -0.3274
vn -0.1987 0.6086 -0.7682
vn -0.8225 -0.3326 0.4614
vn 0.6728 -0.4962 -0.5487
vn 0.6341 -0.6133 -0.4709
vn 0.4289 0.7384 -0.5204
vn 0.9999 -0.0116 -0.0077
vn 0.4901 -0.7204 0.4908
vn -0.8065 -0.3693 0.4617
vn -0.2653 -0.9641 0.0075
vn -0.9265 0.2877 0.2425
vn 0.8909 0.1754 0.4190
vn 0.6194 -0.6333 -0.4640
vn 0.0989 0.9869 -0.1275
vn 0.2872 0.9375 -0.1964
vn 0.0864 -0.9956 -0.0360
vn 0.7771 -0.5129 0.3647
vn -0.9802 -0.1931 0.0447
vn -0.9780 0.1732 0.1163
vn 0.6776 -0.3128 0.6656
vn -0.9826 -0.0893 0.1630
vn -0.3256 -0.9423 -0.0774
vn 0.1911 0.5005 -0.8444
vn 0.9627 0.1392 -0.2320
vn 0.4585 0.8885 0.0169
vn -0.5308 0.7201 -0.4469
vn -0.3491 0.7572 -0.5520
vn 0.6088 -0.6584 0.4426
vn 0.4456 -0.6831 0.5787
vn 0.3092 -0.9360 -0.1681
vn -0.8631 0.4515 -0.2262
vn -0.3447 0.9248 -0.1611
vn 0.7449 -0.3152 -0.5880
vn -0.6774 0.5764 0.4570
vn 0.8985 -0.1622 0.4079
vn -0.9864 -0.1628 0.0231
vn 0.4649 -0.8841 -0.0478
vn 0.5536 0.8262 -0.1044
vn 0.7944 0.5119 -0.3268
vn -0.6027 -0.7531 0.2640
vn -0.9979 0.0215 -0.0612
vn -0.6543 -0.7406 -0.1529
vn -0.8211 -0.5601 -0.1103
vn 0.2662 -0.9109 0.3152
vn 0.2583 -0.9641 0.0616
vn -0.6766 0.6913 -0.2535
vn -0.5151 0.8142 0.2680
vn -0.9063 -0.4226 0.0075
vn 0.6886 0.6667 0.2852
vn 0.8314 0.5239 0.1853
vn 0.3471 0.4607 -0.8169
vn 0.7550 0.6555 0.0153
vn 0.9422 0.3247 -0.0828
vn -0.9428 0.2991 -0.1474
vn 0.3456 -0.8172 0.4613
vn -0.8388 -0.0176 0.5442
vn 0.7816 0.6197 0.0712
vn 0.6793 -0.5782 0.4519
vn 0.7255 0.4916 0.4816
vn 0.6005 0.7619 0.2428
vn 0.9664 0.2215 -0.1302
vn 0.8205 0.4951 0.2858
vn -0.9986 -0.0081 0.0522
vn -0.8322 -0.3856 0.3985
vn 0.9102 -0.4121 0.0407
vn 0.2632 0.9220 0.2840
vn -0.9963 -0.0579 0.0640
vn 0.2281 -0.9629 0.1442
vn 0.1576 0.9825 0.0989
vn -0.9785 0.1869 -0.0868
vn -0.5960 -0.8027 -0.0206
vn -0.1734 -0.9518 -0.2529
vn -0.7954 0.2900 -0.5322
vn 0.6060 0.1210 -0.7862
vn 0.8064 0.2039 0.5552
vn 0.4926 0.7974 0.3486
vn -0.2320 0.8034 -0.5484
vn -0.2968 -0.9517 -0.0783
vn -0.4559 0.8325 0.3149
vn -0.7271 -0.0646 0.6835
vn -0.8049 0.4442 0.3934
vn 0.5729 -0.7946 0.2012
vn 0.7628 0.4759 0.4378
vn 0.7576 -0.0459 -0.6511
vn -0.2033 0.7911 -0.5769
vn -0.4297 0.5473 -0.7182
vn -0.0361 0.5425 -0.8393
vn -0.0556 -0.7575 -0.6504
vn -0.7068 -0.1944 0.6801
vn -0.7381 -0.6021 0.3045
vn -0.5848 -0.8002 0.1330
vn 0.8949 0.3021 0.3284
vn -0.1209 -0.9897 -0.0765
vn 0.5295 -0.6145 0.5848
vn 0.1804 -0.9408 0.2870
vn 0.1606 -0.9596 0.2310
vn 0.3980 -0.8470 -0.3525
vn 0.6055 -0.5569 -0.5685
vn -0.7039 0.3477 0.6194
vn -0.9065 0.3069 0.2898
vn 0.7521 -0.6412 0.1526
vn -0.9393 0.2771 0.2023
vn 0.7510 -0.3634 0.5513
vn 0.2958 -0.7124 -0.6364
vn -0.7431 -0.6503 -0.1580
vn 0.8173 -0.0526 0.5737
vn 0.0482 0.3712 0.9273
vn -0.3086 0.1155 0.9441
vn 0.2477 -0.0386 0.9681
vn -0.2996 -0.3800 0.8751
vn -0.9480 -0.2911 0.1285
vn 0.3495 -0.9218 0.1679
vn 0.8389 -0.0644 -0.5404
vn 0.1366 -0.9830 0.1227
vn 0.7851 0.3975 -0.4749
vn 0.8214 -0.5703 0.0007
vn 0.8227 0.5565 -0.1158
vn -0.3824 -0.9213 -0.0704
vn -0.9210 0.1288 -0.3676
vn -0.8612 -0.2804 -0.4240
vn 0.0251 0.1843 -0.9826
vn -0.1605 -0.0444 0.9860
vn 0.1140 0.9867 -0.1162
vn 0.0839 0.9822 0.1681
vn 0.2853 0.8580 -0.4271
vn 0.5335 -0.5922 0.6039
vn 0.2781 -0.8364 0.4723
vn 0.4868 -0.7233 -0.4898
vn -0.8290 0.3170 0.4607
vn 0.0501 0.9936 0.1010
vn 0.2931 -0.8754 0.3845
vn -0.7787 0.6251 0.0537
vn -0.7299 0.0207 0.6833
vn 0.6432 -0.6739 -0.3635
vn 0.0957 -0.4669 0.8791
vn 0.4425 -0.0074 0.8967
vn -0.0637 0.8811 -0.4687
vn 0.3787 -0.9189 0.1106
vn -0.1283 0.9560 0.2637
vn -0.5799 -0.8141 0.0293
vn -0.7278 -0.6796 -0.0919
vn -0.4092 0.8698 0.2755
vn -0.9830 -0.0936 0.1582
vn -0.9811 -0.1670 -0.0977
vn -0.0123 -0.1015 -0.9948
vn -0.0485 -0.2860 -0.9570
vn 0.2184 0.6072 -0.7640
vn 0.3271 -0.5838 -0.7430
vn 0.4120 0.1717 0.8948
vn -0.8755 -0.4690 -0.1168
vn -0.1087 -0.4393 0.8918
vn 0.4622 0.1944 0.8652
vn -0.7260 0.6221 -0.2933
vn 0.1283 0.9013 -0.4138
vn -0.8055 -0.2094 0.5543
vn 0.6581 0.7016 0.2733
vn 0.8403 -0.3744 0.3920
vn 0.1503 -0.9649 0.2155
vn -0.9382 0.2362 0.2528
vn 0.3890 0.8266 0.4067
vn 0.9774 0.0590 0.2029
vn 0.8644 -0.2925 -0.4090
vn 0.3672 0.5305 -0.7640
vn -0.4072 -0.3766 -0.8321
vn -0.5080 -0.8362 -0.2068
vn -0.7499 -0.4427 -0.4915
vn -0.3338 -0.6659 -0.6672
vn 0.4246 0.2001 0.8830
vn 0.3772 -0.4990 0.7802
vn 0.9237 0.0560 0.3791
vn 0.4028 -0.9141 0.0454
vn 0.2701 -0.8137 0.5148
vn 0.1129 -0.9932 0.0287
vn -0.9689 0.2211 0.1107
vn -0.9133 0.4041 0.0508
vn 0.8585 -0.0152 -0.5126
vn 0.5743 -0.8085 0.1286
vn -0.8145 0.0979 0.5718
vn -0.6305 -0.6872 0.3609
vn 0.0508 0.2360 -0.9704
vn 0.5901 -0.4109 -0.6949
vn 0.3040 -0.3063 0.9021
vn 0.8998 0.2422 0.3628
vn 0.8267 0.4282 0.3648
vn -0.5314 -0.8455 -0.0517
vn 0.1511 -0.9463 0.2859
vn 0.8718 -0.3581 0.3341
vn 0.4191 -0.7258 0.5455
vn 0.0413 -0.9955 -0.0847
vn 0.2851 -0.9580 -0.0315
vn -0.5054 0.8553 -0.1145
vn 0.7184 0.5012 0.4824
vn -0.6319 0.5195 0.5751
vn -0.2517 0.8526 -0.4579
vn -0.5925 0.0440 -0.8044
vn 0.6722 -0.7172 0.1837
vn -0.7166 -0.1983 0.6687
vn 0.0887 0.6041 -0.7920
vn -0.7728 -0.4520 0.4455
vn -0.7494 -0.6525 0.1125
vn -0.9568 -0.2906 -0.0051
vn 0.0487 0.8069 0.5887
vn 0.2155 -0.9764 -0.0169
vn -0.7584 -0.6517 -0.0119
vn -0.8368 -0.5463 0.0357
vn 0.8972 -0.4361 0.0692
vn 0.5229 0.8511 -0.0465
vn 0.5749 0.6785 0.4572
vn -0.9843 -0.1524 0.0894
vn -0.7122 0.6461 0.2745
vn 0.8811 0.1882 0.4338
vn 0.4109 0.2281 0.8827
vn -0.2232 0.5397 0.8117
vn 0.4074 -0.2957 0.8640
vn -0.3074 0.3209 0.8958
vn -0.1834 -0.2760 0.9435
vn 0.0903 0.3262 0.9410
vn 0.3972 -0.2068 0.8941
vn 0.3851 0.6014 0.7000
vn -0.0344 -0.9992 -0.0185
vn 0.5294 -0.8472 0.0444
vn 0.6053 -0.7111 0.3576
vn -0.7325 0.6799 0.0353
vn 0.8051 -0.2493 -0.5382
vn -0.0191 0.8953 0.4450
vn 0.8393 0.1780 -0.5137
vn -0.5181 0.8305 0.2043
vn 0.7156 -0.6951 0.0687
vn -0.9835 0.1464 -0.1065
vn 0.6897 0.7234 -0.0330
vn -0.2342 -0.9603 -0.1518
vn 0.5300 0.7399 0.4143
vn -0.9104 0.4132 -0.0221
vn 0.8716 0.2653 0.4122
vn 0.8053 0.5579 -0.2006
vn 0.1314 0.5587 0.8189
vn 0.3874 -0.0993 0.9165
vn 0.5742 0.4290 0.6974
vn 0.4392 0.8928 -0.0997
vn -0.2966 0.9511 0.0858
vn 0.8610 -0.4993 -0.0963
vn -0.9395 0.1948 0.2817
vn -0.9605 -0.2643 0.0867
vn 0.7676 -0.2244 -0.6003
vn 0.2124 0.9596 -0.1847
vn 0.1315 0.7626 0.6333
vn -0.0974 -0.1697 0.9807
vn 0.1164 -0.2108 0.9706
vn -0.9982 -0.0020 0.0607
vn 0.6618 -0.5399 0.5202
vn -0.7433 0.3135 0.5909
vn 0.6172 -0.7868 -0.0031
vn 0.9001 -0.1128 0.4209
vn -0.8307 0.0426 0.5551
vn 0.7500 -0.1506 0.6440
vn -0.1886 -0.7983 0.5720
vn -0.9435 -0.0636 0.3253
vn -0.7930 0.5241 0.3106
vn -0.9887 -0.1496 0.0115
vn 0.4403 0.4013 -0.8032
vn 0.2986 0.4745 0.8281
vn -0.2472 0.7131 0.6560
vn 0.6311 0.1480 0.7615
vn 0.1602 0.0161 0.9870
vn 0.0712 -0.9422 -0.3274
vn 0.7151 -0.6587 -0.2340
vn -0.6898 0.6905 0.2177
vn 0.5190 0.7739 -0.3628
vn 0.8506 0.2903 0.4384
vn -0.3514 -0.8318 0.4296
vn 0.6958 0.4956 0.5198
vn 0.2116 0.6503 -0.7296
vn -0.4855 -0.6046 0.6315
vn -0.0844 0.6640 0.7430
vn -0.5766 -0.7937 0.1937
vn -0.7474 -0.4149 -0.5189
vn -0.7822 -0.5576 0.2779
vn 0.4098 0.9100 0.0628
vn 0.2702 -0.9511 0.1500
vn 0.6462 0.5724 -0.5047
vn -0.7471 0.1338 0.6511
vn 0.6665 0.5699 0.4807
vn 0.3675 -0.2531 0.8949
vn 0.6535 0.4517 0.6074
vn 0.8707 -0.4769 -0.1203
vn -0.4660 0.2404 0.8515
vn -0.4325 0.0466 0.9005
vn 0.6622 0.0599 0.7469
vn -0.0897 0.1694 0.9815
vn 0.4385 -0.0657 0.8963
vn 0.5985 0.1798 0.7807
vn 0.2573 -0.2779 0.9255
vn 0.4922 -0.7203 0.4888
vn 0.5748 0.0221 0.8180
vn -0.8739 0.4659 -0.1385
vn -0.4018 0.8645 -0.3019
vn 0.3180 0.8668 -0.3841
vn 0.1914 -0.9653 -0.1778
vn 0.2040 0.9327 0.2975
vn 0.5257 0.0595 0.8486
vn -0.2354 0.6452 0.7269
vn 0.8712 0.4823 0.0914
vn -0.1374 0.9861 0.0935
vn -0.0016 0.8362 -0.5483
vn 0.9885 0.1097 0.1037
vn 0.5345 -0.6378 0.5545
vn -0.1821 0.9572 -0.2251
vn 0.8483 -0.0815 -0.5232
vn -0.9047 -0.1724 0.3896
vn 0.7954 -0.6001 -0.0850
vn -0.8154 -0.4375 0.3790
vn 0.1837 -0.3477 0.9194
vn 0.7137 0.3877 0.5834
vn 0.5192 0.6444 0.5613
vn -0.3277 0.6688 0.6673
vn -0.6579 -0.1102 0.7450
vn -0.2559 0.9270 -0.2743
vn 0.8984 -0.3809 0.2187
vn 0.4676 0.8553 -0.2232
vn -0.7459 -0.6660 -0.0104
vn 0.0906 -0.9953 -0.0344
vn 0.3312 -0.8902 -0.3129
vn -0.4950 0.8215 0.2831
vn -0.3387 -0.9216 0.1894
vn -0.1246 -0.6450 0.7540
vn -0.5724 0.7894 0.2219
vn -0.6488 -0.2420 0.7214
vn 0.0638 -0.3140 0.9473
vn -0.5823 -0.7376 -0.3419
vn -0.9658 -0.0047 -0.2593
vn 0.6207 -0.3632 0.6949
vn -0.5946 0.7807 -0.1920
vn -0.7905 0.5254 0.3148
vn 0.1110 0.9523 0.2844
vn -0.9278 0.2516 0.2755
vn 0.7025 -0.7022 -0.1158
vn -0.8161 0.1835 0.5480
vn -0.9230 -0.2983 0.2429
vn -0.0284 -0.5545 0.8317
vn 0.7939 -0.4441 -0.4152
vn -0.4613 0.4558 0.7612
vn -0.5908 -0.0071 0.8068
vn 0.7103 -0.0389 -0.7028
vn -0.3815 0.8990 0.2152
vn 0.6456 0.1698 0.7446
vn 0.2164 0.7748 -0.5940
vn 0.9996 0.0192 0.0192
vn -0.0137 -0.9998 -0.0174
vn -0.9326 -0.2767 0.2315
vn 0.0779 0.9781 -0.1932
vn -0.8560 -0.5044 0.1133
vn 0.0874 -0.9429 0.3214
vn 0.0092 -0.9868 0.1615
vn -0.1682 0.9312 0.3233
vn -0.5512 0.8291 0.0936
vn 0.6259 0.4946 -0.6030
vn -0.8646 -0.4083 0.2929
vn 0.9600 -0.2484 0.1294
vn 0.4217 0.8466 0.3246
vn 0.2344 -0.0823 0.9687
vn 0.8324 0.2846 0.4756
vn 0.0374 -0.7747 0.6313
vn -0.5046 -0.8355 0.2178
vn 0.1155 0.0803 0.9901
vn -0.1159 -0.4353 0.8928
vn 0.0360 -0.5049 0.8624
vn 0.5230 -0.4742 0.7083
vn 0.8615 -0.4579 0.2194
vn -0.7607 0.2200 0.6108
vn 0.8046 -0.1570 0.5727
vn -0.4468 0.8434 0.2983
vn -0.6432 -0.7601 0.0928
vn 0.5116 -0.8438 0.1622
vn -0.9547 -0.1252 0.2698
vn 0.0399 -0.9982 -0.0445
vn -0.5646 0.6157 0.5496
vn 0.7320 -0.6695 -0.1263
vn -0.7148 0.6984 0.0346
vn -0.7943 0.2731 0.5427
vn -0.9662 -0.0342 0.2555
vn 0.3760 0.9265 0.0148
vn -0.3847 0.1632 0.9085
vn 0.6472 0.5072 0.5690
vn 0.8431 0.0829 0.5313
vn 0.4762 0.6700 0.5694
vn 0.8188 0.0148 0.5739
vn -0.6292 0.2128 0.7475
vn -0.1971 0.9797 -0.0358
vn -0.6980 0.6977 -0.1613
vn -0.2519 0.4270 0.8685
vn -0.2833 0.6665 0.6896
vn -0.5979 -0.5844 0.5487
vn -0.3879 0.8608 -0.3295
vn 0.5979 -0.7227 0.3469
vn -0.9593 0.2822 -0.0106
vn 0.6726 0.6400 0.3717
vn -0.9524 0.1054 0.2862
vn 0.1041 -0.8993 0.4248
vn 0.6158 -0.6533 -0.4405
vn -0.6398 -0.7018 0.3132
vn 0.8158 0.2987 -0.4953
vn -0.5749 0.8165 0.0535
vn 0.5783 0.5066 -0.6395
vn -0.6775 0.1735 0.7148
vn -0.5873 0.0613 0.8070
vn -0.7788 -0.1060 0.6183
vn -0.4052 -0.8790 0.2511
vn -0.4545 -0.6318 0.6279
vn 0.3153 -0.8913 0.3258
vn -0.6103 0.3747 0.6979
vn 0.6654 -0.7424 0.0777
vn -0.7707 0.3526 0.5308
vn -0.8420 -0.1565 0.5163
vn 0.7775 -0.5989 -0.1917
vn 0.7575 -0.6525 -0.0219
vn -0.7981 -0.3338 0.5016
vn -0.5395 0.8399 0.0599
vn -0.5152 0.8026 -0.3005
vn -0.4393 -0.8252 0.3551
vn -0.9805 -0.1590 0.1156
vn -0.8634 -0.4915 0.1142
vn -0.8935 0.3078 0.3270
vn 0.0449 0.9891 0.1404
vn -0.9319 0.0077 0.3628
vn 0.7338 0.3736 -0.5675
vn 0.8727 0.4216 0.2464
vn -0.8191 -0.1191 0.5611
vn 0.4197 -0.8457 0.3297
vn 0.9986 0.0521 0.0012
vn -0.3216 -0.8206 0.4724
vn -0.1698 0.7589 0.6287
vn -0.2644 0.7031 0.6601
vn 0.7819 -0.2886 -0.5525
vn 0.7036 0.6728 0.2284
vn -0.4322 0.7884 -0.4378
vn 0.9542 0.0518 0.2946
vn 0.9742 -0.1290 -0.1854
vn 0.8303 -0.0428 -0.5557
vn 0.5044 0.8384 0.2068
vn 0.4310 0.8621 -0.2667
vn -0.2820 -0.9592 0.0212
vn -0.7084 0.5565 0.4341
vn 0.5782 -0.7364 0.3513
vn -0.9185 0.3420 0.1983
vn 0.3525 0.8483 -0.3951
vn -0.9904 0.0233 0.1366
vn 0.0912 -0.9946 -0.0496
vn 0.5825 0.4428 0.6816
vn 0.4599 0.5813 0.6712
vn 0.7147 0.6369 0.2890
vn 0.6870 -0.3781 0.6205
vn 0.7220 -0.4709 0.5069
vn -0.8923 -0.1475 0.4267
vn -0.8080 -0.5641 0.1704
vn 0.9571 0.1632 0.2393
vn -0.6264 0.0480 0.7780
vn 0.4631 0.6755 0.5738
vn -0.6818 -0.5816 0.4438
vn -0.7293 0.1522 0.6670
vn 0.9291 0.0681 0.3635
vn -0.5068 0.6179 0.6012
vn -0.4566 0.4870 0.7446
vn 0.0469 -0.9976 0.0501
vn -0.9614 -0.0673 0.2669
vn 0.9019 -0.0475 0.4293
vn 0.6715 -0.6893 0.2720
vn 0.7838 -0.4966 0.3728
vn 0.5036 -0.5883 0.6327
vn 0.4374 -0.8930 0.1062
vn 0.9931 -0.0138 0.1167
vn 0.2052 0.9417 -0.2665
vn 0.0431 -0.9201 0.3893
vn 0.8070 -0.1582 0.5690
vn -0.7363 0.0877 0.6709
vn -0.4022 0.9151 0.0283
vn 0.6932 -0.4994 -0.5196
vn -0.1579 0.9233 -0.3501
vn -0.8997 0.4331 -0.0545
vn 0.8498 -0.4220 0.3159
vn 0.8942 0.2394 0.3782
vn -0.6616 0.7493 -0.0274
vn -0.1259 0.5699 0.8120
vn -0.5883 0.1522 0.7942
vn 0.7698 -0.6305 -0.1000
vn 0.7451 -0.0951 -0.6601
vn 0.2666 0.6479 -0.7136
vn 0.9845 0.1646 -0.0598
vn -0.7707 0.6318 -0.0832
vn 0.0437 -0.9986 0.0289
vn 0.4092 -0.9124 0.0039
vn -0.4755 -0.8685 0.1397
vn 0.4058 -0.8714 -0.2756
vn 0.0390 -0.9461 0.3214
vn 0.2236 -0.9555 0.1926
vn 0.9886 0.0907 -0.1203
vn -0.4717 -0.7340 0.4886
vn -0.6146 -0.6227 0.4843
vn 0.4506 -0.8620 0.2322
vn 0.3556 -0.9048 -0.2343
vn -0.3058 0.3242 0.8952
vn -0.6177 0.0905 0.7812
vn -0.4031 0.6530 0.6412
vn 0.6059 0.4464 -0.6585
vn 0.7605 0.1650 -0.6280
vn 0.0957 0.8096 -0.5791
vn 0.9224 0.2941 0.2504
vn 0.6697 -0.5399 0.5099
vn -0.9863 0.0447 0.1591
vn -0.0836 0.9948 -0.0573
vn 0.4662 -0.8843 0.0275
vn 0.1758 -0.8767 0.4478
vn 0.1988 -0.9721 -0.1248
vn 0.5528 0.6672 -0.4993
vn 0.9320 0.2730 0.2385
vn 0.9055 0.1319 0.4033
vn -0.4943 0.3079 0.8130
vn -0.1333 0.0756 0.9882
vn -0.3819 -0.8255 0.4156
vn -0.1123 -0.9808 0.1592
vn -0.0766 0.3532 0.9324
vn -0.3736 -0.6803 0.6305
vn 0.2049 0.2716 0.9403
vn 0.0407 -0.8409 0.5396
vn 0.7243 -0.0408 0.6883
vn 0.5981 0.4154 0.6853
vn 0.8213 -0.4564 -0.3423
vn -0.6697 -0.5892 0.4520
vn 0.8204 0.4381 0.3675
vn -0.3238 0.9421 -0.0873
vn -0.0325 -0.9723 0.2313
vn -0.7738 0.5452 0.3225
vn 0.8755 0.0918 -0.4745
vn -0.7853 0.3167 0.5320
vn -0.9825 -0.0599 -0.1766
vn 0.7247 -0.6659 0.1772
vn 0.6598 -0.6570 0.3648
vn -0.8013 -0.0754 -0.5935
vn -0.7240 -0.2672 0.6360
vn -0.5994 -0.6893 0.4069
vn -0.3293 -0.9305 0.1601
vn 0.0048 -0.9802 -0.1977
vn 0.4739 -0.8764 -0.0862
vn -0.9626 -0.1893 -0.1938
vn -0.8150 0.5760 0.0632
vn -0.7503 -0.6310 0.1971
vn -0.8409 -0.5283 0.1177
vn -0.8789 0.2309 0.4174
vn -0.8456 -0.2094 0.4910
vn 0.0647 0.9976 0.0247
vn -0.0823 0.9320 0.3529
vn -0.8290 0.5540 -0.0765
vn 0.9397 0.2791 0.1974
vn 0.6847 0.3523 0.6381
vn -0.5396 0.5863 0.6042
vn -0.3277 0.3135 0.8912
vn -0.2061 -0.8664 0.4549
vn 0.2940 0.3808 0.8767
vn -0.3470 -0.2197 0.9118
vn 0.6429 -0.1583 0.7494
vn 0.6487 -0.7506 0.1259
vn -0.3440 0.9168 -0.2028
vn -0.9093 0.4018 0.1087
vn 0.2671 0.9386 -0.2185
vn 0.1979 -0.8162 0.5427
vn -0.2474 0.9684 -0.0319
vn -0.8480 0.5287 -0.0367
vn 0.5282 -0.7200 0.4501
vn -0.3572 -0.5502 0.7548
vn -0.9957 -0.0347 0.0855
vn 0.1955 -0.9738 -0.1165
vn 0.9769 -0.2101 -0.0378
vn 0.5423 -0.7787 0.3156
vn -0.3174 -0.5181 0.7942
vn -0.5177 -0.0790 0.8519
vn -0.5720 -0.4625 0.6775
vn -0.4338 -0.6124 0.6609
vn -0.7732 -0.0249 0.6336
vn 0.7020 0.3148 0.6388
vn 0.8309 -0.1904 -0.5229
vn 0.8740 0.4428 0.2000
vn -0.5717 0.8176 -0.0690
vn -0.4989 -0.8324 0.2412
vn 0.0592 -0.9294 0.3643
vn -0.0306 -0.9954 0.0910
vn 0.1573 0.9418 0.2972
vn -0.4122 -0.8017 0.4329
vn -0.7711 -0.4647 0.4353
vn 0.6820 0.4219 -0.5974
vn -0.8370 0.2245 -0.4990
vn 0.1014 0.9920 -0.0749
vn -0.2974 -0.5704 0.7656
vn 0.3613 0.6242 0.6927
vn -0.1006 0.7040 0.7030
vn -0.3165 0.4086 0.8561
vn -0.1449 0.0815 0.9861
vn -0.0012 0.3850 0.9229
vn -0.5148 0.5049 0.6929
vn 0.4345 0.4879 0.7571
vn -0.6390 0.7677 -0.0491
vn -0.7456 -0.3251 0.5817
vn -0.4485 0.7627 0.4660
vn -0.5845 -0.3426 0.7355
vn 0.7880 -0.3282 0.5209
vn -0.8881 -0.2724 0.3704
vn 0.1836 0.9329 -0.3098
vn -0.0492 0.9789 -0.1985
vn -0.8816 0.2938 0.3694
vn -0.2654 -0.4930 0.8285
vn 0.3257 0.7124 0.6216
vn -0.5615 -0.6876 0.4603
vn 0.3834 0.3772 0.8430
vn -0.1294 0.2799 0.9513
vn -0.5901 -0.4284 0.6842
vn -0.7468 0.6151 0.2529
vn 0.5558 -0.7579 0.3417
vn 0.7479 0.2599 0.6108
vn 0.7963 -0.3058 0.5220
vn -0.9381 -0.1761 0.2984
vn 0.5667 0.8237 -0.0194
vn 0.6754 -0.6108 -0.4134
vn -0.8924 0.4046 -0.1998
vn 0.2924 0.8867 -0.3581
vn 0.2790 0.8930 0.3532
vn 0.6956 0.4083 0.5912
vn -0.3198 0.8019 0.5046
vn -0.6344 -0.4725 0.6118
vn -0.8900 -0.0015 0.4559
vn -0.3636 -0.8653 0.3451
vn 0.4684 0.6319 -0.6175
vn -0.0553 0.7880 -0.6131
vn -0.8193 -0.4361 0.3723
vn -0.9563 0.1950 0.2179
vn -0.2646 -0.9550 0.1339
vn 0.6905 -0.7226 -0.0341
vn 0.4907 -0.8303 -0.2642
vn -0.5183 0.7444 0.4209
vn -0.0824 0.9908 -0.1075
vn 0.1867 -0.9691 0.1611
vn 0.9604 -0.2435 0.1356
vn 0.0199 0.9973 0.0708
vn 0.0564 -0.6298 0.7747
vn 0.3978 0.6899 0.6047
vn 0.2141 -0.9627 0.1656
vn -0.4379 0.4119 0.7991
vn 0.0490 -0.9925 0.1120
vn -0.8963 0.3192 0.3077
vn -0.0773 0.9928 0.0911
vn -0.4064 -0.9040 -0.1323
vn 0.8643 -0.2116 0.4562
vn 0.8761 0.0135 0.4819
vn 0.0094 0.9998 0.0179
vn -0.5829 -0.7646 0.2749
vn -0.8791 -0.4308 0.2038
vn 0.9399 0.2273 0.2548
vn 0.8904 0.1936 0.4119
vn 0.6343 0.4603 0.6211
vn -0.1306 -0.5635 0.8157
vn -0.5265 -0.4233 0.7373
vn 0.2424 -0.9682 -0.0613
vn 0.4152 -0.6501 0.6364
vn 0.7489 -0.6314 -0.2011
vn 0.8218 0.3535 0.4469
vn -0.2773 -0.9540 -0.1138
vn -0.9079 -0.1456 0.3930
vn 0.6826 0.6942 0.2283
vn -0.6298 -0.4815 0.6095
vn 0.7591 0.4716 -0.4488
vn -0.5048 0.3191 0.8021
vn -0.2918 0.4189 0.8599
vn 0.2986 -0.4729 0.8290
vn 0.2739 -0.8607 -0.4292
vn -0.5481 0.4241 0.7209
vn -0.3719 -0.4140 0.8308
vn 0.4976 -0.6721 -0.5484
vn -0.9006 0.4281 0.0753
vn -0.6891 -0.5664 0.4520
vn 0.8435 -0.3105 0.4383
vn 0.0424 0.9991 -0.0006
vn -0.3902 0.9098 0.1412
vn -0.0964 0.4284 0.8984
vn -0.4808 -0.1058 0.8704
vn -0.8460 0.5267 0.0825
vn 0.6514 -0.7584 0.0242
vn -0.3902 0.4597 0.7978
vn -0.1702 0.8935 -0.4155
vn 0.8020 0.2236 0.5539
vn -0.4108 0.9116 0.0171
vn 0.1662 0.9861 -0.0083
vn 0.3463 -0.9380 0.0162
vn 0.0269 -0.8995 0.4362
vn -0.7195 0.5209 0.4593
vn 0.0356 0.9970 -0.0693
vn 0.8280 -0.0059 -0.5607
vn -0.0461 -0.8798 0.4731
vn -0.5770 0.4853 0.6569
vn 0.1072 0.9759 0.1901
vn 0.4682 0.7027 0.5358
vn 0.0541 -0.5204 0.8522
vn 0.5659 0.1222 0.8154
vn 0.2407 -0.9354 0.2588
vn 0.2947 -0.8098 0.5073
vn 0.6061 0.1077 0.7881
vn 0.3865 -0.6444 0.6598
vn -0.9607 -0.1974 0.1949
vn -0.5221 0.8513 -0.0524
vn -0.6015 0.7969 0.0564
vn 0.9081 -0.4036 0.1116
vn -0.9068 0.0357 0.4199
vn 0.4451 -0.4135 0.7943
vn 0.4853 -0.8420 -0.2358
vn 0.8260 -0.2263 -0.5163
vn 0.5858 -0.7259 0.3605
vn -0.7707 -0.3543 0.5296
vn -0.8176 -0.2816 0.5022
vn 0.7250 0.2223 0.6519
vn -0.8613 0.0890 -0.5003
vn 0.1389 0.6459 0.7507
vn -0.0841 -0.5104 0.8558
vn -0.3100 -0.9483 0.0684
vn -0.0136 -0.9680 0.2504
vn 0.0094 -0.6501 0.7598
vn -0.9483 0.3047 -0.0887
vn -0.1844 0.5645 0.8046
vn 0.8130 0.2241 -0.5373
vn 0.8987 -0.0246 0.4379
vn 0.7003 -0.3178 0.6392
vn -0.9205 -0.0163 0.3904
vn 0.8085 -0.2780 0.5188
vn -0.9060 -0.2022 0.3720
vn 0.7484 -0.1400 0.6483
vn 0.6162 -0.1056 0.7805
vn -0.9765 0.0921 0.1948
vn -0.5735 -0.1096 0.8118
vn -0.6571 0.4772 0.5835
vn -0.3773 0.5887 0.7149
vn 0.1826 -0.5048 0.8437
vn -0.9805 0.1694 0.0996
vn -0.5898 0.2674 0.7620
vn 0.4214 -0.1724 0.8903
vn -0.7344 0.4322 -0.5233
vn 0.4163 0.1139 0.9021
vn -0.6124 0.2542 0.7486
vn -0.8167 -0.5747 0.0525
vn 0.7944 0.2553 0.5511
vn -0.4117 -0.8813 -0.2322
vn 0.0168 0.8135 -0.5813
vn -0.7305 -0.6135 0.2999
vn -0.1675 0.9812 0.0961
vn -0.1708 0.9074 0.3841
vn 0.7169 0.5628 -0.4114
vn 0.1260 0.9468 0.2962
vn 0.2747 -0.2844 0.9185
vn 0.3633 0.4614 0.8094
vn 0.1915 0.7277 0.6586
vn -0.4225 0.2261 0.8777
vn 0.5843 -0.6802 -0.4427
vn -0.6895 0.2478 0.6805
vn -0.1642 -0.2754 0.9472
vn -0.4028 -0.4697 0.7856
vn -0.9935 0.0578 0.0978
vn 0.0623 -0.0711 0.9955
vn -0.1817 0.1142 0.9767
vn 0.6375 -0.3856 0.6670
vn 0.2613 -0.1220 0.9575
vn -0.7470 0.1616 0.6449
vn -0.7029 0.6822 0.2011
vn 0.3650 0.6811 -0.6347
vn 0.6788 0.0980 0.7277
vn -0.8234 0.5287 0.2062
vn -0.7103 0.6982 0.0889
vn -0.0286 -0.9242 0.3809
vn -0.8368 0.2951 0.4612
vn -0.1753 0.9096 0.3768
vn -0.8388 -0.0229 0.5440
vn 0.8141 0.2087 -0.5419
vn 0.8329 -0.1723 0.5260
vn -0.9008 0.3384 -0.2722
vn 0.0412 0.9868 0.1569
vn -0.1670 0.6851 0.7090
vn -0.9358 0.0983 -0.3384
vn 0.2059 -0.4404 0.8739
vn 0.3235 -0.9426 -0.0826
vn 0.3299 -0.4668 0.8205
vn -0.8801 -0.4603 0.1163
vn -0.7886 -0.5998 0.1354
vn -0.0050 0.2127 0.9771
vn 0.5048 -0.3656 0.7820
vn -0.8622 0.1326 -0.4890
vn -0.6080 0.0374 0.7931
vn 0.7690 -0.2459 0.5900
vn -0.7901 0.3815 0.4798
vn 0.7775 -0.5864 -0.2271
vn 0.2154 -0.6701 0.7103
vn 0.9097 -0.1771 -0.3756
vn 0.5405 0.4316 0.7222
vn -0.8135 0.5781 0.0626
vn -0.8620 -0.2461 0.4432
vn -0.8601 0.4631 0.2139
vn 0.5020 0.8614 -0.0780
vn -0.4477 -0.8754 0.1822
vn -0.5429 -0.7897 0.2859
vn 0.1567 -0.5743 0.8035
vn -0.4468 0.7173 0.5347
vn 0.2573 -0.7488 0.6108
vn -0.6615 -0.1902 0.7254
vn -0.1693 0.9854 -0.0192
vn -0.3658 0.7528 0.5473
vn -0.8343 0.1541 -0.5294
vn 0.2636 0.7194 0.6426
vn -0.2784 -0.0547 0.9589
vn -0.5691 -0.8164 0.0981
vn 0.4595 -0.5889 -0.6649
vn 0.0567 -0.0649 0.9963
vn 0.5592 -0.8242 0.0896
vn -0.6668 0.6546 -0.3563
vn 0.6968 -0.7138 -0.0706
vn -0.5466 -0.8373 -0.0155
vn -0.5755 -0.7985 -0.1767
vn 0.0519 -0.9763 0.2103
vn -0.8933 0.4488 0.0233
vn -0.8286 -0.2761 0.4870
vn 0.5977 0.7988 0.0683
vn -0.7565 0.6328 0.1652
vn 0.3513 0.9352 -0.0450
vn -0.1919 0.9800 0.0524
vn 0.4390 -0.8981 -0.0277
vn -0.0500 0.9862 -0.1578
vn -0.0302 0.8606 0.5084
vn 0.3578 0.0766 0.9307
vn 0.4713 -0.8818 0.0173
vn -0.0921 -0.9766 -0.1941
vn -0.1886 0.4543 0.8707
vn 0.0776 0.3465 0.9348
vn -0.2551 0.1102 0.9606
vn 0.3720 -0.8655 0.3355
vn 0.6238 0.4164 -0.6614
vn -0.9912 -0.0842 -0.1026
vn -0.0773 -0.9745 0.2108
vn -0.8141 -0.1028 0.5715
vn 0.7993 0.1312 -0.5865
vn 0.4911 0.7667 -0.4135
vn 0.5725 0.4892 0.6580
vn 0.3194 -0.7394 0.5927
vn 0.5638 -0.5939 0.5739
vn -0.8599 0.4966 -0.1178
vn 0.0555 0.2413 0.9689
vn 0.0795 -0.9942 -0.0729
vn 0.3781 0.1379 0.9154
vn 0.8077 -0.1049 0.5802
vn 0.2881 -0.9504 -0.1169
vn -0.6926 0.0246 0.7209
vn 0.6614 0.3647 0.6554
vn 0.5528 0.2520 0.7943
vn -0.4988 0.3981 0.7698
vn -0.7555 -0.3500 -0.5538
vn 0.0615 -0.2116 0.9754
vn 0.9016 0.0220 -0.4321
vn 0.1244 0.1951 0.9729
vn -0.3495 0.8890 -0.2958
vn -0.2541 0.8328 -0.4918
vn 0.5357 0.2229 0.8144
vn -0.7932 0.5696 0.2156
vn 0.8258 0.3429 0.4478
vn 0.1238 -0.3911 0.9120
vn -0.4389 -0.5893 0.6783
vn -0.5929 -0.0285 0.8048
vn 0.2186 0.4357 0.8732
vn -0.0960 -0.9933 -0.0646
vn 0.0343 -0.9596 -0.2791
vn -0.1386 -0.9569 -0.2553
vn -0.6581 0.3614 0.6605
vn -0.2523 -0.9123 -0.3227
vn 0.7002 -0.7097 -0.0779
vn 0.0521 -0.5019 0.8633
vn -0.8703 -0.3146 0.3789
vn 0.2919 -0.2506 0.9230
vn 0.2171 0.0972 0.9713
vn 0.9150 -0.0336 0.4021
vn 0.4151 0.5487 -0.7257
vn 0.1431 0.7253 -0.6734
vn -0.8777 -0.0672 0.4745
vn 0.5514 -0.7847 -0.2834
vn 0.5566 -0.2801 0.7822
vn 0.7417 0.0729 -0.6668
vn 0.5495 0.5202 0.6538
vn 0.1854 0.4668 0.8647
vn 0.0791 0.6980 0.7117
vn -0.5746 -0.6708 -0.4689
vn 0.6537 0.3541 0.6688
vn 0.0788 -0.0602 0.9951
vn 0.2184 -0.5756 -0.7880
vn 0.6745 -0.7383 0.0061
vn 0.7606 -0.0274 0.6486
vn -0.7895 -0.5752 0.2141
vn -0.5122 0.8563 -0.0667
vn 0.6068 -0.3500 0.7136
vn 0.9708 -0.0549 0.2334
vn 0.7888 0.1061 0.6054
vn 0.4187 -0.1516 0.8954
vn -0.1528 -0.7324 0.6635
vn -0.1585 0.9113 0.3799
vn 0.7731 0.0370 -0.6332
vn -0.3450 -0.0098 0.9386
vn -0.9217 0.3755 -0.0976
vn 0.6602 0.6151 -0.4310
vn 0.3329 0.0151 0.9428
vn -0.1461 0.9892 -0.0116
vn -0.0627 0.9732 -0.2210
vn -0.1390 0.4733 0.8698
vn -0.0607 -0.7046 0.7070
vn 0.1235 -0.8064 0.5784
vn -0.3278 -0.3273 0.8862
vn -0.8377 0.4595 -0.2953
vn 0.8388 -0.5045 -0.2046
vn 0.7300 0.6065 0.3150
vn 0.6655 0.7321 0.1452
vn 0.9023 -0.4259 0.0670
vn 0.6012 0.1331 0.7879
vn -0.2045 0.9552 0.2139
vn 0.8239 -0.1343 -0.5505
vn -0.9827 -0.1493 0.1100
vn -0.2974 -0.0878 0.9507
vn 0.2300 0.2463 0.9415
vn 0.0626 0.9491 0.3088
vn 0.0930 -0.9741 -0.2061
vn 0.1052 0.2079 0.9725
vn 0.3285 0.4405 0.8355
vn 0.5239 -0.7855 -0.3294
vn -0.0863 0.1824 0.9794
vn 0.8269 -0.4979 0.2614
vn 0.7680 -0.1884 0.6121
vn -0.4896 -0.7184 0.4941
vn -0.8081 -0.4873 0.3310
vn -0.1811 -0.8258 0.5340
vn -0.0648 -0.8345 0.5472
vn 0.5125 -0.8371 -0.1914
vn 0.4479 -0.8738 -0.1892
vn -0.3715 0.5107 0.7753
vn -0.6963 -0.2874 0.6577
vn -0.7434 -0.1549 0.6507
vn -0.8257 -0.3345 0.4542
vn -0.1059 -0.5657 0.8178
vn -0.9837 0.1179 -0.1361
vn 0.6800 0.6179 -0.3948
vn 0.1224 0.5178 0.8467
vn -0.0042 0.9869 0.1614
vn -0.0004 0.9734 0.2293
vn -0.8206 0.2675 0.5050
vn 0.1408 -0.9895 0.0338
vn 0.3109 0.2766 0.9093
vn -0.0361 -0.9345 -0.3541
vn 0.4740 -0.8578 0.1989
vn -0.8095 0.1953 0.5536
vn 0.7942 0.1683 -0.5839
vn 0.8179 -0.2596 0.5135
vn 0.4622 -0.8868 -0.0004
vn 0.6743 -0.4972 0.5460
vn 0.3751 -0.9117 -0.1678
vn 0.9054 -0.0242 0.4239
vn -0.1484 -0.9248 0.3502
vn -0.0086 -0.8576 0.5143
vn 0.7972 -0.4559 -0.3958
vn 0.2327 0.9695 0.0773
vn -0.5238 -0.4861 0.6995
vn 0.7542 0.0441 -0.6551
vn -0.2918 0.2909 0.9112
vn 0.2386 0.2049 0.9493
vn 0.5502 0.2586 0.7940
vn -0.1023 0.2267 0.9686
vn -0.2133 0.3824 0.8990
vn -0.3398 -0.8639 -0.3719
vn 0.1965 -0.9792 -0.0514
vn 0.7840 -0.6163 -0.0743
vn 0.6135 -0.7686 0.1812
vn -0.6393 0.7483 0.1770
vn 0.4181 0.6276 0.6567
vn -0.2146 0.1231 0.9689
vn 0.1330 0.0736 0.9884
vn -0.1110 -0.1914 0.9752
vn 0.6225 0.0416 0.7815
vn 0.5241 -0.2643 0.8096
vn -0.7684 0.4716 0.4326
vn -0.7073 -0.4472 0.5475
vn -0.6663 0.7227 0.1836
vn 0.4602 0.8790 0.1245
vn 0.0355 -0.9986 -0.0380
vn -0.0285 -0.3202 0.9469
vn 0.0004 0.9988 0.0482
vn -0.8477 -0.3813 0.3687
vn 0.1421 -0.2859 0.9477
vn -0.2209 -0.1051 0.9696
vn -0.0515 0.1641 0.9851
vn 0.4208 0.4168 0.8058
vn 0.0710 0.5472 0.8340
vn 0.6371 -0.7681 -0.0638
vn -0.9394 -0.0274 -0.3417
vn 0.9538 -0.1659 0.2504
vn -0.6021 -0.5618 0.5674
vn -0.6627 0.7404 0.1124
vn 0.2606 0.9539 0.1486
vn 0.0796 0.9836 0.1616
vn 0.5128 -0.8583 0.0199
vn -0.6435 -0.6627 0.3829
vn -0.0985 -0.9927 0.0694
vn 0.8336 0.2750 0.4791
vn 0.6035 0.5238 0.6012
vn -0.4088 -0.5144 0.7538
vn 0.0186 0.0206 0.9996
vn -0.7934 -0.4837 -0.3696
vn -0.4891 -0.2266 0.8423
vn 0.4603 -0.8733 0.1594
vn 0.0806 0.7613 0.6434
vn -0.2128 0.0270 0.9767
vn -0.7326 0.1970 0.6515
vn 0.0904 -0.4048 0.9099
vn -0.9109 -0.4124 -0.0146
vn 0.0983 -0.9094 0.4042
vn -0.5703 0.7420 -0.3523
vn 0.7867 -0.1611 0.5959
vn -0.8791 0.1864 0.4387
vn 0.1606 -0.8967 0.4124
vn -0.3480 -0.6225 0.7010
vn 0.2717 0.4331 0.8594
vn 0.6621 -0.0337 -0.7487
vn -0.8417 0.5393 0.0265
vn -0.2512 0.9672 -0.0382
vn -0.7758 0.5121 0.3686
vn -0.1036 0.5343 0.8389
vn -0.3577 -0.5106 0.7819
vn -0.6182 -0.0324 0.7853
vn -0.7055 0.6995 -0.1142
vn 0.6408 -0.7661 0.0485
vn -0.3970 -0.0740 0.9148
vn 0.7074 -0.2087 0.6753
vn 0.6686 0.1221 0.7335
vn -0.3381 -0.4257 0.8393
vn 0.5430 -0.3987 0.7391
vn -0.5210 -0.5632 0.6414
vn -0.6512 -0.2930 0.7001
vn 0.6749 0.4648 -0.5731
vn 0.3986 0.7581 0.5162
vn 0.5155 0.5239 0.6780
vn 0.6933 0.3422 0.6343
vn 0.1632 -0.8446 0.5099
vn -0.4244 -0.3754 0.8240
vn 0.5857 -0.4717 0.6592
vn -0.1674 0.7978 -0.5792
vn -0.6381 -0.4017 0.6568
vn -0.1750 -0.9533 0.2461
vn -0.2127 -0.6879 0.6939
vn 0.4529 -0.8802 -0.1422
vn -0.1589 0.6136 0.7735
vn 0.3006 -0.9419 0.1500
vn 0.4668 -0.8629 -0.1935
vn 0.1840 -0.9828 -0.0175
vn 0.7321 -0.6593 0.1713
vn 0.3005 0.9063 0.2973
vn -0.1419 0.7878 0.5993
vn -0.3312 0.2809 0.9008
vn -0.1444 -0.2504 0.9573
vn -0.0158 -0.2153 0.9764
vn 0.4973 -0.1083 0.8608
vn -0.7284 0.4792 0.4896
vn 0.1746 -0.4474 0.8771
vn -0.2869 -0.1085 0.9518
vn 0.4357 -0.1637 0.8851
vn -0.3461 -0.3297 0.8783
vn 0.3553 0.1931 0.9146
vn 0.1083 -0.1011 0.9890
vn 0.6152 -0.5350 0.5791
vn -0.6168 0.7770 0.1262
vn -0.8254 0.0676 0.5605
vn -0.6781 -0.6555 0.3322
vn -0.6454 0.4762 0.5972
vn 0.4259 -0.9017 -0.0739
vn 0.4752 0.8598 0.1871
vn -0.4881 -0.5542 0.6743
vn 0.6249 0.4927 -0.6057
vn -0.5213 0.7764 0.3543
vn 0.2453 0.9052 -0.3471
vn -0.0505 0.6952 0.7170
vn 0.0552 -0.9903 -0.1279
vn -0.5175 -0.8163 -0.2567
vn -0.2896 0.5520 0.7819
vn -0.4067 0.1555 0.9002
vn 0.3517 0.5947 0.7229
vn -0.3835 -0.2374 0.8925
vn 0.9124 -0.3052 -0.2728
vn -0.4338 -0.4595 0.7750
vn 0.0907 -0.7440 0.6619
vn -0.6200 0.7689 -0.1562
vn 0.2452 -0.0190 -0.9693
vn 0.5033 -0.8026 0.3203
vn 0.0245 -0.9922 0.1223
vn -0.3052 -0.8976 -0.3180
vn -0.2218 -0.8282 0.5146
vn -0.5911 -0.2597 0.7637
vn -0.8971 -0.2952 0.3287
vn 0.6120 0.5213 -0.5948
vn -0.4220 0.5566 0.7157
vn 0.0158 0.9538 0.3000
vn 0.1740 0.5108 0.8419
vn 0.8364 -0.5451 0.0569
vn 0.2168 -0.8676 0.4476
vn -0.4844 0.7049 0.5181
vn 0.9230 0.2188 0.3165
vn -0.3992 0.0234 0.9166
vn -0.7400 0.6296 0.2364
vn 0.9162 -0.1329 -0.3781
vn -0.8392 -0.1377 0.5261
vn 0.7522 0.0691 -0.6553
vn -0.8060 0.2324 0.5443
vn 0.4797 0.4256 0.7673
vn -0.4136 0.3525 0.8394
vn -0.0425 0.7537 0.6559
vn 0.0814 0.3813 0.9208
vn 0.2690 -0.9377 0.2198
vn 0.0777 -0.9177 0.3896
vn -0.3680 -0.5474 0.7516
vn 0.9623 -0.1697 0.2123
vn -0.5625 0.8260 0.0351
vn 0.0229 -0.0939 0.9953
vn -0.0783 -0.3392 0.9375
vn 0.3431 0.3907 0.8542
vn 0.2290 -0.5549 0.7998
vn 0.0723 -0.0049 0.9974
vn 0.3977 0.0469 0.9163
vn -0.0219 -0.8797 0.4751
vn -0.7445 -0.1881 0.6406
vn -0.5719 -0.7497 0.3331
vn -0.8009 0.1705 0.5741
vn -0.1935 -0.9309 0.3099
vn -0.3006 -0.5715 0.7635
vn -0.6847 -0.4628 0.5630
vn -0.0323 0.9577 0.2861
vn 0.3884 0.5708 0.7234
vn 0.4567 -0.6417 0.6162
vn -0.5672 -0.1239 0.8142
vn -0.1610 0.8858 0.4352
vn -0.0915 0.9620 0.2573
vn 0.1934 -0.3026 0.9333
vn 0.0698 -0.1027 0.9923
vn -0.3529 -0.0648 0.9334
vn 0.4295 -0.6051 0.6703
vn 0.4738 -0.8793 -0.0492
vn 0.4050 -0.9039 -0.1380
vn -0.5325 0.7216 -0.4425
vn 0.1404 0.2734 -0.9516
vn 0.7643 0.1126 0.6349
vn -0.7806 0.4012 0.4792
vn 0.8796 0.2663 -0.3942
vn 0.5753 -0.7914 -0.2067
vn 0.7446 0.6671 -0.0219
vn -0.2843 -0.5818 0.7620
vn -0.6291 -0.0758 0.7736
vn 0.6161 -0.0173 -0.7875
vn -0.2185 0.4267 0.8776
vn -0.1025 -0.6755 0.7302
vn -0.3189 0.0519 0.9464
vn 0.0113 -0.0103 0.9999
vn -0.1778 -0.1014 0.9788
vn 0.8496 -0.1356 -0.5097
vn 0.3060 -0.7485 0.5883
vn -0.4430 -0.4567 0.7715
vn 0.1375 -0.5850 0.7993
vn -0.8221 0.5522 0.1386
vn -0.6893 0.6986 0.1916
vn 0.5971 0.7533 0.2758
vn -0.4515 0.8573 0.2472
vn 0.9579 -0.1916 -0.2137
vn 0.7752 -0.1463 -0.6146
vn 0.2472 0.7766 0.5795
vn 0.1255 0.9555 -0.2668
vn 0.3098 -0.8219 0.4779
vn 0.3482 -0.8093 0.4730
vn 0.3209 0.9343 0.1553
vn 0.9791 0.1885 0.0758
vn 0.2856 -0.4400 0.8514
vn -0.1451 -0.2687 0.9522
vn -0.0342 -0.1320 0.9907
vn 0.0509 -0.6791 0.7323
vn -0.0587 -0.5403 0.8394
vn 0.7252 -0.3554 0.5897
vn 0.2424 0.1557 -0.9576
vn 0.7098 -0.5941 0.3785
vn -0.7184 0.0816 0.6908
vn 0.7838 -0.5989 0.1642
vn -0.8079 -0.0127 0.5892
vn -0.0972 0.9779 0.1853
vn 0.9277 -0.0311 -0.3720
vn -0.2967 -0.8325 0.4679
vn -0.1008 -0.6861 0.7205
vn 0.4018 -0.9113 -0.0898
vn -0.3661 0.8994 0.2388
vn 0.7906 -0.3378 -0.5107
vn -0.3793 -0.5241 0.7625
vn 0.5339 -0.8297 0.1631
vn -0.6802 -0.1747 0.7119
vn -0.4915 0.3165 0.8114
vn 0.7479 0.6049 0.2734
vn 0.1866 -0.7881 0.5865
vn -0.0010 -0.8736 0.4867
vn -0.0886 -0.1253 -0.9882
vn 0.2376 -0.0837 -0.9678
vn 0.0296 -0.4174 -0.9082
vn 0.0653 0.1018 -0.9927
vn 0.4595 0.2068 -0.8638
vn 0.2344 0.3833 -0.8934
vn -0.1098 0.2810 -0.9534
vn -0.1510 0.1195 -0.9813
vn -0.1863 -0.9822 0.0238
vn -0.2643 -0.9540 0.1414
vn 0.0310 -0.7646 0.6437
vn -0.4888 0.6550 0.5762
vn -0.2272 -0.4694 0.8533
vn -0.5034 0.7815 0.3685
vn 0.6121 -0.1049 -0.7838
vn -0.0664 0.8892 0.4527
vn 0.0499 0.6863 0.7256
vn 0.5040 -0.6023 0.6191
vn -0.9161 0.4001 0.0272
vn 0.7337 -0.6777 0.0490
vn 0.3032 -0.7181 0.6264
vn 0.2849 -0.2027 -0.9369
vn 0.3343 -0.5750 0.7467
vn -0.2853 0.3395 -0.8963
vn 0.0404 0.4397 -0.8973
vn -0.7377 0.4487 0.5046
vn 0.7338 0.3747 0.5667
vn 0.4086 0.8653 0.2905
vn -0.6594 0.6399 0.3946
vn 0.8513 0.3141 -0.4202
vn 0.9423 0.3343 0.0189
vn 0.2297 -0.8019 0.5516
vn -0.4296 -0.2143 0.8773
vn -0.5192 -0.5098 0.6860
vn 0.0728 0.4035 0.9121
vn -0.0245 0.4863 0.8734
vn -0.9803 -0.1971 -0.0088
vn 0.5122 -0.7223 0.4646
vn 0.3644 -0.9037 0.2250
vn -0.6249 0.4348 0.6484
vn 0.0863 -0.4337 0.8969
vn 0.4890 -0.8710 -0.0476
vn 0.7110 -0.0149 -0.7030
vn -0.5708 0.2504 -0.7820
vn 0.2400 0.6564 -0.7152
vn -0.2810 0.9236 0.2608
vn 0.2341 0.9189 0.3175
vn -0.6490 -0.7370 0.1885
vn 0.6182 0.7815 0.0841
vn 0.0093 0.9902 0.1393
vn -0.2554 -0.4681 0.8460
vn 0.6223 0.3489 -0.7008
vn 0.5777 0.5279 -0.6226
vn 0.5169 0.7262 -0.4533
vn -0.0665 0.6053 0.7932
vn -0.7567 -0.6418 -0.1244
vn 0.2286 -0.5933 0.7718
vn 0.6915 -0.5012 0.5202
vn -0.0262 -0.7157 0.6979
vn -0.1407 -0.3834 0.9128
vn 0.6895 -0.2663 -0.6736
vn 0.2354 -0.8345 0.4982
vn 0.6661 -0.7429 -0.0671
vn -0.5273 0.1133 -0.8421
vn -0.3374 0.4388 -0.8328
vn -0.1638 0.6578 -0.7351
vn 0.0379 0.6911 -0.7218
vn 0.2961 -0.9440 -0.1453
vn -0.2881 -0.4218 0.8597
vn -0.3211 0.5536 0.7684
vn -0.0236 0.9124 0.4087
vn 0.2401 0.3705 0.8973
vn -0.0845 0.5591 0.8248
vn 0.3142 -0.9407 0.1279
vn -0.1886 -0.9784 -0.0850
vn 0.6093 -0.7006 0.3714
vn -0.0132 -0.7484 0.6631
vn 0.0546 -0.7459 0.6639
vn -0.4044 -0.4808 0.7780
vn 0.4005 0.6987 0.5928
vn -0.2298 0.9484 0.2184
vn 0.8191 -0.5609 -0.1204
vn -0.7875 0.6076 0.1033
vn 0.2597 -0.7687 0.5845
vn 0.3668 -0.8170 0.4450
vn -0.7897 -0.1591 0.5925
vn 0.7303 -0.3721 0.5729
vn 0.6433 0.5754 0.5050
vn -0.8080 -0.4064 0.4265
vn -0.0211 0.8000 0.5996
vn -0.9364 0.2452 0.2511
vn -0.2851 -0.2286 0.9309
vn 0.3596 0.0890 -0.9289
vn -0.7159 0.4517 0.5325
vn -0.3724 -0.6966 0.6132
vn 0.5594 -0.7800 -0.2805
vn -0.1072 -0.5878 0.8019
vn 0.7169 -0.1264 -0.6856
vn -0.1111 -0.3578 0.9272
vn 0.1114 0.8168 0.5661
vn -0.3555 0.9334 0.0483
vn 0.2789 -0.6064 0.7446
vn -0.4323 -0.4664 0.7717
vn -0.2895 0.6545 0.6984
vn -0.8118 0.1804 0.5554
vn 0.3772 -0.5605 -0.7372
vn 0.6528 -0.5073 -0.5626
vn -0.9691 -0.1420 0.2015
vn -0.0492 -0.9094 0.4129
vn -0.8360 0.5401 -0.0970
vn -0.5557 0.8132 0.1728
vn 0.6231 0.5281 -0.5770
vn 0.4666 0.7430 0.4799
vn 0.4039 -0.8798 -0.2507
vn -0.7203 -0.6341 0.2812
vn -0.0115 -0.4935 0.8697
vn 0.5013 0.2458 0.8296
vn 0.5971 -0.1371 -0.7903
vn 0.4648 0.2517 -0.8489
vn 0.2982 0.9473 0.1171
vn -0.0688 -0.4929 0.8674
vn -0.1671 -0.5484 0.8194
vn 0.4213 0.8371 -0.3490
vn 0.5420 0.8170 0.1969
vn 0.0204 0.5906 0.8067
vn -0.7236 -0.1121 0.6811
vn 0.2390 -0.8669 0.4375
vn 0.8320 0.1993 -0.5178
vn 0.6574 -0.7535 0.0071
vn 0.4867 0.6555 -0.5774
vn -0.7016 -0.4129 0.5807
vn 0.2998 -0.9233 -0.2399
vn 0.4964 -0.4541 -0.7399
vn 0.5922 0.7369 -0.3260
vn -0.0820 -0.5559 0.8272
vn 0.6456 0.0617 -0.7612
vn -0.2360 -0.0052 0.9717
vn -0.0930 0.9811 -0.1698
vn -0.5399 -0.8413 -0.0257
vn 0.6598 -0.5140 0.5481
vn -0.4936 0.4851 0.7218
vn -0.2685 -0.3379 0.9021
vn 0.0247 -0.5574 0.8299
vn 0.6853 -0.1382 0.7150
vn -0.7624 0.1420 0.6314
vn 0.9069 -0.2828 -0.3125
vn -0.8965 -0.1167 0.4275
vn 0.8197 0.4602 -0.3410
vn -0.8295 0.0907 0.5511
vn -0.1478 -0.0720 0.9864
vn 0.3975 -0.4928 0.7741
vn -0.4205 -0.0884 0.9030
vn 0.0354 -0.2644 0.9638
vn 0.6217 0.4848 -0.6152
vn -0.1203 0.1789 0.9765
vn 0.1704 0.1111 0.9791
vn 0.7564 -0.6425 0.1227
vn 0.0908 -0.6917 -0.7164
vn -0.3466 -0.9343 0.0837
vn -0.9009 0.2021 0.3841
vn 0.4493 -0.8452 -0.2893
vn 0.5746 -0.0737 -0.8151
vn -0.4961 0.4223 0.7586
vn 0.9036 -0.2360 0.3577
vn 0.5439 0.0532 -0.8375
vn 0.1245 -0.9881 -0.0907
vn -0.3171 0.0752 0.9454
vn -0.2791 0.2992 0.9124
vn 0.2236 0.1298 0.9660
vn 0.1238 0.7224 0.6803
vn 0.1796 -0.4055 0.8963
vn 0.1202 -0.8505 0.5121
vn -0.5241 0.8140 0.2504
vn 0.6467 0.2212 0.7300
vn -0.8541 0.3116 0.4165
vn 0.1123 -0.6485 0.7529
vn -0.0732 -0.9452 0.3183
vn -0.6788 -0.2548 0.6887
vn 0.6417 -0.7161 -0.2747
vn -0.9711 0.2003 0.1297
vn -0.2080 -0.1767 0.9620
vn -0.0587 -0.5716 0.8184
vn 0.2176 -0.2229 0.9503
vn 0.4353 0.7394 -0.5136
vn -0.2459 -0.2119 0.9458
vn 0.1527 -0.3124 0.9376
vn 0.6181 -0.6156 -0.4889
vn 0.6924 -0.3994 -0.6009
vn 0.7025 0.2375 -0.6709
vn 0.0220 -0.9923 0.1222
vn -0.3218 -0.9365 0.1390
vn 0.5412 -0.8272 0.1510
vn -0.7567 0.6315 0.1691
vn 0.4666 -0.8418 0.2713
vn 0.2786 -0.9601 -0.0222
vn 0.2133 -0.7173 0.6633
vn 0.2377 -0.9307 -0.2780
vn 0.1838 -0.9305 0.3168
vn -0.7233 -0.4194 0.5485
vn 0.7924 -0.2620 0.5508
vn 0.3778 0.7112 -0.5928
vn -0.6665 -0.1227 0.7353
vn -0.2183 0.0546 0.9743
vn -0.0056 0.2759 0.9612
vn 0.9790 -0.1175 0.1666
vn -0.6832 -0.4687 0.5599
vn 0.6147 -0.3265 -0.7180
vn 0.6353 0.6013 0.4847
vn 0.3442 0.2771 0.8971
vn 0.4250 0.7519 0.5041
vn 0.5791 -0.0381 0.8144
vn 0.3055 0.3510 0.8851
vn -0.3115 -0.4054 0.8594
vn -0.9147 0.2688 0.3018
vn 0.4348 -0.8279 -0.3542
vn 0.1961 -0.0552 0.9790
vn -0.1107 0.3481 0.9309
vn 0.2759 0.9303 -0.2418
vn -0.8568 -0.4773 0.1954
vn 0.6640 -0.1903 0.7231
vn -0.1948 0.2120 0.9577
vn 0.1700 0.9396 0.2970
vn 0.9535 -0.1412 -0.2662
vn -0.1386 -0.7597 0.6354
vn 0.0541 -0.9547 -0.2927
vn 0.5137 -0.8186 -0.2571
vn 0.7878 0.4352 -0.4359
vn -0.7297 0.0414 -0.6825
vn -0.4902 0.7072 -0.5095
vn 0.5382 0.6336 0.5558
vn -0.5452 0.5916 0.5939
vn -0.4367 0.4122 0.7996
vn 0.3451 0.7780 0.5249
vn -0.7545 0.6540 -0.0547
vn -0.1896 -0.9808 -0.0459
vn -0.3539 -0.5121 0.7826
vn 0.4495 -0.7544 0.4784
vn 0.0551 -0.6984 0.7136
vn -0.3166 -0.7850 0.5325
vn 0.5024 -0.7689 -0.3955
vn -0.4810 -0.5025 0.7184
vn 0.0131 -0.3427 0.9394
vn -0.2355 -0.4017 0.8850
vn -0.0269 -0.4405 0.8973
vn -0.0553 -0.4787 0.8762
vn 0.0732 0.7487 0.6589
vn -0.0957 0.4532 0.8863
vn 0.8325 0.5145 0.2055
vn 0.5730 0.3037 0.7612
vn -0.0501 0.2124 0.9759
vn 0.4087 -0.2091 0.8884
vn 0.3245 -0.8049 -0.4968
vn -0.0581 -0.6589 0.7500
vn -0.0576 -0.7346 0.6760
vn 0.5568 -0.2797 0.7821
vn 0.5594 0.6699 -0.4881
vn 0.1800 0.7283 -0.6612
vn -0.4017 0.6853 0.6074
vn 0.3259 -0.1745 0.9291
vn 0.3854 0.1789 0.9053
vn 0.4284 0.0190 -0.9034
vn 0.3571 0.7381 -0.5724
vn -0.0248 -0.3967 0.9176
vn -0.1378 -0.2515 0.9580
vn -0.3015 0.1314 0.9444
vn 0.5696 0.7094 -0.4150
vn -0.2879 0.8486 0.4439
vn -0.1204 -0.7541 0.6456
vn -0.0137 -0.5474 0.8367
vn 0.0533 -0.9915 -0.1186
vn -0.6978 0.5667 -0.4380
vn 0.0895 -0.9633 -0.2530
vn -0.4379 -0.8563 -0.2738
vn -0.7414 -0.6321 -0.2253
vn 0.3368 -0.3416 0.8774
vn -0.1946 0.3942 0.8982
vn -0.5035 0.4310 0.7489
vn 0.9479 -0.0534 0.3140
vn 0.8693 -0.0619 0.4903
vn 0.7790 0.5898 0.2128
vn 0.7218 -0.6920 0.0047
vn 0.7306 -0.0519 -0.6808
vn 0.0601 0.9851 -0.1612
vn -0.3433 -0.5373 0.7704
vn -0.5089 -0.2960 0.8083
vn 0.0584 -0.8270 -0.5591
vn 0.6259 -0.6798 -0.3822
vn 0.0251 -0.9823 0.1857
vn -0.0684 -0.7226 0.6879
vn -0.7840 0.6051 -0.1382
vn -0.7914 0.2553 0.5554
vn -0.6086 0.0660 0.7907
vn -0.6465 0.3311 0.6873
vn -0.9108 -0.4117 0.0308
vn 0.6279 -0.5072 -0.5903
vn 0.9186 0.3874 -0.0779
vn -0.8254 -0.1350 0.5481
vn -0.5906 0.0511 -0.8053
vn 0.9683 -0.2345 0.0859
vn -0.0651 -0.9978 0.0106
vn -0.3627 0.6002 0.7129
vn -0.6893 -0.6599 0.2988
vn 0.4303 -0.8947 -0.1197
vn 0.0014 -0.9941 0.1088
vn 0.1039 -0.8961 0.4315
vn -0.0323 -0.9752 -0.2189
vn 0.8519 -0.5187 -0.0722
vn -0.7935 0.1924 -0.5774
vn -0.7720 -0.2775 0.5718
vn -0.2103 0.8273 0.5209
vn 0.0265 0.8989 0.4373
vn 0.3062 -0.7893 -0.5323
vn -0.6712 -0.7259 -0.1501
vn 0.3226 0.8878 0.3282
vn 0.4430 -0.7344 -0.5142
vn -0.0968 0.9764 0.1932
vn -0.1483 0.6479 0.7472
vn 0.5664 -0.1914 -0.8016
vn 0.6329 0.3452 -0.6930
vn 0.5182 0.5759 -0.6323
vn -0.3435 -0.8293 0.4408
vn 0.4850 0.8717 -0.0701
vn -0.2846 0.9391 0.1926
vn 0.7388 0.4252 -0.5228
vn 0.6341 0.6906 0.3477
vn -0.0114 -0.9985 0.0538
vn 0.0463 -0.9437 0.3274
vn 0.1124 -0.9526 -0.2827
vn -0.0977 0.7928 -0.6016
vn 0.6226 0.7038 -0.3421
vn 0.9526 0.1935 0.2346
vn 0.7252 0.6552 0.2116
vn 0.7918 0.6108 0.0053
vn 0.4690 -0.1186 -0.8752
vn 0.1438 0.7664 0.6261
vn -0.9364 0.0398 0.3486
vn 0.5032 -0.8592 -0.0924
vn 0.2863 -0.9556 0.0695
vn -0.2738 -0.9173 0.2892
vn 0.0047 -0.1773 0.9841
vn -0.1218 -0.2227 0.9673
vn 0.5961 0.6240 -0.5052
vn -0.4063 0.9136 -0.0143
vn 0.4138 0.8631 -0.2897
vn -0.9349 0.1133 0.3364
vn -0.3596 0.8364 0.4137
vn -0.8875 0.3891 0.2470
vn 0.0388 -0.9748 0.2199
vn 0.9394 0.3240 -0.1123
vn 0.5105 0.1540 0.8460
vn 0.6108 0.1359 0.7800
vn 0.5536 0.3524 0.7545
vn 0.1602 -0.8762 -0.4545
vn 0.9226 0.2463 -0.2971
vn -0.0802 -0.6843 0.7248
vn -0.7296 0.6250 0.2776
vn -0.0402 -0.9672 0.2509
vn 0.2863 -0.9356 -0.2067
vn 0.3847 0.8490 -0.3622
vn 0.1567 0.9874 0.0203
vn 0.9000 -0.2925 0.3232
vn -0.7088 0.5692 0.4167
vn -0.7129 -0.1159 0.6916
vn 0.9947 0.0941 -0.0427
vn -0.0205 -0.9442 -0.3287
vn 0.9380 0.0166 0.3463
vn -0.4744 0.8336 0.2831
vn -0.2389 -0.7536 -0.6123
vn -0.2817 0.1591 0.9462
vn -0.1868 -0.2057 0.9606
vn 0.1626 0.4074 0.8987
vn -0.6064 0.1396 0.7828
vn -0.4939 -0.5033 0.7091
vn -0.0465 -0.1299 0.9904
vn -0.3715 -0.3988 0.8384
vn 0.1117 0.0773 0.9907
vn -0.6557 0.6192 0.4321
vn -0.5051 0.4152 0.7566
vn 0.9149 0.1268 -0.3832
vn -0.7446 -0.5609 0.3620
vn 0.6388 -0.5467 -0.5413
vn -0.5150 0.8189 0.2532
vn -0.5167 -0.1388 0.8449
vn -0.1201 -0.1179 0.9857
vn -0.0501 0.0011 0.9987
vn 0.0335 -0.0809 0.9962
vn -0.1185 0.0472 0.9918
vn -0.0691 0.1184 0.9906
vn 0.0566 -0.0328 0.9979
vn -0.4972 0.8617 0.1009
vn 0.9222 0.1033 0.3726
vn 0.1907 -0.8875 0.4195
vn 0.7966 0.5629 -0.2203
vn 0.5138 0.2498 0.8208
vn -0.8780 0.3097 -0.3648
vn 0.4300 0.8029 -0.4129
vn 0.3386 0.7665 0.5457
vn -0.1151 0.7803 0.6147
vn -0.3766 -0.9264 0.0006
vn -0.2113 -0.3325 0.9191
vn -0.0087 -0.1990 0.9800
vn 0.7537 -0.1674 -0.6355
vn -0.9147 -0.0680 0.3983
vn -0.8349 -0.3121 0.4534
vn -0.3737 -0.8202 0.4332
vn -0.9456 0.2526 0.2052
vn 0.4486 -0.8209 -0.3535
vn 0.4776 -0.6827 -0.5530
vn -0.3450 0.1336 0.9291
vn -0.5985 0.7316 0.3265
vn 0.4437 -0.8858 0.1362
vn -0.8351 -0.2038 -0.5110
vn 0.3130 0.6956 0.6466
vn -0.6270 0.1722 0.7598
vn -0.5059 0.7844 -0.3589
vn -0.6346 -0.1239 0.7628
vn -0.4505 0.3312 0.8291
vn 0.2615 0.0637 0.9631
vn 0.4403 0.1524 0.8848
vn -0.8304 0.3690 0.4175
vn 0.1582 -0.4278 0.8899
vn 0.9861 0.1173 -0.1173
vn 0.7058 0.6579 0.2625
vn -0.6331 -0.4133 0.6545
vn -0.4797 0.0452 0.8763
vn -0.7745 0.4599 0.4344
vn 0.7401 -0.5804 0.3396
vn -0.1072 -0.8051 0.5834
vn -0.0444 0.8743 0.4834
vn 0.3090 -0.9063 -0.2884
vn 0.4666 -0.7492 -0.4701
vn 0.2791 0.1586 0.9471
vn 0.4755 0.7347 -0.4838
vn 0.7371 0.6065 -0.2981
vn 0.5028 -0.0269 0.8640
vn -0.7015 -0.6344 0.3247
vn 0.8266 0.5467 0.1337
vn 0.1860 -0.7989 0.5720
vn 0.8022 0.2620 -0.5365
vn 0.3316 -0.8148 -0.4755
vn -0.4603 -0.6909 0.5575
vn -0.1617 0.9868 -0.0099
vn 0.8324 0.3934 0.3903
vn -0.8152 0.5180 0.2593
vn 0.0833 -0.9430 -0.3223
vn -0.9115 0.3743 0.1708
vn 0.1468 0.9290 -0.3398
vn -0.8746 -0.4637 -0.1419
vn -0.7933 0.2643 0.5484
vn -0.1996 -0.4493 0.8708
vn -0.8715 -0.4794 0.1030
vn 0.4660 -0.7811 -0.4156
vn -0.1010 0.9949 -0.0015
vn 0.6528 -0.3779 -0.6566
vn -0.4431 -0.8186 0.3655
vn -0.8030 0.0203 0.5957
vn 0.7935 -0.1910 -0.5778
vn -0.7168 0.1632 0.6779
vn -0.5901 0.2786 0.7578
vn -0.2733 0.9616 -0.0260
vn 0.2052 -0.9065 -0.3690
vn -0.8085 0.1093 0.5782
vn -0.8754 0.1797 -0.4488
vn 0.6382 0.6549 -0.4049
vn -0.7220 0.6803 -0.1264
vn 0.1572 0.7258 0.6697
vn 0.0375 -0.9410 -0.3362
vn -0.2295 -0.8775 -0.4211
vn 0.2417 0.7255 0.6444
vn -0.3655 0.8292 0.4229
vn -0.6380 -0.7404 -0.2118
vn -0.9631 -0.2392 0.1231
vn 0.8730 -0.4138 0.2581
vn 0.8416 -0.1149 0.5277
vn 0.1856 -0.9723 -0.1420
vn 0.6217 0.7632 -0.1764
vn 0.5939 -0.5569 -0.5806
vn 0.8308 0.0853 -0.5500
vn 0.4088 0.8788 -0.2460
vn -0.7465 0.2762 0.6054
vn -0.2987 -0.6980 0.6508
vn 0.1173 -0.9295 -0.3496
vn -0.1928 -0.9674 0.1641
vn 0.3525 -0.9230 -0.1541
vn -0.5270 0.7738 0.3516
vn -0.4142 0.7923 0.4480
vn 0.5329 -0.0386 0.8453
vn -0.5831 0.0288 0.8119
vn 0.3920 0.4829 0.7830
vn -0.8842 0.2324 0.4052
vn -0.6957 -0.6975 0.1715
vn 0.9431 -0.0124 -0.3322
vn 0.7892 0.5332 -0.3048
vn 0.1445 -0.8998 0.4118
vn 0.1353 -0.8837 0.4481
vn -0.5240 -0.4415 0.7283
vn -0.0098 -0.9459 -0.3242
vn 0.6756 -0.7372 -0.0088
vn 0.9020 -0.4258 0.0705
vn -0.7221 -0.1499 0.6754
vn -0.5880 -0.1872 0.7869
vn 0.3918 -0.1649 0.9052
vn -0.2489 0.4714 0.8461
vn 0.2524 -0.8465 -0.4688
vn -0.7884 0.5969 0.1487
vn 0.3655 -0.9207 -0.1368
vn 0.5461 -0.5019 0.6707
vn 0.6208 -0.6544 -0.4317
vn 0.6842 -0.5375 -0.4929
vn 0.6923 0.1400 -0.7079
vn -0.3661 -0.8005 0.4745
vn 0.5208 -0.7165 0.4641
vn -0.5209 0.5935 0.6136
vn -0.9552 0.0985 -0.2792
vn 0.9315 0.3628 -0.0243
vn -0.4322 0.2011 0.8791
vn -0.4262 -0.3816 0.8202
vn 0.2710 0.2633 0.9258
vn 0.3719 0.2071 0.9049
vn 0.2877 -0.3467 0.8928
vn -0.1086 0.6589 0.7443
vn -0.1452 0.9711 -0.1894
vn 0.8429 -0.0997 0.5288
vn -0.9109 0.3899 -0.1347
vn 0.6314 -0.4604 -0.6240
vn -0.3056 -0.9488 0.0801
vn -0.4622 -0.8495 0.2543
vn 0.2602 0.9390 -0.2249
vn 0.6039 0.6950 -0.3902
vn -0.7937 -0.2019 0.5738
vn 0.4321 0.7469 0.5054
vn -0.9034 -0.2238 0.3657
vn 0.6596 -0.7515 0.0108
vn -0.4354 -0.2063 0.8763
vn -0.8493 -0.5255 0.0509
vn -0.9896 -0.0129 0.1432
vn 0.3001 -0.9523 -0.0552
vn -0.4926 -0.8701 -0.0180
vn 0.2757 -0.9251 -0.2612
vn -0.7985 -0.3227 0.5082
vn 0.9803 -0.1897 0.0556
vn -0.8879 0.1137 0.4458
vn 0.9679 0.1700 -0.1849
vn 0.8412 0.2144 0.4965
vn 0.7419 0.5822 -0.3327
vn -0.2541 0.8060 0.5347
vn 0.1617 0.4164 0.8947
vn 0.0733 -0.3984 0.9143
vn -0.8804 0.4734 -0.0266
vn 0.7128 0.6353 -0.2970
vn -0.2654 0.9493 -0.1682
vn -0.8940 -0.2675 -0.3596
vn -0.7207 0.6374 -0.2726
vn -0.6384 -0.6341 -0.4363
vn -0.6649 -0.6370 -0.3901
vn 0.7395 -0.6728 -0.0219
vn -0.5558 -0.7765 0.2970
vn -0.4733 -0.8686 0.1465
vn 0.2527 0.8953 -0.3668
vn -0.1546 0.9853 0.0732
vn 0.1321 -0.9488 -0.2870
vn -0.9885 -0.1132 -0.1001
vn 0.3890 0.7721 0.5026
vn -0.2928 -0.2687 0.9176
vn -0.5400 0.0900 0.8368
vn 0.4210 0.0720 0.9042
vn -0.4378 0.1117 0.8921
vn 0.2293 0.4881 0.8422
vn -0.0666 0.9396 0.3358
vn 0.0013 0.9730 0.2310
vn 0.5806 -0.7294 -0.3617
vn 0.7396 -0.2321 -0.6317
vn -0.3736 -0.7564 -0.5369
vn 0.7347 0.2481 -0.6314
vn 0.8122 0.5349 -0.2329
vn -0.9629 0.1237 0.2397
vn 0.2107 0.9655 -0.1528
vn 0.6690 0.1570 0.7265
vn -0.2255 0.7085 0.6687
vn -0.7201 0.6006 0.3474
vn -0.9908 0.0875 -0.1034
vn 0.2443 0.1909 0.9507
vn 0.0252 0.8577 0.5135
vn 0.0094 0.2714 0.9624
vn -0.2754 0.1966 0.9410
vn 0.1597 -0.3137 0.9360
vn -0.8123 -0.4805 -0.3306
vn -0.0176 -0.9652 -0.2609
vn 0.6773 0.1190 -0.7260
vn -0.9813 0.1811 0.0656
vn -0.7522 -0.3668 0.5473
vn 0.1505 -0.9528 -0.2635
vn 0.7231 -0.3808 -0.5764
vn 0.7393 -0.2890 0.6082
vn -0.8642 -0.3743 -0.3363
vn 0.7080 0.4033 -0.5797
vn 0.2480 0.3260 0.9122
vn 0.3167 -0.3448 0.8836
vn 0.6744 0.7271 -0.1284
vn 0.3469 0.1967 0.9171
vn 0.4480 -0.6920 -0.5661
vn 0.3266 0.6295 -0.7050
vn -0.5205 -0.4395 -0.7321
vn 0.9706 -0.0317 0.2388
vn -0.8337 0.5249 -0.1712
vn 0.6583 -0.4842 -0.5764
vn 0.0221 -0.9010 -0.4333
vn 0.7228 0.6555 -0.2188
vn -0.4401 0.8916 0.1069
vn 0.4900 0.8148 -0.3098
vn 0.3145 -0.6773 0.6651
vn 0.4973 0.4959 0.7119
vn -0.2210 0.8881 0.4030
vn -0.1309 -0.2650 0.9553
vn -0.6472 0.7623 0.0072
vn -0.4495 0.1600 0.8789
vn -0.6075 0.7939 -0.0266
vn 0.8327 -0.5440 0.1031
vn 0.2974 -0.7810 -0.5491
vn -0.4714 -0.7269 0.4993
vn -0.5131 -0.3904 0.7644
vn 0.0908 0.7156 0.6926
vn 0.3332 -0.9385 -0.0903
vn 0.0332 -0.9508 -0.3082
vn -0.1674 0.3972 0.9023
vn 0.1304 -0.2215 0.9664
vn 0.3580 0.9337 0.0065
vn 0.2682 -0.0097 0.9633
vn 0.0001 0.4174 0.9087
vn 0.2251 0.9330 0.2807
vn -0.3100 0.9438 0.1147
vn -0.9068 0.3923 -0.1543
vn 0.5513 -0.7357 -0.3935
vn 0.1356 -0.9850 -0.1069
vn 0.9230 0.2616 -0.2821
vn -0.7822 0.5776 0.2335
vn -0.5769 0.8060 0.1324
vn -0.1001 -0.6614 0.7433
vn -0.0706 0.6874 0.7228
vn 0.0551 -0.0113 0.9984
vn -0.3316 -0.1604 0.9297
vn -0.0303 0.9801 0.1959
vn -0.2371 0.1972 0.9513
vn -0.2733 0.1794 0.9451
vn -0.7598 -0.0902 -0.6439
vn -0.8032 0.0768 -0.5907
vn -0.9953 -0.0968 -0.0016
vn -0.2647 0.7548 -0.6001
vn 0.7948 -0.3268 -0.5114
vn -0.9619 -0.1783 -0.2074
vn 0.7382 0.3769 -0.5594
vn -0.3150 -0.9441 0.0967
vn 0.6312 -0.5742 -0.5214
vn 0.1602 0.9861 -0.0437
vn -0.6083 -0.5871 0.5341
vn -0.9504 -0.0408 0.3084
vn 0.9137 0.0267 -0.4054
vn -0.9467 0.2479 0.2056
vn -0.5477 0.0873 0.8321
vn -0.3985 -0.5916 0.7008
vn -0.0774 -0.9819 -0.1731
vn -0.7904 -0.1293 0.5989
vn 0.8435 -0.4210 -0.3335
vn 0.7645 -0.0174 -0.6444
vn -0.9454 -0.3177 -0.0721
vn 0.0760 0.8886 0.4523
vn -0.3747 0.1670 0.9120
vn -0.5467 0.8299 -0.1115
vn -0.5968 -0.1710 -0.7839
vn 0.6477 -0.6578 -0.3844
vn -0.4680 0.4046 -0.7857
vn 0.9430 -0.2734 0.1895
vn -0.6989 -0.7151 0.0139
vn -0.0500 -0.9494 -0.3100
vn 0.5185 0.7084 -0.4789
vn 0.1432 -0.9217 -0.3606
vn 0.0689 -0.8875 0.4556
vn 0.2428 -0.9445 -0.2213
vn 0.6267 0.2265 -0.7456
vn -0.8065 0.5866 0.0743
vn 0.1204 -0.1793 0.9764
vn 0.1981 0.2218 0.9548
vn 0.3764 0.8289 -0.4137
vn 0.3344 -0.8315 -0.4437
vn -0.9585 0.2531 0.1315
vn 0.8244 0.4962 -0.2723
vn -0.6424 -0.3089 0.7013
vn 0.8007 -0.5691 -0.1871
vn 0.8644 0.1572 0.4776
vn 0.6360 0.2988 -0.7115
vn -0.1114 0.8865 0.4491
vn -0.1889 -0.1513 0.9703
vn -0.1048 0.1958 0.9750
vn -0.2146 -0.8965 -0.3876
vn 0.1769 -0.8513 -0.4940
vn -0.6189 -0.2151 -0.7554
vn -0.3726 -0.9140 -0.1607
vn 0.1034 -0.8697 -0.4826
vn 0.5181 0.5821 -0.6267
vn -0.4719 -0.8609 0.1901
vn 0.4115 0.9063 -0.0968
vn 0.4835 -0.2860 0.8273
vn -0.2138 -0.7587 0.6154
vn 0.5158 -0.3690 -0.7731
vn 0.6573 -0.0191 -0.7534
vn 0.4414 0.7021 -0.5588
vn 0.1214 -0.0297 0.9922
vn 0.0405 0.1417 0.9891
vn -0.0047 0.9924 0.1232
vn 0.9485 0.3162 -0.0182
vn -0.8318 -0.5529 -0.0493
vn 0.0030 0.4354 -0.9002
vn -0.2871 0.3444 -0.8938
vn 0.2520 -0.8792 -0.4043
vn 0.4859 0.8543 -0.1846
vn 0.0560 0.9787 0.1974
vn -0.3945 0.9039 0.1651
vn -0.3598 0.4297 0.8282
vn 0.0091 -0.9807 0.1954
vn 0.3677 -0.6978 -0.6147
vn -0.3532 0.8413 0.4093
vn -0.0211 0.8991 0.4372
vn -0.1065 0.2495 0.9625
vn -0.9337 -0.2572 -0.2491
vn 0.5279 -0.3564 -0.7709
vn 0.4584 -0.7564 -0.4665
vn -0.5372 0.8405 0.0710
vn 0.3205 0.9471 -0.0148
vn 0.8846 -0.2264 -0.4077
vn -0.8516 -0.2695 0.4496
vn 0.5063 -0.8426 0.1837
vn -0.4920 -0.7230 0.4849
vn 0.6395 0.1824 -0.7468
vn 0.1130 -0.0537 0.9921
vn 0.1219 -0.9138 -0.3873
vn 0.4713 -0.8322 -0.2922
vn 0.8057 -0.5673 -0.1702
vn -0.5630 0.1967 -0.8027
vn 0.6405 -0.5277 -0.5579
vn 0.2949 -0.7895 -0.5383
vn 0.9566 -0.1655 0.2397
vn 0.0445 0.4261 -0.9036
vn -0.6884 0.2758 -0.6708
vn -0.9710 0.1332 0.1987
vn -0.1521 -0.7377 -0.6578
vn 0.0809 -0.9655 -0.2475
vn -0.2489 -0.9344 -0.2550
vn -0.2200 -0.9752 0.0255
vn 0.8237 -0.4533 0.3408
vn -0.9081 -0.4173 -0.0330
vn -0.7840 0.1547 0.6011
vn -0.8553 0.4625 0.2334
vn -0.3441 0.8613 0.3738
vn 0.0362 0.1782 0.9833
vn 0.0843 0.0975 0.9917
vn 0.3656 0.9252 0.1016
vn 0.5615 -0.5333 -0.6327
vn 0.1242 0.5200 -0.8451
vn -0.2372 -0.7836 -0.5742
vn 0.2513 -0.2274 -0.9408
vn -0.6585 0.7379 0.1478
vn 0.4247 0.9046 -0.0370
vn 0.8035 -0.4303 -0.4115
vn -0.5467 -0.6730 0.4982
vn 0.0779 0.4098 0.9088
vn 0.0716 -0.9974 -0.0048
vn -0.4634 -0.5085 0.7257
vn 0.8943 -0.4042 0.1918
vn -0.8591 0.0588 0.5084
vn 0.4815 0.8065 -0.3431
vn 0.3525 0.9009 -0.2531
vn -0.4272 0.8563 -0.2902
vn -0.5009 -0.1947 -0.8433
vn -0.0085 -0.9969 -0.0788
vn -0.5169 -0.7328 0.4425
vn -0.6935 -0.5187 0.5001
vn -0.8422 0.3616 0.3999
vn 0.7278 0.6600 -0.1862
vn 0.1316 -0.4546 0.8809
vn 0.4695 -0.8053 -0.3619
vn -0.9416 -0.3172 -0.1126
vn -0.9426 0.2008 0.2668
vn -0.9853 0.0339 -0.1674
vn 0.7453 -0.6557 -0.1208
vn -0.3022 0.2412 -0.9222
vn 0.5106 0.8186 -0.2630
vn -0.1421 -0.1971 0.9700
vn 0.6314 -0.5774 -0.5176
vn 0.7861 -0.3276 -0.5241
vn 0.8431 -0.3787 0.3818
vn 0.8956 0.0553 -0.4415
vn 0.6509 0.6313 -0.4218
vn 0.1886 -0.3117 -0.9313
vn -0.0606 0.9981 -0.0124
vn -0.2270 0.1431 0.9633
vn 0.2065 0.0234 0.9782
vn 0.2163 0.8415 0.4951
vn 0.4247 0.5766 -0.6980
vn -0.8193 0.5489 0.1655
vn 0.3181 0.7522 -0.5770
vn 0.1383 0.9789 -0.1506
vn -0.5678 0.1188 -0.8146
vn 0.5467 -0.7793 -0.3062
vn -0.9591 0.2392 -0.1514
vn -0.2528 0.3287 -0.9100
vn 0.2712 0.2430 -0.9314
vn -0.3654 -0.9226 0.1236
vn 0.2603 0.9440 -0.2028
vn 0.3796 0.8982 -0.2218
vn 0.6139 -0.7707 -0.1705
vn -0.5888 0.7333 0.3400
vn -0.2873 0.9281 -0.2369
vn 0.7150 -0.6808 -0.1589
vn -0.8343 -0.4981 -0.2362
vn 0.9644 0.0130 0.2643
vn 0.5088 0.8129 -0.2834
vn 0.3971 0.9093 0.1244
vn 0.8736 0.4698 -0.1271
vn -0.7167 0.6245 0.3104
vn -0.3981 -0.9150 0.0660
vn -0.6773 -0.4205 0.6038
vn 0.8442 -0.3843 0.3738
vn 0.1777 -0.8844 -0.4316
vn -0.6426 0.5672 0.5151
vn 0.5296 0.4464 -0.7213
vn 0.0443 -0.8947 -0.4444
vn -0.6913 -0.5499 -0.4686
vn 0.7434 -0.5302 -0.4077
vn -0.9117 0.3220 0.2551
vn 0.8418 0.3786 -0.3849
vn -0.6326 -0.7731 0.0450
vn 0.7705 0.0178 -0.6372
vn -0.5806 -0.7416 0.3360
vn -0.2949 0.9403 0.1697
vn 0.9716 0.1315 -0.1969
vn -0.5466 0.7690 0.3315
vn -0.2918 -0.9488 -0.1212
vn -0.8201 -0.5640 -0.0964
vn 0.0787 -0.9671 -0.2419
vn -0.2680 0.9634 0.0022
vn -0.3852 -0.1683 -0.9073
vn 0.8821 0.4278 0.1973
vn -0.5515 -0.3161 -0.7719
vn 0.1193 -0.8738 -0.4715
vn 0.0688 0.9968 -0.0402
vn 0.9626 -0.1361 -0.2344
vn -0.9077 0.0490 0.4167
vn 0.4204 -0.8812 -0.2163
vn 0.2453 -0.9678 0.0559
vn -0.4751 -0.6984 -0.5353
vn 0.5435 -0.8266 0.1460
vn 0.6486 0.7293 0.2177
vn -0.7630 -0.4213 -0.4902
vn -0.4581 -0.3342 -0.8237
vn 0.2834 -0.8871 -0.3644
vn -0.7132 0.6848 0.1499
vn 0.0209 -0.9955 0.0927
vn 0.3388 0.8315 0.4403
vn 0.1722 0.8752 0.4521
vn -0.7226 -0.5005 0.4768
vn -0.5920 0.4619 0.6605
vn 0.2375 0.7412 -0.6279
vn 0.2315 -0.8569 -0.4606
vn -0.4824 -0.8426 0.2393
vn 0.1305 -0.9247 0.3577
vn -0.4612 -0.8873 -0.0030
vn 0.4896 -0.8128 -0.3157
vn -0.5884 -0.2916 0.7542
vn 0.2749 -0.9563 -0.0998
vn -0.1201 0.7160 -0.6877
vn 0.8038 0.5752 0.1518
vn -0.8776 0.2627 -0.4010
vn -0.0789 -0.9859 0.1473
vn -0.0275 -0.9173 -0.3972
vn 0.7510 -0.5576 -0.3536
vn -0.5746 -0.6431 0.5063
vn 0.1433 0.9834 -0.1111
vn 0.4036 -0.9143 -0.0328
vn -0.7741 -0.6197 -0.1298
vn -0.8126 -0.5462 -0.2035
vn -0.1434 0.8552 0.4980
vn 0.6857 0.2395 -0.6874
vn -0.3552 0.9310 0.0843
vn 0.0597 0.8205 -0.5685
vn -0.4255 0.1492 -0.8926
vn 0.9317 -0.2534 -0.2602
vn 0.9455 0.2995 -0.1275
vn -0.3150 0.9233 0.2198
vn 0.5631 -0.5870 0.5816
vn -0.4075 0.7192 0.5628
vn 0.3857 0.7616 0.5207
vn -0.8514 0.3859 0.3552
vn -0.6578 0.5301 0.5350
vn -0.1925 -0.7728 -0.6048
vn 0.1561 -0.8890 -0.4304
vn -0.7306 -0.5822 -0.3568
vn -0.9090 0.3891 0.1498
vn -0.5111 0.8572 0.0623
vn 0.2709 0.9556 -0.1161
vn 0.0518 0.8968 0.4394
vn 0.6641 -0.7050 -0.2491
vn 0.7463 0.2512 0.6164
vn 0.1133 0.8134 0.5706
vn 0.3369 0.6154 -0.7126
vn 0.2547 0.6884 -0.6792
vn 0.6534 -0.7568 0.0207
vn -0.5358 -0.1942 -0.8217
vn 0.5646 -0.6843 -0.4614
vn 0.4891 -0.7984 -0.3514
vn 0.3987 -0.9025 0.1632
vn -0.0510 -0.9540 0.2955
vn 0.6721 -0.5498 0.4960
vn -0.8529 0.1806 0.4898
vn -0.2420 0.8318 -0.4996
vn 0.4808 -0.8329 -0.2742
vn -0.9733 0.2280 0.0258
vn -0.4130 -0.5738 -0.7073
vn -0.9530 -0.1455 -0.2659
vn -0.4907 -0.5469 -0.6783
vn -0.8727 0.4347 -0.2226
vn 0.7932 0.5820 -0.1793
vn -0.5872 -0.7768 0.2275
vn -0.2043 -0.9651 0.1636
vn -0.6139 -0.7765 -0.1420
vn -0.7849 -0.6065 -0.1270
vn -0.9186 -0.1668 0.3582
vn 0.6163 0.3550 -0.7029
vn -0.5154 0.8549 -0.0586
vn 0.1106 0.7545 -0.6469
vn 0.0522 0.9669 -0.2497
vn -0.5435 -0.8394 -0.0051
vn 0.0353 -0.9139 -0.4044
vn -0.6227 -0.6481 0.4385
vn -0.7606 -0.1781 0.6243
vn -0.0374 -0.9977 -0.0557
vn 0.5234 0.5227 0.6730
vn 0.5033 0.5392 -0.6752
vn -0.7080 0.7053 0.0345
vn -0.1754 0.7854 -0.5936
vn 0.0818 -0.7729 -0.6292
vn 0.9956 -0.0665 -0.0666
vn 0.9191 -0.3678 0.1415
vn -0.4035 0.6379 -0.6559
vn -0.6980 0.7056 0.1223
vn -0.7124 0.5145 0.4773
vn -0.5767 0.6952 0.4290
vn 0.0511 -0.9913 0.1215
vn 0.7672 -0.0360 -0.6405
vn 0.2532 0.8103 0.5285
vn 0.4408 -0.8950 -0.0686
vn -0.5409 0.5424 -0.6428
vn 0.7522 -0.0659 -0.6556
vn 0.9666 0.2138 -0.1413
vn 0.8832 -0.3465 -0.3160
vn 0.9394 -0.2968 -0.1717
vn 0.2693 0.9399 -0.2099
vn 0.6884 0.1445 -0.7108
vn -0.2778 0.8010 -0.5303
vn 0.2671 -0.8419 -0.4690
vn -0.8810 0.4629 -0.0973
vn -0.9402 -0.3189 0.1196
vn -0.5767 0.2569 0.7755
vn -0.3933 -0.8873 -0.2409
vn -0.4104 -0.7326 -0.5430
vn -0.1797 0.0807 -0.9804
vn -0.8054 0.5796 -0.1243
vn -0.3557 -0.9345 -0.0118
vn 0.5710 -0.6861 -0.4508
vn 0.1512 0.8496 0.5053
vn -0.4071 0.7965 0.4470
vn 0.2589 -0.9658 -0.0126
vn -0.7269 -0.6656 0.1692
vn -0.2942 0.7630 0.5755
vn -0.9170 0.1873 0.3521
vn -0.7072 0.5691 -0.4195
vn -0.4682 -0.5604 -0.6832
vn -0.8701 0.4113 0.2716
vn -0.0090 0.0990 -0.9950
vn -0.2749 -0.9448 0.1780
vn 0.2544 -0.8174 0.5169
vn -0.8045 0.5610 0.1950
vn -0.8854 -0.2545 -0.3889
vn 0.4143 -0.7830 -0.4640
vn 0.1400 -0.8701 -0.4725
vn 0.5845 -0.7919 -0.1770
vn -0.2207 -0.9413 -0.2555
vn -0.5851 0.8106 0.0256
vn -0.3910 0.9006 0.1900
vn 0.2625 0.8710 0.4153
vn -0.3348 0.9298 0.1528
vn -0.0512 0.8400 0.5402
vn -0.8301 0.3138 0.4609
vn -0.4264 0.7564 -0.4961
vn 0.2855 -0.7582 -0.5862
vn -0.4068 0.8104 -0.4216
vn -0.6806 -0.0948 -0.7265
vn 0.4849 0.8744 -0.0170
vn 0.9708 0.0861 -0.2238
vn -0.8473 -0.3506 0.3990
vn 0.6768 -0.7080 -0.2017
vn 0.1995 -0.9491 0.2436
vn -0.2193 -0.8027 -0.5546
vn 0.3155 0.9443 -0.0938
vn -0.1131 -0.9553 -0.2731
vn 0.2992 -0.8498 -0.4339
vn 0.9397 -0.2627 -0.2192
vn -0.7588 0.1756 0.6273
vn 0.4610 -0.8873 0.0127
vn -0.4364 -0.0990 0.8943
vn 0.5286 -0.7631 -0.3719
vn 0.6116 -0.7727 -0.1702
vn -0.3643 -0.4031 -0.8395
vn -0.1407 -0.9752 0.1709
vn 0.2065 0.9566 0.2055
vn -0.2611 0.9359 0.2364
vn 0.5045 0.8206 -0.2685
vn -0.4477 -0.8112 0.3761
vn 0.5907 -0.3350 0.7340
vn -0.4654 0.5277 0.7106
vn -0.8839 0.4423 0.1516
vn -0.2483 0.8058 -0.5377
vn 0.0052 0.8749 -0.4842
vn -0.3997 -0.7169 -0.5713
vn -0.6698 -0.4827 -0.5643
vn 0.7406 -0.6551 -0.1495
vn 0.8315 -0.3291 -0.4476
vn -0.4578 -0.8581 0.2327
vn -0.0879 0.9721 0.2176
vn -0.6241 -0.7001 0.3470
vn -0.5677 -0.5723 0.5917
vn -0.2138 -0.9467 0.2407
vn 0.3757 -0.4354 0.8181
vn 0.1692 -0.7103 0.6833
vn 0.1310 -0.8040 -0.5800
vn 0.0065 -0.8110 -0.5850
vn -0.0747 0.5994 -0.7970
vn 0.8840 0.2717 -0.3803
vn -0.0028 -0.8307 -0.5567
vn 0.0419 0.9951 0.0900
vn -0.5817 -0.4796 0.6570
vn -0.5130 0.6506 0.5600
vn -0.2867 0.9530 0.0981
vn -0.0427 -0.8360 0.5471
vn 0.1198 -0.9778 0.1719
vn 0.8243 -0.3280 -0.4616
vn -0.6410 0.4930 0.5883
vn 0.3473 0.7146 -0.6072
vn 0.6119 0.6916 -0.3836
vn 0.2810 -0.0940 -0.9551
vn -0.9917 0.1022 -0.0780
vn -0.0134 -0.9427 -0.3335
vn 0.2096 0.9564 0.2036
vn 0.7397 0.6402 -0.2071
vn -0.9312 -0.1498 0.3323
vn -0.8909 0.3594 0.2778
vn 0.7489 -0.5224 -0.4078
vn -0.9342 0.3537 -0.0465
vn 0.9986 0.0072 -0.0517
vn -0.3006 0.9319 0.2032
vn -0.0299 0.9991 0.0311
vn 0.3705 0.4661 0.8034
vn 0.7625 0.2423 -0.5999
vn -0.9498 0.2714 -0.1554
vn -0.8459 0.4254 -0.3216
vn 0.2260 0.8839 -0.4095
vn -0.7032 -0.3981 -0.5891
vn 0.0403 0.3381 -0.9403
vn 0.6919 -0.5980 -0.4046
vn -0.5816 0.8081 -0.0938
vn 0.8003 -0.4256 -0.4223
vn 0.9058 -0.2161 -0.3645
vn 0.8765 0.4453 -0.1827
vn 0.8072 0.5273 -0.2653
vn -0.6026 0.5350 0.5922
vn -0.7907 0.4784 0.3819
vn 0.8501 -0.4194 -0.3185
vn 0.9391 0.2842 -0.1930
vn -0.7010 0.2920 0.6506
vn -0.4472 0.8165 0.3652
vn 0.1499 -0.7518 0.6422
vn -0.3539 0.0997 0.9300
vn 0.6316 0.4797 -0.6090
vn -0.2849 0.8863 -0.3651
vn 0.3724 -0.8510 -0.3702
vn 0.6855 -0.7182 -0.1194
vn 0.8877 0.4553 0.0688
vn 0.6606 0.7388 0.1333
vn -0.0041 -0.6112 0.7915
vn -0.4322 -0.6181 0.6567
vn -0.1357 -0.7161 0.6846
vn -0.0143 -0.7942 0.6075
vn -0.8185 -0.5427 0.1885
vn -0.2975 0.5347 0.7909
vn -0.1760 0.5080 0.8431
vn 0.1054 0.7637 0.6369
vn 0.8152 -0.0001 -0.5792
vn 0.5388 0.6762 -0.5025
vn 0.4435 0.8131 -0.3770
vn -0.1223 -0.9634 -0.2385
vn -0.2751 0.9602 0.0487
vn 0.1935 0.9602 0.2016
vn -0.9949 0.0767 -0.0657
vn -0.1841 -0.8383 -0.5133
vn 0.3846 -0.8305 -0.4029
vn -0.8040 0.5928 -0.0462
vn -0.7279 -0.4870 0.4827
vn -0.6816 -0.4253 0.5955
vn -0.8369 0.5471 -0.0196
vn 0.6002 -0.7936 -0.0995
vn 0.9155 -0.2038 -0.3468
vn -0.3640 -0.9267 -0.0932
vn -0.2222 0.9520 0.2106
vn -0.6568 -0.3616 0.6618
vn -0.6829 0.0130 0.7304
vn 0.1601 -0.6694 0.7254
vn 0.0903 -0.6382 0.7645
vn 0.3206 -0.2834 0.9038
vn 0.1976 -0.8834 -0.4248
vn -0.5035 -0.6629 -0.5541
vn 0.5184 -0.7852 -0.3388
vn -0.4098 -0.9121 -0.0157
vn -0.0034 0.9792 0.2029
vn -0.6141 -0.1659 0.7716
vn 0.3934 -0.3356 0.8559
vn -0.2265 -0.0874 0.9701
vn -0.0274 0.7826 0.6219
vn -0.9517 0.3059 -0.0277
vn -0.7976 -0.1308 -0.5888
vn 0.1012 -0.9500 -0.2955
vn 0.9062 0.0925 -0.4127
vn 0.8993 0.2935 -0.3243
vn -0.0095 -0.9258 0.3779
vn -0.9037 -0.4079 -0.1302
vn -0.0605 -0.8911 -0.4498
vn 0.7387 -0.6718 -0.0549
vn 0.7049 0.6279 -0.3301
vn -0.0838 -0.9134 0.3983
vn -0.2971 -0.7683 -0.5669
vn 0.4505 0.8629 0.2291
vn -0.5396 -0.7712 0.3378
vn 0.5313 0.7724 -0.3481
vn 0.4341 -0.7950 0.4236
vn -0.0879 -0.1692 0.9817
vn 0.7354 -0.6537 -0.1787
vn 0.1513 0.1910 0.9698
vn -0.0005 0.4537 0.8912
vn 0.9220 0.3628 -0.1352
vn -0.2442 -0.9572 -0.1551
vn -0.0054 -0.9110 0.4124
vn -0.5811 -0.7390 0.3410
vn 0.7545 0.5670 -0.3306
vn -0.0670 0.9629 -0.2613
vn -0.6489 -0.4447 -0.6174
vn -0.8538 0.0629 -0.5167
vn 0.9695 0.0906 -0.2278
vn 0.9115 -0.0991 -0.3992
vn -0.6709 0.2947 0.6804
vn 0.2183 -0.8158 0.5356
vn -0.9749 0.0581 -0.2147
vn -0.8717 0.4108 -0.2672
vn 0.9185 -0.2770 -0.2823
vn 0.5467 0.8319 -0.0950
vn -0.7521 0.6171 -0.2312
vn -0.4594 -0.7437 -0.4856
vn 0.5091 -0.8425 0.1760
vn 0.9395 -0.2699 -0.2109
vn -0.0980 0.9642 0.2464
vn -0.6260 -0.6534 0.4257
vn -0.7434 -0.4843 0.4613
vn 0.8568 0.3610 -0.3683
vn -0.5123 0.6385 0.5743
vn -0.4099 0.8726 0.2656
vn 0.3575 0.8824 -0.3059
vn -0.5865 -0.8071 -0.0683
vn 0.9414 0.1038 -0.3210
vn 0.5803 -0.7799 -0.2343
vn -0.7025 -0.1711 -0.6908
vn 0.4592 -0.8809 0.1147
vn -0.5888 0.4505 0.6712
vn -0.2442 -0.7737 0.5846
vn -0.5804 0.7902 -0.1968
vn 0.3473 0.9239 -0.1608
vn -0.5358 -0.8411 0.0735
vn -0.3466 -0.9213 0.1761
vn -0.7695 -0.1808 0.6125
vn -0.0010 -0.7950 0.6066
vn -0.7076 -0.7064 0.0182
vn 0.6888 -0.6934 -0.2114
vn -0.7332 0.0756 -0.6758
vn -0.8377 0.4798 -0.2610
vn -0.9102 0.4023 0.0987
vn 0.7284 0.6196 0.2923
vn 0.5158 -0.5274 -0.6751
vn 0.6750 -0.1089 -0.7297
vn 0.8360 -0.3177 -0.4474
vn -0.7796 -0.3388 0.5267
vn -0.6950 0.1531 0.7025
vn 0.0192 0.9908 -0.1342
vn 0.4742 -0.8632 0.1732
vn 0.6251 0.7788 -0.0514
vn 0.7965 -0.5943 -0.1113
vn 0.8228 0.5660 -0.0526
vn 0.1617 0.9463 0.2799
vn 0.0300 0.9678 0.2501
vn -0.5942 0.6639 0.4539
vn -0.5372 0.7569 0.3721
vn -0.2129 -0.7462 0.6307
vn 0.0082 -0.9873 0.1587
vn -0.9342 -0.3402 -0.1072
vn -0.2651 -0.8896 -0.3718
vn -0.8803 0.2903 -0.3751
vn -0.5386 -0.8426 0.0021
vn 0.1841 0.9532 -0.2398
vn 0.2549 -0.8608 0.4405
vn 0.2580 -0.9135 0.3145
vn 0.2479 -0.9577 -0.1462
vn 0.6030 -0.7812 0.1615
vn 0.4172 -0.9028 0.1043
vn -0.8188 0.5718 0.0508
vn 0.8346 0.5370 0.1224
vn -0.9181 0.3955 0.0272
vn 0.5549 -0.6064 0.5695
vn -0.7907 0.2380 -0.5640
vn 0.7272 -0.5662 0.3881
vn -0.6208 0.7834 0.0298
vn -0.3171 0.9367 0.1488
vn 0.7269 0.0537 -0.6847
vn 0.1332 -0.7609 0.6351
vn 0.9972 -0.0741 -0.0138
vn -0.1141 -0.9784 -0.1725
vn -0.4879 -0.8063 0.3342
vn 0.0534 0.9375 0.3438
vn -0.2654 0.9483 0.1739
vn 0.6015 0.7918 -0.1064
vn -0.4102 0.9000 -0.1476
vn 0.2972 0.9355 -0.1914
vn 0.4353 -0.8948 -0.0998
vn 0.9707 0.0925 -0.2217
vn 0.2597 -0.9364 -0.2359
vn -0.3564 -0.9298 -0.0917
vn 0.6487 -0.6797 -0.3424
vn 0.5531 0.7405 0.3818
vn 0.3407 0.8612 0.3770
vn -0.2379 0.9275 0.2884
vn 0.4671 -0.8826 0.0534
vn -0.8490 0.5261 0.0489
vn 0.4491 0.8768 0.1716
vn 0.0807 -0.9939 -0.0749
vn 0.4884 -0.8500 -0.1974
vn 0.5374 -0.8424 -0.0400
vn 0.4072 -0.5378 0.7382
vn 0.7233 0.5395 -0.4310
vn 0.3508 0.8659 -0.3565
vn -0.9959 0.0878 -0.0236
vn -0.9522 0.1894 0.2399
vn 0.6652 -0.7188 -0.2020
vn 0.4196 -0.8880 0.1882
vn -0.5107 -0.8545 -0.0951
vn 0.7998 0.3962 -0.4509
vn -0.1575 -0.4490 0.8795
vn -0.3259 -0.9343 0.1445
vn -0.8604 0.5093 -0.0179
vn -0.6292 -0.7023 -0.3329
vn 0.8073 -0.3837 0.4484
vn -0.1329 -0.5177 0.8452
vn 0.2035 -0.9386 0.2786
vn 0.2187 -0.9483 0.2299
vn -0.7438 0.6636 0.0798
vn -0.8482 -0.1063 -0.5189
vn 0.4541 -0.5849 0.6721
vn 0.4801 -0.8273 -0.2919
vn -0.5228 -0.8109 0.2630
vn -0.6827 0.4939 0.5385
vn 0.1859 -0.6212 0.7613
vn -0.2033 -0.9697 0.1351
vn 0.0741 -0.6635 0.7445
vn 0.6261 0.7781 0.0505
vn 0.2147 0.9657 -0.1459
vn 0.4337 -0.6070 0.6659
vn 0.9431 0.3173 -0.0993
vn -0.1376 0.9542 0.2656
vn -0.5655 -0.6685 0.4831
vn -0.7617 -0.1498 0.6304
vn -0.3666 0.8854 0.2859
vn 0.1806 -0.9621 0.2042
vn 0.3128 -0.7636 0.5649
vn 0.2974 -0.9506 -0.0887
vn -0.4454 -0.8895 -0.1023
vn 0.6089 -0.7725 0.1802
vn 0.6468 0.7620 0.0316
vn 0.6665 -0.3898 -0.6355
vn -0.7670 0.2485 0.5916
vn 0.5397 0.6988 -0.4695
vn -0.1032 0.9934 -0.0497
vn -0.1230 -0.3473 0.9296
vn 0.6349 -0.7698 -0.0656
vn 0.8919 -0.4504 0.0407
vn -0.8827 0.3571 0.3054
vn -0.7710 -0.4469 -0.4537
vn 0.4642 -0.6028 0.6490
vn -0.6965 0.4904 -0.5238
vn -0.0085 -0.9811 -0.1934
vn -0.5768 -0.8162 0.0337
vn -0.7340 0.6438 0.2164
vn 0.5969 0.0818 -0.7981
vn 0.6240 -0.1636 -0.7641
vn 0.1152 0.9499 -0.2905
vn -0.1274 -0.2881 0.9491
vn 0.1619 -0.6981 0.6974
vn 0.6489 0.6927 0.3149
vn -0.8801 0.3743 0.2920
vn 0.4007 -0.8968 0.1875
vn 0.4491 -0.5697 0.6883
vn 0.8499 0.1992 -0.4878
vn 0.6361 -0.6982 0.3285
vn -0.0565 -0.8336 0.5495
vn -0.3308 -0.2656 0.9056
vn -0.4691 -0.6709 0.5742
vn 0.1256 -0.9912 0.0410
vn -0.7906 0.5882 -0.1704
vn 0.3866 -0.6492 -0.6551
vn -0.5486 0.7330 0.4021
vn -0.3300 0.8565 0.3968
vn -0.0776 0.9117 0.4034
vn 0.0298 -0.9994 0.0163
vn -0.4680 -0.6497 0.5991
vn 0.4338 -0.8989 -0.0615
vn -0.4635 0.8848 0.0488
vn 0.6767 -0.5014 0.5391
vn 0.4307 -0.5299 -0.7306
vn -0.7487 0.0677 0.6595
vn -0.6508 -0.7195 0.2427
vn -0.2150 -0.8952 0.3903
vn -0.9214 -0.3797 0.0822
vn 0.9189 0.1883 0.3467
vn 0.9021 0.2962 0.3139
vn 0.8796 0.4756 0.0053
vn -0.1497 -0.9883 -0.0301
vn 0.3435 -0.6979 0.6284
vn -0.6218 -0.7792 0.0787
vn -0.1866 0.9472 0.2608
vn -0.2069 -0.9742 0.0897
vn 0.5929 0.8041 0.0439
vn -0.2560 -0.9658 0.0402
vn 0.7103 0.7037 -0.0201
vn 0.7336 -0.4563 -0.5037
vn -0.5758 -0.5660 0.5900
vn -0.1976 -0.9787 0.0555
vn 0.1335 -0.9899 -0.0478
vn -0.6652 0.7229 0.1866
vn -0.8856 -0.3105 -0.3454
vn -0.6606 -0.7015 0.2674
vn -0.6405 -0.6812 0.3545
vn 0.8887 0.2069 -0.4091
vn 0.9121 0.0645 -0.4049
vn -0.6363 -0.4137 0.6511
vn -0.6464 0.6182 0.4472
vn -0.4092 -0.8756 0.2567
vn -0.7033 0.6867 0.1837
vn 0.2486 -0.9250 0.2873
vn 0.5788 -0.5418 0.6095
vn 0.9475 -0.0152 0.3193
vn -0.7199 0.6720 -0.1736
vn 0.1542 0.8801 0.4490
vn 0.8740 -0.1753 -0.4531
vn 0.5510 0.3647 -0.7506
vn -0.5951 0.7280 0.3404
vn -0.0069 -0.9656 0.2601
vn -0.0198 -0.9686 0.2478
vn -0.9163 0.2339 0.3252
vn 0.7501 0.6431 0.1541
vn -0.0956 0.9937 -0.0585
vn -0.5981 0.6544 -0.4626
vn 0.2958 -0.7458 -0.5970
vn -0.0379 0.9622 0.2698
vn 0.8767 0.2973 -0.3782
vn 0.5516 0.6982 -0.4563
vn -0.3721 -0.9171 0.1433
vn -0.8207 0.2143 0.5297
vn 0.5405 -0.5860 0.6037
vn -0.7477 -0.6576 -0.0918
vn 0.4632 -0.6812 0.5669
vn 0.5523 -0.5758 0.6028
vn -0.6804 -0.5492 0.4852
vn 0.1422 -0.9373 0.3181
vn 0.0916 -0.9958 0.0002
vn -0.9453 0.3002 0.1279
vn 0.7760 -0.4251 0.4660
vn -0.2828 -0.9592 0.0033
vn 0.0618 -0.9595 -0.2749
vn -0.6825 0.7285 -0.0585
vn 0.1826 -0.7233 -0.6660
vn 0.2838 0.9293 0.2362
vn -0.7077 0.3991 0.5830
vn -0.6294 -0.7639 0.1422
vn 0.6947 -0.6648 0.2747
vn -0.0409 -0.9877 0.1512
vn 0.9445 -0.0568 0.3237
vn -0.6588 0.6925 0.2941
vn 0.6875 0.7188 0.1030
vn 0.5528 0.8266 0.1055
vn -0.7843 0.5554 0.2766
vn 0.4517 0.8916 0.0312
vn 0.0806 -0.9161 0.3927
vn 0.3325 0.8343 -0.4398
vn 0.3485 0.9342 0.0762
vn -0.2652 -0.9588 0.1024
vn -0.5428 -0.8288 0.1361
vn 0.2958 -0.7252 0.6217
vn -0.9631 -0.0695 -0.2602
vn -0.8807 0.2802 -0.3819
vn 0.4643 0.8659 0.1859
vn 0.9053 0.2637 -0.3330
vn -0.5250 0.7979 0.2962
vn -0.1054 0.9944 0.0006
vn -0.9772 -0.0244 0.2110
vn 0.9282 0.2825 0.2424
vn 0.8727 0.4345 0.2226
vn 0.3427 -0.8173 -0.4632
vn -0.5517 0.8304 0.0777
vn -0.2399 0.9689 0.0601
vn -0.1777 -0.9733 -0.1452
vn 0.4087 -0.6172 0.6724
vn 0.5935 -0.6597 -0.4610
vn 0.1406 0.9488 0.2827
vn 0.7287 0.1893 -0.6581
vn -0.3611 0.9180 0.1638
vn -0.2850 -0.9581 0.0276
vn -0.8837 -0.4329 0.1779
vn 0.9358 0.1186 0.3320
vn -0.4534 -0.8905 0.0380
vn 0.1232 -0.8471 -0.5170
vn 0.0947 0.9036 0.4177
vn 0.2739 0.8045 0.5271
vn 0.8941 0.2887 -0.3424
vn -0.2998 -0.9461 0.1225
vn 0.1974 -0.9365 0.2898
vn 0.3275 -0.7116 0.6215
vn 0.1937 -0.7442 0.6392
vn -0.7353 0.5655 -0.3736
vn 0.4128 -0.5645 0.7148
vn -0.3960 0.9111 0.1147
vn -0.2655 0.9448 0.1920
vn -0.5494 -0.4770 0.6860
vn 0.0962 0.9569 -0.2739
vn 0.5013 -0.8644 -0.0384
vn -0.6821 -0.6017 0.4157
vn 0.7944 0.5608 0.2331
vn 0.2255 -0.7516 0.6198
vn -0.0655 -0.8281 -0.5568
vn -0.7060 -0.5819 0.4037
vn 0.0832 -0.9473 -0.3093
vn 0.7837 -0.1160 0.6103
vn 0.2784 0.9368 0.2121
vn 0.6415 0.7365 0.2147
vn 0.3119 -0.6447 0.6979
vn 0.8275 -0.4141 -0.3791
vn 0.7873 -0.5879 0.1859
vn -0.0200 -0.9645 -0.2635
vn 0.9462 -0.0028 0.3235
vn -0.8997 -0.4317 -0.0646
vn 0.6168 -0.5420 0.5708
vn 0.0496 -0.7253 -0.6867
vn 0.8420 0.1198 0.5259
vn -0.5570 0.7420 -0.3731
vn 0.1603 -0.9658 0.2039
vn 0.2364 -0.9290 0.2847
vn -0.7506 0.6466 0.1359
vn 0.5423 0.8263 0.1517
vn -0.0917 -0.9563 0.2775
vn -0.1249 -0.9915 0.0369
vn -0.5282 -0.8206 0.2182
vn -0.6617 -0.3642 0.6553
vn -0.6144 -0.2366 0.7527
vn 0.6582 0.2403 -0.7135
vn 0.2301 0.6293 -0.7423
vn -0.2859 -0.8755 0.3897
vn 0.9776 -0.0060 0.2105
vn -0.5696 0.7985 0.1946
vn -0.6666 -0.6665 0.3337
vn -0.0906 0.9481 0.3048
vn -0.1716 0.9852 -0.0018
vn -0.6263 -0.3448 0.6992
vn -0.3760 0.9175 -0.1296
vn -0.4823 0.7764 0.4057
vn -0.0972 0.9367 0.3365
vn 0.2115 0.9370 0.2779
vn -0.1071 -0.9492 0.2960
vn 0.6862 -0.4687 0.5563
vn 0.5300 -0.4861 0.6949
vn -0.2314 0.9533 -0.1939
vn 0.8699 0.1196 -0.4785
vn -0.7009 -0.4229 0.5744
vn -0.4270 0.6703 -0.6070
vn 0.7523 -0.6548 0.0730
vn 0.4486 0.7981 0.4023
vn 0.1545 -0.7393 0.6554
vn 0.0780 -0.9478 -0.3091
vn 0.5956 0.6863 0.4173
vn -0.0497 0.9835 0.1737
vn -0.6709 -0.3279 0.6651
vn 0.8575 0.2316 -0.4593
vn -0.5852 0.7733 0.2440
vn -0.6455 -0.7301 0.2241
vn -0.0967 -0.9896 -0.1063
vn 0.0532 -0.7915 -0.6089
vn 0.8367 0.2649 0.4793
vn 0.9195 0.2175 0.3275
vn -0.9249 -0.0592 0.3755
vn -0.7771 0.5367 0.3287
vn 0.0199 -0.7519 0.6590
vn -0.9817 0.1612 -0.1014
vn -0.4586 0.8475 -0.2673
vn 0.5521 -0.5876 0.5915
vn -0.4409 -0.8975 0.0127
vn 0.6112 -0.7642 -0.2062
vn -0.8684 0.4936 0.0475
vn -0.5173 -0.8550 0.0383
vn -0.2499 -0.9069 -0.3392
vn 0.4941 -0.4930 0.7161
vn 0.6268 -0.6948 -0.3528
vn 0.8355 -0.1161 -0.5371
vn 0.8992 0.1779 -0.3998
vn -0.6387 0.6475 0.4157
vn 0.4334 0.5056 -0.7460
vn -0.2764 0.6972 -0.6614
vn -0.3512 -0.9317 0.0931
vn 0.1570 -0.9246 -0.3472
vn 0.3088 0.8821 0.3558
vn 0.3309 -0.6559 0.6785
vn -0.5677 -0.8173 0.0987
vn 0.4868 -0.5741 0.6584
vn 0.3469 -0.6250 0.6993
vn 0.0335 -0.9781 0.2053
vn -0.3091 -0.9078 0.2836
vn 0.2586 0.8995 0.3522
vn 0.2542 0.8604 0.4418
vn 0.0114 0.7006 -0.7135
vn 0.0052 -0.9973 -0.0732
vn 0.7203 0.6587 0.2174
vn -0.3697 0.8347 0.4083
vn 0.4081 -0.8636 -0.2962
vn 0.2148 0.9238 0.3168
vn -0.6993 -0.4830 0.5269
vn 0.6534 0.0670 -0.7541
vn 0.5407 0.1619 -0.8255
vn 0.3690 0.2430 -0.8971
vn -0.2168 -0.9547 0.2038
vn 0.0901 -0.9939 0.0633
vn 0.9092 -0.0642 0.4114
vn -0.9916 -0.0206 0.1280
vn 0.7186 -0.3607 0.5945
vn -0.8471 0.5041 -0.1679
vn -0.3969 -0.8528 -0.3395
vn -0.6555 0.7049 -0.2710
vn 0.1454 0.9050 0.3998
vn 0.0450 0.9987 -0.0220
vn -0.6904 -0.1549 0.7067
vn -0.7594 0.1168 0.6401
vn 0.0648 0.2722 -0.9601
vn 0.2531 -0.5343 -0.8065
vn 0.9387 -0.1371 0.3162
vn -0.4596 0.8867 0.0503
vn 0.8371 0.4666 0.2854
vn -0.9826 -0.1770 0.0564
vn 0.8659 -0.2489 0.4338
vn 0.2253 -0.9571 -0.1820
vn -0.7157 -0.3444 0.6076
vn -0.7165 0.4218 0.5556
vn -0.4239 0.9018 0.0838
vn 0.3640 0.3324 -0.8701
vn -0.1666 0.1581 -0.9733
vn 0.1608 -0.6536 0.7396
vn 0.1548 -0.9835 0.0938
vn 0.7833 -0.3523 0.5122
vn -0.8230 0.5050 0.2602
vn -0.9547 0.2762 0.1106
vn 0.4298 0.8514 0.3006
vn -0.6050 0.7947 0.0495
vn -0.2175 -0.9327 0.2878
vn -0.0622 -0.8069 -0.5874
vn 0.3476 -0.2635 -0.8999
vn -0.3770 -0.9147 -0.1455
vn 0.5286 0.0521 0.8473
vn -0.7005 -0.5789 0.4173
vn 0.0292 0.9582 0.2847
vn 0.8690 0.2721 -0.4133
vn 0.2228 -0.8849 0.4090
vn -0.8513 0.4679 -0.2373
vn 0.3085 0.8615 0.4034
vn -0.6846 -0.6861 0.2461
vn 0.6119 0.2028 -0.7645
vn 0.2037 0.3446 -0.9164
vn -0.1367 0.2431 -0.9603
vn 0.0251 0.3936 -0.9189
vn 0.0113 -0.9588 -0.2839
vn 0.2444 -0.6815 -0.6898
vn 0.1722 -0.9241 -0.3412
vn 0.8871 0.0949 0.4518
vn 0.4486 0.7663 0.4600
vn 0.2197 0.8286 0.5150
vn 0.4227 -0.6342 0.6474
vn -0.8614 -0.4459 0.2432
vn 0.6139 -0.6208 -0.4876
vn 0.8531 0.0283 -0.5211
vn 0.5405 0.2912 -0.7893
vn -0.8934 0.1052 0.4367
vn 0.9574 0.1720 0.2318
vn -0.4159 -0.9086 -0.0378
vn -0.5874 0.7869 -0.1892
vn 0.7543 -0.3637 -0.5466
vn 0.2395 0.9417 0.2362
vn -0.7488 -0.3136 0.5839
vn -0.7497 0.5473 0.3721
vn -0.5921 0.7053 -0.3898
vn -0.6064 0.2611 -0.7511
vn -0.3841 0.1141 -0.9162
vn 0.5046 0.7134 0.4862
vn 0.1226 -0.8218 0.5565
vn -0.5271 -0.8288 0.1878
vn 0.4894 -0.5270 0.6948
vn 0.5962 -0.4677 0.6525
vn 0.3204 -0.4973 0.8062
vn 0.7855 0.0798 -0.6137
vn -0.4404 -0.0550 -0.8961
vn 0.7713 -0.4904 0.4057
vn -0.7287 0.5663 0.3851
vn -0.1585 0.8688 0.4691
vn 0.3481 -0.6261 0.6977
vn -0.5929 -0.7820 -0.1923
vn -0.7483 -0.4329 0.5027
vn -0.0535 -0.9893 0.1355
vn 0.3513 -0.8762 0.3300
vn -0.8752 -0.3319 0.3520
vn 0.6213 0.6858 0.3789
vn -0.6795 -0.7207 0.1374
vn -0.1445 -0.9839 -0.1051
vn -0.5240 -0.7153 0.4623
vn -0.4174 0.9084 -0.0236
vn -0.0871 0.9933 0.0765
vn -0.7811 -0.3343 0.5273
vn -0.2855 0.3076 -0.9077
vn -0.2654 -0.9522 0.1512
vn 0.3636 -0.8094 -0.4611
vn -0.9675 0.1090 0.2284
vn 0.0833 0.7732 0.6287
vn -0.6098 0.6749 0.4156
vn 0.3773 -0.6370 0.6723
vn 0.1245 -0.6707 0.7312
vn -0.7441 -0.2424 0.6225
vn -0.8042 -0.0036 0.5944
vn 0.3882 0.4497 -0.8044
vn 0.3172 0.5642 -0.7623
vn 0.1131 -0.9686 -0.2212
vn 0.2295 0.8042 0.5483
vn 0.4578 0.8091 0.3685
vn -0.9724 0.1872 0.1391
vn -0.3898 -0.9205 0.0279
vn -0.4081 -0.8963 0.1737
vn -0.0114 0.7814 0.6239
vn 0.3317 0.4170 0.8462
vn 0.9607 0.2066 -0.1854
vn 0.9354 0.0119 -0.3534
vn 0.8249 0.2009 -0.5284
vn -0.4217 0.0160 -0.9066
vn 0.5666 -0.8082 -0.1606
vn 0.6404 -0.0465 0.7667
vn -0.9136 0.2416 0.3272
vn 0.6147 0.5021 0.6083
vn 0.4147 -0.8329 -0.3665
vn 0.8360 0.1686 -0.5222
vn -0.8111 0.3276 0.4845
vn -0.6118 0.5790 -0.5389
vn 0.7898 0.3559 -0.4995
vn -0.7592 0.5919 0.2706
vn -0.0367 -0.6635 0.7473
vn -0.8845 0.4547 0.1046
vn 0.5187 -0.0874 0.8505
vn -0.7346 0.6784 -0.0092
vn -0.4686 0.0088 -0.8834
vn 0.6715 0.4558 -0.5843
vn 0.2369 0.6809 -0.6931
vn -0.0648 0.5509 -0.8320
vn 0.7244 0.5313 0.4393
vn -0.9536 -0.1353 0.2690
vn -0.5503 -0.8335 0.0495
vn -0.5590 -0.8083 0.1848
vn 0.3011 0.1801 0.9364
vn 0.7231 -0.4429 -0.5300
vn 0.9233 0.0581 -0.3796
vn -0.5270 0.4221 -0.7376
vn -0.3518 -0.9240 0.1499
vn -0.7192 0.4971 0.4855
vn -0.5247 0.7790 0.3431
vn -0.5152 0.7777 0.3601
vn 0.8333 0.1767 0.5238
vn 0.5417 0.5047 0.6721
vn 0.3940 -0.5858 0.7082
vn 0.8321 -0.3257 0.4489
vn 0.8214 -0.1351 -0.5542
vn 0.6424 0.5166 -0.5661
vn 0.5383 0.6548 -0.5305
vn 0.7693 -0.5360 -0.3477
vn 0.0365 -0.8563 0.5153
vn 0.3752 0.8388 0.3945
vn -0.7315 0.6618 0.1638
vn -0.7714 0.3048 -0.5587
vn -0.3925 -0.1356 -0.9097
vn -0.2557 0.5273 -0.8103
vn -0.7018 -0.5425 0.4617
vn 0.8496 0.3349 0.4075
vn 0.6203 0.7105 0.3323
vn -0.7337 -0.6394 0.2300
vn -0.6762 -0.5969 0.4319
vn -0.0588 -0.9973 -0.0432
vn -0.7841 -0.2199 0.5804
vn -0.4370 0.4473 -0.7803
vn 0.0642 -0.8592 0.5076
vn 0.2244 -0.5284 0.8188
vn 0.7698 -0.2139 0.6014
vn 0.4016 0.4915 0.7727
vn -0.5870 -0.7556 0.2906
vn 0.3991 -0.4983 0.7697
vn -0.0475 0.7888 0.6129
vn -0.8098 0.1962 0.5529
vn -0.5578 0.2421 -0.7939
vn -0.1115 0.7967 -0.5940
vn 0.0832 0.8165 -0.5713
vn 0.8959 -0.0884 0.4353
vn 0.1771 -0.5607 0.8089
vn -0.7436 -0.6265 0.2334
vn -0.6615 -0.5161 0.5441
vn 0.9596 0.0462 -0.2777
vn -0.8002 0.4953 0.3380
vn -0.5739 -0.1217 -0.8098
vn -0.6181 0.0186 -0.7859
vn -0.3707 0.8223 0.4318
vn 0.3962 -0.6761 -0.6213
vn -0.5759 0.8122 0.0927
vn 0.8542 0.3279 -0.4036
vn -0.6050 -0.3700 -0.7050
vn -0.2339 -0.9461 0.2239
vn 0.0864 -0.8432 0.5306
vn 0.6513 0.1676 0.7401
vn -0.9338 -0.0853 0.3474
vn -0.8197 0.4915 0.2941
vn -0.2279 0.7255 0.6494
vn 0.3334 0.7611 0.5565
vn 0.0873 0.8598 0.5031
vn 0.4025 0.2074 0.8916
vn 0.1615 0.8292 0.5351
vn -0.7765 -0.1117 0.6201
vn -0.8690 0.1392 -0.4749
vn 0.8816 0.2037 -0.4258
vn 0.4523 0.7849 -0.4236
vn 0.3003 -0.6032 0.7389
vn -0.8873 0.0782 0.4545
vn 0.2808 0.6939 0.6631
vn -0.7343 -0.6778 0.0360
vn 0.8106 0.3808 -0.4449
vn 0.6312 0.5654 -0.5309
vn 0.2754 0.8810 -0.3846
vn -0.4347 -0.8110 0.3915
vn 0.7779 -0.4603 0.4277
vn 0.0535 -0.4470 0.8929
vn 0.7237 0.4582 -0.5161
vn -0.3240 0.7308 -0.6008
vn 0.5562 -0.8294 -0.0521
vn 0.7555 -0.5788 0.3070
vn 0.3548 -0.6605 0.6617
vn 0.0555 -0.5941 0.8025
vn -0.7104 0.0210 0.7035
vn -0.7916 -0.3675 0.4881
vn 0.1205 -0.9555 -0.2692
vn -0.8093 -0.5463 0.2161
vn 0.9354 0.2918 -0.1995
vn -0.7082 0.0718 -0.7023
vn -0.7690 0.3977 0.5005
vn -0.9716 -0.1409 0.1900
vn -0.8929 0.2622 0.3659
vn 0.1750 -0.8334 -0.5242
vn 0.7639 -0.6452 -0.0139
vn 0.3464 0.8911 0.2930
vn 0.9243 -0.0565 -0.3775
vn 0.9018 0.0065 -0.4321
vn -0.9738 0.0709 -0.2161
vn -0.9494 0.0966 -0.2987
vn -0.7189 -0.2284 -0.6565
vn -0.5477 -0.4254 0.7205
vn 0.2569 -0.5174 0.8163
vn -0.8842 -0.4629 -0.0629
vn 0.9125 -0.3576 0.1985
vn -0.6732 0.3403 -0.6565
vn 0.7533 -0.0726 0.6537
vn 0.1269 -0.6270 0.7686
vn -0.1654 -0.5622 0.8103
vn -0.4582 0.6717 0.5822
vn -0.9248 -0.3364 0.1777
vn -0.9353 -0.0283 0.3526
vn -0.4653 0.8208 0.3314
vn 0.3595 0.5888 0.7239
vn -0.8287 -0.4489 0.3344
vn 0.4164 -0.5858 0.6953
vn -0.8699 -0.0604 0.4895
vn 0.5562 -0.8111 -0.1809
vn 0.9792 -0.1514 0.1351
vn 0.0871 0.9099 0.4057
vn 0.9516 0.1809 -0.2485
vn 0.5183 -0.3822 0.7651
vn -0.1751 0.7103 0.6817
vn -0.3754 -0.7384 0.5602
vn 0.4288 -0.6057 0.6703
vn -0.3746 -0.9232 0.0855
vn -0.7521 0.5669 0.3361
vn 0.5436 0.3555 0.7603
vn -0.8887 -0.0437 0.4563
vn 0.2505 0.6241 0.7401
vn 0.3900 -0.6067 0.6927
vn 0.3904 -0.0326 0.9201
vn -0.2655 0.8937 0.3617
vn -0.6658 -0.3467 0.6607
vn -0.7941 -0.1440 -0.5905
vn 0.5622 0.6515 -0.5094
vn 0.1074 0.9557 -0.2742
vn 0.8942 -0.3794 0.2376
vn -0.4489 0.6163 0.6470
vn 0.2151 0.2943 0.9312
vn 0.5894 0.5606 0.5817
vn 0.7095 0.3809 0.5928
vn 0.4197 -0.6129 0.6695
vn 0.4509 -0.8889 -0.0801
vn -0.5496 -0.8149 0.1840
vn -0.8543 -0.4330 0.2876
vn 0.9784 0.0430 0.2022
vn -0.5826 0.5604 -0.5887
vn -0.4316 0.7690 -0.4715
vn 0.0765 0.8010 0.5938
vn 0.3191 0.7970 0.5128
vn 0.3147 0.7796 -0.5415
vn 0.9250 0.1085 0.3641
vn -0.7519 -0.1465 0.6428
vn -0.1815 -0.9778 0.1046
vn 0.1887 -0.9815 0.0320
vn -0.5597 -0.4128 0.7185
vn -0.9259 -0.2948 0.2364
vn -0.7776 -0.1136 0.6184
vn -0.7315 0.1548 0.6640
vn -0.8598 0.0039 0.5106
vn -0.0391 -0.8822 0.4692
vn 0.1252 -0.4596 0.8793
vn -0.5014 0.2151 0.8381
vn 0.1807 0.6951 0.6959
vn 0.6910 -0.4049 0.5988
vn -0.4757 0.7348 0.4836
vn -0.9138 -0.2873 -0.2871
vn -0.3678 -0.6395 0.6751
vn 0.3288 -0.5122 0.7934
vn 0.0150 -0.0605 0.9981
vn -0.4416 0.1277 0.8881
vn 0.7011 0.2083 0.6820
vn 0.4029 0.6002 0.6910
vn 0.4790 0.7849 0.3930
vn 0.6572 -0.2106 0.7237
vn 0.7270 0.6057 0.3234
vn 0.8376 0.4651 -0.2865
vn -0.7742 -0.3319 -0.5389
vn 0.9159 0.1315 -0.3793
vn -0.8187 0.1359 -0.5579
vn 0.8598 0.4591 -0.2235
vn 0.6820 0.5153 -0.5190
vn -0.2601 0.6600 0.7048
vn 0.3471 -0.0388 0.9370
vn -0.7183 0.4684 0.5145
vn -0.9463 -0.2461 -0.2096
vn -0.9708 -0.2369 0.0371
vn -0.7153 -0.3625 -0.5974
vn 0.9169 0.3486 -0.1943
vn -0.1380 0.9592 -0.2469
vn 0.3544 -0.7141 0.6036
vn -0.3238 -0.3843 0.8646
vn 0.4383 -0.1177 0.8911
vn 0.4904 -0.5656 0.6630
vn -0.9510 -0.1582 0.2656
vn -0.9232 -0.0653 0.3787
vn -0.8229 -0.3430 -0.4531
vn 0.9365 0.3149 0.1542
vn 0.4977 0.8006 -0.3336
vn 0.1299 0.8918 -0.4335
vn 0.0049 -0.5112 0.8595
vn 0.4107 -0.4161 0.8113
vn 0.0946 0.6545 0.7501
vn 0.6936 -0.0693 0.7170
vn -0.6918 0.3184 0.6481
vn -0.0014 0.0391 0.9992
vn -0.0094 -0.1400 0.9901
vn -0.9593 -0.1869 0.2116
vn 0.8152 0.5296 0.2343
vn 0.7414 0.6671 0.0727
vn -0.2834 -0.0129 0.9589
vn 0.1429 -0.0202 0.9895
vn 0.0323 0.0783 0.9964
vn -0.1707 0.3706 0.9130
vn -0.2428 -0.4835 0.8410
vn -0.7212 -0.2411 0.6494
vn 0.3142 0.4356 0.8435
vn -0.6550 -0.4965 0.5696
vn -0.8682 -0.2166 0.4465
vn 0.1933 0.8544 0.4823
vn -0.1038 0.7262 0.6796
vn 0.9439 0.0981 0.3153
vn -0.2774 -0.2936 0.9148
vn -0.9126 0.0669 -0.4033
vn -0.9894 -0.1175 0.0853
vn -0.1467 -0.9492 0.2784
vn 0.9623 -0.1489 0.2278
vn -0.4958 0.8305 -0.2538
vn 0.4788 0.3811 0.7909
vn 0.5236 0.1530 0.8381
vn -0.0874 -0.3232 0.9423
vn 0.2569 0.6776 0.6891
vn -0.1708 0.3935 0.9033
vn 0.1709 0.6192 0.7664
vn -0.1546 0.6187 0.7703
vn -0.7254 -0.2031 0.6577
vn 0.1369 0.7358 0.6632
vn -0.9152 -0.3937 0.0857
vn 0.9382 -0.2082 0.2765
vn -0.9636 -0.2227 0.1479
vn 0.5471 -0.1304 0.8268
vn 0.3050 0.4379 0.8457
vn -0.0549 0.2864 0.9565
vn 0.4734 -0.0808 0.8771
vn -0.7354 0.1757 0.6544
vn 0.6124 -0.5096 0.6044
vn -0.8320 -0.5343 0.1490
vn -0.8326 -0.0706 -0.5493
vn -0.2359 -0.5103 -0.8270
vn 0.7488 0.2797 0.6009
vn -0.7827 -0.4202 -0.4591
vn 0.8013 0.3936 0.4504
vn 0.1374 0.8238 -0.5501
vn -0.3899 -0.2757 0.8786
vn -0.0896 -0.6110 0.7865
vn -0.9428 -0.3311 -0.0383
vn -0.9638 -0.2235 -0.1457
vn 0.9510 0.1531 0.2687
vn -0.8404 -0.0558 -0.5391
vn -0.7219 0.5645 -0.4003
vn 0.5994 0.6509 0.4658
vn -0.0682 0.9282 -0.3658
vn 0.1480 0.4087 0.9006
vn 0.4914 0.1905 0.8498
vn -0.1462 0.7151 0.6836
vn 0.2232 0.5436 0.8091
vn -0.0360 -0.5936 0.8039
vn -0.6220 0.4390 0.6484
vn -0.6969 -0.6744 0.2439
vn 0.6807 -0.1514 0.7167
vn -0.9702 -0.1050 -0.2183
vn -0.8313 -0.3081 -0.4625
vn -0.8184 -0.3410 -0.4625
vn 0.5553 0.3521 0.7534
vn -0.8456 0.3567 -0.3972
vn -0.0366 -0.2372 0.9708
vn 0.2487 0.0574 0.9669
vn 0.1147 0.3120 0.9431
vn -0.0648 -0.1612 0.9848
vn 0.5278 -0.2450 0.8132
vn 0.6395 -0.1259 0.7584
vn -0.8620 -0.1314 -0.4895
vn -0.9773 -0.2025 -0.0626
vn -0.8380 -0.1757 -0.5166
vn 0.5345 0.4149 0.7363
vn -0.2729 0.3674 0.8891
vn -0.4009 -0.8683 0.2920
vn 0.6020 0.1608 0.7821
vn 0.4458 0.8932 0.0587
vn -0.1023 -0.0366 0.9941
vn -0.4998 0.2110 0.8401
vn 0.4801 0.1772 0.8592
vn 0.1599 0.3767 0.9124
vn 0.2633 -0.3435 0.9015
vn 0.5629 -0.2038 0.8010
vn 0.3903 -0.1976 0.8992
vn -0.7769 -0.4492 -0.4412
vn 0.6959 0.0047 0.7181
vn -0.2423 0.9675 -0.0727
vn 0.4208 0.6263 0.6563
vn -0.3698 0.5012 0.7823
vn -0.9579 -0.2833 -0.0461
vn 0.3688 0.6132 0.6986
vn 0.0823 0.0553 0.9951
vn 0.5917 0.2677 0.7604
vn -0.0605 -0.2529 0.9656
vn 0.4455 -0.6485 0.6172
vn -0.7708 -0.1642 0.6155
vn -0.7973 0.0551 0.6010
vn -0.0294 0.5914 0.8059
vn 0.0026 0.9430 -0.3326
vn 0.0100 0.2442 0.9697
vn -0.9306 -0.3122 -0.1912
vn 0.3366 -0.2937 0.8947
vn -0.7916 -0.5043 -0.3450
vn 0.4840 -0.1321 0.8650
vn 0.4024 0.8841 0.2375
vn -0.2282 0.9461 -0.2299
vn -0.6739 0.3233 0.6643
vn 0.4952 0.5427 0.6784
vn 0.2401 -0.8043 0.5436
vn -0.4860 -0.7465 0.4545
vn 0.0063 0.8090 0.5877
vn -0.8107 -0.4739 0.3437
vn 0.6459 -0.1578 0.7470
vn 0.5024 0.4100 0.7612
vn 0.2102 0.8462 0.4896
vn 0.6400 -0.2476 0.7274
vn 0.5767 -0.3913 0.7171
vn 0.3131 0.5190 0.7954
vn -0.1417 0.7768 0.6136
vn 0.4737 0.4920 0.7305
vn 0.5726 -0.2525 0.7800
vn 0.4606 -0.7061 0.5379
vn 0.6747 -0.2645 0.6891
vn -0.3947 0.5945 0.7005
vn -0.0146 0.8329 0.5533
vn -0.3058 -0.3309 0.8927
vn -0.7607 -0.5696 -0.3113
vn 0.6223 0.0342 0.7820
vn 0.3722 0.8224 0.4303
vn -0.2961 -0.8450 0.4453
vn -0.6937 0.7139 -0.0953
vn -0.2357 0.9592 0.1559
vn -0.6676 -0.5716 0.4771
vn -0.0364 0.9990 -0.0250
vn -0.1960 0.7978 0.5702
vn -0.8590 -0.1929 -0.4742
vn -0.9187 0.0866 -0.3852
vn 0.5227 0.4094 0.7478
vn -0.5690 0.2394 0.7868
vn 0.4530 -0.3388 0.8246
vn 0.5087 0.4231 0.7498
vn 0.6024 -0.2748 0.7494
vn 0.6028 -0.3113 0.7347
vn -0.8185 -0.5592 -0.1320
vn -0.3667 0.5180 0.7728
vn -0.3984 -0.7414 0.5401
vn -0.8106 -0.4085 0.4195
vn 0.4276 0.4776 0.7675
vn 0.2689 -0.6215 0.7358
vn 0.2744 0.7654 0.5821
vn 0.6013 -0.3892 0.6978
vn -0.4494 0.8918 0.0529
vn -0.2062 0.9726 -0.1070
vn -0.9064 -0.3659 0.2112
vn 0.5322 0.3504 0.7707
vn -0.8792 0.4438 -0.1733
vn -0.3350 0.9422 0.0043
vn 0.1339 -0.3143 0.9398
vn 0.1214 0.1841 0.9754
vn -0.4061 -0.6197 0.6716
vn 0.6538 -0.2274 0.7217
vn -0.8670 -0.3451 -0.3594
vn 0.1521 -0.6228 0.7675
vn -0.4558 -0.6741 0.5812
vn -0.4199 -0.6181 0.6646
vn -0.6196 -0.4402 0.6499
vn 0.5519 0.2671 0.7900
vn 0.5787 0.2310 0.7822
vn 0.5001 0.2663 0.8240
vn -0.9483 -0.1161 -0.2955
vn -0.5068 -0.5202 0.6874
vn -0.8367 -0.4963 -0.2314
vn 0.3113 0.7959 0.5193
vn 0.0592 -0.6440 0.7627
vn -0.5186 -0.5279 0.6726
vn -0.2272 0.9665 0.1192
vn 0.3369 0.6931 0.6373
vn -0.9825 0.1438 -0.1182
vn -0.7848 0.6105 0.1064
vn 0.6003 -0.1149 0.7915
vn -0.5820 0.7646 0.2769
vn -0.1819 -0.5493 0.8156
vn 0.5995 -0.0880 0.7955
vn -0.7444 -0.5151 0.4249
vn -0.7083 -0.6845 0.1726
vn -0.3483 0.8708 0.3469
vn 0.2086 0.7431 0.6359
vn -0.5788 -0.4530 0.6781
vn -0.4566 -0.4128 0.7881
vn 0.3039 0.6934 0.6533
vn -0.7380 -0.6730 -0.0496
vn -0.3982 0.9007 0.1735
vn 0.6911 -0.0916 0.7169
vn -0.5476 -0.5075 0.6653
vn 0.6404 -0.0640 0.7654
vn 0.5683 0.1251 0.8133
vn -0.4032 0.8888 0.2177
vn 0.2305 -0.4861 0.8429
vn -0.9227 -0.3547 -0.1509
vn 0.1917 0.7893 0.5833
vn 0.6012 0.4426 0.6654
vn 0.6762 -0.3664 0.6391
vn 0.5662 0.3536 0.7446
vn 0.6186 -0.3061 0.7236
vn 0.5250 -0.2221 0.8216
vn -0.2690 -0.4850 0.8321
vn -0.7658 -0.6373 0.0865
vn 0.5358 0.3017 0.7886
vn -0.9109 0.3936 0.1241
vn 0.5407 0.3356 0.7713
vn -0.3661 -0.4764 0.7994
vn -0.9875 -0.1431 -0.0659
vn -0.4596 0.6992 0.5476
vn -0.5062 0.7793 0.3694
vn -0.5322 -0.3120 0.7871
vn 0.2987 0.6807 0.6689
vn -0.4930 -0.5379 0.6838
vn 0.8110 -0.1873 0.5543
vn -0.5297 -0.6951 0.4860
vn -0.6011 -0.7455 0.2879
vn 0.5313 0.3331 0.7789
vn -0.1576 -0.5202 0.8394
vn 0.6330 0.5455 0.5494
vn -0.9464 -0.3017 0.1155
vn -0.4881 0.8047 0.3378
vn 0.1589 0.7335 0.6608
vn 0.4737 -0.2090 0.8555
vn 0.4235 -0.2429 0.8727
vn -0.0839 0.3121 0.9463
vn 0.3408 -0.5142 0.7871
vn -0.8563 -0.4681 0.2182
vn -0.7121 0.5118 0.4806
vn -0.9671 -0.0153 0.2538
vn -0.9347 0.1987 0.2946
vn -0.5274 -0.6525 0.5442
vn -0.2726 0.6606 0.6995
vn 0.6068 -0.0556 0.7929
vn -0.0732 -0.2735 0.9591
vn 0.7124 -0.0931 0.6955
vn 0.5729 0.2753 0.7720
vn -0.1789 0.2464 0.9525
vn 0.5877 0.1854 0.7875
vn -0.3524 -0.6673 0.6562
vn 0.4651 -0.3802 0.7995
vn -0.6344 -0.6403 0.4331
vn -0.4345 -0.7026 0.5636
vn -0.8694 -0.1197 0.4794
vn -0.5701 0.5910 0.5707
vn -0.6428 0.6445 0.4140
vn 0.0127 0.6907 0.7230
vn 0.5855 0.3186 0.7455
vn -0.4738 -0.6518 0.5922
vn -0.7686 -0.3416 0.5409
vn -0.4320 0.4930 0.7552
vn 0.0838 0.5673 0.8192
vn -0.7660 0.2077 0.6084
vn -0.5899 0.4647 0.6603
vn -0.5252 -0.6276 0.5748
vn -0.5324 -0.4539 0.7145
vn -0.4875 0.3223 0.8114
vn -0.3647 -0.5283 0.7667
vn 0.5908 0.3223 0.7396
vn 0.2411 -0.3599 0.9013
vn 0.6571 0.1398 0.7408
vn 0.6352 0.2639 0.7258
vn -0.5698 -0.1104 0.8143
vn -0.6271 0.0656 0.7762
vn -0.5967 0.3037 0.7428
vn 0.1403 -0.3678 0.9193
vn -0.5359 -0.5768 0.6165
vn -0.4779 -0.5074 0.7171
vn -0.3519 0.1152 0.9289
vn -0.3429 -0.1989 0.9181
vn -0.6117 0.0629 0.7886
vn 0.1328 0.3651 0.9214
vn -0.5922 0.2839 0.7541
vn -0.4761 -0.3741 0.7959
vn -0.5571 -0.1693 0.8130
vn -0.4750 0.1313 0.8701
vn -0.4874 -0.4681 0.7371
vn 0.1820 -0.2313 0.9557
vn 0.0619 -0.0826 0.9947
vn -0.5013 -0.2746 0.8206
vn -0.6086 -0.0860 0.7888
vn 0.0499 0.1101 0.9927
vt 0.846805 0.794856
vt 0.847493 0.788183
vt 0.856503 0.789935
vt 0.834450 0.791870
vt 0.832465 0.797823
vt 0.853947 0.800376
vt 0.809867 0.792694
vt 0.272565 0.049258
vt 0.265596 0.048146
vt 0.267728 0.027623
vt 0.865912 0.839003
vt 0.859039 0.848729
vt 0.847182 0.850854
vt 0.271098 0.053223
vt 0.852797 0.853065
vt 0.835985 0.776424
vt 0.813381 0.787011
vt 0.822250 0.764727
vt 0.845788 0.814813
vt 0.870045 0.773044
vt 0.843320 0.768177
vt 0.866833 0.800380
vt 0.222914 0.853934
vt 0.207782 0.866145
vt 0.210370 0.848847
vt 0.254580 0.064163
vt 0.864859 0.813541
vt 0.855726 0.813957
vt 0.221850 0.848531
vt 0.881272 0.848694
vt 0.865178 0.856334
vt 0.845691 0.866948
vt 0.873793 0.779392
vt 0.878695 0.788831
vt 0.273527 0.079379
vt 0.831026 0.756717
vt 0.842419 0.850976
vt 0.874668 0.859260
vt 0.835188 0.865312
vt 0.821100 0.859374
vt 0.858760 0.865574
vt 0.881424 0.797442
vt 0.874584 0.808489
vt 0.216987 0.840613
vt 0.893734 0.852966
vt 0.846189 0.761209
vt 0.857407 0.762179
vt 0.232265 0.848586
vt 0.856793 0.821395
vt 0.360806 0.089217
vt 0.339284 0.075048
vt 0.345634 0.070566
vt 0.445332 0.424660
vt 0.440521 0.432992
vt 0.436545 0.419247
vt 0.881474 0.771502
vt 0.430964 0.430184
vt 0.222155 0.838181
vt 0.206274 0.829937
vt 0.860460 0.881470
vt 0.197958 0.836758
vt 0.889639 0.862160
vt 0.833642 0.874582
vt 0.876370 0.759390
vt 0.449929 0.418017
vt 0.449400 0.406633
vt 0.461233 0.416505
vt 0.322227 0.084116
vt 0.327093 0.074059
vt 0.330895 0.090184
vt 0.845674 0.749766
vt 0.461399 0.406585
vt 0.882398 0.816185
vt 0.871650 0.823226
vt 0.898495 0.862928
vt 0.439278 0.408144
vt 0.837291 0.878837
vt 0.233758 0.833522
vt 0.353462 0.060261
vt 0.359715 0.067230
vt 0.868924 0.872059
vt 0.422573 0.438607
vt 0.424286 0.429649
vt 0.859966 0.833789
vt 0.430510 0.417049
vt 0.214350 0.825110
vt 0.452186 0.392362
vt 0.875052 0.751304
vt 0.244076 0.846837
vt 0.877238 0.878647
vt 0.329737 0.058488
vt 0.315269 0.066850
vt 0.468953 0.397493
vt 0.472851 0.408565
vt 0.200152 0.825641
vt 0.210198 0.819608
vt 0.340823 0.054721
vt 0.851799 0.886835
vt 0.868088 0.836664
vt 0.315489 0.085520
vt 0.425341 0.403661
vt 0.442525 0.394623
vt 0.203974 0.817124
vt 0.868078 0.884799
vt 0.410232 0.428645
vt 0.853761 0.736843
vt 0.250478 0.836215
vt 0.232506 0.826044
vt 0.211403 0.814440
vt 0.483531 0.401857
vt 0.889067 0.878244
vt 0.429016 0.393242
vt 0.346985 0.046604
vt 0.832993 0.891233
vt 0.220867 0.812909
vt 0.216039 0.810812
vt 0.219325 0.816396
vt 0.888899 0.072455
vt 0.894975 0.083841
vt 0.885703 0.084383
vt 0.330347 0.052506
vt 0.307592 0.073834
vt 0.459435 0.387505
vt 0.209409 0.803180
vt 0.903327 0.076250
vt 0.504404 0.108849
vt 0.514623 0.098775
vt 0.517228 0.112605
vt 0.264500 0.476952
vt 0.260218 0.488599
vt 0.254206 0.482658
vt 0.500641 0.098822
vt 0.276083 0.493441
vt 0.271827 0.500134
vt 0.257665 0.496487
vt 0.241005 0.493809
vt 0.414779 0.410397
vt 0.224275 0.820713
vt 0.222011 0.802104
vt 0.198556 0.807706
vt 0.339881 0.045123
vt 0.651274 0.596963
vt 0.651281 0.608796
vt 0.643291 0.606505
vt 0.249044 0.017319
vt 0.248786 0.024540
vt 0.239879 0.018881
vt 0.346527 0.037515
vt 0.349701 0.039120
vt 0.861436 0.894144
vt 0.317040 0.056826
vt 0.673848 0.632337
vt 0.663045 0.663047
vt 0.649336 0.662586
vt 0.681500 0.651621
vt 0.238727 0.485335
vt 0.656122 0.601235
vt 0.656008 0.613599
vt 0.258187 0.506187
vt 0.240016 0.825822
vt 0.230219 0.818357
vt 0.469433 0.390028
vt 0.239210 0.030638
vt 0.329601 0.049004
vt 0.435187 0.772523
vt 0.410755 0.764727
vt 0.428734 0.756054
vt 0.840144 0.964453
vt 0.838834 0.971394
vt 0.828450 0.963521
vt 0.675469 0.668342
vt 0.255501 0.475203
vt 0.239453 0.477639
vt 0.663953 0.600938
vt 0.242158 0.502024
vt 0.234648 0.817809
vt 0.893996 0.069626
vt 0.887949 0.885936
vt 0.841341 0.954901
vt 0.829379 0.974984
vt 0.472267 0.033525
vt 0.461274 0.028950
vt 0.470845 0.020631
vt 0.450486 0.019929
vt 0.415213 0.440709
vt 0.459822 0.045291
vt 0.459509 0.061608
vt 0.450989 0.046314
vt 0.212083 0.794029
vt 0.225325 0.780435
vt 0.441418 0.386816
vt 0.229700 0.808117
vt 0.909542 0.087588
vt 0.920693 0.077010
vt 0.875868 0.889981
vt 0.333476 0.034227
vt 0.319290 0.049946
vt 0.846180 0.896204
vt 0.300959 0.069673
vt 0.852149 0.960262
vt 0.667397 0.672672
vt 0.666578 0.611957
vt 0.659210 0.625310
vt 0.472183 0.010384
vt 0.460376 0.014217
vt 0.451296 0.026286
vt 0.460449 0.033067
vt 0.444419 0.033372
vt 0.231668 0.795814
vt 0.909222 0.070116
vt 0.480952 0.385862
vt 0.483462 0.392688
vt 0.308938 0.060661
vt 0.831474 0.950550
vt 0.445594 0.747516
vt 0.504812 0.131573
vt 0.243871 0.509405
vt 0.278801 0.381218
vt 0.271989 0.368230
vt 0.280038 0.367077
vt 0.477970 0.015475
vt 0.481240 0.025024
vt 0.482756 0.034671
vt 0.471168 0.037384
vt 0.404152 0.416371
vt 0.882441 0.735822
vt 0.236932 0.775867
vt 0.445425 0.051950
vt 0.202102 0.791129
vt 0.199577 0.781218
vt 0.237943 0.814699
vt 0.917014 0.069015
vt 0.910493 0.065287
vt 0.250119 0.033180
vt 0.307309 0.056158
vt 0.129618 0.893339
vt 0.112517 0.893291
vt 0.125797 0.878960
vt 0.852393 0.970158
vt 0.448002 0.758705
vt 0.441777 0.790337
vt 0.244138 0.470988
vt 0.643918 0.588620
vt 0.662196 0.591663
vt 0.226587 0.492619
vt 0.271313 0.355881
vt 0.449944 0.013352
vt 0.442710 0.015374
vt 0.441062 0.027175
vt 0.400546 0.435641
vt 0.767119 0.218038
vt 0.766312 0.237789
vt 0.755479 0.244043
vt 0.279858 0.012212
vt 0.271423 0.010876
vt 0.278505 0.005157
vt 0.241847 0.819121
vt 0.892561 0.066904
vt 0.910395 0.059002
vt 0.429966 0.195784
vt 0.434305 0.199511
vt 0.423167 0.208212
vt 0.295327 0.079419
vt 0.420276 0.741175
vt 0.820500 0.956262
vt 0.488473 0.726292
vt 0.470924 0.725742
vt 0.477034 0.721166
vt 0.846019 0.951710
vt 0.636302 0.587447
vt 0.227173 0.484390
vt 0.228026 0.502313
vt 0.443155 0.018698
vt 0.476994 0.038789
vt 0.435679 0.034200
vt 0.438356 0.041148
vt 0.242191 0.794156
vt 0.271770 0.018019
vt 0.387907 0.980779
vt 0.379305 0.972565
vt 0.386720 0.968455
vt 0.374421 0.981371
vt 0.440428 0.212566
vt 0.325194 0.035409
vt 0.450543 0.774469
vt 0.095721 0.890250
vt 0.109756 0.908357
vt 0.088807 0.900136
vt 0.522130 0.131758
vt 0.527679 0.113665
vt 0.497450 0.126145
vt 0.776078 0.222452
vt 0.931753 0.071757
vt 0.935217 0.079574
vt 0.899807 0.883510
vt 0.288898 0.079846
vt 0.654770 0.688751
vt 0.853641 0.978647
vt 0.654856 0.582348
vt 0.230078 0.509347
vt 0.252850 0.518383
vt 0.288023 0.379155
vt 0.288887 0.391038
vt 0.274628 0.389012
vt 0.489273 0.021414
vt 0.279978 0.357619
vt 0.442809 0.011984
vt 0.790803 0.228151
vt 0.418680 0.399798
vt 0.245656 0.810893
vt 0.243282 0.038251
vt 0.088408 0.761549
vt 0.082932 0.773121
vt 0.078033 0.758664
vt 0.342312 0.022226
vt 0.296990 0.062942
vt 0.442769 0.736212
vt 0.852496 0.950135
vt 0.101836 0.878793
vt 0.116318 0.872051
vt 0.672117 0.688218
vt 0.860853 0.959559
vt 0.282960 0.400472
vt 0.271634 0.403688
vt 0.975104 0.025891
vt 0.970472 0.034069
vt 0.965291 0.023974
vt 0.954364 0.028046
vt 0.956623 0.013919
vt 0.841170 0.944810
vt 0.469717 0.733962
vt 0.461189 0.726317
vt 0.689009 0.671022
vt 0.669404 0.630211
vt 0.273984 0.347089
vt 0.271530 0.347301
vt 0.798371 0.224078
vt 0.786219 0.218794
vt 0.434285 0.027173
vt 0.787636 0.241441
vt 0.780953 0.247995
vt 0.109202 0.980185
vt 0.104095 0.963480
vt 0.116319 0.955220
vt 0.961076 0.031121
vt 0.251996 0.824163
vt 0.940527 0.018757
vt 0.384032 0.983686
vt 0.451668 0.209128
vt 0.456596 0.216373
vt 0.449475 0.235669
vt 0.816254 0.947713
vt 0.464332 0.720361
vt 0.654210 0.694291
vt 0.680549 0.707639
vt 0.683011 0.712833
vt 0.667728 0.720122
vt 0.700278 0.714216
vt 0.641749 0.578726
vt 0.230760 0.465569
vt 0.673886 0.602591
vt 0.291934 0.360318
vt 0.284394 0.350677
vt 0.434323 0.019384
vt 0.425485 0.381776
vt 0.951808 0.079105
vt 0.252184 0.040000
vt 0.409917 0.160770
vt 0.427884 0.175138
vt 0.423855 0.179647
vt 0.433622 0.186345
vt 0.286137 0.076285
vt 0.309153 0.038698
vt 0.871773 0.638980
vt 0.888489 0.636622
vt 0.889140 0.645280
vt 0.692902 0.693128
vt 0.700037 0.724844
vt 0.532727 0.135192
vt 0.541124 0.116796
vt 0.250363 0.815827
vt 0.928345 0.061637
vt 0.454417 0.228252
vt 0.876242 0.650687
vt 0.822436 0.940368
vt 0.846377 0.944274
vt 0.632970 0.680120
vt 0.880345 0.625206
vt 0.661638 0.708672
vt 0.462170 0.747951
vt 0.108050 0.859432
vt 0.102133 0.853399
vt 0.110123 0.848981
vt 0.682584 0.684522
vt 0.518819 0.137865
vt 0.509161 0.140251
vt 0.523400 0.137075
vt 0.216620 0.489643
vt 0.675963 0.620662
vt 0.296533 0.372095
vt 0.495972 0.026284
vt 0.490682 0.035295
vt 0.774433 0.258890
vt 0.249159 0.821601
vt 0.248231 0.043206
vt 0.233427 0.036551
vt 0.226449 0.032181
vt 0.013888 0.728639
vt 0.021495 0.714521
vt 0.023168 0.726789
vt 0.290826 0.057185
vt 0.411804 0.733768
vt 0.419442 0.729789
vt 0.625113 0.665826
vt 0.448488 0.733889
vt 0.889295 0.625542
vt 0.679695 0.732911
vt 0.862247 0.966111
vt 0.460424 0.761482
vt 0.079884 0.879930
vt 0.665472 0.579976
vt 0.673835 0.588916
vt 0.211276 0.501007
vt 0.294234 0.399973
vt 0.433925 0.016674
vt 0.142792 0.011383
vt 0.142792 0.032995
vt 0.133342 0.012680
vt 0.395913 0.427663
vt 0.414827 0.388210
vt 0.386530 0.965924
vt 0.376556 0.967210
vt 0.385691 0.961116
vt 0.782194 0.260306
vt 0.381044 0.960698
vt 0.950787 0.068573
vt 0.961437 0.080471
vt 0.328641 0.024767
vt 0.443328 0.186982
vt 0.455439 0.197927
vt 0.315828 0.032553
vt 0.289085 0.066267
vt 0.826634 0.656409
vt 0.798200 0.657088
vt 0.820626 0.644224
vt 0.865013 0.652903
vt 0.758390 0.046328
vt 0.779073 0.043673
vt 0.770740 0.052616
vt 0.438116 0.729431
vt 0.445693 0.714525
vt 0.858546 0.635333
vt 0.868013 0.622923
vt 0.699662 0.671572
vt 0.892521 0.616119
vt 0.088675 0.862672
vt 0.107658 0.835486
vt 0.100232 0.840691
vt 0.068929 0.887387
vt 0.534889 0.139567
vt 0.525148 0.143721
vt 0.521799 0.140858
vt 0.060718 0.869052
vt 0.065963 0.865104
vt 0.508945 0.143874
vt 0.530193 0.136285
vt 0.629296 0.595430
vt 0.634064 0.580576
vt 0.652919 0.566717
vt 0.230377 0.523208
vt 0.301259 0.387313
vt 0.801104 0.227397
vt 0.402994 0.407867
vt 0.766878 0.341287
vt 0.752952 0.359581
vt 0.753657 0.341510
vt 0.780264 0.265255
vt 0.254282 0.818782
vt 0.250279 0.053790
vt 0.072310 0.767911
vt 0.071140 0.760114
vt 0.294309 0.043360
vt 0.848366 0.658104
vt 0.848199 0.638239
vt 0.856793 0.644029
vt 0.867493 0.611790
vt 0.894753 0.600904
vt 0.898151 0.624482
vt 0.064817 0.906340
vt 0.515576 0.145773
vt 0.069755 0.864417
vt 0.499752 0.141332
vt 0.490528 0.139816
vt 0.538657 0.135593
vt 0.240851 0.454198
vt 0.216011 0.509115
vt 0.372923 0.977120
vt 0.370444 0.970104
vt 0.084472 0.753013
vt 0.459016 0.228494
vt 0.808739 0.670310
vt 0.458239 0.703232
vt 0.757091 0.065022
vt 0.827870 0.413179
vt 0.807666 0.419891
vt 0.811959 0.398831
vt 0.903250 0.602878
vt 0.084837 0.913528
vt 0.509122 0.148650
vt 0.546976 0.138062
vt 0.521168 0.890009
vt 0.532664 0.899656
vt 0.513397 0.898316
vt 0.410077 0.398907
vt 0.786089 0.266377
vt 0.963834 0.041203
vt 0.938639 0.061398
vt 0.241971 0.047048
vt 0.834137 0.665804
vt 0.304730 0.036472
vt 0.883160 0.656219
vt 0.741793 0.061977
vt 0.427160 0.719380
vt 0.838965 0.931610
vt 0.469627 0.711567
vt 0.631930 0.696523
vt 0.642602 0.696861
vt 0.722815 0.734129
vt 0.091616 0.852236
vt 0.538264 0.140836
vt 0.545141 0.135925
vt 0.663150 0.568874
vt 0.204686 0.481621
vt 0.222166 0.464951
vt 0.221984 0.515802
vt 0.541352 0.892487
vt 0.530101 0.884515
vt 0.515556 0.907520
vt 0.796555 0.248697
vt 0.784550 0.270128
vt 0.760416 0.384514
vt 0.751842 0.373057
vt 0.771973 0.383018
vt 0.466365 0.216869
vt 0.296182 0.038018
vt 0.847708 0.628716
vt 0.856610 0.625363
vt 0.897466 0.658548
vt 0.799146 0.404827
vt 0.807395 0.381659
vt 0.495080 0.149196
vt 0.677611 0.579208
vt 0.680137 0.602012
vt 0.289619 0.341004
vt 0.273402 0.333846
vt 0.793620 0.263623
vt 0.373602 0.963488
vt 0.971909 0.044453
vt 0.799457 0.269948
vt 0.961213 0.057613
vt 0.004763 0.922813
vt 0.000169 0.926030
vt 0.000168 0.917331
vt 0.256184 0.823312
vt 0.951026 0.036368
vt 0.378725 0.992098
vt 0.228513 0.042255
vt 0.460155 0.205313
vt 0.872619 0.658699
vt 0.797349 0.674138
vt 0.639091 0.713113
vt 0.672790 0.744703
vt 0.749254 0.039561
vt 0.755831 0.029856
vt 0.720681 0.974815
vt 0.720410 0.985017
vt 0.711637 0.974083
vt 0.838662 0.431012
vt 0.804150 0.445120
vt 0.793154 0.419279
vt 0.497726 0.151960
vt 0.066406 0.851331
vt 0.824834 0.466961
vt 0.793993 0.447143
vt 0.554525 0.140725
vt 0.638781 0.566159
vt 0.676948 0.630073
vt 0.431315 0.012272
vt 0.814285 0.226226
vt 0.849783 0.930671
vt 0.854867 0.927446
vt 0.861246 0.937280
vt 0.389743 0.435290
vt 0.878251 0.932851
vt 0.871506 0.934596
vt 0.877618 0.921731
vt 0.932011 0.028891
vt 0.935676 0.015188
vt 0.453881 0.177773
vt 0.826189 0.675921
vt 0.005006 0.692434
vt 0.017657 0.679680
vt 0.854734 0.652334
vt 0.041601 0.708015
vt 0.473626 0.697595
vt 0.709232 0.951875
vt 0.713875 0.954832
vt 0.711288 0.962341
vt 0.857643 0.615472
vt 0.731041 0.967032
vt 0.729870 0.984308
vt 0.705012 0.960881
vt 0.709729 0.984793
vt 0.692118 0.756223
vt 0.691874 0.973658
vt 0.686584 0.956735
vt 0.494326 0.162073
vt 0.815010 0.452643
vt 0.711660 0.410605
vt 0.722901 0.402102
vt 0.728374 0.433904
vt 0.235296 0.453858
vt 0.226755 0.453254
vt 0.301356 0.352106
vt 0.529421 0.912113
vt 0.505748 0.026415
vt 0.754384 0.379255
vt 0.447039 0.164491
vt 0.786424 0.672094
vt 0.606127 0.967779
vt 0.606127 0.925220
vt 0.623163 0.943190
vt 0.325157 0.828733
vt 0.336054 0.814387
vt 0.344593 0.828885
vt 0.824622 0.932611
vt 0.637076 0.702395
vt 0.635925 0.696797
vt 0.334273 0.794219
vt 0.318243 0.777282
vt 0.333601 0.772544
vt 0.688915 0.978318
vt 0.791485 0.440702
vt 0.998871 0.963642
vt 0.991267 0.972813
vt 0.991475 0.962995
vt 0.743069 0.305320
vt 0.747439 0.316142
vt 0.730134 0.314988
vt 0.728360 0.385235
vt 0.748445 0.396980
vt 0.682019 0.588644
vt 0.253099 0.527261
vt 0.392465 0.417303
vt 0.001448 0.933754
vt 0.918904 0.038645
vt 0.218743 0.039786
vt 0.461302 0.187986
vt 0.848515 0.673215
vt 0.036598 0.701343
vt 0.049235 0.715809
vt 0.890251 0.665820
vt 0.614463 0.695604
vt 0.622562 0.678843
vt 0.730592 0.051818
vt 0.455026 0.684448
vt 0.718572 0.990926
vt 0.682174 0.971362
vt 0.562102 0.007902
vt 0.564128 0.012573
vt 0.558257 0.018444
vt 0.783804 0.390794
vt 0.778718 0.401967
vt 0.490178 0.149445
vt 0.561072 0.141582
vt 0.551350 0.135521
vt 0.654736 0.515789
vt 0.660420 0.500172
vt 0.666185 0.521436
vt 0.305423 0.364393
vt 0.826539 0.218511
vt 0.423511 0.021393
vt 0.866802 0.937359
vt 0.743206 0.357382
vt 0.737542 0.351242
vt 0.737437 0.022877
vt 0.732069 0.015031
vt 0.750502 0.022887
vt 0.942377 0.045630
vt 0.078908 0.741273
vt 0.462660 0.202321
vt 0.060484 0.765732
vt 0.059899 0.752285
vt 0.306607 0.017160
vt 0.883440 0.668121
vt 0.424714 0.706306
vt 0.621930 0.699648
vt 0.176330 0.969217
vt 0.173093 0.959710
vt 0.187167 0.966786
vt 0.628857 0.705993
vt 0.683929 0.990253
vt 0.569455 0.024091
vt 0.558356 0.033518
vt 0.488175 0.155700
vt 0.727957 0.300730
vt 0.744320 0.293472
vt 0.724146 0.360801
vt 0.746430 0.374728
vt 0.539561 0.883106
vt 0.308820 0.374469
vt 0.523884 0.914950
vt 0.280107 0.326084
vt 0.803471 0.263361
vt 0.964870 0.054900
vt 0.743382 0.362221
vt 0.752883 0.016714
vt 0.747745 0.370136
vt 0.835944 0.678919
vt 0.286852 0.022080
vt 0.904757 0.668074
vt 0.902148 0.679176
vt 0.167689 0.981659
vt 0.175917 0.981848
vt 0.175013 0.994392
vt 0.194234 0.980217
vt 0.219007 0.992932
vt 0.296696 0.990968
vt 0.302043 0.981911
vt 0.301663 0.988652
vt 0.991351 0.951250
vt 0.554088 0.137753
vt 0.240933 0.450581
vt 0.231928 0.453207
vt 0.227298 0.449343
vt 0.678411 0.567845
vt 0.685259 0.622023
vt 0.530468 0.870533
vt 0.543279 0.899333
vt 0.743036 0.008523
vt 0.949847 0.045890
vt 0.240683 0.053982
vt 0.904487 0.049279
vt 0.073654 0.738697
vt 0.437163 0.690979
vt 0.365560 0.834000
vt 0.349876 0.840409
vt 0.360590 0.841865
vt 0.369970 0.841923
vt 0.184208 0.979329
vt 0.854646 0.598131
vt 0.341898 0.785917
vt 0.972123 0.882413
vt 0.964867 0.878553
vt 0.972309 0.862595
vt 0.648432 0.520058
vt 0.639728 0.525604
vt 0.640064 0.508945
vt 0.420780 0.013366
vt 0.857210 0.937282
vt 0.365953 0.978212
vt 0.390655 0.412114
vt 0.743607 0.339308
vt 0.763269 0.325542
vt 0.737202 0.010115
vt 0.938087 0.039585
vt 0.459259 0.164242
vt 0.808364 0.683740
vt 0.723248 0.961323
vt 0.711598 0.945225
vt 0.732997 0.933258
vt 0.357661 0.821734
vt 0.409949 0.714484
vt 0.417169 0.709092
vt 0.741052 0.025215
vt 0.850053 0.616971
vt 0.351738 0.849300
vt 0.985838 0.761853
vt 0.972881 0.769659
vt 0.969588 0.748266
vt 0.846213 0.934260
vt 0.854163 0.942289
vt 0.401595 0.397784
vt 0.362719 0.960160
vt 0.968010 0.057087
vt 0.738948 0.356482
vt 0.958448 0.051838
vt 0.926477 0.014917
vt 0.469917 0.188507
vt 0.872100 0.670086
vt 0.791195 0.687252
vt 0.780494 0.678128
vt 0.729210 0.922292
vt 0.196829 0.952969
vt 0.199176 0.970115
vt 0.986033 0.736751
vt 0.211587 0.979461
vt 0.219392 0.959511
vt 0.350408 0.773899
vt 0.484293 0.161901
vt 0.296576 0.983379
vt 0.764495 0.430570
vt 0.764331 0.440197
vt 0.762238 0.443962
vt 0.220509 0.447809
vt 0.233611 0.447757
vt 0.672545 0.506156
vt 0.627163 0.504624
vt 0.313815 0.388114
vt 0.525063 0.965612
vt 0.526382 0.958570
vt 0.534124 0.971309
vt 0.749792 0.326357
vt 0.463732 0.178233
vt 0.034781 0.664852
vt 0.286744 0.016325
vt 0.048536 0.691361
vt 0.047030 0.706788
vt 0.694046 0.915407
vt 0.727106 0.046697
vt 0.322970 0.807384
vt 0.194680 0.949396
vt 0.771612 0.391956
vt 0.737923 0.286319
vt 0.730546 0.286904
vt 0.762283 0.434225
vt 0.692403 0.600662
vt 0.212525 0.534127
vt 0.549572 0.877916
vt 0.549018 0.894873
vt 0.538374 0.945623
vt 0.541123 0.953333
vt 0.525591 0.977807
vt 0.514690 0.974451
vt 0.731371 0.020905
vt 0.244791 0.058988
vt 0.231894 0.053279
vt 0.476574 0.207593
vt 0.843834 0.691393
vt 0.430109 0.688100
vt 0.695352 0.928734
vt 0.731430 0.059910
vt 0.382940 0.831963
vt 0.377488 0.840866
vt 0.366553 0.826722
vt 0.347236 0.807336
vt 0.414206 0.703894
vt 0.380219 0.849878
vt 0.735692 0.030202
vt 0.758278 0.422202
vt 0.547013 0.911951
vt 0.543527 0.916405
vt 0.820197 0.238610
vt 0.407343 0.384154
vt 0.729858 0.030432
vt 0.250787 0.064107
vt 0.458725 0.157329
vt 0.822969 0.692888
vt 0.851710 0.664973
vt 0.365660 0.820427
vt 0.056631 0.715046
vt 0.229487 0.006386
vt 0.224290 0.024837
vt 0.217520 0.006147
vt 0.217474 0.032808
vt 0.222229 0.452517
vt 0.702437 0.386222
vt 0.650932 0.499122
vt 0.540170 0.919949
vt 0.817203 0.260648
vt 0.520364 0.950024
vt 0.642380 0.993894
vt 0.632490 0.987067
vt 0.638037 0.981369
vt 0.733145 0.361265
vt 0.733329 0.357597
vt 0.900861 0.822598
vt 0.894086 0.822455
vt 0.893560 0.809163
vt 0.924160 0.035485
vt 0.801446 0.695384
vt 0.899353 0.688851
vt 0.438307 0.684234
vt 0.774978 0.692286
vt 0.442945 0.675183
vt 0.719624 0.053029
vt 0.233719 0.012664
vt 0.733004 0.280083
vt 0.745343 0.284800
vt 0.758964 0.296528
vt 0.758818 0.311681
vt 0.215516 0.448800
vt 0.299052 0.341114
vt 0.529338 0.930133
vt 0.514729 0.926308
vt 0.360058 0.964236
vt 0.504471 0.962996
vt 0.900307 0.808447
vt 0.168094 0.005008
vt 0.172530 0.018661
vt 0.164255 0.016205
vt 0.221086 0.050581
vt 0.091848 0.737821
vt 0.086586 0.731621
vt 0.409711 0.959359
vt 0.401882 0.961023
vt 0.409755 0.939864
vt 0.438710 0.940197
vt 0.441571 0.930159
vt 0.444563 0.943594
vt 0.784492 0.697633
vt 0.211234 0.965367
vt 0.236668 0.024385
vt 0.745316 0.273220
vt 0.736356 0.274110
vt 0.213379 0.451753
vt 0.960076 0.867843
vt 0.686943 0.580408
vt 0.692401 0.585120
vt 0.313965 0.362510
vt 0.358682 0.968732
vt 0.880489 0.947490
vt 0.891935 0.799288
vt 0.910256 0.817587
vt 0.913205 0.030893
vt 0.462969 0.167227
vt 0.479136 0.186603
vt 0.915201 0.417897
vt 0.917790 0.427386
vt 0.910739 0.430194
vt 0.812306 0.697585
vt 0.838649 0.694447
vt 0.913241 0.434259
vt 0.896102 0.440706
vt 0.946374 0.444113
vt 0.954042 0.420849
vt 0.956697 0.442026
vt 0.020408 0.659654
vt 0.036346 0.653493
vt 0.028563 0.665272
vt 0.439104 0.667749
vt 0.764481 0.681841
vt 0.705952 0.949632
vt 0.696276 0.946311
vt 0.713804 0.061637
vt 0.359587 0.804689
vt 0.725763 0.037631
vt 0.353255 0.792923
vt 0.705148 0.041262
vt 0.732858 0.262948
vt 0.700583 0.370150
vt 0.622154 0.509649
vt 0.527603 0.936218
vt 0.543385 0.931676
vt 0.861854 0.947737
vt 0.895048 0.791923
vt 0.891107 0.792938
vt 0.888646 0.789991
vt 0.875574 0.949676
vt 0.728955 0.351209
vt 0.907735 0.794431
vt 0.893411 0.836820
vt 0.235864 0.060451
vt 0.214165 0.045688
vt 0.469954 0.171242
vt 0.078812 0.733550
vt 0.922232 0.430166
vt 0.856184 0.676715
vt 0.911069 0.437856
vt 0.692907 0.943459
vt 0.751049 0.262918
vt 0.754425 0.266543
vt 0.754148 0.286069
vt 0.751103 0.289666
vt 0.230718 0.540902
vt 0.292289 0.894208
vt 0.278431 0.899842
vt 0.282209 0.886045
vt 0.626009 0.974728
vt 0.614590 0.984078
vt 0.867896 0.948336
vt 0.722504 0.351909
vt 0.892938 0.930606
vt 0.898154 0.840074
vt 0.059721 0.921836
vt 0.059264 0.939452
vt 0.050023 0.937335
vt 0.973227 0.430395
vt 0.822476 0.697878
vt 0.684858 0.953864
vt 0.206588 0.970119
vt 0.923361 0.009468
vt 0.923920 0.025495
vt 0.916317 0.028007
vt 0.316255 0.402298
vt 0.561104 0.913860
vt 0.312368 0.352728
vt 0.515578 0.956492
vt 0.901568 0.779175
vt 0.360389 0.001395
vt 0.350839 0.016462
vt 0.350845 0.000054
vt 0.461723 0.160225
vt 0.000221 0.037288
vt 0.000221 0.021884
vt 0.003724 0.030909
vt 0.928983 0.422022
vt 0.455623 0.940536
vt 0.452923 0.950107
vt 0.850410 0.705707
vt 0.833229 0.698092
vt 0.024151 0.641088
vt 0.713345 0.056651
vt 0.364579 0.777737
vt 0.748342 0.444247
vt 0.020203 0.576973
vt 0.037874 0.592478
vt 0.035870 0.611024
vt 0.553636 0.888017
vt 0.297203 0.330974
vt 0.359156 0.988272
vt 0.354158 0.978031
vt 0.885772 0.783650
vt 0.889421 0.778714
vt 0.727800 0.333723
vt 0.722075 0.349668
vt 0.341839 0.015242
vt 0.801702 0.706712
vt 0.253895 0.969594
vt 0.252028 0.976248
vt 0.248413 0.980735
vt 0.673051 0.489985
vt 0.554643 0.920475
vt 0.539717 0.928429
vt 0.824483 0.260146
vt 0.638555 0.976386
vt 0.720465 0.344913
vt 0.912963 0.036479
vt 0.428359 0.566200
vt 0.433360 0.570939
vt 0.428552 0.574729
vt 0.999122 0.827814
vt 0.996732 0.831227
vt 0.997126 0.820154
vt 0.051074 0.906445
vt 0.065308 0.920819
vt 0.821182 0.705381
vt 0.824826 0.700501
vt 0.439896 0.948495
vt 0.682795 0.938423
vt 0.758970 0.290454
vt 0.751600 0.430918
vt 0.680813 0.502325
vt 0.009591 0.591552
vt 0.693970 0.643993
vt 0.355637 0.961583
vt 0.694941 0.359429
vt 0.715005 0.348061
vt 0.916677 0.793859
vt 0.268830 0.086967
vt 0.261438 0.078098
vt 0.269563 0.082050
vt 0.999816 0.830083
vt 0.061759 0.732779
vt 0.817415 0.715743
vt 0.830151 0.714581
vt 0.432645 0.955637
vt 0.419395 0.947390
vt 0.690953 0.922288
vt 0.687889 0.907514
vt 0.023639 0.667336
vt 0.019160 0.672976
vt 0.016675 0.668442
vt 0.013059 0.673912
vt 0.672852 0.925101
vt 0.369947 0.786790
vt 0.705720 0.062683
vt 0.361444 0.762548
vt 0.761616 0.283327
vt 0.754554 0.389760
vt 0.238730 0.981147
vt 0.243119 0.984416
vt 0.768132 0.320341
vt 0.687110 0.395791
vt 0.694169 0.617350
vt 0.312121 0.339385
vt 0.910013 0.778403
vt 0.622470 0.951865
vt 0.733813 0.317656
vt 0.711726 0.342517
vt 0.030529 0.737029
vt 0.031247 0.750313
vt 0.013529 0.754235
vt 0.890556 0.847889
vt 0.421473 0.596584
vt 0.419671 0.574113
vt 0.431695 0.566391
vt 0.068244 0.728060
vt 0.066964 0.949838
vt 0.060298 0.955097
vt 0.265409 0.908176
vt 0.271532 0.909303
vt 0.265488 0.912483
vt 0.681668 0.932312
vt 0.272096 0.914986
vt 0.279653 0.913978
vt 0.274075 0.922736
vt 0.671835 0.932170
vt 0.283553 0.923128
vt 0.287710 0.911944
vt 0.284561 0.929973
vt 0.291913 0.913034
vt 0.760736 0.267723
vt 0.681868 0.377410
vt 0.064866 0.594389
vt 0.056195 0.609379
vt 0.629273 0.487167
vt 0.690367 0.647845
vt 0.624300 0.492769
vt 0.566404 0.898047
vt 0.321227 0.366561
vt 0.557844 0.924689
vt 0.842154 0.236588
vt 0.922385 0.811456
vt 0.362303 0.021642
vt 0.431826 0.236763
vt 0.419089 0.235117
vt 0.426467 0.226684
vt 0.237751 0.066703
vt 0.263900 0.089190
vt 0.254823 0.086251
vt 0.367025 0.011148
vt 0.364772 0.019553
vt 0.364419 0.007931
vt 0.068135 0.931213
vt 0.034804 0.468074
vt 0.042194 0.472845
vt 0.038071 0.474773
vt 0.448028 0.956739
vt 0.280220 0.906384
vt 0.269879 0.930839
vt 0.742699 0.421599
vt 0.246224 0.985735
vt 0.235932 0.985961
vt 0.257165 0.987305
vt 0.949700 0.870415
vt 0.693628 0.573596
vt 0.322686 0.387619
vt 0.322948 0.350803
vt 0.857849 0.950591
vt 0.349793 0.971192
vt 0.705930 0.340488
vt 0.250442 0.074490
vt 0.280197 0.902798
vt 0.286468 0.901708
vt 0.004434 0.682384
vt 0.003595 0.677625
vt 0.299631 0.902905
vt 0.293199 0.897202
vt 0.257015 0.975904
vt 0.703804 0.177817
vt 0.710137 0.176701
vt 0.704165 0.202883
vt 0.722056 0.209042
vt 0.720722 0.214636
vt 0.715668 0.201141
vt 0.740384 0.234049
vt 0.884851 0.765523
vt 0.347198 0.967450
vt 0.606921 0.979856
vt 0.514411 0.941918
vt 0.867895 0.954713
vt 0.873438 0.953512
vt 0.707655 0.331398
vt 0.167177 0.460062
vt 0.170981 0.472647
vt 0.148408 0.471167
vt 0.140431 0.471367
vt 0.140094 0.461089
vt 0.253974 0.069145
vt 0.244798 0.072795
vt 0.226607 0.068917
vt 0.887472 0.979262
vt 0.893717 0.974022
vt 0.892524 0.983568
vt 0.368134 0.015054
vt 0.076838 0.915713
vt 0.953666 0.406233
vt 0.937510 0.408572
vt 0.930836 0.409131
vt 0.456042 0.960840
vt 0.467316 0.954754
vt 0.024413 0.469704
vt 0.019841 0.661736
vt 0.424521 0.958240
vt 0.678835 0.932300
vt 0.292117 0.928746
vt 0.312363 0.890219
vt 0.311536 0.899759
vt 0.956002 0.862592
vt 0.014996 0.609935
vt 0.609494 0.522304
vt 0.615095 0.502099
vt 0.728657 0.213754
vt 0.743347 0.232052
vt 0.430068 0.559450
vt 0.434631 0.564998
vt 0.420839 0.223369
vt 0.079390 0.929697
vt 0.077321 0.939563
vt 0.076055 0.947866
vt 0.073225 0.955705
vt 0.930366 0.402932
vt 0.766756 0.270103
vt 0.296914 0.914832
vt 0.775067 0.308828
vt 0.252939 0.988592
vt 0.617055 0.493943
vt 0.722505 0.193290
vt 0.266649 0.901939
vt 0.861959 0.953891
vt 0.605648 0.974266
vt 0.505644 0.944002
vt 0.086382 0.916917
vt 0.041390 0.479570
vt 0.075402 0.957872
vt 0.930516 0.400873
vt 0.412040 0.953873
vt 0.564535 0.887242
vt 0.557608 0.874704
vt 0.719076 0.183410
vt 0.881614 0.955969
vt 0.427819 0.559412
vt 0.369203 0.005595
vt 0.372761 0.008202
vt 0.372192 0.014697
vt 0.892690 0.965857
vt 0.898817 0.962869
vt 0.933411 0.393206
vt 0.292520 0.937048
vt 0.294916 0.923442
vt 0.250968 0.997861
vt 0.947851 0.866259
vt 0.952530 0.882579
vt 0.683369 0.488165
vt 0.557657 0.883639
vt 0.725921 0.204161
vt 0.901254 0.767630
vt 0.351711 0.984533
vt 0.689565 0.347579
vt 0.700033 0.332873
vt 0.410108 0.231610
vt 0.251355 0.084312
vt 0.099713 0.932118
vt 0.440387 0.964322
vt 0.014772 0.661031
vt 0.703248 0.632171
vt 0.569982 0.907500
vt 0.565135 0.926587
vt 0.378313 0.714884
vt 0.390381 0.712255
vt 0.394898 0.716797
vt 0.377109 0.708582
vt 0.388511 0.706910
vt 0.292825 0.317034
vt 0.268795 0.873073
vt 0.259055 0.895354
vt 0.192280 0.471988
vt 0.175017 0.485783
vt 0.703849 0.329956
vt 0.692244 0.335721
vt 0.430189 0.552449
vt 0.435054 0.555721
vt 0.238387 0.073583
vt 0.083408 0.723030
vt 0.827568 0.727184
vt 0.028930 0.483355
vt 0.018834 0.648348
vt 0.411765 0.963239
vt 0.285850 0.938978
vt 0.298996 0.934330
vt 0.308626 0.916521
vt 0.319933 0.893688
vt 0.325663 0.905200
vt 0.656887 0.474268
vt 0.638182 0.476334
vt 0.607294 0.509541
vt 0.310635 0.329038
vt 0.260987 0.906515
vt 0.259069 0.903647
vt 0.870216 0.959253
vt 0.495482 0.968307
vt 0.490305 0.955345
vt 0.021886 0.037062
vt 0.020031 0.040795
vt 0.015380 0.036377
vt 0.419330 0.565411
vt 0.039859 0.729522
vt 0.964712 0.059375
vt 0.993383 0.068691
vt 0.963718 0.069323
vt 0.472851 0.965293
vt 0.467106 0.968571
vt 0.089523 0.955370
vt 0.087893 0.958940
vt 0.009523 0.670214
vt 0.299052 0.927318
vt 0.771570 0.290226
vt 0.774237 0.295272
vt 0.944431 0.875014
vt 0.025917 0.616686
vt 0.705215 0.595645
vt 0.555455 0.870499
vt 0.549386 0.862558
vt 0.347367 0.983595
vt 0.480776 0.964034
vt 0.481473 0.956790
vt 0.022595 0.765187
vt 0.015757 0.762635
vt 0.027490 0.041726
vt 0.024465 0.045651
vt 0.022705 0.045674
vt 0.410515 0.223459
vt 0.839373 0.740884
vt 0.053017 0.727589
vt 0.056934 0.721926
vt 0.777487 0.282455
vt 0.936857 0.864931
vt 0.946731 0.862634
vt 0.940991 0.867811
vt 0.571283 0.917336
vt 0.328720 0.357527
vt 0.078443 0.651997
vt 0.082095 0.638937
vt 0.085608 0.650747
vt 0.923828 0.785324
vt 0.492941 0.949670
vt 0.037347 0.761793
vt 0.428442 0.546058
vt 0.042081 0.754942
vt 0.233661 0.075837
vt 0.419855 0.209249
vt 0.898635 0.957536
vt 0.447914 0.967531
vt 0.422700 0.968892
vt 0.302623 0.920614
vt 0.329802 0.371723
vt 0.731574 0.204066
vt 0.742557 0.210850
vt 0.347519 0.991517
vt 0.999292 0.845034
vt 0.996654 0.843484
vt 0.996654 0.833468
vt 0.009122 0.036580
vt 0.004432 0.036863
vt 0.008885 0.033225
vt 0.999895 0.836805
vt 0.015592 0.054152
vt 0.412772 0.531618
vt 0.414226 0.529306
vt 0.421855 0.539409
vt 0.416079 0.538036
vt 0.405740 0.541194
vt 0.150854 0.486705
vt 0.421862 0.543783
vt 0.418278 0.559896
vt 0.238078 0.076763
vt 0.095225 0.908878
vt 0.102591 0.943668
vt 0.942059 0.376400
vt 0.223038 0.968644
vt 0.224217 0.961399
vt 0.230353 0.967095
vt 0.226819 0.939177
vt 0.231733 0.943255
vt 0.223260 0.943581
vt 0.382010 0.693578
vt 0.393049 0.697032
vt 0.513799 0.928997
vt 0.195737 0.485231
vt 0.409640 0.551948
vt 0.886686 0.956768
vt 0.070207 0.716334
vt 0.814026 0.994415
vt 0.817631 0.989721
vt 0.824215 0.991910
vt 0.456316 0.970771
vt 0.442488 0.967654
vt 0.230093 0.950372
vt 0.780237 0.271224
vt 0.296430 0.940649
vt 0.776290 0.300076
vt 0.665502 0.381317
vt 0.939057 0.879828
vt 0.690340 0.359489
vt 0.119897 0.868299
vt 0.112599 0.860129
vt 0.138207 0.840973
vt 0.024950 0.627169
vt 0.563053 0.878554
vt 0.332223 0.388905
vt 0.325811 0.341096
vt 0.087626 0.655193
vt 0.078871 0.661082
vt 0.083065 0.668744
vt 0.083351 0.630289
vt 0.070930 0.633473
vt 0.877553 0.963146
vt 0.008064 0.049118
vt 0.418197 0.551673
vt 0.409957 0.205138
vt 0.108422 0.712446
vt 0.437219 0.968429
vt 0.014670 0.657578
vt 0.938932 0.875403
vt 0.060424 0.620270
vt 0.705976 0.577410
vt 0.706081 0.610327
vt 0.661319 0.026087
vt 0.661319 0.012868
vt 0.666590 0.022808
vt 0.258602 0.913320
vt 0.247225 0.907530
vt 0.001603 0.041546
vt 0.009195 0.026457
vt 0.410867 0.520438
vt 0.423181 0.505847
vt 0.166201 0.486688
vt 0.841716 0.917382
vt 0.847186 0.921005
vt 0.841731 0.927859
vt 0.846236 0.927609
vt 0.443630 0.971544
vt 0.233176 0.959755
vt 0.239445 0.948382
vt 0.668958 0.360754
vt 0.599971 0.523265
vt 0.586350 0.507641
vt 0.574504 0.893173
vt 0.562628 0.869799
vt 0.325944 0.397438
vt 0.370429 0.701691
vt 0.735202 0.181006
vt 0.247401 0.889845
vt 0.987665 0.175089
vt 0.963102 0.158224
vt 0.987665 0.151012
vt 0.922899 0.768126
vt 0.493399 0.941113
vt 0.014727 0.024763
vt 0.398576 0.548233
vt 0.399798 0.242846
vt 0.239803 0.088749
vt 0.106005 0.957331
vt 0.416155 0.974768
vt 0.306336 0.929963
vt 0.937106 0.871438
vt 0.149988 0.276424
vt 0.143358 0.290513
vt 0.142392 0.282798
vt 0.846075 0.234685
vt 0.838717 0.229259
vt 0.845434 0.227354
vt 0.836000 0.231909
vt 0.364369 0.702325
vt 0.306881 0.316233
vt 0.739699 0.194698
vt 0.250151 0.905477
vt 0.500337 0.931469
vt 0.991066 0.872098
vt 0.992860 0.874896
vt 0.983861 0.877115
vt 0.430078 0.524777
vt 0.960296 0.888445
vt 0.969874 0.884956
vt 0.967683 0.893257
vt 0.407162 0.557204
vt 0.847049 0.916410
vt 0.233169 0.081684
vt 0.101778 0.953773
vt 0.826689 0.977402
vt 0.453028 0.974065
vt 0.313493 0.925507
vt 0.781390 0.290632
vt 0.931645 0.867965
vt 0.708902 0.647331
vt 0.365823 0.709707
vt 0.752434 0.201556
vt 0.753413 0.222308
vt 0.075256 0.668057
vt 0.906311 0.926085
vt 0.896969 0.922628
vt 0.901403 0.918030
vt 0.873224 0.969365
vt 0.982296 0.885724
vt 0.171564 0.490878
vt 0.449668 0.978619
vt 0.060226 0.717326
vt 0.238913 0.952501
vt 0.238532 0.943926
vt 0.231148 0.934676
vt 0.240981 0.936787
vt 0.661318 0.370812
vt 0.581369 0.901120
vt 0.072393 0.641517
vt 0.988208 0.868498
vt 0.158503 0.489351
vt 0.404868 0.565494
vt 0.443565 0.532055
vt 0.848366 0.927737
vt 0.852764 0.921163
vt 0.397835 0.213996
vt 0.405608 0.192609
vt 0.420618 0.200124
vt 0.471599 0.975033
vt 0.442351 0.978503
vt 0.046546 0.561542
vt 0.038881 0.572065
vt 0.029736 0.558705
vt 0.307672 0.934930
vt 0.371996 0.726046
vt 0.073955 0.675313
vt 0.251948 0.914185
vt 0.211996 0.490663
vt 0.194960 0.495766
vt 0.962344 0.168699
vt 0.951174 0.157009
vt 0.968567 0.894628
vt 0.974005 0.890787
vt 0.971468 0.905171
vt 0.144962 0.493528
vt 0.067465 0.509856
vt 0.050754 0.513500
vt 0.056653 0.501138
vt 0.020640 0.474735
vt 0.026807 0.489451
vt 0.017841 0.482203
vt 0.056082 0.549545
vt 0.064941 0.556832
vt 0.057365 0.561746
vt 0.053102 0.719280
vt 0.240436 0.944910
vt 0.791834 0.298093
vt 0.614451 0.479186
vt 0.580487 0.905145
vt 0.388639 0.682786
vt 0.974542 0.884695
vt 0.982831 0.887880
vt 0.028012 0.772842
vt 0.866733 0.924507
vt 0.857362 0.925128
vt 0.861779 0.915829
vt 0.851509 0.915767
vt 0.229871 0.080114
vt 0.606635 0.007861
vt 0.611988 0.001015
vt 0.616714 0.003219
vt 0.395959 0.223981
vt 0.411517 0.187467
vt 0.046142 0.493272
vt 0.429110 0.976241
vt 0.051341 0.720193
vt 0.242610 0.964397
vt 0.244958 0.978656
vt 0.234775 0.961761
vt 0.240350 0.933090
vt 0.331238 0.912186
vt 0.621954 0.475062
vt 0.569927 0.876779
vt 0.352286 0.714196
vt 0.376384 0.675732
vt 0.887922 0.922704
vt 0.885057 0.918756
vt 0.889019 0.918807
vt 0.178524 0.493517
vt 0.974541 0.872624
vt 0.944850 0.168079
vt 0.940343 0.151905
vt 0.884346 0.976198
vt 0.869867 0.923601
vt 0.022427 0.775461
vt 0.658207 0.009090
vt 0.648791 0.003343
vt 0.658898 0.000308
vt 0.659177 0.028668
vt 0.650121 0.023884
vt 0.053069 0.497628
vt 0.458354 0.978089
vt 0.073552 0.558211
vt 0.070996 0.568106
vt 0.238307 0.963589
vt 0.239822 0.960438
vt 0.248611 0.946917
vt 0.152147 0.288166
vt 0.147076 0.298234
vt 0.069772 0.637226
vt 0.240425 0.901246
vt 0.599150 0.988670
vt 0.604498 0.981309
vt 0.603731 0.990585
vt 0.882698 0.920399
vt 0.875596 0.917657
vt 0.881372 0.917145
vt 0.012738 0.012055
vt 0.017903 0.010444
vt 0.983060 0.895220
vt 0.016111 0.783198
vt 0.166846 0.496357
vt 0.151753 0.492682
vt 0.043665 0.766963
vt 0.584963 0.002078
vt 0.041883 0.499720
vt 0.247333 0.964190
vt 0.251938 0.966470
vt 0.246346 0.959800
vt 0.250467 0.955925
vt 0.786270 0.274522
vt 0.145691 0.266650
vt 0.128459 0.274303
vt 0.133622 0.261500
vt 0.605201 0.478949
vt 0.249586 0.878229
vt 0.889998 0.914156
vt 0.006696 0.012332
vt 0.985390 0.903980
vt 0.845100 0.911671
vt 0.397761 0.235137
vt 0.249622 0.962168
vt 0.255289 0.964942
vt 0.322672 0.926460
vt 0.800879 0.318119
vt 0.786819 0.332742
vt 0.932730 0.879778
vt 0.134455 0.866790
vt 0.138687 0.301425
vt 0.127961 0.294730
vt 0.357434 0.700573
vt 0.335991 0.347207
vt 0.315679 0.318572
vt 0.067296 0.651265
vt 0.173938 0.499141
vt 0.456240 0.540765
vt 0.644948 0.015447
vt 0.395768 0.210130
vt 0.045275 0.497279
vt 0.113192 0.953463
vt 0.063094 0.571613
vt 0.249502 0.927100
vt 0.239708 0.919330
vt 0.789139 0.279047
vt 0.792565 0.302287
vt 0.928951 0.876352
vt 0.072175 0.659647
vt 0.882561 0.913718
vt 0.155388 0.497250
vt 0.853318 0.983485
vt 0.411294 0.177723
vt 0.399543 0.184561
vt 0.042624 0.506968
vt 0.258946 0.952174
vt 0.263693 0.973774
vt 0.323746 0.932469
vt 0.791300 0.290389
vt 0.927005 0.873275
vt 0.140218 0.858205
vt 0.851925 0.219766
vt 0.853926 0.226185
vt 0.846972 0.218573
vt 0.339305 0.337234
vt 0.246357 0.880685
vt 0.234103 0.903233
vt 0.060877 0.629389
vt 0.065340 0.624050
vt 0.145241 0.274944
vt 0.947237 0.149719
vt 0.947025 0.139822
vt 0.956235 0.141613
vt 0.717682 0.623979
vt 0.583250 0.930342
vt 0.200217 0.536502
vt 0.195938 0.552469
vt 0.182802 0.537500
vt 0.755253 0.205438
vt 0.197348 0.506588
vt 0.869929 0.911537
vt 0.855178 0.908523
vt 0.092552 0.573102
vt 0.075703 0.587043
vt 0.055438 0.569966
vt 0.250347 0.916314
vt 0.251248 0.922938
vt 0.794640 0.285159
vt 0.918573 0.857154
vt 0.932470 0.885804
vt 0.149012 0.307508
vt 0.126008 0.288122
vt 0.868596 0.214850
vt 0.869116 0.202877
vt 0.875988 0.207183
vt 0.206351 0.552410
vt 0.344071 0.362556
vt 0.354079 0.686103
vt 0.364393 0.677965
vt 0.766267 0.177044
vt 0.063643 0.638870
vt 0.237086 0.912190
vt 0.431115 0.501991
vt 0.163368 0.506251
vt 0.028189 0.778912
vt 0.846401 0.906209
vt 0.640240 0.001158
vt 0.635237 0.018285
vt 0.045997 0.575800
vt 0.556407 0.927486
vt 0.571889 0.931705
vt 0.548951 0.956203
vt 0.128456 0.832699
vt 0.659069 0.459326
vt 0.960875 0.133329
vt 0.838692 0.223589
vt 0.349033 0.701067
vt 0.067477 0.671630
vt 0.391527 0.192220
vt 0.637492 0.035005
vt 0.058259 0.708910
vt 0.571328 0.949524
vt 0.562834 0.966281
vt 0.559081 0.958798
vt 0.259670 0.938841
vt 0.801410 0.278842
vt 0.606659 0.470102
vt 0.378762 0.654560
vt 0.065444 0.664692
vt 0.886186 0.908737
vt 0.019302 0.784854
vt 0.149427 0.505579
vt 0.392286 0.226255
vt 0.026769 0.500191
vt 0.197025 0.264793
vt 0.215983 0.255464
vt 0.194718 0.285309
vt 0.211052 0.284464
vt 0.059505 0.577305
vt 0.275657 0.966537
vt 0.579172 0.962581
vt 0.799452 0.288743
vt 0.281890 0.694830
vt 0.269562 0.706568
vt 0.260251 0.698755
vt 0.927585 0.882813
vt 0.141597 0.311400
vt 0.337704 0.740522
vt 0.340491 0.716559
vt 0.860658 0.204418
vt 0.401168 0.027603
vt 0.414104 0.016179
vt 0.417587 0.029040
vt 0.965763 0.256194
vt 0.954319 0.237918
vt 0.970958 0.243733
vt 0.952162 0.244604
vt 0.389652 0.236833
vt 0.632310 0.009860
vt 0.391914 0.216128
vt 0.808740 0.989090
vt 0.063906 0.705675
vt 0.803711 0.295578
vt 0.264361 0.928648
vt 0.274756 0.681733
vt 0.284402 0.703935
vt 0.970620 0.122912
vt 0.957837 0.121368
vt 0.964136 0.109955
vt 0.719323 0.641674
vt 0.179150 0.538768
vt 0.183133 0.551309
vt 0.264287 0.856858
vt 0.960951 0.187746
vt 0.407792 0.520195
vt 0.403493 0.538247
vt 0.393329 0.514922
vt 0.139346 0.496632
vt 0.044819 0.773926
vt 0.042613 0.515653
vt 0.034950 0.585334
vt 0.807645 0.282126
vt 0.811813 0.286583
vt 0.144627 0.851957
vt 0.829361 0.220358
vt 0.339636 0.704821
vt 0.212438 0.557862
vt 0.211097 0.537967
vt 0.220195 0.546814
vt 0.757421 0.193778
vt 0.237673 0.887951
vt 0.881343 0.905803
vt 0.859279 0.904413
vt 0.050491 0.765291
vt 0.266362 0.947170
vt 0.800097 0.307702
vt 0.870864 0.900977
vt 0.385567 0.225825
vt 0.386676 0.187684
vt 0.917267 0.866481
vt 0.630628 0.458313
vt 0.116008 0.263070
vt 0.950031 0.125329
vt 0.422398 0.479353
vt 0.184148 0.515338
vt 0.024953 0.785537
vt 0.447192 0.503439
vt 0.161789 0.518568
vt 0.141692 0.505456
vt 0.853825 0.903237
vt 0.386082 0.197037
vt 0.579763 0.936269
vt 0.770816 0.987470
vt 0.767759 0.975494
vt 0.774756 0.980971
vt 0.761953 0.986733
vt 0.920294 0.872988
vt 0.845233 0.211152
vt 0.350894 0.691131
vt 0.229297 0.552807
vt 0.219979 0.557209
vt 0.056889 0.654098
vt 0.399639 0.014688
vt 0.230652 0.898189
vt 0.056481 0.636229
vt 0.062664 0.679572
vt 0.068353 0.685043
vt 0.417258 0.016992
vt 0.894520 0.907179
vt 0.380234 0.231423
vt 0.466315 0.535379
vt 0.630247 0.000004
vt 0.071284 0.771962
vt 0.057388 0.774100
vt 0.193646 0.223292
vt 0.205971 0.230925
vt 0.204035 0.249406
vt 0.042505 0.586415
vt 0.255829 0.918943
vt 0.912218 0.860257
vt 0.920928 0.882289
vt 0.122006 0.283539
vt 0.054472 0.644717
vt 0.147836 0.515062
vt 0.269716 0.668874
vt 0.275405 0.667667
vt 0.618448 0.459966
vt 0.880502 0.193275
vt 0.880193 0.207052
vt 0.838270 0.210557
vt 0.242989 0.878071
vt 0.766213 0.215156
vt 0.234667 0.887240
vt 0.054545 0.625344
vt 0.136707 0.516249
vt 0.847344 0.900439
vt 0.538480 0.058628
vt 0.527907 0.025586
vt 0.549000 0.041059
vt 0.550821 0.020974
vt 0.270243 0.936541
vt 0.780070 0.974952
vt 0.771989 0.965588
vt 0.282111 0.676613
vt 0.927410 0.890642
vt 0.129020 0.309079
vt 0.999900 0.956078
vt 0.991225 0.945739
vt 0.999155 0.932482
vt 0.535887 0.976231
vt 0.528260 0.992587
vt 0.528215 0.971910
vt 0.172433 0.517427
vt 0.200384 0.218495
vt 0.218975 0.283984
vt 0.285485 0.950885
vt 0.815324 0.291703
vt 0.788731 0.979380
vt 0.810341 0.302537
vt 0.272299 0.655146
vt 0.909504 0.863479
vt 0.107749 0.270392
vt 0.935919 0.141743
vt 0.829011 0.215660
vt 0.283940 0.077250
vt 0.278280 0.071590
vt 0.284343 0.051942
vt 0.243026 0.858729
vt 0.055585 0.672104
vt 0.373437 0.224036
vt 0.621790 0.027315
vt 0.972636 0.717128
vt 0.976688 0.707888
vt 0.992065 0.711884
vt 0.576448 0.929401
vt 0.590392 0.956793
vt 0.815435 0.294448
vt 0.913627 0.878594
vt 0.111145 0.301936
vt 0.582903 0.483892
vt 0.876512 0.190600
vt 0.852462 0.196861
vt 0.347984 0.670565
vt 0.358315 0.661550
vt 0.239202 0.865765
vt 0.235385 0.883084
vt 0.056759 0.663770
vt 0.407235 0.504856
vt 0.390721 0.507314
vt 0.036531 0.782633
vt 0.476908 0.877443
vt 0.456436 0.882612
vt 0.450862 0.863173
vt 0.813134 0.964940
vt 0.815521 0.954303
vt 0.387719 0.178353
vt 0.984834 0.733055
vt 0.586471 0.968759
vt 0.266705 0.644641
vt 0.259473 0.658595
vt 0.909673 0.870433
vt 0.295952 0.687825
vt 0.118931 0.807887
vt 0.128722 0.809311
vt 0.606642 0.456663
vt 0.765093 0.204918
vt 0.239559 0.870939
vt 0.237672 0.877090
vt 0.051675 0.625406
vt 0.888380 0.903905
vt 0.183811 0.521875
vt 0.881633 0.895357
vt 0.039872 0.787066
vt 0.140302 0.521892
vt 0.619350 0.015007
vt 0.379115 0.190935
vt 0.591715 0.973542
vt 0.597054 0.966607
vt 0.786755 0.970078
vt 0.148408 0.837336
vt 0.465369 0.079046
vt 0.461188 0.092421
vt 0.442453 0.090121
vt 0.956884 0.227452
vt 0.972306 0.234463
vt 0.056009 0.676553
vt 0.056957 0.681931
vt 0.864858 0.895119
vt 0.537991 0.862085
vt 0.540663 0.849628
vt 0.552515 0.857928
vt 0.618929 0.003300
vt 0.193362 0.212712
vt 0.374896 0.201814
vt 0.806938 0.971999
vt 0.594358 0.956988
vt 0.289056 0.663453
vt 0.141519 0.830838
vt 0.346792 0.680214
vt 0.370020 0.654186
vt 0.770702 0.198407
vt 0.230684 0.882492
vt 0.225571 0.895423
vt 0.051070 0.635152
vt 0.943537 0.237710
vt 0.589270 0.195264
vt 0.594534 0.201274
vt 0.590723 0.211208
vt 0.474805 0.854893
vt 0.852449 0.898132
vt 0.148059 0.010523
vt 0.154884 0.005564
vt 0.158647 0.015639
vt 0.375333 0.238281
vt 0.367436 0.227516
vt 0.203369 0.214040
vt 0.595840 0.951856
vt 0.274516 0.941113
vt 0.798697 0.979698
vt 0.797108 0.970573
vt 0.938953 0.132532
vt 0.374529 0.642615
vt 0.235173 0.874686
vt 0.886943 0.895718
vt 0.592425 0.176635
vt 0.599363 0.180492
vt 0.595662 0.189811
vt 0.526174 0.054318
vt 0.278348 0.936416
vt 0.601653 0.974254
vt 0.578624 0.772338
vt 0.582748 0.777395
vt 0.570601 0.776431
vt 0.919257 0.891367
vt 0.343250 0.681144
vt 0.050096 0.657899
vt 0.553002 0.851322
vt 0.573011 0.787268
vt 0.280366 0.647697
vt 0.915721 0.886287
vt 0.152591 0.844624
vt 0.962702 0.097624
vt 0.971277 0.097200
vt 0.973298 0.110794
vt 0.593527 0.462596
vt 0.096270 0.987800
vt 0.102322 0.969173
vt 0.108365 0.989407
vt 0.180970 0.555595
vt 0.190960 0.563795
vt 0.228141 0.873851
vt 0.227011 0.883183
vt 0.968802 0.227454
vt 0.162576 0.524548
vt 0.148236 0.521952
vt 0.555552 0.010898
vt 0.602922 0.920717
vt 0.260350 0.632506
vt 0.267898 0.634423
vt 0.261247 0.641683
vt 0.782703 0.959238
vt 0.297374 0.677263
vt 0.912667 0.878700
vt 0.144051 0.315785
vt 0.153351 0.851485
vt 0.638346 0.446783
vt 0.622182 0.447259
vt 0.866530 0.191314
vt 0.845614 0.202538
vt 0.203230 0.561375
vt 0.774373 0.181850
vt 0.705143 0.035966
vt 0.719163 0.010066
vt 0.721386 0.035966
vt 0.599812 0.212209
vt 0.993384 0.296303
vt 0.982826 0.294163
vt 0.988689 0.286017
vt 0.198881 0.206782
vt 0.376677 0.179680
vt 0.994569 0.253007
vt 0.980135 0.269982
vt 0.970027 0.253398
vt 0.959611 0.700717
vt 0.293234 0.946708
vt 0.543437 0.770398
vt 0.565303 0.769191
vt 0.068293 0.425353
vt 0.056768 0.410530
vt 0.073020 0.409892
vt 0.336649 0.683232
vt 0.236531 0.572129
vt 0.343593 0.660362
vt 0.238142 0.861742
vt 0.047662 0.674134
vt 0.050799 0.685188
vt 0.179292 0.535098
vt 0.397474 0.485147
vt 0.562492 0.850487
vt 0.458654 0.889385
vt 0.471036 0.887583
vt 0.523007 0.012570
vt 0.600179 0.958519
vt 0.271857 0.628565
vt 0.588206 0.786254
vt 0.798128 0.962198
vt 0.279307 0.638043
vt 0.771492 0.948910
vt 0.766241 0.954546
vt 0.908675 0.874003
vt 0.141430 0.814645
vt 0.947970 0.119372
vt 0.237918 0.857680
vt 0.406530 0.004029
vt 0.958816 0.220914
vt 0.999863 0.968582
vt 0.999863 0.988518
vt 0.991261 0.978107
vt 0.136130 0.535993
vt 0.557350 0.867629
vt 0.994280 0.288388
vt 0.977937 0.278322
vt 0.971169 0.294898
vt 0.968213 0.281666
vt 0.778528 0.028562
vt 0.779903 0.035758
vt 0.761429 0.038690
vt 0.127655 0.317441
vt 0.112635 0.308475
vt 0.105405 0.278222
vt 0.853800 0.190566
vt 0.467817 0.086095
vt 0.469160 0.081298
vt 0.231044 0.868298
vt 0.216806 0.894880
vt 0.046505 0.638663
vt 0.044317 0.648840
vt 0.043564 0.623137
vt 0.152524 0.534766
vt 0.614323 0.189272
vt 0.612838 0.182331
vt 0.358580 0.236029
vt 0.370514 0.194470
vt 0.824839 0.303873
vt 0.827738 0.318788
vt 0.803302 0.315465
vt 0.539664 0.759904
vt 0.766319 0.028810
vt 0.576515 0.793998
vt 0.978382 0.923472
vt 0.975507 0.910176
vt 0.987599 0.917994
vt 0.989982 0.905981
vt 0.956627 0.107803
vt 0.838571 0.196471
vt 0.398489 0.003998
vt 0.046379 0.634645
vt 0.416878 0.004696
vt 0.803586 0.973691
vt 0.801013 0.959100
vt 0.804510 0.958262
vt 0.939819 0.229111
vt 0.414841 0.496858
vt 0.572159 0.866052
vt 0.367052 0.196655
vt 0.237195 0.236851
vt 0.993055 0.271741
vt 0.339199 0.176963
vt 0.349577 0.191318
vt 0.332967 0.191717
vt 0.548110 0.798401
vt 0.269336 0.620849
vt 0.276086 0.630676
vt 0.755093 0.015667
vt 0.774407 0.016812
vt 0.991055 0.934445
vt 0.312481 0.697377
vt 0.823010 0.208247
vt 0.044770 0.667059
vt 0.709314 0.006934
vt 0.602690 0.197886
vt 0.016504 0.793571
vt 0.409889 0.933622
vt 0.427771 0.933562
vt 0.418626 0.944715
vt 0.198321 0.204336
vt 0.367479 0.189583
vt 0.762978 0.938566
vt 0.904491 0.877823
vt 0.183171 0.565156
vt 0.340178 0.670028
vt 0.779641 0.205415
vt 0.951169 0.220505
vt 0.364328 0.251991
vt 0.062810 0.786686
vt 0.969505 0.270183
vt 0.014135 0.897080
vt 0.007019 0.884199
vt 0.025928 0.892771
vt 0.800860 0.108517
vt 0.794929 0.112965
vt 0.797107 0.093019
vt 0.819446 0.098011
vt 0.589041 0.793794
vt 0.973939 0.935241
vt 0.790876 0.018755
vt 0.789514 0.005563
vt 0.999049 0.910024
vt 0.605315 0.788192
vt 0.598545 0.794722
vt 0.801128 0.033103
vt 0.788586 0.050157
vt 0.126305 0.091418
vt 0.145541 0.088379
vt 0.146152 0.105579
vt 0.605367 0.795533
vt 0.284226 0.633538
vt 0.130379 0.112837
vt 0.119456 0.098555
vt 0.616445 0.795396
vt 0.621674 0.792841
vt 0.144467 0.122162
vt 0.158041 0.125985
vt 0.608624 0.804140
vt 0.613315 0.798816
vt 0.907187 0.891319
vt 0.162080 0.845068
vt 0.163578 0.847563
vt 0.074883 0.422186
vt 0.079583 0.413867
vt 0.871801 0.176064
vt 0.326010 0.689759
vt 0.228332 0.867415
vt 0.780388 0.210894
vt 0.028981 0.794350
vt 0.352547 0.228748
vt 0.239715 0.247503
vt 0.115875 0.042346
vt 0.104612 0.049178
vt 0.111666 0.034064
vt 0.976232 0.272473
vt 0.786996 0.080918
vt 0.759606 0.117307
vt 0.821437 0.116948
vt 0.999927 0.927991
vt 0.115230 0.114566
vt 0.603628 0.798892
vt 0.106731 0.127351
vt 0.116124 0.134184
vt 0.107013 0.140058
vt 0.716260 0.608527
vt 0.722117 0.600466
vt 0.721698 0.611888
vt 0.707839 0.598363
vt 0.304896 0.666179
vt 0.322825 0.693326
vt 0.113868 0.315068
vt 0.067096 0.393768
vt 0.233795 0.855957
vt 0.783563 0.188379
vt 0.952131 0.203865
vt 0.034647 0.795021
vt 0.972409 0.274480
vt 0.355952 0.173230
vt 0.019315 0.872070
vt 0.027189 0.880869
vt 0.969757 0.744056
vt 0.260249 0.210233
vt 0.266639 0.220210
vt 0.262340 0.219878
vt 0.809503 0.021104
vt 0.271687 0.214013
vt 0.103793 0.109139
vt 0.130406 0.136177
vt 0.925878 0.130675
vt 0.845458 0.191090
vt 0.210049 0.570947
vt 0.346471 0.651640
vt 0.872176 0.974303
vt 0.864119 0.969963
vt 0.866461 0.963531
vt 0.039546 0.660807
vt 0.504898 0.307763
vt 0.516825 0.306427
vt 0.521467 0.315875
vt 0.037229 0.622504
vt 0.607116 0.201631
vt 0.379430 0.478489
vt 0.392496 0.468943
vt 0.498347 0.841281
vt 0.488454 0.874255
vt 0.237548 0.229644
vt 0.988927 0.276201
vt 0.961671 0.275716
vt 0.110843 0.052357
vt 0.259468 0.227451
vt 0.118498 0.771290
vt 0.135782 0.766609
vt 0.124237 0.775104
vt 0.838027 0.099177
vt 0.728122 0.603268
vt 0.159512 0.813097
vt 0.467916 0.833896
vt 0.462082 0.835354
vt 0.456465 0.826027
vt 0.326079 0.716312
vt 0.334497 0.670463
vt 0.221849 0.577211
vt 0.468421 0.094075
vt 0.037194 0.646134
vt 0.939430 0.224464
vt 0.584734 0.853281
vt 0.230797 0.208968
vt 0.708137 0.070621
vt 0.707947 0.083443
vt 0.699827 0.068287
vt 0.254370 0.237392
vt 0.245940 0.246684
vt 0.350208 0.233410
vt 0.367204 0.180640
vt 0.982951 0.274799
vt 0.244276 0.228067
vt 0.135960 0.779907
vt 0.290766 0.636715
vt 0.134451 0.142843
vt 0.711882 0.593195
vt 0.944925 0.108119
vt 0.473102 0.083312
vt 0.587334 0.219101
vt 0.598066 0.223982
vt 0.585907 0.236767
vt 0.350273 0.195040
vt 0.349238 0.205260
vt 0.961053 0.272024
vt 0.347574 0.196231
vt 0.010895 0.907312
vt 0.026062 0.905957
vt 0.111256 0.779697
vt 0.113211 0.799507
vt 0.126777 0.148103
vt 0.107277 0.142403
vt 0.727734 0.617797
vt 0.737732 0.611956
vt 0.628527 0.798700
vt 0.105551 0.286658
vt 0.088656 0.402395
vt 0.093074 0.412864
vt 0.079822 0.405078
vt 0.891876 0.180630
vt 0.453248 0.817369
vt 0.466323 0.822864
vt 0.845784 0.013843
vt 0.833607 0.014470
vt 0.834869 0.000049
vt 0.227361 0.860494
vt 0.215044 0.868932
vt 0.040172 0.654613
vt 0.860341 0.342156
vt 0.867749 0.335940
vt 0.868563 0.347273
vt 0.411433 0.472666
vt 0.037422 0.804008
vt 0.084346 0.054428
vt 0.084157 0.036000
vt 0.706476 0.068652
vt 0.717582 0.071806
vt 0.115644 0.161666
vt 0.301522 0.646729
vt 0.324354 0.676925
vt 0.164366 0.828017
vt 0.161662 0.820992
vt 0.957554 0.097612
vt 0.050324 0.400024
vt 0.935344 0.107967
vt 0.195330 0.572232
vt 0.471408 0.089950
vt 0.511278 0.301362
vt 0.617907 0.201242
vt 0.623685 0.183267
vt 0.624733 0.176816
vt 0.482790 0.888069
vt 0.589628 0.857063
vt 0.722150 0.076067
vt 0.361064 0.182456
vt 0.361159 0.178988
vt 0.505284 0.019221
vt 0.503619 0.011749
vt 0.055120 0.026455
vt 0.064931 0.012444
vt 0.057781 0.035387
vt 0.099256 0.788404
vt 0.277914 0.212866
vt 0.285675 0.208503
vt 0.289666 0.210383
vt 0.121424 0.796396
vt 0.132461 0.798338
vt 0.228457 0.854060
vt 0.827741 0.007652
vt 0.493468 0.302823
vt 0.495812 0.307855
vt 0.379767 0.929132
vt 0.385908 0.924043
vt 0.388548 0.938183
vt 0.427192 0.924130
vt 0.355310 0.254122
vt 0.527291 0.755031
vt 0.095237 0.780583
vt 0.267242 0.205970
vt 0.724069 0.591702
vt 0.900472 0.890139
vt 0.416565 0.316275
vt 0.428551 0.317457
vt 0.423841 0.324947
vt 0.211655 0.883205
vt 0.503730 0.297249
vt 0.395687 0.925435
vt 0.343365 0.201829
vt 0.031531 0.897687
vt 0.107637 0.761267
vt 0.092193 0.809074
vt 0.122553 0.320639
vt 0.096087 0.293923
vt 0.097688 0.268744
vt 0.448509 0.840056
vt 0.469911 0.847936
vt 0.183530 0.572713
vt 0.446597 0.808480
vt 0.456784 0.809908
vt 0.420273 0.494090
vt 0.034509 0.887448
vt 0.784388 0.660595
vt 0.774394 0.636552
vt 0.794113 0.643593
vt 0.124914 0.168524
vt 0.729540 0.599171
vt 0.959561 0.605506
vt 0.957352 0.615774
vt 0.939768 0.612673
vt 0.097449 0.259901
vt 0.042636 0.805077
vt 0.041762 0.794496
vt 0.051684 0.805745
vt 0.818921 0.202049
vt 0.477296 0.085499
vt 0.492784 0.310577
vt 0.482685 0.302133
vt 0.491389 0.306696
vt 0.030224 0.641928
vt 0.603846 0.851592
vt 0.350866 0.251149
vt 0.345090 0.216245
vt 0.277585 0.204960
vt 0.752085 0.621462
vt 0.747056 0.602182
vt 0.737477 0.601534
vt 0.315968 0.664678
vt 0.167948 0.836286
vt 0.078072 0.401171
vt 0.419472 0.323407
vt 0.788307 0.205707
vt 0.857928 0.351975
vt 0.032662 0.628657
vt 0.515651 0.292989
vt 0.920250 0.991085
vt 0.920250 0.978837
vt 0.925410 0.987155
vt 0.183228 0.371950
vt 0.171113 0.369019
vt 0.182384 0.368377
vt 0.497157 0.830536
vt 0.505283 0.838909
vt 0.617253 0.206630
vt 0.614596 0.219876
vt 0.513227 0.843736
vt 0.631426 0.196544
vt 0.053905 0.012638
vt 0.094830 0.738756
vt 0.758208 0.637581
vt 0.781528 0.621289
vt 0.090864 0.748897
vt 0.948487 0.606762
vt 0.101842 0.403850
vt 0.836100 0.185281
vt 0.467776 0.100500
vt 0.457760 0.107663
vt 0.872176 0.987160
vt 0.860565 0.977342
vt 0.472853 0.297385
vt 0.468457 0.307420
vt 0.967034 0.313823
vt 0.963754 0.289680
vt 0.974786 0.310533
vt 0.168835 0.377958
vt 0.725257 0.073876
vt 0.712664 0.064337
vt 0.584938 0.864044
vt 0.594908 0.864152
vt 0.359247 0.260202
vt 0.800063 0.652051
vt 0.940485 0.610274
vt 0.171372 0.842165
vt 0.095505 0.281372
vt 0.062091 0.386675
vt 0.932906 0.114581
vt 0.456275 0.854839
vt 0.448302 0.848217
vt 0.451357 0.803720
vt 0.489865 0.296564
vt 0.414053 0.918912
vt 0.426960 0.917494
vt 0.102285 0.058004
vt 0.837388 0.301590
vt 0.843605 0.310622
vt 0.273318 0.198056
vt 0.751611 0.597208
vt 0.738679 0.590785
vt 0.937137 0.598062
vt 0.928333 0.611626
vt 0.923591 0.600732
vt 0.172024 0.846574
vt 0.928995 0.121112
vt 0.052850 0.792156
vt 0.426044 0.305106
vt 0.340647 0.645938
vt 0.485426 0.299338
vt 0.011423 0.854367
vt 0.020638 0.838370
vt 0.020708 0.850037
vt 0.006497 0.845483
vt 0.003662 0.857437
vt 0.400921 0.451561
vt 0.491307 0.887740
vt 0.596735 0.868052
vt 0.870303 0.272734
vt 0.873447 0.279829
vt 0.864633 0.276671
vt 0.798080 0.639112
vt 0.832839 0.325690
vt 0.807767 0.330557
vt 0.772982 0.611999
vt 0.765292 0.620247
vt 0.122996 0.329391
vt 0.116033 0.327131
vt 0.927222 0.585670
vt 0.936408 0.614957
vt 0.176805 0.837320
vt 0.183011 0.831051
vt 0.186059 0.837384
vt 0.958532 0.085951
vt 0.416780 0.310565
vt 0.474312 0.101515
vt 0.601110 0.244582
vt 0.982313 0.229052
vt 0.973968 0.224352
vt 0.981086 0.215456
vt 0.387906 0.456139
vt 0.600319 0.873296
vt 0.594027 0.882795
vt 0.721630 0.095163
vt 0.876680 0.276615
vt 0.852749 0.294729
vt 0.841749 0.296792
vt 0.017118 0.867651
vt 0.023965 0.870152
vt 0.767772 0.621632
vt 0.267768 0.194416
vt 0.278441 0.200612
vt 0.286421 0.202260
vt 0.306237 0.203864
vt 0.620517 0.066168
vt 0.628466 0.067217
vt 0.629134 0.073597
vt 0.946830 0.604369
vt 0.911366 0.591916
vt 0.912167 0.604738
vt 0.204376 0.583029
vt 0.476973 0.093284
vt 0.610869 0.229164
vt 0.986297 0.228299
vt 0.860985 0.281221
vt 0.861973 0.298570
vt 0.027056 0.875443
vt 0.262981 0.193358
vt 0.948628 0.588884
vt 0.933855 0.582493
vt 0.630458 0.066408
vt 0.996641 0.767306
vt 0.996776 0.763437
vt 0.998428 0.767628
vt 0.173766 0.842625
vt 0.171106 0.839318
vt 0.177693 0.825828
vt 0.901482 0.597704
vt 0.083484 0.396084
vt 0.441078 0.832661
vt 0.467265 0.109611
vt 0.846072 0.021273
vt 0.710986 0.098191
vt 0.016266 0.862234
vt 0.246573 0.191326
vt 0.647793 0.072055
vt 0.312456 0.194667
vt 0.317286 0.202411
vt 0.444582 0.824326
vt 0.196942 0.577983
vt 0.471486 0.104414
vt 0.429741 0.457329
vt 0.071742 0.048655
vt 0.074581 0.055588
vt 0.032583 0.902691
vt 0.286059 0.196884
vt 0.293409 0.190489
vt 0.734562 0.582580
vt 0.728436 0.579736
vt 0.169685 0.829191
vt 0.117329 0.408159
vt 0.109436 0.393268
vt 0.827498 0.021647
vt 0.849456 0.342280
vt 0.852543 0.349280
vt 0.497741 0.289608
vt 0.028969 0.840653
vt 0.037737 0.851757
vt 0.027265 0.852468
vt 0.505435 0.291124
vt 0.971319 0.212409
vt 0.737790 0.076995
vt 0.728767 0.062656
vt 0.732183 0.077685
vt 0.795393 0.627708
vt 0.631073 0.080742
vt 0.915087 0.571749
vt 0.187823 0.828104
vt 0.558383 0.989819
vt 0.543870 0.997838
vt 0.542072 0.983130
vt 0.098439 0.389644
vt 0.091073 0.268784
vt 0.058856 0.802941
vt 0.442494 0.818623
vt 0.448891 0.306737
vt 0.452978 0.296452
vt 0.623644 0.209501
vt 0.632311 0.206085
vt 0.396376 0.438085
vt 0.426034 0.910330
vt 0.031189 0.880572
vt 0.811885 0.625184
vt 0.022251 0.858976
vt 0.775426 0.614052
vt 0.273209 0.189673
vt 0.632224 0.088201
vt 0.950910 0.577218
vt 0.823919 0.188617
vt 0.437255 0.802455
vt 0.445655 0.799811
vt 0.214520 0.583950
vt 0.512857 0.288391
vt 0.613728 0.240904
vt 0.608146 0.250327
vt 0.738142 0.087252
vt 0.877947 0.284800
vt 0.277861 0.187750
vt 0.167145 0.824567
vt 0.090310 0.385699
vt 0.843860 0.178711
vt 0.459187 0.117573
vt 0.839067 0.351805
vt 0.840456 0.334881
vt 0.847049 0.355650
vt 0.439303 0.304088
vt 0.433168 0.313564
vt 0.482100 0.289711
vt 0.484069 0.290883
vt 0.714730 0.101391
vt 0.097183 0.066037
vt 0.110817 0.057525
vt 0.035666 0.873393
vt 0.030464 0.866511
vt 0.796502 0.613558
vt 0.741363 0.582138
vt 0.924143 0.571785
vt 0.104761 0.323525
vt 0.089470 0.287911
vt 0.940810 0.090913
vt 0.434967 0.810460
vt 0.418461 0.299635
vt 0.835526 0.335275
vt 0.864394 0.360600
vt 0.017092 0.834790
vt 0.186196 0.017236
vt 0.176724 0.010354
vt 0.185533 0.001995
vt 0.158357 0.368214
vt 0.163198 0.365184
vt 0.646356 0.093659
vt 0.007757 0.838957
vt 0.161556 0.379220
vt 0.628887 0.210814
vt 0.067550 0.052360
vt 0.070210 0.055851
vt 0.878722 0.298162
vt 0.857068 0.308337
vt 0.846755 0.322172
vt 0.035071 0.884184
vt 0.811349 0.605955
vt 0.266925 0.185779
vt 0.761793 0.585423
vt 0.752719 0.582562
vt 0.169761 0.823998
vt 0.571645 0.992410
vt 0.564980 0.994343
vt 0.570630 0.988911
vt 0.810758 0.193670
vt 0.186157 0.584341
vt 0.490417 0.283688
vt 0.040303 0.826073
vt 0.506643 0.286331
vt 0.984964 0.323981
vt 0.976986 0.297766
vt 0.165379 0.381710
vt 0.630086 0.223845
vt 0.948203 0.568135
vt 0.191149 0.822055
vt 0.949478 0.087244
vt 0.047829 0.816522
vt 0.040526 0.814909
vt 0.621313 0.236770
vt 0.386487 0.900679
vt 0.522934 0.874228
vt 0.631632 0.214708
vt 0.749102 0.076742
vt 0.736914 0.079000
vt 0.032266 0.856325
vt 0.661045 0.079046
vt 0.905703 0.574128
vt 0.975902 0.669551
vt 0.973682 0.659087
vt 0.975743 0.660762
vt 0.278536 0.727284
vt 0.264974 0.710671
vt 0.277485 0.715269
vt 0.917906 0.133613
vt 0.914971 0.121379
vt 0.064369 0.789124
vt 0.069582 0.791127
vt 0.064381 0.798081
vt 0.815673 0.183574
vt 0.199366 0.589363
vt 0.821263 0.338079
vt 0.829009 0.337770
vt 0.822685 0.342880
vt 0.428489 0.290287
vt 0.439702 0.291425
vt 0.445504 0.297909
vt 0.851584 0.360636
vt 0.156800 0.385081
vt 0.627187 0.229407
vt 0.406940 0.905275
vt 0.608780 0.881861
vt 0.783286 0.611353
vt 0.784269 0.598011
vt 0.634193 0.099519
vt 0.329195 0.185083
vt 0.108649 0.332801
vt 0.573032 0.990314
vt 0.096726 0.310628
vt 0.436555 0.824883
vt 0.406125 0.309145
vt 0.465752 0.117770
vt 0.476337 0.110098
vt 0.438638 0.297261
vt 0.875576 0.361869
vt 0.152645 0.372869
vt 0.376118 0.905938
vt 0.882030 0.282041
vt 0.103948 0.068492
vt 0.039719 0.900162
vt 0.046447 0.861704
vt 0.892986 0.583390
vt 0.570689 0.985085
vt 0.089747 0.300357
vt 0.206810 0.591770
vt 0.484122 0.284986
vt 0.162748 0.388403
vt 0.958547 0.211588
vt 0.967812 0.207096
vt 0.594641 0.894948
vt 0.610431 0.891589
vt 0.074591 0.062708
vt 0.720624 0.108246
vt 0.086445 0.065874
vt 0.040051 0.888960
vt 0.042325 0.894072
vt 0.490265 0.453204
vt 0.504732 0.451683
vt 0.493193 0.464824
vt 0.298309 0.187141
vt 0.931660 0.562380
vt 0.583640 0.984636
vt 0.581693 0.997660
vt 0.080448 0.377835
vt 0.435524 0.800573
vt 0.407942 0.301179
vt 0.462308 0.127051
vt 0.470551 0.112403
vt 0.464854 0.284235
vt 0.149770 0.353827
vt 0.742083 0.080425
vt 0.726940 0.106024
vt 0.863536 0.317028
vt 0.033781 0.910704
vt 0.052083 0.864593
vt 0.901536 0.569793
vt 0.883634 0.591312
vt 0.084262 0.374469
vt 0.919788 0.115058
vt 0.435065 0.838324
vt 0.436964 0.285002
vt 0.481955 0.283391
vt 0.495991 0.278701
vt 0.155158 0.382611
vt 0.367544 0.925397
vt 0.617019 0.250935
vt 0.526737 0.860979
vt 0.254461 0.030795
vt 0.264770 0.030795
vt 0.254813 0.057962
vt 0.078078 0.063816
vt 0.110453 0.070629
vt 0.476543 0.464314
vt 0.043722 0.876389
vt 0.786782 0.602656
vt 0.807263 0.592462
vt 0.890712 0.018425
vt 0.894025 0.048111
vt 0.875472 0.023718
vt 0.653906 0.107495
vt 0.031241 0.540931
vt 0.036331 0.533925
vt 0.044969 0.543383
vt 0.048002 0.537604
vt 0.314102 0.190305
vt 0.322623 0.185352
vt 0.569835 0.979814
vt 0.440275 0.846463
vt 0.807335 0.188722
vt 0.186307 0.590470
vt 0.468776 0.117806
vt 0.473218 0.115710
vt 0.829974 0.352021
vt 0.845222 0.367938
vt 0.153822 0.398906
vt 0.154574 0.389121
vt 0.149553 0.378912
vt 0.624146 0.243156
vt 0.147763 0.365227
vt 0.199195 0.627916
vt 0.196270 0.637237
vt 0.194012 0.627447
vt 0.760666 0.069891
vt 0.252669 0.179231
vt 0.024139 0.535571
vt 0.666286 0.096294
vt 0.673054 0.077043
vt 0.318326 0.184443
vt 0.915570 0.564725
vt 0.916599 0.552827
vt 0.910045 0.554399
vt 0.900422 0.551697
vt 0.898482 0.556497
vt 0.097067 0.319269
vt 0.072558 0.800146
vt 0.854331 0.369752
vt 0.029747 0.828975
vt 0.505610 0.894974
vt 0.505003 0.883743
vt 0.509832 0.893182
vt 0.618034 0.259603
vt 0.987659 0.204208
vt 0.979917 0.200840
vt 0.747764 0.084495
vt 0.857501 0.315800
vt 0.509723 0.457829
vt 0.903621 0.038142
vt 0.770609 0.575599
vt 0.905730 0.561624
vt 0.572304 0.981731
vt 0.075781 0.378283
vt 0.936445 0.098015
vt 0.188094 0.600228
vt 0.202407 0.596812
vt 0.839194 0.362214
vt 0.150591 0.416168
vt 0.145878 0.413360
vt 0.152048 0.413955
vt 0.452221 0.287591
vt 0.010927 0.827372
vt 0.245887 0.007057
vt 0.237376 0.015595
vt 0.240469 0.006101
vt 0.249310 0.014874
vt 0.885308 0.296114
vt 0.010488 0.526013
vt 0.021999 0.518446
vt 0.877483 0.046458
vt 0.769947 0.587414
vt 0.889765 0.557970
vt 0.894974 0.540377
vt 0.909278 0.126364
vt 0.921835 0.110856
vt 0.070462 0.806900
vt 0.076779 0.784754
vt 0.479457 0.279244
vt 0.980108 0.330636
vt 0.337374 0.967957
vt 0.343099 0.983686
vt 0.337665 0.987664
vt 0.148110 0.369843
vt 0.198528 0.621604
vt 0.754276 0.076779
vt 0.413102 0.895320
vt 0.680013 0.115145
vt 0.669340 0.103070
vt 0.676151 0.098251
vt 0.664881 0.107133
vt 0.894212 0.062436
vt 0.673295 0.098122
vt 0.926497 0.558268
vt 0.999964 0.780529
vt 0.996675 0.784012
vt 0.996585 0.780529
vt 0.895234 0.568245
vt 0.891861 0.574949
vt 0.271733 0.731954
vt 0.261540 0.720164
vt 0.923540 0.106448
vt 0.147781 0.403826
vt 0.154897 0.406132
vt 0.950704 0.199148
vt 0.958472 0.195121
vt 0.205672 0.627913
vt 0.720328 0.116120
vt 0.724621 0.114315
vt 0.427461 0.891782
vt 0.097289 0.077109
vt 0.851720 0.328203
vt 0.045644 0.893269
vt 0.049786 0.883063
vt 0.047158 0.852117
vt 0.668098 0.111713
vt 0.662604 0.111578
vt 0.316601 0.180507
vt 0.323897 0.184290
vt 0.321836 0.180234
vt 0.927938 0.534808
vt 0.975891 0.646004
vt 0.977859 0.652061
vt 0.975063 0.648670
vt 0.564936 0.970035
vt 0.041983 0.822978
vt 0.061605 0.811757
vt 0.195065 0.603427
vt 0.811824 0.349929
vt 0.414949 0.290816
vt 0.424474 0.284110
vt 0.147178 0.415876
vt 0.862827 0.371437
vt 0.021654 0.828596
vt 0.148639 0.391047
vt 0.752956 0.085162
vt 0.900873 0.044479
vt 0.680006 0.088639
vt 0.956157 0.561408
vt 0.975419 0.654186
vt 0.550460 0.964687
vt 0.097885 0.377725
vt 0.431899 0.831431
vt 0.470629 0.125324
vt 0.634507 0.243194
vt 0.206835 0.618912
vt 0.190945 0.614723
vt 0.745112 0.110068
vt 0.750143 0.096177
vt 0.878837 0.312177
vt 0.106973 0.077556
vt 0.046805 0.905782
vt 0.493699 0.472965
vt 0.487807 0.475599
vt 0.787111 0.590053
vt 0.800187 0.586930
vt 0.777858 0.590996
vt 0.039673 0.519947
vt 0.877332 0.070332
vt 0.680288 0.093024
vt 0.898392 0.052235
vt 0.042872 0.529628
vt 0.062813 0.534361
vt 0.328500 0.185021
vt 0.996622 0.776639
vt 0.979452 0.656148
vt 0.978945 0.660628
vt 0.978673 0.658056
vt 0.577964 0.977941
vt 0.109017 0.376843
vt 0.058299 0.822843
vt 0.428198 0.804403
vt 0.432218 0.801046
vt 0.432047 0.795213
vt 0.813279 0.340876
vt 0.016859 0.828342
vt 0.964541 0.190234
vt 0.197804 0.606124
vt 0.103151 0.076283
vt 0.515820 0.464701
vt 0.497897 0.471983
vt 0.653741 0.124830
vt 0.686190 0.086978
vt 0.261741 0.991879
vt 0.263207 0.983302
vt 0.266579 0.989156
vt 0.951119 0.555770
vt 0.986273 0.517170
vt 0.969865 0.510756
vt 0.988917 0.506985
vt 0.954665 0.535425
vt 0.944461 0.544047
vt 0.938800 0.534621
vt 0.064955 0.541508
vt 0.979976 0.492162
vt 0.940045 0.547127
vt 0.970201 0.641605
vt 0.974395 0.655975
vt 0.051609 0.828705
vt 0.071503 0.819680
vt 0.083113 0.797848
vt 0.430772 0.279167
vt 0.848080 0.376542
vt 0.140368 0.417544
vt 0.442742 0.281189
vt 0.869838 0.374417
vt 0.363649 0.903534
vt 0.142411 0.374091
vt 0.628892 0.253144
vt 0.146213 0.351487
vt 0.971302 0.197269
vt 0.529908 0.863965
vt 0.739607 0.113604
vt 0.089497 0.073728
vt 0.865667 0.324827
vt 0.050057 0.898323
vt 0.783100 0.590610
vt 0.664563 0.118370
vt 0.952133 0.549413
vt 0.977138 0.637559
vt 0.050907 0.525553
vt 0.059656 0.519520
vt 0.065187 0.531538
vt 0.973034 0.652590
vt 0.572483 0.973798
vt 0.584161 0.980403
vt 0.052322 0.377083
vt 0.063450 0.366518
vt 0.085771 0.784947
vt 0.437776 0.274337
vt 0.018725 0.822530
vt 0.144182 0.365960
vt 0.062626 0.065174
vt 0.407908 0.894238
vt 0.892054 0.306091
vt 0.056564 0.873097
vt 0.267049 0.982315
vt 0.976660 0.522516
vt 0.935359 0.538350
vt 0.890520 0.987004
vt 0.885724 0.990488
vt 0.884135 0.980912
vt 0.269771 0.760786
vt 0.265127 0.752188
vt 0.272203 0.753359
vt 0.808664 0.179105
vt 0.464309 0.133418
vt 0.137741 0.416526
vt 0.442105 0.290345
vt 0.022967 0.821376
vt 0.193333 0.643798
vt 0.211374 0.649953
vt 0.207297 0.655165
vt 0.771434 0.063027
vt 0.758623 0.081914
vt 0.213660 0.628447
vt 0.723489 0.119838
vt 0.417836 0.888251
vt 0.886633 0.309984
vt 0.660963 0.124077
vt 0.286833 0.581942
vt 0.295006 0.583829
vt 0.277493 0.591333
vt 0.084713 0.620991
vt 0.092798 0.620966
vt 0.088290 0.625254
vt 0.960074 0.519705
vt 0.953268 0.511996
vt 0.577889 0.010378
vt 0.576444 0.014827
vt 0.571633 0.008492
vt 0.572669 0.024546
vt 0.534296 0.691196
vt 0.529264 0.692959
vt 0.525705 0.682494
vt 0.980256 0.625388
vt 0.975290 0.632770
vt 0.972665 0.633658
vt 0.979571 0.632840
vt 0.979924 0.630226
vt 0.276131 0.738714
vt 0.269041 0.742761
vt 0.179671 0.597807
vt 0.496449 0.894815
vt 0.012574 0.821786
vt 0.140804 0.368684
vt 0.970761 0.191897
vt 0.214678 0.640255
vt 0.756100 0.087221
vt 0.083095 0.070929
vt 0.277613 0.612509
vt 0.295654 0.596500
vt 0.047077 0.519748
vt 0.092776 0.626786
vt 0.090088 0.632968
vt 0.517197 0.696148
vt 0.523291 0.694865
vt 0.521042 0.709783
vt 0.532037 0.682001
vt 0.537930 0.691714
vt 0.540989 0.689512
vt 0.093282 0.330470
vt 0.071729 0.366332
vt 0.016175 0.502191
vt 0.008555 0.498474
vt 0.017352 0.498259
vt 0.980686 0.191113
vt 0.137851 0.347854
vt 0.776998 0.067943
vt 0.074041 0.076434
vt 0.210341 0.608714
vt 0.205033 0.599318
vt 0.050897 0.902050
vt 0.053215 0.889823
vt 0.487696 0.480201
vt 0.034613 0.513724
vt 0.568067 0.010784
vt 0.543159 0.685102
vt 0.073449 0.553948
vt 0.075885 0.546842
vt 0.075866 0.551553
vt 0.073791 0.541032
vt 0.076788 0.536463
vt 0.575029 0.969142
vt 0.580567 0.975216
vt 0.259937 0.732938
vt 0.907770 0.118509
vt 0.929581 0.088953
vt 0.823601 0.365026
vt 0.143715 0.432225
vt 0.624532 0.261235
vt 0.218263 0.628471
vt 0.858959 0.333661
vt 0.494652 0.481086
vt 0.665837 0.132550
vt 0.777515 0.584283
vt 0.261058 0.976116
vt 0.265952 0.976070
vt 0.913130 0.026954
vt 0.907841 0.030101
vt 0.898585 0.021163
vt 0.908540 0.017714
vt 0.488316 0.037604
vt 0.496102 0.045985
vt 0.485053 0.050898
vt 0.959586 0.625321
vt 0.962053 0.629681
vt 0.998072 0.865168
vt 0.999721 0.861633
vt 0.999955 0.875054
vt 0.082868 0.555098
vt 0.075064 0.531033
vt 0.912110 0.110139
vt 0.851520 0.387275
vt 0.134249 0.408137
vt 0.006533 0.818233
vt 0.009075 0.816152
vt 0.234714 0.129861
vt 0.247631 0.136485
vt 0.243955 0.145621
vt 0.511720 0.905662
vt 0.217308 0.620123
vt 0.076980 0.078939
vt 0.089528 0.077947
vt 0.504545 0.475908
vt 0.026974 0.506420
vt 0.004847 0.121222
vt 0.008100 0.117316
vt 0.010932 0.117959
vt 0.786335 0.581268
vt 0.949745 0.519765
vt 0.076794 0.562108
vt 0.272220 0.776654
vt 0.267609 0.777127
vt 0.261913 0.766942
vt 0.082653 0.545046
vt 0.631226 0.578680
vt 0.616084 0.571619
vt 0.632573 0.565245
vt 0.426044 0.826044
vt 0.807455 0.338319
vt 0.816583 0.358128
vt 0.829811 0.366467
vt 0.429033 0.271676
vt 0.002861 0.506027
vt 0.008615 0.514576
vt 0.000195 0.511927
vt 0.210472 0.599112
vt 0.878657 0.319055
vt 0.503013 0.724936
vt 0.507771 0.718523
vt 0.509852 0.722519
vt 0.470600 0.063103
vt 0.468450 0.054172
vt 0.478857 0.059099
vt 0.036556 0.509842
vt 0.527933 0.675705
vt 0.532480 0.678170
vt 0.075201 0.526142
vt 0.577306 0.966115
vt 0.255713 0.709744
vt 0.421962 0.273379
vt 0.465077 0.272389
vt 0.450571 0.260403
vt 0.444091 0.268328
vt 0.438205 0.260600
vt 0.126128 0.376851
vt 0.016348 0.817329
vt 0.134058 0.356202
vt 0.412746 0.888977
vt 0.216570 0.600338
vt 0.060811 0.878325
vt 0.484892 0.491052
vt 0.476843 0.483975
vt 0.481140 0.486659
vt 0.281849 0.570405
vt 0.264955 0.583423
vt 0.797205 0.582588
vt 0.513622 0.707710
vt 0.514029 0.717822
vt 0.947967 0.523124
vt 0.093749 0.633911
vt 0.091491 0.638960
vt 0.487122 0.059825
vt 0.906079 0.035310
vt 0.889138 0.012694
vt 0.501723 0.042697
vt 0.495090 0.057838
vt 0.517163 0.686858
vt 0.258544 0.758029
vt 0.919547 0.101031
vt 0.419850 0.818650
vt 0.095154 0.325694
vt 0.086638 0.323750
vt 0.091429 0.308955
vt 0.476134 0.137568
vt 0.799799 0.351668
vt 0.798413 0.335781
vt 0.430036 0.265025
vt 0.135964 0.368174
vt 0.507247 0.905588
vt 0.235126 0.148201
vt 0.203668 0.668671
vt 0.210114 0.660935
vt 0.988119 0.114333
vt 0.979841 0.102089
vt 0.986682 0.099460
vt 0.225861 0.622948
vt 0.223424 0.628621
vt 0.761563 0.088007
vt 0.047353 0.918305
vt 0.035419 0.919248
vt 0.042189 0.914270
vt 0.213487 0.591027
vt 0.229004 0.613060
vt 0.226316 0.602472
vt 0.232904 0.604277
vt 0.236518 0.606155
vt 0.058184 0.898254
vt 0.514365 0.472158
vt 0.000143 0.118586
vt 0.001115 0.110412
vt 0.478298 0.061430
vt 0.095187 0.630655
vt 0.909669 0.002165
vt 0.424888 0.829941
vt 0.077638 0.808325
vt 0.423827 0.791855
vt 0.818557 0.368707
vt 0.133531 0.417643
vt 0.014607 0.806135
vt 0.130911 0.365876
vt 0.109245 0.021897
vt 0.109245 0.032344
vt 0.105745 0.023858
vt 0.219841 0.136961
vt 0.129429 0.348449
vt 0.391336 0.886646
vt 0.005156 0.368388
vt 0.013336 0.363014
vt 0.010590 0.370199
vt 0.765520 0.081441
vt 0.075018 0.082773
vt 0.231002 0.618822
vt 0.101817 0.086499
vt 0.053645 0.901611
vt 0.481383 0.489830
vt 0.011693 0.113609
vt 0.465601 0.049819
vt 0.471423 0.047166
vt 0.096238 0.627298
vt 0.505994 0.707982
vt 0.098335 0.642862
vt 0.089111 0.648115
vt 0.520875 0.040973
vt 0.085137 0.534979
vt 0.257777 0.739560
vt 0.087675 0.363382
vt 0.259827 0.702962
vt 0.405514 0.287420
vt 0.475143 0.146510
vt 0.843657 0.377894
vt 0.447491 0.252109
vt 0.257729 0.134414
vt 0.258006 0.147549
vt 0.492135 0.906697
vt 0.132466 0.371291
vt 0.981254 0.185739
vt 0.424999 0.659151
vt 0.423855 0.651846
vt 0.427911 0.647012
vt 0.980800 0.095841
vt 0.424185 0.643757
vt 0.742615 0.122255
vt 0.426105 0.635325
vt 0.432923 0.644623
vt 0.765245 0.087644
vt 0.429767 0.632439
vt 0.422392 0.632524
vt 0.902319 0.309265
vt 0.895677 0.313321
vt 0.245200 0.608288
vt 0.868453 0.329147
vt 0.867632 0.333470
vt 0.063987 0.884796
vt 0.061124 0.889959
vt 0.500758 0.729635
vt 0.498166 0.719337
vt 0.018876 0.123747
vt 0.022327 0.120315
vt 0.097536 0.627236
vt 0.096485 0.625783
vt 0.098969 0.622903
vt 0.476362 0.044512
vt 0.098997 0.634975
vt 0.289828 0.617254
vt 0.510831 0.697455
vt 0.262134 0.785266
vt 0.262534 0.775134
vt 0.425004 0.798380
vt 0.465865 0.143232
vt 0.412625 0.276796
vt 0.455202 0.325063
vt 0.461560 0.313330
vt 0.461473 0.321587
vt 0.124405 0.386533
vt 0.497577 0.907821
vt 0.426154 0.670500
vt 0.434784 0.667658
vt 0.011721 0.354235
vt 0.226197 0.637856
vt 0.408326 0.888430
vt 0.421602 0.617890
vt 0.239934 0.623059
vt 0.226980 0.593820
vt 0.523568 0.468857
vt 0.515639 0.485092
vt 0.506273 0.487830
vt 0.256342 0.579106
vt 0.460382 0.484304
vt 0.010796 0.109613
vt 0.029407 0.106497
vt 0.029936 0.123111
vt 0.484742 0.064013
vt 0.491287 0.063497
vt 0.500475 0.062730
vt 0.076142 0.362369
vt 0.932184 0.082037
vt 0.432427 0.851375
vt 0.430945 0.840267
vt 0.465721 0.318556
vt 0.467475 0.329381
vt 0.020275 0.502261
vt 0.019606 0.495076
vt 0.024298 0.496622
vt 0.420506 0.678594
vt 0.970328 0.185149
vt 0.408419 0.651083
vt 0.930689 0.983469
vt 0.935339 0.988987
vt 0.931817 0.989864
vt 0.933034 0.980914
vt 0.110669 0.082332
vt 0.112100 0.086025
vt 0.110377 0.088901
vt 0.108493 0.088556
vt 0.277746 0.562710
vt 0.011949 0.104505
vt 0.025423 0.167912
vt 0.025698 0.178509
vt 0.014685 0.185161
vt 0.118744 0.401486
vt 0.248585 0.142654
vt 0.984550 0.185617
vt 0.216572 0.153428
vt 0.222895 0.654783
vt 0.955340 0.448993
vt 0.954487 0.456404
vt 0.951882 0.446873
vt 0.948408 0.448897
vt 0.089547 0.088458
vt 0.417733 0.633471
vt 0.948407 0.453206
vt 0.944923 0.454658
vt 0.247474 0.613913
vt 0.943078 0.982132
vt 0.880872 0.322790
vt 0.518803 0.482584
vt 0.510725 0.682027
vt 0.257415 0.774389
vt 0.274035 0.766641
vt 0.074658 0.523019
vt 0.077718 0.510267
vt 0.089472 0.508651
vt 0.614978 0.585839
vt 0.082816 0.806762
vt 0.080981 0.295441
vt 0.079653 0.310263
vt 0.013816 0.176139
vt 0.183467 0.615372
vt 0.443386 0.312381
vt 0.002598 0.519223
vt 0.024460 0.503838
vt 0.216633 0.657063
vt 0.017430 0.368444
vt 0.016263 0.374587
vt 0.755270 0.115819
vt 0.044398 0.937826
vt 0.111743 0.091854
vt 0.479877 0.496843
vt 0.014519 0.104872
vt 0.486790 0.071133
vt 0.098976 0.652142
vt 0.258284 0.781504
vt 0.086745 0.545738
vt 0.971123 0.820962
vt 0.977789 0.807849
vt 0.982020 0.834187
vt 0.052707 0.359396
vt 0.425555 0.785776
vt 0.126247 0.364765
vt 0.871668 0.335910
vt 0.529912 0.465366
vt 0.534681 0.470033
vt 0.473850 0.072392
vt 0.482582 0.077467
vt 0.106133 0.623835
vt 0.494488 0.078477
vt 0.264834 0.611523
vt 0.504898 0.071750
vt 0.090644 0.655453
vt 0.991378 0.812263
vt 0.251586 0.718259
vt 0.063503 0.836607
vt 0.065491 0.822935
vt 0.424505 0.835945
vt 0.831176 0.378781
vt 0.016918 0.517084
vt 0.021763 0.510611
vt 0.001611 0.805284
vt 0.208148 0.671988
vt 0.216759 0.662974
vt 0.766178 0.102990
vt 0.033332 0.935059
vt 0.026681 0.924889
vt 0.932977 0.994924
vt 0.930788 0.994579
vt 0.942336 0.993894
vt 0.882094 0.329487
vt 0.535877 0.468177
vt 0.536671 0.486199
vt 0.518811 0.496814
vt 0.250471 0.605858
vt 0.250112 0.592340
vt 0.094088 0.663580
vt 0.088219 0.663379
vt 0.525133 0.062930
vt 0.089095 0.569398
vt 0.101332 0.520397
vt 0.254043 0.747362
vt 0.909510 0.103300
vt 0.077686 0.817466
vt 0.473069 0.151447
vt 0.824824 0.379368
vt 0.694591 0.516643
vt 0.695481 0.504825
vt 0.711377 0.511902
vt 0.123846 0.354675
vt 0.015782 0.384606
vt 0.026913 0.386112
vt 0.239576 0.635607
vt 0.055687 0.944562
vt 0.043216 0.952249
vt 0.246215 0.626024
vt 0.952013 0.460635
vt 0.899106 0.325089
vt 0.883212 0.335121
vt 0.020820 0.918107
vt 0.224244 0.581957
vt 0.635287 0.341458
vt 0.632458 0.348306
vt 0.625665 0.341512
vt 0.988543 0.343295
vt 0.984379 0.351045
vt 0.983578 0.342281
vt 0.978288 0.344353
vt 0.977574 0.340523
vt 0.109556 0.093255
vt 0.006737 0.631731
vt 0.004069 0.626892
vt 0.010998 0.624846
vt 0.253380 0.574621
vt 0.247185 0.766183
vt 0.092025 0.353740
vt 0.902819 0.111516
vt 0.089321 0.807653
vt 0.024813 0.161474
vt 0.489993 0.136383
vt 0.996564 0.759237
vt 0.998874 0.756056
vt 0.999985 0.761695
vt 0.472131 0.315368
vt 0.487133 0.898500
vt 0.495417 0.887712
vt 0.961126 0.456713
vt 0.401981 0.643284
vt 0.625475 0.349464
vt 0.638454 0.350441
vt 0.975848 0.342990
vt 0.017484 0.628720
vt 0.009599 0.613541
vt 0.488605 0.082488
vt 0.495742 0.710625
vt 0.498367 0.704488
vt 0.500784 0.698459
vt 0.088023 0.671483
vt 0.520041 0.668884
vt 0.512810 0.669875
vt 0.527879 0.667697
vt 0.538739 0.668429
vt 0.254927 0.777524
vt 0.611103 0.425601
vt 0.623385 0.420564
vt 0.622902 0.427259
vt 0.628979 0.429557
vt 0.620107 0.444693
vt 0.479970 0.313432
vt 0.487399 0.317557
vt 0.436373 0.244762
vt 0.482863 0.328986
vt 0.424518 0.256998
vt 0.122748 0.363078
vt 0.237912 0.647699
vt 0.199645 0.166690
vt 0.195535 0.154318
vt 0.080060 0.095846
vt 0.957965 0.470881
vt 0.892481 0.333371
vt 0.412269 0.630484
vt 0.979396 0.335445
vt 0.540164 0.471911
vt 0.009702 0.638693
vt 0.016979 0.617714
vt 0.103685 0.651399
vt 0.246163 0.730963
vt 0.926505 0.087182
vt 0.420971 0.795129
vt 0.020906 0.154499
vt 0.032107 0.157280
vt 0.469876 0.159612
vt 0.458631 0.385033
vt 0.460589 0.372604
vt 0.463276 0.377171
vt 0.118779 0.367484
vt 0.417812 0.620147
vt 0.949878 0.472855
vt 0.028082 0.935944
vt 0.403174 0.636331
vt 0.633661 0.351370
vt 0.970490 0.342292
vt 0.971609 0.338060
vt 0.987673 0.359917
vt 0.554704 0.471125
vt 0.551570 0.474827
vt 0.544676 0.473143
vt 0.509035 0.508690
vt 0.276579 0.552981
vt 0.460909 0.270224
vt 0.463804 0.260612
vt 0.463523 0.269429
vt 0.023740 0.101105
vt 0.474176 0.080263
vt 0.251243 0.583821
vt 0.499537 0.087812
vt 0.108570 0.639210
vt 0.490471 0.692766
vt 0.018112 0.150619
vt 0.022756 0.149177
vt 0.808477 0.367772
vt 0.451048 0.239515
vt 0.427004 0.253575
vt 0.868025 0.384907
vt 0.265555 0.143327
vt 0.262529 0.165189
vt 0.246155 0.158968
vt 0.500114 0.911650
vt 0.014739 0.388146
vt 0.025394 0.391451
vt 0.400539 0.664895
vt 0.017315 0.356526
vt 0.035650 0.943892
vt 0.249987 0.612965
vt 0.254570 0.617502
vt 0.015662 0.931003
vt 0.020718 0.922333
vt 0.023770 0.933154
vt 0.559518 0.469019
vt 0.549817 0.463868
vt 0.012974 0.925468
vt 0.014950 0.948800
vt 0.994501 0.364195
vt 0.870489 0.341394
vt 0.551809 0.045899
vt 0.555299 0.039173
vt 0.560310 0.047971
vt 0.113693 0.097520
vt 0.527290 0.500714
vt 0.488216 0.516721
vt 0.467340 0.259952
vt 0.472460 0.269317
vt 0.458154 0.493996
vt 0.492937 0.082932
vt 0.090371 0.548060
vt 0.419625 0.832185
vt 0.678865 0.535875
vt 0.676710 0.546872
vt 0.665687 0.527872
vt 0.224854 0.161125
vt 0.028211 0.367932
vt 0.021302 0.356596
vt 0.216556 0.164323
vt 0.409803 0.629637
vt 0.100862 0.099038
vt 0.258537 0.615603
vt 0.566501 0.474231
vt 0.558321 0.481196
vt 0.271580 0.614829
vt 0.255285 0.628705
vt 0.883315 0.344566
vt 0.878947 0.349061
vt 0.543132 0.482642
vt 0.524151 0.503529
vt 0.063950 0.353434
vt 0.061118 0.348063
vt 0.071377 0.351337
vt 0.489077 0.718990
vt 0.548206 0.059741
vt 0.531768 0.065419
vt 0.967655 0.577360
vt 0.963428 0.573334
vt 0.983623 0.579051
vt 0.106884 0.506046
vt 0.250854 0.753586
vt 0.067921 0.357286
vt 0.902051 0.122011
vt 0.477903 0.151176
vt 0.845111 0.387796
vt 0.418322 0.687259
vt 0.407847 0.679260
vt 0.029472 0.376753
vt 0.987306 0.091152
vt 0.247495 0.637142
vt 0.951694 0.484723
vt 0.007322 0.953723
vt 0.007322 0.969847
vt 0.002540 0.961066
vt 0.017408 0.941993
vt 0.641844 0.350161
vt 0.638618 0.353151
vt 0.550037 0.483563
vt 0.507184 0.518238
vt 0.478021 0.265200
vt 0.475682 0.274090
vt 0.090264 0.679047
vt 0.084741 0.680680
vt 0.100308 0.670880
vt 0.249521 0.762682
vt 0.246463 0.738348
vt 0.045237 0.836233
vt 0.060233 0.845260
vt 0.042383 0.844457
vt 0.083962 0.815575
vt 0.842567 0.388399
vt 0.421467 0.265348
vt 0.446177 0.377653
vt 0.462316 0.369348
vt 0.697582 0.531874
vt 0.730127 0.504932
vt 0.721291 0.517539
vt 0.019440 0.351838
vt 0.037115 0.959391
vt 0.089448 0.095183
vt 0.118237 0.984990
vt 0.111546 0.982554
vt 0.117449 0.964715
vt 0.021190 0.947446
vt 0.624277 0.354995
vt 0.976560 0.358553
vt 0.477475 0.259999
vt 0.497631 0.089643
vt 0.486394 0.110818
vt 0.493602 0.697705
vt 0.965112 0.569276
vt 0.979828 0.130952
vt 0.987575 0.137001
vt 0.978736 0.150703
vt 0.991207 0.841559
vt 0.621923 0.594448
vt 0.617659 0.597232
vt 0.909741 0.091716
vt 0.611609 0.412515
vt 0.623190 0.412090
vt 0.612838 0.419605
vt 0.626160 0.437472
vt 0.633104 0.425045
vt 0.631898 0.444699
vt 0.027544 0.016366
vt 0.027544 0.037381
vt 0.020286 0.028847
vt 0.686967 0.527123
vt 0.737872 0.517240
vt 0.237149 0.657854
vt 0.981180 0.084901
vt 0.983259 0.084708
vt 0.042699 0.969852
vt 0.030067 0.948133
vt 0.521038 0.768344
vt 0.516872 0.779789
vt 0.513060 0.765456
vt 0.635367 0.360158
vt 0.018154 0.639689
vt 0.253487 0.563395
vt 0.516971 0.080183
vt 0.494776 0.700359
vt 0.252040 0.774005
vt 0.968682 0.841279
vt 0.082946 0.354746
vt 0.237355 0.164731
vt 0.491011 0.915144
vt 0.203057 0.173470
vt 0.192038 0.175717
vt 0.966739 0.474149
vt 0.559842 0.055713
vt 0.403319 0.629917
vt 0.414253 0.617073
vt 0.642012 0.351697
vt 0.640623 0.359832
vt 0.013132 0.953844
vt 0.007429 0.942404
vt 0.009002 0.236081
vt 0.005802 0.242162
vt 0.001585 0.241159
vt 0.968503 0.351614
vt 0.520851 0.509391
vt 0.592061 0.357502
vt 0.586254 0.352508
vt 0.591067 0.346530
vt 0.480240 0.271450
vt 0.488158 0.709309
vt 0.954735 0.588170
vt 0.963292 0.567297
vt 0.953261 0.569418
vt 0.786269 0.350124
vt 0.430389 0.243908
vt 0.441635 0.238662
vt 0.460847 0.367393
vt 0.016121 0.347298
vt 0.196681 0.184880
vt 0.424237 0.607360
vt 0.969204 0.490866
vt 0.950358 0.491569
vt 0.505600 0.762640
vt 0.527474 0.749090
vt 0.532001 0.496282
vt 0.597883 0.359808
vt 0.598627 0.363661
vt 0.281086 0.546611
vt 0.261499 0.547447
vt 0.463684 0.250076
vt 0.484069 0.720795
vt 0.103464 0.662900
vt 0.072368 0.007129
vt 0.072368 0.019992
vt 0.067179 0.019448
vt 0.894745 0.110190
vt 0.920403 0.083841
vt 0.070188 0.835086
vt 0.036509 0.151852
vt 0.412415 0.262175
vt 0.452153 0.362531
vt 0.857683 0.392500
vt 0.691583 0.544051
vt 0.413186 0.689947
vt 0.222741 0.669596
vt 0.212696 0.174779
vt 0.019024 0.345057
vt 0.252585 0.644680
vt 0.026783 0.959242
vt 0.964825 0.505790
vt 0.565824 0.037837
vt 0.009322 0.250262
vt 0.023382 0.638661
vt 0.271363 0.538772
vt 0.460236 0.251406
vt 0.057936 0.337263
vt 0.081065 0.347246
vt 0.573780 0.353125
vt 0.571685 0.342438
vt 0.112032 0.647141
vt 0.537912 0.072400
vt 0.239774 0.707934
vt 0.086630 0.810884
vt 0.409774 0.775889
vt 0.035671 0.161800
vt 0.833025 0.388323
vt 0.849031 0.393916
vt 0.715158 0.526415
vt 0.251253 0.170573
vt 0.223040 0.166325
vt 0.759446 0.507959
vt 0.764045 0.520034
vt 0.752190 0.517752
vt 0.398722 0.655230
vt 0.974209 0.496156
vt 0.023962 0.952544
vt 0.610111 0.359716
vt 0.624304 0.363987
vt 0.626372 0.359838
vt 0.645944 0.358992
vt 0.013468 0.246776
vt 0.584984 0.356244
vt 0.490371 0.265714
vt 0.489273 0.266569
vt 0.486939 0.263078
vt 0.239158 0.600143
vt 0.999875 0.785620
vt 0.999875 0.795247
vt 0.997166 0.789715
vt 0.962277 0.562664
vt 0.241707 0.744753
vt 0.073904 0.295882
vt 0.639432 0.423039
vt 0.070029 0.313496
vt 0.062288 0.298599
vt 0.042803 0.168036
vt 0.043981 0.174537
vt 0.108685 0.370086
vt 0.227434 0.172820
vt 0.218985 0.174300
vt 0.206189 0.187665
vt 0.023383 0.964802
vt 0.519833 0.788417
vt 0.508791 0.784793
vt 0.014883 0.239168
vt 0.013129 0.650759
vt 0.593695 0.369883
vt 0.458245 0.246850
vt 0.457789 0.240788
vt 0.559470 0.345198
vt 0.507037 0.090726
vt 0.488299 0.702224
vt 0.104049 0.676007
vt 0.968564 0.560355
vt 0.241055 0.702307
vt 0.632504 0.418158
vt 0.432480 0.384970
vt 0.434356 0.360519
vt 0.417858 0.251508
vt 0.486157 0.344290
vt 0.508867 0.349579
vt 0.748311 0.501506
vt 0.503324 0.915877
vt 0.495132 0.916177
vt 0.988259 0.083296
vt 0.257936 0.638905
vt 0.411126 0.608383
vt 0.404280 0.614723
vt 0.570913 0.045947
vt 0.571493 0.051375
vt 0.016518 0.960080
vt 0.971134 0.361773
vt 0.981749 0.372642
vt 0.325536 0.279854
vt 0.330249 0.277588
vt 0.332330 0.279698
vt 0.021964 0.246895
vt 0.538095 0.493476
vt 0.600481 0.367628
vt 0.200875 0.768951
vt 0.208515 0.766110
vt 0.203047 0.771189
vt 0.217266 0.766012
vt 0.220070 0.762549
vt 0.223576 0.766667
vt 0.464643 0.233766
vt 0.513119 0.255089
vt 0.129062 0.608061
vt 0.121660 0.602905
vt 0.127259 0.598985
vt 0.094804 0.681168
vt 0.342329 0.507890
vt 0.344027 0.501554
vt 0.344902 0.508069
vt 0.248484 0.774638
vt 0.241852 0.779651
vt 0.425662 0.778395
vt 0.015561 0.126969
vt 0.027029 0.139013
vt 0.012955 0.138656
vt 0.400530 0.256230
vt 0.461859 0.354983
vt 0.463280 0.361987
vt 0.488345 0.911507
vt 0.727702 0.528785
vt 0.403315 0.681043
vt 0.020901 0.348337
vt 0.017816 0.340557
vt 0.248311 0.651569
vt 0.195721 0.197515
vt 0.972944 0.490802
vt 0.514708 0.791908
vt 0.406805 0.605889
vt 0.415302 0.604123
vt 0.009446 0.961139
vt 0.515246 0.742165
vt 0.972562 0.366437
vt 0.318762 0.294835
vt 0.329907 0.291890
vt 0.568224 0.031435
vt 0.545229 0.491068
vt 0.614865 0.369820
vt 0.609993 0.375447
vt 0.607891 0.367422
vt 0.338663 0.268424
vt 0.335257 0.263595
vt 0.342161 0.270875
vt 0.604752 0.372183
vt 0.595812 0.381778
vt 0.207593 0.754220
vt 0.221273 0.776882
vt 0.479745 0.247301
vt 0.238790 0.571875
vt 0.053946 0.354277
vt 0.045315 0.359844
vt 0.048353 0.345317
vt 0.229001 0.585933
vt 0.107899 0.625260
vt 0.114981 0.635738
vt 0.345959 0.515834
vt 0.242105 0.786314
vt 0.247863 0.774182
vt 0.238408 0.723275
vt 0.877974 0.489293
vt 0.893481 0.506148
vt 0.864624 0.501417
vt 0.480168 0.453916
vt 0.457330 0.452066
vt 0.511818 0.441607
vt 0.628779 0.397476
vt 0.043437 0.160972
vt 0.410578 0.252221
vt 0.709931 0.539789
vt 0.239783 0.174189
vt 0.401867 0.695746
vt 0.023585 0.348998
vt 0.212994 0.192655
vt 0.203226 0.199043
vt 0.396152 0.664623
vt 0.392139 0.647977
vt 0.524761 0.799609
vt 0.575419 0.068738
vt 0.019203 0.965290
vt 0.017006 0.234853
vt 0.023544 0.241666
vt 0.618968 0.366897
vt 0.963099 0.351286
vt 0.961731 0.360494
vt 0.337064 0.275490
vt 0.255033 0.539051
vt 0.220908 0.752816
vt 0.583911 0.370910
vt 0.227990 0.770234
vt 0.093510 0.334327
vt 0.245722 0.560445
vt 0.488675 0.269754
vt 0.484974 0.699244
vt 0.520768 0.657445
vt 0.527336 0.083731
vt 0.498913 0.675040
vt 0.526316 0.650000
vt 0.239403 0.753680
vt 0.885335 0.517279
vt 0.237247 0.715874
vt 0.605375 0.591352
vt 0.895977 0.101995
vt 0.632221 0.384690
vt 0.091716 0.827703
vt 0.468759 0.366601
vt 0.027997 0.358290
vt 0.786107 0.530153
vt 0.789441 0.541380
vt 0.782105 0.536729
vt 0.776409 0.522633
vt 0.574203 0.032826
vt 0.332239 0.298173
vt 0.023299 0.250964
vt 0.327842 0.271877
vt 0.324136 0.267391
vt 0.132420 0.059167
vt 0.143266 0.080929
vt 0.124130 0.089183
vt 0.035378 0.634515
vt 0.194329 0.782443
vt 0.036828 0.353513
vt 0.094767 0.690492
vt 0.083471 0.687915
vt 0.522653 0.654523
vt 0.603029 0.583011
vt 0.609183 0.602498
vt 0.788683 0.359452
vt 0.505573 0.334769
vt 0.475897 0.894043
vt 0.478899 0.903201
vt 0.497246 0.928868
vt 0.041634 0.386082
vt 0.080189 0.108934
vt 0.553775 0.069601
vt 0.397659 0.610384
vt 0.405695 0.602085
vt 0.341333 0.288019
vt 0.191740 0.747794
vt 0.191419 0.772053
vt 0.349163 0.279068
vt 0.351641 0.263967
vt 0.258918 0.524265
vt 0.282313 0.527651
vt 0.576428 0.363232
vt 0.124040 0.595161
vt 0.524279 0.089370
vt 0.511255 0.652668
vt 0.346962 0.512142
vt 0.351075 0.505451
vt 0.848568 0.514971
vt 0.825506 0.392793
vt 0.464166 0.355300
vt 0.743074 0.527972
vt 0.754934 0.528101
vt 0.221262 0.184443
vt 0.208720 0.206431
vt 0.608051 0.380245
vt 0.028883 0.237786
vt 0.027022 0.249638
vt 0.045176 0.338642
vt 0.032723 0.335196
vt 0.662722 0.752279
vt 0.673450 0.750232
vt 0.668408 0.760843
vt 0.529774 0.095042
vt 0.534993 0.089689
vt 0.110406 0.661529
vt 0.108336 0.672384
vt 0.356343 0.503168
vt 0.245962 0.775712
vt 0.827426 0.520975
vt 0.836208 0.521451
vt 0.842591 0.537005
vt 0.650644 0.431229
vt 0.049921 0.162154
vt 0.176561 0.947194
vt 0.173920 0.936291
vt 0.194931 0.947090
vt 0.257796 0.172375
vt 0.247065 0.177607
vt 0.583223 0.043981
vt 0.758954 0.953074
vt 0.751935 0.950024
vt 0.760229 0.940139
vt 0.628537 0.366887
vt 0.642774 0.368265
vt 0.496920 0.785299
vt 0.628238 0.375339
vt 0.497178 0.760154
vt 0.961630 0.365923
vt 0.418016 0.800078
vt 0.408797 0.806533
vt 0.418399 0.790919
vt 0.565289 0.355937
vt 0.053377 0.330536
vt 0.048017 0.326265
vt 0.038985 0.326627
vt 0.000142 0.910139
vt 0.004829 0.900088
vt 0.005282 0.917960
vt 0.348037 0.518798
vt 0.352747 0.514505
vt 0.100872 0.691164
vt 0.532776 0.644979
vt 0.104736 0.684543
vt 0.963562 0.539565
vt 0.232577 0.769703
vt 0.812944 0.072373
vt 0.809103 0.065886
vt 0.812715 0.061582
vt 0.722926 0.539637
vt 0.481714 0.914446
vt 0.984873 0.077710
vt 0.772556 0.536209
vt 0.585201 0.049665
vt 0.616244 0.380216
vt 0.489280 0.766342
vt 0.481867 0.768587
vt 0.482067 0.783155
vt 0.111425 0.021316
vt 0.113586 0.016340
vt 0.121286 0.036446
vt 0.027673 0.252333
vt 0.331943 0.300965
vt 0.342124 0.296145
vt 0.404803 0.803197
vt 0.072159 0.322625
vt 0.117263 0.610833
vt 0.118645 0.602600
vt 0.120982 0.596140
vt 0.116363 0.655311
vt 0.956844 0.546970
vt 0.735868 0.991378
vt 0.735868 0.970653
vt 0.745887 0.984034
vt 0.074695 0.285137
vt 0.050261 0.169962
vt 0.052716 0.162957
vt 0.054601 0.160796
vt 0.815569 0.071576
vt 0.414854 0.242210
vt 0.470821 0.903252
vt 0.682912 0.558201
vt 0.241905 0.184669
vt 0.392773 0.677641
vt 0.492990 0.928781
vt 0.761950 0.536573
vt 0.029224 0.349747
vt 0.037402 0.359451
vt 0.882051 0.980438
vt 0.874359 0.991424
vt 0.874801 0.974060
vt 0.775580 0.549218
vt 0.749837 0.943131
vt 0.285439 0.976458
vt 0.294326 0.988689
vt 0.285063 0.993463
vt 0.122549 0.026260
vt 0.411805 0.788088
vt 0.400882 0.792443
vt 0.389547 0.800295
vt 0.199719 0.733669
vt 0.589611 0.385498
vt 0.656370 0.753260
vt 0.652773 0.743226
vt 0.662826 0.736602
vt 0.862911 0.530560
vt 0.867885 0.524058
vt 0.096062 0.814149
vt 0.083646 0.289223
vt 0.057979 0.163250
vt 0.421671 0.367851
vt 0.799873 0.066785
vt 0.804500 0.059033
vt 0.515864 0.349516
vt 0.509130 0.363693
vt 0.234025 0.187322
vt 0.741791 0.556161
vt 0.219361 0.198913
vt 0.989094 0.077246
vt 0.754482 0.958266
vt 0.735827 0.924131
vt 0.748881 0.934698
vt 0.742762 0.942885
vt 0.592493 0.033224
vt 0.485567 0.786983
vt 0.968194 0.371921
vt 0.577268 0.021196
vt 0.111172 0.065096
vt 0.358334 0.280542
vt 0.042120 0.305344
vt 0.783182 0.989942
vt 0.778678 0.983743
vt 0.784438 0.982444
vt 0.038251 0.307030
vt 0.635423 0.419294
vt 0.050230 0.155056
vt 0.033638 0.137522
vt 0.824132 0.070810
vt 0.823603 0.059854
vt 0.814914 0.061094
vt 0.464326 0.350147
vt 0.475495 0.353241
vt 0.506810 0.317541
vt 0.511378 0.338697
vt 0.701531 0.553392
vt 0.518154 0.357507
vt 0.486899 0.918817
vt 0.393503 0.687325
vt 0.734816 0.556569
vt 0.021739 0.340519
vt 0.019950 0.336853
vt 0.524090 0.828923
vt 0.507506 0.806413
vt 0.746525 0.952730
vt 0.478450 0.781565
vt 0.457733 0.770483
vt 0.019242 0.257043
vt 0.141197 0.042683
vt 0.380221 0.808141
vt 0.377983 0.800560
vt 0.569978 0.361845
vt 0.674483 0.766861
vt 0.483961 0.688345
vt 0.356998 0.513488
vt 0.499083 0.670136
vt 0.797936 0.906019
vt 0.794015 0.919049
vt 0.789148 0.901427
vt 0.089062 0.836955
vt 0.053512 0.295813
vt 0.062409 0.287454
vt 0.184872 0.932445
vt 0.047908 0.145732
vt 0.810806 0.054808
vt 0.449598 0.348045
vt 0.473336 0.348724
vt 0.467707 0.894430
vt 0.482158 0.356105
vt 0.481262 0.913015
vt 0.248269 0.189305
vt 0.728625 0.554688
vt 0.477349 0.793698
vt 0.462562 0.789687
vt 0.490494 0.790789
vt 0.596449 0.018459
vt 0.024629 0.259681
vt 0.030062 0.260649
vt 0.338673 0.306747
vt 0.334745 0.311246
vt 0.351348 0.287641
vt 0.571354 0.365440
vt 0.520742 0.534838
vt 0.519628 0.543266
vt 0.512917 0.538212
vt 0.507761 0.539283
vt 0.510041 0.536583
vt 0.498583 0.538300
vt 0.509224 0.244608
vt 0.114395 0.602478
vt 0.116955 0.590441
vt 0.118727 0.645028
vt 0.781839 0.907942
vt 0.596883 0.585637
vt 0.814373 0.391846
vt 0.831659 0.065742
vt 0.063813 0.162675
vt 0.537963 0.979968
vt 0.537963 0.991925
vt 0.533043 0.989757
vt 0.445175 0.354706
vt 0.515084 0.340775
vt 0.715972 0.551470
vt 0.711358 0.565594
vt 0.686430 0.570945
vt 0.244414 0.195583
vt 0.727372 0.570470
vt 0.196236 0.254173
vt 0.192000 0.258685
vt 0.190734 0.255648
vt 0.982820 0.072550
vt 0.570247 0.077202
vt 0.474973 0.802264
vt 0.593995 0.042555
vt 0.960134 0.372118
vt 0.005182 0.263232
vt 0.600816 0.392512
vt 0.365900 0.261996
vt 0.381074 0.264796
vt 0.371067 0.275424
vt 0.114920 0.599656
vt 0.355444 0.517150
vt 0.684035 0.761777
vt 0.230353 0.770620
vt 0.597483 0.597745
vt 0.610101 0.621099
vt 0.590683 0.620942
vt 0.079878 0.836362
vt 0.635156 0.408248
vt 0.809981 0.379533
vt 0.061888 0.172475
vt 0.476973 0.331818
vt 0.474092 0.337128
vt 0.472330 0.336093
vt 0.471341 0.344057
vt 0.715847 0.572429
vt 0.716064 0.582321
vt 0.764432 0.549834
vt 0.742952 0.579426
vt 0.228891 0.199180
vt 0.605712 0.024296
vt 0.612170 0.387240
vt 0.132168 0.018005
vt 0.218444 0.726302
vt 0.365667 0.818025
vt 0.365438 0.800906
vt 0.526237 0.540607
vt 0.524908 0.549693
vt 0.507199 0.228281
vt 0.495441 0.544968
vt 0.514719 0.644833
vt 0.492955 0.673976
vt 0.118414 0.665115
vt 0.778930 0.920772
vt 0.805740 0.924313
vt 0.985784 0.116743
vt 0.234257 0.732693
vt 0.042527 0.135731
vt 0.063968 0.156143
vt 0.469345 0.341650
vt 0.474643 0.914570
vt 0.050093 0.961386
vt 0.052184 0.968727
vt 0.048923 0.968170
vt 0.190696 0.251984
vt 0.185223 0.248395
vt 0.196009 0.245610
vt 0.513743 0.826300
vt 0.459142 0.811081
vt 0.609369 0.032950
vt 0.196676 0.707299
vt 0.208678 0.716862
vt 0.228699 0.732304
vt 0.579219 0.382255
vt 0.638453 0.756085
vt 0.643017 0.736279
vt 0.563733 0.360231
vt 0.499776 0.531783
vt 0.056219 0.307334
vt 0.679175 0.021168
vt 0.682343 0.017697
vt 0.693546 0.019672
vt 0.955036 0.539542
vt 0.228803 0.761222
vt 0.398971 0.964890
vt 0.396022 0.946876
vt 0.400507 0.949297
vt 0.518024 0.327163
vt 0.479324 0.918207
vt 0.194537 0.260087
vt 0.188291 0.263610
vt 0.192384 0.265027
vt 0.477397 0.809964
vt 0.482887 0.807455
vt 0.747816 0.962886
vt 0.390012 0.793129
vt 0.629197 0.745056
vt 0.478311 0.215682
vt 0.555158 0.356491
vt 0.095685 0.616628
vt 0.092539 0.614320
vt 0.090536 0.608599
vt 0.118915 0.632391
vt 0.668881 0.019978
vt 0.046860 0.994445
vt 0.043945 0.989396
vt 0.050588 0.992188
vt 0.229958 0.754609
vt 0.080829 0.269387
vt 0.414283 0.768928
vt 0.790015 0.379986
vt 0.810264 0.862031
vt 0.815776 0.865748
vt 0.805480 0.873761
vt 0.053662 0.150610
vt 0.814889 0.058273
vt 0.948029 0.013242
vt 0.942331 0.015093
vt 0.942011 0.007590
vt 0.030099 0.342415
vt 0.465235 0.815048
vt 0.740830 0.958603
vt 0.011847 0.270135
vt 0.000179 0.269721
vt 0.018191 0.267854
vt 0.348881 0.302538
vt 0.535170 0.536611
vt 0.531438 0.547043
vt 0.529894 0.556567
vt 0.518420 0.558513
vt 0.521337 0.562440
vt 0.503783 0.529233
vt 0.111289 0.606619
vt 0.097901 0.613985
vt 0.124063 0.642347
vt 0.088839 0.611094
vt 0.084244 0.615340
vt 0.357815 0.524938
vt 0.362589 0.516043
vt 0.687171 0.014659
vt 0.362238 0.503636
vt 0.361887 0.511331
vt 0.356836 0.492401
vt 0.775688 0.925940
vt 0.774706 0.933573
vt 0.761840 0.927848
vt 0.370450 0.098580
vt 0.382322 0.103376
vt 0.367436 0.109680
vt 0.373900 0.110031
vt 0.376978 0.107170
vt 0.381576 0.109736
vt 0.385751 0.121098
vt 0.596041 0.574816
vt 0.638922 0.414643
vt 0.401809 0.253197
vt 0.812547 0.054139
vt 0.911879 0.014417
vt 0.918989 0.009059
vt 0.915358 0.022006
vt 0.482062 0.338404
vt 0.452630 0.337212
vt 0.520783 0.329439
vt 0.478348 0.920691
vt 0.054796 0.973782
vt 0.057402 0.971759
vt 0.047160 0.381805
vt 0.601763 0.045303
vt 0.063077 0.223841
vt 0.053212 0.210053
vt 0.072430 0.208784
vt 0.622030 0.387756
vt 0.563008 0.364610
vt 0.530069 0.562493
vt 0.518354 0.526772
vt 0.505080 0.553209
vt 0.661562 0.766999
vt 0.496873 0.558311
vt 0.678525 0.015539
vt 0.485452 0.670816
vt 0.488533 0.670078
vt 0.120116 0.661022
vt 0.682335 0.774125
vt 0.689907 0.765633
vt 0.051391 0.985367
vt 0.782397 0.934414
vt 0.070081 0.843662
vt 0.452551 0.459398
vt 0.367438 0.981427
vt 0.372207 0.979877
vt 0.371854 0.991030
vt 0.194367 0.930011
vt 0.202914 0.942614
vt 0.481884 0.349640
vt 0.524340 0.349064
vt 0.486258 0.923840
vt 0.500298 0.829094
vt 0.186837 0.259878
vt 0.478345 0.826511
vt 0.614397 0.033116
vt 0.363278 0.287526
vt 0.382440 0.795723
vt 0.541814 0.560300
vt 0.387528 0.272552
vt 0.525724 0.570220
vt 0.396658 0.262761
vt 0.122991 0.650105
vt 0.073953 0.273745
vt 0.648376 0.419379
vt 0.468192 0.911172
vt 0.057379 0.957354
vt 0.057439 0.964318
vt 0.481816 0.825089
vt 0.497628 0.819957
vt 0.590879 0.068621
vt 0.486840 0.819471
vt 0.737737 0.956804
vt 0.747229 0.978729
vt 0.022715 0.269572
vt 0.214880 0.702272
vt 0.376378 0.284955
vt 0.572428 0.381603
vt 0.511341 0.515465
vt 0.509145 0.522706
vt 0.554746 0.361984
vt 0.112231 0.614360
vt 0.105939 0.607610
vt 0.372188 0.522942
vt 0.082987 0.607628
vt 0.365256 0.509413
vt 0.369009 0.505498
vt 0.687888 0.009527
vt 0.690904 0.014877
vt 0.229636 0.746125
vt 0.638957 0.409209
vt 0.657257 0.429777
vt 0.658437 0.437635
vt 0.174109 0.918145
vt 0.038784 0.453375
vt 0.048094 0.445494
vt 0.057232 0.454632
vt 0.522146 0.339115
vt 0.060751 0.975274
vt 0.185390 0.257506
vt 0.193528 0.272360
vt 0.184988 0.271258
vt 0.345436 0.312619
vt 0.402362 0.776900
vt 0.479626 0.205323
vt 0.496189 0.208814
vt 0.539141 0.543514
vt 0.561334 0.370196
vt 0.313061 0.992978
vt 0.305255 0.982234
vt 0.314567 0.980395
vt 0.495387 0.525004
vt 0.512388 0.573556
vt 0.387079 0.523005
vt 0.381760 0.517842
vt 0.385087 0.515655
vt 0.088990 0.604689
vt 0.489634 0.658586
vt 0.023007 0.737357
vt 0.018206 0.743338
vt 0.004759 0.741448
vt 0.360734 0.490984
vt 0.123130 0.672727
vt 0.035376 0.992624
vt 0.050485 0.976438
vt 0.055504 0.980967
vt 0.847516 0.552186
vt 0.828423 0.542284
vt 0.227755 0.718099
vt 0.055425 0.281522
vt 0.842015 0.065057
vt 0.833027 0.079277
vt 0.822652 0.051994
vt 0.828304 0.881180
vt 0.811140 0.882149
vt 0.049849 0.441495
vt 0.059149 0.445993
vt 0.518245 0.318203
vt 0.471578 0.916756
vt 0.625464 0.032628
vt 0.625705 0.054652
vt 0.395961 0.780104
vt 0.376974 0.517195
vt 0.400539 0.271417
vt 0.106491 0.616399
vt 0.101388 0.608380
vt 0.414347 0.743428
vt 0.407727 0.750797
vt 0.401037 0.738661
vt 0.493599 0.571935
vt 0.380605 0.508443
vt 0.503004 0.580854
vt 0.669013 0.773330
vt 0.082606 0.605355
vt 0.671452 0.009671
vt 0.078096 0.607666
vt 0.519460 0.627367
vt 0.596227 0.102190
vt 0.596227 0.075922
vt 0.607399 0.076134
vt 0.885589 0.527417
vt 0.229206 0.701359
vt 0.887156 0.103284
vt 0.047844 0.283187
vt 0.062680 0.176938
vt 0.784681 0.372187
vt 0.461476 0.903947
vt 0.184819 0.265963
vt 0.050071 0.368389
vt 0.208627 0.019265
vt 0.210049 0.024882
vt 0.204894 0.028191
vt 0.374964 0.796395
vt 0.530793 0.526058
vt 0.517963 0.512354
vt 0.385524 0.280615
vt 0.099012 0.604849
vt 0.109573 0.591778
vt 0.076171 0.613380
vt 0.067881 0.611177
vt 0.066667 0.615784
vt 0.374473 0.503646
vt 0.383028 0.503987
vt 0.072802 0.608506
vt 0.068320 0.607278
vt 0.061273 0.611193
vt 0.296898 0.410367
vt 0.289912 0.423614
vt 0.284161 0.411481
vt 0.366656 0.492110
vt 0.689678 0.773543
vt 0.694608 0.774616
vt 0.775024 0.936923
vt 0.771158 0.938859
vt 0.387648 0.110074
vt 0.787430 0.942068
vt 0.229573 0.739913
vt 0.612741 0.284145
vt 0.593572 0.276327
vt 0.611836 0.258063
vt 0.068516 0.278822
vt 0.664747 0.437103
vt 0.183123 0.914268
vt 0.054022 0.140707
vt 0.814999 0.049904
vt 0.417058 0.357627
vt 0.804956 0.050053
vt 0.491109 0.352756
vt 0.528061 0.334349
vt 0.738168 0.968168
vt 0.031873 0.271558
vt 0.494249 0.189421
vt 0.511927 0.206384
vt 0.392385 0.526573
vt 0.378445 0.526580
vt 0.396449 0.278860
vt 0.074581 0.605180
vt 0.684952 0.003273
vt 0.683866 0.777217
vt 0.682370 0.782403
vt 0.671447 0.779480
vt 0.691212 0.779110
vt 0.527200 0.625030
vt 0.540794 0.627351
vt 0.534447 0.631127
vt 0.538370 0.621229
vt 0.543727 0.619730
vt 0.546261 0.634144
vt 0.046481 0.979061
vt 0.044085 0.976533
vt 0.556693 0.619210
vt 0.978401 0.107679
vt 0.588007 0.574323
vt 0.848054 0.077198
vt 0.851937 0.065562
vt 0.862129 0.062438
vt 0.868758 0.075256
vt 0.207881 0.930307
vt 0.210920 0.938272
vt 0.079170 0.991291
vt 0.073700 0.984314
vt 0.081836 0.981352
vt 0.964928 0.804225
vt 0.974891 0.796149
vt 0.971417 0.812426
vt 0.403810 0.362333
vt 0.413903 0.371063
vt 0.467749 0.915794
vt 0.179963 0.264967
vt 0.192632 0.243612
vt 0.188743 0.231445
vt 0.591938 0.073077
vt 0.199002 0.011953
vt 0.209878 0.028646
vt 0.351555 0.310098
vt 0.589442 0.402591
vt 0.644542 0.767013
vt 0.086156 0.600306
vt 0.674425 0.774605
vt 0.373193 0.493369
vt 0.379139 0.496441
vt 0.041195 0.982454
vt 0.562158 0.622498
vt 0.392832 0.110064
vt 0.862322 0.545810
vt 0.589645 0.589588
vt 0.227381 0.709143
vt 0.060643 0.281213
vt 0.800669 0.879911
vt 0.804427 0.878656
vt 0.087049 0.986051
vt 0.213123 0.933235
vt 0.219873 0.946728
vt 0.527250 0.326282
vt 0.530610 0.341830
vt 0.072263 0.975286
vt 0.082736 0.978055
vt 0.072043 0.980601
vt 0.065933 0.974153
vt 0.059325 0.977827
vt 0.182823 0.275991
vt 0.087859 0.219227
vt 0.609474 0.405090
vt 0.359959 0.302300
vt 0.629293 0.753762
vt 0.396040 0.316859
vt 0.400417 0.305321
vt 0.407569 0.319915
vt 0.383694 0.530969
vt 0.096221 0.597776
vt 0.492086 0.647447
vt 0.283561 0.720940
vt 0.291522 0.714151
vt 0.290163 0.730460
vt 0.615736 0.086581
vt 0.035790 0.984831
vt 0.558234 0.635355
vt 0.604683 0.297028
vt 0.599071 0.289201
vt 0.583979 0.610791
vt 0.639542 0.395261
vt 0.824817 0.885313
vt 0.431110 0.336143
vt 0.047858 0.432641
vt 0.470580 0.920111
vt 0.479230 0.928075
vt 0.487390 0.935884
vt 0.492287 0.837327
vt 0.602080 0.071430
vt 0.619026 0.397090
vt 0.204763 0.036919
vt 0.214948 0.034649
vt 0.370928 0.292604
vt 0.391059 0.781005
vt 0.749303 0.790590
vt 0.735498 0.803515
vt 0.740885 0.782912
vt 0.620426 0.736609
vt 0.619589 0.740789
vt 0.101721 0.593777
vt 0.676452 0.788760
vt 0.079802 0.602507
vt 0.683008 0.789424
vt 0.782211 0.941480
vt 0.034301 0.981506
vt 0.033852 0.977547
vt 0.043306 0.972749
vt 0.034022 0.974340
vt 0.036657 0.970785
vt 0.467111 0.469113
vt 0.834887 0.052042
vt 0.960235 0.790357
vt 0.966303 0.791695
vt 0.064796 0.438148
vt 0.061312 0.969395
vt 0.180640 0.262164
vt 0.068554 0.975095
vt 0.066109 0.978611
vt 0.613261 0.057168
vt 0.077384 0.245961
vt 0.052240 0.232471
vt 0.034684 0.218397
vt 0.196905 0.023683
vt 0.384657 0.780841
vt 0.379604 0.780510
vt 0.396929 0.773020
vt 0.408088 0.763766
vt 0.546714 0.536574
vt 0.733162 0.778199
vt 0.730670 0.762416
vt 0.747565 0.762451
vt 0.650629 0.769852
vt 0.127784 0.657129
vt 0.070377 0.603276
vt 0.063123 0.605116
vt 0.064725 0.601428
vt 0.397804 0.111559
vt 0.797713 0.933571
vt 0.574424 0.626399
vt 0.879444 0.540616
vt 0.645574 0.405251
vt 0.999996 0.775002
vt 0.997539 0.773750
vt 0.998446 0.769870
vt 0.712556 0.887836
vt 0.706648 0.893902
vt 0.709354 0.881064
vt 0.713021 0.892423
vt 0.668624 0.425654
vt 0.199167 0.920966
vt 0.811264 0.046456
vt 0.460557 0.898376
vt 0.044353 0.434532
vt 0.458306 0.908429
vt 0.536099 0.331466
vt 0.484152 0.842648
vt 0.181757 0.268332
vt 0.179263 0.253837
vt 0.355586 0.315296
vt 0.392899 0.769461
vt 0.547770 0.555070
vt 0.392267 0.747373
vt 0.663815 0.775347
vt 0.668452 0.788475
vt 0.507452 0.629257
vt 0.683268 0.000529
vt 0.127833 0.665214
vt 0.586342 0.082358
vt 0.290622 0.699824
vt 0.301607 0.709970
vt 0.394206 0.096825
vt 0.580380 0.585487
vt 0.401384 0.940180
vt 0.405057 0.940747
vt 0.643001 0.402328
vt 0.201394 0.121969
vt 0.195474 0.112891
vt 0.202895 0.110388
vt 0.192983 0.120637
vt 0.716312 0.898377
vt 0.712614 0.895651
vt 0.709177 0.900078
vt 0.717778 0.901268
vt 0.075275 0.994856
vt 0.438492 0.328971
vt 0.064031 0.957544
vt 0.065495 0.955350
vt 0.067366 0.959342
vt 0.533137 0.334452
vt 0.532900 0.339947
vt 0.187465 0.211799
vt 0.180032 0.205917
vt 0.192942 0.209745
vt 0.751967 0.840150
vt 0.740215 0.838892
vt 0.737598 0.820276
vt 0.350250 0.321337
vt 0.542881 0.523857
vt 0.744517 0.756565
vt 0.398213 0.761309
vt 0.372440 0.530170
vt 0.390097 0.755761
vt 0.072834 0.600333
vt 0.301720 0.722159
vt 0.367917 0.486922
vt 0.775300 0.944196
vt 0.301883 0.703164
vt 0.547305 0.645157
vt 0.405982 0.127224
vt 0.384674 0.132775
vt 0.080283 0.846230
vt 0.716573 0.868685
vt 0.709518 0.868387
vt 0.810002 0.886746
vt 0.218818 0.936761
vt 0.209718 0.925474
vt 0.830322 0.894920
vt 0.462752 0.919921
vt 0.542607 0.328934
vt 0.490662 0.940709
vt 0.727706 0.032028
vt 0.723478 0.033999
vt 0.724526 0.019255
vt 0.178756 0.227666
vt 0.180693 0.220379
vt 0.033044 0.232966
vt 0.195423 0.032092
vt 0.392000 0.306213
vt 0.399991 0.285406
vt 0.396486 0.731506
vt 0.103616 0.585694
vt 0.083718 0.594817
vt 0.673165 0.000755
vt 0.012614 0.749906
vt 0.807812 0.939371
vt 0.392671 0.157162
vt 0.406957 0.171339
vt 0.389768 0.171913
vt 0.609426 0.339178
vt 0.598118 0.330608
vt 0.604153 0.319354
vt 0.076972 0.267191
vt 0.715848 0.860469
vt 0.654242 0.408341
vt 0.211391 0.119674
vt 0.695755 0.887442
vt 0.661583 0.418000
vt 0.085893 0.994979
vt 0.220456 0.930428
vt 0.226465 0.936441
vt 0.212919 0.928517
vt 0.029596 0.436266
vt 0.050058 0.425416
vt 0.070174 0.959022
vt 0.070589 0.962026
vt 0.072936 0.960106
vt 0.467497 0.927438
vt 0.075493 0.969311
vt 0.067100 0.966777
vt 0.746629 0.849515
vt 0.733321 0.846271
vt 0.185342 0.021419
vt 0.750120 0.813715
vt 0.386266 0.319449
vt 0.368992 0.529287
vt 0.663072 0.781920
vt 0.505929 0.634612
vt 0.376067 0.490195
vt 0.403817 0.108924
vt 0.588855 0.260136
vt 0.086992 0.843343
vt 0.697479 0.882688
vt 0.207362 0.132787
vt 0.210995 0.124759
vt 0.209999 0.136390
vt 0.699835 0.893561
vt 0.702136 0.901114
vt 0.843590 0.046984
vt 0.166071 0.908713
vt 0.063999 0.964842
vt 0.082602 0.972445
vt 0.069474 0.968517
vt 0.710190 0.226313
vt 0.708816 0.217795
vt 0.713343 0.220667
vt 0.720185 0.219476
vt 0.367367 0.311246
vt 0.613840 0.752669
vt 0.719695 0.782022
vt 0.388236 0.287485
vt 0.383285 0.736276
vt 0.133753 0.652938
vt 0.072502 0.596455
vt 0.012336 0.765602
vt 0.006033 0.758648
vt 0.010247 0.753157
vt 0.412113 0.140917
vt 0.388847 0.147006
vt 0.460142 0.433800
vt 0.451569 0.431182
vt 0.396199 0.940719
vt 0.221171 0.117932
vt 0.046808 0.081620
vt 0.049385 0.086463
vt 0.046444 0.088408
vt 0.797023 0.888671
vt 0.224727 0.930164
vt 0.215634 0.924323
vt 0.807424 0.041053
vt 0.448832 0.907445
vt 0.068530 0.427866
vt 0.459609 0.923535
vt 0.075759 0.963380
vt 0.060351 0.243556
vt 0.043894 0.244537
vt 0.089501 0.243559
vt 0.728813 0.797707
vt 0.632343 0.766942
vt 0.490416 0.633888
vt 0.070297 0.598076
vt 0.002332 0.754564
vt 0.376841 0.484622
vt 0.412375 0.116343
vt 0.790312 0.944426
vt 0.563284 0.648707
vt 0.404247 0.153351
vt 0.232912 0.112573
vt 0.221371 0.114170
vt 0.228047 0.102503
vt 0.232527 0.119735
vt 0.840587 0.824329
vt 0.831391 0.822554
vt 0.837557 0.809341
vt 0.218295 0.105760
vt 0.695308 0.888260
vt 0.038442 0.085351
vt 0.040787 0.077112
vt 0.035381 0.090088
vt 0.039156 0.104220
vt 0.691863 0.899507
vt 0.691815 0.907007
vt 0.689719 0.900355
vt 0.695489 0.903902
vt 0.667375 0.421989
vt 0.795790 0.882342
vt 0.826052 0.043925
vt 0.217770 0.927254
vt 0.967655 0.786342
vt 0.533449 0.307412
vt 0.723353 0.225876
vt 0.617902 0.074982
vt 0.176196 0.207349
vt 0.729339 0.830427
vt 0.193938 0.038416
vt 0.208174 0.044124
vt 0.555179 0.556260
vt 0.378525 0.316581
vt 0.541735 0.511688
vt 0.606114 0.106060
vt 0.302768 0.742760
vt 0.004567 0.764623
vt 0.370962 0.483959
vt 0.367701 0.480443
vt 0.305556 0.714528
vt 0.029497 0.983162
vt 0.027535 0.976374
vt 0.891243 0.540794
vt 0.577399 0.578366
vt 0.603616 0.307553
vt 0.595345 0.302944
vt 0.078828 0.263557
vt 0.242365 0.113762
vt 0.243357 0.102279
vt 0.217659 0.134385
vt 0.032945 0.096980
vt 0.700645 0.899846
vt 0.699717 0.899081
vt 0.050136 0.097849
vt 0.051045 0.089850
vt 0.058854 0.083333
vt 0.812766 0.041587
vt 0.212430 0.914849
vt 0.452698 0.900831
vt 0.221255 0.924584
vt 0.219707 0.916001
vt 0.043017 0.424734
vt 0.040509 0.424971
vt 0.095780 0.977238
vt 0.089241 0.982520
vt 0.708469 0.234650
vt 0.724313 0.235670
vt 0.712310 0.240697
vt 0.788431 0.991861
vt 0.794213 0.981847
vt 0.792075 0.994484
vt 0.787641 0.981898
vt 0.551099 0.528738
vt 0.554218 0.536333
vt 0.386476 0.297880
vt 0.604804 0.745843
vt 0.380416 0.296104
vt 0.653085 0.779692
vt 0.286704 0.739229
vt 0.090802 0.585049
vt 0.347361 0.910382
vt 0.354407 0.926304
vt 0.347009 0.920445
vt 0.344028 0.918176
vt 0.776832 0.949063
vt 0.801897 0.944619
vt 0.276042 0.796984
vt 0.265265 0.786616
vt 0.277087 0.788313
vt 0.578768 0.640076
vt 0.847442 0.566067
vt 0.840576 0.559438
vt 0.591246 0.295332
vt 0.680382 0.890571
vt 0.690459 0.894109
vt 0.079353 0.442486
vt 0.080280 0.445752
vt 0.071509 0.446095
vt 0.710001 0.910114
vt 0.997066 0.796921
vt 0.998381 0.801828
vt 0.996688 0.807615
vt 0.224374 0.916543
vt 0.983038 0.781262
vt 0.086448 0.962406
vt 0.473191 0.939535
vt 0.175077 0.264693
vt 0.211338 0.054122
vt 0.604675 0.752258
vt 0.737092 0.745160
vt 0.076059 0.592318
vt 0.393784 0.944477
vt 0.388682 0.949517
vt 0.383332 0.941308
vt 0.002141 0.765370
vt 0.343988 0.920281
vt 0.026624 0.980570
vt 0.077837 0.848876
vt 0.449382 0.451718
vt 0.646570 0.394088
vt 0.672179 0.890017
vt 0.671385 0.886894
vt 0.685077 0.884063
vt 0.220821 0.104299
vt 0.683196 0.896021
vt 0.195995 0.091406
vt 0.035729 0.110754
vt 0.045287 0.105546
vt 0.987417 0.791332
vt 0.454328 0.919617
vt 0.552176 0.314429
vt 0.724764 0.253949
vt 0.168026 0.217178
vt 0.560060 0.538284
vt 0.563387 0.561366
vt 0.378362 0.767434
vt 0.385390 0.759748
vt 0.654652 0.783888
vt 0.661064 0.789933
vt 0.348720 0.923578
vt 0.370491 0.929388
vt 0.363113 0.934092
vt 0.130391 0.672419
vt 0.410635 0.106360
vt 0.587470 0.342035
vt 0.583220 0.324520
vt 0.594183 0.314504
vt 0.452250 0.473938
vt 0.407726 0.936983
vt 0.650077 0.396854
vt 0.662021 0.890017
vt 0.821089 0.820028
vt 0.230357 0.099675
vt 0.225880 0.128017
vt 0.901889 0.962161
vt 0.909346 0.951490
vt 0.903437 0.963166
vt 0.910542 0.968324
vt 0.845284 0.825168
vt 0.841184 0.834584
vt 0.040908 0.109650
vt 0.034465 0.080879
vt 0.052641 0.075910
vt 0.851646 0.038956
vt 0.235684 0.917844
vt 0.699023 0.234602
vt 0.702004 0.223235
vt 0.719919 0.839318
vt 0.267867 0.418279
vt 0.272059 0.409201
vt 0.355035 0.929242
vt 0.383899 0.947084
vt 0.379445 0.482830
vt 0.782404 0.950140
vt 0.029453 0.987482
vt 0.413613 0.131917
vt 0.586364 0.281506
vt 0.581148 0.265567
vt 0.082520 0.847049
vt 0.448255 0.444422
vt 0.255290 0.099768
vt 0.818739 0.641665
vt 0.809763 0.637253
vt 0.824519 0.626958
vt 0.658677 0.883531
vt 0.661049 0.885891
vt 0.240030 0.122055
vt 0.833556 0.834828
vt 0.069934 0.460020
vt 0.697837 0.913199
vt 0.075925 0.461842
vt 0.177822 0.900046
vt 0.818969 0.893014
vt 0.419626 0.335549
vt 0.455553 0.932823
vt 0.552025 0.517674
vt 0.282226 0.750669
vt 0.372602 0.940115
vt 0.361362 0.934861
vt 0.379805 0.940143
vt 0.379205 0.945499
vt 0.372666 0.477725
vt 0.384653 0.949545
vt 0.029998 0.966054
vt 0.587747 0.632467
vt 0.090594 0.845636
vt 0.249513 0.094863
vt 0.658540 0.887461
vt 0.222095 0.100156
vt 0.213255 0.097132
vt 0.032206 0.116610
vt 0.039706 0.113099
vt 0.842512 0.837925
vt 0.836033 0.840708
vt 0.850495 0.838419
vt 0.032235 0.074512
vt 0.664502 0.413987
vt 0.086654 0.459045
vt 0.053051 0.098230
vt 0.056625 0.095753
vt 0.867233 0.065592
vt 0.037083 0.409982
vt 0.036360 0.414099
vt 0.466153 0.936495
vt 0.166482 0.248531
vt 0.050859 0.026442
vt 0.046366 0.028576
vt 0.042560 0.023724
vt 0.727312 0.813255
vt 0.716911 0.770197
vt 0.376627 0.728070
vt 0.385466 0.727339
vt 0.133650 0.661027
vt 0.373747 0.943043
vt 0.315712 0.728495
vt 0.028989 0.993228
vt 0.793884 0.948551
vt 0.261579 0.794863
vt 0.867317 0.561190
vt 0.881570 0.553280
vt 0.448274 0.482629
vt 0.442542 0.478320
vt 0.823493 0.638814
vt 0.227987 0.094897
vt 0.233818 0.127457
vt 0.670052 0.894211
vt 0.850046 0.845435
vt 0.676510 0.417922
vt 0.061003 0.092748
vt 0.681013 0.430787
vt 0.833691 0.043112
vt 0.808973 0.900819
vt 0.837928 0.896396
vt 0.827558 0.906997
vt 0.991935 0.783061
vt 0.048385 0.407410
vt 0.179496 0.031201
vt 0.716699 0.800101
vt 0.382638 0.751157
vt 0.312789 0.739245
vt 0.373803 0.949980
vt 0.999891 0.807717
vt 0.999891 0.818516
vt 0.997643 0.815304
vt 0.576861 0.089216
vt 0.569808 0.079517
vt 0.448023 0.459740
vt 0.097120 0.035929
vt 0.097924 0.032447
vt 0.105854 0.036198
vt 0.094343 0.037303
vt 0.097896 0.026800
vt 0.099699 0.027477
vt 0.100117 0.022554
vt 0.101881 0.021872
vt 0.902590 0.928243
vt 0.919040 0.948557
vt 0.310725 0.013845
vt 0.319209 0.018663
vt 0.316704 0.027547
vt 0.043139 0.113329
vt 0.147831 0.197257
vt 0.152447 0.183473
vt 0.150918 0.198978
vt 0.050673 0.113625
vt 0.145165 0.036348
vt 0.145165 0.012961
vt 0.157103 0.018798
vt 0.217160 0.908634
vt 0.224609 0.908909
vt 0.705311 0.279184
vt 0.714469 0.272105
vt 0.719857 0.288862
vt 0.701204 0.263878
vt 0.709958 0.254566
vt 0.717038 0.265782
vt 0.172087 0.259298
vt 0.191899 0.043575
vt 0.177240 0.041833
vt 0.623319 0.766074
vt 0.372383 0.775549
vt 0.262415 0.412285
vt 0.316605 0.712668
vt 0.792426 0.958368
vt 0.798401 0.951527
vt 0.024912 0.985027
vt 0.577216 0.656161
vt 0.577436 0.605027
vt 0.105435 0.039155
vt 0.356230 0.058677
vt 0.355217 0.042516
vt 0.363069 0.046398
vt 0.101670 0.017840
vt 0.103392 0.014983
vt 0.826017 0.840942
vt 0.919921 0.973311
vt 0.913316 0.976609
vt 0.326500 0.021666
vt 0.904687 0.976873
vt 0.704021 0.910307
vt 0.673155 0.412781
vt 0.061733 0.096212
vt 0.811898 0.032047
vt 0.997565 0.894069
vt 0.999751 0.890282
vt 0.997775 0.906069
vt 0.999970 0.903614
vt 0.030309 0.394480
vt 0.099499 0.968037
vt 0.696074 0.248701
vt 0.692289 0.226967
vt 0.047736 0.013296
vt 0.564878 0.524986
vt 0.636128 0.780871
vt 0.390026 0.959133
vt 0.024979 0.987652
vt 0.795178 0.951592
vt 0.418553 0.104110
vt 0.022055 0.971572
vt 0.419450 0.147669
vt 0.580842 0.304558
vt 0.583294 0.624113
vt 0.443868 0.433075
vt 0.948401 0.384291
vt 0.950288 0.374805
vt 0.967812 0.377489
vt 0.670695 0.978654
vt 0.656312 0.975935
vt 0.659846 0.955592
vt 0.921317 0.958230
vt 0.641993 0.975243
vt 0.042878 0.115583
vt 0.038939 0.120492
vt 0.281804 0.049991
vt 0.275450 0.061941
vt 0.274808 0.046501
vt 0.338683 0.021922
vt 0.334215 0.008179
vt 0.208471 0.903400
vt 0.707035 0.288314
vt 0.691609 0.276308
vt 0.682507 0.277564
vt 0.685769 0.267099
vt 0.688656 0.233332
vt 0.168981 0.264833
vt 0.174570 0.022813
vt 0.608028 0.768900
vt 0.722897 0.749692
vt 0.645612 0.791827
vt 0.839313 0.630331
vt 0.831310 0.641236
vt 0.964806 0.390027
vt 0.272007 0.091351
vt 0.223566 0.090435
vt 0.315674 0.002532
vt 0.327284 0.010973
vt 0.651253 0.997334
vt 0.645702 0.985137
vt 0.653527 0.992457
vt 0.655087 0.982619
vt 0.003924 0.568021
vt 0.006139 0.562940
vt 0.013701 0.562932
vt 0.651491 0.978137
vt 0.828309 0.852771
vt 0.061483 0.462308
vt 0.060939 0.451989
vt 0.144599 0.187571
vt 0.162620 0.189686
vt 0.071936 0.079206
vt 0.161752 0.895958
vt 0.821220 0.031710
vt 0.196760 0.901626
vt 0.161273 0.222989
vt 0.029828 0.249570
vt 0.560279 0.521878
vt 0.251799 0.412876
vt 0.252744 0.401908
vt 0.259605 0.405234
vt 0.342255 0.937309
vt 0.136100 0.667617
vt 0.587719 0.648304
vt 0.442640 0.446391
vt 0.443963 0.443666
vt 0.444544 0.439698
vt 0.953083 0.722493
vt 0.963943 0.722697
vt 0.945325 0.747437
vt 0.958023 0.397280
vt 0.649579 0.882841
vt 0.808375 0.806897
vt 0.339140 0.952991
vt 0.330874 0.953610
vt 0.332028 0.938407
vt 0.669003 0.953743
vt 0.939307 0.755869
vt 0.929673 0.774063
vt 0.926219 0.760204
vt 0.284364 0.040130
vt 0.815399 0.837076
vt 0.793931 0.895673
vt 0.151554 0.296676
vt 0.162194 0.286529
vt 0.165911 0.299208
vt 0.400410 0.336344
vt 0.674986 0.268018
vt 0.899750 0.304104
vt 0.895759 0.289183
vt 0.910267 0.282418
vt 0.686890 0.248033
vt 0.693320 0.238943
vt 0.165435 0.231358
vt 0.646224 0.782292
vt 0.373543 0.738293
vt 0.026793 0.988716
vt 0.272132 0.807633
vt 0.286170 0.797067
vt 0.020848 0.978096
vt 0.422762 0.164947
vt 0.575157 0.615351
vt 0.432012 0.474092
vt 0.438718 0.460796
vt 0.958333 0.402035
vt 0.970249 0.396313
vt 0.100995 0.042710
vt 0.360300 0.039174
vt 0.370159 0.041641
vt 0.822356 0.612173
vt 0.654655 0.393900
vt 0.021746 0.564000
vt 0.019079 0.558962
vt 0.637148 0.956352
vt 0.647825 0.953862
vt 0.004406 0.019608
vt 0.000032 0.019608
vt 0.001201 0.008498
vt 0.068874 0.095528
vt 0.077423 0.477411
vt 0.927658 0.154008
vt 0.924734 0.149706
vt 0.932131 0.142562
vt 0.910765 0.301045
vt 0.887811 0.288408
vt 0.898359 0.280205
vt 0.886722 0.276150
vt 0.038304 0.016959
vt 0.712850 0.810222
vt 0.603380 0.765679
vt 0.640082 0.784346
vt 0.264055 0.404030
vt 0.258348 0.416828
vt 0.264181 0.427946
vt 0.296633 0.431917
vt 0.575845 0.113840
vt 0.563003 0.085430
vt 0.562558 0.081214
vt 0.865717 0.569676
vt 0.848947 0.578130
vt 0.429195 0.153771
vt 0.567988 0.590466
vt 0.955439 0.703697
vt 0.963374 0.719662
vt 0.327433 0.957173
vt 0.370872 0.029302
vt 0.959657 0.763443
vt 0.044220 0.119363
vt 0.046217 0.118480
vt 0.068762 0.469406
vt 0.934146 0.150803
vt 0.175373 0.201327
vt 0.068549 0.258774
vt 0.177898 0.015326
vt 0.594767 0.752963
vt 0.621465 0.774789
vt 0.369270 0.757987
vt 0.640617 0.788673
vt 0.296058 0.785591
vt 0.282988 0.762472
vt 0.304973 0.769467
vt 0.368160 0.745272
vt 0.334520 0.915306
vt 0.424825 0.138346
vt 0.567016 0.657064
vt 0.868671 0.578764
vt 0.566906 0.570745
vt 0.574268 0.285253
vt 0.432499 0.497812
vt 0.968119 0.423659
vt 0.985663 0.399512
vt 0.992926 0.435301
vt 0.977961 0.386913
vt 0.976515 0.380690
vt 0.965177 0.713512
vt 0.353153 0.031833
vt 0.671847 0.938284
vt 0.673949 0.944328
vt 0.666259 0.941355
vt 0.806709 0.816611
vt 0.808880 0.823660
vt 0.004694 0.526161
vt 0.042228 0.552786
vt 0.141666 0.180897
vt 0.042082 0.260090
vt 0.520368 0.986660
vt 0.525984 0.981947
vt 0.524660 0.991976
vt 0.702394 0.796596
vt 0.904387 0.979315
vt 0.918098 0.979649
vt 0.908256 0.984841
vt 0.280695 0.787355
vt 0.135849 0.676549
vt 0.024980 0.989644
vt 0.259502 0.813948
vt 0.266301 0.817347
vt 0.555605 0.081423
vt 0.558087 0.079665
vt 0.647549 0.158275
vt 0.644269 0.149741
vt 0.652425 0.147959
vt 0.262085 0.012362
vt 0.256590 0.013200
vt 0.264424 0.004949
vt 0.812125 0.958534
vt 0.424552 0.107436
vt 0.575481 0.274662
vt 0.667318 0.934886
vt 0.320937 0.951739
vt 0.660453 0.943344
vt 0.933659 0.964028
vt 0.051811 0.123344
vt 0.858317 0.053647
vt 0.873596 0.054447
vt 0.171579 0.296808
vt 0.816120 0.907266
vt 0.460653 0.942194
vt 0.712803 0.824863
vt 0.553664 0.508742
vt 0.594349 0.767612
vt 0.255103 0.414614
vt 0.363646 0.477400
vt 0.372631 0.465995
vt 0.902268 0.966491
vt 0.902268 0.986665
vt 0.895563 0.978625
vt 0.434076 0.134932
vt 0.849377 0.647244
vt 0.361101 0.025871
vt 0.669021 0.403802
vt 0.964580 0.009201
vt 0.982856 0.001203
vt 0.982571 0.007519
vt 0.645888 0.978012
vt 0.986341 0.005836
vt 0.828918 0.034247
vt 0.667898 0.273816
vt 0.664485 0.268832
vt 0.315199 0.753988
vt 0.142609 0.663427
vt 0.322582 0.740829
vt 0.251526 0.014231
vt 0.253466 0.028581
vt 0.279621 0.815228
vt 0.552008 0.086707
vt 0.649035 0.165808
vt 0.657291 0.163792
vt 0.020436 0.986993
vt 0.285464 0.811395
vt 0.602417 0.627465
vt 0.600028 0.639256
vt 0.999889 0.855517
vt 0.996736 0.859273
vt 0.996660 0.854047
vt 0.999285 0.859350
vt 0.317380 0.939669
vt 0.965961 0.734360
vt 0.000223 0.882703
vt 0.004708 0.882703
vt 0.000912 0.900828
vt 0.970826 0.018009
vt 0.992752 0.011704
vt 0.994493 0.005608
vt 0.155763 0.173258
vt 0.161871 0.177154
vt 0.184499 0.188741
vt 0.806128 0.911015
vt 0.833279 0.914556
vt 0.843643 0.903425
vt 0.216212 0.899888
vt 0.364639 0.729824
vt 0.988157 0.598593
vt 0.950206 0.598593
vt 0.966823 0.581388
vt 0.141861 0.673753
vt 0.364088 0.472180
vt 0.322734 0.728673
vt 0.355396 0.474321
vt 0.366099 0.467519
vt 0.264746 0.027989
vt 0.548922 0.075269
vt 0.436647 0.151564
vt 0.878235 0.568690
vt 0.568919 0.323023
vt 0.569694 0.308759
vt 0.569059 0.609003
vt 0.570303 0.258171
vt 0.967801 0.409576
vt 0.981086 0.395970
vt 0.839412 0.616747
vt 0.935847 0.950348
vt 0.969244 0.782989
vt 0.814869 0.843042
vt 0.983457 0.012685
vt 0.819450 0.853360
vt 0.055873 0.467072
vt 0.065772 0.472280
vt 0.675563 0.249926
vt 0.162772 0.208304
vt 0.569687 0.513955
vt 0.918051 0.990980
vt 0.911025 0.998002
vt 0.588211 0.118279
vt 0.019881 0.990186
vt 0.657282 0.181332
vt 0.653416 0.185482
vt 0.652312 0.169744
vt 0.549474 0.081480
vt 0.669945 0.177318
vt 0.438953 0.109936
vt 0.431620 0.448906
vt 0.968417 0.723199
vt 0.350447 0.027607
vt 0.813875 0.852460
vt 0.932708 0.976421
vt 0.927105 0.981521
vt 0.174467 0.173818
vt 0.930943 0.167142
vt 0.207671 0.895924
vt 0.085730 0.261099
vt 0.520371 0.979425
vt 0.166796 0.029857
vt 0.143353 0.676436
vt 0.019421 0.992884
vt 0.281621 0.820368
vt 0.657544 0.186300
vt 0.665973 0.182541
vt 0.297114 0.802654
vt 0.295202 0.788222
vt 0.557932 0.582903
vt 0.956777 0.410255
vt 0.431601 0.445933
vt 0.849353 0.623476
vt 0.313010 0.953639
vt 0.959620 0.444297
vt 0.989098 0.444297
vt 0.977953 0.489135
vt 0.650493 0.935890
vt 0.933852 0.960016
vt 0.808309 0.831144
vt 0.002644 0.562055
vt 0.979203 0.020329
vt 0.146874 0.170769
vt 0.072042 0.477714
vt 0.498892 0.003537
vt 0.498892 0.024076
vt 0.482863 0.012481
vt 0.051037 0.006230
vt 0.039575 0.005561
vt 0.454607 0.979009
vt 0.451380 0.988939
vt 0.448253 0.983618
vt 0.562870 0.512286
vt 0.546812 0.501987
vt 0.553739 0.104568
vt 0.542159 0.074584
vt 0.014609 0.972871
vt 0.562132 0.318043
vt 0.562734 0.311134
vt 0.891386 0.568190
vt 0.127302 0.947687
vt 0.134595 0.958596
vt 0.124298 0.961941
vt 0.664381 0.929988
vt 0.667068 0.931613
vt 0.335175 0.975774
vt 0.049836 0.467911
vt 0.098578 0.480908
vt 0.820095 0.024374
vt 0.193432 0.886139
vt 0.702007 0.832887
vt 0.708485 0.843534
vt 0.679517 0.799382
vt 0.664842 0.797383
vt 0.669404 0.791199
vt 0.243591 0.424851
vt 0.377691 0.461942
vt 0.348121 0.961413
vt 0.005579 0.434768
vt 0.016334 0.449837
vt 0.002611 0.450038
vt 0.668320 0.202577
vt 0.670090 0.212001
vt 0.665083 0.202474
vt 0.670453 0.161257
vt 0.532905 0.565871
vt 0.541321 0.564743
vt 0.536660 0.584070
vt 0.578810 0.671276
vt 0.586843 0.658832
vt 0.883615 0.580233
vt 0.562972 0.269542
vt 0.977902 0.404595
vt 0.966926 0.418396
vt 0.998036 0.847258
vt 0.801702 0.816255
vt 0.837565 0.030127
vt 0.808946 0.027727
vt 0.836892 0.921023
vt 0.899036 0.267892
vt 0.675835 0.224129
vt 0.162438 0.251946
vt 0.054765 0.271876
vt 0.165230 0.019694
vt 0.258452 0.831502
vt 0.661283 0.196448
vt 0.662218 0.194535
vt 0.446441 0.139938
vt 0.548329 0.580595
vt 0.599812 0.652975
vt 0.553675 0.294673
vt 0.563239 0.296898
vt 0.427374 0.446711
vt 0.130672 0.962793
vt 0.006804 0.948469
vt 0.000100 0.958043
vt 0.000329 0.941858
vt 0.374598 0.017057
vt 0.313830 0.950082
vt 0.397366 0.017805
vt 0.795572 0.852833
vt 0.143256 0.161562
vt 0.152262 0.162876
vt 0.047000 0.481601
vt 0.858596 0.043352
vt 0.918429 0.164349
vt 0.915996 0.155058
vt 0.814711 0.917160
vt 0.203595 0.889968
vt 0.664669 0.250205
vt 0.907420 0.274742
vt 0.670511 0.239386
vt 0.700453 0.818453
vt 0.577569 0.517241
vt 0.600713 0.774226
vt 0.931123 0.853978
vt 0.928863 0.848258
vt 0.938155 0.848784
vt 0.046327 0.296584
vt 0.032011 0.293322
vt 0.038276 0.281943
vt 0.316685 0.759395
vt 0.320729 0.750867
vt 0.468852 0.995903
vt 0.464393 0.984703
vt 0.472161 0.982475
vt 0.639417 0.177341
vt 0.552343 0.570324
vt 0.554267 0.303902
vt 0.623581 0.117740
vt 0.643123 0.106739
vt 0.638056 0.122724
vt 0.960737 0.421053
vt 0.139001 0.953756
vt 0.134682 0.963302
vt 0.147099 0.961910
vt 0.133190 0.978255
vt 0.789305 0.829623
vt 0.942549 0.960744
vt 0.639463 0.937234
vt 0.154404 0.165131
vt 0.171141 0.170457
vt 0.066746 0.486775
vt 0.828705 0.024008
vt 0.652811 0.794496
vt 0.620978 0.782482
vt 0.632881 0.785794
vt 0.266581 0.440340
vt 0.331185 0.741282
vt 0.542394 0.076605
vt 0.014435 0.985336
vt 0.681236 0.184388
vt 0.620742 0.636683
vt 0.557886 0.600484
vt 0.566936 0.620504
vt 0.423586 0.443810
vt 0.817558 0.605345
vt 0.828667 0.604188
vt 0.157964 0.968846
vt 0.946730 0.944759
vt 0.677904 0.404283
vt 0.691971 0.418916
vt 0.877145 0.267209
vt 0.889806 0.266763
vt 0.046642 0.000023
vt 0.563277 0.503061
vt 0.588097 0.777709
vt 0.582513 0.771252
vt 0.314068 0.766632
vt 0.027638 0.433083
vt 0.370071 0.461686
vt 0.281716 0.831113
vt 0.266571 0.837979
vt 0.656005 0.206555
vt 0.450218 0.104292
vt 0.461952 0.136143
vt 0.448197 0.152661
vt 0.555270 0.280280
vt 0.960534 0.285706
vt 0.964702 0.319655
vt 0.940622 0.286067
vt 0.629181 0.126738
vt 0.930250 0.309956
vt 0.916858 0.326286
vt 0.923913 0.312932
vt 0.124312 0.967407
vt 0.343265 0.018241
vt 0.835662 0.604888
vt 0.820390 0.601153
vt 0.292411 0.980176
vt 0.301639 0.966504
vt 0.176864 0.281079
vt 0.182368 0.297522
vt 0.091693 0.488642
vt 0.939664 0.166874
vt 0.070289 0.272478
vt 0.653679 0.843401
vt 0.644976 0.830970
vt 0.653635 0.826757
vt 0.608451 0.780774
vt 0.327148 0.760765
vt 0.333445 0.754505
vt 0.292852 0.824286
vt 0.694593 0.194668
vt 0.544706 0.597818
vt 0.554005 0.610057
vt 0.936402 0.226414
vt 0.922886 0.239055
vt 0.920507 0.223899
vt 0.940105 0.246224
vt 0.667249 0.920754
vt 0.950590 0.975732
vt 0.956223 0.975688
vt 0.945883 0.990620
vt 0.307777 0.953714
vt 0.300933 0.936984
vt 0.788579 0.001364
vt 0.803945 0.001148
vt 0.805801 0.011673
vt 0.967702 0.021619
vt 0.081312 0.485282
vt 0.824329 0.928116
vt 0.154346 0.242312
vt 0.031803 0.028386
vt 0.665455 0.839289
vt 0.688433 0.806685
vt 0.256256 0.430725
vt 0.324777 0.769368
vt 0.470738 0.978456
vt 0.564343 0.113243
vt 0.363044 0.458622
vt 0.759854 0.979563
vt 0.750008 0.969716
vt 0.759618 0.957814
vt 0.641282 0.193305
vt 0.545095 0.291332
vt 0.544205 0.307959
vt 0.545513 0.270301
vt 0.965582 0.979034
vt 0.080220 0.122195
vt 0.975171 0.922359
vt 0.969477 0.927669
vt 0.964549 0.916227
vt 0.964801 0.936530
vt 0.962736 0.932100
vt 0.707438 0.416639
vt 0.699086 0.406852
vt 0.103503 0.493721
vt 0.110791 0.483900
vt 0.154639 0.315648
vt 0.932632 0.174514
vt 0.649937 0.248637
vt 0.655564 0.269652
vt 0.158739 0.263855
vt 0.920664 0.847799
vt 0.914944 0.840581
vt 0.922877 0.832095
vt 0.254085 0.426974
vt 0.343892 0.745968
vt 0.537124 0.090982
vt 0.687335 0.181794
vt 0.527683 0.593028
vt 0.539826 0.607542
vt 0.538008 0.294932
vt 0.602019 0.114629
vt 0.613239 0.129767
vt 0.636216 0.135001
vt 0.649635 0.118062
vt 0.644756 0.133518
vt 0.149771 0.958739
vt 0.843830 0.604094
vt 0.850000 0.603152
vt 0.099225 0.186926
vt 0.106066 0.200293
vt 0.103745 0.196863
vt 0.835686 0.600544
vt 0.104984 0.190101
vt 0.118839 0.186131
vt 0.027318 0.049868
vt 0.034500 0.047959
vt 0.031088 0.055582
vt 0.302069 0.960886
vt 0.298018 0.955653
vt 0.945533 0.979717
vt 0.387761 0.871450
vt 0.390511 0.883840
vt 0.379145 0.886674
vt 0.155961 0.154018
vt 0.168508 0.164296
vt 0.835536 0.025958
vt 0.037662 0.270754
vt 0.581845 0.509026
vt 0.939391 0.842727
vt 0.950664 0.849538
vt 0.946342 0.843958
vt 0.308129 0.785442
vt 0.034336 0.305775
vt 0.021610 0.285827
vt 0.251368 0.427595
vt 0.023859 0.275878
vt 0.640473 0.627975
vt 0.635448 0.626086
vt 0.644593 0.617389
vt 0.619858 0.645575
vt 0.530633 0.278753
vt 0.541765 0.282876
vt 0.538055 0.285699
vt 0.955203 0.255284
vt 0.925298 0.269754
vt 0.840259 0.606871
vt 0.962106 0.991412
vt 0.297879 0.967435
vt 0.985325 0.036272
vt 0.033998 0.068056
vt 0.024718 0.069579
vt 0.027839 0.068097
vt 0.182041 0.155013
vt 0.686759 0.406629
vt 0.089451 0.490927
vt 0.923833 0.172501
vt 0.644697 0.266687
vt 0.641886 0.273673
vt 0.943974 0.172970
vt 0.648655 0.803939
vt 0.665645 0.810160
vt 0.933248 0.838388
vt 0.039046 0.321051
vt 0.030629 0.326717
vt 0.030660 0.317398
vt 0.312567 0.774196
vt 0.252694 0.421976
vt 0.277087 0.454600
vt 0.298026 0.470590
vt 0.298322 0.450518
vt 0.619685 0.622814
vt 0.304458 0.810223
vt 0.310711 0.801651
vt 0.591777 0.672826
vt 0.524340 0.284676
vt 0.146923 0.948627
vt 0.143613 0.948403
vt 0.151194 0.942850
vt 0.056293 0.136533
vt 0.160893 0.156458
vt 0.846117 0.027169
vt 0.048147 0.030879
vt 0.039851 0.051687
vt 0.029774 0.031842
vt 0.158809 0.317104
vt 0.153603 0.322275
vt 0.649089 0.259186
vt 0.654779 0.226072
vt 0.879055 0.255143
vt 0.686677 0.838729
vt 0.672738 0.832407
vt 0.645134 0.812532
vt 0.314707 0.774164
vt 0.996575 0.889370
vt 0.996575 0.875423
vt 0.998494 0.879314
vt 0.013036 0.994498
vt 0.272419 0.850071
vt 0.967804 0.986052
vt 0.625360 0.939417
vt 0.000510 0.098984
vt 0.032072 0.089932
vt 0.627358 0.953103
vt 0.162293 0.151686
vt 0.145897 0.138990
vt 0.871499 0.044599
vt 0.867484 0.261726
vt 0.871602 0.256480
vt 0.681995 0.824790
vt 0.329287 0.770725
vt 0.935919 0.617984
vt 0.957566 0.629003
vt 0.939720 0.627886
vt 0.352123 0.765464
vt 0.374950 0.456611
vt 0.457326 0.981132
vt 0.956426 0.270532
vt 0.031319 0.066531
vt 0.025234 0.065280
vt 0.216816 0.138794
vt 0.191515 0.152528
vt 0.197352 0.147845
vt 0.137623 0.480739
vt 0.127311 0.463520
vt 0.137623 0.464939
vt 0.127124 0.474995
vt 0.049100 0.494552
vt 0.175440 0.158412
vt 0.153112 0.213034
vt 0.682231 0.815402
vt 0.664779 0.819033
vt 0.200807 0.009136
vt 0.209919 0.002516
vt 0.211915 0.017208
vt 0.621765 0.173400
vt 0.651967 0.624924
vt 0.296361 0.835349
vt 0.632720 0.635480
vt 0.304482 0.824201
vt 0.598639 0.667520
vt 0.156499 0.955673
vt 0.829912 0.583699
vt 0.100241 0.196278
vt 0.379680 0.010357
vt 0.368382 0.867999
vt 0.384195 0.868116
vt 0.285613 0.972054
vt 0.603308 0.976658
vt 0.591877 0.992391
vt 0.591465 0.976544
vt 0.289784 0.975970
vt 0.825326 0.002733
vt 0.861991 0.034865
vt 0.086361 0.496712
vt 0.033108 0.002078
vt 0.921301 0.628725
vt 0.921195 0.634157
vt 0.914839 0.636994
vt 0.314414 0.778495
vt 0.749677 0.974415
vt 0.755747 0.980486
vt 0.750130 0.993040
vt 0.625596 0.643266
vt 0.156167 0.945029
vt 0.651759 0.129640
vt 0.648643 0.136057
vt 0.848909 0.598276
vt 0.089414 0.196585
vt 0.958176 0.971775
vt 0.946928 0.968905
vt 0.129955 0.193671
vt 0.122758 0.207885
vt 0.066352 0.504042
vt 0.098621 0.497087
vt 0.896892 0.252463
vt 0.151436 0.260545
vt 0.956480 0.843319
vt 0.959076 0.852569
vt 0.023089 0.305974
vt 0.918038 0.637965
vt 0.923540 0.630022
vt 0.934376 0.626375
vt 0.928610 0.643558
vt 0.575415 0.121925
vt 0.296627 0.843376
vt 0.601166 0.134568
vt 0.587391 0.130487
vt 0.916178 0.245959
vt 0.933274 0.303944
vt 0.941696 0.345021
vt 0.812302 0.584588
vt 0.766095 0.851614
vt 0.172239 0.138940
vt 0.181295 0.147510
vt 0.393944 0.876908
vt 0.119960 0.466754
vt 0.016128 0.319751
vt 0.016653 0.276276
vt 0.352934 0.755902
vt 0.625206 0.153422
vt 0.190678 0.149943
vt 0.171737 0.311157
vt 0.830537 0.929883
vt 0.912331 0.264531
vt 0.150179 0.248507
vt 0.945841 0.838395
vt 0.018646 0.296012
vt 0.283786 0.470228
vt 0.607798 0.662753
vt 0.167103 0.964649
vt 0.110290 0.207837
vt 0.007581 0.069890
vt 0.402606 0.884740
vt 0.955697 0.923478
vt 0.097658 0.504753
vt 0.941602 0.183026
vt 0.931527 0.182915
vt 0.651804 0.234178
vt 0.662452 0.217548
vt 0.918631 0.641890
vt 0.014687 0.423127
vt 0.957217 0.335500
vt 0.635886 0.141547
vt 0.931078 0.289167
vt 0.963911 0.947148
vt 0.092036 0.222124
vt 0.704853 0.913803
vt 0.723867 0.912354
vt 0.736382 0.920743
vt 0.020687 0.064173
vt 0.113089 0.474078
vt 0.406144 0.873288
vt 0.853067 0.028201
vt 0.419552 0.881964
vt 0.433846 0.890864
vt 0.441430 0.880473
vt 0.049623 0.054640
vt 0.810093 0.928361
vt 0.639429 0.250748
vt 0.866883 0.248981
vt 0.963436 0.845438
vt 0.250081 0.440215
vt 0.572147 0.128209
vt 0.513520 0.993052
vt 0.502798 0.989141
vt 0.518154 0.984961
vt 0.505217 0.997362
vt 0.161871 0.017935
vt 0.162983 0.033839
vt 0.146682 0.040250
vt 0.950534 0.925232
vt 0.187630 0.284486
vt 0.190628 0.303052
vt 0.940265 0.826454
vt 0.962609 0.828235
vt 0.938504 0.640797
vt 0.252413 0.436516
vt 0.409135 0.963521
vt 0.409135 0.985197
vt 0.397078 0.968919
vt 0.622304 0.142625
vt 0.914383 0.261735
vt 0.950788 0.942020
vt 0.099562 0.231242
vt 0.989029 0.984931
vt 0.856774 0.029644
vt 0.955700 0.910136
vt 0.964422 0.907590
vt 0.910655 0.178979
vt 0.913960 0.162939
vt 0.167258 0.332217
vt 0.151001 0.205650
vt 0.917038 0.646729
vt 0.017161 0.305090
vt 0.009872 0.294632
vt 0.673694 0.841704
vt 0.699369 0.841704
vt 0.682434 0.864781
vt 0.294212 0.863073
vt 0.618444 0.657723
vt 0.599362 0.674700
vt 0.591298 0.682300
vt 0.161535 0.952430
vt 0.130921 0.441261
vt 0.874190 0.035766
vt 0.698365 0.008127
vt 0.704495 0.008127
vt 0.704294 0.020473
vt 0.039333 0.058731
vt 0.906920 0.253080
vt 0.147918 0.231544
vt 0.927013 0.820791
vt 0.914443 0.829692
vt 0.560575 0.122200
vt 0.372518 0.447895
vt 0.641315 0.636310
vt 0.638346 0.644226
vt 0.585911 0.137237
vt 0.611570 0.141676
vt 0.731197 0.904569
vt 0.720302 0.902743
vt 0.394852 0.869199
vt 0.421803 0.869740
vt 0.641555 0.038485
vt 0.642210 0.052242
vt 0.634179 0.052663
vt 0.051962 0.060435
vt 0.955553 0.642800
vt 0.377743 0.449493
vt 0.654646 0.870983
vt 0.638280 0.857339
vt 0.642640 0.840268
vt 0.270563 0.868216
vt 0.314107 0.841036
vt 0.503837 0.967628
vt 0.167622 0.942915
vt 0.640185 0.143943
vt 0.175011 0.950270
vt 0.032583 0.210593
vt 0.051195 0.187510
vt 0.060511 0.201221
vt 0.820540 0.553940
vt 0.149738 0.202350
vt 0.015617 0.059455
vt 0.061277 0.043140
vt 0.270291 0.985187
vt 0.272231 0.974182
vt 0.282963 0.990477
vt 0.915159 0.650634
vt 0.907337 0.654512
vt 0.260611 0.450945
vt 0.380794 0.449253
vt 0.658891 0.629074
vt 0.603835 0.672743
vt 0.353557 0.113586
vt 0.366679 0.117854
vt 0.356496 0.128757
vt 0.029192 0.196456
vt 0.742735 0.914949
vt 0.988703 0.976622
vt 0.004475 0.060348
vt 0.388361 0.855947
vt 0.108241 0.463591
vt 0.185612 0.305188
vt 0.951493 0.828273
vt 0.967214 0.832116
vt 0.006434 0.320588
vt 0.011135 0.327179
vt 0.007380 0.302935
vt 0.133955 0.680504
vt 0.144442 0.685662
vt 0.137643 0.701144
vt 0.613691 0.166476
vt 0.657081 0.849449
vt 0.301889 0.858966
vt 0.624837 0.654684
vt 0.488549 0.975765
vt 0.972196 0.327646
vt 0.021404 0.232227
vt 0.027475 0.217272
vt 0.030751 0.225969
vt 0.920307 0.279203
vt 0.738698 0.903990
vt 0.962789 0.898084
vt 0.950319 0.914995
vt 0.175179 0.323458
vt 0.636676 0.236037
vt 0.924038 0.654775
vt 0.148309 0.702919
vt 0.387389 0.449545
vt 0.378479 0.443184
vt 0.318920 0.859458
vt 0.628716 0.653860
vt 0.164007 0.746172
vt 0.155682 0.746901
vt 0.161670 0.738245
vt 0.600515 0.148344
vt 0.128643 0.224067
vt 0.133254 0.211783
vt 0.746825 0.920326
vt 0.378367 0.855988
vt 0.138356 0.442872
vt 0.410056 0.865791
vt 0.105576 0.475839
vt 0.650106 0.039437
vt 0.160459 0.333210
vt 0.152108 0.334462
vt 0.163519 0.342062
vt 0.651747 0.217639
vt 0.146976 0.250249
vt 0.267141 0.461491
vt 0.036837 0.423939
vt 0.856147 0.171325
vt 0.858642 0.151009
vt 0.869219 0.174004
vt 0.640309 0.872532
vt 0.632142 0.872151
vt 0.628714 0.862829
vt 0.607675 0.172554
vt 0.487270 0.990565
vt 0.623126 0.146513
vt 0.747458 0.926261
vt 0.001805 0.061830
vt 0.004200 0.054567
vt 0.004814 0.051398
vt 0.117544 0.449523
vt 0.914275 0.185875
vt 0.925472 0.187705
vt 0.853553 0.266204
vt 0.854053 0.231888
vt 0.282934 0.964652
vt 0.125477 0.694959
vt 0.839320 0.160537
vt 0.845059 0.154696
vt 0.612778 0.669946
vt 0.611449 0.145138
vt 0.023310 0.211271
vt 0.732501 0.893065
vt 0.726800 0.893627
vt 0.745801 0.907505
vt 0.752007 0.916924
vt 0.755400 0.920678
vt 0.397818 0.860543
vt 0.852310 0.017863
vt 0.947727 0.940259
vt 0.947655 0.931426
vt 0.063921 0.052858
vt 0.146511 0.263719
vt 0.140628 0.234571
vt 0.931931 0.653128
vt 0.151209 0.719407
vt 0.149660 0.711772
vt 0.160425 0.726977
vt 0.550048 0.124795
vt 0.116977 0.700046
vt 0.111333 0.679138
vt 0.628905 0.658134
vt 0.325079 0.831863
vt 0.603568 0.683400
vt 0.958457 0.349508
vt 0.017303 0.199151
vt 0.015392 0.190520
vt 0.720380 0.895480
vt 0.004578 0.183454
vt 0.001183 0.057183
vt 0.865822 0.018407
vt 0.655318 0.034215
vt 0.648765 0.032578
vt 0.913600 0.660475
vt 0.632434 0.653746
vt 0.931754 0.357703
vt 0.983817 0.943245
vt 0.834107 0.558416
vt 0.844643 0.579652
vt 0.763114 0.918430
vt 0.760568 0.924436
vt 0.757297 0.927244
vt 0.763462 0.922128
vt 0.951969 0.903602
vt 0.951885 0.893768
vt 0.417511 0.858050
vt 0.434277 0.864033
vt 0.067710 0.043721
vt 0.065246 0.022405
vt 0.143765 0.219030
vt 0.922594 0.815317
vt 0.925607 0.813422
vt 0.670672 0.869741
vt 0.659190 0.640463
vt 0.652075 0.642451
vt 0.727982 0.161135
vt 0.732668 0.168700
vt 0.722044 0.176450
vt 0.609082 0.149429
vt 0.271365 0.023335
vt 0.267839 0.020679
vt 0.275057 0.020296
vt 0.281363 0.035821
vt 0.274258 0.042759
vt 0.271771 0.030819
vt 0.756506 0.838403
vt 0.135448 0.216732
vt 0.753822 0.928814
vt 0.096661 0.471022
vt 0.932007 0.192974
vt 0.140497 0.711103
vt 0.970288 0.648013
vt 0.023783 0.416779
vt 0.700435 0.862634
vt 0.579004 0.153731
vt 0.569641 0.136488
vt 0.914600 0.289790
vt 0.929456 0.304208
vt 0.919530 0.300727
vt 0.948233 0.908565
vt 0.939070 0.925764
vt 0.639925 0.058299
vt 0.928349 0.191981
vt 0.948553 0.192249
vt 0.641655 0.222786
vt 0.948158 0.652240
vt 0.255241 0.451801
vt 0.715232 0.171327
vt 0.618165 0.156423
vt 0.339383 0.131030
vt 0.341924 0.119165
vt 0.762483 0.900825
vt 0.750067 0.929873
vt 0.859515 0.019650
vt 0.660668 0.031686
vt 0.665820 0.035993
vt 0.661415 0.038330
vt 0.871442 0.236866
vt 0.162592 0.735136
vt 0.156023 0.736710
vt 0.246246 0.449280
vt 0.387288 0.441911
vt 0.005182 0.419977
vt 0.010189 0.416736
vt 0.015302 0.416167
vt 0.831217 0.156478
vt 0.640484 0.651883
vt 0.638120 0.654109
vt 0.173928 0.739861
vt 0.170242 0.750459
vt 0.166502 0.739539
vt 0.159792 0.753245
vt 0.531998 0.408185
vt 0.525011 0.415084
vt 0.515681 0.405754
vt 0.958426 0.368140
vt 0.325797 0.136905
vt 0.776903 0.910422
vt 0.773145 0.919609
vt 0.209885 0.304772
vt 0.195313 0.290571
vt 0.210560 0.300522
vt 0.091528 0.024947
vt 0.190558 0.315935
vt 0.175383 0.328364
vt 0.163117 0.349427
vt 0.152440 0.346258
vt 0.964535 0.821876
vt 0.921414 0.667715
vt 0.942638 0.812898
vt 0.932190 0.809476
vt 0.596552 0.155567
vt 0.588972 0.156482
vt 0.325274 0.115127
vt 0.283443 0.018884
vt 0.121129 0.239252
vt 0.745347 0.882750
vt 0.761643 0.906373
vt 0.652902 0.052002
vt 0.443255 0.864430
vt 0.479362 0.985183
vt 0.479362 0.966493
vt 0.485135 0.970037
vt 0.169256 0.335909
vt 0.135618 0.245914
vt 0.138855 0.212518
vt 0.951748 0.819967
vt 0.925181 0.803517
vt 0.031801 0.415961
vt 0.870815 0.146413
vt 0.656089 0.648417
vt 0.330798 0.850147
vt 0.280199 0.016412
vt 0.092691 0.246276
vt 0.098729 0.243795
vt 0.775174 0.898920
vt 0.365795 0.081786
vt 0.386372 0.085415
vt 0.362951 0.090196
vt 0.943266 0.917036
vt 0.664666 0.028266
vt 0.680009 0.023180
vt 0.678045 0.039932
vt 0.881458 0.239839
vt 0.281322 0.480292
vt 0.008530 0.422401
vt 0.122814 0.711742
vt 0.555732 0.132597
vt 0.644543 0.653797
vt 0.179834 0.747024
vt 0.512809 0.415392
vt 0.318472 0.123706
vt 0.210927 0.459409
vt 0.204318 0.448142
vt 0.210677 0.446677
vt 0.380585 0.095889
vt 0.389611 0.845864
vt 0.125091 0.439127
vt 0.663513 0.049587
vt 0.096899 0.021111
vt 0.087359 0.007981
vt 0.099524 0.010169
vt 0.018420 0.412553
vt 0.843584 0.133600
vt 0.704678 0.158152
vt 0.710363 0.174478
vt 0.705281 0.174345
vt 0.712678 0.167769
vt 0.217833 0.352423
vt 0.212019 0.338283
vt 0.227478 0.339635
vt 0.148421 0.759355
vt 0.146074 0.747559
vt 0.028272 0.456786
vt 0.058513 0.456786
vt 0.035744 0.465798
vt 0.805540 0.983511
vt 0.800969 0.988082
vt 0.801059 0.975922
vt 0.857645 0.994338
vt 0.857645 0.979035
vt 0.867700 0.989270
vt 0.934810 0.935812
vt 0.423931 0.855510
vt 0.909527 0.184948
vt 0.916314 0.189833
vt 0.902865 0.242943
vt 0.893219 0.232013
vt 0.135749 0.253089
vt 0.395042 0.971988
vt 0.407720 0.989437
vt 0.395411 0.991030
vt 0.651370 0.654437
vt 0.699259 0.173708
vt 0.903984 0.173764
vt 0.925478 0.198686
vt 0.946377 0.199121
vt 0.170992 0.355148
vt 0.159185 0.357481
vt 0.136599 0.225135
vt 0.937173 0.806346
vt 0.547724 0.133009
vt 0.820279 0.147154
vt 0.832980 0.133448
vt 0.175298 0.760154
vt 0.339100 0.144869
vt 0.329797 0.140323
vt 0.105450 0.445926
vt 0.096506 0.448809
vt 0.910619 0.246094
vt 0.871706 0.032943
vt 0.868016 0.024505
vt 0.873142 0.019008
vt 0.959724 0.808570
vt 0.140247 0.738973
vt 0.261754 0.461157
vt 0.271502 0.474629
vt 0.125409 0.723632
vt 0.695644 0.872840
vt 0.684007 0.876165
vt 0.656845 0.876442
vt 0.851262 0.135526
vt 0.217409 0.368161
vt 0.209309 0.365111
vt 0.222228 0.357556
vt 0.371120 0.142037
vt 0.114132 0.249074
vt 0.095769 0.250753
vt 0.677885 0.970685
vt 0.676832 0.962903
vt 0.678815 0.958650
vt 0.940088 0.910263
vt 0.426792 0.846128
vt 0.652912 0.060880
vt 0.884476 0.156652
vt 0.643594 0.877983
vt 0.436969 0.989976
vt 0.446152 0.981527
vt 0.443787 0.990426
vt 0.539303 0.403470
vt 0.535236 0.411537
vt 0.603487 0.170178
vt 0.381981 0.034214
vt 0.376977 0.056165
vt 0.363919 0.052949
vt 0.773238 0.886763
vt 0.403207 0.841377
vt 0.183573 0.327339
vt 0.965794 0.810891
vt 0.134047 0.727839
vt 0.257382 0.458496
vt 0.702154 0.872087
vt 0.115618 0.706231
vt 0.439932 0.980955
vt 0.437456 0.980505
vt 0.435998 0.976044
vt 0.218395 0.432367
vt 0.203193 0.429891
vt 0.673256 0.955508
vt 0.196698 0.451355
vt 0.134558 0.427944
vt 0.942615 0.897353
vt 0.942574 0.943415
vt 0.670678 0.050260
vt 0.888258 0.954410
vt 0.896764 0.928233
vt 0.899710 0.954259
vt 0.179403 0.341261
vt 0.173134 0.350097
vt 0.942254 0.803621
vt 0.276494 0.482799
vt 0.023522 0.411453
vt 0.817259 0.138254
vt 0.280261 0.120967
vt 0.294363 0.129538
vt 0.286296 0.133221
vt 0.521693 0.419283
vt 0.932918 0.930332
vt 0.944278 0.885399
vt 0.953390 0.886128
vt 0.687151 0.031273
vt 0.175469 0.343047
vt 0.946812 0.803179
vt 0.261647 0.466409
vt 0.258554 0.463532
vt 0.668107 0.876538
vt 0.692206 0.156971
vt 0.595949 0.171367
vt 0.385049 0.050699
vt 0.678401 0.948941
vt 0.933633 0.921770
vt 0.693978 0.023899
vt 0.928753 0.209079
vt 0.934895 0.206363
vt 0.947863 0.798972
vt 0.263537 0.472182
vt 0.119730 0.715099
vt 0.544028 0.418104
vt 0.512060 0.422615
vt 0.197493 0.438616
vt 0.887844 0.225632
vt 0.944003 0.791276
vt 0.033150 0.410878
vt 0.530875 0.418001
vt 0.755155 0.461342
vt 0.751588 0.447364
vt 0.763550 0.455528
vt 0.207016 0.312908
vt 0.874654 0.222885
vt 0.951056 0.799630
vt 0.269568 0.476944
vt 0.882419 0.140875
vt 0.658243 0.881132
vt 0.667097 0.879860
vt 0.693992 0.173647
vt 0.114731 0.425996
vt 0.937610 0.900942
vt 0.944265 0.675361
vt 0.127571 0.731778
vt 0.027959 0.407457
vt 0.835346 0.121804
vt 0.219717 0.388920
vt 0.212185 0.382370
vt 0.168475 0.769939
vt 0.309825 0.116637
vt 0.511895 0.436304
vt 0.392746 0.067611
vt 0.126173 0.425642
vt 0.165933 0.723646
vt 0.164652 0.711458
vt 0.174039 0.719969
vt 0.646418 0.068003
vt 0.923188 0.205644
vt 0.868337 0.019512
vt 0.954967 0.798692
vt 0.277374 0.487146
vt 0.675119 0.880641
vt 0.681065 0.168373
vt 0.686341 0.163248
vt 0.684070 0.175137
vt 0.690173 0.172727
vt 0.872446 0.130825
vt 0.227225 0.377093
vt 0.716100 0.150595
vt 0.552260 0.408285
vt 0.525850 0.435507
vt 0.206122 0.418339
vt 0.188824 0.447296
vt 0.662253 0.058599
vt 0.200181 0.323868
vt 0.199286 0.331194
vt 0.177330 0.356993
vt 0.914692 0.228705
vt 0.674374 0.984050
vt 0.674101 0.972570
vt 0.681915 0.974664
vt 0.728684 0.009441
vt 0.728684 0.021132
vt 0.723979 0.011161
vt 0.866771 0.226301
vt 0.119115 0.730223
vt 0.272258 0.482706
vt 0.109866 0.709337
vt 0.850735 0.127547
vt 0.302976 0.140176
vt 0.398339 0.046004
vt 0.362933 0.160523
vt 0.354610 0.159660
vt 0.870593 0.012422
vt 0.876561 0.016354
vt 0.681819 0.989955
vt 0.127655 0.739335
vt 0.721367 0.146948
vt 0.241036 0.351278
vt 0.937500 0.892422
vt 0.171986 0.706646
vt 0.183517 0.346184
vt 0.948080 0.216392
vt 0.139373 0.745654
vt 0.128618 0.744213
vt 0.959542 0.798221
vt 0.114265 0.730651
vt 0.324791 0.145200
vt 0.404012 0.056619
vt 0.406232 0.092947
vt 0.389776 0.827041
vt 0.400279 0.829336
vt 0.095372 0.438740
vt 0.896384 0.200433
vt 0.899117 0.184597
vt 0.908263 0.204792
vt 0.906619 0.199396
vt 0.200446 0.342078
vt 0.184676 0.352892
vt 0.021108 0.007078
vt 0.027439 0.009135
vt 0.020391 0.022015
vt 0.834924 0.391646
vt 0.837164 0.401351
vt 0.824984 0.398105
vt 0.970862 0.658446
vt 0.233381 0.361779
vt 0.188580 0.759515
vt 0.316073 0.144752
vt 0.400750 0.031310
vt 0.105306 0.423398
vt 0.682538 0.052145
vt 0.691094 0.040326
vt 0.930867 0.374761
vt 0.918629 0.395209
vt 0.911841 0.386650
vt 0.912903 0.365757
vt 0.927600 0.357892
vt 0.933920 0.686393
vt 0.927603 0.786307
vt 0.125356 0.751336
vt 0.894457 0.153218
vt 0.109597 0.722921
vt 0.061891 0.992958
vt 0.057815 0.980414
vt 0.068911 0.981466
vt 0.536469 0.431308
vt 0.399503 0.079638
vt 0.154515 0.703058
vt 0.164749 0.705297
vt 0.760745 0.470306
vt 0.910748 0.413168
vt 0.916550 0.404546
vt 0.920521 0.415440
vt 0.832662 0.406031
vt 0.961386 0.672261
vt 0.955634 0.788878
vt 0.953305 0.785764
vt 0.556668 0.417098
vt 0.319539 0.155609
vt 0.341397 0.157317
vt 0.408212 0.832509
vt 0.179144 0.717712
vt 0.226739 0.395640
vt 0.210164 0.400648
vt 0.708497 0.149215
vt 0.192811 0.437064
vt 0.415639 0.069059
vt 0.187688 0.443248
vt 0.191947 0.456074
vt 0.140537 0.890078
vt 0.145971 0.879155
vt 0.150295 0.884889
vt 0.699341 0.017423
vt 0.702606 0.025205
vt 0.923237 0.210966
vt 0.860001 0.221989
vt 0.945177 0.786662
vt 0.873244 0.119389
vt 0.214085 0.422072
vt 0.925866 0.910267
vt 0.179924 0.705908
vt 0.190054 0.715236
vt 0.663017 0.065811
vt 0.844774 0.396667
vt 0.239580 0.358382
vt 0.180553 0.768755
vt 0.154007 0.776538
vt 0.292734 0.143409
vt 0.123204 0.420250
vt 0.134208 0.421296
vt 0.918832 0.925851
vt 0.926037 0.899022
vt 0.921219 0.945624
vt 0.922406 0.937008
vt 0.425865 0.843271
vt 0.769400 0.468059
vt 0.767462 0.447729
vt 0.777258 0.458901
vt 0.674137 0.062398
vt 0.893009 0.141418
vt 0.689760 0.156206
vt 0.241238 0.376015
vt 0.551634 0.427495
vt 0.297547 0.147074
vt 0.333794 0.159228
vt 0.197798 0.414341
vt 0.927673 0.403992
vt 0.892202 0.218691
vt 0.490254 0.369161
vt 0.479409 0.368037
vt 0.481419 0.360538
vt 0.676786 0.160406
vt 0.698703 0.151226
vt 0.143565 0.772328
vt 0.562857 0.409532
vt 0.310559 0.150188
vt 0.325370 0.161752
vt 0.933443 0.895225
vt 0.907917 0.218578
vt 0.484889 0.374284
vt 0.935128 0.781664
vt 0.112373 0.738740
vt 0.684693 0.156228
vt 0.518796 0.446603
vt 0.120934 0.416136
vt 0.655545 0.072543
vt 0.948143 0.683167
vt 0.905236 0.147398
vt 0.910552 0.158439
vt 0.897905 0.145264
vt 0.714862 0.142779
vt 0.421258 0.047378
vt 0.344322 0.165907
vt 0.207649 0.409392
vt 0.916582 0.933024
vt 0.174094 0.700472
vt 0.906350 0.395303
vt 0.973333 0.674735
vt 0.963088 0.676233
vt 0.933766 0.694002
vt 0.116583 0.749397
vt 0.935715 0.776149
vt 0.673062 0.169713
vt 0.243304 0.368283
vt 0.160382 0.782362
vt 0.165907 0.446367
vt 0.171644 0.449996
vt 0.115620 0.417068
vt 0.938985 0.884750
vt 0.677368 0.060169
vt 0.214323 0.322303
vt 0.204326 0.348762
vt 0.917471 0.348694
vt 0.928736 0.340712
vt 0.915492 0.337740
vt 0.961605 0.774720
vt 0.964990 0.782407
vt 0.948261 0.781134
vt 0.561389 0.417023
vt 0.528732 0.445717
vt 0.567062 0.407714
vt 0.299671 0.153411
vt 0.197957 0.395971
vt 0.763293 0.487781
vt 0.768951 0.486204
vt 0.150300 0.698691
vt 0.901938 0.202740
vt 0.904712 0.419472
vt 0.900454 0.402784
vt 0.481328 0.382028
vt 0.490962 0.377388
vt 0.842334 0.404875
vt 0.950648 0.694020
vt 0.937692 0.699675
vt 0.895830 0.123238
vt 0.888278 0.119453
vt 0.691166 0.150707
vt 0.416823 0.031415
vt 0.164884 0.439407
vt 0.418450 0.081490
vt 0.915475 0.916414
vt 0.925182 0.893664
vt 0.224279 0.056592
vt 0.216894 0.071274
vt 0.208437 0.063320
vt 0.195892 0.700713
vt 0.914855 0.209532
vt 0.907204 0.206705
vt 0.488824 0.383687
vt 0.842985 0.418691
vt 0.834827 0.418028
vt 0.961878 0.681594
vt 0.943389 0.699856
vt 0.236098 0.391777
vt 0.708752 0.142392
vt 0.566187 0.418794
vt 0.941828 0.446815
vt 0.940173 0.459076
vt 0.930718 0.453617
vt 0.173210 0.415197
vt 0.120603 0.006970
vt 0.120603 0.018178
vt 0.112631 0.010499
vt 0.926868 0.215822
vt 0.193381 0.356734
vt 0.276856 0.074625
vt 0.281861 0.085356
vt 0.276818 0.100918
vt 0.000195 0.972085
vt 0.010653 0.972134
vt 0.002760 0.977586
vt 0.958208 0.688972
vt 0.957765 0.694373
vt 0.555026 0.429874
vt 0.401135 0.822646
vt 0.891989 0.193348
vt 0.891650 0.199819
vt 0.145541 0.863939
vt 0.152261 0.865840
vt 0.156183 0.870586
vt 0.673974 0.069809
vt 0.966060 0.681456
vt 0.233523 0.986160
vt 0.228232 0.991094
vt 0.221464 0.971431
vt 0.962048 0.685021
vt 0.902247 0.136049
vt 0.107056 0.943518
vt 0.114152 0.936671
vt 0.124577 0.944682
vt 0.182080 0.785711
vt 0.572111 0.409252
vt 0.305040 0.160321
vt 0.894566 0.202657
vt 0.884932 0.406403
vt 0.886592 0.397230
vt 0.993261 0.567053
vt 0.988818 0.563169
vt 0.988104 0.553721
vt 0.964982 0.694707
vt 0.851665 0.014989
vt 0.855721 0.002505
vt 0.861353 0.016726
vt 0.957152 0.701543
vt 0.343981 0.977212
vt 0.337478 0.957198
vt 0.343737 0.956220
vt 0.140677 0.623563
vt 0.135382 0.634427
vt 0.126402 0.623725
vt 0.226610 0.419064
vt 0.239590 0.407017
vt 0.252121 0.368576
vt 0.546146 0.437418
vt 0.317450 0.164804
vt 0.164940 0.692795
vt 0.165123 0.878982
vt 0.172678 0.895781
vt 0.132155 0.599114
vt 0.143359 0.589721
vt 0.143652 0.596732
vt 0.126883 0.614558
vt 0.253114 0.362747
vt 0.541802 0.441418
vt 0.770231 0.495750
vt 0.757078 0.493432
vt 0.150383 0.687420
vt 0.917931 0.942074
vt 0.892526 0.209037
vt 0.209680 0.331425
vt 0.009315 0.985315
vt 0.954976 0.781204
vt 0.989956 0.569959
vt 0.977247 0.566548
vt 0.092836 0.534168
vt 0.105746 0.533943
vt 0.093841 0.553568
vt 0.188453 0.783252
vt 0.427499 0.041493
vt 0.169157 0.683172
vt 0.184023 0.692748
vt 0.656447 0.365368
vt 0.648671 0.357111
vt 0.655316 0.354607
vt 0.209186 0.339866
vt 0.919724 0.219215
vt 0.897304 0.379520
vt 0.971456 0.690210
vt 0.686624 0.148643
vt 0.718628 0.124057
vt 0.559832 0.431090
vt 0.203024 0.382307
vt 0.178794 0.393767
vt 0.102402 0.410775
vt 0.107933 0.410286
vt 0.215253 0.079801
vt 0.207782 0.080911
vt 0.203296 0.073356
vt 0.786973 0.452497
vt 0.793693 0.461795
vt 0.901734 0.216495
vt 0.510266 0.386966
vt 0.493894 0.396668
vt 0.901488 0.363549
vt 0.233665 0.973608
vt 0.002756 0.987974
vt 0.106202 0.577298
vt 0.116387 0.556648
vt 0.125006 0.561099
vt 0.704045 0.127511
vt 0.249685 0.391980
vt 0.138591 0.784240
vt 0.172694 0.786950
vt 0.213405 0.089027
vt 0.192790 0.088838
vt 0.109657 0.160198
vt 0.116577 0.169622
vt 0.109277 0.165633
vt 0.667282 0.074079
vt 0.180839 0.878549
vt 0.933535 0.221836
vt 0.506062 0.378475
vt 0.096014 0.561252
vt 0.101734 0.525589
vt 0.691427 0.137523
vt 0.582618 0.419333
vt 0.925967 0.464663
vt 0.318755 0.174852
vt 0.764748 0.512892
vt 0.773171 0.505915
vt 0.769523 0.517285
vt 0.195805 0.687904
vt 0.666068 0.353158
vt 0.114039 0.588098
vt 0.133955 0.563497
vt 0.111803 0.542679
vt 0.670678 0.144681
vt 0.151850 0.989721
vt 0.170448 0.993001
vt 0.139584 0.994571
vt 0.332371 0.184738
vt 0.915035 0.901123
vt 0.094027 0.157343
vt 0.108277 0.151938
vt 0.202054 0.066327
vt 0.105532 0.167253
vt 0.883260 0.198623
vt 0.789640 0.477700
vt 0.890977 0.383753
vt 0.132686 0.609504
vt 0.141763 0.613988
vt 0.131826 0.587188
vt 0.113558 0.550183
vt 0.127818 0.939020
vt 0.686814 0.141718
vt 0.255550 0.374741
vt 0.249978 0.380352
vt 0.713049 0.132340
vt 0.148149 0.786435
vt 0.552203 0.440432
vt 0.427899 0.098868
vt 0.158310 0.454749
vt 0.204703 0.055608
vt 0.502043 0.373200
vt 0.135204 0.581947
vt 0.146826 0.585874
vt 0.659842 0.986319
vt 0.668000 0.989396
vt 0.663061 0.995950
vt 0.157763 0.788609
vt 0.544269 0.444621
vt 0.947806 0.466082
vt 0.929395 0.470650
vt 0.580209 0.410643
vt 0.315454 0.169698
vt 0.163901 0.984486
vt 0.156830 0.983267
vt 0.437283 0.045734
vt 0.171966 0.382975
vt 0.435865 0.066137
vt 0.906861 0.920464
vt 0.778620 0.481453
vt 0.741239 0.482026
vt 0.738244 0.497438
vt 0.732229 0.482590
vt 0.899497 0.351964
vt 0.847395 0.412274
vt 0.163593 0.628318
vt 0.122990 0.926393
vt 0.245968 0.407398
vt 0.254317 0.399543
vt 0.120801 0.172531
vt 0.098805 0.171276
vt 0.200320 0.057074
vt 0.153612 0.862011
vt 0.163163 0.867738
vt 0.130434 0.543802
vt 0.582846 0.432405
vt 0.105436 0.179444
vt 0.882808 0.207296
vt 0.799060 0.476337
vt 0.749346 0.479885
vt 0.747322 0.474341
vt 0.722882 0.487445
vt 0.854401 0.403455
vt 0.497176 0.364603
vt 0.109579 0.514466
vt 0.162513 0.622923
vt 0.123072 0.916975
vt 0.126961 0.920990
vt 0.536669 0.454768
vt 0.920169 0.453121
vt 0.768787 0.502714
vt 0.101725 0.162244
vt 0.687258 0.068866
vt 0.699004 0.063901
vt 0.737822 0.479625
vt 0.486972 0.406206
vt 0.507732 0.407707
vt 0.150060 0.604923
vt 0.157730 0.571679
vt 0.160985 0.573272
vt 0.129170 0.915772
vt 0.810702 0.115912
vt 0.829653 0.127299
vt 0.805931 0.129426
vt 0.142512 0.986592
vt 0.143945 0.980281
vt 0.438824 0.090865
vt 0.156851 0.419701
vt 0.794969 0.519307
vt 0.158721 0.865285
vt 0.173154 0.872730
vt 0.210168 0.689140
vt 0.209639 0.699656
vt 0.218181 0.694039
vt 0.503485 0.366797
vt 0.979261 0.556773
vt 0.669990 0.981279
vt 0.157098 0.635755
vt 0.260240 0.371685
vt 0.788837 0.503588
vt 0.195250 0.103477
vt 0.180873 0.098650
vt 0.094791 0.162167
vt 0.181865 0.681399
vt 0.902353 0.331514
vt 0.117026 0.527453
vt 0.789527 0.873429
vt 0.782322 0.873035
vt 0.781016 0.871546
vt 0.142196 0.944669
vt 0.261510 0.384633
vt 0.141542 0.796270
vt 0.570008 0.443232
vt 0.674696 0.341517
vt 0.676818 0.353685
vt 0.192153 0.881464
vt 0.657427 0.979395
vt 0.972263 0.568705
vt 0.974706 0.556599
vt 0.119904 0.532918
vt 0.134468 0.928409
vt 0.913094 0.463459
vt 0.595681 0.404535
vt 0.608420 0.418184
vt 0.095846 0.160481
vt 0.778293 0.499076
vt 0.183500 0.078976
vt 0.982237 0.552635
vt 0.151234 0.591377
vt 0.675825 0.140584
vt 0.145161 0.799231
vt 0.546763 0.449339
vt 0.605175 0.409599
vt 0.905629 0.911331
vt 0.911841 0.894277
vt 0.207056 0.682883
vt 0.212722 0.349756
vt 0.508380 0.397874
vt 0.510216 0.373917
vt 0.994015 0.549415
vt 0.986428 0.547147
vt 0.137490 0.923961
vt 0.675690 0.134990
vt 0.944841 0.477724
vt 0.906939 0.454577
vt 0.163247 0.675197
vt 0.819190 0.474554
vt 0.173565 0.869917
vt 0.215351 0.674741
vt 0.876528 0.400832
vt 0.858780 0.415359
vt 0.846326 0.424378
vt 0.789230 0.885553
vt 0.772952 0.883772
vt 0.791179 0.881001
vt 0.686110 0.134119
vt 0.175432 0.794843
vt 0.168059 0.794507
vt 0.542819 0.456156
vt 0.120479 0.984166
vt 0.163132 0.394495
vt 0.797840 0.534371
vt 0.815229 0.525751
vt 0.100644 0.147139
vt 0.086485 0.147239
vt 0.144988 0.672111
vt 0.170734 0.851769
vt 0.652653 0.335408
vt 0.196220 0.678258
vt 0.225328 0.682546
vt 0.857091 0.418633
vt 0.162563 0.575907
vt 0.262386 0.378547
vt 0.268616 0.366631
vt 0.352137 0.643407
vt 0.342816 0.633892
vt 0.353826 0.636939
vt 0.088939 0.166251
vt 0.788927 0.493991
vt 0.685378 0.082675
vt 0.803891 0.457436
vt 0.181562 0.873363
vt 0.209758 0.675888
vt 0.728303 0.479322
vt 0.887689 0.344865
vt 0.169463 0.612341
vt 0.136688 0.522546
vt 0.970508 0.554435
vt 0.146700 0.554162
vt 0.142051 0.919258
vt 0.795149 0.125240
vt 0.698865 0.127437
vt 0.709009 0.121058
vt 0.339342 0.638476
vt 0.890700 0.454668
vt 0.896929 0.443795
vt 0.174431 0.062975
vt 0.199570 0.049519
vt 0.975205 0.552948
vt 0.772774 0.873342
vt 0.162186 0.586285
vt 0.139213 0.563677
vt 0.686798 0.128298
vt 0.538212 0.462900
vt 0.087128 0.155436
vt 0.785600 0.499180
vt 0.098586 0.184118
vt 0.665315 0.335089
vt 0.725620 0.472303
vt 0.891244 0.360266
vt 0.511048 0.379666
vt 0.853929 0.422671
vt 0.162396 0.607212
vt 0.165572 0.574999
vt 0.794857 0.115595
vt 0.156801 0.795031
vt 0.571443 0.461409
vt 0.933713 0.480213
vt 0.596924 0.434950
vt 0.348940 0.628626
vt 0.808894 0.501831
vt 0.085128 0.151864
vt 0.902048 0.900909
vt 0.686025 0.349199
vt 0.800514 0.488784
vt 0.693518 0.071697
vt 0.509372 0.368304
vt 0.782371 0.861385
vt 0.763702 0.866137
vt 0.145297 0.560740
vt 0.815657 0.133802
vt 0.811140 0.149923
vt 0.800635 0.143791
vt 0.183795 0.795667
vt 0.939462 0.483994
vt 0.090411 0.176789
vt 0.094988 0.131675
vt 0.079664 0.137853
vt 0.189262 0.876721
vt 0.182324 0.673009
vt 0.513891 0.403374
vt 0.516090 0.396377
vt 0.515860 0.387228
vt 0.850039 0.428993
vt 0.767050 0.880590
vt 0.764399 0.854750
vt 0.139400 0.932830
vt 0.691103 0.126424
vt 0.333221 0.639412
vt 0.824130 0.522240
vt 0.818802 0.546225
vt 0.176866 0.120263
vt 0.165708 0.101937
vt 0.082126 0.154730
vt 0.171111 0.084345
vt 0.834704 0.475458
vt 0.832811 0.465385
vt 0.181768 0.865090
vt 0.864991 0.394902
vt 0.871257 0.386320
vt 0.877280 0.376208
vt 0.718646 0.495016
vt 0.715500 0.488925
vt 0.518585 0.363617
vt 0.785455 0.855085
vt 0.167835 0.580069
vt 0.148466 0.930760
vt 0.682363 0.128373
vt 0.270968 0.376896
vt 0.196715 0.786742
vt 0.899150 0.464932
vt 0.827414 0.525968
vt 0.083001 0.174503
vt 0.204138 0.884969
vt 0.197535 0.670242
vt 0.883794 0.371073
vt 0.865038 0.408344
vt 0.529064 0.374765
vt 0.859459 0.430268
vt 0.857071 0.438185
vt 0.977821 0.549206
vt 0.161923 0.594560
vt 0.148029 0.940156
vt 0.670192 0.135555
vt 0.698535 0.117903
vt 0.687456 0.342847
vt 0.869766 0.111653
vt 0.879738 0.105346
vt 0.878488 0.120212
vt 0.361973 0.867695
vt 0.352752 0.866830
vt 0.366227 0.845402
vt 0.757702 0.875005
vt 0.314079 0.093520
vt 0.301623 0.100780
vt 0.286212 0.084410
vt 0.145053 0.541897
vt 0.155685 0.551677
vt 0.149077 0.550308
vt 0.875322 0.444870
vt 0.084062 0.151134
vt 0.793755 0.494542
vt 0.167223 0.665147
vt 0.809133 0.486849
vt 0.640462 0.332035
vt 0.977912 0.544652
vt 0.984395 0.542349
vt 0.969810 0.548540
vt 0.684774 0.124429
vt 0.147941 0.807034
vt 0.912551 0.476653
vt 0.833442 0.533653
vt 0.176006 0.044753
vt 0.524629 0.392179
vt 0.527944 0.363745
vt 0.864539 0.434146
vt 0.872527 0.442962
vt 0.171555 0.590577
vt 0.979771 0.705239
vt 0.977559 0.694396
vt 0.988537 0.701020
vt 0.284265 0.118571
vt 0.299744 0.117349
vt 0.293833 0.125156
vt 0.984158 0.692933
vt 0.783530 0.119369
vt 0.810781 0.159032
vt 0.803927 0.166002
vt 0.800344 0.159543
vt 0.159784 0.799874
vt 0.947019 0.484323
vt 0.949136 0.502073
vt 0.931632 0.497212
vt 0.904599 0.474269
vt 0.680668 0.332106
vt 0.869652 0.095263
vt 0.717594 0.480908
vt 0.351115 0.853563
vt 0.530824 0.382241
vt 0.963045 0.698166
vt 0.177751 0.631215
vt 0.794110 0.134370
vt 0.081206 0.145794
vt 0.163544 0.074783
vt 0.673779 0.333521
vt 0.192934 0.856693
vt 0.201332 0.873764
vt 0.500657 0.168894
vt 0.510765 0.151439
vt 0.527405 0.167203
vt 0.501469 0.177826
vt 0.878114 0.358548
vt 0.863121 0.412698
vt 0.860544 0.415733
vt 0.877334 0.425312
vt 0.859390 0.447133
vt 0.170352 0.637914
vt 0.793816 0.160308
vt 0.927647 0.492609
vt 0.926913 0.490764
vt 0.358344 0.615834
vt 0.333049 0.614974
vt 0.825780 0.500473
vt 0.798969 0.494954
vt 0.522436 0.400033
vt 0.875740 0.418487
vt 0.990604 0.708448
vt 0.156777 0.938420
vt 0.706839 0.115436
vt 0.153217 0.806671
vt 0.593078 0.460384
vt 0.075634 0.147492
vt 0.176498 0.658826
vt 0.729083 0.459452
vt 0.313116 0.096880
vt 0.968509 0.541824
vt 0.975462 0.539040
vt 0.170830 0.622324
vt 0.794197 0.182274
vt 0.814132 0.173484
vt 0.923333 0.484396
vt 0.077524 0.161543
vt 0.068146 0.131052
vt 0.084238 0.123448
vt 0.158812 0.056871
vt 0.180331 0.843988
vt 0.189616 0.651301
vt 0.882610 0.434066
vt 0.174106 0.606804
vt 0.762113 0.644681
vt 0.767515 0.658852
vt 0.753364 0.656779
vt 0.692197 0.115215
vt 0.791725 0.149644
vt 0.142650 0.810268
vt 0.196220 0.802380
vt 0.933175 0.513408
vt 0.332659 0.628690
vt 0.524771 0.181157
vt 0.508693 0.189892
vt 0.530931 0.201317
vt 0.515906 0.206879
vt 0.706161 0.489338
vt 0.859539 0.456378
vt 0.847835 0.451935
vt 0.869870 0.455208
vt 0.740640 0.656614
vt 0.737154 0.626913
vt 0.983225 0.534578
vt 0.707751 0.105371
vt 0.161786 0.808581
vt 0.175287 0.805761
vt 0.413910 0.978375
vt 0.433723 0.978375
vt 0.428357 0.997463
vt 0.068637 0.156012
vt 0.076917 0.141306
vt 0.822692 0.486625
vt 0.803486 0.490593
vt 0.725584 0.462635
vt 0.716854 0.472715
vt 0.531778 0.393409
vt 0.867029 0.411036
vt 0.316932 0.110484
vt 0.160202 0.930378
vt 0.682828 0.119528
vt 0.791655 0.143082
vt 0.080695 0.193203
vt 0.655647 0.323357
vt 0.535816 0.148070
vt 0.370171 0.887064
vt 0.385442 0.894854
vt 0.376324 0.895925
vt 0.865919 0.410629
vt 0.538094 0.382713
vt 0.701336 0.112055
vt 0.329593 0.633330
vt 0.555438 0.676590
vt 0.548427 0.687595
vt 0.541348 0.676525
vt 0.826943 0.492392
vt 0.153189 0.085419
vt 0.532277 0.213501
vt 0.516367 0.219187
vt 0.881044 0.411037
vt 0.538324 0.377540
vt 0.535836 0.364048
vt 0.639021 0.891432
vt 0.638348 0.883738
vt 0.650865 0.887630
vt 0.663726 0.902250
vt 0.649544 0.900682
vt 0.786847 0.177474
vt 0.123655 0.004050
vt 0.131027 0.014579
vt 0.122918 0.021098
vt 0.889236 0.471435
vt 0.065116 0.149473
vt 0.072962 0.137948
vt 0.810608 0.490447
vt 0.676996 0.323958
vt 0.700127 0.485021
vt 0.530467 0.402588
vt 0.869671 0.405167
vt 0.181808 0.602323
vt 0.153247 0.916491
vt 0.183974 0.637132
vt 0.167387 0.645201
vt 0.670895 0.123348
vt 0.326172 0.997339
vt 0.323635 0.979485
vt 0.329571 0.986879
vt 0.782552 0.131612
vt 0.771657 0.147330
vt 0.602724 0.450140
vt 0.321498 0.648385
vt 0.302578 0.642652
vt 0.305146 0.636552
vt 0.665469 0.322614
vt 0.348416 0.861328
vt 0.540543 0.370033
vt 0.864799 0.461988
vt 0.751705 0.673264
vt 0.762343 0.676482
vt 0.750620 0.868926
vt 0.188534 0.646270
vt 0.324124 0.643731
vt 0.691110 0.327807
vt 0.145376 0.653640
vt 0.200451 0.856178
vt 0.353793 0.878396
vt 0.348635 0.868532
vt 0.341501 0.863829
vt 0.346988 0.854839
vt 0.854902 0.462297
vt 0.656781 0.909672
vt 0.181320 0.616049
vt 0.770213 0.162333
vt 0.176875 0.813037
vt 0.914129 0.488518
vt 0.905559 0.485040
vt 0.346485 0.603957
vt 0.064900 0.173483
vt 0.162596 0.037528
vt 0.551458 0.171965
vt 0.664957 0.914999
vt 0.322463 0.095836
vt 0.972774 0.534771
vt 0.164236 0.926490
vt 0.773662 0.136451
vt 0.919735 0.493939
vt 0.942715 0.526126
vt 0.322634 0.631404
vt 0.870046 0.081513
vt 0.880090 0.076040
vt 0.363868 0.900137
vt 0.872231 0.403602
vt 0.081908 0.006466
vt 0.093650 0.022627
vt 0.074496 0.019655
vt 0.673265 0.897208
vt 0.675411 0.916704
vt 0.647852 0.912924
vt 0.641703 0.903640
vt 0.478437 0.653303
vt 0.470036 0.641925
vt 0.482344 0.635103
vt 0.745507 0.878301
vt 0.719176 0.886565
vt 0.724080 0.878747
vt 0.732076 0.879198
vt 0.768722 0.119574
vt 0.323904 0.625105
vt 0.062853 0.133094
vt 0.166326 0.649136
vt 0.718815 0.465711
vt 0.354954 0.888532
vt 0.333898 0.868103
vt 0.328359 0.857517
vt 0.284019 0.110078
vt 0.278695 0.108071
vt 0.283332 0.090766
vt 0.467514 0.669917
vt 0.451950 0.664308
vt 0.168014 0.939745
vt 0.317139 0.981188
vt 0.196180 0.809935
vt 0.148442 0.100249
vt 0.684250 0.325655
vt 0.149035 0.069835
vt 0.589215 0.250747
vt 0.569731 0.255740
vt 0.580306 0.241193
vt 0.638652 0.320462
vt 0.548362 0.210931
vt 0.337811 0.873258
vt 0.712913 0.655758
vt 0.748413 0.861854
vt 0.763332 0.124284
vt 0.689732 0.111001
vt 0.696657 0.107102
vt 0.368730 0.322358
vt 0.363128 0.337749
vt 0.356516 0.321155
vt 0.382755 0.321688
vt 0.371828 0.331539
vt 0.180698 0.812976
vt 0.877737 0.462397
vt 0.304187 0.627315
vt 0.297988 0.638610
vt 0.859466 0.084586
vt 0.548426 0.189803
vt 0.347925 0.875146
vt 0.541718 0.397897
vt 0.278604 0.118800
vt 0.873859 0.461918
vt 0.631153 0.887599
vt 0.742705 0.874236
vt 0.171544 0.933801
vt 0.332269 0.980244
vt 0.682531 0.114262
vt 0.347891 0.326300
vt 0.350460 0.344088
vt 0.341768 0.337468
vt 0.565193 0.259717
vt 0.561136 0.250593
vt 0.567982 0.251217
vt 0.852372 0.117276
vt 0.548086 0.384163
vt 0.860328 0.472439
vt 0.634295 0.898654
vt 0.455991 0.632606
vt 0.759599 0.849685
vt 0.730887 0.874035
vt 0.312973 0.626064
vt 0.874247 0.076969
vt 0.552240 0.368361
vt 0.550650 0.374013
vt 0.653541 0.919300
vt 0.740713 0.673186
vt 0.336425 0.108791
vt 0.338349 0.103469
vt 0.345180 0.097439
vt 0.502893 0.621341
vt 0.488008 0.612359
vt 0.894428 0.486639
vt 0.069819 0.188725
vt 0.572237 0.243604
vt 0.721523 0.462193
vt 0.863048 0.702648
vt 0.875281 0.709056
vt 0.872343 0.718667
vt 0.431512 0.635775
vt 0.754103 0.741776
vt 0.755331 0.743667
vt 0.746038 0.747812
vt 0.750517 0.760908
vt 0.556560 0.687480
vt 0.692734 0.323476
vt 0.686631 0.321012
vt 0.844801 0.097681
vt 0.713091 0.466587
vt 0.700704 0.478045
vt 0.346964 0.888780
vt 0.347469 0.882184
vt 0.329599 0.871199
vt 0.320617 0.864009
vt 0.463025 0.625994
vt 0.745723 0.733801
vt 0.786430 0.186673
vt 0.311937 0.621797
vt 0.569663 0.241314
vt 0.674415 0.318748
vt 0.880690 0.717352
vt 0.755973 0.693816
vt 0.344818 0.110318
vt 0.734546 0.862991
vt 0.351228 0.087687
vt 0.188687 0.630620
vt 0.495838 0.589899
vt 0.498956 0.605808
vt 0.481434 0.585294
vt 0.763223 0.752578
vt 0.770929 0.757262
vt 0.755684 0.775005
vt 0.780159 0.785332
vt 0.771042 0.803239
vt 0.374535 0.340683
vt 0.904187 0.494334
vt 0.646834 0.727255
vt 0.604914 0.723006
vt 0.639636 0.719656
vt 0.879400 0.482949
vt 0.075072 0.195445
vt 0.862065 0.079193
vt 0.691327 0.320598
vt 0.555823 0.260487
vt 0.662994 0.318692
vt 0.190707 0.838933
vt 0.631565 0.330595
vt 0.719423 0.462204
vt 0.000536 0.880445
vt 0.000536 0.856734
vt 0.004888 0.869363
vt 0.740445 0.855981
vt 0.729909 0.868771
vt 0.367332 0.356517
vt 0.707708 0.097219
vt 0.910807 0.498752
vt 0.307956 0.588202
vt 0.552193 0.265695
vt 0.537848 0.268172
vt 0.541082 0.257173
vt 0.539466 0.696596
vt 0.550042 0.700393
vt 0.537142 0.710016
vt 0.689891 0.485099
vt 0.758676 0.142280
vt 0.759936 0.738733
vt 0.377775 0.347574
vt 0.919495 0.524754
vt 0.306633 0.622777
vt 0.857615 0.081241
vt 0.530604 0.742103
vt 0.540662 0.727520
vt 0.537760 0.742267
vt 0.521760 0.807576
vt 0.539733 0.789479
vt 0.540071 0.822947
vt 0.317790 0.876833
vt 0.301935 0.870616
vt 0.865775 0.472075
vt 0.636312 0.912912
vt 0.742994 0.686457
vt 0.493532 0.577806
vt 0.476619 0.571907
vt 0.487479 0.568196
vt 0.762791 0.733954
vt 0.751706 0.131759
vt 0.386700 0.332269
vt 0.388171 0.342491
vt 0.390027 0.322123
vt 0.909097 0.508162
vt 0.570648 0.683088
vt 0.563612 0.668329
vt 0.076333 0.206926
vt 0.069677 0.202902
vt 0.544475 0.245032
vt 0.529201 0.719324
vt 0.148009 0.044725
vt 0.576457 0.235364
vt 0.651567 0.317626
vt 0.884714 0.724704
vt 0.870687 0.729003
vt 0.884901 0.732932
vt 0.658080 0.929379
vt 0.768879 0.820964
vt 0.788933 0.799588
vt 0.202647 0.846708
vt 0.558168 0.148887
vt 0.622772 0.892186
vt 0.747096 0.697719
vt 0.764658 0.736534
vt 0.618811 0.715694
vt 0.528833 0.273364
vt 0.529623 0.259394
vt 0.062631 0.196982
vt 0.580612 0.228451
vt 0.551168 0.811360
vt 0.557930 0.804812
vt 0.554282 0.813627
vt 0.565358 0.181296
vt 0.358478 0.901588
vt 0.350704 0.897696
vt 0.727254 0.671388
vt 0.752099 0.701615
vt 0.362678 0.093881
vt 0.720898 0.873920
vt 0.471748 0.591842
vt 0.384435 0.355782
vt 0.328859 0.560688
vt 0.689991 0.317282
vt 0.845819 0.120045
vt 0.549178 0.716442
vt 0.347885 0.895712
vt 0.436071 0.629781
vt 0.346901 0.109272
vt 0.727547 0.856676
vt 0.731991 0.848643
vt 0.469986 0.568289
vt 0.476460 0.568785
vt 0.748036 0.157467
vt 0.397071 0.344691
vt 0.697135 0.318713
vt 0.841687 0.088029
vt 0.657458 0.306758
vt 0.629025 0.317475
vt 0.715273 0.456657
vt 0.555759 0.210273
vt 0.328754 0.902913
vt 0.691532 0.474021
vt 0.868817 0.691422
vt 0.887709 0.704759
vt 0.553711 0.381938
vt 0.554312 0.371823
vt 0.857663 0.475400
vt 0.878322 0.469887
vt 0.753748 0.117923
vt 0.747460 0.128891
vt 0.470858 0.577930
vt 0.748573 0.139501
vt 0.783975 0.774679
vt 0.562008 0.818812
vt 0.715518 0.451890
vt 0.349709 0.900130
vt 0.341866 0.901289
vt 0.550846 0.391827
vt 0.641290 0.925130
vt 0.731318 0.676197
vt 0.428567 0.619594
vt 0.752823 0.703563
vt 0.742095 0.709225
vt 0.738888 0.136664
vt 0.793904 0.804125
vt 0.306478 0.604533
vt 0.576938 0.226025
vt 0.548644 0.824267
vt 0.351011 0.904598
vt 0.349433 0.903506
vt 0.549196 0.400224
vt 0.877272 0.474872
vt 0.623821 0.904733
vt 0.706914 0.661141
vt 0.746085 0.722493
vt 0.351613 0.410600
vt 0.347637 0.401133
vt 0.369369 0.397420
vt 0.451493 0.578261
vt 0.299659 0.609107
vt 0.842025 0.085593
vt 0.543337 0.830033
vt 0.537529 0.834817
vt 0.538133 0.827935
vt 0.568005 0.202349
vt 0.566244 0.210239
vt 0.684536 0.480755
vt 0.556393 0.374360
vt 0.867287 0.477243
vt 0.855761 0.478177
vt 0.438178 0.593698
vt 0.766780 0.719221
vt 0.760688 0.731300
vt 0.461438 0.565616
vt 0.450538 0.564895
vt 0.440404 0.565426
vt 0.453493 0.550990
vt 0.767533 0.730335
vt 0.781506 0.751119
vt 0.340145 0.348631
vt 0.364229 0.376529
vt 0.899802 0.503841
vt 0.891241 0.497763
vt 0.520029 0.270195
vt 0.974477 0.622570
vt 0.952857 0.623096
vt 0.968910 0.610632
vt 0.551155 0.730934
vt 0.639932 0.316375
vt 0.563313 0.150226
vt 0.563770 0.159386
vt 0.543609 0.834123
vt 0.533001 0.844657
vt 0.525925 0.849574
vt 0.568160 0.211527
vt 0.701140 0.462462
vt 0.897084 0.726777
vt 0.728367 0.707747
vt 0.737210 0.711847
vt 0.734469 0.717313
vt 0.440507 0.572738
vt 0.451689 0.583034
vt 0.338970 0.393981
vt 0.391009 0.361031
vt 0.375610 0.370328
vt 0.579333 0.674060
vt 0.576971 0.688893
vt 0.551761 0.742907
vt 0.540354 0.752161
vt 0.570467 0.219906
vt 0.564454 0.150952
vt 0.574665 0.153557
vt 0.706859 0.459173
vt 0.570016 0.193846
vt 0.708144 0.675319
vt 0.732904 0.691402
vt 0.730157 0.714991
vt 0.727598 0.720106
vt 0.724595 0.723077
vt 0.717921 0.719363
vt 0.356344 0.379374
vt 0.365444 0.388120
vt 0.567534 0.697284
vt 0.514816 0.276105
vt 0.506939 0.277032
vt 0.514932 0.266321
vt 0.562388 0.230070
vt 0.549416 0.840106
vt 0.536470 0.848702
vt 0.531462 0.833078
vt 0.569765 0.159912
vt 0.574936 0.157856
vt 0.714103 0.455074
vt 0.574138 0.197178
vt 0.554189 0.387165
vt 0.619175 0.900107
vt 0.617784 0.890310
vt 0.734408 0.727237
vt 0.771852 0.722300
vt 0.787080 0.714846
vt 0.791613 0.729468
vt 0.585099 0.685627
vt 0.822190 0.092893
vt 0.569248 0.164332
vt 0.568292 0.170030
vt 0.577296 0.219780
vt 0.691414 0.470893
vt 0.886033 0.697257
vt 0.897370 0.718628
vt 0.285134 0.482040
vt 0.298772 0.480012
vt 0.302119 0.483601
vt 0.624574 0.916941
vt 0.395386 0.364827
vt 0.409551 0.353253
vt 0.793045 0.782997
vt 0.801637 0.783224
vt 0.896895 0.513949
vt 0.558755 0.707557
vt 0.552751 0.235561
vt 0.674339 0.280749
vt 0.576690 0.157813
vt 0.570759 0.188419
vt 0.575353 0.191288
vt 0.289282 0.313654
vt 0.270260 0.329432
vt 0.260199 0.322122
vt 0.569680 0.382119
vt 0.886458 0.016221
vt 0.879321 0.019104
vt 0.883125 0.007030
vt 0.898851 0.708381
vt 0.719389 0.690051
vt 0.699448 0.702901
vt 0.723714 0.698299
vt 0.714637 0.710233
vt 0.430530 0.578425
vt 0.726200 0.734034
vt 0.804673 0.716940
vt 0.811343 0.759886
vt 0.805338 0.808220
vt 0.297967 0.592969
vt 0.641129 0.305375
vt 0.572384 0.168850
vt 0.569480 0.177925
vt 0.274697 0.301492
vt 0.283425 0.290672
vt 0.304398 0.491262
vt 0.794919 0.702705
vt 0.395515 0.376108
vt 0.384987 0.377899
vt 0.536896 0.246974
vt 0.694478 0.305854
vt 0.688191 0.468193
vt 0.617217 0.899675
vt 0.400021 0.390567
vt 0.383802 0.384604
vt 0.795509 0.768443
vt 0.632350 0.312638
vt 0.623628 0.302841
vt 0.618598 0.308944
vt 0.620152 0.301145
vt 0.708524 0.455655
vt 0.664164 0.538684
vt 0.658111 0.546394
vt 0.659045 0.535059
vt 0.696924 0.464053
vt 0.273896 0.507200
vt 0.894014 0.740420
vt 0.884964 0.745320
vt 0.386411 0.401447
vt 0.828043 0.083087
vt 0.561067 0.717864
vt 0.984520 0.612643
vt 0.585141 0.158870
vt 0.624553 0.299050
vt 0.626768 0.310874
vt 0.625659 0.314542
vt 0.715029 0.451782
vt 0.664080 0.535019
vt 0.669279 0.468332
vt 0.570887 0.405598
vt 0.615668 0.893152
vt 0.800853 0.740006
vt 0.594229 0.714955
vt 0.609806 0.691891
vt 0.594588 0.684906
vt 0.590801 0.696107
vt 0.580704 0.698332
vt 0.825608 0.080697
vt 0.627203 0.307182
vt 0.708477 0.448149
vt 0.620202 0.915596
vt 0.811969 0.716802
vt 0.802345 0.764503
vt 0.562637 0.847766
vt 0.655175 0.554260
vt 0.648870 0.548074
vt 0.656594 0.548154
vt 0.704136 0.452583
vt 0.655446 0.543471
vt 0.698026 0.458661
vt 0.617592 0.909296
vt 0.625566 0.928434
vt 0.574423 0.708456
vt 0.623821 0.296026
vt 0.896699 0.752419
vt 0.519494 0.253148
vt 0.540185 0.237197
vt 0.566357 0.757408
vt 0.563495 0.744629
vt 0.562952 0.219563
vt 0.654538 0.281590
vt 0.632433 0.297427
vt 0.595140 0.694135
vt 0.628293 0.296177
vt 0.614499 0.294700
vt 0.650396 0.558246
vt 0.702292 0.446866
vt 0.608613 0.898883
vt 0.814168 0.082709
vt 0.564529 0.736950
vt 0.327693 0.416418
vt 0.329323 0.425700
vt 0.326623 0.427258
vt 0.694606 0.452630
vt 0.598345 0.750475
vt 0.589442 0.740794
vt 0.692971 0.293789
vt 0.569162 0.722939
vt 0.572944 0.746836
vt 0.611543 0.309534
vt 0.587626 0.708142
vt 0.515719 0.252138
vt 0.579123 0.824790
vt 0.651160 0.535426
vt 0.665180 0.533174
vt 0.669838 0.456064
vt 0.617885 0.919813
vt 0.523891 0.246371
vt 0.621948 0.289941
vt 0.905980 0.718745
vt 0.907377 0.735731
vt 0.298508 0.575606
vt 0.581547 0.753260
vt 0.552518 0.225618
vt 0.621071 0.925261
vt 0.572424 0.736857
vt 0.259836 0.297141
vt 0.901970 0.690912
vt 0.609191 0.923590
vt 0.582446 0.713636
vt 0.588817 0.760172
vt 0.580273 0.744280
vt 0.325149 0.434770
vt 0.315959 0.415317
vt 0.687875 0.431063
vt 0.326399 0.441505
vt 0.353488 0.413167
vt 0.646349 0.542573
vt 0.577376 0.726546
vt 0.802356 0.077510
vt 0.532672 0.236855
vt 0.593833 0.826041
vt 0.586131 0.848780
vt 0.323468 0.442902
vt 0.264848 0.279186
vt 0.519712 0.245279
vt 0.308266 0.443539
vt 0.345428 0.442341
vt 0.361205 0.455612
vt 0.907042 0.725729
vt 0.901557 0.753984
vt 0.896699 0.758570
vt 0.643357 0.559747
vt 0.643259 0.549854
vt 0.290973 0.535353
vt 0.908633 0.703383
vt 0.906390 0.743462
vt 0.584227 0.723953
vt 0.577035 0.737917
vt 0.538278 0.231240
vt 0.690371 0.279680
vt 0.309655 0.410753
vt 0.245745 0.308320
vt 0.521805 0.236828
vt 0.527978 0.229336
vt 0.535172 0.230321
vt 0.602953 0.847862
vt 0.618717 0.825220
vt 0.631744 0.278123
vt 0.664918 0.460882
vt 0.575867 0.527084
vt 0.572664 0.539113
vt 0.561151 0.533495
vt 0.322214 0.451253
vt 0.250653 0.286849
vt 0.894385 0.763786
vt 0.628635 0.831755
vt 0.261823 0.333731
vt 0.240339 0.316327
vt 0.905189 0.754130
vt 0.906659 0.765765
vt 0.522683 0.231707
vt 0.538905 0.219739
vt 0.547705 0.221810
vt 0.907011 0.750224
vt 0.521487 0.230689
vt 0.319809 0.458020
vt 0.653234 0.524858
vt 0.252091 0.274003
vt 0.914157 0.707156
vt 0.300038 0.443630
vt 0.661035 0.442947
vt 0.579314 0.539476
vt 0.919044 0.715495
vt 0.344596 0.591062
vt 0.352521 0.574926
vt 0.356863 0.593646
vt 0.320262 0.465448
vt 0.526650 0.218530
vt 0.638281 0.547915
vt 0.640379 0.542628
vt 0.915622 0.726699
vt 0.915445 0.746283
vt 0.380202 0.598256
vt 0.357921 0.605814
vt 0.390801 0.606065
vt 0.384688 0.612528
vt 0.317469 0.465981
vt 0.646196 0.529469
vt 0.914398 0.743528
vt 0.349404 0.547436
vt 0.355562 0.540967
vt 0.363861 0.564215
vt 0.642394 0.562420
vt 0.631683 0.551661
vt 0.318380 0.471649
vt 0.653021 0.447585
vt 0.911311 0.685999
vt 0.332954 0.510136
vt 0.915533 0.736373
vt 0.523223 0.225169
vt 0.338962 0.563386
vt 0.340662 0.562975
vt 0.346642 0.568938
vt 0.393907 0.546456
vt 0.236761 0.299383
vt 0.302240 0.478643
vt 0.315663 0.476128
vt 0.328775 0.478573
vt 0.340427 0.570658
vt 0.346913 0.545365
vt 0.347204 0.481770
vt 0.357158 0.574138
vt 0.373470 0.580485
vt 0.232817 0.329686
vt 0.227661 0.320330
vt 0.588600 0.530584
vt 0.917107 0.690130
vt 0.931677 0.745882
vt 0.395653 0.567581
vt 0.396521 0.634576
vt 0.381683 0.581140
vt 0.238790 0.288263
vt 0.930890 0.713342
vt 0.926264 0.727499
vt 0.396709 0.596285
vt 0.406512 0.576435
vt 0.399881 0.573796
vt 0.630073 0.561190
vt 0.625704 0.553593
vt 0.329393 0.490238
vt 0.635192 0.543173
vt 0.640356 0.530002
vt 0.593005 0.540257
vt 0.313572 0.564367
vt 0.362143 0.577341
vt 0.313629 0.483852
vt 0.230268 0.294504
vt 0.646188 0.526016
vt 0.927478 0.733744
vt 0.923679 0.739224
vt 0.368969 0.577173
vt 0.412275 0.595047
vt 0.290829 0.563627
vt 0.381283 0.579203
vt 0.404341 0.588111
vt 0.323426 0.499503
vt 0.223564 0.302686
vt 0.925207 0.694853
vt 0.409376 0.581030
vt 0.232073 0.279522
vt 0.237405 0.272039
vt 0.249780 0.265009
vt 0.415476 0.588121
vt 0.628141 0.544457
vt 0.399789 0.582254
vt 0.623482 0.557567
vt 0.621178 0.554113
vt 0.608648 0.552573
vt 0.597257 0.554965
vt 0.607155 0.539474
vt 0.594878 0.548475
vt 0.390417 0.580375
vt 0.616888 0.555042
vt 0.612428 0.543335
vt 0.600177 0.525711
vt 0.396293 0.580605
vt 0.607374 0.530733
vt 0.292720 0.299799
vt 0.282939 0.283584
vt 0.299610 0.272340
vt 0.620450 0.545699
vt 0.618573 0.545897
vt 0.341850 0.228599
vt 0.346018 0.239786
vt 0.329915 0.231719
vt 0.633842 0.525740
vt 0.221928 0.285186
vt 0.925562 0.682953
vt 0.938788 0.719498
vt 0.935706 0.726866
vt 0.932672 0.731996
vt 0.216252 0.314202
vt 0.254574 0.268911
vt 0.285373 0.267049
vt 0.624575 0.529327
vt 0.334916 0.244572
vt 0.324330 0.220878
vt 0.316202 0.224418
vt 0.936188 0.702896
vt 0.943658 0.725659
vt 0.225793 0.271554
vt 0.237478 0.256506
vt 0.263464 0.240136
vt 0.268140 0.245570
vt 0.256014 0.248060
vt 0.620277 0.531690
vt 0.319931 0.233202
vt 0.221462 0.262701
vt 0.216142 0.296622
vt 0.323564 0.241806
vt 0.279034 0.228033
vt 0.270843 0.229793
vt 0.264689 0.222568
vt 0.288647 0.254096
vt 0.617665 0.537585
vt 0.612786 0.530693
vt 0.308489 0.271570
vt 0.313916 0.281326
vt 0.304960 0.228079
vt 0.300665 0.217459
vt 0.266007 0.248247
vt 0.288670 0.223217
vt 0.278975 0.220085
vt 0.332496 0.259617
vt 0.278588 0.239257
vt 0.617521 0.532507
vt 0.620012 0.527091
vt 0.321366 0.253290
vt 0.608637 0.527346
vt 0.291338 0.230539
vt 0.309819 0.236445
vt 0.324149 0.262707
vt 0.290390 0.239146
vt 0.283526 0.246078
vt 0.281947 0.244304
vt 0.313726 0.247916
vt 0.303629 0.243652
vt 0.289221 0.244724
vt 0.318972 0.260349
vt 0.617243 0.527519
vt 0.312690 0.257911
vt 0.320174 0.275156
vt 0.307308 0.252245
vt 0.299176 0.246994
vt 0.301724 0.250711
vt 0.321026 0.265986
s 1
usemtl Material
f 1/1/1 2/2/2 3/3/3
f 1/1/1 4/4/4 2/2/2
f 5/5/5 4/4/4 1/1/1
f 3/3/3 6/6/6 1/1/1
f 5/5/5 7/7/7 4/4/4
f 7/8/7 8/9/8 4/10/4
f 5/11/5 9/12/9 7/13/7
f 8/9/8 7/8/7 10/14/10
f 7/13/7 9/12/9 11/15/11
f 2/2/2 4/4/4 12/16/12
f 4/4/4 8/17/8 13/18/13
f 12/16/12 4/4/4 13/18/13
f 1/1/1 14/19/14 5/5/5
f 15/20/15 2/2/2 16/21/16
f 2/2/2 12/16/12 16/21/16
f 3/3/3 17/22/17 6/6/6
f 6/6/6 14/19/14 1/1/1
f 13/23/13 8/24/8 18/25/18
f 8/9/8 10/14/10 18/26/18
f 15/20/15 3/3/3 2/2/2
f 6/6/6 19/27/19 20/28/20
f 20/28/20 14/19/14 6/6/6
f 13/23/13 18/25/18 21/29/21
f 14/30/14 22/31/22 5/11/5
f 5/11/5 22/31/22 9/12/9
f 9/12/9 22/31/22 11/15/11
f 11/15/11 23/32/23 7/13/7
f 3/3/3 15/20/15 24/33/24
f 24/33/24 25/34/25 3/3/3
f 25/34/25 17/22/17 3/3/3
f 12/16/12 13/18/13 16/21/16
f 6/6/6 17/22/17 19/27/19
f 18/26/18 10/14/10 26/35/26
f 16/21/16 13/18/13 27/36/27
f 23/32/23 10/37/10 7/13/7
f 22/31/22 14/30/14 28/38/28
f 10/37/10 29/39/29 26/40/26
f 11/15/11 22/31/22 30/41/30
f 25/34/25 31/42/31 17/22/17
f 31/42/31 32/43/32 17/22/17
f 32/43/32 19/27/19 17/22/17
f 33/44/33 21/29/21 18/25/18
f 34/45/34 28/38/28 14/30/14
f 23/32/23 29/39/29 10/37/10
f 16/21/16 35/46/35 36/47/36
f 27/36/27 35/46/35 16/21/16
f 13/23/13 21/29/21 27/48/27
f 14/19/14 20/28/20 34/49/34
f 18/50/18 26/51/26 37/52/37
f 11/15/11 30/41/30 23/32/23
f 25/53/25 24/54/24 38/55/38
f 16/21/16 36/47/36 15/20/15
f 22/31/22 28/38/28 30/41/30
f 19/27/19 34/49/34 20/28/20
f 24/33/24 15/20/15 39/56/39
f 24/54/24 39/57/39 38/55/38
f 21/29/21 40/58/40 27/48/27
f 18/25/18 41/59/41 33/44/33
f 30/41/30 42/60/42 23/32/23
f 37/61/37 41/59/41 18/25/18
f 34/45/34 43/62/43 28/38/28
f 29/39/29 23/32/23 44/63/44
f 15/20/15 36/47/36 45/64/45
f 38/55/38 31/65/31 25/53/25
f 46/66/46 32/67/32 31/65/31
f 40/58/40 21/29/21 33/44/33
f 44/68/44 47/69/47 29/70/29
f 39/56/39 15/20/15 45/64/45
f 27/36/27 48/71/48 35/46/35
f 32/67/32 46/66/46 49/72/49
f 49/73/49 19/27/19 32/43/32
f 50/74/50 34/49/34 19/27/19
f 34/45/34 51/75/51 43/62/43
f 26/51/26 29/70/29 47/69/47
f 38/55/38 52/76/52 31/65/31
f 31/65/31 52/76/52 46/66/46
f 23/32/23 53/77/53 44/63/44
f 36/47/36 35/46/35 48/71/48
f 27/48/27 40/58/40 54/78/54
f 37/52/37 55/79/55 41/80/41
f 28/38/28 56/81/56 30/41/30
f 42/60/42 53/77/53 23/32/23
f 39/57/39 45/82/45 57/83/57
f 34/49/34 50/74/50 51/84/51
f 43/62/43 56/81/56 28/38/28
f 38/55/38 39/57/39 58/85/58
f 38/55/38 58/85/58 52/76/52
f 19/27/19 49/73/49 50/74/50
f 33/44/33 59/86/59 40/58/40
f 33/44/33 41/59/41 59/86/59
f 57/83/57 58/85/58 39/57/39
f 49/72/49 46/66/46 60/87/60
f 36/47/36 48/71/48 61/88/61
f 27/48/27 54/78/54 48/89/48
f 43/62/43 62/90/62 56/81/56
f 26/51/26 47/69/47 63/91/63
f 30/41/30 56/81/56 42/60/42
f 47/69/47 44/68/44 64/92/64
f 45/64/45 36/47/36 61/88/61
f 49/72/49 65/93/65 50/94/50
f 41/59/41 55/95/55 66/96/66
f 37/52/37 26/51/26 67/97/67
f 53/77/53 42/60/42 68/98/68
f 54/78/54 40/58/40 59/86/59
f 41/59/41 66/96/66 59/86/59
f 50/74/50 69/99/69 51/84/51
f 26/51/26 63/91/63 67/97/67
f 44/68/44 53/100/53 64/92/64
f 52/76/52 58/85/58 70/101/70
f 71/102/71 46/66/46 52/76/52
f 72/103/72 66/96/66 55/95/55
f 37/52/37 67/97/67 55/79/55
f 56/81/56 62/90/62 73/104/73
f 57/83/57 45/82/45 74/105/74
f 56/81/56 73/104/73 42/60/42
f 48/71/48 75/106/75 61/88/61
f 48/89/48 54/78/54 75/107/75
f 54/78/54 59/86/59 76/108/76
f 77/109/77 66/96/66 72/103/72
f 50/94/50 65/93/65 69/110/69
f 43/62/43 51/75/51 78/111/78
f 43/62/43 78/111/78 62/90/62
f 52/76/52 70/101/70 79/112/79
f 46/66/46 71/102/71 60/87/60
f 55/79/55 67/97/67 80/113/80
f 68/98/68 81/114/81 53/77/53
f 52/76/52 79/112/79 71/102/71
f 82/115/82 77/109/77 83/116/83
f 84/117/84 77/109/77 82/115/82
f 84/117/84 66/96/66 77/109/77
f 80/118/80 72/119/72 55/120/55
f 85/121/85 67/97/67 63/91/63
f 63/91/63 47/69/47 64/92/64
f 81/122/81 64/92/64 53/100/53
f 49/72/49 86/123/86 65/93/65
f 59/86/59 66/96/66 84/117/84
f 83/116/83 77/109/77 87/124/87
f 77/109/77 72/103/72 87/124/87
f 72/119/72 80/118/80 88/125/88
f 89/126/89 90/127/90 91/128/91
f 91/129/91 90/130/90 92/131/92
f 89/126/89 93/132/93 90/127/90
f 93/133/93 94/134/94 95/135/95
f 93/133/93 95/135/95 90/130/90
f 90/130/90 95/135/95 96/136/96
f 57/83/57 97/137/97 58/85/58
f 59/86/59 98/138/98 76/108/76
f 83/116/83 87/124/87 99/139/99
f 72/103/72 88/140/88 87/124/87
f 67/97/67 100/141/100 80/113/80
f 85/121/85 100/141/100 67/97/67
f 101/142/101 93/143/93 89/144/89
f 90/130/90 96/136/96 92/131/92
f 57/83/57 74/105/74 97/137/97
f 60/87/60 86/123/86 49/72/49
f 51/145/51 69/146/69 78/147/78
f 80/113/80 102/148/102 103/149/103
f 80/113/80 100/141/100 102/148/102
f 73/104/73 104/150/104 42/60/42
f 64/92/64 105/151/105 63/91/63
f 106/152/106 107/153/107 108/154/108
f 107/153/107 106/152/106 109/155/109
f 92/131/92 96/136/96 110/156/110
f 93/143/93 111/157/111 94/158/94
f 94/134/94 112/159/112 95/135/95
f 97/137/97 70/101/70 58/85/58
f 54/78/54 76/108/76 113/160/113
f 76/108/76 98/138/98 114/161/114
f 65/93/65 86/123/86 115/162/115
f 59/86/59 84/117/84 98/138/98
f 69/146/69 116/163/116 78/147/78
f 85/121/85 117/164/117 100/141/100
f 63/91/63 105/151/105 85/121/85
f 106/165/106 108/166/108 118/167/118
f 119/168/119 120/169/120 121/170/121
f 109/155/109 122/171/122 107/153/107
f 91/129/91 92/131/92 123/172/123
f 123/172/123 92/131/92 124/173/124
f 92/131/92 110/156/110 124/173/124
f 101/142/101 111/157/111 93/143/93
f 111/157/111 125/174/125 94/158/94
f 96/136/96 95/135/95 126/175/126
f 114/161/114 127/176/127 76/108/76
f 80/118/80 103/177/103 88/125/88
f 78/111/78 128/178/128 62/90/62
f 105/151/105 117/164/117 85/121/85
f 129/179/129 119/168/119 121/170/121
f 121/170/121 120/169/120 130/180/130
f 95/135/95 112/159/112 126/175/126
f 131/181/131 132/182/132 133/183/133
f 133/183/133 132/182/132 134/184/134
f 45/82/45 61/185/61 74/105/74
f 135/186/135 136/187/136 137/188/137
f 99/139/99 136/189/136 135/190/135
f 71/102/71 138/191/138 60/87/60
f 136/189/136 99/139/99 87/124/87
f 75/107/75 54/78/54 113/160/113
f 82/115/82 83/116/83 139/192/139
f 83/116/83 99/139/99 139/192/139
f 87/193/87 88/125/88 140/194/140
f 62/90/62 141/195/141 73/104/73
f 100/141/100 117/164/117 142/196/142
f 105/151/105 143/197/143 117/164/117
f 68/98/68 144/198/144 81/114/81
f 145/199/145 64/92/64 81/122/81
f 129/179/129 146/200/146 119/168/119
f 107/153/107 122/171/122 147/201/147
f 146/200/146 120/169/120 119/168/119
f 94/158/94 148/202/148 112/203/112
f 149/204/149 133/183/133 150/205/150
f 133/183/133 134/184/134 150/205/150
f 132/182/132 151/206/151 134/184/134
f 151/206/151 132/182/132 152/207/152
f 135/186/135 137/188/137 153/208/153
f 154/209/154 99/139/99 135/190/135
f 154/209/154 139/192/139 99/139/99
f 114/161/114 84/117/84 82/115/82
f 88/125/88 155/210/155 140/194/140
f 65/93/65 115/162/115 156/211/156
f 65/93/65 156/211/156 157/212/157
f 65/93/65 157/212/157 69/110/69
f 88/125/88 103/177/103 155/210/155
f 64/92/64 158/213/158 105/151/105
f 129/179/129 121/170/121 159/214/159
f 118/167/118 160/215/160 106/165/106
f 89/126/89 91/128/91 161/216/161
f 125/174/125 148/202/148 94/158/94
f 112/159/112 162/217/162 126/175/126
f 149/218/149 150/219/150 163/220/163
f 133/183/133 149/204/149 164/221/164
f 165/222/165 131/181/131 133/183/133
f 165/222/165 166/223/166 131/181/131
f 131/181/131 167/224/167 152/207/152
f 131/181/131 152/207/152 132/182/132
f 151/206/151 152/207/152 153/208/153
f 167/224/167 135/186/135 152/207/152
f 152/207/152 135/186/135 153/208/153
f 74/105/74 168/225/168 97/137/97
f 61/88/61 75/106/75 169/226/169
f 167/227/167 154/209/154 135/190/135
f 137/188/137 136/187/136 170/228/170
f 140/229/140 170/230/170 136/189/136
f 139/192/139 171/231/171 82/115/82
f 87/124/87 140/229/140 136/189/136
f 84/117/84 114/161/114 98/138/98
f 155/210/155 172/232/172 140/194/140
f 103/177/103 173/233/173 155/210/155
f 69/146/69 157/234/157 116/163/116
f 158/213/158 174/235/174 105/151/105
f 105/151/105 174/235/174 143/197/143
f 64/92/64 145/199/145 158/213/158
f 121/236/121 130/237/130 175/238/175
f 146/200/146 176/239/176 120/169/120
f 106/165/106 177/240/177 109/241/109
f 123/172/123 124/173/124 178/242/178
f 101/142/101 89/144/89 179/243/179
f 101/142/101 180/244/180 111/157/111
f 110/156/110 96/136/96 181/245/181
f 164/221/164 165/222/165 133/183/133
f 163/220/163 150/219/150 182/246/182
f 150/205/150 134/184/134 182/247/182
f 182/247/182 134/184/134 183/248/183
f 151/206/151 153/208/153 184/249/184
f 61/185/61 169/250/169 74/105/74
f 167/251/167 185/252/185 154/253/154
f 60/254/60 186/255/186 86/256/86
f 76/108/76 127/176/127 187/257/187
f 171/231/171 127/176/127 82/115/82
f 127/176/127 114/161/114 82/115/82
f 103/177/103 102/258/102 188/259/188
f 62/90/62 128/178/128 141/195/141
f 141/260/141 189/261/189 73/262/73
f 68/98/68 42/60/42 104/150/104
f 81/122/81 144/263/144 145/199/145
f 108/166/108 190/264/190 118/167/118
f 121/170/121 191/265/191 159/214/159
f 121/266/121 175/267/175 191/268/191
f 129/179/129 192/269/192 146/200/146
f 89/144/89 193/270/193 179/243/179
f 110/156/110 194/271/194 124/173/124
f 126/175/126 195/272/195 96/136/96
f 134/184/134 196/273/196 183/248/183
f 134/184/134 151/206/151 196/273/196
f 131/181/131 197/274/197 167/224/167
f 184/249/184 153/208/153 198/275/198
f 153/208/153 137/188/137 199/276/199
f 139/192/139 154/209/154 185/277/185
f 186/255/186 60/254/60 138/278/138
f 113/160/113 76/108/76 187/257/187
f 200/279/200 115/280/115 86/281/86
f 156/282/156 115/280/115 200/279/200
f 102/148/102 100/141/100 142/196/142
f 189/261/189 104/283/104 73/262/73
f 201/284/201 117/164/117 143/197/143
f 104/150/104 144/198/144 68/98/68
f 202/285/202 109/241/109 177/240/177
f 203/286/203 120/287/120 204/288/204
f 161/216/161 91/128/91 205/289/205
f 205/289/205 91/128/91 123/290/123
f 193/291/193 89/126/89 161/216/161
f 110/156/110 181/245/181 194/271/194
f 151/206/151 184/249/184 196/273/196
f 166/223/166 197/274/197 131/181/131
f 197/292/197 185/252/185 167/251/167
f 153/208/153 199/276/199 198/275/198
f 79/112/79 138/191/138 71/102/71
f 199/276/199 137/188/137 170/228/170
f 140/194/140 206/293/206 170/294/170
f 103/177/103 188/259/188 173/233/173
f 78/111/78 116/295/116 128/178/128
f 142/196/142 117/164/117 201/284/201
f 144/263/144 207/296/207 145/199/145
f 108/154/108 107/153/107 208/297/208
f 107/153/107 147/201/147 208/297/208
f 176/239/176 204/298/204 120/169/120
f 130/237/130 120/287/120 203/286/203
f 209/299/209 101/142/101 179/243/179
f 180/244/180 125/174/125 111/157/111
f 96/136/96 195/272/195 181/245/181
f 210/300/210 195/272/195 126/175/126
f 162/217/162 210/300/210 126/175/126
f 112/159/112 211/301/211 162/217/162
f 212/302/212 149/218/149 163/220/163
f 213/303/213 164/304/164 149/218/149
f 214/305/214 165/222/165 164/221/164
f 163/220/163 182/246/182 215/306/215
f 182/247/182 183/248/183 216/307/216
f 197/292/197 217/308/217 185/252/185
f 70/101/70 218/309/218 79/112/79
f 139/192/139 185/277/185 219/310/219
f 171/231/171 187/257/187 127/176/127
f 157/234/157 220/311/220 116/163/116
f 188/312/188 102/313/102 221/314/221
f 102/148/102 142/196/142 221/315/221
f 222/316/222 158/213/158 145/199/145
f 158/213/158 222/316/222 174/235/174
f 118/167/118 223/317/223 160/215/160
f 192/269/192 224/318/224 146/200/146
f 175/238/175 225/319/225 226/320/226
f 175/238/175 130/237/130 225/319/225
f 147/201/147 122/171/122 227/321/227
f 146/200/146 228/322/228 176/239/176
f 101/142/101 209/299/209 180/244/180
f 164/304/164 213/303/213 229/323/229
f 164/304/164 229/323/229 214/324/214
f 138/325/138 230/326/230 186/327/186
f 139/192/139 219/310/219 171/231/171
f 186/327/186 231/328/231 86/329/86
f 172/232/172 206/293/206 140/194/140
f 159/214/159 232/330/232 129/179/129
f 129/179/129 232/330/232 192/269/192
f 175/267/175 226/331/226 233/332/233
f 147/201/147 227/321/227 208/297/208
f 106/165/106 160/215/160 177/240/177
f 109/155/109 202/333/202 122/171/122
f 112/203/112 148/202/148 211/334/211
f 215/306/215 182/246/182 234/335/234
f 216/336/216 234/335/234 182/246/182
f 235/337/235 217/308/217 166/338/166
f 166/338/166 217/308/217 197/292/197
f 198/275/198 236/339/236 184/249/184
f 217/308/217 237/340/237 185/252/185
f 237/340/237 238/341/238 185/252/185
f 75/342/75 239/343/239 169/344/169
f 230/326/230 240/345/240 186/327/186
f 113/160/113 241/346/241 75/107/75
f 186/327/186 240/345/240 231/328/231
f 231/328/231 200/347/200 86/329/86
f 200/279/200 242/348/242 156/282/156
f 155/210/155 173/233/173 172/232/172
f 104/283/104 189/261/189 243/349/243
f 104/283/104 244/350/244 144/351/144
f 191/265/191 245/352/245 159/214/159
f 175/267/175 245/353/245 191/268/191
f 175/267/175 233/332/233 245/353/245
f 208/297/208 227/321/227 246/354/246
f 247/355/247 248/356/248 249/357/249
f 122/171/122 202/333/202 227/321/227
f 247/355/247 250/358/250 248/356/248
f 251/359/251 179/243/179 193/270/193
f 124/173/124 252/360/252 178/242/178
f 253/361/253 148/202/148 125/174/125
f 163/220/163 215/306/215 254/362/254
f 234/335/234 255/363/255 215/306/215
f 165/222/165 214/305/214 166/223/166
f 184/249/184 236/339/236 256/364/256
f 184/249/184 256/364/256 196/273/196
f 79/112/79 218/309/218 257/365/257
f 170/294/170 206/293/206 199/366/199
f 157/234/157 156/367/156 220/311/220
f 116/368/116 258/369/258 128/370/128
f 128/370/128 259/371/259 141/260/141
f 141/260/141 259/371/259 189/261/189
f 104/283/104 243/349/243 244/350/244
f 207/296/207 260/372/260 145/199/145
f 260/372/260 222/316/222 145/199/145
f 143/197/143 261/373/261 201/284/201
f 143/197/143 174/235/174 261/373/261
f 262/374/262 224/375/224 263/376/263
f 227/321/227 264/377/264 247/355/247
f 248/356/248 250/358/250 265/378/265
f 123/290/123 266/379/266 205/289/205
f 123/290/123 178/380/178 266/379/266
f 251/359/251 209/299/209 179/243/179
f 212/302/212 213/303/213 149/218/149
f 196/273/196 256/364/256 183/248/183
f 70/101/70 97/137/97 218/309/218
f 267/381/267 187/257/187 171/231/171
f 173/233/173 188/259/188 268/382/268
f 144/351/144 244/350/244 207/383/207
f 269/384/269 262/374/262 263/376/263
f 159/214/159 245/352/245 270/385/270
f 118/167/118 190/264/190 223/317/223
f 192/269/192 263/386/263 224/318/224
f 232/330/232 263/386/263 192/269/192
f 208/297/208 271/387/271 108/154/108
f 262/374/262 272/388/272 224/375/224
f 247/355/247 249/357/249 273/389/273
f 233/332/233 226/331/226 274/390/274
f 247/355/247 273/389/273 227/321/227
f 146/200/146 224/318/224 228/322/228
f 274/390/274 177/240/177 160/215/160
f 274/391/274 275/392/275 177/393/177
f 202/333/202 276/394/276 227/321/227
f 276/394/276 264/377/264 227/321/227
f 130/237/130 203/286/203 225/319/225
f 161/216/161 277/395/277 278/396/278
f 205/289/205 277/395/277 161/216/161
f 205/289/205 279/397/279 277/395/277
f 181/245/181 280/398/280 194/271/194
f 148/202/148 281/399/281 211/334/211
f 163/220/163 282/400/282 212/302/212
f 163/220/163 254/362/254 282/400/282
f 214/305/214 283/401/283 166/223/166
f 166/223/166 283/401/283 235/402/235
f 185/252/185 238/341/238 219/403/219
f 171/231/171 219/310/219 267/381/267
f 113/160/113 284/404/284 241/346/241
f 187/257/187 284/404/284 113/160/113
f 156/367/156 285/405/285 220/311/220
f 220/311/220 286/406/286 116/163/116
f 116/163/116 286/406/286 258/407/258
f 222/408/222 287/409/287 288/410/288
f 222/316/222 288/411/288 174/235/174
f 190/264/190 271/412/271 289/413/289
f 190/414/190 108/154/108 271/387/271
f 223/317/223 290/415/290 160/215/160
f 233/332/233 274/390/274 290/415/290
f 160/215/160 290/415/290 274/390/274
f 273/389/273 246/354/246 227/321/227
f 224/375/224 272/388/272 228/416/228
f 249/357/249 248/356/248 291/417/291
f 228/322/228 292/418/292 176/239/176
f 177/240/177 275/419/275 202/285/202
f 176/239/176 292/418/292 204/298/204
f 264/377/264 250/358/250 247/355/247
f 204/288/204 293/420/293 203/286/203
f 252/360/252 124/173/124 194/271/194
f 294/421/294 180/244/180 209/299/209
f 180/244/180 295/422/295 125/174/125
f 181/245/181 195/272/195 296/423/296
f 253/361/253 281/399/281 148/202/148
f 213/303/213 297/424/297 229/323/229
f 256/364/256 298/425/298 183/248/183
f 198/426/198 299/427/299 236/428/236
f 74/105/74 169/250/169 300/429/300
f 218/309/218 301/430/301 257/365/257
f 79/431/79 257/432/257 138/433/138
f 219/403/219 238/341/238 302/434/302
f 138/433/138 257/432/257 230/435/230
f 199/366/199 303/436/303 198/437/198
f 172/232/172 268/382/268 206/293/206
f 172/232/172 173/233/173 268/382/268
f 142/196/142 201/284/201 304/438/304
f 259/371/259 305/439/305 189/261/189
f 305/439/305 306/440/306 189/261/189
f 201/284/201 307/441/307 304/438/304
f 261/373/261 307/441/307 201/284/201
f 222/316/222 260/372/260 287/442/287
f 308/443/308 309/444/309 310/445/310
f 262/374/262 269/384/269 311/446/311
f 312/447/312 313/448/313 310/449/310
f 190/264/190 314/450/314 223/317/223
f 233/332/233 315/451/315 245/353/245
f 290/415/290 315/451/315 233/332/233
f 315/451/315 290/415/290 314/450/314
f 223/317/223 314/450/314 290/415/290
f 313/452/313 316/453/316 262/374/262
f 316/453/316 272/388/272 262/374/262
f 248/356/248 265/378/265 291/417/291
f 317/454/317 276/394/276 202/333/202
f 272/388/272 318/455/318 228/416/228
f 226/320/226 225/319/225 319/456/319
f 202/457/202 275/392/275 317/458/317
f 204/288/204 320/459/320 293/420/293
f 321/460/321 320/461/320 322/462/322
f 320/459/320 321/463/321 323/464/323
f 324/465/324 277/395/277 322/462/322
f 279/397/279 325/466/325 322/462/322
f 325/466/325 321/460/321 322/462/322
f 193/270/193 161/467/161 326/468/326
f 279/397/279 205/289/205 325/466/325
f 251/359/251 327/469/327 209/299/209
f 125/174/125 295/422/295 253/361/253
f 162/217/162 211/301/211 328/470/328
f 212/302/212 282/400/282 329/471/329
f 330/472/330 217/308/217 235/337/235
f 97/137/97 331/473/331 218/309/218
f 169/474/169 239/475/239 332/476/332
f 267/477/267 219/403/219 302/434/302
f 333/478/333 187/257/187 267/381/267
f 285/405/285 156/367/156 334/479/334
f 128/370/128 258/369/258 259/371/259
f 142/480/142 304/481/304 221/314/221
f 174/235/174 335/482/335 261/373/261
f 308/443/308 310/445/310 336/483/336
f 310/484/310 313/452/313 336/485/336
f 336/485/336 313/452/313 262/374/262
f 159/214/159 270/385/270 232/330/232
f 337/486/337 338/487/338 272/388/272
f 319/456/319 274/391/274 226/320/226
f 317/454/317 264/377/264 276/394/276
f 272/388/272 338/487/338 318/455/318
f 228/416/228 318/455/318 292/488/292
f 293/420/293 225/319/225 203/286/203
f 204/288/204 339/489/339 320/459/320
f 322/462/322 339/490/339 324/465/324
f 320/461/320 339/490/339 322/462/322
f 320/459/320 323/464/323 340/491/340
f 278/396/278 277/395/277 324/465/324
f 277/395/277 279/397/279 322/462/322
f 161/216/161 341/492/341 326/493/326
f 321/460/321 325/466/325 342/494/342
f 325/466/325 205/289/205 266/379/266
f 193/270/193 326/468/326 251/359/251
f 343/495/343 178/242/178 252/360/252
f 294/421/294 295/422/295 180/244/180
f 195/272/195 210/300/210 344/496/344
f 162/217/162 328/470/328 210/300/210
f 212/302/212 329/471/329 213/303/213
f 216/307/216 183/248/183 298/425/298
f 330/472/330 237/340/237 217/308/217
f 301/497/301 345/498/345 257/432/257
f 333/478/333 284/404/284 187/257/187
f 221/314/221 346/499/346 188/312/188
f 189/261/189 306/440/306 243/349/243
f 207/383/207 244/350/244 260/500/260
f 347/501/347 309/444/309 308/443/308
f 262/374/262 311/446/311 336/485/336
f 315/451/315 348/502/348 245/353/245
f 310/449/310 309/503/309 312/447/312
f 316/453/316 337/486/337 272/388/272
f 319/456/319 275/392/275 274/391/274
f 317/504/317 349/505/349 264/506/264
f 225/319/225 293/420/293 319/456/319
f 318/455/318 339/507/339 292/488/292
f 204/288/204 292/508/292 339/489/339
f 318/455/318 338/487/338 339/507/339
f 340/491/340 319/456/319 293/420/293
f 339/490/339 338/509/338 324/465/324
f 293/420/293 320/459/320 340/491/340
f 161/216/161 278/396/278 341/492/341
f 321/460/321 342/494/342 350/510/350
f 325/466/325 266/379/266 342/494/342
f 178/380/178 342/494/342 266/379/266
f 181/245/181 296/423/296 280/398/280
f 195/272/195 344/496/344 296/423/296
f 229/511/229 351/512/351 214/513/214
f 215/306/215 255/363/255 254/362/254
f 218/309/218 331/473/331 352/514/352
f 267/477/267 302/434/302 353/515/353
f 230/326/230 354/516/354 240/345/240
f 199/366/199 355/517/355 303/436/303
f 206/293/206 268/382/268 199/366/199
f 220/311/220 285/405/285 356/518/356
f 220/311/220 356/518/356 286/406/286
f 357/519/357 308/443/308 336/483/336
f 261/373/261 358/520/358 307/441/307
f 335/482/335 358/520/358 261/373/261
f 269/384/269 263/376/263 359/521/359
f 288/411/288 335/482/335 174/235/174
f 309/503/309 360/522/360 312/447/312
f 190/264/190 289/413/289 314/450/314
f 314/450/314 361/523/361 315/451/315
f 270/385/270 362/524/362 232/330/232
f 245/353/245 348/502/348 270/525/270
f 271/387/271 208/297/208 363/526/363
f 246/354/246 273/389/273 364/527/364
f 246/354/246 364/527/364 208/297/208
f 250/358/250 365/528/365 265/378/265
f 275/392/275 366/529/366 317/458/317
f 275/392/275 319/456/319 366/529/366
f 319/456/319 340/491/340 366/529/366
f 324/465/324 341/492/341 278/396/278
f 321/460/321 350/510/350 323/530/323
f 178/380/178 343/531/343 342/494/342
f 209/299/209 367/532/367 294/421/294
f 194/271/194 368/533/368 369/534/369
f 328/470/328 370/535/370 210/300/210
f 371/536/371 229/511/229 297/537/297
f 351/512/351 283/538/283 214/513/214
f 218/309/218 352/514/352 301/430/301
f 74/105/74 300/429/300 168/225/168
f 237/340/237 372/539/372 238/341/238
f 267/477/267 353/515/353 333/540/333
f 241/541/241 373/542/373 75/543/75
f 199/366/199 268/382/268 355/517/355
f 285/405/285 334/479/334 356/518/356
f 259/371/259 258/369/258 305/439/305
f 244/350/244 374/544/374 260/500/260
f 335/482/335 375/545/375 358/520/358
f 289/413/289 361/523/361 314/450/314
f 313/452/313 312/546/312 376/547/376
f 263/376/263 362/548/362 359/521/359
f 232/330/232 362/524/362 263/386/263
f 208/297/208 364/527/364 363/526/363
f 313/452/313 376/547/376 316/453/316
f 264/506/264 377/549/377 250/550/250
f 264/506/264 349/505/349 377/549/377
f 338/509/338 378/551/378 324/465/324
f 378/551/378 341/492/341 324/465/324
f 342/494/342 343/531/343 350/510/350
f 194/271/194 280/398/280 368/533/368
f 379/552/379 295/422/295 294/421/294
f 253/361/253 380/553/380 281/399/281
f 297/424/297 213/303/213 329/471/329
f 255/363/255 234/335/234 381/554/381
f 216/336/216 382/555/382 234/335/234
f 238/341/238 383/556/383 302/434/302
f 257/432/257 384/557/384 230/435/230
f 230/326/230 384/558/384 354/516/354
f 383/556/383 385/559/385 353/515/353
f 353/515/353 302/434/302 383/556/383
f 303/436/303 386/560/386 198/437/198
f 333/561/333 387/562/387 284/563/284
f 387/564/387 241/346/241 284/404/284
f 240/345/240 388/565/388 231/328/231
f 242/348/242 334/566/334 156/282/156
f 356/518/356 389/567/389 286/406/286
f 243/349/243 390/568/390 244/350/244
f 269/384/269 391/569/391 311/446/311
f 347/501/347 392/570/392 309/444/309
f 249/357/249 393/571/393 273/389/273
f 291/417/291 394/572/394 249/357/249
f 312/447/312 395/573/395 376/574/376
f 364/527/364 273/389/273 393/571/393
f 396/575/396 397/576/397 398/577/398
f 366/578/366 399/579/399 317/504/317
f 349/505/349 317/504/317 399/579/399
f 400/580/400 377/549/377 349/505/349
f 401/581/401 378/551/378 338/509/338
f 402/582/402 366/529/366 340/491/340
f 340/491/340 323/464/323 402/582/402
f 399/579/399 323/583/323 403/584/403
f 350/510/350 403/585/403 323/530/323
f 404/586/404 251/359/251 326/468/326
f 369/534/369 252/360/252 194/271/194
f 405/587/405 211/334/211 281/399/281
f 382/588/382 216/307/216 298/425/298
f 406/589/406 330/472/330 235/337/235
f 372/539/372 237/340/237 330/472/330
f 256/590/256 236/591/236 407/592/407
f 332/593/332 300/429/300 169/250/169
f 345/498/345 384/557/384 257/432/257
f 386/594/386 299/595/299 198/596/198
f 239/475/239 75/543/75 373/542/373
f 388/565/388 200/347/200 231/328/231
f 408/597/408 242/598/242 200/347/200
f 409/599/409 306/440/306 305/439/305
f 347/501/347 308/443/308 410/600/410
f 410/600/410 308/443/308 357/519/357
f 287/409/287 260/601/260 374/602/374
f 411/603/411 336/485/336 311/446/311
f 391/569/391 269/384/269 359/521/359
f 288/410/288 287/409/287 412/604/412
f 348/502/348 413/605/413 270/525/270
f 363/606/363 364/607/364 414/608/414
f 415/609/415 316/453/316 376/547/376
f 414/608/414 416/610/416 396/575/396
f 417/611/417 397/576/397 396/575/396
f 396/575/396 398/577/398 414/608/414
f 418/612/418 414/608/414 398/577/398
f 397/576/397 419/613/419 398/577/398
f 291/417/291 265/378/265 420/614/420
f 418/612/418 421/615/421 422/616/422
f 418/612/418 398/577/398 421/615/421
f 337/617/337 401/581/401 338/509/338
f 366/578/366 402/618/402 399/579/399
f 323/583/323 399/579/399 402/618/402
f 423/619/423 327/620/327 251/621/251
f 424/622/424 343/495/343 252/360/252
f 252/360/252 369/534/369 425/623/425
f 344/496/344 210/300/210 370/535/370
f 255/363/255 426/624/426 254/362/254
f 427/625/427 283/538/283 351/512/351
f 283/401/283 428/626/428 235/402/235
f 406/589/406 372/539/372 330/472/330
f 354/516/354 388/565/388 240/345/240
f 373/542/373 241/541/241 387/627/387
f 286/406/286 389/567/389 258/407/258
f 258/369/258 429/628/429 305/439/305
f 306/440/306 390/568/390 243/349/243
f 392/570/392 360/629/360 309/444/309
f 430/630/430 335/631/335 288/632/288
f 249/633/249 394/634/394 393/635/393
f 270/385/270 413/636/413 362/524/362
f 363/606/363 414/608/414 418/612/418
f 364/527/364 431/637/431 414/638/414
f 416/610/416 417/611/417 396/575/396
f 398/577/398 419/613/419 421/615/421
f 420/639/420 265/640/265 365/641/365
f 421/615/421 419/613/419 432/642/432
f 349/505/349 399/579/399 433/643/433
f 326/644/326 341/645/341 434/646/434
f 403/584/403 433/643/433 399/579/399
f 404/647/404 423/648/423 251/649/251
f 327/620/327 367/650/367 209/651/209
f 435/652/435 253/361/253 295/422/295
f 405/653/405 328/470/328 211/301/211
f 351/512/351 229/511/229 371/536/371
f 300/429/300 436/654/436 168/225/168
f 437/655/437 387/562/387 333/561/333
f 268/382/268 188/259/188 438/656/438
f 389/567/389 429/657/429 258/407/258
f 306/440/306 409/599/409 439/658/439
f 336/483/336 411/659/411 357/519/357
f 287/409/287 440/660/440 412/604/412
f 412/604/412 430/661/430 288/410/288
f 359/521/359 362/548/362 441/662/441
f 271/387/271 442/663/442 289/664/289
f 360/522/360 443/665/443 312/447/312
f 444/666/444 413/605/413 348/502/348
f 363/526/363 442/663/442 271/387/271
f 312/447/312 443/665/443 395/573/395
f 364/527/364 393/571/393 431/637/431
f 397/576/397 417/611/417 445/667/445
f 316/453/316 415/609/415 337/486/337
f 397/576/397 445/667/445 419/613/419
f 422/616/422 421/615/421 446/668/446
f 421/669/421 432/670/432 446/671/446
f 377/549/377 365/672/365 250/550/250
f 377/549/377 400/580/400 447/673/447
f 378/551/378 434/674/434 341/492/341
f 350/510/350 448/675/448 403/585/403
f 343/531/343 424/676/424 350/510/350
f 296/677/296 449/678/449 280/679/280
f 254/362/254 450/680/450 282/400/282
f 428/681/428 406/589/406 235/337/235
f 234/335/234 382/555/382 381/554/381
f 256/364/256 451/682/451 298/425/298
f 331/473/331 97/137/97 168/225/168
f 299/595/299 452/683/452 407/592/407
f 236/591/236 299/595/299 407/592/407
f 372/539/372 383/556/383 238/341/238
f 453/684/453 454/685/454 239/475/239
f 385/686/385 455/687/455 353/688/353
f 303/436/303 355/517/355 456/689/456
f 304/481/304 457/690/457 221/314/221
f 390/568/390 458/691/458 374/544/374
f 390/568/390 374/544/374 244/350/244
f 304/481/304 307/692/307 459/693/459
f 307/441/307 358/520/358 459/694/459
f 391/569/391 359/521/359 460/695/460
f 361/523/361 461/696/461 315/451/315
f 363/526/363 462/697/462 442/663/442
f 416/698/416 414/699/414 463/700/463
f 431/637/431 463/701/463 414/638/414
f 445/667/445 464/702/464 419/613/419
f 419/613/419 464/702/464 432/642/432
f 464/703/464 446/671/446 432/670/432
f 422/704/422 446/671/446 464/703/464
f 337/617/337 465/705/465 401/581/401
f 365/672/365 377/549/377 447/673/447
f 401/581/401 465/705/465 378/551/378
f 349/505/349 433/643/433 400/580/400
f 326/706/326 466/707/466 404/647/404
f 367/650/367 467/708/467 294/709/294
f 297/537/297 468/710/468 371/536/371
f 469/711/469 329/471/329 282/400/282
f 283/538/283 427/625/427 428/712/428
f 382/555/382 470/713/470 381/554/381
f 471/714/471 383/556/383 372/539/372
f 384/558/384 472/715/472 354/516/354
f 239/475/239 473/716/473 453/684/453
f 353/688/353 455/687/455 333/717/333
f 387/627/387 437/718/437 373/542/373
f 357/519/357 474/719/474 410/600/410
f 411/659/411 474/719/474 357/519/357
f 375/545/375 475/720/475 358/520/358
f 413/721/413 444/722/444 362/548/362
f 417/723/417 476/724/476 445/725/445
f 418/612/418 422/616/422 363/606/363
f 477/726/477 464/727/464 445/725/445
f 378/728/378 478/729/478 434/730/434
f 326/644/326 434/646/434 466/731/466
f 424/676/424 479/732/479 350/510/350
f 350/733/350 479/734/479 448/735/448
f 467/736/467 379/552/379 294/421/294
f 281/399/281 480/737/480 405/587/405
f 297/537/297 329/738/329 468/710/468
f 282/400/282 450/680/450 469/711/469
f 351/512/351 371/536/371 481/739/481
f 254/362/254 426/624/426 450/680/450
f 239/475/239 454/685/454 332/476/332
f 455/687/455 437/740/437 333/717/333
f 239/475/239 373/542/373 473/716/473
f 354/516/354 482/741/482 388/565/388
f 200/347/200 388/565/388 408/597/408
f 334/479/334 483/742/483 356/518/356
f 188/259/188 346/743/346 438/656/438
f 439/658/439 458/691/458 306/440/306
f 306/440/306 458/691/458 390/568/390
f 304/481/304 484/744/484 457/690/457
f 287/409/287 374/602/374 440/660/440
f 461/696/461 485/745/485 315/451/315
f 315/451/315 485/745/485 348/502/348
f 362/548/362 444/722/444 441/662/441
f 393/635/393 486/746/486 431/747/431
f 462/748/462 486/746/486 442/749/442
f 431/747/431 486/746/486 462/748/462
f 416/698/416 476/724/476 417/723/417
f 445/725/445 476/724/476 487/750/487
f 445/725/445 487/750/487 477/726/477
f 337/486/337 415/609/415 488/751/488
f 365/641/365 489/752/489 420/639/420
f 368/753/368 490/754/490 369/755/369
f 253/361/253 435/652/435 380/553/380
f 344/756/344 370/757/370 491/758/491
f 255/363/255 381/554/381 426/624/426
f 298/425/298 492/759/492 382/588/382
f 451/760/451 256/590/256 407/592/407
f 301/497/301 493/761/493 345/498/345
f 331/473/331 168/225/168 494/762/494
f 332/476/332 495/763/495 300/764/300
f 455/687/455 473/765/473 437/740/437
f 373/542/373 437/718/437 473/716/473
f 388/565/388 496/766/496 408/597/408
f 305/439/305 429/628/429 497/767/497
f 497/767/497 409/599/409 305/439/305
f 392/570/392 347/501/347 498/768/498
f 430/769/430 499/770/499 335/771/335
f 394/634/394 500/772/500 393/635/393
f 361/523/361 442/773/442 501/774/501
f 361/523/361 289/413/289 442/773/442
f 500/772/500 486/746/486 393/635/393
f 395/573/395 502/775/502 376/574/376
f 376/547/376 502/776/502 415/609/415
f 463/700/463 487/750/487 416/698/416
f 416/698/416 487/750/487 476/724/476
f 431/747/431 462/748/462 463/777/463
f 422/778/422 464/779/464 503/780/503
f 424/622/424 252/360/252 479/734/479
f 295/422/295 379/552/379 435/652/435
f 298/781/298 451/760/451 492/782/492
f 352/514/352 504/783/504 301/430/301
f 384/557/384 345/498/345 505/784/505
f 384/558/384 505/785/505 472/715/472
f 454/685/454 453/684/453 455/786/455
f 455/786/455 453/684/453 473/716/473
f 354/516/354 506/787/506 482/741/482
f 482/741/482 496/766/496 388/565/388
f 268/382/268 438/656/438 355/517/355
f 408/597/408 334/788/334 242/598/242
f 221/314/221 457/690/457 346/499/346
f 458/691/458 439/658/439 507/789/507
f 347/501/347 410/600/410 498/768/498
f 311/446/311 391/569/391 508/790/508
f 460/695/460 508/790/508 391/569/391
f 359/521/359 441/662/441 460/695/460
f 392/570/392 509/791/509 360/629/360
f 509/791/509 510/792/510 360/629/360
f 335/771/335 499/770/499 375/793/375
f 461/696/461 361/523/361 501/774/501
f 462/794/462 511/795/511 463/700/463
f 422/778/422 503/780/503 363/796/363
f 512/797/512 503/798/503 464/727/464
f 365/641/365 513/799/513 489/752/489
f 337/617/337 488/800/488 465/705/465
f 378/728/378 465/801/465 478/729/478
f 433/643/433 514/802/514 400/580/400
f 433/643/433 515/803/515 514/802/514
f 403/584/403 515/803/515 433/643/433
f 403/584/403 516/804/516 515/803/515
f 448/735/448 516/805/516 403/806/403
f 280/679/280 449/678/449 368/807/368
f 370/757/370 517/808/517 491/758/491
f 329/471/329 469/711/469 518/809/518
f 352/514/352 331/473/331 504/783/504
f 436/810/436 494/811/494 168/812/168
f 300/764/300 495/763/495 519/813/519
f 439/658/439 409/599/409 520/814/520
f 374/602/374 521/815/521 440/660/440
f 358/520/358 522/816/522 459/694/459
f 440/660/440 523/817/523 412/604/412
f 412/604/412 523/817/523 461/818/461
f 499/770/499 475/819/475 375/793/375
f 412/604/412 461/818/461 430/661/430
f 443/665/443 524/820/524 395/573/395
f 394/634/394 291/821/291 420/639/420
f 363/822/363 503/798/503 462/794/462
f 365/672/365 447/673/447 513/823/513
f 400/580/400 514/802/514 447/673/447
f 478/824/478 466/707/466 434/825/434
f 514/802/514 515/803/515 525/826/525
f 479/734/479 425/623/425 448/735/448
f 479/734/479 252/360/252 425/623/425
f 380/553/380 526/827/526 281/399/281
f 527/828/527 370/535/370 328/470/328
f 329/738/329 528/829/528 468/710/468
f 529/830/529 481/739/481 371/536/371
f 494/811/494 504/831/504 331/832/331
f 300/833/300 519/834/519 436/810/436
f 385/686/385 530/835/530 455/687/455
f 472/715/472 506/787/506 354/516/354
f 303/436/303 456/689/456 386/560/386
f 334/479/334 531/836/531 483/742/483
f 356/518/356 532/837/532 389/567/389
f 507/789/507 521/838/521 458/691/458
f 458/691/458 521/838/521 374/544/374
f 411/659/411 533/839/533 474/719/474
f 523/840/523 485/745/485 461/696/461
f 348/502/348 485/745/485 444/666/444
f 475/819/475 499/770/499 534/841/534
f 510/842/510 443/665/443 360/522/360
f 430/843/430 535/844/535 536/845/536
f 394/634/394 537/846/537 500/772/500
f 501/774/501 535/847/535 461/696/461
f 442/749/442 535/844/535 501/848/501
f 395/573/395 538/849/538 502/775/502
f 463/700/463 477/726/477 487/750/487
f 447/673/447 514/802/514 539/850/539
f 540/851/540 541/852/541 351/512/351
f 541/852/541 427/625/427 351/512/351
f 428/681/428 542/853/542 406/589/406
f 406/589/406 542/853/542 372/539/372
f 301/430/301 504/783/504 493/854/493
f 383/855/383 530/835/530 385/686/385
f 334/479/334 543/856/543 531/836/531
f 497/767/497 429/628/429 544/857/544
f 304/481/304 459/693/459 484/744/484
f 474/719/474 545/858/545 410/600/410
f 411/603/411 311/446/311 508/790/508
f 521/815/521 523/817/523 440/660/440
f 508/790/508 533/859/533 411/603/411
f 536/845/536 499/860/499 430/843/430
f 461/818/461 535/861/535 430/661/430
f 486/746/486 535/844/535 442/749/442
f 395/573/395 524/820/524 538/849/538
f 394/634/394 420/639/420 537/846/537
f 463/700/463 511/795/511 477/726/477
f 502/862/502 546/863/546 415/864/415
f 415/864/415 546/863/546 488/865/488
f 425/623/425 369/534/369 547/866/547
f 327/620/327 423/619/423 548/867/548
f 449/678/449 296/677/296 549/868/549
f 296/677/296 344/756/344 491/758/491
f 435/652/435 526/827/526 380/553/380
f 481/739/481 540/851/540 351/512/351
f 550/869/550 428/712/428 427/625/427
f 542/853/542 551/870/551 372/539/372
f 494/811/494 552/871/552 504/831/504
f 383/872/383 471/873/471 530/874/530
f 454/685/454 495/763/495 332/476/332
f 455/786/455 530/875/530 553/876/553
f 554/877/554 496/878/496 482/879/482
f 408/597/408 496/766/496 555/880/555
f 356/518/356 483/742/483 532/837/532
f 498/768/498 556/881/556 392/570/392
f 392/570/392 556/881/556 509/791/509
f 441/662/441 444/722/444 460/695/460
f 460/695/460 444/722/444 557/882/557
f 523/840/523 558/883/558 485/745/485
f 509/791/509 559/884/559 510/792/510
f 485/745/485 558/883/558 444/666/444
f 444/666/444 558/883/558 557/885/557
f 535/844/535 486/746/486 536/845/536
f 510/842/510 560/886/560 443/665/443
f 538/887/538 546/863/546 502/862/502
f 464/727/464 477/726/477 512/797/512
f 447/673/447 539/850/539 513/823/513
f 478/824/478 465/888/465 561/889/561
f 404/647/404 466/707/466 562/890/562
f 404/647/404 563/891/563 423/648/423
f 448/735/448 564/892/564 516/805/516
f 425/623/425 547/866/547 448/735/448
f 548/867/548 367/650/367 327/620/327
f 281/399/281 526/827/526 480/737/480
f 426/624/426 381/554/381 565/893/565
f 541/852/541 550/869/550 427/625/427
f 428/712/428 566/894/566 542/895/542
f 372/539/372 551/870/551 471/714/471
f 345/498/345 567/896/567 505/784/505
f 436/810/436 519/834/519 568/897/568
f 569/898/569 554/877/554 482/879/482
f 408/899/408 543/900/543 334/901/334
f 389/567/389 570/902/570 429/657/429
f 438/903/438 346/499/346 571/904/571
f 346/499/346 457/690/457 571/904/571
f 520/814/520 507/789/507 439/658/439
f 521/905/521 572/906/572 523/907/523
f 559/908/559 509/909/509 573/910/573
f 509/791/509 556/881/556 573/911/573
f 358/520/358 475/720/475 522/816/522
f 486/746/486 500/772/500 536/845/536
f 443/665/443 560/886/560 524/820/524
f 462/794/462 574/912/574 511/795/511
f 503/798/503 574/912/574 462/794/462
f 488/865/488 546/863/546 575/913/575
f 576/914/576 561/889/561 488/915/488
f 561/889/561 465/888/465 488/915/488
f 547/866/547 369/534/369 577/916/577
f 369/755/369 490/754/490 578/917/578
f 435/652/435 379/552/379 579/918/579
f 435/652/435 579/918/579 580/919/580
f 426/624/426 581/920/581 450/680/450
f 345/498/345 493/761/493 582/921/582
f 455/786/455 553/876/553 454/685/454
f 299/595/299 386/594/386 583/922/583
f 482/879/482 506/923/506 569/898/569
f 569/898/569 584/924/584 554/877/554
f 555/880/555 543/925/543 408/597/408
f 409/599/409 585/926/585 520/814/520
f 507/789/507 586/927/586 521/838/521
f 586/928/586 572/929/572 521/930/521
f 498/768/498 410/600/410 545/858/545
f 556/881/556 498/768/498 587/931/587
f 588/932/588 474/719/474 533/839/533
f 589/933/589 523/934/523 572/929/572
f 460/935/460 590/936/590 508/937/508
f 591/938/591 459/939/459 522/940/522
f 589/941/589 558/883/558 523/840/523
f 559/884/559 592/942/592 510/792/510
f 499/860/499 536/845/536 500/772/500
f 499/770/499 500/943/500 593/944/593
f 560/886/560 510/842/510 592/945/592
f 500/772/500 537/846/537 594/946/594
f 575/947/575 538/849/538 524/820/524
f 594/946/594 537/846/537 595/948/595
f 420/639/420 489/752/489 537/846/537
f 538/887/538 575/913/575 546/863/546
f 574/912/574 503/798/503 512/797/512
f 560/886/560 576/949/576 524/820/524
f 576/949/576 575/947/575 524/820/524
f 575/950/575 576/914/576 488/915/488
f 564/892/564 448/735/448 547/866/547
f 596/951/596 467/708/467 367/650/367
f 296/677/296 491/758/491 549/868/549
f 580/919/580 526/827/526 435/652/435
f 517/808/517 370/757/370 527/952/527
f 469/711/469 450/680/450 581/920/581
f 550/869/550 566/894/566 428/712/428
f 597/953/597 493/954/493 504/831/504
f 451/760/451 407/592/407 598/955/598
f 599/956/599 472/957/472 505/958/505
f 600/959/600 452/683/452 299/595/299
f 472/957/472 599/956/599 506/923/506
f 553/876/553 601/960/601 454/685/454
f 599/956/599 569/898/569 506/923/506
f 569/898/569 599/956/599 602/961/602
f 554/877/554 555/962/555 496/878/496
f 483/742/483 603/963/603 532/837/532
f 570/902/570 544/964/544 429/657/429
f 497/767/497 585/926/585 409/599/409
f 520/814/520 604/965/604 507/789/507
f 457/690/457 484/744/484 605/966/605
f 606/967/606 589/933/589 572/929/572
f 474/719/474 588/932/588 545/858/545
f 607/968/607 533/859/533 508/790/508
f 460/935/460 557/969/557 606/967/606
f 589/941/589 557/885/557 558/883/558
f 534/841/534 499/770/499 608/970/608
f 593/944/593 608/970/608 499/770/499
f 511/795/511 512/797/512 477/726/477
f 537/846/537 489/752/489 595/948/595
f 489/752/489 513/799/513 595/948/595
f 560/971/560 609/972/609 576/914/576
f 576/914/576 609/972/609 610/973/610
f 610/973/610 561/889/561 576/914/576
f 561/889/561 611/974/611 478/824/478
f 611/974/611 466/707/466 478/824/478
f 405/653/405 612/975/612 328/470/328
f 328/470/328 612/975/612 527/828/527
f 382/976/382 492/977/492 470/978/470
f 613/979/613 471/873/471 551/980/551
f 407/592/407 452/683/452 614/981/614
f 553/876/553 615/982/615 601/960/601
f 386/594/386 456/983/456 583/922/583
f 602/961/602 584/924/584 569/898/569
f 554/877/554 616/984/616 555/962/555
f 585/926/585 604/965/604 520/814/520
f 604/985/604 586/986/586 507/987/507
f 545/858/545 587/931/587 498/768/498
f 508/937/508 590/936/590 607/988/607
f 545/858/545 588/932/588 617/989/617
f 589/933/589 606/967/606 557/969/557
f 500/943/500 594/990/594 593/944/593
f 511/795/511 574/912/574 618/991/618
f 369/992/369 578/993/578 577/994/577
f 518/809/518 528/995/528 329/471/329
f 481/739/481 619/996/619 540/851/540
f 581/920/581 426/624/426 620/997/620
f 451/760/451 598/955/598 492/782/492
f 436/810/436 568/897/568 621/998/621
f 602/961/602 599/956/599 622/999/622
f 584/1000/584 623/1001/623 554/1002/554
f 483/742/483 531/836/531 603/963/603
f 389/567/389 532/837/532 570/902/570
f 544/857/544 624/1003/624 497/767/497
f 497/767/497 624/1003/624 585/926/585
f 624/1004/624 604/1005/604 585/1006/585
f 586/928/586 625/1007/625 572/929/572
f 460/935/460 625/1007/625 590/936/590
f 460/935/460 606/967/606 625/1007/625
f 572/929/572 625/1007/625 606/967/606
f 573/910/573 556/1008/556 626/1009/626
f 533/839/533 607/1010/607 588/932/588
f 588/932/588 627/1011/627 617/989/617
f 628/1012/628 459/939/459 591/938/591
f 560/886/560 592/945/592 609/1013/609
f 595/948/595 513/799/513 629/1014/629
f 611/974/611 562/890/562 466/707/466
f 404/647/404 562/890/562 563/891/563
f 515/803/515 630/1015/630 525/826/525
f 515/803/515 516/804/516 630/1015/630
f 548/867/548 596/951/596 367/650/367
f 379/1016/379 467/1017/467 631/1018/631
f 468/710/468 632/1019/632 371/536/371
f 426/624/426 565/893/565 620/997/620
f 381/554/381 633/1020/633 565/893/565
f 381/554/381 470/713/470 633/1020/633
f 493/761/493 597/1021/597 634/1022/634
f 582/921/582 567/896/567 345/498/345
f 407/592/407 614/981/614 598/955/598
f 599/956/599 567/1023/567 635/1024/635
f 494/811/494 436/810/436 621/998/621
f 622/999/622 599/956/599 635/1024/635
f 567/1023/567 599/956/599 505/958/505
f 471/873/471 613/979/613 530/874/530
f 454/685/454 601/960/601 636/1025/636
f 601/960/601 615/982/615 637/1026/637
f 623/1001/623 616/1027/616 554/1002/554
f 456/689/456 355/517/355 438/656/438
f 532/837/532 603/963/603 570/902/570
f 457/690/457 605/966/605 571/904/571
f 587/931/587 626/1028/626 556/881/556
f 545/858/545 617/989/617 587/931/587
f 574/912/574 512/797/512 618/991/618
f 511/795/511 618/991/618 512/797/512
f 561/889/561 610/973/610 611/974/611
f 516/1029/516 564/1030/564 630/1031/630
f 547/866/547 577/916/577 564/892/564
f 368/807/368 449/678/449 638/1032/638
f 468/710/468 528/829/528 632/1019/632
f 639/1033/639 541/852/541 540/851/540
f 550/869/550 640/1034/640 566/894/566
f 542/853/542 641/1035/641 551/870/551
f 504/831/504 552/871/552 597/953/597
f 530/874/530 613/979/613 553/1036/553
f 583/922/583 600/959/600 299/595/299
f 637/1026/637 642/1037/642 601/960/601
f 555/880/555 643/1038/643 543/925/543
f 644/1039/644 544/1040/544 570/1041/570
f 624/1042/624 645/1043/645 604/1044/604
f 645/1045/645 646/1046/646 604/985/604
f 604/985/604 646/1046/646 586/986/586
f 617/989/617 647/1047/647 587/931/587
f 617/989/617 648/1048/648 647/1047/647
f 559/908/559 573/910/573 649/1049/649
f 607/1010/607 627/1011/627 588/932/588
f 617/989/617 627/1011/627 648/1048/648
f 594/990/594 608/970/608 593/944/593
f 594/990/594 650/1050/650 608/970/608
f 611/974/611 651/1051/651 562/890/562
f 514/802/514 652/1052/652 539/850/539
f 514/802/514 525/826/525 652/1052/652
f 368/807/368 638/1032/638 490/1053/490
f 379/1016/379 631/1018/631 579/1054/579
f 480/737/480 653/1055/653 405/587/405
f 567/896/567 582/921/582 635/1056/635
f 452/683/452 600/959/600 614/981/614
f 553/876/553 654/1057/654 615/982/615
f 601/960/601 642/1037/642 636/1025/636
f 615/982/615 655/1058/655 637/1026/637
f 642/1037/642 637/1026/637 655/1058/655
f 602/961/602 656/1059/656 584/924/584
f 657/1060/657 616/1061/616 623/1062/623
f 624/1042/624 544/1063/544 645/1043/645
f 459/693/459 628/1064/628 484/744/484
f 658/1065/658 587/931/587 647/1047/647
f 587/931/587 658/1065/658 626/1028/626
f 647/1047/647 648/1048/648 659/1066/659
f 627/1011/627 659/1066/659 648/1048/648
f 649/1049/649 660/1067/660 592/1068/592
f 475/819/475 534/841/534 661/1069/661
f 661/1069/661 662/1070/662 475/819/475
f 663/1071/663 664/1072/664 665/1073/665
f 665/1073/665 664/1072/664 666/1074/666
f 661/1069/661 667/1075/667 662/1070/662
f 595/948/595 668/1076/668 594/946/594
f 592/945/592 669/1077/669 609/1013/609
f 513/799/513 670/1078/670 629/1014/629
f 609/972/609 671/1079/671 610/973/610
f 513/823/513 539/850/539 670/1080/670
f 610/973/610 651/1051/651 611/974/611
f 525/1081/525 630/1031/630 652/1082/652
f 423/648/423 563/891/563 672/1083/672
f 423/619/423 672/1084/672 548/867/548
f 480/737/480 526/827/526 673/1085/673
f 529/830/529 371/536/371 632/1019/632
f 620/997/620 565/893/565 674/1086/674
f 634/1022/634 582/921/582 493/761/493
f 494/811/494 621/998/621 552/871/552
f 622/999/622 675/1087/675 602/961/602
f 613/979/613 654/1088/654 553/1036/553
f 519/813/519 495/763/495 568/1089/568
f 454/685/454 636/1025/636 495/763/495
f 642/1037/642 655/1058/655 676/1090/676
f 456/1091/456 677/1092/677 583/1093/583
f 555/962/555 616/984/616 643/1094/643
f 603/1095/603 678/1096/678 570/1041/570
f 644/1039/644 645/1097/645 544/1040/544
f 484/744/484 628/1064/628 679/1098/679
f 586/986/586 680/1099/680 625/1100/625
f 559/908/559 649/1049/649 592/1068/592
f 475/1101/475 662/1102/662 522/1103/522
f 608/970/608 681/1104/681 534/841/534
f 608/970/608 650/1050/650 681/1104/681
f 663/1105/663 682/1106/682 664/1107/664
f 594/990/594 668/1108/668 650/1050/650
f 682/1106/682 683/1109/683 664/1107/664
f 595/948/595 629/1014/629 668/1076/668
f 683/1109/683 682/1106/682 684/1110/684
f 683/1109/683 685/1111/685 664/1107/664
f 684/1110/684 686/1112/686 683/1109/683
f 609/972/609 669/1113/669 671/1079/671
f 672/1084/672 687/1114/687 548/867/548
f 596/1115/596 688/1116/688 467/1017/467
f 549/868/549 491/758/491 689/1117/689
f 405/587/405 653/1055/653 612/1118/612
f 491/758/491 517/808/517 690/1119/690
f 529/830/529 632/1019/632 691/1120/691
f 469/711/469 581/920/581 692/1121/692
f 693/1122/693 550/869/550 541/852/541
f 566/1123/566 641/1035/641 542/853/542
f 654/1057/654 655/1058/655 615/982/615
f 656/1059/656 694/1124/694 584/924/584
f 695/1125/695 623/1001/623 584/1000/584
f 623/1126/623 696/1127/696 657/1128/657
f 603/963/603 531/836/531 697/1129/697
f 657/1060/657 698/1130/698 616/1061/616
f 698/1130/698 699/1131/699 616/1061/616
f 700/1132/700 646/1133/646 645/1134/645
f 646/1046/646 701/1135/701 586/986/586
f 607/1136/607 590/1137/590 702/1138/702
f 573/910/573 626/1009/626 703/1139/703
f 607/1010/607 659/1066/659 627/1011/627
f 662/1102/662 663/1105/663 522/1103/522
f 534/841/534 681/1104/681 661/1069/661
f 667/1140/667 682/1106/682 662/1102/662
f 664/1107/664 685/1111/685 666/1141/666
f 670/1080/670 539/850/539 704/1142/704
f 652/1082/652 704/1143/704 539/1144/539
f 564/1030/564 705/1145/705 630/1031/630
f 578/917/578 490/754/490 706/1146/706
f 579/918/579 707/1147/707 580/919/580
f 469/711/469 708/1148/708 518/809/518
f 469/711/469 692/1121/692 708/1148/708
f 619/996/619 639/1033/639 540/851/540
f 581/920/581 620/997/620 709/1149/709
f 639/1033/639 693/1122/693 541/852/541
f 598/955/598 710/1150/710 492/782/492
f 635/1056/635 582/921/582 711/1151/711
f 655/1058/655 712/1152/712 676/1090/676
f 616/1061/616 699/1131/699 713/1153/713
f 586/986/586 701/1135/701 680/1099/680
f 661/1069/661 681/1104/681 667/1075/667
f 662/1102/662 682/1106/682 663/1105/663
f 667/1140/667 668/1154/668 684/1110/684
f 668/1154/668 629/1155/629 684/1110/684
f 667/1140/667 684/1110/684 682/1106/682
f 685/1156/685 714/1157/714 666/1074/666
f 684/1110/684 629/1155/629 715/1158/715
f 629/1155/629 670/1159/670 715/1158/715
f 630/1031/630 704/1143/704 652/1082/652
f 564/1030/564 577/1160/577 705/1145/705
f 693/1161/693 716/1162/716 550/1163/550
f 717/1164/717 566/1165/566 640/1166/640
f 641/1167/641 566/1165/566 717/1164/717
f 635/1024/635 718/1168/718 622/999/622
f 635/1056/635 711/1151/711 718/1169/718
f 582/921/582 634/1022/634 711/1151/711
f 551/980/551 641/1170/641 613/979/613
f 552/871/552 719/1171/719 597/953/597
f 614/981/614 720/1172/720 598/955/598
f 602/961/602 675/1087/675 656/1059/656
f 600/959/600 721/1173/721 614/981/614
f 495/763/495 636/1025/636 568/1089/568
f 636/1025/636 642/1037/642 722/1174/722
f 584/1175/584 694/1176/694 695/1177/695
f 695/1177/695 696/1178/696 623/1179/623
f 616/1061/616 713/1153/713 643/1180/643
f 723/1181/723 643/1180/643 713/1153/713
f 723/1181/723 543/856/543 643/1180/643
f 678/1182/678 603/963/603 697/1129/697
f 697/1129/697 531/836/531 543/856/543
f 724/1183/724 698/1184/698 657/1185/657
f 725/1186/725 646/1133/646 700/1132/700
f 725/1187/725 701/1135/701 646/1046/646
f 726/1188/726 590/936/590 727/1189/727
f 727/1189/727 625/1007/625 680/1190/680
f 590/936/590 625/1007/625 727/1189/727
f 728/1191/728 626/1009/626 658/1192/658
f 658/1065/658 647/1047/647 659/1066/659
f 659/1193/659 607/1136/607 702/1138/702
f 703/1139/703 649/1049/649 573/910/573
f 522/940/522 663/1071/663 729/1194/729
f 729/1194/729 663/1071/663 665/1073/665
f 730/1195/730 592/1068/592 660/1067/660
f 731/1196/731 667/1075/667 681/1104/681
f 731/1196/731 668/1108/668 667/1075/667
f 732/1197/732 685/1111/685 683/1109/683
f 684/1110/684 715/1158/715 686/1112/686
f 704/1198/704 715/1158/715 670/1159/670
f 704/1198/704 733/1199/733 715/1158/715
f 577/1200/577 578/917/578 706/1146/706
f 631/1018/631 467/1017/467 688/1116/688
f 707/1201/707 579/1054/579 631/1018/631
f 612/1202/612 734/1203/734 527/952/527
f 717/1164/717 735/1204/735 641/1167/641
f 735/1204/735 736/1205/736 641/1167/641
f 642/1037/642 676/1090/676 722/1174/722
f 678/1096/678 644/1039/644 570/1041/570
f 644/1039/644 737/1206/737 645/1097/645
f 700/1207/700 645/1097/645 737/1206/737
f 696/1127/696 724/1208/724 657/1128/657
f 723/1181/723 697/1129/697 543/856/543
f 738/1209/738 739/1210/739 701/1135/701
f 739/1210/739 740/1211/740 701/1135/701
f 605/966/605 484/744/484 679/1098/679
f 701/1135/701 740/1211/740 680/1099/680
f 740/1211/740 741/1212/741 680/1099/680
f 741/1213/741 727/1189/727 680/1190/680
f 668/1108/668 731/1196/731 650/1050/650
f 669/1113/669 742/1214/742 671/1079/671
f 686/1112/686 715/1158/715 743/1215/743
f 715/1158/715 733/1199/733 743/1215/743
f 671/1079/671 651/1051/651 610/973/610
f 744/1216/744 563/891/563 562/890/562
f 704/1143/704 630/1031/630 745/1217/745
f 687/1114/687 596/951/596 548/867/548
f 746/1218/746 517/808/517 527/952/527
f 716/1162/716 640/1166/640 550/1163/550
f 747/1219/747 717/1164/717 640/1166/640
f 470/978/470 492/977/492 710/1220/710
f 710/1150/710 598/955/598 748/1221/748
f 736/1222/736 613/979/613 641/1170/641
f 614/981/614 721/1173/721 720/1172/720
f 621/998/621 568/897/568 749/1223/749
f 676/1090/676 712/1152/712 722/1174/722
f 750/1224/750 738/1209/738 725/1187/725
f 738/1209/738 701/1135/701 725/1187/725
f 590/1137/590 726/1225/726 702/1138/702
f 740/1211/740 751/1226/751 741/1212/741
f 741/1213/741 751/1227/751 727/1189/727
f 728/1191/728 703/1139/703 626/1009/626
f 681/1104/681 650/1050/650 731/1196/731
f 592/1068/592 730/1195/730 669/1228/669
f 630/1031/630 705/1145/705 745/1217/745
f 491/758/491 690/1119/690 689/1117/689
f 480/737/480 673/1085/673 653/1055/653
f 691/1120/691 632/1019/632 752/1229/752
f 529/830/529 691/1120/691 481/739/481
f 528/829/528 753/1230/753 632/1019/632
f 581/920/581 709/1149/709 692/1121/692
f 620/997/620 674/1086/674 709/1149/709
f 716/1162/716 754/1231/754 640/1166/640
f 640/1166/640 754/1231/754 747/1219/747
f 552/871/552 621/998/621 719/1171/719
f 583/922/583 755/1232/755 600/959/600
f 678/1096/678 756/1233/756 644/1039/644
f 737/1234/737 725/1186/725 700/1132/700
f 725/1186/725 757/1235/757 750/1236/750
f 698/1184/698 724/1183/724 758/1237/758
f 698/1184/698 758/1237/758 699/1238/699
f 751/1227/751 759/1239/759 727/1189/727
f 522/940/522 729/1194/729 591/938/591
f 685/1111/685 732/1197/732 760/1240/760
f 683/1109/683 761/1241/761 732/1197/732
f 686/1112/686 761/1241/761 683/1109/683
f 704/1143/704 745/1217/745 733/1242/733
f 577/1200/577 706/1146/706 705/1243/705
f 490/754/490 762/1244/762 706/1146/706
f 638/1032/638 762/1245/762 490/1053/490
f 752/1229/752 632/1019/632 763/1246/763
f 619/996/619 481/739/481 691/1120/691
f 565/893/565 633/1020/633 674/1086/674
f 747/1219/747 764/1247/764 717/1164/717
f 765/1248/765 622/999/622 718/1168/718
f 766/1249/766 634/1022/634 597/1021/597
f 655/1058/655 767/1250/767 712/1152/712
f 768/1251/768 722/1174/722 712/1152/712
f 737/1206/737 644/1039/644 756/1233/756
f 737/1234/737 757/1235/757 725/1186/725
f 769/1252/769 724/1208/724 696/1127/696
f 770/1253/770 713/1153/713 699/1131/699
f 750/1224/750 771/1254/771 738/1209/738
f 738/1209/738 771/1254/771 739/1210/739
f 772/1255/772 660/1067/660 649/1049/649
f 773/1256/773 729/1194/729 665/1073/665
f 743/1215/743 761/1241/761 686/1112/686
f 744/1216/744 672/1083/672 563/891/563
f 673/1085/673 774/1257/774 653/1055/653
f 527/952/527 734/1203/734 746/1218/746
f 691/1120/691 775/1258/775 619/996/619
f 528/995/528 518/809/518 708/1148/708
f 776/1259/776 639/1033/639 619/996/619
f 776/1260/776 693/1261/693 639/1262/639
f 777/1263/777 716/1264/716 693/1261/693
f 764/1247/764 735/1204/735 717/1164/717
f 633/1020/633 470/713/470 778/1265/778
f 778/1266/778 470/978/470 779/1267/779
f 470/978/470 710/1220/710 779/1267/779
f 656/1268/656 780/1269/780 694/1176/694
f 722/1174/722 768/1251/768 781/1270/781
f 782/1271/782 768/1251/768 712/1152/712
f 783/1272/783 757/1273/757 737/1206/737
f 697/1129/697 723/1181/723 784/1274/784
f 571/904/571 605/966/605 785/1275/785
f 658/1065/658 659/1066/659 786/1276/786
f 702/1138/702 787/1277/787 659/1193/659
f 649/1049/649 703/1139/703 772/1255/772
f 628/1012/628 591/938/591 788/1278/788
f 730/1195/730 742/1279/742 669/1228/669
f 714/1280/714 685/1111/685 760/1240/760
f 732/1197/732 789/1281/789 760/1240/760
f 743/1215/743 733/1199/733 790/1282/790
f 733/1199/733 745/1283/745 791/1284/791
f 638/1032/638 449/678/449 792/1285/792
f 549/868/549 689/1117/689 793/1286/793
f 612/1202/612 794/1287/794 734/1203/734
f 753/1230/753 763/1246/763 632/1019/632
f 633/1020/633 795/1288/795 674/1086/674
f 622/999/622 765/1248/765 675/1087/675
f 748/1289/748 796/1290/796 710/1220/710
f 621/998/621 749/1223/749 719/1171/719
f 721/1173/721 797/1291/797 720/1172/720
f 568/897/568 636/1292/636 798/1293/798
f 768/1294/768 799/1295/799 781/1296/781
f 678/1096/678 800/1297/800 756/1233/756
f 677/1092/677 456/1091/456 438/1298/438
f 737/1206/737 756/1233/756 783/1272/783
f 713/1153/713 770/1253/770 723/1181/723
f 571/1299/571 801/1300/801 438/1301/438
f 739/1210/739 771/1254/771 740/1211/740
f 702/1138/702 726/1225/726 787/1277/787
f 727/1189/727 759/1239/759 726/1188/726
f 658/1192/658 786/1302/786 802/1303/802
f 751/1226/751 803/1304/803 759/1305/759
f 703/1139/703 728/1191/728 772/1255/772
f 665/1073/665 804/1306/804 773/1256/773
f 666/1074/666 804/1306/804 665/1073/665
f 666/1074/666 714/1157/714 804/1306/804
f 761/1241/761 805/1307/805 732/1197/732
f 651/1051/651 806/1308/806 807/1309/807
f 762/1244/762 808/1310/808 706/1146/706
f 631/1018/631 809/1311/809 707/1201/707
f 526/827/526 580/919/580 810/1312/810
f 528/829/528 811/1313/811 753/1230/753
f 708/1314/708 811/1313/811 528/829/528
f 634/1022/634 812/1315/812 711/1151/711
f 598/955/598 720/1172/720 748/1221/748
f 736/1222/736 654/1088/654 613/979/613
f 636/1292/636 722/1316/722 798/1293/798
f 722/1316/722 813/1317/813 798/1293/798
f 767/1250/767 782/1271/782 712/1152/712
f 583/1093/583 814/1318/814 755/1319/755
f 768/1294/768 782/1320/782 799/1295/799
f 799/1295/799 815/1321/815 816/1322/816
f 583/1093/583 677/1092/677 814/1318/814
f 769/1252/769 817/1323/817 724/1208/724
f 740/1211/740 803/1304/803 751/1226/751
f 728/1191/728 658/1192/658 802/1303/802
f 659/1066/659 787/1324/787 786/1276/786
f 628/1064/628 788/1325/788 818/1326/818
f 772/1255/772 730/1195/730 660/1067/660
f 729/1194/729 773/1256/773 591/938/591
f 651/1051/651 819/1327/819 806/1308/806
f 651/1051/651 807/1309/807 562/890/562
f 791/1328/791 745/1329/745 820/1330/820
f 526/827/526 810/1312/810 673/1085/673
f 821/1331/821 776/1259/776 619/996/619
f 709/1149/709 822/1332/822 692/1121/692
f 693/1261/693 776/1260/776 777/1263/777
f 823/1333/823 765/1334/765 718/1335/718
f 710/1220/710 796/1290/796 779/1267/779
f 675/1087/675 824/1336/824 656/1059/656
f 749/1223/749 568/897/568 825/1337/825
f 654/1057/654 767/1250/767 655/1058/655
f 600/959/600 755/1232/755 721/1173/721
f 799/1295/799 782/1320/782 815/1321/815
f 814/1318/814 677/1092/677 826/1338/826
f 827/1339/827 757/1273/757 783/1272/783
f 677/1092/677 438/1298/438 801/1340/801
f 697/1129/697 828/1341/828 678/1182/678
f 784/1274/784 828/1341/828 697/1129/697
f 724/1208/724 817/1323/817 758/1342/758
f 758/1237/758 770/1343/770 699/1238/699
f 728/1191/728 829/1344/829 772/1255/772
f 730/1195/730 830/1345/830 742/1279/742
f 732/1197/732 805/1307/805 789/1281/789
f 743/1215/743 831/1346/831 761/1241/761
f 743/1215/743 790/1282/790 831/1346/831
f 745/1329/745 705/1243/705 820/1330/820
f 690/1119/690 517/808/517 746/1218/746
f 708/1148/708 692/1121/692 832/1347/832
f 764/1247/764 833/1348/833 735/1204/735
f 735/1204/735 833/1348/833 834/1349/834
f 735/1204/735 834/1349/834 736/1205/736
f 634/1022/634 766/1249/766 812/1315/812
f 597/1021/597 835/1350/835 766/1249/766
f 722/1351/722 781/1352/781 836/1353/836
f 813/1354/813 722/1355/722 837/1356/837
f 836/1353/836 837/1357/837 722/1351/722
f 799/1295/799 813/1354/813 781/1296/781
f 799/1295/799 816/1322/816 838/1358/838
f 816/1359/816 815/1360/815 839/1361/839
f 816/1359/816 840/1362/840 838/1363/838
f 816/1359/816 839/1361/839 840/1362/840
f 694/1176/694 841/1364/841 695/1177/695
f 840/1362/840 839/1361/839 842/1365/842
f 756/1233/756 843/1366/843 783/1272/783
f 723/1181/723 844/1367/844 784/1274/784
f 757/1368/757 771/1254/771 750/1224/750
f 723/1181/723 770/1253/770 844/1367/844
f 771/1254/771 845/1369/845 740/1211/740
f 726/1188/726 759/1239/759 846/1370/846
f 591/1371/591 773/1372/773 847/1373/847
f 760/1374/760 848/1375/848 714/1376/714
f 831/1346/831 805/1307/805 761/1241/761
f 705/1243/705 706/1146/706 808/1310/808
f 449/678/449 549/868/549 792/1285/792
f 777/1263/777 849/1377/849 716/1264/716
f 716/1264/716 849/1377/849 754/1378/754
f 747/1219/747 833/1348/833 764/1247/764
f 597/953/597 719/1171/719 835/1379/835
f 824/1380/824 780/1269/780 656/1268/656
f 568/897/568 798/1293/798 825/1337/825
f 837/1356/837 781/1296/781 813/1354/813
f 850/1381/850 840/1362/840 842/1365/842
f 756/1233/756 800/1297/800 843/1366/843
f 758/1237/758 851/1382/851 770/1343/770
f 605/966/605 852/1383/852 785/1275/785
f 852/1384/852 853/1385/853 785/1386/785
f 802/1303/802 854/1387/854 728/1191/728
f 772/1255/772 829/1344/829 855/1388/855
f 628/1064/628 818/1326/818 679/1098/679
f 804/1389/804 714/1376/714 848/1375/848
f 742/1214/742 856/1390/856 671/1079/671
f 760/1240/760 789/1281/789 848/1391/848
f 671/1079/671 819/1327/819 651/1051/651
f 562/890/562 807/1309/807 857/1392/857
f 562/890/562 857/1392/857 744/1216/744
f 672/1084/672 858/1393/858 687/1114/687
f 808/1310/808 762/1244/762 859/1394/859
f 596/951/596 687/1114/687 688/1395/688
f 762/1396/762 638/1397/638 860/1398/860
f 631/1018/631 861/1399/861 809/1311/809
f 549/868/549 793/1286/793 792/1285/792
f 763/1246/763 862/1400/862 752/1229/752
f 775/1258/775 821/1331/821 619/996/619
f 708/1148/708 832/1347/832 863/1401/863
f 674/1086/674 795/1288/795 864/1402/864
f 711/1403/711 865/1404/865 718/1335/718
f 812/1405/812 865/1404/865 711/1403/711
f 675/1406/675 765/1334/765 866/1407/866
f 721/1173/721 755/1232/755 867/1408/867
f 813/1354/813 799/1295/799 868/1409/868
f 840/1362/840 850/1381/850 838/1363/838
f 839/1361/839 827/1339/827 842/1365/842
f 842/1365/842 827/1339/827 869/1410/869
f 869/1410/869 827/1339/827 783/1272/783
f 758/1342/758 817/1323/817 851/1411/851
f 801/1412/801 571/904/571 785/1275/785
f 740/1211/740 845/1369/845 803/1304/803
f 855/1388/855 870/1413/870 772/1255/772
f 591/938/591 847/1414/847 788/1278/788
f 772/1255/772 870/1413/870 730/1195/730
f 705/1243/705 871/1415/871 820/1330/820
f 808/1310/808 871/1415/871 705/1243/705
f 688/1116/688 872/1416/872 631/1018/631
f 580/919/580 873/1417/873 810/1312/810
f 673/1085/673 874/1418/874 774/1257/774
f 653/1419/653 794/1420/794 612/1421/612
f 674/1086/674 864/1402/864 709/1149/709
f 766/1249/766 835/1350/835 812/1315/812
f 748/1289/748 720/1422/720 875/1423/875
f 721/1173/721 867/1408/867 797/1291/797
f 798/1424/798 813/1354/813 868/1409/868
f 837/1356/837 876/1425/876 781/1296/781
f 782/1426/782 877/1427/877 815/1360/815
f 799/1295/799 838/1358/838 868/1409/868
f 878/1428/878 841/1364/841 694/1176/694
f 842/1365/842 869/1410/869 850/1381/850
f 828/1429/828 879/1430/879 678/1431/678
f 678/1431/678 879/1430/879 800/1432/800
f 855/1388/855 880/1433/880 870/1413/870
f 773/1372/773 881/1434/881 847/1373/847
f 773/1372/773 804/1389/804 881/1434/881
f 804/1389/804 848/1375/848 882/1435/882
f 733/1199/733 791/1284/791 790/1282/790
f 687/1114/687 883/1436/883 688/1395/688
f 707/1147/707 873/1417/873 580/919/580
f 810/1312/810 874/1418/874 673/1085/673
f 653/1437/653 884/1438/884 794/1287/794
f 752/1229/752 885/1439/885 691/1120/691
f 763/1246/763 753/1230/753 862/1400/862
f 753/1230/753 811/1313/811 886/1440/886
f 708/1148/708 863/1401/863 811/1441/811
f 777/1263/777 887/1442/887 849/1377/849
f 747/1219/747 754/1231/754 888/1443/888
f 779/1267/779 796/1290/796 889/1444/889
f 890/1445/890 654/1446/654 736/1447/736
f 675/1087/675 866/1448/866 824/1336/824
f 825/1337/825 891/1449/891 749/1223/749
f 781/1296/781 876/1425/876 836/1450/836
f 780/1269/780 878/1428/878 694/1176/694
f 838/1363/838 850/1381/850 892/1451/892
f 783/1272/783 843/1366/843 869/1410/869
f 696/1127/696 893/1452/893 769/1252/769
f 844/1367/844 828/1341/828 784/1274/784
f 770/1253/770 894/1453/894 844/1367/844
f 759/1305/759 803/1304/803 846/1454/846
f 679/1098/679 852/1383/852 605/966/605
f 728/1191/728 854/1387/854 829/1344/829
f 829/1344/829 880/1433/880 855/1388/855
f 742/1279/742 830/1345/830 856/1455/856
f 671/1079/671 856/1390/856 819/1327/819
f 831/1346/831 895/1456/895 805/1307/805
f 805/1307/805 895/1456/895 789/1281/789
f 820/1330/820 871/1415/871 896/1457/896
f 631/1458/631 872/1459/872 861/1460/861
f 811/1461/811 897/1462/897 886/1463/886
f 811/1461/811 863/1464/863 897/1462/897
f 692/1121/692 822/1332/822 832/1347/832
f 898/1465/898 887/1442/887 777/1263/777
f 633/1020/633 899/1466/899 795/1288/795
f 778/1265/778 899/1466/899 633/1020/633
f 747/1219/747 900/1467/900 833/1348/833
f 718/1335/718 865/1404/865 823/1333/823
f 889/1444/889 796/1290/796 901/1468/901
f 796/1290/796 748/1289/748 901/1468/901
f 748/1289/748 875/1423/875 901/1468/901
f 719/1171/719 749/1223/749 902/1469/902
f 825/1470/825 798/1471/798 903/1472/903
f 839/1361/839 815/1360/815 904/1473/904
f 838/1474/838 892/1475/892 868/1476/868
f 892/1451/892 850/1381/850 905/1477/905
f 850/1381/850 869/1410/869 905/1477/905
f 677/1092/677 801/1340/801 826/1338/826
f 879/1430/879 828/1429/828 906/1478/906
f 844/1367/844 907/1479/907 828/1341/828
f 845/1369/845 908/1480/908 803/1304/803
f 785/1386/785 853/1385/853 909/1481/909
f 829/1344/829 910/1482/910 880/1433/880
f 870/1413/870 830/1345/830 730/1195/730
f 790/1282/790 911/1483/911 831/1346/831
f 807/1309/807 806/1308/806 912/1484/912
f 791/1328/791 820/1330/820 913/1485/913
f 653/1055/653 774/1257/774 884/1486/884
f 777/1263/777 776/1260/776 914/1487/914
f 833/1348/833 900/1467/900 915/1488/915
f 833/1348/833 915/1488/915 834/1349/834
f 890/1489/890 736/1205/736 834/1349/834
f 865/1404/865 812/1405/812 916/1490/916
f 812/1491/812 835/1492/835 917/1493/917
f 797/1291/797 867/1408/867 918/1494/918
f 798/1471/798 868/1495/868 903/1472/903
f 919/1496/919 878/1428/878 780/1269/780
f 841/1364/841 696/1178/696 695/1177/695
f 803/1304/803 908/1480/908 846/1454/846
f 910/1482/910 920/1497/920 880/1433/880
f 854/1387/854 910/1482/910 829/1344/829
f 679/1098/679 818/1326/818 921/1498/921
f 804/1389/804 922/1499/922 881/1434/881
f 922/1499/922 804/1389/804 882/1435/882
f 882/1435/882 848/1375/848 923/1500/923
f 848/1375/848 789/1501/789 924/1502/924
f 913/1485/913 820/1330/820 896/1457/896
f 687/1114/687 858/1393/858 925/1503/925
f 926/1504/926 775/1258/775 691/1120/691
f 753/1230/753 886/1440/886 862/1400/862
f 777/1263/777 914/1487/914 898/1465/898
f 866/1407/866 765/1334/765 927/1505/927
f 902/1469/902 835/1379/835 719/1171/719
f 902/1469/902 749/1223/749 891/1449/891
f 825/1470/825 903/1472/903 891/1506/891
f 878/1428/878 928/1507/928 841/1364/841
f 839/1361/839 904/1473/904 827/1339/827
f 905/1477/905 869/1410/869 929/1508/929
f 929/1508/929 869/1410/869 843/1366/843
f 827/1339/827 930/1509/930 757/1273/757
f 843/1510/843 879/1430/879 929/1511/929
f 800/1432/800 879/1430/879 843/1510/843
f 844/1367/844 894/1453/894 907/1479/907
f 817/1323/817 931/1512/931 851/1411/851
f 851/1411/851 932/1513/932 770/1514/770
f 786/1302/786 933/1515/933 802/1303/802
f 880/1433/880 934/1516/934 870/1413/870
f 934/1517/934 935/1518/935 870/1519/870
f 789/1281/789 895/1456/895 936/1520/936
f 831/1346/831 911/1483/911 895/1456/895
f 791/1284/791 911/1483/911 790/1282/790
f 808/1310/808 859/1394/859 871/1415/871
f 691/1120/691 885/1439/885 926/1504/926
f 776/1260/776 821/1521/821 914/1487/914
f 812/1405/812 917/1522/917 916/1490/916
f 720/1422/720 797/1523/797 875/1423/875
f 866/1524/866 937/1525/937 824/1380/824
f 938/1526/938 767/1527/767 654/1446/654
f 939/1528/939 940/1529/940 876/1530/876
f 939/1528/939 868/1476/868 940/1529/940
f 877/1427/877 904/1473/904 815/1360/815
f 892/1475/892 940/1529/940 868/1476/868
f 696/1178/696 841/1364/841 893/1531/893
f 757/1532/757 941/1533/941 771/1534/771
f 786/1535/786 942/1536/942 933/1537/933
f 786/1535/786 787/1277/787 942/1536/942
f 880/1538/880 920/1539/920 943/1540/943
f 921/1498/921 852/1383/852 679/1098/679
f 818/1326/818 944/1541/944 921/1498/921
f 882/1435/882 923/1500/923 945/1542/945
f 819/1327/819 912/1484/912 806/1308/806
f 807/1309/807 946/1543/946 857/1392/857
f 690/1119/690 746/1218/746 947/1544/947
f 926/1504/926 948/1545/948 775/1258/775
f 754/1378/754 849/1377/849 888/1546/888
f 868/1495/868 949/1547/949 903/1472/903
f 868/1495/868 939/1548/939 949/1547/949
f 949/1547/949 940/1529/940 892/1475/892
f 826/1338/826 950/1549/950 814/1318/814
f 892/1550/892 905/1551/905 951/1552/951
f 929/1511/929 951/1552/951 905/1551/905
f 879/1430/879 952/1553/952 929/1511/929
f 906/1478/906 952/1553/952 879/1430/879
f 828/1341/828 907/1479/907 906/1554/906
f 801/1555/801 953/1556/953 954/1557/954
f 817/1323/817 769/1252/769 955/1558/955
f 932/1513/932 894/1559/894 770/1514/770
f 726/1225/726 846/1560/846 787/1277/787
f 933/1515/933 854/1387/854 802/1303/802
f 880/1538/880 943/1540/943 934/1517/934
f 870/1413/870 935/1561/935 830/1345/830
f 788/1325/788 956/1562/956 818/1326/818
f 847/1373/847 957/1563/957 788/1564/788
f 830/1345/830 935/1561/935 856/1455/856
f 881/1434/881 958/1565/958 847/1373/847
f 923/1500/923 924/1502/924 945/1542/945
f 848/1375/848 924/1502/924 923/1500/923
f 789/1501/789 936/1566/936 924/1502/924
f 791/1284/791 913/1567/913 911/1483/911
f 793/1286/793 689/1117/689 959/1568/959
f 690/1119/690 947/1544/947 959/1568/959
f 775/1258/775 948/1545/948 821/1331/821
f 752/1229/752 862/1400/862 960/1569/960
f 961/1570/961 914/1487/914 821/1521/821
f 888/1546/888 849/1377/849 962/1571/962
f 891/1572/891 963/1573/963 902/1574/902
f 937/1525/937 964/1575/964 824/1380/824
f 824/1380/824 964/1575/964 780/1269/780
f 891/1506/891 903/1472/903 965/1576/965
f 767/1527/767 877/1577/877 782/1578/782
f 755/1232/755 966/1579/966 867/1408/867
f 892/1550/892 951/1552/951 949/1580/949
f 814/1318/814 950/1549/950 967/1581/967
f 904/1473/904 930/1509/930 827/1339/827
f 907/1582/907 968/1583/968 906/1584/906
f 907/1582/907 894/1585/894 969/1586/969
f 771/1534/771 941/1533/941 845/1587/845
f 933/1515/933 970/1588/970 854/1387/854
f 910/1589/910 970/1590/970 920/1539/920
f 854/1387/854 970/1588/970 910/1482/910
f 956/1562/956 944/1541/944 818/1326/818
f 847/1373/847 971/1591/971 957/1563/957
f 847/1373/847 958/1565/958 971/1591/971
f 958/1565/958 881/1434/881 972/1592/972
f 945/1542/945 973/1593/973 882/1435/882
f 688/1594/688 883/1595/883 872/1459/872
f 765/1334/765 823/1333/823 927/1505/927
f 927/1505/927 974/1596/974 866/1407/866
f 901/1468/901 975/1597/975 889/1444/889
f 963/1598/963 891/1599/891 976/1600/976
f 891/1601/891 965/1602/965 976/1603/976
f 780/1269/780 964/1575/964 919/1496/919
f 903/1472/903 949/1547/949 965/1576/965
f 836/1450/836 977/1604/977 939/1605/939
f 939/1548/939 977/1606/977 949/1547/949
f 755/1319/755 967/1581/967 966/1607/966
f 919/1496/919 978/1608/978 878/1428/878
f 755/1319/755 814/1318/814 967/1581/967
f 978/1608/978 928/1507/928 878/1428/878
f 928/1507/928 979/1609/979 841/1364/841
f 929/1511/929 952/1553/952 951/1552/951
f 801/1340/801 954/1610/954 826/1338/826
f 969/1586/969 968/1583/968 907/1582/907
f 801/1555/801 785/1611/785 953/1556/953
f 787/1277/787 846/1560/846 980/1612/980
f 788/1564/788 981/1613/981 956/1614/956
f 957/1563/957 981/1613/981 788/1564/788
f 922/1499/922 982/1615/982 972/1592/972
f 958/1565/958 972/1592/972 971/1591/971
f 922/1499/922 972/1592/972 881/1434/881
f 922/1499/922 882/1435/882 983/1616/983
f 882/1435/882 973/1593/973 983/1616/983
f 945/1542/945 924/1502/924 973/1593/973
f 819/1327/819 984/1617/984 912/1484/912
f 895/1456/895 911/1483/911 936/1520/936
f 912/1484/912 946/1543/946 807/1309/807
f 687/1114/687 925/1503/925 883/1436/883
f 707/1618/707 985/1619/985 873/1620/873
f 734/1203/734 794/1287/794 986/1621/986
f 747/1219/747 888/1443/888 900/1467/900
f 779/1267/779 987/1622/987 778/1266/778
f 835/1492/835 988/1623/988 917/1493/917
f 835/1492/835 902/1574/902 988/1623/988
f 836/1450/836 989/1624/989 977/1604/977
f 876/1425/876 989/1624/989 836/1450/836
f 876/1530/876 940/1529/940 989/1625/989
f 977/1606/977 940/1529/940 949/1547/949
f 906/1478/906 968/1626/968 952/1553/952
f 893/1452/893 990/1627/990 769/1252/769
f 817/1323/817 955/1558/955 931/1512/931
f 981/1613/981 991/1628/991 956/1614/956
f 956/1614/956 991/1628/991 944/1629/944
f 957/1563/957 971/1591/971 972/1592/972
f 922/1499/922 983/1616/983 982/1615/982
f 911/1483/911 913/1567/913 992/1630/992
f 672/1083/672 993/1631/993 858/1632/858
f 896/1457/896 871/1415/871 994/1633/994
f 762/1396/762 860/1398/860 859/1634/859
f 995/1635/995 872/1459/872 883/1595/883
f 872/1459/872 996/1636/996 861/1460/861
f 959/1568/959 689/1117/689 690/1119/690
f 734/1203/734 986/1621/986 746/1218/746
f 914/1487/914 997/1637/997 898/1465/898
f 864/1402/864 998/1638/998 709/1149/709
f 795/1288/795 999/1639/999 864/1402/864
f 823/1333/823 1000/1640/1000 927/1505/927
f 901/1468/901 875/1423/875 975/1597/975
f 902/1574/902 963/1573/963 988/1623/988
f 767/1527/767 938/1526/938 877/1577/877
f 964/1575/964 1001/1641/1001 919/1496/919
f 940/1529/940 977/1606/977 989/1625/989
f 841/1364/841 979/1609/979 893/1531/893
f 930/1509/930 941/1642/941 757/1273/757
f 769/1252/769 990/1627/990 955/1558/955
f 969/1586/969 1002/1643/1002 968/1583/968
f 851/1411/851 1003/1644/1003 932/1513/932
f 846/1560/846 1004/1645/1004 980/1612/980
f 980/1612/980 942/1536/942 787/1277/787
f 908/1480/908 1004/1646/1004 846/1454/846
f 920/1539/920 1005/1647/1005 943/1540/943
f 920/1539/920 970/1590/970 1005/1647/1005
f 982/1615/982 981/1613/981 957/1563/957
f 983/1616/983 991/1628/991 982/1615/982
f 944/1629/944 991/1628/991 983/1616/983
f 982/1615/982 957/1563/957 972/1592/972
f 856/1390/856 984/1617/984 819/1327/819
f 924/1502/924 1006/1648/1006 973/1593/973
f 924/1502/924 936/1566/936 1006/1648/1006
f 911/1649/911 1006/1648/1006 936/1566/936
f 984/1617/984 1007/1650/1007 912/1484/912
f 946/1543/946 1008/1651/1008 857/1392/857
f 857/1392/857 1008/1651/1008 744/1216/744
f 896/1457/896 994/1633/994 1009/1652/1009
f 795/1288/795 899/1466/899 999/1639/999
f 823/1333/823 865/1404/865 1010/1653/1010
f 976/1603/976 1011/1654/1011 963/1573/963
f 976/1603/976 965/1602/965 1011/1654/1011
f 867/1408/867 966/1579/966 918/1494/918
f 919/1496/919 1001/1641/1001 978/1608/978
f 949/1580/949 951/1552/951 965/1602/965
f 1012/1655/1012 979/1609/979 928/1507/928
f 909/1481/909 953/1656/953 785/1386/785
f 851/1411/851 931/1512/931 1003/1644/1003
f 969/1657/969 894/1559/894 1013/1658/1013
f 1014/1659/1014 1004/1645/1004 845/1587/845
f 845/1369/845 1004/1646/1004 908/1480/908
f 944/1629/944 1015/1660/1015 921/1661/921
f 982/1615/982 991/1628/991 981/1613/981
f 973/1593/973 1015/1660/1015 983/1616/983
f 911/1483/911 992/1630/992 1006/1662/1006
f 946/1543/946 912/1484/912 1016/1663/1016
f 896/1457/896 1017/1664/1017 913/1485/913
f 896/1457/896 1009/1652/1009 1017/1664/1017
f 860/1398/860 1018/1665/1018 859/1634/859
f 885/1439/885 752/1229/752 960/1569/960
f 960/1666/960 862/1667/862 1019/1668/1019
f 1019/1668/1019 862/1667/862 886/1463/886
f 997/1637/997 914/1487/914 961/1570/961
f 822/1332/822 709/1149/709 998/1638/998
f 1020/1669/1020 864/1402/864 999/1639/999
f 987/1622/987 779/1267/779 1021/1670/1021
f 975/1597/975 875/1423/875 1022/1671/1022
f 1023/1672/1023 937/1673/937 866/1407/866
f 988/1623/988 963/1573/963 1011/1654/1011
f 1001/1641/1001 964/1575/964 937/1525/937
f 932/1513/932 1013/1658/1013 894/1559/894
f 944/1629/944 983/1616/983 1015/1660/1015
f 1016/1663/1016 912/1484/912 1007/1650/1007
f 994/1633/994 871/1415/871 859/1394/859
f 809/1674/809 985/1619/985 707/1618/707
f 873/1675/873 1024/1676/1024 810/1677/810
f 874/1418/874 1025/1678/1025 774/1257/774
f 746/1218/746 986/1621/986 947/1544/947
f 948/1545/948 961/1679/961 821/1331/821
f 832/1680/832 1026/1681/1026 863/1682/863
f 834/1349/834 1027/1683/1027 890/1489/890
f 890/1445/890 938/1526/938 654/1446/654
f 875/1423/875 797/1523/797 1022/1671/1022
f 937/1525/937 1023/1684/1023 1001/1641/1001
f 1011/1654/1011 965/1602/965 1028/1685/1028
f 978/1608/978 1012/1655/1012 928/1507/928
f 952/1553/952 1029/1686/1029 951/1552/951
f 968/1626/968 1029/1686/1029 952/1553/952
f 941/1533/941 1014/1659/1014 845/1587/845
f 933/1687/933 1030/1688/1030 970/1590/970
f 1005/1647/1005 1031/1689/1031 943/1540/943
f 1031/1689/1031 934/1517/934 943/1540/943
f 1006/1648/1006 992/1690/992 1032/1691/1032
f 1007/1650/1007 1033/1692/1033 1016/1663/1016
f 744/1216/744 993/1631/993 672/1083/672
f 992/1693/992 913/1485/913 1017/1664/1017
f 859/1394/859 1018/1694/1018 994/1633/994
f 925/1695/925 995/1635/995 883/1595/883
f 1034/1696/1034 861/1460/861 996/1636/996
f 885/1697/885 1035/1698/1035 926/1699/926
f 832/1680/832 1036/1700/1036 1026/1681/1026
f 822/1332/822 1036/1701/1036 832/1347/832
f 887/1442/887 1037/1702/1037 849/1377/849
f 849/1377/849 1037/1702/1037 1038/1703/1038
f 888/1443/888 1039/1704/1039 900/1467/900
f 779/1267/779 889/1444/889 1021/1670/1021
f 865/1404/865 916/1490/916 1010/1653/1010
f 974/1596/974 1040/1705/1040 866/1407/866
f 866/1407/866 1040/1705/1040 1023/1672/1023
f 918/1706/918 1022/1671/1022 797/1523/797
f 877/1427/877 1041/1707/1041 904/1473/904
f 1001/1641/1001 1042/1708/1042 978/1608/978
f 951/1552/951 1028/1685/1028 965/1602/965
f 967/1581/967 950/1549/950 1043/1709/1043
f 951/1552/951 1029/1686/1029 1028/1685/1028
f 979/1609/979 1012/1655/1012 893/1531/893
f 968/1626/968 1044/1710/1044 1029/1686/1029
f 1044/1711/1044 968/1583/968 1002/1643/1002
f 1002/1643/1002 969/1586/969 1045/1712/1045
f 934/1517/934 1046/1713/1046 935/1518/935
f 935/1714/935 1047/1715/1047 856/1716/856
f 638/1397/638 1048/1717/1048 860/1398/860
f 792/1285/792 1048/1718/1048 638/1032/638
f 809/1674/809 861/1460/861 985/1619/985
f 810/1677/810 1024/1676/1024 874/1719/874
f 897/1462/897 1049/1720/1049 886/1463/886
f 997/1637/997 961/1570/961 1050/1721/1050
f 898/1465/898 1037/1702/1037 887/1442/887
f 864/1402/864 1020/1669/1020 998/1638/998
f 849/1377/849 1038/1703/1038 962/1571/962
f 823/1333/823 1010/1653/1010 1000/1640/1000
f 974/1596/974 927/1505/927 1040/1705/1040
f 917/1522/917 1051/1722/1051 916/1490/916
f 1042/1708/1042 1012/1655/1012 978/1608/978
f 950/1549/950 826/1338/826 954/1610/954
f 1003/1644/1003 1052/1723/1052 932/1513/932
f 1045/1712/1045 969/1586/969 1013/1724/1013
f 852/1383/852 921/1498/921 1053/1725/1053
f 1054/1726/1054 1007/1727/1007 984/1728/984
f 1055/1729/1055 973/1593/973 1006/1648/1006
f 1056/1730/1056 1033/1692/1033 1007/1650/1007
f 947/1544/947 986/1621/986 1057/1731/1057
f 1039/1732/1039 888/1546/888 962/1571/962
f 1010/1653/1010 916/1490/916 1058/1733/1058
f 988/1623/988 1011/1654/1011 1059/1734/1059
f 967/1581/967 1043/1709/1043 1060/1735/1060
f 1043/1709/1043 950/1549/950 954/1610/954
f 1061/1736/1061 893/1531/893 1012/1655/1012
f 990/1627/990 1062/1737/1062 955/1558/955
f 1063/1738/1063 942/1536/942 980/1612/980
f 942/1739/942 1064/1740/1064 933/1741/933
f 1030/1742/1030 933/1741/933 1064/1740/1064
f 1065/1743/1065 1005/1647/1005 970/1590/970
f 1031/1689/1031 1046/1713/1046 934/1517/934
f 921/1661/921 1015/1660/1015 1053/1744/1053
f 1047/1715/1047 984/1728/984 856/1716/856
f 1054/1726/1054 1056/1745/1056 1007/1727/1007
f 1066/1746/1066 946/1543/946 1016/1663/1016
f 1067/1747/1067 925/1748/925 858/1749/858
f 1009/1652/1009 994/1633/994 1068/1750/1068
f 1069/1751/1069 995/1635/995 925/1695/925
f 961/1570/961 948/1752/948 1070/1753/1070
f 885/1697/885 960/1666/960 1071/1754/1071
f 915/1488/915 1027/1683/1027 834/1349/834
f 927/1505/927 1000/1640/1000 1040/1705/1040
f 916/1490/916 1051/1722/1051 1058/1733/1058
f 890/1755/890 1072/1756/1072 938/1757/938
f 918/1758/918 1073/1759/1073 1022/1760/1022
f 918/1758/918 1074/1761/1074 1073/1759/1073
f 966/1607/966 967/1581/967 1060/1735/1060
f 990/1627/990 1075/1762/1075 1062/1737/1062
f 1002/1643/1002 1076/1763/1076 1044/1711/1044
f 955/1558/955 1077/1764/1077 931/1512/931
f 931/1512/931 1077/1764/1077 1003/1644/1003
f 853/1385/853 852/1384/852 1078/1765/1078
f 852/1383/852 1053/1725/1053 1078/1766/1078
f 1015/1660/1015 973/1593/973 1055/1729/1055
f 1066/1746/1066 1033/1692/1033 1056/1730/1056
f 1066/1746/1066 1079/1767/1079 946/1543/946
f 1006/1648/1006 1080/1768/1080 1055/1729/1055
f 1066/1746/1066 1016/1663/1016 1033/1692/1033
f 1079/1767/1079 1008/1651/1008 946/1543/946
f 858/1749/858 993/1769/993 1067/1747/1067
f 1067/1747/1067 1069/1770/1069 925/1748/925
f 1048/1718/1048 792/1285/792 793/1286/793
f 774/1771/774 1025/1772/1025 1081/1773/1081
f 774/1257/774 1081/1774/1081 884/1486/884
f 885/1697/885 1071/1754/1071 1035/1698/1035
f 897/1775/897 863/1682/863 1082/1776/1082
f 778/1266/778 987/1622/987 899/1777/899
f 1010/1653/1010 1058/1733/1058 1000/1640/1000
f 938/1526/938 1083/1778/1083 877/1577/877
f 1074/1779/1074 918/1780/918 966/1781/966
f 893/1531/893 1061/1736/1061 990/1782/990
f 1043/1709/1043 954/1610/954 1084/1783/1084
f 1085/1784/1085 1014/1659/1014 941/1533/941
f 955/1558/955 1062/1737/1062 1077/1764/1077
f 1045/1712/1045 1076/1763/1076 1002/1643/1002
f 932/1513/932 1052/1723/1052 1013/1658/1013
f 970/1590/970 1030/1688/1030 1065/1743/1065
f 1005/1647/1005 1065/1743/1065 1031/1689/1031
f 935/1518/935 1046/1713/1046 1047/1785/1047
f 984/1728/984 1047/1715/1047 1054/1726/1054
f 1086/1786/1086 1066/1746/1066 1056/1730/1056
f 1066/1746/1066 1087/1787/1087 1079/1767/1079
f 1006/1648/1006 1032/1691/1032 1080/1768/1080
f 1018/1665/1018 860/1398/860 1088/1788/1088
f 1019/1668/1019 886/1463/886 1049/1720/1049
f 1049/1720/1049 897/1462/897 1082/1789/1082
f 1026/1681/1026 1082/1776/1082 863/1682/863
f 1050/1721/1050 961/1570/961 1089/1790/1089
f 1090/1791/1090 822/1792/822 998/1793/998
f 997/1637/997 1037/1702/1037 898/1465/898
f 1039/1704/1039 1091/1794/1091 900/1467/900
f 889/1444/889 975/1597/975 1092/1795/1092
f 1093/1796/1093 1059/1734/1059 1011/1654/1011
f 1011/1654/1011 1028/1685/1028 1093/1796/1093
f 1028/1685/1028 1029/1686/1029 1094/1797/1094
f 1042/1708/1042 1061/1736/1061 1012/1655/1012
f 1084/1783/1084 954/1610/954 953/1798/953
f 1014/1659/1014 980/1612/980 1004/1645/1004
f 1046/1713/1046 1031/1689/1031 1065/1743/1065
f 1095/1799/1095 1053/1744/1053 1015/1660/1015
f 1087/1787/1087 1066/1746/1066 1086/1786/1086
f 1079/1767/1079 1096/1800/1096 1008/1651/1008
f 1096/1800/1096 744/1216/744 1008/1651/1008
f 1096/1800/1096 993/1631/993 744/1216/744
f 1057/1731/1057 959/1568/959 947/1544/947
f 1093/1796/1093 1028/1685/1028 1097/1801/1097
f 1075/1762/1075 1098/1802/1098 1062/1737/1062
f 1052/1723/1052 1099/1803/1099 1013/1658/1013
f 1063/1738/1063 980/1612/980 1014/1659/1014
f 1055/1729/1055 1095/1799/1095 1015/1660/1015
f 1017/1664/1017 1100/1804/1100 992/1693/992
f 995/1635/995 996/1636/996 872/1459/872
f 1048/1718/1048 793/1286/793 1101/1805/1101
f 873/1620/873 985/1619/985 1102/1806/1102
f 1024/1676/1024 1103/1807/1103 874/1719/874
f 874/1719/874 1103/1807/1103 1025/1772/1025
f 1036/1700/1036 822/1792/822 1090/1791/1090
f 900/1467/900 1091/1794/1091 915/1488/915
f 1083/1808/1083 1041/1707/1041 877/1427/877
f 1001/1641/1001 1104/1809/1104 1042/1708/1042
f 1043/1709/1043 1105/1810/1105 1060/1735/1060
f 904/1473/904 1106/1811/1106 930/1509/930
f 1042/1708/1042 1107/1812/1107 1061/1736/1061
f 990/1782/990 1061/1736/1061 1075/1813/1075
f 1094/1797/1094 1029/1686/1029 1108/1814/1108
f 1029/1686/1029 1044/1710/1044 1108/1814/1108
f 1003/1644/1003 1109/1815/1109 1052/1723/1052
f 1110/1816/1110 1054/1726/1054 1047/1715/1047
f 1032/1817/1032 1111/1818/1111 1112/1819/1112
f 1032/1817/1032 992/1820/992 1111/1818/1111
f 1017/1664/1017 1009/1652/1009 1113/1821/1113
f 994/1633/994 1018/1694/1018 1068/1750/1068
f 793/1286/793 959/1568/959 1101/1805/1101
f 1071/1754/1071 960/1666/960 1114/1822/1114
f 1019/1668/1019 1114/1822/1114 960/1666/960
f 997/1637/997 1115/1823/1115 1037/1702/1037
f 998/1793/998 1020/1824/1020 1116/1825/1116
f 1000/1640/1000 1058/1733/1058 1117/1826/1117
f 1118/1827/1118 1072/1756/1072 890/1755/890
f 1092/1795/1092 975/1597/975 1119/1828/1119
f 1040/1705/1040 1120/1829/1120 1023/1672/1023
f 1051/1722/1051 917/1522/917 1121/1830/1121
f 988/1831/988 1121/1830/1121 917/1522/917
f 938/1757/938 1072/1756/1072 1083/1832/1083
f 988/1623/988 1059/1734/1059 1121/1833/1121
f 1075/1762/1075 1122/1834/1122 1098/1802/1098
f 930/1509/930 1085/1835/1085 941/1642/941
f 1044/1711/1044 1076/1763/1076 1123/1836/1123
f 1098/1802/1098 1077/1764/1077 1062/1737/1062
f 953/1798/953 909/1837/909 1124/1838/1124
f 1014/1839/1014 1125/1840/1125 1063/1841/1063
f 1063/1841/1063 1064/1740/1064 942/1739/942
f 1046/1713/1046 1126/1842/1126 1047/1785/1047
f 1032/1691/1032 1112/1843/1112 1080/1768/1080
f 992/1693/992 1100/1804/1100 1111/1844/1111
f 1017/1664/1017 1113/1821/1113 1100/1804/1100
f 1009/1652/1009 1068/1750/1068 1127/1845/1127
f 1034/1696/1034 1128/1846/1128 861/1460/861
f 861/1460/861 1128/1846/1128 985/1619/985
f 998/1793/998 1116/1825/1116 1090/1791/1090
f 1117/1826/1117 1129/1847/1129 1000/1640/1000
f 1000/1640/1000 1129/1847/1129 1040/1705/1040
f 975/1597/975 1022/1671/1022 1119/1828/1119
f 1023/1684/1023 1104/1809/1104 1001/1641/1001
f 1061/1736/1061 1130/1848/1130 1075/1813/1075
f 953/1798/953 1124/1838/1124 1084/1783/1084
f 1077/1764/1077 1109/1815/1109 1003/1644/1003
f 1065/1743/1065 1126/1842/1126 1046/1713/1046
f 1096/1849/1096 1131/1850/1131 993/1769/993
f 959/1568/959 1132/1851/1132 1101/1805/1101
f 926/1699/926 1133/1852/1133 948/1853/948
f 1019/1668/1019 1049/1720/1049 1134/1854/1134
f 997/1637/997 1050/1721/1050 1115/1823/1115
f 889/1444/889 1135/1855/1135 1021/1670/1021
f 1027/1683/1027 1118/1856/1118 890/1489/890
f 1092/1795/1092 1119/1828/1119 1136/1857/1136
f 1120/1829/1120 1104/1858/1104 1023/1672/1023
f 1130/1848/1130 1122/1859/1122 1075/1813/1075
f 1044/1710/1044 1123/1860/1123 1108/1814/1108
f 1030/1861/1030 1137/1862/1137 1065/1863/1065
f 909/1481/909 853/1385/853 1078/1765/1078
f 1065/1863/1065 1137/1862/1137 1126/1864/1126
f 1055/1729/1055 1138/1865/1138 1095/1799/1095
f 1111/1818/1111 1139/1866/1139 1112/1819/1112
f 1111/1818/1111 1140/1867/1140 1139/1866/1139
f 1067/1747/1067 993/1769/993 1141/1868/1141
f 1009/1652/1009 1127/1845/1127 1113/1821/1113
f 1018/1694/1018 1088/1869/1088 1068/1750/1068
f 1069/1751/1069 1142/1870/1142 995/1635/995
f 959/1568/959 1057/1731/1057 1132/1851/1132
f 948/1871/948 1133/1872/1133 1070/1873/1070
f 1089/1790/1089 961/1570/961 1070/1753/1070
f 899/1874/899 1143/1875/1143 999/1876/999
f 889/1444/889 1092/1795/1092 1135/1855/1135
f 1104/1809/1104 1144/1877/1144 1042/1708/1042
f 1077/1764/1077 1098/1802/1098 1109/1815/1109
f 1014/1839/1014 1145/1878/1145 1125/1840/1125
f 1146/1879/1146 1030/1742/1030 1064/1740/1064
f 1147/1880/1147 1053/1744/1053 1095/1799/1095
f 1110/1816/1110 1056/1745/1056 1054/1726/1054
f 1148/1881/1148 1079/1767/1079 1087/1787/1087
f 1138/1865/1138 1055/1729/1055 1080/1768/1080
f 1080/1882/1080 1112/1819/1112 1139/1866/1139
f 1079/1767/1079 1149/1883/1149 1096/1800/1096
f 1149/1884/1149 1131/1850/1131 1096/1849/1096
f 1111/1844/1111 1100/1804/1100 1140/1885/1140
f 1150/1886/1150 1102/1806/1102 985/1619/985
f 1024/1676/1024 873/1675/873 1102/1887/1102
f 1151/1888/1151 1049/1720/1049 1082/1789/1082
f 1020/1889/1020 999/1890/999 1143/1891/1143
f 899/1777/899 987/1622/987 1143/1892/1143
f 1129/1847/1129 1120/1829/1120 1040/1705/1040
f 1058/1733/1058 1051/1722/1051 1152/1893/1152
f 1152/1893/1152 1051/1722/1051 1121/1830/1121
f 1097/1801/1097 1028/1685/1028 1094/1797/1094
f 1098/1802/1098 1153/1894/1153 1109/1815/1109
f 1076/1763/1076 1045/1712/1045 1154/1895/1154
f 1154/1895/1154 1045/1712/1045 1013/1724/1013
f 1155/1896/1155 1078/1897/1078 1053/1898/1053
f 1126/1899/1126 1110/1816/1110 1047/1715/1047
f 1156/1900/1156 1056/1745/1056 1110/1816/1110
f 1148/1881/1148 1157/1901/1157 1079/1767/1079
f 1113/1821/1113 1127/1845/1127 1158/1902/1158
f 995/1635/995 1159/1903/1159 996/1636/996
f 884/1438/884 1160/1904/1160 794/1287/794
f 794/1287/794 1160/1904/1160 986/1621/986
f 1133/1852/1133 926/1699/926 1161/1905/1161
f 926/1699/926 1035/1698/1035 1161/1905/1161
f 1071/1754/1071 1114/1822/1114 1162/1906/1162
f 1037/1702/1037 1163/1907/1163 1038/1703/1038
f 1038/1703/1038 1164/1908/1164 962/1571/962
f 987/1622/987 1021/1670/1021 1165/1909/1165
f 1092/1795/1092 1136/1857/1136 1166/1910/1166
f 1058/1733/1058 1167/1911/1167 1117/1826/1117
f 1074/1779/1074 966/1781/966 1168/1912/1168
f 966/1781/966 1060/1913/1060 1168/1912/1168
f 1107/1812/1107 1130/1848/1130 1061/1736/1061
f 1105/1810/1105 1043/1709/1043 1169/1914/1169
f 1170/1915/1170 1085/1916/1085 930/1917/930
f 1084/1783/1084 1169/1914/1169 1043/1709/1043
f 1122/1834/1122 1153/1894/1153 1098/1802/1098
f 1171/1918/1171 1124/1919/1124 909/1481/909
f 1154/1920/1154 1013/1658/1013 1099/1803/1099
f 1053/1898/1053 1147/1921/1147 1155/1896/1155
f 1086/1922/1086 1056/1745/1056 1156/1900/1156
f 1157/1923/1157 1149/1884/1149 1079/1924/1079
f 1100/1804/1100 1172/1925/1172 1140/1885/1140
f 1131/1850/1131 1141/1868/1141 993/1769/993
f 1100/1804/1100 1113/1821/1113 1172/1925/1172
f 1141/1868/1141 1173/1926/1173 1067/1747/1067
f 1048/1717/1048 1101/1927/1101 1174/1928/1174
f 1057/1731/1057 1175/1929/1175 1132/1851/1132
f 987/1622/987 1165/1909/1165 1143/1892/1143
f 1027/1683/1027 915/1488/915 1176/1930/1176
f 1021/1670/1021 1135/1855/1135 1177/1931/1177
f 1135/1855/1135 1092/1795/1092 1178/1932/1178
f 1120/1829/1120 1179/1933/1179 1104/1858/1104
f 1059/1734/1059 1093/1796/1093 1180/1934/1180
f 1104/1809/1104 1179/1935/1179 1144/1877/1144
f 1097/1801/1097 1181/1936/1181 1093/1796/1093
f 1106/1811/1106 904/1473/904 1041/1707/1041
f 1144/1877/1144 1107/1812/1107 1042/1708/1042
f 1105/1810/1105 1169/1914/1169 1182/1937/1182
f 1130/1848/1130 1183/1938/1183 1122/1859/1122
f 1154/1895/1154 1184/1939/1184 1076/1763/1076
f 1052/1723/1052 1185/1940/1185 1099/1803/1099
f 1087/1941/1087 1086/1922/1086 1186/1942/1186
f 1080/1882/1080 1139/1866/1139 1187/1943/1187
f 1088/1788/1088 860/1398/860 1188/1944/1188
f 1019/1668/1019 1134/1854/1134 1114/1822/1114
f 1049/1720/1049 1151/1888/1151 1134/1854/1134
f 1143/1945/1143 1189/1946/1189 1020/1947/1020
f 1166/1910/1166 1178/1932/1178 1092/1795/1092
f 1022/1760/1022 1190/1948/1190 1119/1949/1119
f 1121/1830/1121 1191/1950/1191 1152/1893/1152
f 1121/1830/1121 1180/1951/1180 1191/1950/1191
f 1121/1833/1121 1059/1734/1059 1180/1934/1180
f 1094/1797/1094 1192/1952/1192 1097/1801/1097
f 1108/1953/1108 1123/1954/1123 1193/1955/1193
f 1123/1836/1123 1076/1763/1076 1194/1956/1194
f 1085/1957/1085 1145/1878/1145 1014/1839/1014
f 1153/1894/1153 1195/1958/1195 1109/1815/1109
f 1109/1815/1109 1185/1940/1185 1052/1723/1052
f 909/1481/909 1078/1765/1078 1196/1959/1196
f 1156/1900/1156 1197/1960/1197 1086/1922/1086
f 1139/1866/1139 1140/1867/1140 1187/1943/1187
f 1131/1850/1131 1198/1961/1198 1141/1868/1141
f 1113/1821/1113 1158/1902/1158 1172/1925/1172
f 1048/1717/1048 1199/1962/1199 860/1398/860
f 1115/1823/1115 1200/1963/1200 1037/1702/1037
f 1164/1908/1164 1201/1964/1201 962/1571/962
f 962/1571/962 1201/1964/1201 1039/1732/1039
f 1091/1794/1091 1202/1965/1202 915/1488/915
f 1021/1670/1021 1177/1931/1177 1165/1909/1165
f 1135/1855/1135 1178/1932/1178 1177/1931/1177
f 1176/1930/1176 1118/1856/1118 1027/1683/1027
f 1136/1857/1136 1203/1966/1203 1166/1910/1166
f 1136/1857/1136 1119/1828/1119 1203/1966/1203
f 1119/1828/1119 1204/1967/1204 1203/1966/1203
f 1152/1893/1152 1167/1911/1167 1058/1733/1058
f 1022/1760/1022 1073/1759/1073 1190/1948/1190
f 1205/1968/1205 1179/1933/1179 1120/1829/1120
f 1073/1759/1073 1074/1761/1074 1168/1969/1168
f 1097/1970/1097 1206/1971/1206 1181/1972/1181
f 930/1917/930 1106/1973/1106 1170/1915/1170
f 1094/1797/1094 1108/1814/1108 1207/1974/1207
f 1193/1975/1193 1207/1976/1207 1108/1977/1108
f 1084/1783/1084 1182/1937/1182 1169/1914/1169
f 1183/1978/1183 1208/1979/1208 1122/1834/1122
f 1122/1834/1122 1208/1979/1208 1153/1894/1153
f 1084/1783/1084 1124/1838/1124 1182/1937/1182
f 1076/1763/1076 1184/1939/1184 1194/1956/1194
f 1145/1878/1145 1209/1980/1209 1125/1840/1125
f 1063/1841/1063 1125/1840/1125 1064/1740/1064
f 1210/1981/1210 1156/1900/1156 1110/1816/1110
f 1086/1922/1086 1197/1960/1197 1186/1942/1186
f 1095/1799/1095 1138/1865/1138 1211/1982/1211
f 1138/1983/1138 1080/1882/1080 1212/1984/1212
f 1142/1870/1142 1159/1903/1159 995/1635/995
f 1213/1985/1213 1103/1807/1103 1024/1676/1024
f 1039/1732/1039 1201/1964/1201 1214/1986/1214
f 1202/1965/1202 1176/1930/1176 915/1488/915
f 1178/1932/1178 1166/1910/1166 1215/1987/1215
f 1093/1796/1093 1216/1988/1216 1180/1934/1180
f 1094/1989/1094 1207/1990/1207 1192/1991/1192
f 1109/1815/1109 1195/1958/1195 1185/1940/1185
f 1030/1861/1030 1146/1992/1146 1137/1862/1137
f 1095/1799/1095 1211/1982/1211 1147/1880/1147
f 1217/1993/1217 1211/1982/1211 1138/1865/1138
f 1087/1941/1087 1186/1942/1186 1148/1994/1148
f 1138/1995/1138 1212/1996/1212 1217/1997/1217
f 1131/1850/1131 1149/1884/1149 1198/1961/1198
f 1088/1869/1088 1218/1998/1218 1068/1750/1068
f 1200/1963/1200 1115/1823/1115 1219/1999/1219
f 1163/1907/1163 1037/1702/1037 1200/1963/1200
f 1117/1826/1117 1167/1911/1167 1220/2000/1220
f 1120/1829/1120 1129/1847/1129 1205/1968/1205
f 1123/1954/1123 1194/2001/1194 1193/1955/1193
f 1171/1918/1171 909/1481/909 1196/1959/1196
f 1221/2002/1221 1217/1997/1217 1212/1996/1212
f 1212/1984/1212 1080/1882/1080 1187/1943/1187
f 1157/1923/1157 1222/2003/1222 1149/1884/1149
f 1223/2004/1223 1127/1845/1127 1068/1750/1068
f 1223/2004/1223 1068/1750/1068 1218/1998/1218
f 1224/2005/1224 1088/1788/1088 1188/1944/1188
f 1102/1887/1102 1213/1985/1213 1024/1676/1024
f 1225/2006/1225 1160/2007/1160 884/2008/884
f 1226/2009/1226 1057/1731/1057 986/1621/986
f 1070/2010/1070 1133/2011/1133 1227/2012/1227
f 1151/2013/1151 1082/1776/1082 1228/2014/1228
f 1228/2014/1228 1082/1776/1082 1026/1681/1026
f 1163/1907/1163 1164/1908/1164 1038/1703/1038
f 1178/1932/1178 1215/1987/1215 1177/1931/1177
f 1215/1987/1215 1166/1910/1166 1203/1966/1203
f 1229/2015/1229 1203/1966/1203 1230/2016/1230
f 1230/2016/1230 1203/1966/1203 1204/1967/1204
f 1204/2017/1204 1119/1949/1119 1190/1948/1190
f 1216/1988/1216 1093/1796/1093 1181/1936/1181
f 1231/2018/1231 1144/1877/1144 1179/1935/1179
f 1206/1971/1206 1097/1970/1097 1192/1991/1192
f 1232/2019/1232 1130/1848/1130 1107/1812/1107
f 1232/2019/1232 1183/1938/1183 1130/1848/1130
f 1137/1862/1137 1110/2020/1110 1126/1864/1126
f 1110/1816/1110 1233/2021/1233 1210/1981/1210
f 1186/2022/1186 1234/2023/1234 1148/2024/1148
f 1234/2023/1234 1157/1923/1157 1148/2024/1148
f 1235/2025/1235 1187/1943/1187 1140/1867/1140
f 1141/1868/1141 1236/2026/1236 1173/1926/1173
f 1158/1902/1158 1127/1845/1127 1237/2027/1237
f 1067/2028/1067 1142/1870/1142 1069/1751/1069
f 1218/2029/1218 1088/1788/1088 1224/2005/1224
f 1174/2030/1174 1101/1805/1101 1238/2031/1238
f 1101/1805/1101 1132/1851/1132 1238/2031/1238
f 1161/1905/1161 1035/1698/1035 1239/2032/1239
f 1035/1698/1035 1071/1754/1071 1239/2032/1239
f 1114/1822/1114 1240/2033/1240 1162/1906/1162
f 1036/1700/1036 1241/2034/1241 1026/1681/1026
f 1039/1704/1039 1242/2035/1242 1091/1794/1091
f 1117/1826/1117 1220/2000/1220 1129/1847/1129
f 1073/1759/1073 1168/1969/1168 1190/1948/1190
f 1041/2036/1041 1243/2037/1243 1106/2038/1106
f 1181/1972/1181 1206/1971/1206 1244/2039/1244
f 1144/1877/1144 1231/2018/1231 1107/1812/1107
f 1231/2018/1231 1232/2019/1232 1107/1812/1107
f 1208/1979/1208 1195/1958/1195 1153/1894/1153
f 1194/2040/1194 1184/2041/1184 1245/2042/1245
f 1246/2043/1246 1209/1980/1209 1145/1878/1145
f 1099/1803/1099 1247/2044/1247 1154/1920/1154
f 1064/2045/1064 1248/2046/1248 1146/2047/1146
f 1196/2048/1196 1078/1897/1078 1155/1896/1155
f 1211/1982/1211 1249/2049/1249 1147/1880/1147
f 1217/1997/1217 1250/2050/1250 1211/2051/1211
f 1187/1943/1187 1235/2025/1235 1212/1984/1212
f 1222/2003/1222 1198/1961/1198 1149/1884/1149
f 1198/1961/1198 1236/2026/1236 1141/1868/1141
f 1237/2027/1237 1127/1845/1127 1223/2004/1223
f 986/2052/986 1160/2053/1160 1226/2054/1226
f 1036/1700/1036 1090/1791/1090 1241/2034/1241
f 1050/1721/1050 1251/2055/1251 1115/1823/1115
f 1116/1825/1116 1020/1824/1020 1189/2056/1189
f 1163/1907/1163 1252/2057/1252 1164/1908/1164
f 1165/1909/1165 1253/2058/1253 1143/1892/1143
f 1091/1794/1091 1242/2035/1242 1202/1965/1202
f 1215/1987/1215 1165/1909/1165 1177/1931/1177
f 1191/1950/1191 1254/2059/1254 1152/1893/1152
f 1191/1950/1191 1180/1951/1180 1216/2060/1216
f 1255/2061/1255 1231/2018/1231 1179/1935/1179
f 1168/1912/1168 1060/1913/1060 1256/2062/1256
f 1193/1955/1193 1194/2001/1194 1257/2063/1257
f 1085/1916/1085 1170/1915/1170 1145/2064/1145
f 1170/1915/1170 1246/2065/1246 1145/2064/1145
f 1110/2020/1110 1137/1862/1137 1233/2066/1233
f 1156/1900/1156 1210/1981/1210 1197/1960/1197
f 1197/1960/1197 1258/2067/1258 1186/1942/1186
f 1186/2022/1186 1258/2068/1258 1234/2023/1234
f 1221/2002/1221 1212/1996/1212 1259/2069/1259
f 1235/2025/1235 1259/2070/1259 1212/1984/1212
f 1157/1923/1157 1260/2071/1260 1222/2003/1222
f 1140/1867/1140 1261/2072/1261 1235/2025/1235
f 1140/1867/1140 1172/2073/1172 1261/2072/1261
f 1158/1902/1158 1262/2074/1262 1172/1925/1172
f 1048/1717/1048 1174/1928/1174 1263/2075/1263
f 1103/1807/1103 1264/2076/1264 1025/1772/1025
f 1251/2055/1251 1219/1999/1219 1115/1823/1115
f 1143/1892/1143 1253/2058/1253 1265/2077/1265
f 1266/2078/1266 1072/1756/1072 1118/1827/1118
f 1267/2079/1267 1204/2017/1204 1190/1948/1190
f 1268/2080/1268 1041/2081/1041 1083/2082/1083
f 1269/2083/1269 1183/1938/1183 1232/2019/1232
f 1207/2084/1207 1193/1955/1193 1257/2063/1257
f 1257/2085/1257 1194/2040/1194 1245/2042/1245
f 1270/2086/1270 1154/2087/1154 1247/2088/1247
f 1247/2044/1247 1099/1803/1099 1185/1940/1185
f 1271/2089/1271 1272/2090/1272 1273/2091/1273
f 1262/2074/1262 1158/1902/1158 1237/2027/1237
f 1274/2092/1274 1142/1870/1142 1067/2028/1067
f 1142/1870/1142 1275/2093/1275 1159/1903/1159
f 1276/2094/1276 1150/1886/1150 985/1619/985
f 1225/2006/1225 884/2008/884 1081/1773/1081
f 1239/2032/1239 1071/1754/1071 1277/2095/1277
f 1240/2033/1240 1114/1822/1114 1134/1854/1134
f 1089/1790/1089 1251/2055/1251 1050/1721/1050
f 1278/2096/1278 1143/1945/1143 1265/2097/1265
f 1165/1909/1165 1215/1987/1215 1279/2098/1279
f 1215/1987/1215 1203/1966/1203 1279/2098/1279
f 1204/1967/1204 1267/2099/1267 1230/2016/1230
f 1129/1847/1129 1280/2100/1280 1205/1968/1205
f 1281/2101/1281 1280/2100/1280 1129/1847/1129
f 1167/1911/1167 1152/1893/1152 1254/2059/1254
f 1205/1968/1205 1255/2102/1255 1179/1933/1179
f 1282/2103/1282 1232/2019/1232 1231/2018/1231
f 1192/1991/1192 1207/1990/1207 1283/2104/1283
f 1207/1990/1207 1284/2105/1284 1283/2104/1283
f 1285/2106/1285 1208/1979/1208 1183/1978/1183
f 1286/2107/1286 1185/1940/1185 1195/1958/1195
f 1233/2108/1233 1287/2109/1287 1210/2110/1210
f 1250/2050/1250 1249/2111/1249 1211/2051/1211
f 1210/1981/1210 1258/2067/1258 1197/1960/1197
f 1288/2112/1288 1271/2089/1271 1273/2091/1273
f 1221/2002/1221 1259/2069/1259 1289/2113/1289
f 1273/2114/1273 1272/2115/1272 1290/2116/1290
f 1290/2116/1290 1272/2115/1272 1291/2117/1291
f 1157/1923/1157 1234/2023/1234 1260/2071/1260
f 1199/1962/1199 1048/1717/1048 1263/2075/1263
f 1025/1772/1025 1292/2118/1292 1081/1773/1081
f 1134/1854/1134 1293/2119/1293 1240/2033/1240
f 1143/1945/1143 1278/2096/1278 1189/1946/1189
f 1279/2098/1279 1203/1966/1203 1229/2015/1229
f 1118/1827/1118 1294/2120/1294 1266/2078/1266
f 1129/1847/1129 1220/2000/1220 1281/2101/1281
f 1280/2100/1280 1295/2121/1295 1205/1968/1205
f 1072/1756/1072 1296/2122/1296 1083/1832/1083
f 1083/2123/1083 1296/2124/1296 1268/2125/1268
f 1168/1969/1168 1297/2126/1297 1190/1948/1190
f 1168/1912/1168 1256/2062/1256 1297/2127/1297
f 1207/2084/1207 1257/2063/1257 1284/2128/1284
f 1208/1979/1208 1298/2129/1298 1195/1958/1195
f 1064/1740/1064 1125/1840/1125 1299/2130/1299
f 1184/2041/1184 1154/2087/1154 1270/2086/1270
f 1064/2045/1064 1300/2131/1300 1248/2046/1248
f 1146/2132/1146 1301/2133/1301 1137/2134/1137
f 1302/2135/1302 1217/1997/1217 1221/2002/1221
f 1210/2136/1210 1303/2137/1303 1258/2068/1258
f 1304/2138/1304 1305/2139/1305 1288/2112/1288
f 1305/2139/1305 1271/2089/1271 1288/2112/1288
f 1273/2091/1273 1304/2138/1304 1288/2112/1288
f 1273/2114/1273 1290/2116/1290 1306/2140/1306
f 1173/1926/1173 1274/2141/1274 1067/1747/1067
f 1025/1772/1025 1264/2076/1264 1292/2118/1292
f 1071/1754/1071 1162/1906/1162 1277/2095/1277
f 1134/1854/1134 1151/1888/1151 1307/2142/1307
f 1241/2034/1241 1228/2014/1228 1026/1681/1026
f 1165/1909/1165 1279/2098/1279 1253/2058/1253
f 1167/1911/1167 1308/2143/1308 1220/2000/1220
f 1268/2144/1268 1243/2037/1243 1041/2036/1041
f 1192/1991/1192 1309/2145/1309 1206/1971/1206
f 1060/1735/1060 1105/1810/1105 1256/2146/1256
f 1282/2147/1282 1269/2148/1269 1232/2149/1232
f 1310/2150/1310 1209/1980/1209 1246/2043/1246
f 1184/2041/1184 1270/2086/1270 1245/2042/1245
f 1286/2107/1286 1311/2151/1311 1185/1940/1185
f 1303/2137/1303 1234/2023/1234 1258/2068/1258
f 1303/2137/1303 1260/2071/1260 1234/2023/1234
f 1261/2072/1261 1172/2073/1172 1262/2152/1262
f 1262/2074/1262 1237/2027/1237 1312/2153/1312
f 1238/2031/1238 1132/1851/1132 1175/1929/1175
f 1307/2154/1307 1151/2013/1151 1228/2014/1228
f 1313/2155/1313 1200/1963/1200 1219/1999/1219
f 1313/2155/1313 1163/1907/1163 1200/1963/1200
f 1314/2156/1314 1118/1856/1118 1176/1930/1176
f 1267/2079/1267 1190/1948/1190 1315/2157/1315
f 1295/2121/1295 1255/2102/1255 1205/1968/1205
f 1254/2059/1254 1191/1950/1191 1216/2060/1216
f 1192/1991/1192 1283/2104/1283 1309/2145/1309
f 1269/2158/1269 1285/2106/1285 1183/1978/1183
f 1182/1937/1182 1124/1838/1124 1316/2159/1316
f 1298/2129/1298 1286/2107/1286 1195/1958/1195
f 1185/1940/1185 1311/2151/1311 1247/2044/1247
f 1146/2047/1146 1248/2046/1248 1317/2160/1317
f 1196/2161/1196 1155/2162/1155 1318/2163/1318
f 1319/2164/1319 1320/2165/1320 1289/2166/1289
f 1289/2166/1289 1321/2167/1321 1319/2164/1319
f 1289/2113/1289 1259/2069/1259 1321/2168/1321
f 1273/2114/1273 1306/2140/1306 1304/2169/1304
f 1322/2170/1322 1271/2089/1271 1306/2171/1306
f 1322/2170/1322 1272/2090/1272 1271/2089/1271
f 1290/2116/1290 1291/2117/1291 1323/2172/1323
f 1259/2069/1259 1235/2173/1235 1324/2174/1324
f 1272/2090/1272 1325/2175/1325 1291/2176/1291
f 1291/2177/1291 1325/2178/1325 1326/2179/1326
f 1235/2173/1235 1327/2180/1327 1324/2174/1324
f 1328/2181/1328 1222/2003/1222 1260/2071/1260
f 1291/2177/1291 1329/2182/1329 1323/2183/1323
f 1327/2180/1327 1235/2173/1235 1330/2184/1330
f 1291/2177/1291 1326/2179/1326 1329/2182/1329
f 1235/2173/1235 1261/2185/1261 1330/2184/1330
f 1329/2182/1329 1326/2179/1326 1331/2186/1331
f 1326/2179/1326 1332/2187/1332 1331/2186/1331
f 1326/2188/1326 1327/2180/1327 1332/2189/1332
f 1237/2027/1237 1223/2004/1223 1312/2153/1312
f 1312/2153/1312 1223/2004/1223 1333/2190/1333
f 1223/2004/1223 1218/1998/1218 1333/2190/1333
f 1218/2029/1218 1334/2191/1334 1333/2192/1333
f 860/1398/860 1199/1962/1199 1188/1944/1188
f 1057/2193/1057 1226/2054/1226 1175/2194/1175
f 1161/1905/1161 1239/2032/1239 1335/2195/1335
f 1336/2196/1336 1251/2055/1251 1089/1790/1089
f 1337/2197/1337 1279/2098/1279 1229/2015/1229
f 1314/2156/1314 1294/2198/1294 1118/1856/1118
f 1315/2157/1315 1190/1948/1190 1297/2126/1297
f 1105/1810/1105 1182/1937/1182 1338/2199/1338
f 1208/1979/1208 1339/2200/1339 1298/2129/1298
f 1299/2130/1299 1300/2201/1300 1064/1740/1064
f 1171/2202/1171 1316/2203/1316 1124/2204/1124
f 1248/2046/1248 1340/2205/1340 1317/2160/1317
f 1221/2206/1221 1289/2166/1289 1302/2207/1302
f 1304/2138/1304 1306/2171/1306 1305/2139/1305
f 1305/2139/1305 1306/2171/1306 1271/2089/1271
f 1321/2167/1321 1341/2208/1341 1319/2164/1319
f 1306/2140/1306 1290/2116/1290 1322/2209/1322
f 1322/2170/1322 1325/2175/1325 1272/2090/1272
f 1259/2069/1259 1324/2174/1324 1321/2168/1321
f 1323/2183/1323 1329/2182/1329 1342/2210/1342
f 1324/2174/1324 1327/2180/1327 1343/2211/1343
f 1326/2212/1326 1343/2213/1343 1327/2214/1327
f 1327/2180/1327 1330/2184/1330 1332/2189/1332
f 1261/2215/1261 1344/2216/1344 1330/2217/1330
f 1261/2215/1261 1262/2218/1262 1344/2216/1344
f 1236/2026/1236 1198/1961/1198 1345/2219/1345
f 1173/1926/1173 1346/2220/1346 1274/2141/1274
f 1142/1870/1142 1274/2092/1274 1347/2221/1347
f 985/1619/985 1128/1846/1128 1276/2094/1276
f 1160/2053/1160 1348/2222/1348 1226/2054/1226
f 1279/2098/1279 1349/2223/1349 1253/2058/1253
f 1242/2035/1242 1350/2224/1350 1202/1965/1202
f 1176/1930/1176 1202/1965/1202 1314/2156/1314
f 1267/2079/1267 1315/2157/1315 1351/2225/1351
f 1255/2061/1255 1282/2103/1282 1231/2018/1231
f 1182/1937/1182 1352/2226/1352 1338/2199/1338
f 1298/2129/1298 1311/2151/1311 1286/2107/1286
f 1285/2106/1285 1339/2200/1339 1208/1979/1208
f 1247/2088/1247 1353/2227/1353 1270/2086/1270
f 1317/2228/1317 1301/2133/1301 1146/2132/1146
f 1155/2162/1155 1354/2229/1354 1355/2230/1355
f 1155/1896/1155 1147/1921/1147 1354/2231/1354
f 1289/2166/1289 1320/2165/1320 1302/2207/1302
f 1356/2232/1356 1260/2233/1260 1303/2234/1303
f 1290/2116/1290 1323/2172/1323 1322/2209/1322
f 1322/2170/1322 1323/2235/1323 1325/2175/1325
f 1260/2233/1260 1356/2232/1356 1328/2236/1328
f 1325/2237/1325 1323/2183/1323 1342/2210/1342
f 1326/2212/1326 1325/2237/1325 1342/2210/1342
f 1326/2212/1326 1342/2210/1342 1343/2213/1343
f 1331/2186/1331 1357/2238/1357 1329/2182/1329
f 1218/2029/1218 1224/2005/1224 1334/2191/1334
f 1213/1985/1213 1102/1887/1102 1358/2239/1358
f 1240/2033/1240 1359/2240/1359 1162/1906/1162
f 1134/1854/1134 1307/2142/1307 1293/2119/1293
f 1241/2034/1241 1090/1791/1090 1360/2241/1360
f 1163/1907/1163 1313/2155/1313 1252/2057/1252
f 1164/1908/1164 1361/2242/1361 1201/1964/1201
f 1214/2243/1214 1242/2244/1242 1039/2245/1039
f 1220/2000/1220 1308/2143/1308 1362/2246/1362
f 1266/2247/1266 1296/2248/1296 1072/2249/1072
f 1167/1911/1167 1254/2059/1254 1308/2143/1308
f 1295/2121/1295 1363/2250/1363 1255/2102/1255
f 1309/2145/1309 1364/2251/1364 1206/1971/1206
f 1105/2252/1105 1338/2253/1338 1256/2062/1256
f 1243/2254/1243 1365/2255/1365 1106/1973/1106
f 1125/1840/1125 1366/2256/1366 1299/2130/1299
f 1245/2042/1245 1367/2257/1367 1257/2085/1257
f 1270/2086/1270 1367/2257/1367 1245/2042/1245
f 1353/2227/1353 1340/2205/1340 1270/2086/1270
f 1247/2088/1247 1368/2258/1368 1353/2227/1353
f 1171/2202/1171 1369/2259/1369 1316/2203/1316
f 1303/2234/1303 1210/2260/1210 1356/2232/1356
f 1370/2261/1370 1320/2262/1320 1371/2263/1371
f 1324/2264/1324 1341/2208/1341 1321/2167/1321
f 1342/2210/1342 1329/2182/1329 1343/2213/1343
f 1330/2217/1330 1344/2216/1344 1372/2265/1372
f 1173/1926/1173 1236/2026/1236 1346/2220/1346
f 1199/1962/1199 1263/2075/1263 1373/2266/1373
f 1070/2267/1070 1227/2268/1227 1374/2269/1374
f 1070/1753/1070 1374/2270/1374 1089/1790/1089
f 1116/1825/1116 1360/2241/1360 1090/1791/1090
f 1313/2155/1313 1219/1999/1219 1375/2271/1375
f 1189/2056/1189 1376/2272/1376 1116/1825/1116
f 1189/1946/1189 1278/2096/1278 1377/2273/1377
f 1265/2077/1265 1253/2058/1253 1349/2223/1349
f 1279/2098/1279 1337/2197/1337 1349/2223/1349
f 1281/2101/1281 1378/2274/1378 1280/2100/1280
f 1315/2157/1315 1297/2126/1297 1379/2275/1379
f 1257/2063/1257 1366/2276/1366 1284/2128/1284
f 1209/1980/1209 1380/2277/1380 1125/1840/1125
f 1310/2278/1310 1380/2279/1380 1209/2280/1209
f 1257/2281/1257 1299/2130/1299 1366/2256/1366
f 1367/2282/1367 1299/2130/1299 1257/2281/1257
f 1285/2106/1285 1381/2283/1381 1339/2200/1339
f 1311/2151/1311 1298/2129/1298 1368/2284/1368
f 1270/2086/1270 1382/2285/1382 1367/2257/1367
f 1367/2257/1367 1382/2285/1382 1300/2131/1300
f 1340/2205/1340 1382/2285/1382 1270/2086/1270
f 1300/2131/1300 1382/2285/1382 1248/2046/1248
f 1311/2151/1311 1368/2284/1368 1247/2044/1247
f 1248/2046/1248 1382/2285/1382 1340/2205/1340
f 1353/2227/1353 1317/2160/1317 1340/2205/1340
f 1217/1997/1217 1302/2135/1302 1250/2050/1250
f 1210/2260/1210 1287/2286/1287 1356/2232/1356
f 1320/2262/1320 1319/2287/1319 1371/2263/1371
f 1222/2003/1222 1328/2181/1328 1383/2288/1383
f 1329/2182/1329 1357/2238/1357 1343/2213/1343
f 1331/2186/1331 1384/2289/1384 1357/2238/1357
f 1331/2186/1331 1332/2187/1332 1384/2289/1384
f 1262/2218/1262 1312/2290/1312 1344/2216/1344
f 1385/2291/1385 1292/2118/1292 1264/2076/1264
f 1240/2033/1240 1293/2119/1293 1359/2240/1359
f 1219/1999/1219 1251/2055/1251 1375/2271/1375
f 1164/1908/1164 1252/2057/1252 1361/2242/1361
f 1278/2096/1278 1265/2097/1265 1349/2292/1349
f 1216/2293/1216 1386/2294/1386 1254/2295/1254
f 1216/2293/1216 1181/1972/1181 1386/2294/1386
f 1299/2130/1299 1367/2282/1367 1300/2201/1300
f 1298/2129/1298 1387/2296/1387 1368/2284/1368
f 1388/2297/1388 1387/2296/1387 1298/2129/1298
f 1389/2298/1389 1353/2227/1353 1368/2258/1368
f 1390/2299/1390 1137/2134/1137 1301/2133/1301
f 1171/2300/1171 1196/2161/1196 1369/2301/1369
f 1155/2162/1155 1355/2230/1355 1318/2163/1318
f 1371/2263/1371 1391/2302/1391 1370/2261/1370
f 1371/2263/1371 1341/2303/1341 1391/2302/1391
f 1371/2263/1371 1319/2287/1319 1341/2303/1341
f 1357/2238/1357 1392/2304/1392 1343/2213/1343
f 1324/2305/1324 1343/2213/1343 1392/2304/1392
f 1332/2306/1332 1372/2265/1372 1384/2307/1384
f 1332/2189/1332 1330/2184/1330 1372/2308/1372
f 1034/1696/1034 1393/2309/1393 1128/1846/1128
f 1103/1807/1103 1213/1985/1213 1264/2076/1264
f 1175/2194/1175 1394/2310/1394 1238/2311/1238
f 1226/2054/1226 1395/2312/1395 1175/2194/1175
f 1133/1852/1133 1161/1905/1161 1227/2313/1227
f 1374/2269/1374 1336/2314/1336 1089/2315/1089
f 1361/2316/1361 1396/2317/1396 1201/2318/1201
f 1349/2223/1349 1337/2197/1337 1397/2319/1397
f 1398/2320/1398 1337/2197/1337 1229/2015/1229
f 1281/2101/1281 1220/2000/1220 1399/2321/1399
f 1400/2322/1400 1267/2323/1267 1351/2324/1351
f 1399/2321/1399 1220/2000/1220 1362/2246/1362
f 1386/2294/1386 1181/1972/1181 1244/2039/1244
f 1297/2127/1297 1256/2062/1256 1401/2325/1401
f 1352/2226/1352 1182/1937/1182 1402/2326/1402
f 1402/2327/1402 1182/2328/1182 1316/2203/1316
f 1310/2278/1310 1246/2329/1246 1403/2330/1403
f 1353/2227/1353 1389/2298/1389 1317/2160/1317
f 1324/2305/1324 1392/2304/1392 1341/2331/1341
f 1404/2332/1404 1222/2003/1222 1383/2288/1383
f 1404/2332/1404 1198/1961/1198 1222/2003/1222
f 1404/2332/1404 1345/2219/1345 1198/1961/1198
f 1405/2333/1405 1346/2220/1346 1236/2026/1236
f 1406/2334/1406 1188/1944/1188 1407/2335/1407
f 1188/1944/1188 1199/1962/1199 1407/2335/1407
f 1393/2309/1393 1276/2094/1276 1128/1846/1128
f 1292/2118/1292 1408/2336/1408 1081/1773/1081
f 1225/2337/1225 1348/2222/1348 1160/2053/1160
f 1409/2338/1409 1385/2291/1385 1264/2076/1264
f 1395/2312/1395 1394/2310/1394 1175/2194/1175
f 1410/2339/1410 1228/2014/1228 1241/2034/1241
f 1278/2096/1278 1349/2292/1349 1411/2340/1411
f 1412/2341/1412 1296/2248/1296 1266/2247/1266
f 1364/2251/1364 1309/2145/1309 1413/2342/1413
f 1106/1973/1106 1365/2255/1365 1170/1915/1170
f 1414/2343/1414 1283/2104/1283 1415/2344/1415
f 1283/2104/1283 1284/2105/1284 1415/2344/1415
f 1170/1915/1170 1403/2345/1403 1246/2065/1246
f 1284/2128/1284 1366/2276/1366 1415/2346/1415
f 1310/2278/1310 1416/2347/1416 1380/2279/1380
f 1380/2277/1380 1366/2256/1366 1125/1840/1125
f 1339/2200/1339 1388/2297/1388 1298/2129/1298
f 1368/2284/1368 1387/2296/1387 1417/2348/1417
f 1389/2349/1389 1301/2133/1301 1317/2228/1317
f 1390/2350/1390 1418/2351/1418 1137/1862/1137
f 1418/2351/1418 1233/2066/1233 1137/1862/1137
f 1249/2352/1249 1354/2353/1354 1147/2354/1147
f 1391/2302/1391 1341/2303/1341 1419/2355/1419
f 1392/2304/1392 1357/2238/1357 1384/2289/1384
f 1383/2356/1383 1420/2357/1420 1404/2358/1404
f 1174/1928/1174 1238/2359/1238 1421/2360/1421
f 1307/2154/1307 1228/2014/1228 1410/2339/1410
f 1241/2034/1241 1360/2241/1360 1410/2339/1410
f 1278/2096/1278 1411/2340/1411 1377/2273/1377
f 1349/2223/1349 1397/2319/1397 1422/2361/1422
f 1201/2318/1201 1396/2317/1396 1214/2362/1214
f 1423/2363/1423 1266/2247/1266 1294/2364/1294
f 1281/2101/1281 1399/2321/1399 1378/2274/1378
f 1363/2365/1363 1424/2366/1424 1255/2367/1255
f 1206/1971/1206 1364/2251/1364 1244/2039/1244
f 1282/2147/1282 1425/2368/1425 1269/2148/1269
f 1310/2278/1310 1403/2330/1403 1416/2347/1416
f 1269/2158/1269 1426/2369/1426 1285/2106/1285
f 1250/2050/1250 1427/2370/1427 1249/2111/1249
f 1391/2302/1391 1428/2371/1428 1370/2261/1370
f 1356/2232/1356 1429/2372/1429 1328/2236/1328
f 1419/2355/1419 1428/2371/1428 1391/2302/1391
f 1312/2290/1312 1430/2373/1430 1344/2216/1344
f 1333/2190/1333 1431/2374/1431 1312/2153/1312
f 1432/2375/1432 1252/2376/1252 1313/2377/1313
f 1230/2016/1230 1267/2099/1267 1400/2378/1400
f 1266/2247/1266 1433/2379/1433 1412/2341/1412
f 1255/2367/1255 1434/2380/1434 1282/2147/1282
f 1413/2342/1413 1309/2145/1309 1283/2104/1283
f 1426/2369/1426 1381/2283/1381 1285/2106/1285
f 1417/2348/1417 1389/2349/1389 1368/2284/1368
f 1388/2297/1388 1339/2200/1339 1381/2283/1381
f 1417/2348/1417 1301/2133/1301 1389/2349/1389
f 1301/2133/1301 1417/2348/1417 1387/2296/1387
f 1388/2297/1388 1390/2299/1390 1387/2296/1387
f 1390/2299/1390 1301/2133/1301 1387/2296/1387
f 1418/2381/1418 1390/2299/1390 1388/2297/1388
f 1435/2382/1435 1369/2301/1369 1196/2161/1196
f 1436/2383/1436 1320/2262/1320 1370/2261/1370
f 1436/2383/1436 1370/2261/1370 1428/2371/1428
f 1419/2355/1419 1341/2303/1341 1392/2384/1392
f 1346/2385/1346 1347/2221/1347 1274/2092/1274
f 1437/2386/1437 1034/1696/1034 996/1636/996
f 1438/2387/1438 1102/1806/1102 1150/1886/1150
f 1408/2336/1408 1225/2006/1225 1081/1773/1081
f 1439/2388/1439 1227/2268/1227 1161/2389/1161
f 1440/2390/1440 1307/2154/1307 1410/2339/1410
f 1441/2391/1441 1251/2392/1251 1336/2314/1336
f 1360/2241/1360 1116/1825/1116 1376/2272/1376
f 1398/2320/1398 1229/2015/1229 1230/2016/1230
f 1424/2366/1424 1434/2380/1434 1255/2367/1255
f 1379/2393/1379 1297/2127/1297 1401/2325/1401
f 1401/2325/1401 1256/2062/1256 1338/2253/1338
f 1435/2382/1435 1196/2161/1196 1318/2163/1318
f 1355/2230/1355 1442/2394/1442 1318/2163/1318
f 1250/2395/1250 1302/2396/1302 1443/2397/1443
f 1419/2355/1419 1392/2384/1392 1428/2371/1428
f 1428/2398/1428 1392/2304/1392 1384/2289/1384
f 1372/2265/1372 1344/2216/1344 1444/2399/1444
f 1344/2216/1344 1430/2373/1430 1444/2399/1444
f 1430/2400/1430 1312/2401/1312 1431/2402/1431
f 1224/2005/1224 1188/1944/1188 1406/2334/1406
f 1142/1870/1142 1347/2221/1347 1275/2093/1275
f 1438/2387/1438 1358/2403/1358 1102/1806/1102
f 1335/2404/1335 1239/2405/1239 1445/2406/1445
f 1293/2119/1293 1307/2142/1307 1440/2407/1440
f 1411/2340/1411 1349/2292/1349 1422/2408/1422
f 1202/2409/1202 1446/2410/1446 1314/2411/1314
f 1378/2274/1378 1447/2412/1447 1280/2100/1280
f 1380/2413/1380 1415/2346/1415 1366/2276/1366
f 1426/2369/1426 1448/2414/1448 1381/2283/1381
f 1381/2283/1381 1449/2415/1449 1388/2297/1388
f 1328/2236/1328 1450/2416/1450 1383/2356/1383
f 1328/2236/1328 1429/2372/1429 1450/2416/1450
f 1428/2417/1428 1384/2307/1384 1451/2418/1451
f 1384/2307/1384 1452/2419/1452 1451/2418/1451
f 1372/2265/1372 1452/2419/1452 1384/2307/1384
f 1453/2420/1453 1405/2333/1405 1345/2219/1345
f 1454/2421/1454 1334/2191/1334 1224/2005/1224
f 1406/2334/1406 1454/2421/1454 1224/2005/1224
f 1226/2054/1226 1455/2422/1455 1395/2312/1395
f 1375/2423/1375 1432/2375/1432 1313/2377/1313
f 1350/2224/1350 1446/2424/1446 1202/1965/1202
f 1314/2411/1314 1423/2363/1423 1294/2364/1294
f 1230/2016/1230 1400/2378/1400 1398/2320/1398
f 1423/2363/1423 1433/2379/1433 1266/2247/1266
f 1400/2322/1400 1351/2324/1351 1456/2425/1456
f 1280/2100/1280 1457/2426/1457 1295/2121/1295
f 1412/2341/1412 1458/2427/1458 1296/2248/1296
f 1379/2428/1379 1351/2429/1351 1315/2430/1315
f 1296/2431/1296 1459/2432/1459 1268/2433/1268
f 1268/2434/1268 1459/2435/1459 1243/2254/1243
f 1244/2039/1244 1460/2436/1460 1461/2437/1461
f 1243/2254/1243 1462/2438/1462 1365/2255/1365
f 1364/2251/1364 1413/2342/1413 1460/2436/1460
f 1283/2104/1283 1463/2439/1463 1413/2342/1413
f 1381/2283/1381 1448/2414/1448 1449/2415/1449
f 1427/2440/1427 1354/2353/1354 1249/2352/1249
f 1436/2383/1436 1464/2441/1464 1320/2262/1320
f 1320/2442/1320 1465/2443/1465 1302/2396/1302
f 1436/2383/1436 1428/2371/1428 1466/2444/1466
f 1444/2399/1444 1452/2419/1452 1372/2265/1372
f 1430/2400/1430 1431/2402/1431 1467/2445/1467
f 1345/2219/1345 1405/2333/1405 1236/2026/1236
f 1238/2311/1238 1394/2310/1394 1421/2446/1421
f 1348/2222/1348 1455/2422/1455 1226/2054/1226
f 1468/2447/1468 1293/2119/1293 1440/2407/1440
f 1469/2448/1469 1376/2449/1376 1189/1946/1189
f 1469/2448/1469 1189/1946/1189 1377/2273/1377
f 1470/2450/1470 1350/2451/1350 1242/2244/1242
f 1471/2452/1471 1446/2410/1446 1350/2453/1350
f 1457/2454/1457 1280/2455/1280 1447/2456/1447
f 1458/2457/1458 1459/2432/1459 1296/2431/1296
f 1472/2458/1472 1403/2330/1403 1170/2459/1170
f 1414/2460/1414 1415/2346/1415 1473/2461/1473
f 1426/2369/1426 1269/2158/1269 1425/2462/1425
f 1427/2463/1427 1250/2395/1250 1443/2397/1443
f 1464/2441/1464 1436/2383/1436 1466/2444/1466
f 1431/2402/1431 1474/2464/1474 1467/2445/1467
f 1475/2465/1475 1333/2192/1333 1334/2191/1334
f 1263/2075/1263 1174/1928/1174 1421/2360/1421
f 1393/2309/1393 1476/2466/1476 1276/2094/1276
f 1276/2094/1276 1438/2387/1438 1150/1886/1150
f 1477/2467/1477 1348/2222/1348 1225/2337/1225
f 1478/2468/1478 1264/2076/1264 1213/1985/1213
f 1161/2389/1161 1335/2469/1335 1479/2470/1479
f 1251/2392/1251 1441/2391/1441 1375/2471/1375
f 1397/2319/1397 1337/2197/1337 1398/2320/1398
f 1480/2472/1480 1433/2379/1433 1423/2363/1423
f 1244/2039/1244 1364/2251/1364 1460/2436/1460
f 1282/2147/1282 1481/2473/1481 1425/2368/1425
f 1425/2368/1425 1481/2473/1481 1482/2474/1482
f 1415/2346/1415 1380/2413/1380 1473/2461/1473
f 1316/2203/1316 1369/2259/1369 1483/2475/1483
f 1418/2476/1418 1484/2477/1484 1233/2108/1233
f 1429/2372/1429 1485/2478/1485 1450/2416/1450
f 1428/2417/1428 1451/2418/1451 1486/2479/1486
f 1383/2356/1383 1450/2416/1450 1420/2357/1420
f 1444/2399/1444 1430/2373/1430 1487/2480/1487
f 1404/2332/1404 1453/2420/1453 1345/2219/1345
f 1488/2481/1488 1489/2482/1489 1490/2483/1490
f 1431/2484/1431 1333/2192/1333 1475/2465/1475
f 1159/1903/1159 1437/2386/1437 996/1636/996
f 1491/2485/1491 1478/2468/1478 1213/1985/1213
f 1239/2405/1239 1277/2486/1277 1445/2406/1445
f 1252/2376/1252 1432/2375/1432 1492/2487/1492
f 1252/2057/1252 1492/2488/1492 1361/2242/1361
f 1314/2411/1314 1446/2410/1446 1493/2489/1493
f 1308/2490/1308 1494/2491/1494 1362/2492/1362
f 1308/2490/1308 1495/2493/1495 1494/2491/1494
f 1254/2494/1254 1495/2493/1495 1308/2490/1308
f 1338/2253/1338 1496/2495/1496 1401/2325/1401
f 1170/1915/1170 1365/2255/1365 1472/2496/1472
f 1414/2460/1414 1473/2461/1473 1497/2497/1497
f 1380/2413/1380 1497/2497/1497 1473/2461/1473
f 1425/2498/1425 1498/2499/1498 1426/2500/1426
f 1443/2397/1443 1499/2501/1499 1427/2463/1427
f 1287/2109/1287 1500/2502/1500 1356/2503/1356
f 1428/2417/1428 1501/2504/1501 1466/2505/1466
f 1405/2506/1405 1502/2507/1502 1346/2385/1346
f 1488/2481/1488 1490/2483/1490 1503/2508/1503
f 1474/2464/1474 1504/2509/1504 1488/2481/1488
f 1504/2509/1504 1489/2482/1489 1488/2481/1488
f 1489/2510/1489 1505/2511/1505 1490/2512/1490
f 1408/2336/1408 1477/2513/1477 1225/2006/1225
f 1432/2375/1432 1506/2514/1506 1492/2487/1492
f 1411/2340/1411 1507/2515/1507 1377/2273/1377
f 1242/2244/1242 1214/2243/1214 1470/2450/1470
f 1493/2489/1493 1423/2363/1423 1314/2411/1314
f 1386/2294/1386 1495/2516/1495 1254/2295/1254
f 1379/2517/1379 1401/2518/1401 1508/2519/1508
f 1338/2253/1338 1352/2520/1352 1496/2495/1496
f 1283/2104/1283 1414/2343/1414 1463/2439/1463
f 1414/2460/1414 1509/2521/1509 1463/2522/1463
f 1380/2279/1380 1416/2347/1416 1510/2523/1510
f 1472/2458/1472 1416/2347/1416 1403/2330/1403
f 1425/2498/1425 1482/2524/1482 1498/2499/1498
f 1449/2525/1449 1484/2477/1484 1388/2526/1388
f 1388/2526/1388 1484/2477/1484 1418/2476/1418
f 1484/2477/1484 1287/2109/1287 1233/2108/1233
f 1427/2527/1427 1511/2528/1511 1354/2229/1354
f 1320/2442/1320 1464/2529/1464 1465/2443/1465
f 1429/2372/1429 1356/2232/1356 1512/2530/1512
f 1485/2478/1485 1513/2531/1513 1450/2416/1450
f 1428/2417/1428 1486/2479/1486 1501/2504/1501
f 1450/2416/1450 1514/2532/1514 1420/2357/1420
f 1420/2357/1420 1514/2532/1514 1404/2358/1404
f 1514/2532/1514 1453/2533/1453 1404/2358/1404
f 1430/2534/1430 1467/2535/1467 1515/2536/1515
f 1516/2537/1516 1474/2464/1474 1488/2481/1488
f 1467/2445/1467 1474/2464/1474 1516/2537/1516
f 1503/2508/1503 1490/2483/1490 1517/2538/1517
f 1490/2483/1490 1505/2539/1505 1517/2538/1517
f 1199/1962/1199 1373/2266/1373 1407/2335/1407
f 1213/1985/1213 1358/2239/1358 1491/2485/1491
f 1161/2389/1161 1479/2470/1479 1439/2388/1439
f 1360/2241/1360 1518/2540/1518 1410/2339/1410
f 1411/2340/1411 1519/2541/1519 1507/2515/1507
f 1411/2340/1411 1422/2408/1422 1519/2541/1519
f 1423/2363/1423 1493/2489/1493 1480/2472/1480
f 1412/2341/1412 1433/2379/1433 1458/2427/1458
f 1386/2294/1386 1520/2542/1520 1495/2516/1495
f 1379/2517/1379 1508/2519/1508 1351/2543/1351
f 1386/2294/1386 1244/2039/1244 1461/2437/1461
f 1414/2460/1414 1497/2497/1497 1509/2521/1509
f 1449/2525/1449 1448/2544/1448 1521/2545/1521
f 1354/2229/1354 1522/2546/1522 1355/2230/1355
f 1354/2229/1354 1511/2528/1511 1522/2546/1522
f 1356/2232/1356 1523/2547/1523 1512/2530/1512
f 1450/2416/1450 1513/2531/1513 1514/2532/1514
f 1444/2399/1444 1487/2480/1487 1452/2419/1452
f 1524/2548/1524 1488/2481/1488 1525/2549/1525
f 1467/2535/1467 1516/2550/1516 1515/2536/1515
f 1488/2481/1488 1503/2508/1503 1525/2549/1525
f 1431/2551/1431 1504/2552/1504 1474/2553/1474
f 1431/2484/1431 1475/2465/1475 1504/2554/1504
f 1334/2191/1334 1526/2555/1526 1475/2465/1475
f 1504/2554/1504 1526/2555/1526 1489/2510/1489
f 1334/2191/1334 1454/2421/1454 1526/2555/1526
f 1489/2510/1489 1527/2556/1527 1505/2511/1505
f 1517/2538/1517 1505/2539/1505 1528/2557/1528
f 1455/2422/1455 1529/2558/1529 1395/2312/1395
f 1227/2268/1227 1439/2388/1439 1530/2559/1530
f 1227/2268/1227 1530/2559/1530 1374/2269/1374
f 1376/2449/1376 1469/2448/1469 1531/2560/1531
f 1396/2317/1396 1361/2316/1361 1492/2561/1492
f 1462/2438/1462 1243/2254/1243 1459/2435/1459
f 1282/2147/1282 1434/2380/1434 1481/2473/1481
f 1380/2279/1380 1510/2523/1510 1497/2562/1497
f 1483/2475/1483 1402/2327/1402 1316/2203/1316
f 1426/2500/1426 1498/2499/1498 1448/2544/1448
f 1499/2563/1499 1511/2528/1511 1427/2527/1427
f 1500/2564/1500 1523/2547/1523 1356/2232/1356
f 1452/2419/1452 1487/2480/1487 1451/2418/1451
f 1524/2565/1524 1515/2536/1515 1516/2550/1516
f 1524/2548/1524 1516/2537/1516 1488/2481/1488
f 1453/2533/1453 1532/2566/1532 1405/2567/1405
f 1475/2465/1475 1526/2555/1526 1504/2554/1504
f 1034/1696/1034 1437/2386/1437 1393/2309/1393
f 1292/2118/1292 1385/2291/1385 1408/2336/1408
f 1395/2312/1395 1529/2558/1529 1394/2310/1394
f 1374/2269/1374 1533/2568/1533 1336/2314/1336
f 1410/2339/1410 1518/2540/1518 1534/2569/1534
f 1469/2448/1469 1377/2273/1377 1535/2570/1535
f 1363/2250/1363 1295/2121/1295 1457/2426/1457
f 1401/2325/1401 1496/2495/1496 1536/2571/1536
f 1352/2572/1352 1402/2327/1402 1537/2573/1537
f 1435/2382/1435 1538/2574/1538 1369/2301/1369
f 1443/2397/1443 1302/2396/1302 1465/2443/1465
f 1464/2529/1464 1466/2505/1466 1501/2504/1501
f 1485/2478/1485 1429/2372/1429 1512/2530/1512
f 1539/2575/1539 1514/2532/1514 1513/2531/1513
f 1539/2575/1539 1540/2576/1540 1514/2532/1514
f 1540/2576/1540 1453/2533/1453 1514/2532/1514
f 1487/2480/1487 1430/2373/1430 1541/2577/1541
f 1430/2373/1430 1515/2578/1515 1541/2577/1541
f 1542/2579/1542 1489/2510/1489 1526/2555/1526
f 1542/2579/1542 1527/2556/1527 1489/2510/1489
f 1263/2580/1263 1421/2446/1421 1543/2581/1543
f 1478/2468/1478 1409/2338/1409 1264/2076/1264
f 1396/2317/1396 1544/2582/1544 1214/2362/1214
f 1398/2583/1398 1400/2322/1400 1545/2584/1545
f 1480/2472/1480 1546/2585/1546 1433/2379/1433
f 1547/2586/1547 1378/2587/1378 1399/2588/1399
f 1548/2589/1548 1458/2427/1458 1433/2379/1433
f 1536/2590/1536 1508/2519/1508 1401/2518/1401
f 1549/2591/1549 1472/2458/1472 1365/2592/1365
f 1416/2347/1416 1472/2458/1472 1550/2593/1550
f 1499/2501/1499 1443/2397/1443 1551/2594/1551
f 1443/2397/1443 1465/2443/1465 1551/2594/1551
f 1485/2478/1485 1539/2575/1539 1513/2531/1513
f 1541/2595/1541 1515/2536/1515 1524/2565/1524
f 1503/2508/1503 1517/2538/1517 1552/2596/1552
f 1454/2421/1454 1542/2579/1542 1526/2555/1526
f 1527/2556/1527 1528/2597/1528 1505/2511/1505
f 1373/2598/1373 1263/2599/1263 1543/2600/1543
f 1421/2446/1421 1394/2310/1394 1553/2601/1553
f 1276/2094/1276 1554/2602/1554 1438/2387/1438
f 1277/2486/1277 1555/2603/1555 1445/2406/1445
f 1533/2568/1533 1374/2269/1374 1530/2559/1530
f 1277/2095/1277 1162/1906/1162 1359/2240/1359
f 1336/2314/1336 1533/2568/1533 1556/2604/1556
f 1336/2314/1336 1556/2604/1556 1441/2391/1441
f 1470/2605/1470 1557/2606/1557 1350/2453/1350
f 1400/2322/1400 1456/2425/1456 1545/2584/1545
f 1386/2294/1386 1461/2437/1461 1520/2542/1520
f 1460/2436/1460 1413/2342/1413 1558/2607/1558
f 1413/2342/1413 1463/2439/1463 1559/2608/1559
f 1496/2495/1496 1352/2520/1352 1537/2609/1537
f 1481/2473/1481 1560/2610/1560 1482/2474/1482
f 1355/2230/1355 1522/2546/1522 1561/2611/1561
f 1499/2501/1499 1551/2594/1551 1562/2612/1562
f 1562/2613/1562 1511/2528/1511 1499/2563/1499
f 1464/2529/1464 1501/2504/1501 1563/2614/1563
f 1485/2478/1485 1512/2530/1512 1564/2615/1564
f 1540/2576/1540 1532/2566/1532 1453/2533/1453
f 1565/2616/1565 1541/2595/1541 1524/2565/1524
f 1524/2548/1524 1525/2549/1525 1566/2617/1566
f 1276/2094/1276 1476/2466/1476 1554/2602/1554
f 1293/2119/1293 1468/2447/1468 1359/2240/1359
f 1468/2447/1468 1440/2407/1440 1567/2618/1567
f 1375/2471/1375 1441/2391/1441 1568/2619/1568
f 1375/2471/1375 1568/2619/1568 1432/2620/1432
f 1376/2272/1376 1569/2621/1569 1360/2241/1360
f 1492/2561/1492 1544/2582/1544 1396/2317/1396
f 1399/2588/1399 1362/2492/1362 1547/2586/1547
f 1458/2427/1458 1548/2589/1548 1570/2622/1570
f 1495/2516/1495 1571/2623/1571 1572/2624/1572
f 1416/2347/1416 1573/2625/1573 1510/2523/1510
f 1416/2347/1416 1550/2593/1550 1573/2625/1573
f 1482/2524/1482 1574/2626/1574 1498/2499/1498
f 1575/2627/1575 1539/2575/1539 1485/2478/1485
f 1451/2418/1451 1487/2480/1487 1486/2479/1486
f 1454/2421/1454 1406/2334/1406 1542/2579/1542
f 1406/2334/1406 1576/2628/1576 1542/2579/1542
f 1577/2629/1577 1394/2310/1394 1529/2558/1529
f 1578/2630/1578 1277/2095/1277 1359/2240/1359
f 1518/2540/1518 1360/2241/1360 1569/2621/1569
f 1376/2449/1376 1531/2560/1531 1569/2631/1569
f 1579/2632/1579 1397/2633/1397 1580/2634/1580
f 1544/2635/1544 1470/2605/1470 1214/2636/1214
f 1471/2452/1471 1350/2453/1350 1557/2606/1557
f 1581/2637/1581 1446/2410/1446 1471/2452/1471
f 1582/2638/1582 1493/2489/1493 1446/2410/1446
f 1582/2638/1582 1480/2472/1480 1493/2489/1493
f 1495/2516/1495 1520/2542/1520 1571/2623/1571
f 1460/2436/1460 1558/2607/1558 1461/2437/1461
f 1558/2607/1558 1413/2342/1413 1559/2608/1559
f 1549/2591/1549 1550/2593/1550 1472/2458/1472
f 1509/2639/1509 1497/2562/1497 1510/2523/1510
f 1574/2626/1574 1448/2544/1448 1498/2499/1498
f 1583/2640/1583 1402/2327/1402 1483/2475/1483
f 1483/2475/1483 1369/2259/1369 1538/2641/1538
f 1561/2611/1561 1442/2394/1442 1355/2230/1355
f 1561/2611/1561 1522/2546/1522 1584/2642/1584
f 1585/2643/1585 1522/2546/1522 1511/2528/1511
f 1586/2644/1586 1551/2594/1551 1465/2443/1465
f 1585/2643/1585 1511/2528/1511 1562/2613/1562
f 1563/2614/1563 1465/2443/1465 1464/2529/1464
f 1564/2615/1564 1575/2627/1575 1485/2478/1485
f 1487/2480/1487 1541/2577/1541 1565/2645/1565
f 1587/2646/1587 1503/2508/1503 1552/2596/1552
f 1502/2507/1502 1588/2647/1588 1346/2385/1346
f 1406/2334/1406 1407/2335/1407 1576/2628/1576
f 1393/2309/1393 1437/2386/1437 1589/2648/1589
f 1543/2581/1543 1421/2446/1421 1553/2601/1553
f 1589/2648/1589 1476/2466/1476 1393/2309/1393
f 1385/2291/1385 1590/2649/1590 1408/2336/1408
f 1556/2604/1556 1591/2650/1591 1441/2391/1441
f 1506/2514/1506 1592/2651/1592 1492/2487/1492
f 1535/2570/1535 1377/2273/1377 1507/2515/1507
f 1397/2633/1397 1579/2632/1579 1422/2652/1422
f 1397/2633/1397 1398/2583/1398 1580/2634/1580
f 1580/2634/1580 1398/2583/1398 1545/2584/1545
f 1581/2637/1581 1582/2638/1582 1446/2410/1446
f 1546/2585/1546 1548/2589/1548 1433/2379/1433
f 1456/2425/1456 1351/2324/1351 1593/2653/1593
f 1494/2491/1494 1495/2493/1495 1594/2654/1594
f 1351/2655/1351 1508/2656/1508 1595/2657/1595
f 1459/2432/1459 1596/2658/1596 1462/2659/1462
f 1522/2546/1522 1585/2643/1585 1584/2642/1584
f 1565/2616/1565 1524/2565/1524 1597/2660/1597
f 1503/2508/1503 1587/2646/1587 1525/2549/1525
f 1588/2647/1588 1347/2221/1347 1346/2385/1346
f 1394/2310/1394 1577/2629/1577 1553/2601/1553
f 1438/2387/1438 1554/2602/1554 1358/2403/1358
f 1441/2391/1441 1591/2650/1591 1568/2619/1568
f 1469/2448/1469 1535/2570/1535 1531/2560/1531
f 1362/2492/1362 1494/2491/1494 1547/2586/1547
f 1495/2493/1495 1572/2661/1572 1594/2654/1594
f 1458/2457/1458 1598/2662/1598 1459/2432/1459
f 1558/2607/1558 1559/2608/1559 1599/2663/1599
f 1496/2664/1496 1537/2573/1537 1600/2665/1600
f 1448/2544/1448 1601/2666/1601 1521/2545/1521
f 1449/2525/1449 1602/2667/1602 1484/2477/1484
f 1484/2477/1484 1603/2668/1603 1287/2109/1287
f 1442/2394/1442 1561/2611/1561 1604/2669/1604
f 1561/2611/1561 1584/2642/1584 1604/2669/1604
f 1551/2594/1551 1586/2644/1586 1605/2670/1605
f 1523/2547/1523 1606/2671/1606 1512/2530/1512
f 1486/2479/1486 1607/2672/1607 1501/2504/1501
f 1575/2627/1575 1540/2576/1540 1539/2575/1539
f 1487/2480/1487 1565/2645/1565 1608/2673/1608
f 1542/2579/1542 1609/2674/1609 1527/2556/1527
f 1576/2675/1576 1407/2676/1407 1610/2677/1610
f 1440/2407/1440 1611/2678/1611 1567/2618/1567
f 1440/2390/1440 1410/2339/1410 1611/2679/1611
f 1612/2680/1612 1546/2585/1546 1480/2472/1480
f 1547/2586/1547 1613/2681/1613 1378/2587/1378
f 1546/2585/1546 1614/2682/1614 1548/2589/1548
f 1613/2683/1613 1447/2456/1447 1378/2684/1378
f 1598/2662/1598 1458/2457/1458 1570/2685/1570
f 1461/2437/1461 1558/2607/1558 1615/2686/1615
f 1521/2545/1521 1602/2667/1602 1449/2525/1449
f 1551/2594/1551 1605/2670/1605 1562/2612/1562
f 1487/2480/1487 1608/2673/1608 1486/2479/1486
f 1566/2617/1566 1525/2549/1525 1616/2687/1616
f 1609/2674/1609 1542/2579/1542 1576/2628/1576
f 1528/2597/1528 1527/2556/1527 1617/2688/1617
f 1618/2689/1618 1477/2513/1477 1408/2336/1408
f 1619/2690/1619 1479/2691/1479 1335/2404/1335
f 1611/2679/1611 1410/2339/1410 1534/2569/1534
f 1571/2623/1571 1520/2542/1520 1620/2692/1620
f 1424/2366/1424 1621/2693/1621 1434/2380/1434
f 1462/2438/1462 1622/2694/1622 1365/2255/1365
f 1615/2686/1615 1558/2607/1558 1623/2695/1623
f 1558/2607/1558 1599/2663/1599 1623/2695/1623
f 1365/2592/1365 1624/2696/1624 1549/2591/1549
f 1550/2593/1550 1549/2591/1549 1625/2697/1625
f 1287/2109/1287 1603/2668/1603 1500/2502/1500
f 1562/2613/1562 1626/2698/1626 1585/2643/1585
f 1524/2565/1524 1566/2699/1566 1597/2660/1597
f 1525/2549/1525 1587/2646/1587 1616/2687/1616
f 1517/2538/1517 1627/2700/1627 1552/2596/1552
f 1528/2701/1528 1617/2702/1617 1628/2703/1628
f 1476/2704/1476 1629/2705/1629 1554/2706/1554
f 1358/2239/1358 1554/2707/1554 1630/2708/1630
f 1359/2709/1359 1468/2710/1468 1578/2711/1578
f 1631/2712/1631 1567/2618/1567 1611/2678/1611
f 1611/2679/1611 1534/2569/1534 1632/2713/1632
f 1507/2714/1507 1519/2715/1519 1633/2716/1633
f 1492/2487/1492 1634/2717/1634 1544/2718/1544
f 1470/2605/1470 1635/2719/1635 1557/2606/1557
f 1636/2720/1636 1456/2425/1456 1593/2653/1593
f 1614/2682/1614 1570/2622/1570 1548/2589/1548
f 1570/2685/1570 1637/2721/1637 1598/2662/1598
f 1520/2542/1520 1461/2437/1461 1638/2722/1638
f 1621/2693/1621 1639/2723/1639 1434/2380/1434
f 1434/2380/1434 1639/2723/1639 1481/2473/1481
f 1509/2521/1509 1640/2724/1640 1463/2522/1463
f 1550/2593/1550 1625/2697/1625 1573/2625/1573
f 1435/2382/1435 1318/2163/1318 1442/2394/1442
f 1563/2614/1563 1641/2725/1641 1465/2443/1465
f 1465/2443/1465 1641/2725/1641 1586/2644/1586
f 1563/2614/1563 1501/2504/1501 1641/2725/1641
f 1501/2504/1501 1607/2672/1607 1642/2726/1642
f 1565/2616/1565 1597/2660/1597 1608/2727/1608
f 1405/2567/1405 1532/2566/1532 1643/2728/1643
f 1405/2506/1405 1643/2729/1643 1502/2507/1502
f 1517/2538/1517 1528/2557/1528 1627/2700/1627
f 1609/2730/1609 1576/2675/1576 1610/2677/1610
f 1347/2221/1347 1644/2731/1644 1275/2093/1275
f 1630/2708/1630 1491/2485/1491 1358/2239/1358
f 1533/2568/1533 1530/2559/1530 1645/2732/1645
f 1432/2375/1432 1646/2733/1646 1506/2514/1506
f 1569/2631/1569 1531/2560/1531 1647/2734/1647
f 1507/2515/1507 1648/2735/1648 1535/2570/1535
f 1544/2635/1544 1649/2736/1649 1470/2605/1470
f 1480/2472/1480 1582/2638/1582 1612/2680/1612
f 1351/2324/1351 1595/2737/1595 1593/2653/1593
f 1459/2432/1459 1598/2662/1598 1650/2738/1650
f 1363/2365/1363 1651/2739/1651 1424/2366/1424
f 1459/2432/1459 1650/2738/1650 1596/2658/1596
f 1482/2524/1482 1560/2740/1560 1574/2626/1574
f 1574/2626/1574 1601/2666/1601 1448/2544/1448
f 1483/2475/1483 1652/2741/1652 1583/2640/1583
f 1435/2382/1435 1653/2742/1653 1538/2574/1538
f 1584/2642/1584 1585/2643/1585 1654/2743/1654
f 1512/2530/1512 1606/2671/1606 1564/2615/1564
f 1486/2479/1486 1608/2673/1608 1607/2672/1607
f 1627/2700/1627 1528/2557/1528 1655/2744/1655
f 1373/2598/1373 1656/2745/1656 1407/2676/1407
f 1159/1903/1159 1657/2746/1657 1437/2386/1437
f 1569/2621/1569 1658/2747/1658 1518/2540/1518
f 1422/2652/1422 1579/2632/1579 1519/2715/1519
f 1545/2584/1545 1456/2425/1456 1636/2720/1636
f 1581/2637/1581 1659/2748/1659 1582/2638/1582
f 1614/2749/1614 1637/2721/1637 1570/2685/1570
f 1536/2590/1536 1496/2750/1496 1660/2751/1660
f 1559/2752/1559 1463/2522/1463 1661/2753/1661
f 1537/2573/1537 1662/2754/1662 1600/2665/1600
f 1481/2473/1481 1639/2723/1639 1560/2610/1560
f 1510/2523/1510 1640/2755/1640 1509/2639/1509
f 1402/2327/1402 1663/2756/1663 1537/2573/1537
f 1435/2382/1435 1442/2394/1442 1653/2742/1653
f 1442/2394/1442 1664/2757/1664 1665/2758/1665
f 1604/2669/1604 1664/2757/1664 1442/2394/1442
f 1500/2759/1500 1603/2760/1603 1666/2761/1666
f 1540/2576/1540 1667/2762/1667 1532/2566/1532
f 1587/2646/1587 1552/2596/1552 1668/2763/1668
f 1609/2730/1609 1617/2764/1617 1527/2765/1527
f 1610/2677/1610 1407/2676/1407 1656/2745/1656
f 1275/2093/1275 1644/2731/1644 1159/1903/1159
f 1455/2422/1455 1669/2766/1669 1529/2558/1529
f 1432/2620/1432 1568/2619/1568 1646/2767/1646
f 1646/2733/1646 1670/2768/1670 1506/2514/1506
f 1534/2569/1534 1658/2747/1658 1632/2713/1632
f 1534/2569/1534 1518/2540/1518 1658/2747/1658
f 1647/2734/1647 1658/2769/1658 1569/2631/1569
f 1531/2560/1531 1671/2770/1671 1647/2734/1647
f 1535/2570/1535 1671/2770/1671 1531/2560/1531
f 1535/2570/1535 1648/2735/1648 1671/2770/1671
f 1545/2584/1545 1636/2720/1636 1580/2634/1580
f 1470/2605/1470 1649/2736/1649 1635/2719/1635
f 1471/2452/1471 1672/2771/1672 1581/2637/1581
f 1596/2658/1596 1673/2772/1673 1462/2659/1462
f 1463/2522/1463 1640/2724/1640 1661/2753/1661
f 1624/2696/1624 1674/2773/1674 1549/2591/1549
f 1510/2523/1510 1675/2774/1675 1640/2755/1640
f 1625/2697/1625 1674/2773/1674 1573/2625/1573
f 1549/2591/1549 1674/2773/1674 1625/2697/1625
f 1402/2327/1402 1583/2640/1583 1663/2756/1663
f 1602/2667/1602 1521/2545/1521 1676/2775/1676
f 1538/2574/1538 1653/2742/1653 1483/2776/1483
f 1584/2642/1584 1654/2743/1654 1677/2777/1677
f 1501/2504/1501 1642/2726/1642 1641/2725/1641
f 1616/2687/1616 1587/2646/1587 1668/2763/1668
f 1627/2700/1627 1655/2744/1655 1678/2778/1678
f 1528/2557/1528 1628/2779/1628 1655/2744/1655
f 1669/2766/1669 1679/2780/1679 1529/2558/1529
f 1529/2558/1529 1679/2780/1679 1577/2629/1577
f 1491/2485/1491 1680/2781/1680 1478/2468/1478
f 1530/2559/1530 1439/2388/1439 1681/2782/1681
f 1533/2568/1533 1645/2732/1645 1556/2604/1556
f 1492/2487/1492 1592/2651/1592 1634/2717/1634
f 1544/2718/1544 1634/2717/1634 1649/2783/1649
f 1581/2637/1581 1682/2784/1682 1659/2748/1659
f 1471/2452/1471 1557/2606/1557 1672/2771/1672
f 1659/2748/1659 1612/2680/1612 1582/2638/1582
f 1546/2585/1546 1683/2785/1683 1614/2682/1614
f 1598/2662/1598 1637/2721/1637 1684/2786/1684
f 1363/2365/1363 1457/2787/1457 1651/2739/1651
f 1571/2623/1571 1685/2788/1685 1572/2624/1572
f 1462/2438/1462 1673/2789/1673 1622/2694/1622
f 1496/2790/1496 1600/2791/1600 1660/2792/1660
f 1686/2793/1686 1537/2573/1537 1663/2756/1663
f 1652/2741/1652 1483/2475/1483 1653/2794/1653
f 1666/2761/1666 1523/2795/1523 1500/2759/1500
f 1687/2796/1687 1604/2669/1604 1584/2642/1584
f 1584/2642/1584 1677/2777/1677 1687/2796/1687
f 1688/2797/1688 1586/2644/1586 1641/2725/1641
f 1689/2798/1689 1605/2670/1605 1586/2644/1586
f 1605/2799/1605 1690/2800/1690 1562/2801/1562
f 1691/2802/1691 1597/2660/1597 1566/2699/1566
f 1575/2803/1575 1692/2804/1692 1540/2805/1540
f 1667/2806/1667 1540/2805/1540 1692/2804/1692
f 1693/2807/1693 1532/2566/1532 1667/2762/1667
f 1694/2808/1694 1643/2728/1643 1532/2566/1532
f 1656/2745/1656 1373/2598/1373 1695/2809/1695
f 1644/2731/1644 1657/2746/1657 1159/1903/1159
f 1696/2810/1696 1439/2388/1439 1479/2470/1479
f 1555/2603/1555 1277/2486/1277 1578/2711/1578
f 1697/2811/1697 1631/2712/1631 1611/2678/1611
f 1697/2812/1697 1611/2679/1611 1632/2713/1632
f 1670/2768/1670 1592/2651/1592 1506/2514/1506
f 1698/2813/1698 1647/2734/1647 1671/2770/1671
f 1699/2814/1699 1671/2770/1671 1648/2735/1648
f 1700/2815/1700 1633/2716/1633 1519/2715/1519
f 1519/2715/1519 1579/2632/1579 1700/2815/1700
f 1580/2634/1580 1636/2720/1636 1701/2816/1701
f 1683/2817/1683 1702/2818/1702 1614/2749/1614
f 1703/2819/1703 1650/2738/1650 1598/2662/1598
f 1685/2788/1685 1571/2623/1571 1704/2820/1704
f 1705/2821/1705 1673/2772/1673 1596/2658/1596
f 1620/2692/1620 1520/2542/1520 1638/2722/1638
f 1638/2722/1638 1461/2437/1461 1615/2686/1615
f 1706/2822/1706 1615/2823/1615 1623/2824/1623
f 1624/2696/1624 1365/2592/1365 1622/2825/1622
f 1653/2742/1653 1442/2394/1442 1665/2758/1665
f 1664/2757/1664 1604/2669/1604 1687/2796/1687
f 1666/2826/1666 1606/2671/1606 1523/2547/1523
f 1688/2797/1688 1689/2798/1689 1586/2644/1586
f 1606/2671/1606 1575/2627/1575 1564/2615/1564
f 1606/2827/1606 1692/2804/1692 1575/2803/1575
f 1691/2802/1691 1608/2727/1608 1597/2660/1597
f 1707/2828/1707 1691/2802/1691 1566/2699/1566
f 1566/2699/1566 1616/2829/1616 1707/2828/1707
f 1532/2566/1532 1693/2807/1693 1694/2808/1694
f 1693/2807/1693 1708/2830/1708 1694/2808/1694
f 1668/2763/1668 1552/2596/1552 1709/2831/1709
f 1709/2831/1709 1552/2596/1552 1627/2700/1627
f 1710/2832/1710 1711/2833/1711 1712/2834/1712
f 1711/2833/1711 1713/2835/1713 1712/2834/1712
f 1347/2221/1347 1714/2836/1714 1644/2731/1644
f 1680/2781/1680 1491/2485/1491 1630/2708/1630
f 1578/2711/1578 1468/2710/1468 1715/2837/1715
f 1658/2769/1658 1647/2734/1647 1698/2813/1698
f 1636/2720/1636 1593/2653/1593 1716/2838/1716
f 1546/2585/1546 1612/2680/1612 1683/2785/1683
f 1547/2586/1547 1717/2839/1717 1613/2681/1613
f 1718/2840/1718 1593/2841/1593 1595/2842/1595
f 1684/2786/1684 1703/2819/1703 1598/2662/1598
f 1572/2624/1572 1685/2788/1685 1719/2843/1719
f 1508/2519/1508 1536/2590/1536 1595/2844/1595
f 1571/2623/1571 1620/2692/1620 1704/2820/1704
f 1651/2739/1651 1621/2693/1621 1424/2366/1424
f 1536/2590/1536 1660/2751/1660 1720/2845/1720
f 1510/2523/1510 1573/2625/1573 1675/2774/1675
f 1573/2625/1573 1674/2773/1674 1721/2846/1721
f 1602/2667/1602 1722/2847/1722 1484/2477/1484
f 1484/2477/1484 1722/2847/1722 1603/2668/1603
f 1603/2760/1603 1723/2848/1723 1666/2761/1666
f 1641/2725/1641 1642/2726/1642 1688/2797/1688
f 1724/2849/1724 1690/2800/1690 1605/2799/1605
f 1608/2673/1608 1691/2850/1691 1607/2672/1607
f 1711/2833/1711 1725/2851/1725 1713/2835/1713
f 1609/2730/1609 1656/2745/1656 1726/2852/1726
f 1610/2677/1610 1656/2745/1656 1609/2730/1609
f 1726/2852/1726 1617/2764/1617 1609/2730/1609
f 1348/2222/1348 1727/2853/1727 1455/2422/1455
f 1590/2649/1590 1385/2291/1385 1728/2854/1728
f 1409/2338/1409 1728/2854/1728 1385/2291/1385
f 1697/2812/1697 1632/2713/1632 1729/2855/1729
f 1658/2747/1658 1730/2856/1730 1632/2713/1632
f 1671/2770/1671 1699/2814/1699 1698/2813/1698
f 1579/2632/1579 1731/2857/1731 1700/2815/1700
f 1682/2858/1682 1732/2859/1732 1659/2860/1659
f 1557/2606/1557 1635/2719/1635 1733/2861/1733
f 1614/2749/1614 1702/2818/1702 1637/2721/1637
f 1594/2654/1594 1572/2661/1572 1719/2862/1719
f 1595/2844/1595 1536/2590/1536 1720/2845/1720
f 1599/2863/1599 1734/2864/1734 1623/2865/1623
f 1559/2866/1559 1734/2864/1734 1599/2863/1599
f 1674/2773/1674 1624/2696/1624 1721/2846/1721
f 1560/2740/1560 1735/2867/1735 1574/2626/1574
f 1574/2626/1574 1735/2867/1735 1601/2666/1601
f 1602/2667/1602 1676/2775/1676 1722/2847/1722
f 1606/2827/1606 1666/2868/1666 1736/2869/1736
f 1585/2643/1585 1626/2698/1626 1654/2743/1654
f 1562/2801/1562 1690/2800/1690 1626/2870/1626
f 1737/2871/1737 1607/2672/1607 1691/2850/1691
f 1678/2778/1678 1709/2831/1709 1627/2700/1627
f 1712/2834/1712 1738/2872/1738 1739/2873/1739
f 1712/2834/1712 1713/2835/1713 1738/2872/1738
f 1588/2647/1588 1714/2836/1714 1347/2221/1347
f 1408/2336/1408 1590/2649/1590 1618/2689/1618
f 1554/2707/1554 1629/2874/1629 1630/2708/1630
f 1740/2875/1740 1478/2468/1478 1680/2781/1680
f 1578/2711/1578 1741/2876/1741 1555/2603/1555
f 1468/2710/1468 1567/2877/1567 1715/2837/1715
f 1579/2632/1579 1580/2634/1580 1731/2857/1731
f 1581/2637/1581 1672/2771/1672 1742/2878/1742
f 1547/2586/1547 1494/2491/1494 1717/2839/1717
f 1457/2454/1457 1447/2456/1447 1743/2879/1743
f 1457/2880/1457 1743/2881/1743 1744/2882/1744
f 1650/2738/1650 1745/2883/1745 1596/2658/1596
f 1596/2658/1596 1745/2883/1745 1705/2821/1705
f 1623/2824/1623 1734/2884/1734 1706/2822/1706
f 1624/2696/1624 1746/2885/1746 1721/2846/1721
f 1639/2723/1639 1747/2886/1747 1560/2610/1560
f 1605/2887/1605 1748/2888/1748 1724/2889/1724
f 1691/2802/1691 1707/2828/1707 1749/2890/1749
f 1626/2870/1626 1690/2800/1690 1750/2891/1750
f 1616/2829/1616 1751/2892/1751 1707/2828/1707
f 1668/2763/1668 1709/2831/1709 1752/2893/1752
f 1643/2894/1643 1694/2895/1694 1753/2896/1753
f 1712/2834/1712 1739/2873/1739 1710/2832/1710
f 1713/2835/1713 1725/2851/1725 1754/2897/1754
f 1713/2835/1713 1754/2897/1754 1738/2872/1738
f 1678/2778/1678 1655/2744/1655 1755/2898/1755
f 1656/2745/1656 1695/2809/1695 1726/2852/1726
f 1589/2899/1589 1756/2900/1756 1476/2704/1476
f 1348/2222/1348 1477/2467/1477 1727/2853/1727
f 1757/2901/1757 1409/2338/1409 1478/2468/1478
f 1578/2711/1578 1715/2837/1715 1741/2876/1741
f 1659/2860/1659 1758/2902/1758 1612/2903/1612
f 1637/2721/1637 1702/2818/1702 1684/2786/1684
f 1600/2904/1600 1759/2905/1759 1660/2751/1660
f 1706/2822/1706 1734/2884/1734 1760/2906/1760
f 1661/2907/1661 1640/2755/1640 1761/2908/1761
f 1537/2573/1537 1686/2793/1686 1662/2754/1662
f 1747/2886/1747 1762/2909/1762 1560/2610/1560
f 1652/2741/1652 1763/2910/1763 1583/2640/1583
f 1722/2847/1722 1723/2911/1723 1603/2668/1603
f 1664/2757/1664 1764/2912/1764 1665/2758/1665
f 1687/2796/1687 1765/2913/1765 1664/2757/1664
f 1626/2698/1626 1766/2914/1766 1654/2743/1654
f 1606/2827/1606 1736/2869/1736 1692/2804/1692
f 1605/2887/1605 1689/2915/1689 1748/2888/1748
f 1691/2802/1691 1749/2890/1749 1767/2916/1767
f 1749/2890/1749 1707/2828/1707 1748/2888/1748
f 1707/2828/1707 1751/2892/1751 1748/2888/1748
f 1693/2807/1693 1768/2917/1768 1708/2830/1708
f 1708/2830/1708 1769/2918/1769 1694/2808/1694
f 1708/2830/1708 1770/2919/1770 1769/2918/1769
f 1710/2832/1710 1752/2893/1752 1711/2833/1711
f 1752/2893/1752 1725/2851/1725 1711/2833/1711
f 1752/2893/1752 1709/2831/1709 1725/2851/1725
f 1710/2832/1710 1739/2873/1739 1771/2920/1771
f 1678/2778/1678 1725/2851/1725 1709/2831/1709
f 1678/2778/1678 1755/2898/1755 1725/2851/1725
f 1739/2921/1739 1738/2922/1738 1772/2923/1772
f 1373/2598/1373 1773/2924/1773 1695/2809/1695
f 1373/2598/1373 1543/2600/1543 1773/2924/1773
f 1727/2853/1727 1669/2766/1669 1455/2422/1455
f 1740/2875/1740 1757/2901/1757 1478/2468/1478
f 1619/2690/1619 1696/2925/1696 1479/2691/1479
f 1335/2404/1335 1445/2406/1445 1619/2690/1619
f 1445/2406/1445 1555/2603/1555 1774/2926/1774
f 1632/2713/1632 1775/2927/1775 1729/2855/1729
f 1632/2713/1632 1730/2856/1730 1775/2927/1775
f 1633/2716/1633 1776/2928/1776 1507/2714/1507
f 1777/2929/1777 1778/2930/1778 1592/2651/1592
f 1592/2651/1592 1778/2930/1778 1634/2717/1634
f 1682/2858/1682 1742/2931/1742 1732/2859/1732
f 1682/2784/1682 1581/2637/1581 1742/2878/1742
f 1659/2860/1659 1732/2859/1732 1758/2902/1758
f 1593/2653/1593 1779/2932/1779 1716/2838/1716
f 1594/2654/1594 1780/2933/1780 1494/2491/1494
f 1702/2818/1702 1781/2934/1781 1684/2786/1684
f 1781/2934/1781 1703/2819/1703 1684/2786/1684
f 1746/2885/1746 1782/2935/1782 1721/2846/1721
f 1607/2672/1607 1737/2871/1737 1642/2726/1642
f 1767/2916/1767 1749/2890/1749 1689/2915/1689
f 1689/2915/1689 1749/2890/1749 1748/2888/1748
f 1724/2889/1724 1748/2888/1748 1751/2892/1751
f 1690/2800/1690 1724/2849/1724 1783/2936/1783
f 1751/2892/1751 1616/2829/1616 1784/2937/1784
f 1616/2687/1616 1668/2763/1668 1784/2938/1784
f 1725/2851/1725 1755/2898/1755 1754/2897/1754
f 1738/2922/1738 1785/2939/1785 1772/2923/1772
f 1773/2924/1773 1543/2600/1543 1786/2940/1786
f 1553/2601/1553 1577/2629/1577 1787/2941/1787
f 1629/2705/1629 1476/2704/1476 1756/2900/1756
f 1530/2559/1530 1788/2942/1788 1645/2732/1645
f 1555/2603/1555 1741/2876/1741 1774/2926/1774
f 1698/2813/1698 1789/2943/1789 1658/2769/1658
f 1698/2813/1698 1699/2814/1699 1789/2943/1789
f 1731/2857/1731 1580/2634/1580 1701/2816/1701
f 1494/2491/1494 1780/2933/1780 1717/2839/1717
f 1620/2692/1620 1638/2722/1638 1790/2944/1790
f 1734/2884/1734 1791/2945/1791 1760/2906/1760
f 1559/2946/1559 1791/2945/1791 1734/2884/1734
f 1622/2825/1622 1746/2885/1746 1624/2696/1624
f 1573/2625/1573 1792/2947/1792 1675/2774/1675
f 1573/2625/1573 1721/2846/1721 1793/2948/1793
f 1601/2666/1601 1794/2949/1794 1521/2545/1521
f 1653/2794/1653 1795/2950/1795 1652/2741/1652
f 1521/2545/1521 1794/2949/1794 1676/2775/1676
f 1653/2742/1653 1665/2758/1665 1795/2951/1795
f 1722/2847/1722 1676/2775/1676 1723/2911/1723
f 1666/2761/1666 1796/2952/1796 1736/2953/1736
f 1688/2797/1688 1642/2726/1642 1797/2954/1797
f 1688/2797/1688 1797/2954/1797 1798/2955/1798
f 1688/2797/1688 1798/2955/1798 1689/2798/1689
f 1737/2871/1737 1799/2956/1799 1642/2726/1642
f 1736/2869/1736 1800/2957/1800 1692/2804/1692
f 1737/2871/1737 1691/2850/1691 1799/2956/1799
f 1626/2870/1626 1750/2891/1750 1766/2958/1766
f 1724/2889/1724 1751/2892/1751 1783/2959/1783
f 1751/2892/1751 1784/2937/1784 1783/2959/1783
f 1783/2936/1783 1801/2960/1801 1690/2800/1690
f 1690/2800/1690 1801/2960/1801 1750/2891/1750
f 1692/2804/1692 1802/2961/1802 1667/2806/1667
f 1667/2806/1667 1802/2961/1802 1803/2962/1803
f 1667/2762/1667 1768/2917/1768 1693/2807/1693
f 1694/2808/1694 1769/2918/1769 1753/2963/1753
f 1753/2896/1753 1804/2964/1804 1643/2894/1643
f 1738/2922/1738 1754/2965/1754 1785/2939/1785
f 1655/2966/1655 1628/2703/1628 1755/2967/1755
f 1726/2852/1726 1805/2968/1805 1617/2764/1617
f 1543/2581/1543 1553/2601/1553 1786/2969/1786
f 1445/2406/1445 1806/2970/1806 1619/2690/1619
f 1568/2619/1568 1591/2650/1591 1807/2971/1807
f 1646/2767/1646 1808/2972/1808 1670/2973/1670
f 1507/2714/1507 1776/2928/1776 1648/2974/1648
f 1557/2606/1557 1733/2861/1733 1672/2771/1672
f 1758/2902/1758 1683/2817/1683 1612/2903/1612
f 1683/2817/1683 1781/2934/1781 1702/2818/1702
f 1780/2933/1780 1594/2654/1594 1809/2975/1809
f 1594/2654/1594 1719/2862/1719 1809/2975/1809
f 1620/2692/1620 1790/2944/1790 1704/2820/1704
f 1759/2905/1759 1810/2976/1810 1660/2751/1660
f 1706/2822/1706 1760/2906/1760 1615/2823/1615
f 1559/2946/1559 1661/2977/1661 1791/2945/1791
f 1652/2741/1652 1811/2978/1811 1763/2910/1763
f 1652/2741/1652 1795/2950/1795 1811/2978/1811
f 1723/2848/1723 1812/2979/1812 1666/2761/1666
f 1813/2980/1813 1796/2952/1796 1666/2761/1666
f 1691/2802/1691 1767/2916/1767 1799/2981/1799
f 1692/2804/1692 1800/2957/1800 1802/2961/1802
f 1784/2937/1784 1801/2982/1801 1783/2959/1783
f 1784/2983/1784 1814/2984/1814 1801/2985/1801
f 1668/2763/1668 1814/2986/1814 1784/2938/1784
f 1815/2987/1815 1816/2988/1816 1817/2989/1817
f 1816/2990/1816 1818/2991/1818 1819/2992/1819
f 1667/2806/1667 1803/2962/1803 1768/2993/1768
f 1816/2988/1816 1819/2994/1819 1817/2989/1817
f 1710/2832/1710 1820/2995/1820 1752/2893/1752
f 1821/2996/1821 1739/2921/1739 1772/2923/1772
f 1754/2965/1754 1755/2967/1755 1785/2939/1785
f 1628/2703/1628 1822/2997/1822 1755/2967/1755
f 1617/2702/1617 1822/2997/1822 1628/2703/1628
f 1619/2690/1619 1823/2998/1823 1696/2925/1696
f 1445/2406/1445 1774/2926/1774 1806/2970/1806
f 1741/2876/1741 1824/2999/1824 1774/2926/1774
f 1645/2732/1645 1591/2650/1591 1556/2604/1556
f 1715/2837/1715 1567/2877/1567 1825/3000/1825
f 1568/2619/1568 1808/2972/1808 1646/2767/1646
f 1634/2717/1634 1826/3001/1826 1649/2783/1649
f 1701/2816/1701 1636/2720/1636 1827/3002/1827
f 1742/2931/1742 1828/3003/1828 1732/2859/1732
f 1649/2783/1649 1826/3001/1826 1635/3004/1635
f 1593/2653/1593 1829/3005/1829 1779/2932/1779
f 1457/2787/1457 1744/3006/1744 1651/2739/1651
f 1650/2738/1650 1830/3007/1830 1745/2883/1745
f 1685/2788/1685 1831/3008/1831 1719/2843/1719
f 1685/2788/1685 1704/2820/1704 1831/3008/1831
f 1705/2821/1705 1832/3009/1832 1673/2772/1673
f 1660/2751/1660 1833/3010/1833 1720/2845/1720
f 1660/2751/1660 1810/2976/1810 1833/3010/1833
f 1832/3011/1832 1622/2694/1622 1673/2789/1673
f 1675/2774/1675 1834/3012/1834 1761/2908/1761
f 1675/2774/1675 1761/2908/1761 1640/2755/1640
f 1663/2756/1663 1583/2640/1583 1835/3013/1835
f 1794/2949/1794 1836/3014/1836 1676/2775/1676
f 1764/2912/1764 1837/3015/1837 1665/2758/1665
f 1642/2726/1642 1838/3016/1838 1797/2954/1797
f 1798/3017/1798 1767/2916/1767 1689/2915/1689
f 1668/2763/1668 1752/2893/1752 1814/2986/1814
f 1839/3018/1839 1752/2893/1752 1820/2995/1820
f 1710/2832/1710 1771/2920/1771 1820/2995/1820
f 1708/2830/1708 1768/2917/1768 1770/2919/1770
f 1739/2921/1739 1821/2996/1821 1771/3019/1771
f 1772/3020/1772 1840/3021/1840 1821/3022/1821
f 1772/2923/1772 1785/2939/1785 1840/3023/1840
f 1785/2939/1785 1755/2967/1755 1822/2997/1822
f 1695/2809/1695 1841/3024/1841 1726/2852/1726
f 1805/2968/1805 1822/3025/1822 1617/2764/1617
f 1477/2467/1477 1618/3026/1618 1842/3027/1842
f 1409/2338/1409 1757/2901/1757 1728/2854/1728
f 1631/3028/1631 1825/3000/1825 1567/2877/1567
f 1635/3004/1635 1826/3001/1826 1843/3029/1843
f 1683/2817/1683 1758/2902/1758 1781/2934/1781
f 1447/2456/1447 1613/2683/1613 1743/2879/1743
f 1809/2975/1809 1719/2862/1719 1844/3030/1844
f 1650/2738/1650 1703/2819/1703 1830/3007/1830
f 1745/2883/1745 1845/3031/1845 1705/2821/1705
f 1845/3031/1845 1832/3009/1832 1705/2821/1705
f 1600/2665/1600 1662/2754/1662 1759/3032/1759
f 1846/3033/1846 1747/2886/1747 1639/2723/1639
f 1675/2774/1675 1792/2947/1792 1834/3012/1834
f 1721/2846/1721 1782/2935/1782 1793/2948/1793
f 1560/2740/1560 1762/3034/1762 1735/2867/1735
f 1601/2666/1601 1735/2867/1735 1794/2949/1794
f 1723/2911/1723 1676/2775/1676 1836/3014/1836
f 1664/2757/1664 1765/2913/1765 1764/2912/1764
f 1812/2979/1812 1813/2980/1813 1666/2761/1666
f 1687/2796/1687 1677/2777/1677 1847/3035/1847
f 1642/2726/1642 1799/2956/1799 1838/3016/1838
f 1799/2981/1799 1767/2916/1767 1798/3017/1798
f 1814/2984/1814 1848/3036/1848 1801/2985/1801
f 1815/2987/1815 1849/3037/1849 1816/2988/1816
f 1819/2992/1819 1818/2991/1818 1850/3038/1850
f 1818/2991/1818 1820/2995/1820 1850/3038/1850
f 1820/2995/1820 1771/2920/1771 1850/3038/1850
f 1819/3039/1819 1851/3040/1851 1817/3041/1817
f 1726/2852/1726 1841/3024/1841 1805/2968/1805
f 1714/3042/1714 1852/3043/1852 1644/3044/1644
f 1631/2712/1631 1697/2811/1697 1853/3045/1853
f 1789/2943/1789 1730/3046/1730 1658/2769/1658
f 1636/2720/1636 1716/2838/1716 1827/3002/1827
f 1732/2859/1732 1828/3003/1828 1854/3047/1854
f 1635/2719/1635 1843/3048/1843 1733/2861/1733
f 1780/2933/1780 1855/3049/1855 1717/2839/1717
f 1638/3050/1638 1856/3051/1856 1790/3052/1790
f 1622/2825/1622 1832/3053/1832 1857/3054/1857
f 1760/2906/1760 1791/2945/1791 1858/3055/1858
f 1622/2825/1622 1857/3054/1857 1746/2885/1746
f 1857/3054/1857 1782/2935/1782 1746/2885/1746
f 1761/2908/1761 1859/3056/1859 1661/2907/1661
f 1747/2886/1747 1860/3057/1860 1762/2909/1762
f 1735/2867/1735 1762/3034/1762 1861/3058/1861
f 1799/2981/1799 1798/3017/1798 1862/3059/1862
f 1677/3060/1677 1654/3061/1654 1863/3062/1863
f 1815/3063/1815 1864/3064/1864 1849/3065/1849
f 1816/2988/1816 1865/3066/1865 1818/3067/1818
f 1815/3068/1815 1817/3069/1817 1866/3070/1866
f 1839/3018/1839 1820/2995/1820 1818/2991/1818
f 1817/3069/1817 1867/3071/1867 1866/3070/1866
f 1770/3072/1770 1768/3073/1768 1868/3074/1868
f 1817/3075/1817 1851/3076/1851 1867/3077/1867
f 1850/3078/1850 1851/3076/1851 1819/3079/1819
f 1850/3078/1850 1771/3019/1771 1851/3076/1851
f 1851/3076/1851 1771/3019/1771 1867/3077/1867
f 1771/3019/1771 1821/2996/1821 1867/3077/1867
f 1822/2997/1822 1840/3023/1840 1785/2939/1785
f 1437/3080/1437 1657/3081/1657 1589/2899/1589
f 1696/2810/1696 1681/2782/1681 1439/2388/1439
f 1807/2971/1807 1808/2972/1808 1568/2619/1568
f 1729/2855/1729 1853/3082/1853 1697/2812/1697
f 1778/2930/1778 1826/3001/1826 1634/2717/1634
f 1593/2841/1593 1718/2840/1718 1829/3083/1829
f 1809/2975/1809 1855/3049/1855 1780/2933/1780
f 1844/3030/1844 1855/3049/1855 1809/2975/1809
f 1844/3030/1844 1719/2862/1719 1869/3084/1869
f 1845/3031/1845 1745/2883/1745 1870/3085/1870
f 1833/3010/1833 1871/3086/1871 1720/2845/1720
f 1760/2906/1760 1872/3087/1872 1615/2823/1615
f 1760/2906/1760 1858/3055/1858 1872/3087/1872
f 1782/2935/1782 1873/3088/1873 1793/2948/1793
f 1663/2756/1663 1874/3089/1874 1686/2793/1686
f 1663/2756/1663 1835/3013/1835 1874/3089/1874
f 1847/3035/1847 1765/2913/1765 1687/2796/1687
f 1863/3062/1863 1654/3061/1654 1875/3090/1875
f 1875/3090/1875 1654/3061/1654 1766/3091/1766
f 1800/2957/1800 1876/3092/1876 1802/2961/1802
f 1865/3066/1865 1816/2988/1816 1849/3037/1849
f 1877/3093/1877 1865/3094/1865 1849/3065/1849
f 1878/3095/1878 1803/3096/1803 1802/3097/1802
f 1814/2986/1814 1752/2893/1752 1839/3018/1839
f 1879/3098/1879 1769/3099/1769 1770/3072/1770
f 1879/3098/1879 1753/3100/1753 1769/3099/1769
f 1880/3101/1880 1502/2507/1502 1643/2729/1643
f 1841/3024/1841 1695/2809/1695 1773/2924/1773
f 1786/2969/1786 1553/2601/1553 1787/2941/1787
f 1881/3102/1881 1477/2467/1477 1842/3027/1842
f 1882/3103/1882 1717/3104/1717 1855/3105/1855
f 1830/3007/1830 1870/3085/1870 1745/2883/1745
f 1595/2844/1595 1720/2845/1720 1883/3106/1883
f 1884/3107/1884 1832/3009/1832 1845/3031/1845
f 1884/3108/1884 1857/3054/1857 1832/3053/1832
f 1662/2754/1662 1686/2793/1686 1885/3109/1885
f 1886/3110/1886 1661/2977/1661 1859/3111/1859
f 1795/2951/1795 1665/2758/1665 1887/3112/1887
f 1887/3112/1887 1665/2758/1665 1837/3015/1837
f 1764/2912/1764 1765/2913/1765 1888/3113/1888
f 1796/2952/1796 1889/3114/1889 1736/2953/1736
f 1736/2869/1736 1890/3115/1890 1800/2957/1800
f 1866/3070/1866 1867/3071/1867 1891/3116/1891
f 1879/3098/1879 1770/3072/1770 1868/3074/1868
f 1753/3100/1753 1879/3098/1879 1804/3117/1804
f 1892/3118/1892 1893/3119/1893 1894/3120/1894
f 1892/3118/1892 1895/3121/1895 1893/3119/1893
f 1821/3022/1821 1895/3121/1895 1892/3118/1892
f 1895/3121/1895 1896/3122/1896 1893/3119/1893
f 1880/3101/1880 1588/2647/1588 1502/2507/1502
f 1841/3024/1841 1897/3123/1897 1805/2968/1805
f 1840/3124/1840 1822/3025/1822 1805/2968/1805
f 1589/2899/1589 1898/3125/1898 1756/2900/1756
f 1477/2467/1477 1881/3102/1881 1727/2853/1727
f 1630/2708/1630 1899/3126/1899 1680/2781/1680
f 1757/2901/1757 1900/3127/1900 1728/2854/1728
f 1670/2768/1670 1777/2929/1777 1592/2651/1592
f 1700/2815/1700 1901/3128/1901 1633/2716/1633
f 1742/2931/1742 1902/3129/1902 1828/3003/1828
f 1869/3130/1869 1719/2843/1719 1831/3008/1831
f 1883/3106/1883 1720/2845/1720 1871/3086/1871
f 1638/3050/1638 1615/2823/1615 1856/3051/1856
f 1872/3087/1872 1858/3055/1858 1903/3131/1903
f 1759/3032/1759 1662/2754/1662 1885/3109/1885
f 1791/2945/1791 1661/2977/1661 1886/3110/1886
f 1583/2640/1583 1763/2910/1763 1835/3013/1835
f 1836/3014/1836 1812/3132/1812 1723/2911/1723
f 1796/2952/1796 1813/2980/1813 1904/3133/1904
f 1797/3134/1797 1862/3059/1862 1798/3017/1798
f 1838/3016/1838 1799/2956/1799 1905/3135/1905
f 1814/2984/1814 1839/3136/1839 1906/3137/1906
f 1814/2984/1814 1906/3137/1906 1848/3036/1848
f 1801/3138/1801 1848/3139/1848 1907/3140/1907
f 1801/3138/1801 1907/3140/1907 1750/3141/1750
f 1815/3142/1815 1866/3143/1866 1864/3144/1864
f 1891/3145/1891 1867/3077/1867 1892/3146/1892
f 1892/3147/1892 1894/3148/1894 1891/3149/1891
f 1894/3120/1894 1893/3119/1893 1908/3150/1908
f 1821/2996/1821 1892/3146/1892 1867/3077/1867
f 1821/3022/1821 1896/3122/1896 1895/3121/1895
f 1821/3022/1821 1909/3151/1909 1896/3122/1896
f 1821/3022/1821 1840/3021/1840 1909/3151/1909
f 1840/3124/1840 1805/2968/1805 1897/3123/1897
f 1629/2874/1629 1899/3126/1899 1630/2708/1630
f 1680/2781/1680 1910/3152/1910 1740/2875/1740
f 1716/2838/1716 1911/3153/1911 1827/3002/1827
f 1732/2859/1732 1912/3154/1912 1758/2902/1758
f 1869/3084/1869 1831/3155/1831 1913/3156/1913
f 1651/3157/1651 1744/3158/1744 1914/3159/1914
f 1595/2842/1595 1883/3160/1883 1718/2840/1718
f 1704/2820/1704 1790/2944/1790 1831/3008/1831
f 1886/3110/1886 1915/3161/1915 1791/2945/1791
f 1573/2625/1573 1793/2948/1793 1792/2947/1792
f 1686/2793/1686 1916/3162/1916 1885/3109/1885
f 1874/3089/1874 1835/3013/1835 1917/3163/1917
f 1813/2980/1813 1918/3164/1918 1904/3133/1904
f 1904/3133/1904 1889/3114/1889 1796/2952/1796
f 1919/3165/1919 1890/3115/1890 1736/2869/1736
f 1838/3166/1838 1905/3167/1905 1920/3168/1920
f 1838/3016/1838 1920/3169/1920 1797/2954/1797
f 1864/3064/1864 1877/3093/1877 1849/3065/1849
f 1865/3066/1865 1839/3170/1839 1818/3067/1818
f 1894/3120/1894 1908/3150/1908 1891/3171/1891
f 1643/3172/1643 1804/3173/1804 1880/3174/1880
f 1896/3122/1896 1921/3175/1921 1893/3119/1893
f 1590/3176/1590 1922/3177/1922 1618/3178/1618
f 1899/3126/1899 1910/3152/1910 1680/2781/1680
f 1530/2559/1530 1681/2782/1681 1788/2942/1788
f 1645/2732/1645 1788/2942/1788 1923/3179/1923
f 1648/2974/1648 1776/2928/1776 1699/3180/1699
f 1633/2716/1633 1924/3181/1924 1776/2928/1776
f 1700/2815/1700 1731/2857/1731 1925/3182/1925
f 1826/3001/1826 1926/3183/1926 1843/3029/1843
f 1854/3047/1854 1912/3154/1912 1732/2859/1732
f 1758/2902/1758 1912/3154/1912 1781/2934/1781
f 1613/3184/1613 1927/3185/1927 1743/3186/1743
f 1791/2945/1791 1915/3161/1915 1858/3055/1858
f 1857/3054/1857 1873/3088/1873 1782/2935/1782
f 1859/3111/1859 1928/3187/1928 1886/3110/1886
f 1735/2867/1735 1929/3188/1929 1794/2949/1794
f 1919/3189/1919 1930/3190/1930 1890/3191/1890
f 1799/3192/1799 1862/3193/1862 1931/3194/1931
f 1800/2957/1800 1890/3115/1890 1930/3195/1930
f 1879/3098/1879 1932/3196/1932 1933/3197/1933
f 1893/3119/1893 1921/3175/1921 1908/3150/1908
f 1840/3021/1840 1934/3198/1934 1909/3151/1909
f 1840/3124/1840 1897/3123/1897 1934/3199/1934
f 1756/2900/1756 1935/3200/1935 1629/2705/1629
f 1700/2815/1700 1925/3182/1925 1901/3128/1901
f 1778/2930/1778 1936/3201/1936 1826/3001/1826
f 1672/2771/1672 1902/3202/1902 1742/2878/1742
f 1672/3203/1672 1733/3204/1733 1937/3205/1937
f 1843/3029/1843 1937/3205/1937 1733/3204/1733
f 1717/3104/1717 1927/3185/1927 1613/3184/1613
f 1781/2934/1781 1938/3206/1938 1703/2819/1703
f 1844/3030/1844 1869/3084/1869 1939/3207/1939
f 1869/3084/1869 1913/3156/1913 1939/3207/1939
f 1845/3031/1845 1940/3208/1940 1884/3107/1884
f 1615/2823/1615 1872/3087/1872 1856/3051/1856
f 1747/2886/1747 1941/3209/1941 1860/3057/1860
f 1686/2793/1686 1874/3089/1874 1916/3162/1916
f 1942/3210/1942 1886/3110/1886 1928/3187/1928
f 1735/2867/1735 1861/3058/1861 1929/3188/1929
f 1847/3035/1847 1943/3211/1943 1765/2913/1765
f 1889/3114/1889 1904/3133/1904 1944/3212/1944
f 1736/2953/1736 1889/3114/1889 1919/3213/1919
f 1945/3214/1945 1919/3213/1919 1889/3114/1889
f 1847/3215/1847 1677/3060/1677 1946/3216/1946
f 1797/2954/1797 1920/3169/1920 1862/3217/1862
f 1677/3060/1677 1863/3062/1863 1946/3216/1946
f 1930/3190/1930 1876/3218/1876 1800/3219/1800
f 1865/3066/1865 1906/3220/1906 1839/3170/1839
f 1947/3221/1947 1906/3222/1906 1865/3094/1865
f 1864/3144/1864 1866/3143/1866 1948/3223/1948
f 1848/3139/1848 1906/3224/1906 1907/3140/1907
f 1907/3140/1907 1949/3225/1949 1750/3141/1750
f 1802/3097/1802 1876/3218/1876 1878/3095/1878
f 1891/3226/1891 1950/3227/1950 1866/3143/1866
f 1803/3096/1803 1951/3228/1951 1768/3073/1768
f 1879/3098/1879 1933/3197/1933 1804/3117/1804
f 1714/3042/1714 1952/3229/1952 1852/3043/1852
f 1657/3081/1657 1644/3044/1644 1852/3043/1852
f 1657/3081/1657 1898/3125/1898 1589/2899/1589
f 1740/2875/1740 1953/3230/1953 1757/2901/1757
f 1645/2732/1645 1923/3179/1923 1591/2650/1591
f 1591/2650/1591 1954/3231/1954 1807/2971/1807
f 1631/3232/1631 1853/3233/1853 1825/3234/1825
f 1789/2943/1789 1955/3235/1955 1730/3046/1730
f 1699/3180/1699 1956/3236/1956 1789/3237/1789
f 1633/2716/1633 1901/3128/1901 1924/3181/1924
f 1926/3183/1926 1957/3238/1957 1843/3029/1843
f 1717/3104/1717 1882/3103/1882 1927/3185/1927
f 1703/2819/1703 1938/3206/1938 1830/3007/1830
f 1870/3085/1870 1958/3239/1958 1845/3031/1845
f 1883/3160/1883 1959/3240/1959 1718/2840/1718
f 1651/3157/1651 1914/3159/1914 1960/3241/1960
f 1831/3242/1831 1790/3052/1790 1961/3243/1961
f 1759/3244/1759 1885/3245/1885 1962/3246/1962
f 1747/2886/1747 1846/3033/1846 1941/3209/1941
f 1858/3055/1858 1915/3161/1915 1903/3131/1903
f 1903/3131/1903 1963/3247/1963 1964/3248/1964
f 1873/3088/1873 1857/3054/1857 1965/3249/1965
f 1859/3250/1859 1966/3251/1966 1928/3252/1928
f 1928/3187/1928 1966/3253/1966 1942/3210/1942
f 1967/3254/1967 1968/3255/1968 1969/3256/1969
f 1967/3254/1967 1969/3256/1969 1970/3257/1970
f 1764/2912/1764 1971/3258/1971 1837/3015/1837
f 1972/3259/1972 1813/2980/1813 1812/2979/1812
f 1905/3167/1905 1799/3260/1799 1973/3261/1973
f 1931/3194/1931 1973/3262/1973 1799/3192/1799
f 1865/3094/1865 1877/3093/1877 1974/3263/1974
f 1947/3221/1947 1865/3094/1865 1974/3263/1974
f 1766/3264/1766 1750/3141/1750 1949/3225/1949
f 1803/3096/1803 1878/3095/1878 1951/3228/1951
f 1841/3024/1841 1773/2924/1773 1897/3123/1897
f 1740/2875/1740 1910/3152/1910 1953/3230/1953
f 1788/2942/1788 1975/3265/1975 1923/3179/1923
f 1715/2837/1715 1976/3266/1976 1741/2876/1741
f 1977/3267/1977 1670/2973/1670 1808/2972/1808
f 1924/3181/1924 1901/3128/1901 1978/3268/1978
f 1828/3003/1828 1979/3269/1979 1854/3047/1854
f 1854/3047/1854 1979/3269/1979 1912/3154/1912
f 1716/2838/1716 1779/2932/1779 1911/3153/1911
f 1913/3156/1913 1980/3270/1980 1939/3207/1939
f 1870/3085/1870 1830/3007/1830 1958/3239/1958
f 1845/3031/1845 1958/3239/1958 1981/3271/1981
f 1831/3272/1831 1961/3273/1961 1913/3274/1913
f 1960/3241/1960 1621/3275/1621 1651/3157/1651
f 1940/3208/1940 1982/3276/1982 1884/3107/1884
f 1810/2976/1810 1871/3086/1871 1833/3010/1833
f 1621/2693/1621 1983/3277/1983 1639/2723/1639
f 1759/3278/1759 1984/3279/1984 1810/3280/1810
f 1857/3054/1857 1884/3108/1884 1985/3281/1985
f 1903/3131/1903 1915/3161/1915 1963/3247/1963
f 1885/3109/1885 1916/3162/1916 1986/3282/1986
f 1873/3088/1873 1965/3249/1965 1793/2948/1793
f 1942/3210/1942 1967/3254/1967 1886/3110/1886
f 1942/3210/1942 1968/3255/1968 1967/3254/1967
f 1942/3210/1942 1966/3253/1966 1968/3255/1968
f 1967/3254/1967 1970/3257/1970 1987/3283/1987
f 1988/3284/1988 1763/2910/1763 1811/2978/1811
f 1811/2978/1811 1795/2950/1795 1988/3284/1988
f 1837/3015/1837 1989/3285/1989 1887/3112/1887
f 1765/2913/1765 1943/3211/1943 1888/3113/1888
f 1889/3114/1889 1990/3286/1990 1945/3214/1945
f 1905/3167/1905 1991/3287/1991 1920/3168/1920
f 1992/3288/1992 1993/3289/1993 1862/3193/1862
f 1877/3093/1877 1994/3290/1994 1974/3263/1974
f 1930/3190/1930 1995/3291/1995 1876/3218/1876
f 1866/3143/1866 1950/3227/1950 1948/3223/1948
f 1906/3222/1906 1996/3292/1996 1907/3293/1907
f 1950/3227/1950 1891/3226/1891 1908/3294/1908
f 1896/3122/1896 1997/3295/1997 1921/3175/1921
f 1909/3151/1909 1997/3295/1997 1896/3122/1896
f 1998/3296/1998 1898/3125/1898 1657/3081/1657
f 1577/2629/1577 1999/3297/1999 1787/2941/1787
f 1629/2705/1629 1935/3200/1935 1899/3298/1899
f 1670/2768/1670 2000/3299/2000 1777/2929/1777
f 1730/3046/1730 1955/3235/1955 2001/3300/2001
f 1776/2928/1776 1956/3236/1956 1699/3180/1699
f 1701/2816/1701 1827/3002/1827 2002/3301/2002
f 1672/3203/1672 1937/3205/1937 1902/3302/1902
f 1843/3029/1843 1957/3238/1957 1937/3205/1937
f 1744/3158/1744 1743/3303/1743 2003/3304/2003
f 1829/3083/1829 1718/2840/1718 2004/3305/2004
f 1830/3007/1830 2005/3306/2005 1958/3239/1958
f 1845/3031/1845 1981/3271/1981 1940/3208/1940
f 1871/3086/1871 2006/3307/2006 1883/3106/1883
f 1639/2723/1639 1983/3277/1983 1846/3033/1846
f 2007/3308/2007 2008/3309/2008 1985/3310/1985
f 1964/3248/1964 1872/3087/1872 1903/3131/1903
f 1885/3245/1885 1986/3311/1986 1962/3246/1962
f 1985/3310/1985 2008/3309/2008 2009/3312/2009
f 1834/3012/1834 2010/3313/2010 1761/2908/1761
f 1963/3247/1963 1987/3283/1987 1964/3248/1964
f 1963/3247/1963 1915/3161/1915 1967/3254/1967
f 1915/3161/1915 1886/3110/1886 1967/3254/1967
f 2009/3312/2009 2011/3314/2011 1857/3315/1857
f 1985/3310/1985 2009/3312/2009 1857/3315/1857
f 1963/3247/1963 1967/3254/1967 1987/3283/1987
f 1857/3054/1857 2011/3316/2011 1965/3249/1965
f 1965/3317/1965 2011/3314/2011 2012/3318/2012
f 1860/3319/1860 2013/3320/2013 1762/3034/1762
f 1987/3283/1987 1970/3257/1970 2014/3321/2014
f 1794/2949/1794 1929/3188/1929 1836/3014/1836
f 1836/3014/1836 2015/3322/2015 2016/3323/2016
f 1836/3014/1836 2016/3323/2016 1812/3132/1812
f 1764/2912/1764 1888/3113/1888 1971/3258/1971
f 1888/3113/1888 2017/3324/2017 2018/3325/2018
f 1944/3212/1944 1990/3286/1990 1889/3114/1889
f 1919/3189/1919 1945/3326/1945 2019/3327/2019
f 1862/3328/1862 1920/3168/1920 1992/3329/1992
f 1993/3289/1993 1931/3194/1931 1862/3193/1862
f 2020/3330/2020 1993/3331/1993 1992/3332/1992
f 1993/3331/1993 2020/3330/2020 1994/3290/1994
f 1993/3289/1993 1877/3333/1877 1931/3194/1931
f 1993/3331/1993 1994/3290/1994 1877/3093/1877
f 1994/3290/1994 2020/3330/2020 1974/3263/1974
f 1931/3194/1931 1864/3144/1864 1948/3223/1948
f 1864/3144/1864 1931/3194/1931 1877/3333/1877
f 1947/3221/1947 2021/3334/2021 1906/3222/1906
f 1949/3335/1949 1875/3090/1875 1766/3091/1766
f 1906/3222/1906 2021/3334/2021 1996/3292/1996
f 1876/3218/1876 2022/3336/2022 1878/3095/1878
f 1933/3337/1933 2023/3338/2023 1804/3173/1804
f 1900/3127/1900 1590/2649/1590 1728/2854/1728
f 1808/2972/1808 1807/2971/1807 2024/3339/2024
f 1730/3046/1730 2001/3300/2001 1775/3340/1775
f 1777/2929/1777 2025/3341/2025 1778/2930/1778
f 1828/3342/1828 2026/3343/2026 1979/3344/1979
f 1826/3001/1826 1936/3201/1936 1926/3183/1926
f 1912/3154/1912 2027/3345/2027 1781/2934/1781
f 2004/3305/2004 1718/2840/1718 2028/3346/2028
f 1982/3347/1982 2007/3308/2007 1884/3348/1884
f 1962/3349/1962 1984/3279/1984 1759/3278/1759
f 1884/3348/1884 2007/3308/2007 1985/3310/1985
f 1872/3087/1872 1964/3248/1964 2029/3350/2029
f 1846/3033/1846 2030/3351/2030 1941/3209/1941
f 1761/2908/1761 2010/3313/2010 1859/3056/1859
f 2012/3318/2012 2031/3352/2031 1965/3317/1965
f 1987/3283/1987 2014/3321/2014 2032/3353/2032
f 1969/3256/1969 1968/3255/1968 2033/3354/2033
f 1762/3034/1762 2013/3320/2013 1861/3058/1861
f 1929/3188/1929 2015/3322/2015 1836/3014/1836
f 1812/2979/1812 2016/3355/2016 1972/3259/1972
f 1972/3259/1972 1918/3164/1918 1813/2980/1813
f 1888/3113/1888 1943/3211/1943 2017/3324/2017
f 1918/3164/1918 2034/3356/2034 1904/3133/1904
f 2035/3357/2035 1944/3212/1944 1904/3133/1904
f 1946/3216/1946 2036/3358/2036 1847/3215/1847
f 1945/3214/1945 1990/3286/1990 2019/3359/2019
f 1905/3167/1905 2037/3360/2037 1991/3287/1991
f 1905/3167/1905 1973/3261/1973 2037/3360/2037
f 1992/3329/1992 2038/3361/2038 2020/3362/2020
f 1973/3262/1973 1948/3223/1948 2039/3363/2039
f 1931/3194/1931 1948/3223/1948 1973/3262/1973
f 2039/3363/2039 1948/3223/1948 2040/3364/2040
f 1948/3223/1948 1950/3227/1950 2040/3364/2040
f 1908/3294/1908 2041/3365/2041 1950/3227/1950
f 1804/3173/1804 2023/3338/2023 1880/3174/1880
f 1657/3081/1657 1852/3043/1852 1998/3296/1998
f 1669/2766/1669 2042/3366/2042 1679/2780/1679
f 1727/2853/1727 2042/3366/2042 1669/2766/1669
f 1881/3102/1881 2042/3366/2042 1727/2853/1727
f 1590/2649/1590 1900/3127/1900 2043/3367/2043
f 1681/2782/1681 1823/3368/1823 2044/3369/2044
f 1696/2810/1696 1823/3368/1823 1681/2782/1681
f 2025/3341/2025 1936/3201/1936 1778/2930/1778
f 2026/3343/2026 2045/3370/2045 1979/3344/1979
f 2045/3370/2045 1912/3371/1912 1979/3344/1979
f 1855/3105/1855 2046/3372/2046 1882/3103/1882
f 1855/3105/1855 1844/3373/1844 2046/3372/2046
f 1844/3373/1844 1939/3374/1939 2046/3372/2046
f 1830/3007/1830 1938/3206/1938 2005/3306/2005
f 1958/3239/1958 2005/3306/2005 1981/3271/1981
f 2007/3308/2007 1982/3347/1982 2047/3375/2047
f 1810/2976/1810 2048/3376/2048 1871/3086/1871
f 1846/3033/1846 1983/3277/1983 2030/3351/2030
f 2007/3308/2007 2049/3377/2049 2008/3309/2008
f 2008/3309/2008 2049/3377/2049 2009/3312/2009
f 1987/3283/1987 2032/3353/2032 1964/3248/1964
f 1968/3255/1968 1966/3253/1966 2033/3354/2033
f 1763/2910/1763 1917/3163/1917 1835/3013/1835
f 1970/3378/1970 2050/3379/2050 2014/3380/2014
f 1970/3378/1970 1969/3381/1969 2050/3379/2050
f 1887/3382/1887 1989/3383/1989 2051/3384/2051
f 1887/3382/1887 2051/3384/2051 2052/3385/2052
f 1888/3113/1888 2018/3325/2018 1971/3258/1971
f 1904/3133/1904 2034/3356/2034 2035/3357/2035
f 1847/3215/1847 2036/3358/2036 1943/3386/1943
f 1973/3261/1973 2053/3387/2053 2037/3360/2037
f 2019/3327/2019 1930/3190/1930 1919/3189/1919
f 1974/3263/1974 2020/3330/2020 2021/3334/2021
f 1879/3098/1879 1868/3074/1868 1932/3196/1932
f 1768/3073/1768 1951/3228/1951 1868/3074/1868
f 2024/3339/2024 1977/3267/1977 1808/2972/1808
f 2054/3388/2054 2055/3389/2055 1853/3390/1853
f 2000/3299/2000 2025/3341/2025 1777/2929/1777
f 2056/3391/2056 2027/3345/2027 1912/3154/1912
f 2027/3345/2027 1938/3206/1938 1781/2934/1781
f 2003/3304/2003 2057/3392/2057 1744/3158/1744
f 2057/3392/2057 1914/3159/1914 1744/3158/1744
f 1883/3106/1883 2006/3307/2006 1959/3393/1959
f 1960/3241/1960 1983/3394/1983 1621/3275/1621
f 2048/3376/2048 2006/3307/2006 1871/3086/1871
f 1856/3051/1856 1872/3087/1872 2058/3395/2058
f 2030/3396/2030 2059/3397/2059 1941/3398/1941
f 1834/3012/1834 1792/2947/1792 2010/3313/2010
f 1860/3399/1860 1941/3398/1941 2059/3397/2059
f 1917/3163/1917 2060/3400/2060 1874/3089/1874
f 2011/3314/2011 2061/3401/2061 2012/3318/2012
f 1860/3399/1860 2062/3402/2062 2013/3403/2013
f 2014/3321/2014 2063/3404/2063 2032/3353/2032
f 1969/3381/1969 2033/3405/2033 2050/3379/2050
f 2013/3320/2013 2064/3406/2064 1861/3058/1861
f 1861/3058/1861 2064/3406/2064 1929/3188/1929
f 1887/3382/1887 2052/3385/2052 1795/2950/1795
f 1929/3188/1929 2064/3406/2064 2015/3322/2015
f 1837/3015/1837 1971/3258/1971 1989/3285/1989
f 1918/3164/1918 2065/3407/2065 2034/3356/2034
f 1920/3168/1920 1991/3287/1991 1992/3329/1992
f 1950/3227/1950 2041/3365/2041 2040/3364/2040
f 1995/3291/1995 2022/3336/2022 1876/3218/1876
f 1868/3074/1868 1951/3228/1951 2066/3408/2066
f 2023/3338/2023 2067/3409/2067 1880/3174/1880
f 1588/3410/1588 1880/3174/1880 1714/3042/1714
f 1897/3411/1897 1773/3412/1773 2068/3413/2068
f 1590/3176/1590 2043/3414/2043 1922/3177/1922
f 1619/2690/1619 1806/2970/1806 1823/2998/1823
f 1788/2942/1788 1681/2782/1681 2044/3369/2044
f 1715/2837/1715 2069/3415/2069 1976/3266/1976
f 2070/3416/2070 1825/3234/1825 2055/3417/2055
f 2055/3417/2055 1825/3234/1825 1853/3233/1853
f 1729/3418/1729 2054/3388/2054 1853/3390/1853
f 1729/2855/1729 1775/2927/1775 2071/3419/2071
f 1731/2857/1731 1701/2816/1701 2002/3301/2002
f 1828/3342/1828 1902/3420/1902 2026/3343/2026
f 2003/3421/2003 1743/3186/1743 1927/3185/1927
f 2046/3372/2046 1939/3374/1939 2072/3422/2072
f 2028/3346/2028 1718/2840/1718 1959/3240/1959
f 2073/3423/2073 1961/3243/1961 1790/3052/1790
f 2073/3423/2073 1790/3052/1790 1856/3051/1856
f 2074/3424/2074 2048/3425/2048 1810/3280/1810
f 2049/3377/2049 2007/3308/2007 2047/3375/2047
f 2074/3424/2074 1810/3280/1810 1984/3279/1984
f 1793/2948/1793 2075/3426/2075 1792/2947/1792
f 1966/3251/1966 1859/3250/1859 2010/3427/2010
f 2009/3312/2009 2061/3401/2061 2011/3314/2011
f 1988/3284/1988 2060/3400/2060 1763/2910/1763
f 2076/3428/2076 2051/3384/2051 1989/3383/1989
f 1972/3259/1972 2065/3407/2065 1918/3164/1918
f 2077/3429/2077 1990/3286/1990 1944/3212/1944
f 2077/3429/2077 2019/3359/2019 1990/3286/1990
f 2078/3430/2078 1991/3287/1991 2037/3360/2037
f 1992/3329/1992 1991/3287/1991 2078/3430/2078
f 2079/3431/2079 2039/3363/2039 2040/3364/2040
f 2021/3334/2021 1947/3221/1947 1974/3263/1974
f 2080/3432/2080 1907/3293/1907 1996/3292/1996
f 2081/3433/2081 2023/3338/2023 1933/3337/1933
f 1921/3175/1921 2082/3434/2082 1908/3150/1908
f 1934/3198/1934 1897/3411/1897 2068/3413/2068
f 2068/3435/2068 1773/3436/1773 2083/3437/2083
f 1618/3026/1618 1922/3438/1922 1842/3027/1842
f 1977/3267/1977 2000/3439/2000 1670/2973/1670
f 2084/3440/2084 1940/3208/1940 1981/3271/1981
f 2058/3395/2058 1872/3087/1872 2029/3350/2029
f 2059/3397/2059 2062/3402/2062 1860/3399/1860
f 2060/3400/2060 1917/3163/1917 1763/2910/1763
f 1795/2950/1795 2052/3385/2052 1988/3284/1988
f 2064/3406/2064 2085/3441/2085 2015/3322/2015
f 2015/3442/2015 2086/3443/2086 2016/3355/2016
f 2038/3361/2038 1992/3329/1992 2078/3430/2078
f 1973/3262/1973 2039/3363/2039 2053/3444/2053
f 2087/3445/2087 2039/3363/2039 2079/3431/2079
f 2038/3446/2038 2021/3334/2021 2020/3330/2020
f 2040/3364/2040 2088/3447/2088 2079/3431/2079
f 2040/3364/2040 2041/3365/2041 2088/3447/2088
f 1875/3090/1875 2089/3448/2089 1863/3062/1863
f 2041/3365/2041 1908/3294/1908 2090/3449/2090
f 1907/3293/1907 2080/3432/2080 1949/3450/1949
f 1909/3151/1909 1934/3198/1934 1997/3295/1997
f 1773/3436/1773 1786/3451/1786 2083/3437/2083
f 2091/3452/2091 1756/2900/1756 1898/3125/1898
f 1806/2970/1806 2092/3453/2092 1823/2998/1823
f 1774/2926/1774 2093/3454/2093 1806/2970/1806
f 1788/2942/1788 2094/3455/2094 1975/3265/1975
f 1825/3000/1825 2069/3415/2069 1715/2837/1715
f 1925/3182/1925 1731/2857/1731 2095/3456/2095
f 1882/3103/1882 2096/3457/2096 1927/3185/1927
f 1882/3103/1882 2097/3458/2097 2096/3457/2096
f 1882/3103/1882 2046/3372/2046 2097/3458/2097
f 1981/3271/1981 2005/3306/2005 2084/3440/2084
f 1913/3156/1913 2098/3459/2098 1980/3270/1980
f 1913/3460/1913 1961/3243/1961 2098/3461/2098
f 2084/3440/2084 1982/3276/1982 1940/3208/1940
f 2073/3423/2073 1856/3051/1856 2058/3395/2058
f 1965/3249/1965 2031/3462/2031 1793/2948/1793
f 1916/3162/1916 1874/3089/1874 2060/3400/2060
f 1966/3251/1966 2099/3463/2099 2100/3464/2100
f 2014/3380/2014 2101/3465/2101 2063/3466/2063
f 2050/3379/2050 2102/3467/2102 2014/3380/2014
f 2014/3380/2014 2102/3467/2102 2101/3465/2101
f 2064/3406/2064 2013/3320/2013 2103/3468/2103
f 2015/3442/2015 2085/3469/2085 2086/3443/2086
f 2016/3355/2016 2104/3470/2104 1972/3259/1972
f 1972/3259/1972 2104/3470/2104 2065/3407/2065
f 1944/3212/1944 2035/3357/2035 2105/3471/2105
f 2039/3363/2039 2087/3445/2087 2053/3444/2053
f 1863/3062/1863 2106/3472/2106 2107/3473/2107
f 1949/3450/1949 2108/3474/2108 1875/3475/1875
f 1878/3095/1878 2022/3336/2022 1951/3228/1951
f 1908/3294/1908 2109/3476/2109 2090/3449/2090
f 1908/3150/1908 2082/3434/2082 2109/3477/2109
f 1921/3175/1921 1997/3295/1997 2082/3434/2082
f 1997/3295/1997 1934/3198/1934 2110/3478/2110
f 1714/3042/1714 1880/3174/1880 1952/3229/1952
f 2111/3479/2111 1998/3296/1998 1852/3043/1852
f 1953/3230/1953 1910/3152/1910 2112/3480/2112
f 1824/2999/1824 1741/2876/1741 2113/3481/2113
f 1591/2650/1591 1923/3179/1923 1954/3231/1954
f 1775/3340/1775 2001/3300/2001 2114/3482/2114
f 1925/3182/1925 2115/3483/2115 1901/3128/1901
f 2072/3484/2072 1939/3485/1939 1980/3486/1980
f 2084/3440/2084 2047/3487/2047 1982/3276/1982
f 2006/3488/2006 2048/3425/2048 2116/3489/2116
f 1964/3248/1964 2117/3490/2117 2029/3350/2029
f 1964/3248/1964 2032/3353/2032 2117/3490/2117
f 1792/3491/1792 2075/3492/2075 2010/3427/2010
f 2032/3353/2032 2118/3493/2118 2117/3490/2117
f 2059/3397/2059 2119/3494/2119 2062/3402/2062
f 2010/3427/2010 2099/3463/2099 1966/3251/1966
f 2062/3402/2062 2119/3494/2119 2013/3403/2013
f 2119/3495/2119 2120/3496/2120 2013/3320/2013
f 1966/3251/1966 2100/3464/2100 2121/3497/2121
f 2033/3354/2033 1966/3253/1966 2121/3498/2121
f 2033/3499/2033 2122/3500/2122 2050/3501/2050
f 2123/3502/2123 2124/3503/2124 2125/3504/2125
f 2125/3504/2125 2126/3505/2126 2127/3506/2127
f 2051/3384/2051 2128/3507/2128 2052/3385/2052
f 2076/3428/2076 2128/3507/2128 2051/3384/2051
f 2076/3508/2076 1989/3509/1989 1971/3510/1971
f 1944/3212/1944 2105/3471/2105 2077/3429/2077
f 1943/3386/1943 2036/3358/2036 2129/3511/2129
f 2053/3387/2053 2078/3430/2078 2037/3360/2037
f 2041/3365/2041 2090/3449/2090 2088/3447/2088
f 1863/3062/1863 2089/3448/2089 2106/3472/2106
f 1880/3174/1880 2067/3409/2067 2130/3512/2130
f 1999/3297/1999 2131/3513/2131 1787/2941/1787
f 1910/3152/1910 1899/3126/1899 2132/3514/2132
f 1774/2926/1774 1824/2999/1824 2093/3454/2093
f 1825/3000/1825 2070/3515/2070 2069/3415/2069
f 1729/3418/1729 2071/3516/2071 2054/3388/2054
f 1955/3235/1955 1789/2943/1789 2133/3517/2133
f 1731/2857/1731 2002/3301/2002 2095/3456/2095
f 2045/3518/2045 2026/3519/2026 2134/3520/2134
f 2045/3370/2045 2134/3521/2134 1912/3371/1912
f 1829/3083/1829 2135/3522/2135 1779/3523/1779
f 2046/3372/2046 2072/3422/2072 2097/3458/2097
f 1961/3243/1961 2073/3423/2073 2098/3461/2098
f 2030/3396/2030 2136/3524/2136 2059/3397/2059
f 1793/2948/1793 2031/3462/2031 2075/3426/2075
f 2009/3312/2009 2137/3525/2137 2061/3401/2061
f 2063/3404/2063 2118/3493/2118 2032/3353/2032
f 2050/3501/2050 2122/3500/2122 2102/3526/2102
f 2033/3499/2033 2121/3527/2121 2122/3500/2122
f 2125/3504/2125 2124/3503/2124 2126/3505/2126
f 2127/3506/2127 2126/3505/2126 2138/3528/2138
f 2064/3406/2064 2103/3468/2103 2085/3441/2085
f 2076/3508/2076 1971/3510/1971 2139/3529/2139
f 1971/3510/1971 2018/3530/2018 2139/3529/2139
f 2079/3431/2079 2088/3447/2088 2140/3531/2140
f 1863/3062/1863 2107/3473/2107 1946/3216/1946
f 1930/3190/1930 2141/3532/2141 1995/3291/1995
f 2141/3532/2141 2142/3533/2142 1995/3291/1995
f 2022/3336/2022 1995/3291/1995 2143/3534/2143
f 1875/3475/1875 2108/3474/2108 2089/3535/2089
f 2144/3536/2144 1932/3196/1932 1868/3074/1868
f 2066/3408/2066 2145/3537/2145 1868/3074/1868
f 1949/3450/1949 2080/3432/2080 2108/3474/2108
f 1932/3196/1932 2146/3538/2146 1933/3197/1933
f 2146/3538/2146 2081/3539/2081 1933/3197/1933
f 2023/3338/2023 2081/3433/2081 2147/3540/2147
f 2023/3338/2023 2147/3540/2147 2067/3409/2067
f 1952/3229/1952 2111/3479/2111 1852/3043/1852
f 1787/2941/1787 2131/3513/2131 1786/2969/1786
f 1577/2629/1577 1679/2780/1679 1999/3297/1999
f 1756/2900/1756 2091/3452/2091 1935/3200/1935
f 1757/2901/1757 1953/3230/1953 1900/3127/1900
f 1788/2942/1788 2044/3369/2044 2094/3455/2094
f 1923/3541/1923 2148/3542/2148 1954/3543/1954
f 1954/3543/1954 2149/3544/2149 1807/3545/1807
f 1912/3371/1912 2150/3546/2150 2151/3547/2151
f 1937/3205/1937 2152/3548/2152 1902/3302/1902
f 2151/3547/2151 2056/3549/2056 1912/3371/1912
f 1957/3238/1957 2153/3550/2153 1937/3205/1937
f 2154/3551/2154 2047/3487/2047 2084/3440/2084
f 2029/3350/2029 2155/3552/2155 2058/3395/2058
f 1983/3394/1983 2136/3553/2136 2030/3554/2030
f 1916/3162/1916 2060/3400/2060 2156/3555/2156
f 2059/3397/2059 2157/3556/2157 2119/3494/2119
f 2119/3495/2119 2158/3557/2158 2120/3496/2120
f 2061/3401/2061 2159/3558/2159 2012/3318/2012
f 2120/3496/2120 2103/3468/2103 2013/3320/2013
f 2127/3506/2127 2160/3559/2160 2125/3504/2125
f 2052/3385/2052 2128/3507/2128 1988/3284/1988
f 2161/3560/2161 2086/3443/2086 2085/3469/2085
f 2139/3529/2139 2162/3561/2162 2076/3508/2076
f 2018/3530/2018 2163/3562/2163 2139/3529/2139
f 2022/3336/2022 2143/3534/2143 1951/3228/1951
f 2080/3432/2080 1996/3292/1996 2164/3563/2164
f 1898/3125/1898 2165/3564/2165 2091/3452/2091
f 1900/3127/1900 1953/3230/1953 2166/3565/2166
f 1741/2876/1741 1976/3266/1976 2113/3481/2113
f 1807/2971/1807 2149/3566/2149 2024/3339/2024
f 2071/3516/2071 2114/3567/2114 2167/3568/2167
f 2071/3569/2071 1775/3340/1775 2114/3482/2114
f 2026/3570/2026 2168/3571/2168 2134/3572/2134
f 2057/3392/2057 2003/3304/2003 1914/3159/1914
f 2005/3306/2005 2169/3573/2169 2084/3440/2084
f 1916/3162/1916 2156/3555/2156 1986/3282/1986
f 2049/3377/2049 2137/3525/2137 2009/3312/2009
f 2012/3318/2012 2170/3574/2170 2031/3352/2031
f 2119/3494/2119 2157/3556/2157 2158/3575/2158
f 2099/3463/2099 2171/3576/2171 2100/3464/2100
f 2172/3577/2172 2159/3558/2159 2061/3401/2061
f 2122/3500/2122 2173/3578/2173 2102/3526/2102
f 2127/3506/2127 2174/3579/2174 2175/3580/2175
f 2160/3559/2160 2127/3506/2127 2175/3580/2175
f 2123/3502/2123 2176/3581/2176 2124/3503/2124
f 2177/3582/2177 2178/3583/2178 2179/3584/2179
f 2127/3506/2127 2138/3528/2138 2174/3579/2174
f 2035/3357/2035 2034/3356/2034 2105/3471/2105
f 2105/3471/2105 2180/3585/2180 2077/3429/2077
f 1943/3386/1943 2129/3511/2129 2017/3586/2017
f 2053/3587/2053 2181/3588/2181 2078/3589/2078
f 2078/3430/2078 2140/3590/2140 2038/3361/2038
f 2053/3444/2053 2087/3445/2087 2181/3591/2181
f 1946/3216/1946 2182/3592/2182 2036/3358/2036
f 2107/3473/2107 2182/3592/2182 1946/3216/1946
f 2019/3327/2019 2141/3532/2141 1930/3190/1930
f 2088/3447/2088 2090/3449/2090 2183/3593/2183
f 2038/3446/2038 2184/3594/2184 2021/3334/2021
f 2143/3534/2143 2185/3595/2185 1951/3228/1951
f 1868/3074/1868 2145/3537/2145 2144/3536/2144
f 2001/3596/2001 2186/3597/2186 2114/3567/2114
f 1978/3268/1978 2187/3598/2187 1924/3181/1924
f 1902/3302/1902 2152/3548/2152 2026/3599/2026
f 2134/3521/2134 2150/3546/2150 1912/3371/1912
f 2153/3550/2153 2188/3600/2188 1937/3205/1937
f 1779/2932/1779 2135/3601/2135 1911/3153/1911
f 1927/3602/1927 2189/3603/2189 2003/3304/2003
f 2003/3304/2003 2190/3604/2190 1914/3159/1914
f 2084/3440/2084 2169/3573/2169 2154/3551/2154
f 2028/3346/2028 1959/3240/1959 2191/3605/2191
f 2006/3488/2006 2116/3489/2116 1959/3606/1959
f 1959/3606/1959 2116/3489/2116 2191/3607/2191
f 2047/3375/2047 2192/3608/2192 2049/3377/2049
f 1962/3349/1962 2193/3609/2193 1984/3279/1984
f 2075/3492/2075 2194/3610/2194 2010/3427/2010
f 2136/3524/2136 2157/3556/2157 2059/3397/2059
f 2010/3427/2010 2194/3610/2194 2099/3463/2099
f 2012/3318/2012 2159/3558/2159 2170/3574/2170
f 2063/3404/2063 2101/3611/2101 2195/3612/2195
f 2196/3613/2196 2160/3614/2160 2197/3615/2197
f 2198/3616/2198 2177/3582/2177 2199/3617/2199
f 2125/3504/2125 2160/3559/2160 2123/3502/2123
f 2196/3613/2196 2123/3618/2123 2160/3614/2160
f 2196/3613/2196 2200/3619/2200 2123/3618/2123
f 2121/3527/2121 2173/3578/2173 2122/3500/2122
f 2200/3620/2200 2176/3581/2176 2123/3502/2123
f 2199/3617/2199 2177/3582/2177 2161/3560/2161
f 2120/3496/2120 2085/3441/2085 2103/3468/2103
f 2085/3441/2085 2120/3496/2120 2161/3621/2161
f 2179/3584/2179 2161/3560/2161 2177/3582/2177
f 2128/3622/2128 2162/3623/2162 2201/3624/2201
f 2076/3428/2076 2162/3625/2162 2128/3507/2128
f 2034/3356/2034 2202/3626/2202 2105/3471/2105
f 2077/3429/2077 2180/3585/2180 2203/3627/2203
f 2078/3589/2078 2204/3628/2204 2140/3629/2140
f 2077/3429/2077 2205/3630/2205 2019/3359/2019
f 2079/3431/2079 2140/3531/2140 2087/3445/2087
f 2088/3447/2088 2038/3631/2038 2140/3531/2140
f 2082/3434/2082 1997/3295/1997 2206/3632/2206
f 1923/3179/1923 1975/3265/1975 2148/3633/2148
f 1925/3182/1925 2095/3456/2095 2115/3483/2115
f 2096/3634/2096 2189/3635/2189 1927/3636/1927
f 1960/3241/1960 2207/3637/2207 1983/3394/1983
f 2073/3423/2073 2058/3395/2058 2098/3461/2098
f 2074/3424/2074 2208/3638/2208 2048/3425/2048
f 1984/3279/1984 2193/3609/2193 2209/3639/2209
f 1983/3394/1983 2210/3640/2210 2136/3553/2136
f 2137/3525/2137 2172/3577/2172 2061/3401/2061
f 2172/3577/2172 2211/3641/2211 2159/3558/2159
f 1988/3284/1988 2212/3642/2212 2060/3400/2060
f 2195/3612/2195 2101/3611/2101 2198/3643/2198
f 2101/3644/2101 2213/3645/2213 2198/3616/2198
f 2199/3646/2199 2214/3647/2214 2198/3643/2198
f 2158/3557/2158 2215/3648/2215 2120/3496/2120
f 2215/3648/2215 2199/3649/2199 2120/3496/2120
f 2177/3582/2177 2213/3645/2213 2178/3583/2178
f 2120/3496/2120 2199/3649/2199 2161/3621/2161
f 2086/3443/2086 2161/3560/2161 2216/3650/2216
f 2086/3443/2086 2216/3650/2216 2016/3355/2016
f 2034/3356/2034 2065/3407/2065 2202/3626/2202
f 2105/3471/2105 2217/3651/2217 2180/3585/2180
f 2077/3429/2077 2203/3627/2203 2205/3630/2205
f 2087/3652/2087 2218/3653/2218 2181/3654/2181
f 2205/3655/2205 2141/3532/2141 2019/3327/2019
f 2021/3334/2021 2184/3594/2184 1996/3292/1996
f 1995/3291/1995 2142/3533/2142 2143/3534/2143
f 2109/3476/2109 2082/3656/2082 2219/3657/2219
f 2082/3658/2082 2206/3659/2206 2219/3660/2219
f 1934/3198/1934 2220/3661/2220 2110/3478/2110
f 1952/3229/1952 2221/3662/2221 2111/3479/2111
f 1998/3296/1998 2165/3564/2165 1898/3125/1898
f 2222/3663/2222 2042/3366/2042 1881/3102/1881
f 1935/3664/1935 2132/3514/2132 1899/3126/1899
f 1910/3152/1910 2132/3514/2132 2112/3480/2112
f 2001/3300/2001 1955/3235/1955 2186/3665/2186
f 2002/3301/2002 1827/3002/1827 2223/3666/2223
f 1937/3205/1937 2188/3600/2188 2152/3548/2152
f 2154/3667/2154 2224/3668/2224 2047/3375/2047
f 2048/3425/2048 2208/3638/2208 2225/3669/2225
f 1984/3279/1984 2209/3639/2209 2074/3424/2074
f 1962/3246/1962 1986/3311/1986 2226/3670/2226
f 2118/3493/2118 2227/3671/2227 2117/3490/2117
f 2158/3575/2158 2157/3556/2157 2215/3672/2215
f 2063/3404/2063 2195/3612/2195 2118/3493/2118
f 2102/3673/2102 2213/3674/2213 2101/3675/2101
f 2214/3647/2214 2195/3612/2195 2198/3643/2198
f 2198/3616/2198 2213/3645/2213 2177/3582/2177
f 2196/3613/2196 2228/3676/2228 2200/3619/2200
f 2100/3464/2100 2160/3614/2160 2121/3497/2121
f 2121/3527/2121 2160/3677/2160 2175/3678/2175
f 2213/3645/2213 2229/3679/2229 2178/3583/2178
f 2179/3584/2179 2216/3650/2216 2161/3560/2161
f 2180/3585/2180 2230/3680/2230 2203/3627/2203
f 2078/3589/2078 2181/3588/2181 2204/3628/2204
f 2140/3629/2140 2231/3681/2231 2087/3682/2087
f 2089/3535/2089 2232/3683/2232 2106/3684/2106
f 2108/3474/2108 2233/3685/2233 2089/3535/2089
f 1880/3174/1880 2234/3686/2234 1952/3229/1952
f 2068/3413/2068 2220/3661/2220 1934/3198/1934
f 2111/3479/2111 2235/3687/2235 1998/3296/1998
f 2044/3688/2044 2236/3689/2236 2094/3690/2094
f 1976/3266/1976 2237/3691/2237 2113/3481/2113
f 1901/3128/1901 2115/3483/2115 1978/3268/1978
f 2002/3301/2002 2223/3666/2223 2238/3692/2238
f 1926/3183/1926 1936/3201/1936 2239/3693/2239
f 2026/3570/2026 2240/3694/2240 2168/3571/2168
f 2168/3571/2168 2150/3695/2150 2134/3572/2134
f 1926/3183/1926 2239/3693/2239 1957/3238/1957
f 2072/3484/2072 1980/3486/1980 2241/3696/2241
f 1938/3206/1938 2169/3573/2169 2005/3306/2005
f 2098/3697/2098 2242/3698/2242 1980/3486/1980
f 2047/3375/2047 2224/3668/2224 2192/3608/2192
f 1962/3349/1962 2243/3699/2243 2193/3609/2193
f 2029/3350/2029 2117/3490/2117 2155/3552/2155
f 2117/3490/2117 2227/3671/2227 2155/3552/2155
f 2075/3492/2075 2244/3700/2244 2194/3610/2194
f 2156/3555/2156 2060/3400/2060 2245/3701/2245
f 2212/3642/2212 2245/3701/2245 2060/3400/2060
f 2102/3702/2102 2246/3703/2246 2213/3704/2213
f 2100/3464/2100 2197/3615/2197 2160/3614/2160
f 2196/3613/2196 2197/3615/2197 2228/3676/2228
f 2228/3676/2228 2197/3615/2197 2247/3705/2247
f 1988/3284/1988 2128/3507/2128 2212/3642/2212
f 2102/3526/2102 2173/3578/2173 2246/3706/2246
f 2178/3583/2178 2229/3679/2229 2179/3584/2179
f 2126/3505/2126 2124/3503/2124 2248/3707/2248
f 2204/3628/2204 2249/3708/2249 2140/3629/2140
f 2038/3631/2038 2088/3447/2088 2183/3593/2183
f 2038/3631/2038 2250/3709/2250 2184/3710/2184
f 2143/3534/2143 2251/3711/2251 2185/3595/2185
f 1996/3292/1996 2184/3594/2184 2164/3563/2164
f 2206/3659/2206 2252/3712/2252 2219/3660/2219
f 2253/3713/2253 2220/3714/2220 2068/3715/2068
f 2131/3716/2131 2083/3437/2083 1786/3451/1786
f 1881/3102/1881 1842/3027/1842 2222/3663/2222
f 1900/3717/1900 2166/3718/2166 2043/3414/2043
f 2112/3480/2112 2254/3719/2254 1953/3230/1953
f 2094/3720/2094 2255/3721/2255 1975/3722/1975
f 2024/3723/2024 2256/3724/2256 1977/3725/1977
f 2114/3567/2114 2186/3597/2186 2167/3568/2167
f 2026/3726/2026 2152/3727/2152 2240/3728/2240
f 2072/3484/2072 2241/3696/2241 2097/3729/2097
f 2242/3698/2242 2098/3697/2098 2257/3730/2257
f 2058/3395/2058 2155/3552/2155 2258/3731/2258
f 1986/3311/1986 2156/3732/2156 2259/3733/2259
f 2031/3734/2031 2244/3700/2244 2075/3492/2075
f 2260/3735/2260 2099/3463/2099 2194/3610/2194
f 2195/3612/2195 2214/3647/2214 2118/3493/2118
f 2100/3464/2100 2171/3576/2171 2197/3615/2197
f 2211/3736/2211 2172/3737/2172 2261/3738/2261
f 2173/3578/2173 2262/3739/2262 2246/3706/2246
f 2173/3578/2173 2121/3527/2121 2175/3678/2175
f 2162/3561/2162 2139/3529/2139 2263/3740/2263
f 2017/3586/2017 2129/3511/2129 2264/3741/2264
f 2140/3629/2140 2249/3708/2249 2231/3681/2231
f 2109/3476/2109 2265/3742/2265 2090/3449/2090
f 2143/3534/2143 2142/3533/2142 2266/3743/2266
f 2067/3409/2067 2267/3744/2267 2130/3512/2130
f 2068/3435/2068 2083/3437/2083 2253/3745/2253
f 2235/3687/2235 2165/3564/2165 1998/3296/1998
f 2042/3366/2042 1999/3297/1999 1679/2780/1679
f 2042/3366/2042 2268/3746/2268 1999/3297/1999
f 1914/3159/1914 2269/3747/2269 1960/3241/1960
f 2191/3605/2191 2270/3748/2270 2028/3346/2028
f 2207/3637/2207 2210/3640/2210 1983/3394/1983
f 2116/3489/2116 2048/3425/2048 2225/3669/2225
f 2210/3640/2210 2271/3749/2271 2136/3553/2136
f 2259/3733/2259 2226/3670/2226 1986/3311/1986
f 2136/3553/2136 2271/3749/2271 2157/3750/2157
f 2157/3556/2157 2272/3751/2272 2215/3672/2215
f 2159/3558/2159 2211/3641/2211 2170/3574/2170
f 2212/3752/2212 2128/3622/2128 2201/3624/2201
f 2173/3578/2173 2175/3678/2175 2262/3739/2262
f 2211/3641/2211 2261/3753/2261 2273/3754/2273
f 2174/3755/2174 2274/3756/2274 2175/3678/2175
f 2200/3619/2200 2275/3757/2275 2176/3758/2176
f 2275/3759/2275 2276/3760/2276 2176/3761/2176
f 2124/3503/2124 2176/3581/2176 2248/3707/2248
f 2126/3505/2126 2277/3762/2277 2138/3528/2138
f 2229/3679/2229 2216/3650/2216 2179/3584/2179
f 2126/3505/2126 2248/3707/2248 2277/3762/2277
f 2105/3471/2105 2202/3626/2202 2217/3651/2217
f 2217/3651/2217 2278/3763/2278 2180/3585/2180
f 2278/3764/2278 2230/3765/2230 2180/3766/2180
f 2087/3682/2087 2231/3681/2231 2218/3767/2218
f 2038/3631/2038 2183/3593/2183 2250/3709/2250
f 2141/3532/2141 2279/3768/2279 2142/3533/2142
f 2109/3476/2109 2219/3657/2219 2265/3742/2265
f 2206/3659/2206 1997/3769/1997 2280/3770/2280
f 1997/3769/1997 2110/3771/2110 2280/3770/2280
f 1823/2998/1823 2092/3453/2092 2044/3688/2044
f 1956/3236/1956 2133/3772/2133 1789/3237/1789
f 1776/2928/1776 1924/3181/1924 2187/3598/2187
f 2152/3548/2152 2281/3773/2281 2240/3774/2240
f 2168/3571/2168 2282/3775/2282 2150/3695/2150
f 2097/3729/2097 2241/3696/2241 2096/3634/2096
f 1829/3083/1829 2004/3305/2004 2135/3522/2135
f 2190/3604/2190 2269/3747/2269 1914/3159/1914
f 2226/3776/2226 2243/3699/2243 1962/3349/1962
f 2271/3749/2271 2272/3777/2272 2157/3750/2157
f 2118/3493/2118 2214/3647/2214 2227/3671/2227
f 2031/3352/2031 2273/3754/2273 2244/3778/2244
f 2031/3352/2031 2170/3574/2170 2273/3754/2273
f 2260/3735/2260 2171/3576/2171 2099/3463/2099
f 2215/3672/2215 2283/3779/2283 2199/3780/2199
f 2211/3641/2211 2273/3754/2273 2170/3574/2170
f 2261/3738/2261 2284/3781/2284 2273/3782/2273
f 2216/3650/2216 2104/3470/2104 2016/3355/2016
f 2285/3783/2285 2202/3626/2202 2065/3407/2065
f 2217/3784/2217 2202/3785/2202 2278/3764/2278
f 2018/3786/2018 2017/3586/2017 2286/3787/2286
f 2204/3628/2204 2181/3588/2181 2287/3788/2287
f 2203/3789/2203 2279/3768/2279 2205/3655/2205
f 2205/3655/2205 2279/3768/2279 2141/3532/2141
f 2142/3533/2142 2279/3768/2279 2266/3743/2266
f 2266/3743/2266 2251/3711/2251 2143/3534/2143
f 2080/3432/2080 2288/3790/2288 2108/3474/2108
f 2252/3791/2252 2289/3792/2289 2219/3793/2219
f 1922/3438/1922 2222/3663/2222 1842/3027/1842
f 1935/3664/1935 2290/3794/2290 2132/3514/2132
f 1953/3230/1953 2291/3795/2291 2166/3565/2166
f 1806/2970/1806 2292/3796/2292 2092/3453/2092
f 2186/3597/2186 2293/3797/2293 2167/3568/2167
f 1776/2928/1776 2187/3598/2187 1956/3236/1956
f 2025/3341/2025 2294/3798/2294 1936/3201/1936
f 2240/3694/2240 2295/3799/2295 2168/3571/2168
f 2295/3799/2295 2282/3775/2282 2168/3571/2168
f 2239/3693/2239 2153/3550/2153 1957/3238/1957
f 1911/3153/1911 2135/3601/2135 2296/3800/2296
f 2096/3634/2096 2297/3801/2297 2189/3635/2189
f 2154/3667/2154 2169/3802/2169 2224/3668/2224
f 1960/3241/1960 2269/3747/2269 2207/3637/2207
f 2098/3461/2098 2058/3395/2058 2257/3803/2257
f 2210/3640/2210 2298/3804/2298 2271/3749/2271
f 2226/3776/2226 2299/3805/2299 2243/3699/2243
f 2227/3671/2227 2300/3806/2300 2155/3552/2155
f 2194/3610/2194 2244/3700/2244 2260/3735/2260
f 2244/3700/2244 2301/3807/2301 2260/3735/2260
f 2272/3751/2272 2283/3779/2283 2215/3672/2215
f 2199/3780/2199 2283/3779/2283 2214/3808/2214
f 2228/3676/2228 2247/3705/2247 2200/3619/2200
f 2201/3624/2201 2162/3623/2162 2302/3809/2302
f 2138/3528/2138 2277/3762/2277 2174/3579/2174
f 2176/3761/2176 2276/3760/2276 2303/3810/2303
f 2139/3529/2139 2304/3811/2304 2263/3740/2263
f 2163/3812/2163 2018/3786/2018 2286/3787/2286
f 2181/3588/2181 2305/3813/2305 2287/3788/2287
f 2181/3654/2181 2306/3814/2306 2305/3815/2305
f 2230/3765/2230 2307/3816/2307 2203/3817/2203
f 2036/3358/2036 2182/3592/2182 2129/3511/2129
f 2164/3563/2164 2184/3594/2184 2308/3818/2308
f 2219/3657/2219 2289/3819/2289 2265/3742/2265
f 2252/3712/2252 2206/3659/2206 2280/3770/2280
f 2130/3512/2130 2234/3686/2234 1880/3174/1880
f 1935/3200/1935 2091/3452/2091 2309/3820/2309
f 1975/3722/1975 2255/3721/2255 2148/3542/2148
f 2069/3415/2069 2070/3515/2070 2310/3821/2310
f 1977/3267/1977 2311/3822/2311 2000/3439/2000
f 2312/3823/2312 2054/3388/2054 2071/3516/2071
f 2071/3516/2071 2167/3568/2167 2312/3823/2312
f 2002/3301/2002 2313/3824/2313 2095/3456/2095
f 2002/3301/2002 2238/3692/2238 2313/3824/2313
f 1936/3201/1936 2294/3798/2294 2239/3693/2239
f 1911/3153/1911 2314/3825/2314 2223/3666/2223
f 1827/3002/1827 1911/3153/1911 2223/3666/2223
f 2241/3696/2241 2297/3801/2297 2096/3634/2096
f 1980/3486/1980 2315/3826/2315 2241/3696/2241
f 2003/3304/2003 2316/3827/2316 2190/3604/2190
f 2207/3637/2207 2317/3828/2317 2210/3640/2210
f 2155/3829/2155 2318/3830/2318 2258/3831/2258
f 2049/3377/2049 2319/3832/2319 2137/3525/2137
f 2283/3779/2283 2320/3833/2320 2214/3808/2214
f 2260/3735/2260 2321/3834/2321 2171/3576/2171
f 2260/3735/2260 2301/3807/2301 2321/3834/2321
f 2171/3576/2171 2247/3705/2247 2197/3615/2197
f 2213/3835/2213 2246/3706/2246 2322/3836/2322
f 2246/3706/2246 2262/3739/2262 2323/3837/2323
f 2200/3619/2200 2247/3705/2247 2275/3757/2275
f 2175/3678/2175 2274/3756/2274 2262/3739/2262
f 2174/3755/2174 2277/3838/2277 2274/3756/2274
f 2275/3759/2275 2324/3839/2324 2276/3760/2276
f 2065/3407/2065 2104/3470/2104 2285/3783/2285
f 2278/3764/2278 2325/3840/2325 2230/3765/2230
f 2204/3628/2204 2287/3788/2287 2249/3708/2249
f 2218/3653/2218 2306/3814/2306 2181/3654/2181
f 2250/3841/2250 2183/3842/2183 2326/3843/2326
f 2107/3473/2107 2106/3472/2106 2327/3844/2327
f 2289/3845/2289 2252/3846/2252 2328/3847/2328
f 2067/3409/2067 2147/3540/2147 2267/3744/2267
f 2280/3770/2280 2110/3771/2110 2329/3848/2329
f 2221/3662/2221 2330/3849/2330 2111/3479/2111
f 2069/3415/2069 2310/3821/2310 1976/3266/1976
f 2055/3417/2055 2331/3850/2331 2070/3416/2070
f 1977/3725/1977 2256/3724/2256 2332/3851/2332
f 2054/3852/2054 2331/3850/2331 2055/3417/2055
f 2331/3850/2331 2054/3852/2054 2333/3853/2333
f 2054/3388/2054 2334/3854/2334 2333/3855/2333
f 2027/3345/2027 2335/3856/2335 1938/3206/1938
f 2269/3747/2269 2336/3857/2336 2207/3637/2207
f 2210/3640/2210 2337/3858/2337 2298/3804/2298
f 2209/3639/2209 2208/3638/2208 2074/3424/2074
f 2243/3699/2243 2209/3639/2209 2193/3609/2193
f 2298/3804/2298 2338/3859/2338 2271/3749/2271
f 2271/3749/2271 2338/3859/2338 2272/3777/2272
f 2244/3700/2244 2339/3860/2339 2301/3807/2301
f 2137/3861/2137 2340/3862/2340 2172/3737/2172
f 2246/3706/2246 2323/3837/2323 2322/3836/2322
f 2275/3759/2275 2341/3863/2341 2324/3839/2324
f 2303/3810/2303 2276/3760/2276 2324/3839/2324
f 2162/3561/2162 2263/3740/2263 2342/3864/2342
f 2202/3785/2202 2343/3865/2343 2278/3764/2278
f 2344/3866/2344 2345/3867/2345 2287/3788/2287
f 2344/3866/2344 2287/3788/2287 2305/3813/2305
f 2307/3816/2307 2346/3868/2346 2203/3817/2203
f 2090/3449/2090 2265/3742/2265 2183/3593/2183
f 2265/3742/2265 2347/3869/2347 2183/3593/2183
f 2279/3768/2279 2348/3870/2348 2266/3743/2266
f 2066/3408/2066 1951/3228/1951 2185/3595/2185
f 2089/3535/2089 2349/3871/2349 2232/3683/2232
f 2288/3790/2288 2233/3685/2233 2108/3474/2108
f 2089/3535/2089 2233/3685/2233 2349/3871/2349
f 2252/3712/2252 2280/3770/2280 2328/3872/2328
f 1935/3200/1935 2309/3820/2309 2290/3873/2290
f 1953/3230/1953 2254/3719/2254 2291/3795/2291
f 2093/3454/2093 2292/3796/2292 1806/2970/1806
f 1954/3543/1954 2148/3542/2148 2350/3874/2350
f 2024/3723/2024 2149/3544/2149 2256/3724/2256
f 2054/3388/2054 2312/3823/2312 2334/3854/2334
f 2281/3875/2281 2351/3876/2351 2240/3694/2240
f 2153/3550/2153 2352/3877/2352 2188/3600/2188
f 2027/3878/2027 2056/3549/2056 2335/3879/2335
f 2189/3603/2189 2316/3827/2316 2003/3304/2003
f 2169/3573/2169 1938/3206/1938 2335/3856/2335
f 2207/3637/2207 2336/3857/2336 2317/3828/2317
f 2058/3880/2058 2258/3831/2258 2257/3730/2257
f 2191/3605/2191 2116/3881/2116 2353/3882/2353
f 2259/3733/2259 2354/3883/2354 2226/3670/2226
f 2227/3671/2227 2214/3647/2214 2320/3884/2320
f 2321/3834/2321 2247/3705/2247 2171/3576/2171
f 2273/3754/2273 2339/3885/2339 2244/3778/2244
f 2273/3754/2273 2355/3886/2355 2339/3885/2339
f 2201/3624/2201 2356/3887/2356 2357/3888/2357
f 2275/3757/2275 2247/3705/2247 2358/3889/2358
f 2302/3809/2302 2356/3887/2356 2201/3624/2201
f 2248/3707/2248 2359/3890/2359 2277/3762/2277
f 2176/3581/2176 2303/3891/2303 2248/3707/2248
f 2284/3892/2284 2360/3893/2360 2361/3894/2361
f 2341/3863/2341 2362/3895/2362 2324/3839/2324
f 2363/3896/2363 2285/3783/2285 2104/3470/2104
f 2285/3897/2285 2343/3865/2343 2202/3785/2202
f 2364/3898/2364 2365/3899/2365 2366/3900/2366
f 2365/3899/2365 2367/3901/2367 2366/3900/2366
f 2365/3899/2365 2345/3902/2345 2367/3901/2367
f 2017/3586/2017 2264/3741/2264 2286/3787/2286
f 2344/3903/2344 2367/3901/2367 2345/3902/2345
f 2345/3867/2345 2368/3904/2368 2287/3788/2287
f 2230/3765/2230 2325/3840/2325 2307/3816/2307
f 2250/3841/2250 2326/3843/2326 2369/3905/2369
f 2203/3906/2203 2346/3907/2346 2279/3908/2279
f 2348/3870/2348 2251/3711/2251 2266/3743/2266
f 2164/3563/2164 2288/3790/2288 2080/3432/2080
f 2349/3871/2349 2370/3909/2370 2232/3683/2232
f 2289/3910/2289 2328/3911/2328 2371/3912/2371
f 2147/3540/2147 2372/3913/2372 2267/3744/2267
f 2147/3540/2147 2373/3914/2373 2372/3913/2372
f 2329/3848/2329 2328/3872/2328 2280/3770/2280
f 2311/3822/2311 2025/3915/2025 2000/3439/2000
f 2133/3916/2133 2374/3917/2374 1955/3918/1955
f 2025/3341/2025 2375/3919/2375 2294/3798/2294
f 2282/3775/2282 2376/3920/2376 2377/3921/2377
f 2282/3775/2282 2377/3921/2377 2150/3695/2150
f 1980/3486/1980 2242/3698/2242 2315/3826/2315
f 2028/3346/2028 2270/3748/2270 2378/3922/2378
f 2242/3698/2242 2257/3730/2257 2379/3923/2379
f 2169/3802/2169 2380/3924/2380 2224/3668/2224
f 2380/3924/2380 2192/3608/2192 2224/3668/2224
f 2317/3828/2317 2337/3858/2337 2210/3640/2210
f 2243/3699/2243 2299/3805/2299 2381/3925/2381
f 2354/3926/2354 2299/3805/2299 2226/3776/2226
f 2155/3552/2155 2300/3806/2300 2318/3927/2318
f 2272/3777/2272 2338/3859/2338 2283/3928/2283
f 2382/3929/2382 2320/3833/2320 2283/3779/2283
f 2357/3888/2357 2212/3752/2212 2201/3624/2201
f 2137/3861/2137 2383/3930/2383 2340/3862/2340
f 2384/3931/2384 2301/3932/2301 2339/3885/2339
f 2172/3737/2172 2340/3862/2340 2261/3738/2261
f 2339/3885/2339 2355/3886/2355 2384/3931/2384
f 2340/3862/2340 2284/3781/2284 2261/3738/2261
f 2275/3757/2275 2358/3889/2358 2341/3933/2341
f 2284/3781/2284 2355/3934/2355 2273/3782/2273
f 2248/3707/2248 2385/3935/2385 2359/3890/2359
f 2248/3707/2248 2303/3891/2303 2385/3935/2385
f 2355/3936/2355 2284/3892/2284 2386/3937/2386
f 2162/3623/2162 2342/3938/2342 2302/3809/2302
f 2229/3679/2229 2387/3939/2387 2216/3650/2216
f 2388/3940/2388 2387/3941/2387 2229/3942/2229
f 2216/3650/2216 2387/3939/2387 2104/3470/2104
f 2389/3943/2389 2364/3944/2364 2390/3945/2390
f 2363/3946/2363 2391/3947/2391 2285/3897/2285
f 2285/3897/2285 2391/3947/2391 2343/3865/2343
f 2392/3948/2392 2345/3902/2345 2365/3899/2365
f 2367/3901/2367 2344/3903/2344 2393/3949/2393
f 2368/3904/2368 2394/3950/2394 2287/3788/2287
f 2264/3741/2264 2129/3511/2129 2395/3951/2395
f 2249/3708/2249 2326/3843/2326 2231/3681/2231
f 2231/3952/2231 2326/3953/2326 2396/3954/2396
f 2107/3473/2107 2397/3955/2397 2182/3592/2182
f 2250/3956/2250 2369/3957/2369 2184/3594/2184
f 2289/3910/2289 2371/3912/2371 2398/3958/2398
f 2147/3540/2147 2081/3433/2081 2399/3959/2399
f 2267/3744/2267 2372/3913/2372 2400/3960/2400
f 2267/3744/2267 2400/3960/2400 2130/3512/2130
f 1952/3229/1952 2234/3686/2234 2221/3662/2221
f 1999/3297/1999 2268/3746/2268 2131/3513/2131
f 2091/3452/2091 2165/3564/2165 2401/3961/2401
f 1922/3962/1922 2402/3963/2402 2222/3964/2222
f 2236/3965/2236 2403/3966/2403 2094/3967/2094
f 2094/3720/2094 2404/3968/2404 2255/3721/2255
f 2334/3854/2334 2312/3823/2312 2405/3969/2405
f 2294/3798/2294 2406/3970/2406 2239/3693/2239
f 2241/3696/2241 2315/3826/2315 2407/3971/2407
f 2004/3305/2004 2378/3922/2378 2135/3522/2135
f 2269/3747/2269 2190/3604/2190 2408/3972/2408
f 2169/3802/2169 2335/3973/2335 2380/3924/2380
f 2270/3748/2270 2191/3605/2191 2353/3882/2353
f 2381/3925/2381 2409/3974/2409 2243/3699/2243
f 2243/3699/2243 2409/3974/2409 2209/3639/2209
f 2049/3377/2049 2192/3608/2192 2319/3832/2319
f 2298/3804/2298 2410/3975/2410 2338/3859/2338
f 2283/3928/2283 2338/3859/2338 2382/3976/2382
f 2411/3977/2411 2383/3978/2383 2319/3832/2319
f 2319/3979/2319 2383/3930/2383 2137/3861/2137
f 2357/3888/2357 2412/3980/2412 2212/3752/2212
f 2321/3834/2321 2301/3807/2301 2384/3981/2384
f 2247/3705/2247 2321/3834/2321 2358/3889/2358
f 2341/3863/2341 2358/3982/2358 2413/3983/2413
f 2229/3942/2229 2213/3835/2213 2414/3984/2414
f 2274/3985/2274 2277/3762/2277 2415/3986/2415
f 2229/3942/2229 2414/3984/2414 2388/3940/2388
f 2284/3892/2284 2361/3894/2361 2386/3937/2386
f 2360/3893/2360 2416/3987/2416 2361/3894/2361
f 2387/3939/2387 2363/3896/2363 2104/3470/2104
f 2416/3987/2416 2389/3943/2389 2390/3945/2390
f 2163/3812/2163 2286/3787/2286 2417/3988/2417
f 2345/3902/2345 2392/3948/2392 2368/3989/2368
f 2278/3764/2278 2418/3990/2418 2325/3840/2325
f 2344/3903/2344 2305/3991/2305 2393/3949/2393
f 2305/3815/2305 2306/3814/2306 2393/3992/2393
f 2264/3741/2264 2395/3951/2395 2419/3993/2419
f 2287/3788/2287 2394/3950/2394 2249/3708/2249
f 2394/3950/2394 2326/3843/2326 2249/3708/2249
f 2218/3653/2218 2231/3952/2231 2306/3814/2306
f 2183/3842/2183 2347/3994/2347 2326/3843/2326
f 2420/3995/2420 2251/3711/2251 2348/3870/2348
f 1932/3196/1932 2421/3996/2421 2146/3538/2146
f 2289/3819/2289 2398/3997/2398 2265/3742/2265
f 2232/3683/2232 2370/3909/2370 2106/3684/2106
f 2185/3595/2185 2422/3998/2422 2066/3408/2066
f 2081/3539/2081 2146/3538/2146 2423/3999/2423
f 2234/3686/2234 2424/4000/2424 2221/3662/2221
f 2042/3366/2042 2222/3663/2222 2268/3746/2268
f 2222/3964/2222 2402/3963/2402 2425/4001/2425
f 2091/3452/2091 2426/4002/2426 2309/3820/2309
f 2166/3718/2166 2427/4003/2427 2043/3414/2043
f 2112/3480/2112 2132/3514/2132 2428/4004/2428
f 2093/3454/2093 1824/2999/1824 2292/3796/2292
f 2404/3968/2404 2094/3720/2094 2403/4005/2403
f 2237/3691/2237 2429/4006/2429 2113/3481/2113
f 1976/3266/1976 2310/3821/2310 2237/3691/2237
f 1954/3543/1954 2350/3874/2350 2149/3544/2149
f 2152/3548/2152 2188/3600/2188 2281/3773/2281
f 2295/3799/2295 2376/3920/2376 2282/3775/2282
f 2150/3695/2150 2377/3921/2377 2151/4007/2151
f 2315/3826/2315 2242/3698/2242 2379/3923/2379
f 2004/3305/2004 2028/3346/2028 2378/3922/2378
f 2190/3604/2190 2316/3827/2316 2408/3972/2408
f 2380/3924/2380 2411/3977/2411 2192/3608/2192
f 2317/3828/2317 2336/3857/2336 2337/3858/2337
f 2337/3858/2337 2410/3975/2410 2298/3804/2298
f 2209/3639/2209 2430/4008/2430 2208/3638/2208
f 2209/3639/2209 2409/3974/2409 2430/4008/2430
f 2192/3608/2192 2411/3977/2411 2319/3832/2319
f 2320/4009/2320 2382/4010/2382 2431/4011/2431
f 2320/3884/2320 2300/3806/2300 2227/3671/2227
f 2320/4009/2320 2431/4011/2431 2300/4012/2300
f 2384/3981/2384 2358/3889/2358 2321/3834/2321
f 2356/3887/2356 2302/3809/2302 2432/4013/2432
f 2322/3836/2322 2414/3984/2414 2213/3835/2213
f 2415/3986/2415 2277/3762/2277 2359/3890/2359
f 2355/3936/2355 2386/3937/2386 2433/4014/2433
f 2341/3863/2341 2413/3983/2413 2362/3895/2362
f 2324/3839/2324 2434/4015/2434 2303/3810/2303
f 2324/3839/2324 2362/3895/2362 2434/4015/2434
f 2435/4016/2435 2389/3943/2389 2416/3987/2416
f 2436/4017/2436 2389/3943/2389 2435/4016/2435
f 2437/4018/2437 2389/4019/2389 2436/4020/2436
f 2139/3529/2139 2438/4021/2438 2304/3811/2304
f 2364/3898/2364 2366/3900/2366 2390/4022/2390
f 2364/3898/2364 2392/3948/2392 2365/3899/2365
f 2286/3787/2286 2264/3741/2264 2419/3993/2419
f 2182/3592/2182 2395/3951/2395 2129/3511/2129
f 2231/3952/2231 2396/3954/2396 2306/3814/2306
f 2326/3953/2326 2347/4023/2347 2396/3954/2396
f 2107/3473/2107 2327/3844/2327 2397/3955/2397
f 2106/3684/2106 2439/4024/2439 2327/4025/2327
f 2146/3538/2146 2421/3996/2421 2440/4026/2440
f 2066/3408/2066 2422/3998/2422 2145/3537/2145
f 2402/4027/2402 2043/3414/2043 2427/4003/2427
f 2427/4003/2427 2166/3718/2166 2291/4028/2291
f 2236/3689/2236 2044/3688/2044 2092/3453/2092
f 2350/3874/2350 2256/3724/2256 2149/3544/2149
f 2312/3823/2312 2167/3568/2167 2405/3969/2405
f 2441/4029/2441 2133/3772/2133 1956/3236/1956
f 2314/3825/2314 1911/3153/1911 2296/3800/2296
f 2335/3879/2335 2056/3549/2056 2442/4030/2442
f 2296/4031/2296 2135/3522/2135 2443/4032/2443
f 2297/3801/2297 2241/3696/2241 2407/3971/2407
f 2408/3972/2408 2336/3857/2336 2269/3747/2269
f 2353/3882/2353 2116/3881/2116 2444/4033/2444
f 2225/3669/2225 2444/4034/2444 2116/3489/2116
f 2410/3975/2410 2382/3976/2382 2338/3859/2338
f 2156/3555/2156 2245/3701/2245 2445/4035/2445
f 2245/4036/2245 2212/3752/2212 2412/3980/2412
f 2413/4037/2413 2358/4038/2358 2384/3931/2384
f 2302/3809/2302 2342/3938/2342 2432/4013/2432
f 2446/4039/2446 2386/3937/2386 2361/3894/2361
f 2437/4040/2437 2364/3898/2364 2389/4041/2389
f 2447/4042/2447 2390/3945/2390 2366/4043/2366
f 2438/4044/2438 2139/4045/2139 2163/3812/2163
f 2366/3900/2366 2367/3901/2367 2393/3949/2393
f 2448/4046/2448 2307/3816/2307 2325/3840/2325
f 2348/4047/2348 2279/3908/2279 2346/3907/2346
f 2449/4048/2449 2347/3869/2347 2265/3742/2265
f 2185/3595/2185 2251/3711/2251 2420/3995/2420
f 2421/3996/2421 2144/3536/2144 2450/4049/2450
f 2421/3996/2421 1932/3196/1932 2144/3536/2144
f 2398/3958/2398 2371/3912/2371 2451/4050/2451
f 2370/3909/2370 2439/4024/2439 2106/3684/2106
f 2451/4050/2451 2371/3912/2371 2452/4051/2452
f 2222/3964/2222 2425/4001/2425 2268/4052/2268
f 2402/4027/2402 1922/3177/1922 2043/3414/2043
f 2167/3568/2167 2293/3797/2293 2405/3969/2405
f 2095/3456/2095 2453/4053/2453 2115/3483/2115
f 2095/3456/2095 2313/3824/2313 2453/4053/2453
f 1955/3918/1955 2374/3917/2374 2186/3597/2186
f 2377/3921/2377 2376/3920/2376 2454/4054/2454
f 2443/4032/2443 2135/3522/2135 2378/3922/2378
f 2257/3730/2257 2258/3831/2258 2455/4055/2455
f 2456/4056/2456 2258/3831/2258 2318/3830/2318
f 2337/3858/2337 2457/4057/2457 2410/3975/2410
f 2382/3976/2382 2410/3975/2410 2431/4058/2431
f 2384/3931/2384 2355/3886/2355 2413/4037/2413
f 2388/3940/2388 2458/4059/2458 2387/3941/2387
f 2355/4060/2355 2433/4061/2433 2413/3983/2413
f 2386/3937/2386 2446/4039/2446 2433/4014/2433
f 2361/3894/2361 2416/3987/2416 2447/4042/2447
f 2390/3945/2390 2447/4042/2447 2416/3987/2416
f 2437/4040/2437 2392/3948/2392 2364/3898/2364
f 2418/3990/2418 2278/3764/2278 2343/3865/2343
f 2459/4062/2459 2347/4023/2347 2449/4063/2449
f 2397/4064/2397 2327/4065/2327 2460/4066/2460
f 2449/4048/2449 2265/3742/2265 2398/3997/2398
f 2461/4067/2461 2449/4048/2449 2451/4068/2451
f 2145/3537/2145 2450/4049/2450 2144/3536/2144
f 2451/4068/2451 2449/4048/2449 2398/3997/2398
f 2164/3563/2164 2462/4069/2462 2288/3790/2288
f 2371/3912/2371 2328/3911/2328 2452/4051/2452
f 2288/3790/2288 2463/4070/2463 2233/3685/2233
f 2452/4051/2452 2328/3911/2328 2464/4071/2464
f 2372/3913/2372 2465/4072/2465 2400/3960/2400
f 2083/4073/2083 2131/4074/2131 2466/4075/2466
f 2091/3452/2091 2401/3961/2401 2426/4002/2426
f 2332/3851/2332 2311/4076/2311 1977/3725/1977
f 2334/3854/2334 2405/3969/2405 2467/4077/2467
f 1956/3236/1956 2187/3598/2187 2441/4029/2441
f 2133/4078/2133 2441/4079/2441 2374/4080/2374
f 2186/3597/2186 2374/3917/2374 2293/3797/2293
f 2468/4081/2468 2316/3827/2316 2189/3603/2189
f 2316/3827/2316 2469/4082/2469 2408/3972/2408
f 2336/3857/2336 2457/4057/2457 2337/3858/2337
f 2356/3887/2356 2470/4083/2470 2357/3888/2357
f 2415/4084/2415 2471/4085/2471 2274/4086/2274
f 2323/3837/2323 2472/4087/2472 2322/3836/2322
f 2262/3739/2262 2274/3756/2274 2473/4088/2473
f 2340/3862/2340 2474/4089/2474 2284/3781/2284
f 2414/3984/2414 2322/3836/2322 2475/4090/2475
f 2474/4089/2474 2360/4091/2360 2284/3781/2284
f 2415/3986/2415 2359/3890/2359 2476/4092/2476
f 2360/3893/2360 2435/4016/2435 2416/3987/2416
f 2362/3895/2362 2413/3983/2413 2433/4061/2433
f 2362/3895/2362 2433/4061/2433 2434/4015/2434
f 2342/4093/2342 2263/4094/2263 2477/4095/2477
f 2361/3894/2361 2447/4042/2447 2446/4039/2446
f 2387/3941/2387 2458/4059/2458 2363/3946/2363
f 2163/3812/2163 2417/3988/2417 2438/4044/2438
f 2418/3990/2418 2448/4046/2448 2325/3840/2325
f 2307/3816/2307 2478/4096/2478 2346/3868/2346
f 2306/3814/2306 2396/3954/2396 2479/4097/2479
f 2480/4098/2480 2449/4063/2449 2461/4099/2461
f 2461/4100/2461 2481/4101/2481 2480/4102/2480
f 2461/4103/2461 2451/4050/2451 2481/4104/2481
f 2451/4050/2451 2452/4051/2452 2481/4104/2481
f 2440/4026/2440 2423/3999/2423 2146/3538/2146
f 2370/3909/2370 2482/4105/2482 2439/4024/2439
f 2423/3999/2423 2399/4106/2399 2081/3539/2081
f 2370/3909/2370 2349/3871/2349 2483/4107/2483
f 2328/3872/2328 2329/3848/2329 2464/4108/2464
f 2372/3913/2372 2373/3914/2373 2465/4072/2465
f 2400/3960/2400 2484/4109/2484 2130/3512/2130
f 2330/3849/2330 2235/3687/2235 2111/3479/2111
f 2350/3874/2350 2148/3542/2148 2255/3721/2255
f 2223/4110/2223 2314/4111/2314 2485/4112/2485
f 2406/3970/2406 2352/3877/2352 2239/3693/2239
f 2239/3693/2239 2352/3877/2352 2153/3550/2153
f 2240/3694/2240 2351/3876/2351 2295/3799/2295
f 2151/3547/2151 2442/4030/2442 2056/3549/2056
f 2315/3826/2315 2379/3923/2379 2486/4113/2486
f 2378/3922/2378 2270/3748/2270 2487/4114/2487
f 2379/3923/2379 2257/3730/2257 2455/4055/2455
f 2259/3733/2259 2156/3732/2156 2488/4115/2488
f 2431/4011/2431 2489/4116/2489 2300/4012/2300
f 2490/4117/2490 2357/3888/2357 2470/4083/2470
f 2491/4118/2491 2388/3940/2388 2414/3984/2414
f 2474/4089/2474 2435/4119/2435 2360/4091/2360
f 2436/4120/2436 2435/4119/2435 2492/4121/2492
f 2432/4122/2432 2342/4123/2342 2493/4124/2493
f 2494/4125/2494 2434/4015/2434 2433/4061/2433
f 2494/4126/2494 2433/4014/2433 2495/4127/2495
f 2477/4095/2477 2263/4094/2263 2304/4128/2304
f 2286/3787/2286 2419/3993/2419 2417/3988/2417
f 2393/3992/2393 2306/3814/2306 2496/4129/2496
f 2369/3905/2369 2326/3843/2326 2394/3950/2394
f 2396/3954/2396 2459/4062/2459 2479/4097/2479
f 2479/4097/2479 2459/4062/2459 2480/4098/2480
f 2347/4023/2347 2459/4062/2459 2396/3954/2396
f 2478/4130/2478 2497/4131/2497 2346/3907/2346
f 2480/4098/2480 2459/4062/2459 2449/4063/2449
f 2420/4132/2420 2348/4047/2348 2346/3907/2346
f 2498/4133/2498 2462/4069/2462 2164/3563/2164
f 2464/4108/2464 2329/3848/2329 2499/4134/2499
f 2484/4109/2484 2400/3960/2400 2465/4072/2465
f 2083/4135/2083 2466/4136/2466 2253/4137/2253
f 2070/3416/2070 2331/3850/2331 2500/4138/2500
f 2334/3854/2334 2467/4077/2467 2501/4139/2501
f 2467/4077/2467 2502/4140/2502 2501/4139/2501
f 2467/4077/2467 2503/4141/2503 2502/4140/2502
f 2223/4110/2223 2485/4112/2485 2238/4142/2238
f 2188/3600/2188 2504/4143/2504 2281/3773/2281
f 2188/3600/2188 2352/3877/2352 2504/4143/2504
f 2443/4032/2443 2505/4144/2505 2296/4031/2296
f 2189/3635/2189 2297/3801/2297 2468/4145/2468
f 2315/3826/2315 2486/4113/2486 2407/3971/2407
f 2469/4082/2469 2506/4146/2506 2408/3972/2408
f 2380/3924/2380 2507/4147/2507 2411/3977/2411
f 2353/3882/2353 2444/4033/2444 2508/4148/2508
f 2456/4056/2456 2318/3830/2318 2509/4149/2509
f 2409/3974/2409 2510/4150/2510 2430/4008/2430
f 2430/4008/2430 2510/4150/2510 2511/4151/2511
f 2300/4152/2300 2489/4153/2489 2318/4154/2318
f 2431/4011/2431 2512/4155/2512 2489/4116/2489
f 2411/3977/2411 2507/4147/2507 2383/3978/2383
f 2274/4086/2274 2471/4085/2471 2473/4156/2473
f 2475/4157/2475 2322/4158/2322 2472/4159/2472
f 2323/3837/2323 2262/3739/2262 2472/4087/2472
f 2262/3739/2262 2473/4088/2473 2472/4087/2472
f 2356/3887/2356 2432/4013/2432 2470/4083/2470
f 2491/4118/2491 2458/4059/2458 2388/3940/2388
f 2477/4160/2477 2493/4124/2493 2342/4123/2342
f 2513/4161/2513 2477/4095/2477 2304/4128/2304
f 2391/3947/2391 2363/3946/2363 2458/4059/2458
f 2514/4162/2514 2304/4128/2304 2438/4163/2438
f 2437/4040/2437 2515/4164/2515 2392/3948/2392
f 2516/4165/2516 2418/3990/2418 2343/3865/2343
f 2517/4166/2517 2395/4167/2395 2182/4168/2182
f 2517/4166/2517 2182/4168/2182 2397/4064/2397
f 2463/4070/2463 2349/3871/2349 2233/3685/2233
f 2518/4169/2518 2131/4074/2131 2268/4052/2268
f 2268/4052/2268 2425/4001/2425 2519/4170/2519
f 2237/3691/2237 2310/3821/2310 2520/4171/2520
f 2500/4138/2500 2310/4172/2310 2070/3416/2070
f 2333/3855/2333 2334/3854/2334 2501/4139/2501
f 2521/4173/2521 2502/4140/2502 2503/4141/2503
f 2522/4174/2522 2351/3876/2351 2281/3875/2281
f 2314/4111/2314 2296/4175/2296 2523/4176/2523
f 2469/4082/2469 2316/3827/2316 2468/4081/2468
f 2335/3879/2335 2524/4177/2524 2380/4178/2380
f 2379/3923/2379 2455/4055/2455 2486/4113/2486
f 2408/3972/2408 2506/4146/2506 2525/4179/2525
f 2408/3972/2408 2525/4179/2525 2336/3857/2336
f 2455/4055/2455 2258/3831/2258 2456/4056/2456
f 2509/4149/2509 2526/4180/2526 2456/4056/2456
f 2457/4057/2457 2336/3857/2336 2525/4179/2525
f 2457/4057/2457 2512/4181/2512 2410/3975/2410
f 2354/3883/2354 2488/4115/2488 2527/4182/2527
f 2354/3883/2354 2259/3733/2259 2488/4115/2488
f 2410/3975/2410 2512/4181/2512 2431/4058/2431
f 2476/4183/2476 2471/4085/2471 2415/4084/2415
f 2475/4184/2475 2472/4185/2472 2528/4186/2528
f 2470/4083/2470 2432/4013/2432 2529/4187/2529
f 2475/4090/2475 2491/4118/2491 2414/3984/2414
f 2492/4121/2492 2435/4119/2435 2530/4188/2530
f 2531/4189/2531 2359/3890/2359 2385/3935/2385
f 2493/4190/2493 2529/4187/2529 2432/4013/2432
f 2532/4191/2532 2437/4018/2437 2436/4020/2436
f 2495/4127/2495 2433/4014/2433 2446/4039/2446
f 2447/4042/2447 2366/4043/2366 2533/4192/2533
f 2420/4132/2420 2346/3907/2346 2497/4131/2497
f 2479/4097/2479 2480/4098/2480 2534/4193/2534
f 2420/4194/2420 2535/4195/2535 2185/4196/2185
f 2480/4098/2480 2481/4197/2481 2534/4193/2534
f 2369/3957/2369 2308/3818/2308 2184/3594/2184
f 2483/4107/2483 2482/4105/2482 2370/3909/2370
f 2462/4069/2462 2463/4070/2463 2288/3790/2288
f 2221/3662/2221 2424/4000/2424 2330/3849/2330
f 2519/4170/2519 2518/4169/2518 2268/4052/2268
f 2290/3794/2290 2428/4004/2428 2132/3514/2132
f 2536/4198/2536 2256/3724/2256 2350/3874/2350
f 2537/4199/2537 2405/3969/2405 2293/3797/2293
f 2467/4077/2467 2405/3969/2405 2537/4199/2537
f 2374/3917/2374 2538/4200/2538 2293/3797/2293
f 2313/4201/2313 2238/4142/2238 2539/4202/2539
f 2238/4142/2238 2540/4203/2540 2539/4202/2539
f 2238/4142/2238 2485/4112/2485 2540/4203/2540
f 2454/4054/2454 2376/3920/2376 2541/4204/2541
f 2377/3921/2377 2542/4205/2542 2151/4007/2151
f 2151/3547/2151 2543/4206/2543 2442/4030/2442
f 2442/4030/2442 2544/4207/2544 2335/3879/2335
f 2407/3971/2407 2545/4208/2545 2297/3801/2297
f 2297/3801/2297 2545/4208/2545 2468/4145/2468
f 2524/4177/2524 2546/4209/2546 2380/4178/2380
f 2270/3748/2270 2353/3882/2353 2547/4210/2547
f 2546/4211/2546 2507/4147/2507 2380/3924/2380
f 2548/4212/2548 2456/4056/2456 2526/4180/2526
f 2549/4213/2549 2409/3974/2409 2381/3925/2381
f 2354/3926/2354 2550/4214/2550 2299/3805/2299
f 2381/3925/2381 2299/3805/2299 2549/4213/2549
f 2507/4215/2507 2551/4216/2551 2383/3930/2383
f 2551/4216/2551 2340/3862/2340 2383/3930/2383
f 2471/4085/2471 2552/4217/2552 2473/4156/2473
f 2553/4218/2553 2436/4120/2436 2492/4121/2492
f 2476/4092/2476 2359/3890/2359 2531/4189/2531
f 2553/4218/2553 2532/4219/2532 2436/4120/2436
f 2434/4015/2434 2554/4220/2554 2303/3810/2303
f 2494/4125/2494 2554/4220/2554 2434/4015/2434
f 2437/4018/2437 2532/4191/2532 2493/4124/2493
f 2437/4018/2437 2493/4124/2493 2515/4221/2515
f 2438/4163/2438 2417/4222/2417 2555/4223/2555
f 2343/3865/2343 2391/3947/2391 2516/4165/2516
f 2307/3816/2307 2556/4224/2556 2478/4096/2478
f 2327/4065/2327 2557/4225/2557 2460/4066/2460
f 2185/3595/2185 2535/4226/2535 2422/3998/2422
f 2452/4051/2452 2558/4227/2558 2481/4104/2481
f 2422/3998/2422 2559/4228/2559 2145/3537/2145
f 2220/4229/2220 2560/4230/2560 2110/4231/2110
f 2113/3481/2113 2561/4232/2561 1824/2999/1824
f 2113/3481/2113 2429/4006/2429 2561/4232/2561
f 2333/3853/2333 2501/4233/2501 2562/4234/2562
f 2502/4140/2502 2521/4173/2521 2501/4139/2501
f 2374/4080/2374 2441/4079/2441 2563/4235/2563
f 2564/4236/2564 2537/4199/2537 2293/3797/2293
f 2503/4141/2503 2467/4077/2467 2537/4199/2537
f 2314/4111/2314 2523/4176/2523 2565/4237/2565
f 2295/3799/2295 2566/4238/2566 2376/3920/2376
f 2454/4054/2454 2542/4205/2542 2377/3921/2377
f 2567/4239/2567 2542/4205/2542 2454/4054/2454
f 2296/4031/2296 2505/4144/2505 2523/4240/2523
f 2151/4007/2151 2542/4205/2542 2543/4241/2543
f 2378/3922/2378 2568/4242/2568 2443/4032/2443
f 2378/3922/2378 2487/4114/2487 2568/4242/2568
f 2469/4082/2469 2569/4243/2569 2506/4146/2506
f 2455/4055/2455 2570/4244/2570 2486/4113/2486
f 2353/3882/2353 2508/4148/2508 2547/4210/2547
f 2456/4056/2456 2548/4212/2548 2455/4055/2455
f 2525/4179/2525 2512/4181/2512 2457/4057/2457
f 2318/3830/2318 2489/4116/2489 2509/4149/2509
f 2551/4216/2551 2474/4089/2474 2340/3862/2340
f 2571/4245/2571 2553/4218/2553 2492/4121/2492
f 2572/4246/2572 2553/4218/2553 2571/4245/2571
f 2473/4156/2473 2528/4186/2528 2472/4185/2472
f 2530/4188/2530 2435/4119/2435 2573/4247/2573
f 2532/4248/2532 2529/4187/2529 2493/4190/2493
f 2303/3891/2303 2531/4189/2531 2385/3935/2385
f 2574/4249/2574 2494/4125/2494 2575/4250/2575
f 2494/4126/2494 2576/4251/2576 2575/4252/2575
f 2494/4125/2494 2574/4249/2574 2554/4220/2554
f 2494/4126/2494 2495/4127/2495 2576/4251/2576
f 2493/4124/2493 2477/4160/2477 2515/4221/2515
f 2446/4039/2446 2447/4042/2447 2577/4253/2577
f 2448/4046/2448 2418/3990/2418 2578/4254/2578
f 2448/4046/2448 2556/4224/2556 2307/3816/2307
f 2579/4255/2579 2580/4256/2580 2581/4257/2581
f 2582/4258/2582 2583/4259/2583 2581/4257/2581
f 2583/4259/2583 2582/4258/2582 2584/4260/2584
f 2394/3950/2394 2585/4261/2585 2369/3905/2369
f 2479/4097/2479 2496/4129/2496 2306/3814/2306
f 2478/4130/2478 2586/4262/2586 2497/4131/2497
f 2497/4131/2497 2535/4263/2535 2420/4132/2420
f 2369/3957/2369 2587/4264/2587 2308/3818/2308
f 2164/3563/2164 2308/3818/2308 2498/4133/2498
f 2110/4231/2110 2560/4230/2560 2329/4265/2329
f 2427/4003/2427 2588/4266/2588 2402/4027/2402
f 2115/3483/2115 2589/4267/2589 1978/3268/1978
f 2313/4201/2313 2539/4202/2539 2453/4268/2453
f 2521/4173/2521 2503/4141/2503 2590/4269/2590
f 2281/4270/2281 2504/4271/2504 2522/4272/2522
f 2541/4204/2541 2567/4239/2567 2454/4054/2454
f 2295/3799/2295 2351/3876/2351 2591/4273/2591
f 2544/4207/2544 2592/4274/2592 2335/3879/2335
f 2407/3971/2407 2486/4113/2486 2593/4275/2593
f 2545/4208/2545 2594/4276/2594 2468/4145/2468
f 2468/4145/2468 2594/4276/2594 2469/4277/2469
f 2506/4146/2506 2595/4278/2595 2525/4179/2525
f 2595/4279/2595 2526/4180/2526 2509/4149/2509
f 2354/4280/2354 2527/4281/2527 2550/4282/2550
f 2488/4115/2488 2156/3732/2156 2445/4283/2445
f 2245/4036/2245 2412/3980/2412 2445/4284/2445
f 2596/4285/2596 2572/4246/2572 2571/4245/2571
f 2470/4083/2470 2597/4286/2597 2490/4117/2490
f 2597/4286/2597 2470/4083/2470 2529/4187/2529
f 2471/4085/2471 2476/4183/2476 2552/4217/2552
f 2572/4246/2572 2532/4219/2532 2553/4218/2553
f 2474/4089/2474 2573/4247/2573 2435/4119/2435
f 2476/4092/2476 2531/4189/2531 2598/4287/2598
f 2303/3810/2303 2554/4220/2554 2531/4288/2531
f 2391/3947/2391 2458/4059/2458 2599/4289/2599
f 2446/4039/2446 2577/4253/2577 2495/4127/2495
f 2393/4290/2393 2496/4291/2496 2600/4292/2600
f 2448/4046/2448 2578/4254/2578 2556/4224/2556
f 2535/4263/2535 2497/4131/2497 2601/4293/2601
f 2481/4104/2481 2558/4227/2558 2534/4294/2534
f 2327/4065/2327 2439/4295/2439 2557/4225/2557
f 2452/4051/2452 2464/4071/2464 2558/4227/2558
f 2465/4072/2465 2602/4296/2602 2484/4109/2484
f 2518/4169/2518 2466/4075/2466 2131/4074/2131
f 2603/4297/2603 2427/4003/2427 2291/4028/2291
f 2291/4028/2291 2254/4298/2254 2604/4299/2604
f 2605/4300/2605 1824/2999/1824 2561/4232/2561
f 2606/4301/2606 2350/3874/2350 2255/3721/2255
f 2332/3851/2332 2256/3724/2256 2536/4198/2536
f 2331/3850/2331 2333/3853/2333 2562/4234/2562
f 2607/4302/2607 1978/3268/1978 2589/4267/2589
f 2501/4139/2501 2521/4173/2521 2608/4303/2608
f 2521/4304/2521 2590/4305/2590 2609/4306/2609
f 2610/4307/2610 2567/4239/2567 2541/4204/2541
f 2592/4274/2592 2524/4177/2524 2335/3879/2335
f 2594/4276/2594 2569/4308/2569 2469/4277/2469
f 2569/4308/2569 2595/4279/2595 2506/4309/2506
f 2455/4055/2455 2548/4212/2548 2570/4244/2570
f 2548/4212/2548 2595/4279/2595 2569/4308/2569
f 2548/4212/2548 2526/4180/2526 2595/4279/2595
f 2595/4279/2595 2611/4310/2611 2525/4311/2525
f 2611/4312/2611 2512/4181/2512 2525/4179/2525
f 2595/4279/2595 2509/4149/2509 2611/4310/2611
f 2509/4149/2509 2489/4116/2489 2611/4310/2611
f 2512/4155/2512 2611/4310/2611 2489/4116/2489
f 2529/4187/2529 2532/4248/2532 2572/4313/2572
f 2528/4186/2528 2473/4156/2473 2552/4217/2552
f 2612/4314/2612 2458/4059/2458 2491/4118/2491
f 2304/4128/2304 2514/4162/2514 2513/4161/2513
f 2515/4221/2515 2477/4160/2477 2513/4315/2513
f 2392/3948/2392 2515/4164/2515 2613/4316/2613
f 2366/4043/2366 2393/4290/2393 2600/4292/2600
f 2613/4316/2613 2368/3989/2368 2392/3948/2392
f 2417/4222/2417 2419/4317/2419 2614/4318/2614
f 2615/4319/2615 2616/4320/2616 2580/4256/2580
f 2617/4321/2617 2585/4261/2585 2394/3950/2394
f 2582/4258/2582 2618/4322/2618 2584/4260/2584
f 2440/4026/2440 2421/3996/2421 2619/4323/2619
f 2587/4264/2587 2498/4133/2498 2308/3818/2308
f 2620/4324/2620 2422/3998/2422 2535/4226/2535
f 2559/4228/2559 2422/3998/2422 2620/4324/2620
f 2463/4070/2463 2462/4069/2462 2621/4325/2621
f 2399/3959/2399 2373/3914/2373 2147/3540/2147
f 2499/4326/2499 2329/4265/2329 2560/4230/2560
f 2424/4000/2424 2234/3686/2234 2130/3512/2130
f 2560/4230/2560 2220/4229/2220 2622/4327/2622
f 2622/4328/2622 2220/3714/2220 2253/3713/2253
f 2330/3849/2330 2623/4329/2623 2235/3687/2235
f 2623/4329/2623 2165/3564/2165 2235/3687/2235
f 1824/2999/1824 2605/4300/2605 2292/3796/2292
f 1978/3268/1978 2607/4302/2607 2187/3598/2187
f 2293/3797/2293 2538/4200/2538 2624/4330/2624
f 2625/4331/2625 2503/4141/2503 2537/4199/2537
f 2626/4332/2626 2590/4305/2590 2610/4307/2610
f 2626/4332/2626 2610/4307/2610 2541/4204/2541
f 2295/3799/2295 2591/4273/2591 2566/4238/2566
f 2443/4032/2443 2568/4242/2568 2627/4333/2627
f 2545/4208/2545 2407/3971/2407 2593/4275/2593
f 2546/4334/2546 2628/4335/2628 2507/4336/2507
f 2299/3805/2299 2550/4214/2550 2549/4213/2549
f 2549/4337/2549 2629/4338/2629 2409/4339/2409
f 2630/4340/2630 2551/4216/2551 2507/4215/2507
f 2631/4341/2631 2572/4246/2572 2596/4285/2596
f 2490/4117/2490 2412/3980/2412 2357/3888/2357
f 2572/4313/2572 2631/4342/2631 2529/4187/2529
f 2612/4314/2612 2599/4289/2599 2458/4059/2458
f 2513/4343/2513 2632/4344/2632 2515/4164/2515
f 2447/4042/2447 2533/4192/2533 2577/4253/2577
f 2613/4316/2613 2633/4345/2633 2368/3989/2368
f 2634/4346/2634 2578/4254/2578 2418/3990/2418
f 2579/4255/2579 2615/4319/2615 2580/4256/2580
f 2635/4347/2635 2419/4348/2419 2395/4167/2395
f 2581/4257/2581 2583/4259/2583 2579/4255/2579
f 2556/4224/2556 2636/4349/2636 2478/4096/2478
f 2581/4257/2581 2580/4256/2580 2582/4258/2582
f 2583/4259/2583 2584/4260/2584 2637/4350/2637
f 2496/4129/2496 2479/4097/2479 2638/4351/2638
f 2638/4351/2638 2479/4097/2479 2534/4193/2534
f 2535/4352/2535 2639/4353/2639 2620/4354/2620
f 2464/4108/2464 2499/4134/2499 2640/4355/2640
f 2484/4109/2484 2641/4356/2641 2130/3512/2130
f 2623/4329/2623 2401/3961/2401 2165/3564/2165
f 2404/3968/2404 2606/4301/2606 2255/3721/2255
f 2237/4357/2237 2520/4358/2520 2429/4359/2429
f 2503/4141/2503 2625/4331/2625 2590/4269/2590
f 2590/4305/2590 2626/4332/2626 2609/4306/2609
f 2485/4112/2485 2314/4111/2314 2565/4237/2565
f 2442/4030/2442 2642/4360/2642 2544/4207/2544
f 2443/4032/2443 2627/4333/2627 2505/4144/2505
f 2593/4275/2593 2594/4276/2594 2545/4208/2545
f 2487/4114/2487 2270/3748/2270 2643/4361/2643
f 2486/4113/2486 2570/4244/2570 2593/4275/2593
f 2270/3748/2270 2547/4210/2547 2643/4361/2643
f 2594/4276/2594 2570/4244/2570 2569/4308/2569
f 2570/4244/2570 2548/4212/2548 2569/4308/2569
f 2527/4281/2527 2488/4362/2488 2644/4363/2644
f 2488/4362/2488 2445/4364/2445 2644/4363/2644
f 2596/4285/2596 2645/4365/2645 2631/4341/2631
f 2571/4245/2571 2645/4365/2645 2596/4285/2596
f 2571/4245/2571 2492/4121/2492 2646/4366/2646
f 2631/4342/2631 2597/4286/2597 2529/4187/2529
f 2476/4183/2476 2598/4367/2598 2552/4217/2552
f 2438/4163/2438 2647/4368/2647 2514/4162/2514
f 2515/4164/2515 2632/4344/2632 2613/4316/2613
f 2366/4043/2366 2600/4292/2600 2533/4192/2533
f 2417/4222/2417 2614/4318/2614 2555/4223/2555
f 2419/4348/2419 2635/4347/2635 2614/4369/2614
f 2368/3904/2368 2633/4370/2633 2617/4321/2617
f 2395/4167/2395 2517/4166/2517 2635/4347/2635
f 2368/3904/2368 2617/4321/2617 2394/3950/2394
f 2636/4349/2636 2648/4371/2648 2478/4096/2478
f 2580/4256/2580 2618/4322/2618 2582/4258/2582
f 2584/4372/2584 2618/4373/2618 2649/4374/2649
f 2585/4375/2585 2587/4264/2587 2369/3957/2369
f 2601/4376/2601 2639/4353/2639 2535/4352/2535
f 2463/4377/2463 2650/4378/2650 2349/4379/2349
f 2130/3512/2130 2651/4380/2651 2424/4000/2424
f 2310/4172/2310 2500/4138/2500 2520/4381/2520
f 2025/3915/2025 2311/3822/2311 2375/4382/2375
f 2187/3598/2187 2652/4383/2652 2441/4029/2441
f 2521/4384/2521 2609/4385/2609 2608/4386/2608
f 2537/4199/2537 2564/4236/2564 2653/4387/2653
f 2540/4203/2540 2654/4388/2654 2539/4202/2539
f 2593/4275/2593 2570/4244/2570 2594/4276/2594
f 2507/4389/2507 2628/4390/2628 2630/4391/2630
f 2409/3974/2409 2629/4392/2629 2510/4150/2510
f 2631/4341/2631 2645/4365/2645 2655/4393/2655
f 2552/4217/2552 2598/4367/2598 2656/4394/2656
f 2531/4288/2531 2657/4395/2657 2598/4396/2598
f 2554/4220/2554 2658/4397/2658 2531/4288/2531
f 2554/4220/2554 2574/4249/2574 2658/4397/2658
f 2495/4127/2495 2577/4253/2577 2659/4398/2659
f 2516/4165/2516 2634/4346/2634 2418/3990/2418
f 2579/4255/2579 2660/4399/2660 2615/4319/2615
f 2661/4400/2661 2616/4320/2616 2615/4319/2615
f 2661/4400/2661 2662/4401/2662 2616/4320/2616
f 2662/4401/2662 2663/4402/2663 2616/4320/2616
f 2662/4401/2662 2664/4403/2664 2663/4402/2663
f 2616/4320/2616 2663/4402/2663 2580/4256/2580
f 2579/4255/2579 2583/4259/2583 2665/4404/2665
f 2583/4259/2583 2637/4350/2637 2665/4404/2665
f 2478/4130/2478 2648/4405/2648 2586/4262/2586
f 2584/4372/2584 2649/4374/2649 2637/4406/2637
f 2497/4131/2497 2586/4262/2586 2601/4293/2601
f 2585/4375/2585 2666/4407/2666 2587/4264/2587
f 2618/4373/2618 2667/4408/2667 2649/4374/2649
f 2618/4373/2618 2668/4409/2668 2667/4408/2667
f 2638/4410/2638 2534/4294/2534 2669/4411/2669
f 2421/3996/2421 2450/4049/2450 2619/4323/2619
f 2534/4294/2534 2558/4227/2558 2669/4411/2669
f 2639/4353/2639 2670/4412/2670 2620/4354/2620
f 2464/4071/2464 2671/4413/2671 2672/4414/2672
f 2671/4413/2671 2464/4071/2464 2640/4415/2640
f 2640/4416/2640 2673/4417/2673 2671/4418/2671
f 2373/4419/2373 2674/4420/2674 2465/4421/2465
f 2484/4422/2484 2602/4423/2602 2675/4424/2675
f 2675/4424/2675 2641/4425/2641 2484/4422/2484
f 2402/4027/2402 2588/4266/2588 2425/4426/2425
f 2427/4003/2427 2603/4297/2603 2588/4266/2588
f 2350/3874/2350 2606/4301/2606 2536/4198/2536
f 2536/4198/2536 2676/4427/2676 2332/3851/2332
f 2500/4138/2500 2331/3850/2331 2562/4234/2562
f 2294/3798/2294 2677/4428/2677 2406/3970/2406
f 2485/4112/2485 2654/4388/2654 2540/4203/2540
f 2485/4112/2485 2678/4429/2678 2654/4388/2654
f 2406/3970/2406 2504/4143/2504 2352/3877/2352
f 2590/4430/2590 2625/4431/2625 2610/4432/2610
f 2610/4307/2610 2625/4433/2625 2567/4239/2567
f 2376/3920/2376 2566/4238/2566 2679/4434/2679
f 2541/4204/2541 2376/3920/2376 2679/4434/2679
f 2544/4207/2544 2680/4435/2680 2592/4274/2592
f 2643/4361/2643 2547/4210/2547 2681/4436/2681
f 2630/4437/2630 2628/4335/2628 2682/4438/2682
f 2444/4034/2444 2225/3669/2225 2683/4439/2683
f 2430/4008/2430 2511/4151/2511 2208/3638/2208
f 2645/4365/2645 2571/4245/2571 2646/4366/2646
f 2631/4342/2631 2684/4440/2684 2597/4286/2597
f 2474/4089/2474 2551/4216/2551 2573/4247/2573
f 2685/4441/2685 2475/4442/2475 2528/4443/2528
f 2528/4186/2528 2552/4217/2552 2656/4394/2656
f 2686/4444/2686 2491/4118/2491 2475/4090/2475
f 2657/4395/2657 2531/4288/2531 2658/4397/2658
f 2615/4319/2615 2660/4399/2660 2661/4400/2661
f 2687/4445/2687 2556/4224/2556 2578/4254/2578
f 2687/4445/2687 2636/4349/2636 2556/4224/2556
f 2664/4403/2664 2662/4401/2662 2688/4446/2688
f 2689/4447/2689 2579/4255/2579 2665/4404/2665
f 2580/4256/2580 2663/4402/2663 2690/4448/2690
f 2690/4448/2690 2618/4322/2618 2580/4256/2580
f 2517/4166/2517 2397/4064/2397 2691/4449/2691
f 2397/4064/2397 2460/4066/2460 2691/4449/2691
f 2668/4450/2668 2618/4322/2618 2690/4448/2690
f 2692/4451/2692 2639/4353/2639 2601/4376/2601
f 2620/4324/2620 2670/4452/2670 2693/4453/2693
f 2498/4133/2498 2694/4454/2694 2462/4069/2462
f 2695/4455/2695 2439/4295/2439 2482/4456/2482
f 2650/4378/2650 2483/4457/2483 2349/4379/2349
f 2674/4420/2674 2602/4423/2602 2465/4421/2465
f 2640/4416/2640 2499/4326/2499 2696/4458/2696
f 2236/3689/2236 2092/3453/2092 2697/4459/2697
f 2698/4460/2698 2403/3966/2403 2236/3965/2236
f 2607/4302/2607 2652/4383/2652 2187/3598/2187
f 2375/4461/2375 2677/4462/2677 2294/4463/2294
f 2699/4464/2699 2374/4080/2374 2563/4235/2563
f 2699/4464/2699 2538/4465/2538 2374/4080/2374
f 2653/4387/2653 2625/4331/2625 2537/4199/2537
f 2679/4434/2679 2609/4306/2609 2626/4332/2626
f 2678/4429/2678 2485/4112/2485 2565/4237/2565
f 2626/4332/2626 2541/4204/2541 2679/4434/2679
f 2567/4239/2567 2700/4466/2700 2542/4205/2542
f 2680/4435/2680 2544/4207/2544 2642/4360/2642
f 2701/4467/2701 2546/4209/2546 2524/4177/2524
f 2702/4468/2702 2547/4210/2547 2508/4148/2508
f 2703/4469/2703 2551/4216/2551 2630/4340/2630
f 2704/4470/2704 2527/4281/2527 2644/4363/2644
f 2527/4281/2527 2704/4470/2704 2550/4282/2550
f 2705/4471/2705 2655/4393/2655 2645/4365/2645
f 2684/4440/2684 2631/4342/2631 2655/4472/2655
f 2646/4366/2646 2492/4121/2492 2530/4188/2530
f 2599/4289/2599 2516/4165/2516 2391/3947/2391
f 2577/4253/2577 2533/4192/2533 2706/4473/2706
f 2438/4163/2438 2707/4474/2707 2647/4368/2647
f 2438/4163/2438 2555/4223/2555 2707/4474/2707
f 2661/4400/2661 2708/4475/2708 2662/4401/2662
f 2708/4475/2708 2688/4446/2688 2662/4401/2662
f 2600/4292/2600 2496/4291/2496 2709/4476/2709
f 2664/4403/2664 2688/4446/2688 2710/4477/2710
f 2496/4291/2496 2638/4478/2638 2709/4476/2709
f 2587/4264/2587 2711/4479/2711 2498/4133/2498
f 2639/4353/2639 2692/4451/2692 2670/4412/2670
f 2621/4325/2621 2462/4069/2462 2694/4454/2694
f 2673/4417/2673 2640/4416/2640 2696/4458/2696
f 2641/4356/2641 2651/4380/2651 2130/3512/2130
f 2112/3480/2112 2428/4004/2428 2254/3719/2254
f 2092/3453/2092 2292/3796/2292 2697/4459/2697
f 2520/4381/2520 2500/4138/2500 2712/4480/2712
f 2332/3851/2332 2713/4481/2713 2311/4076/2311
f 2293/3797/2293 2624/4330/2624 2564/4236/2564
f 2505/4144/2505 2627/4333/2627 2714/4482/2714
f 2568/4242/2568 2487/4114/2487 2627/4333/2627
f 2547/4210/2547 2702/4468/2702 2681/4436/2681
f 2701/4483/2701 2715/4484/2715 2546/4334/2546
f 2546/4334/2546 2715/4484/2715 2628/4335/2628
f 2716/4485/2716 2705/4471/2705 2645/4365/2645
f 2716/4485/2716 2645/4365/2645 2646/4366/2646
f 2717/4486/2717 2573/4247/2573 2551/4216/2551
f 2490/4117/2490 2718/4487/2718 2412/3980/2412
f 2719/4488/2719 2530/4188/2530 2573/4247/2573
f 2528/4186/2528 2656/4394/2656 2720/4489/2720
f 2598/4367/2598 2657/4490/2657 2656/4394/2656
f 2574/4249/2574 2721/4491/2721 2658/4397/2658
f 2495/4127/2495 2659/4398/2659 2576/4251/2576
f 2632/4344/2632 2722/4492/2722 2613/4316/2613
f 2533/4192/2533 2600/4292/2600 2706/4473/2706
f 2600/4292/2600 2723/4493/2723 2706/4473/2706
f 2578/4254/2578 2634/4346/2634 2724/4494/2724
f 2687/4495/2687 2689/4447/2689 2725/4496/2725
f 2687/4445/2687 2725/4497/2725 2636/4349/2636
f 2689/4447/2689 2665/4404/2665 2725/4496/2725
f 2636/4498/2636 2726/4499/2726 2648/4405/2648
f 2638/4410/2638 2669/4411/2669 2727/4500/2727
f 2667/4408/2667 2728/4501/2728 2649/4374/2649
f 2669/4411/2669 2729/4502/2729 2730/4503/2730
f 2558/4227/2558 2672/4414/2672 2669/4411/2669
f 2669/4411/2669 2672/4414/2672 2729/4502/2729
f 2464/4071/2464 2672/4414/2672 2558/4227/2558
f 2692/4451/2692 2731/4504/2731 2670/4412/2670
f 2729/4502/2729 2671/4413/2671 2730/4503/2730
f 2670/4412/2670 2731/4504/2731 2693/4505/2693
f 2560/4230/2560 2696/4458/2696 2499/4326/2499
f 2424/4000/2424 2732/4506/2732 2330/3849/2330
f 2604/4299/2604 2603/4297/2603 2291/4028/2291
f 2536/4198/2536 2733/4507/2733 2676/4427/2676
f 2311/4076/2311 2734/4508/2734 2375/4509/2375
f 2441/4079/2441 2735/4510/2735 2563/4235/2563
f 2625/4511/2625 2736/4512/2736 2567/4513/2567
f 2592/4274/2592 2737/4514/2737 2524/4177/2524
f 2630/4437/2630 2682/4438/2682 2703/4515/2703
f 2738/4516/2738 2549/4337/2549 2550/4282/2550
f 2703/4469/2703 2717/4486/2717 2551/4216/2551
f 2412/4517/2412 2739/4518/2739 2445/4364/2445
f 2530/4188/2530 2719/4488/2719 2646/4366/2646
f 2491/4118/2491 2686/4444/2686 2612/4314/2612
f 2575/4250/2575 2721/4491/2721 2574/4249/2574
f 2576/4251/2576 2740/4519/2740 2575/4252/2575
f 2577/4253/2577 2706/4473/2706 2659/4398/2659
f 2514/4162/2514 2722/4520/2722 2513/4161/2513
f 2633/4370/2633 2613/4521/2613 2741/4522/2741
f 2742/4523/2742 2708/4475/2708 2661/4400/2661
f 2633/4370/2633 2741/4522/2741 2617/4321/2617
f 2687/4445/2687 2578/4254/2578 2743/4524/2743
f 2726/4525/2726 2636/4526/2636 2725/4527/2725
f 2665/4404/2665 2744/4528/2744 2725/4496/2725
f 2710/4477/2710 2745/4529/2745 2664/4403/2664
f 2664/4403/2664 2745/4529/2745 2663/4402/2663
f 2710/4530/2710 2746/4531/2746 2745/4532/2745
f 2665/4404/2665 2637/4350/2637 2744/4528/2744
f 2663/4402/2663 2668/4450/2668 2690/4448/2690
f 2649/4374/2649 2747/4533/2747 2637/4406/2637
f 2669/4411/2669 2730/4503/2730 2727/4500/2727
f 2667/4408/2667 2668/4409/2668 2728/4501/2728
f 2729/4502/2729 2672/4414/2672 2671/4413/2671
f 2439/4295/2439 2695/4455/2695 2557/4225/2557
f 2693/4453/2693 2748/4534/2748 2620/4324/2620
f 2620/4324/2620 2748/4534/2748 2559/4228/2559
f 2693/4535/2693 2731/4536/2731 2749/4537/2749
f 2671/4413/2671 2673/4538/2673 2730/4503/2730
f 2463/4070/2463 2621/4325/2621 2750/4539/2750
f 2463/4377/2463 2750/4540/2750 2650/4378/2650
f 2483/4457/2483 2751/4541/2751 2482/4542/2482
f 2466/4075/2466 2752/4543/2752 2253/4544/2253
f 2401/3961/2401 2753/4545/2753 2426/4002/2426
f 2676/4427/2676 2713/4481/2713 2332/3851/2332
f 2562/4234/2562 2501/4233/2501 2754/4546/2754
f 2589/4547/2589 2115/4548/2115 2453/4268/2453
f 2654/4388/2654 2755/4549/2755 2539/4202/2539
f 2609/4385/2609 2679/4550/2679 2756/4551/2756
f 2567/4513/2567 2757/4552/2757 2700/4553/2700
f 2543/4206/2543 2758/4554/2758 2442/4030/2442
f 2487/4114/2487 2759/4555/2759 2627/4333/2627
f 2487/4114/2487 2643/4361/2643 2759/4555/2759
f 2704/4470/2704 2738/4516/2738 2550/4282/2550
f 2549/4337/2549 2738/4516/2738 2629/4338/2629
f 2655/4472/2655 2705/4556/2705 2760/4557/2760
f 2514/4162/2514 2647/4368/2647 2761/4558/2761
f 2722/4492/2722 2632/4344/2632 2513/4343/2513
f 2661/4400/2661 2660/4399/2660 2742/4523/2742
f 2746/4531/2746 2710/4530/2710 2762/4559/2762
f 2638/4478/2638 2727/4560/2727 2709/4476/2709
f 2725/4561/2725 2744/4562/2744 2726/4499/2726
f 2585/4563/2585 2617/4564/2617 2666/4565/2666
f 2663/4402/2663 2745/4529/2745 2668/4450/2668
f 2668/4450/2668 2745/4529/2745 2763/4566/2763
f 2746/4531/2746 2762/4559/2762 2764/4567/2764
f 2746/4531/2746 2764/4567/2764 2745/4532/2745
f 2745/4529/2745 2764/4568/2764 2763/4566/2763
f 2557/4225/2557 2765/4569/2765 2460/4066/2460
f 2649/4374/2649 2728/4501/2728 2766/4570/2766
f 2692/4451/2692 2767/4571/2767 2731/4504/2731
f 2768/4572/2768 2728/4501/2728 2668/4409/2668
f 2423/3999/2423 2769/4573/2769 2399/4106/2399
f 2770/4574/2770 2674/4575/2674 2373/4576/2373
f 2675/4424/2675 2602/4423/2602 2674/4420/2674
f 2771/4577/2771 2519/4170/2519 2425/4001/2425
f 2772/4578/2772 2290/3873/2290 2309/3820/2309
f 2772/4579/2772 2428/4004/2428 2290/3794/2290
f 2733/4507/2733 2536/4198/2536 2606/4301/2606
f 2773/4580/2773 2754/4546/2754 2501/4233/2501
f 2773/4581/2773 2501/4139/2501 2608/4303/2608
f 2652/4383/2652 2735/4582/2735 2441/4029/2441
f 2736/4512/2736 2757/4552/2757 2567/4513/2567
f 2523/4240/2523 2505/4144/2505 2774/4583/2774
f 2758/4554/2758 2642/4360/2642 2442/4030/2442
f 2737/4514/2737 2592/4274/2592 2680/4435/2680
f 2715/4484/2715 2682/4438/2682 2628/4335/2628
f 2775/4584/2775 2644/4363/2644 2445/4364/2445
f 2776/4585/2776 2208/3638/2208 2511/4151/2511
f 2646/4366/2646 2719/4488/2719 2716/4485/2716
f 2684/4440/2684 2490/4117/2490 2597/4286/2597
f 2657/4586/2657 2658/4587/2658 2777/4588/2777
f 2740/4519/2740 2576/4251/2576 2659/4398/2659
f 2722/4520/2722 2514/4162/2514 2761/4558/2761
f 2707/4474/2707 2555/4223/2555 2778/4589/2778
f 2779/4590/2779 2660/4399/2660 2579/4255/2579
f 2579/4255/2579 2689/4447/2689 2779/4590/2779
f 2779/4590/2779 2689/4447/2689 2687/4495/2687
f 2743/4591/2743 2779/4590/2779 2687/4495/2687
f 2780/4592/2780 2600/4292/2600 2709/4476/2709
f 2744/4562/2744 2637/4406/2637 2781/4593/2781
f 2781/4593/2781 2637/4406/2637 2747/4533/2747
f 2767/4571/2767 2692/4451/2692 2601/4376/2601
f 2586/4262/2586 2767/4594/2767 2601/4293/2601
f 2766/4570/2766 2747/4533/2747 2649/4374/2649
f 2668/4409/2668 2763/4595/2763 2768/4572/2768
f 2782/4596/2782 2763/4595/2763 2764/4597/2764
f 2764/4567/2764 2783/4598/2783 2782/4599/2782
f 2768/4572/2768 2766/4570/2766 2728/4501/2728
f 2784/4600/2784 2768/4572/2768 2763/4595/2763
f 2784/4600/2784 2763/4595/2763 2782/4596/2782
f 2785/4601/2785 2782/4596/2782 2783/4602/2783
f 2782/4596/2782 2785/4601/2785 2784/4600/2784
f 2693/4603/2693 2749/4604/2749 2748/4605/2748
f 2730/4503/2730 2673/4538/2673 2786/4606/2786
f 2695/4455/2695 2482/4456/2482 2787/4607/2787
f 2482/4456/2482 2751/4608/2751 2787/4607/2787
f 2673/4417/2673 2788/4609/2788 2786/4610/2786
f 2674/4420/2674 2789/4611/2789 2675/4424/2675
f 2789/4611/2789 2641/4425/2641 2675/4424/2675
f 2696/4458/2696 2560/4230/2560 2790/4612/2790
f 2651/4380/2651 2732/4506/2732 2424/4000/2424
f 2732/4506/2732 2791/4613/2791 2330/3849/2330
f 2791/4613/2791 2623/4329/2623 2330/3849/2330
f 2428/4614/2428 2792/4615/2792 2254/4616/2254
f 2500/4138/2500 2562/4234/2562 2793/4617/2793
f 2734/4508/2734 2677/4618/2677 2375/4509/2375
f 2699/4464/2699 2563/4235/2563 2794/4619/2794
f 2608/4386/2608 2609/4385/2609 2756/4551/2756
f 2564/4236/2564 2795/4620/2795 2653/4387/2653
f 2654/4388/2654 2796/4621/2796 2755/4549/2755
f 2654/4388/2654 2678/4429/2678 2796/4621/2796
f 2797/4622/2797 2351/3876/2351 2522/4174/2522
f 2565/4237/2565 2523/4176/2523 2798/4623/2798
f 2542/4205/2542 2700/4466/2700 2543/4241/2543
f 2700/4466/2700 2758/4624/2758 2543/4241/2543
f 2505/4144/2505 2714/4482/2714 2774/4583/2774
f 2737/4514/2737 2680/4435/2680 2799/4625/2799
f 2737/4514/2737 2701/4467/2701 2524/4177/2524
f 2717/4486/2717 2719/4488/2719 2573/4247/2573
f 2657/4490/2657 2800/4626/2800 2656/4394/2656
f 2575/4250/2575 2740/4627/2740 2721/4491/2721
f 2722/4628/2722 2741/4522/2741 2613/4521/2613
f 2801/4629/2801 2617/4321/2617 2741/4522/2741
f 2710/4530/2710 2688/4630/2688 2802/4631/2802
f 2709/4476/2709 2727/4560/2727 2803/4632/2803
f 2586/4262/2586 2648/4405/2648 2767/4594/2767
f 2764/4567/2764 2762/4559/2762 2783/4598/2783
f 2768/4572/2768 2784/4600/2784 2804/4633/2804
f 2731/4504/2731 2767/4571/2767 2805/4634/2805
f 2806/4635/2806 2807/4636/2807 2808/4637/2808
f 2783/4598/2783 2730/4503/2730 2786/4606/2786
f 2806/4635/2806 2809/4638/2809 2807/4636/2807
f 2807/4639/2807 2809/4640/2809 2810/4641/2810
f 2787/4607/2787 2809/4638/2809 2806/4635/2806
f 2787/4642/2787 2751/4643/2751 2809/4640/2809
f 2809/4640/2809 2811/4644/2811 2810/4641/2810
f 2483/4457/2483 2812/4645/2812 2751/4541/2751
f 2751/4541/2751 2812/4645/2812 2813/4646/2813
f 2751/4643/2751 2813/4647/2813 2809/4640/2809
f 2253/3713/2253 2752/4648/2752 2622/4328/2622
f 2425/4426/2425 2588/4266/2588 2771/4649/2771
f 2607/4650/2607 2589/4547/2589 2814/4651/2814
f 2607/4650/2607 2815/4652/2815 2652/4653/2652
f 2538/4465/2538 2699/4464/2699 2816/4654/2816
f 2538/4465/2538 2816/4654/2816 2624/4655/2624
f 2817/4656/2817 2504/4657/2504 2406/4658/2406
f 2653/4659/2653 2818/4660/2818 2625/4661/2625
f 2819/4662/2819 2522/4174/2522 2504/4663/2504
f 2714/4482/2714 2627/4333/2627 2820/4664/2820
f 2644/4363/2644 2821/4665/2821 2704/4470/2704
f 2739/4518/2739 2775/4584/2775 2445/4364/2445
f 2510/4666/2510 2629/4338/2629 2511/4667/2511
f 2208/3638/2208 2776/4585/2776 2225/3669/2225
f 2718/4487/2718 2822/4668/2822 2412/3980/2412
f 2656/4394/2656 2800/4626/2800 2720/4489/2720
f 2657/4586/2657 2777/4588/2777 2800/4669/2800
f 2658/4587/2658 2721/4670/2721 2777/4588/2777
f 2740/4519/2740 2659/4398/2659 2823/4671/2823
f 2599/4289/2599 2824/4672/2824 2516/4165/2516
f 2600/4292/2600 2780/4592/2780 2723/4493/2723
f 2517/4166/2517 2825/4673/2825 2635/4347/2635
f 2744/4562/2744 2781/4593/2781 2726/4499/2726
f 2727/4500/2727 2730/4503/2730 2762/4559/2762
f 2747/4533/2747 2826/4674/2826 2781/4593/2781
f 2619/4323/2619 2423/3999/2423 2440/4026/2440
f 2762/4559/2762 2730/4503/2730 2783/4598/2783
f 2695/4455/2695 2827/4675/2827 2557/4225/2557
f 2783/4598/2783 2828/4676/2828 2785/4677/2785
f 2768/4572/2768 2804/4633/2804 2766/4570/2766
f 2784/4600/2784 2785/4601/2785 2804/4633/2804
f 2695/4455/2695 2787/4607/2787 2806/4635/2806
f 2650/4378/2650 2829/4678/2829 2483/4457/2483
f 2829/4678/2829 2812/4645/2812 2483/4457/2483
f 2673/4417/2673 2696/4458/2696 2788/4609/2788
f 2809/4640/2809 2830/4679/2830 2811/4644/2811
f 2813/4647/2813 2830/4679/2830 2809/4640/2809
f 2789/4611/2789 2674/4420/2674 2831/4680/2831
f 2466/4075/2466 2518/4169/2518 2832/4681/2832
f 2519/4170/2519 2771/4577/2771 2518/4169/2518
f 2588/4266/2588 2833/4682/2833 2771/4649/2771
f 2426/4002/2426 2834/4683/2834 2309/3820/2309
f 2603/4297/2603 2833/4682/2833 2588/4266/2588
f 2500/4138/2500 2793/4617/2793 2712/4480/2712
f 2793/4617/2793 2562/4234/2562 2835/4684/2835
f 2311/4076/2311 2713/4481/2713 2734/4508/2734
f 2773/4685/2773 2608/4386/2608 2836/4686/2836
f 2608/4386/2608 2756/4551/2756 2836/4686/2836
f 2677/4687/2677 2817/4656/2817 2406/4658/2406
f 2624/4655/2624 2837/4688/2837 2564/4689/2564
f 2642/4360/2642 2838/4690/2838 2680/4435/2680
f 2627/4333/2627 2759/4555/2759 2820/4664/2820
f 2737/4514/2737 2839/4691/2839 2701/4467/2701
f 2840/4692/2840 2760/4693/2760 2705/4694/2705
f 2775/4584/2775 2821/4665/2821 2644/4363/2644
f 2703/4515/2703 2841/4695/2841 2717/4696/2717
f 2684/4440/2684 2718/4487/2718 2490/4117/2490
f 2739/4518/2739 2412/4517/2412 2822/4697/2822
f 2528/4443/2528 2720/4698/2720 2685/4441/2685
f 2612/4314/2612 2842/4699/2842 2599/4289/2599
f 2659/4398/2659 2843/4700/2843 2823/4671/2823
f 2635/4347/2635 2844/4701/2844 2614/4369/2614
f 2708/4702/2708 2845/4703/2845 2688/4704/2688
f 2688/4630/2688 2845/4705/2845 2802/4631/2802
f 2709/4476/2709 2803/4632/2803 2780/4592/2780
f 2710/4530/2710 2802/4631/2802 2762/4559/2762
f 2726/4499/2726 2781/4593/2781 2846/4706/2846
f 2145/3537/2145 2847/4707/2847 2450/4049/2450
f 2557/4225/2557 2827/4675/2827 2765/4569/2765
f 2806/4635/2806 2808/4637/2808 2827/4675/2827
f 2806/4635/2806 2827/4675/2827 2695/4455/2695
f 2807/4708/2807 2810/4709/2810 2848/4710/2848
f 2783/4598/2783 2786/4606/2786 2828/4676/2828
f 2373/4576/2373 2399/4711/2399 2770/4574/2770
f 2849/4712/2849 2829/4678/2829 2650/4378/2650
f 2830/4679/2830 2850/4713/2850 2811/4644/2811
f 2772/4714/2772 2851/4715/2851 2428/4614/2428
f 2604/4299/2604 2852/4716/2852 2603/4297/2603
f 2404/3968/2404 2853/4717/2853 2606/4301/2606
f 2679/4550/2679 2854/4718/2854 2756/4551/2756
f 2624/4655/2624 2816/4654/2816 2837/4688/2837
f 2351/3876/2351 2855/4719/2855 2591/4273/2591
f 2757/4552/2757 2856/4720/2856 2700/4553/2700
f 2758/4554/2758 2838/4690/2838 2642/4360/2642
f 2737/4514/2737 2799/4625/2799 2839/4691/2839
f 2643/4361/2643 2857/4721/2857 2759/4555/2759
f 2702/4468/2702 2858/4722/2858 2681/4436/2681
f 2702/4468/2702 2508/4148/2508 2859/4723/2859
f 2841/4724/2841 2719/4488/2719 2717/4486/2717
f 2684/4440/2684 2860/4725/2860 2718/4487/2718
f 2686/4444/2686 2861/4726/2861 2612/4314/2612
f 2721/4670/2721 2862/4727/2862 2777/4588/2777
f 2740/4728/2740 2862/4727/2862 2721/4670/2721
f 2659/4398/2659 2706/4473/2706 2843/4700/2843
f 2706/4473/2706 2863/4729/2863 2843/4700/2843
f 2761/4558/2761 2647/4368/2647 2864/4730/2864
f 2516/4731/2516 2824/4732/2824 2634/4733/2634
f 2555/4734/2555 2614/4369/2614 2778/4735/2778
f 2706/4473/2706 2723/4493/2723 2863/4729/2863
f 2762/4559/2762 2802/4631/2802 2727/4500/2727
f 2648/4405/2648 2726/4499/2726 2865/4736/2865
f 2726/4499/2726 2846/4706/2846 2865/4736/2865
f 2666/4407/2666 2711/4479/2711 2587/4264/2587
f 2559/4228/2559 2847/4707/2847 2145/3537/2145
f 2808/4637/2808 2807/4636/2807 2866/4737/2866
f 2766/4570/2766 2867/4738/2867 2747/4533/2747
f 2807/4636/2807 2848/4739/2848 2866/4737/2866
f 2696/4458/2696 2868/4740/2868 2788/4609/2788
f 2829/4678/2829 2869/4741/2869 2813/4646/2813
f 2813/4646/2813 2870/4742/2870 2830/4743/2830
f 2830/4743/2830 2870/4742/2870 2871/4744/2871
f 2830/4743/2830 2871/4744/2871 2872/4745/2872
f 2309/3820/2309 2834/4683/2834 2772/4578/2772
f 2236/3965/2236 2697/4746/2697 2698/4460/2698
f 2562/4234/2562 2754/4546/2754 2835/4684/2835
f 2589/4547/2589 2453/4268/2453 2873/4747/2873
f 2653/4659/2653 2795/4748/2795 2874/4749/2874
f 2591/4273/2591 2855/4719/2855 2566/4238/2566
f 2700/4553/2700 2856/4720/2856 2758/4750/2758
f 2857/4721/2857 2643/4361/2643 2681/4436/2681
f 2715/4484/2715 2875/4751/2875 2682/4438/2682
f 2704/4470/2704 2876/4752/2876 2738/4516/2738
f 2877/4753/2877 2716/4754/2716 2841/4695/2841
f 2704/4470/2704 2821/4665/2821 2876/4752/2876
f 2716/4485/2716 2719/4488/2719 2841/4724/2841
f 2655/4472/2655 2878/4755/2878 2684/4440/2684
f 2685/4441/2685 2720/4698/2720 2879/4756/2879
f 2880/4757/2880 2686/4758/2686 2475/4442/2475
f 2777/4588/2777 2881/4759/2881 2800/4669/2800
f 2707/4474/2707 2882/4760/2882 2647/4368/2647
f 2707/4474/2707 2883/4761/2883 2882/4760/2882
f 2778/4589/2778 2883/4761/2883 2707/4474/2707
f 2722/4520/2722 2884/4762/2884 2741/4763/2741
f 2660/4399/2660 2885/4764/2885 2742/4523/2742
f 2724/4765/2724 2886/4766/2886 2578/4767/2578
f 2517/4166/2517 2691/4449/2691 2887/4768/2887
f 2648/4405/2648 2865/4736/2865 2767/4594/2767
f 2498/4133/2498 2711/4479/2711 2888/4769/2888
f 2747/4533/2747 2867/4738/2867 2826/4674/2826
f 2804/4633/2804 2867/4738/2867 2766/4570/2766
f 2804/4633/2804 2889/4770/2889 2867/4738/2867
f 2804/4633/2804 2785/4601/2785 2889/4770/2889
f 2785/4601/2785 2828/4771/2828 2889/4770/2889
f 2828/4771/2828 2890/4772/2890 2889/4770/2889
f 2650/4378/2650 2750/4540/2750 2849/4712/2849
f 2812/4645/2812 2829/4678/2829 2813/4646/2813
f 2789/4611/2789 2891/4773/2891 2641/4425/2641
f 2560/4230/2560 2892/4774/2892 2790/4612/2790
f 2830/4679/2830 2872/4775/2872 2850/4713/2850
f 2466/4075/2466 2832/4681/2832 2752/4543/2752
f 2518/4169/2518 2893/4776/2893 2832/4681/2832
f 2401/3961/2401 2623/4329/2623 2753/4545/2753
f 2676/4427/2676 2894/4777/2894 2713/4481/2713
f 2895/4778/2895 2896/4779/2896 2897/4780/2897
f 2835/4781/2835 2898/4782/2898 2793/4783/2793
f 2835/4781/2835 2754/4784/2754 2898/4782/2898
f 2677/4618/2677 2734/4508/2734 2899/4785/2899
f 2873/4747/2873 2539/4202/2539 2755/4549/2755
f 2699/4464/2699 2900/4786/2900 2816/4654/2816
f 2874/4749/2874 2818/4660/2818 2653/4659/2653
f 2565/4237/2565 2798/4623/2798 2901/4787/2901
f 2523/4240/2523 2774/4583/2774 2798/4788/2798
f 2625/4511/2625 2902/4789/2902 2736/4512/2736
f 2820/4664/2820 2903/4790/2903 2714/4482/2714
f 2838/4690/2838 2904/4791/2904 2680/4435/2680
f 2705/4694/2705 2877/4753/2877 2840/4692/2840
f 2682/4438/2682 2875/4751/2875 2703/4515/2703
f 2705/4471/2705 2716/4485/2716 2877/4792/2877
f 2775/4584/2775 2905/4793/2905 2821/4665/2821
f 2738/4516/2738 2906/4794/2906 2629/4338/2629
f 2843/4700/2843 2907/4795/2907 2823/4671/2823
f 2722/4520/2722 2761/4558/2761 2884/4762/2884
f 2884/4762/2884 2908/4796/2908 2741/4763/2741
f 2742/4523/2742 2909/4797/2909 2708/4475/2708
f 2517/4166/2517 2887/4768/2887 2825/4673/2825
f 2617/4564/2617 2910/4798/2910 2666/4565/2666
f 2460/4066/2460 2765/4569/2765 2691/4449/2691
f 2911/4799/2911 2827/4675/2827 2808/4637/2808
f 2781/4593/2781 2826/4674/2826 2846/4706/2846
f 2808/4637/2808 2866/4737/2866 2912/4800/2912
f 2619/4323/2619 2913/4801/2913 2423/3999/2423
f 2847/4707/2847 2559/4228/2559 2748/4534/2748
f 2498/4133/2498 2888/4769/2888 2694/4454/2694
f 2767/4571/2767 2914/4802/2914 2805/4634/2805
f 2694/4454/2694 2915/4803/2915 2621/4325/2621
f 2674/4575/2674 2770/4574/2770 2916/4804/2916
f 2811/4805/2811 2917/4806/2917 2810/4709/2810
f 2674/4420/2674 2916/4807/2916 2831/4680/2831
f 2831/4680/2831 2891/4773/2891 2789/4611/2789
f 2869/4741/2869 2870/4742/2870 2813/4646/2813
f 2560/4230/2560 2622/4327/2622 2892/4774/2892
f 2833/4682/2833 2918/4808/2918 2771/4649/2771
f 2428/4614/2428 2851/4715/2851 2792/4615/2792
f 2429/4359/2429 2919/4809/2919 2561/4810/2561
f 2733/4507/2733 2920/4811/2920 2676/4427/2676
f 2897/4812/2897 2921/4813/2921 2922/4814/2922
f 2897/4812/2897 2896/4815/2896 2921/4813/2921
f 2754/4784/2754 2773/4816/2773 2923/4817/2923
f 2923/4817/2923 2773/4816/2773 2924/4818/2924
f 2773/4816/2773 2836/4819/2836 2924/4818/2924
f 2607/4650/2607 2814/4651/2814 2815/4652/2815
f 2735/4510/2735 2794/4619/2794 2563/4235/2563
f 2504/4657/2504 2817/4656/2817 2819/4820/2819
f 2522/4174/2522 2819/4662/2819 2797/4622/2797
f 2566/4238/2566 2925/4821/2925 2679/4434/2679
f 2736/4512/2736 2902/4789/2902 2757/4552/2757
f 2774/4583/2774 2714/4482/2714 2903/4790/2903
f 2680/4435/2680 2904/4791/2904 2799/4625/2799
f 2839/4822/2839 2799/4823/2799 2926/4824/2926
f 2799/4625/2799 2927/4825/2927 2926/4826/2926
f 2701/4483/2701 2839/4822/2839 2715/4484/2715
f 2875/4751/2875 2841/4695/2841 2703/4515/2703
f 2775/4584/2775 2739/4518/2739 2905/4793/2905
f 2683/4827/2683 2928/4828/2928 2444/4829/2444
f 2685/4441/2685 2880/4757/2880 2475/4442/2475
f 2612/4830/2612 2861/4831/2861 2842/4832/2842
f 2740/4519/2740 2823/4671/2823 2862/4833/2862
f 2864/4730/2864 2647/4368/2647 2882/4760/2882
f 2660/4399/2660 2929/4834/2929 2885/4764/2885
f 2578/4767/2578 2886/4766/2886 2743/4835/2743
f 2741/4763/2741 2908/4796/2908 2801/4836/2801
f 2845/4705/2845 2930/4837/2930 2802/4631/2802
f 2801/4836/2801 2931/4838/2931 2617/4564/2617
f 2802/4631/2802 2930/4837/2930 2727/4500/2727
f 2765/4569/2765 2827/4675/2827 2911/4799/2911
f 2423/3999/2423 2913/4801/2913 2769/4573/2769
f 2694/4454/2694 2888/4769/2888 2915/4803/2915
f 2889/4770/2889 2932/4839/2932 2867/4738/2867
f 2810/4709/2810 2933/4840/2933 2848/4710/2848
f 2828/4676/2828 2786/4606/2786 2934/4841/2934
f 2810/4709/2810 2917/4806/2917 2933/4840/2933
f 2786/4610/2786 2788/4609/2788 2934/4842/2934
f 2696/4458/2696 2790/4612/2790 2868/4740/2868
f 2849/4712/2849 2869/4741/2869 2829/4678/2829
f 2811/4805/2811 2935/4843/2935 2917/4806/2917
f 2811/4644/2811 2850/4713/2850 2935/4844/2935
f 2641/4425/2641 2936/4845/2936 2651/4846/2651
f 2771/4577/2771 2893/4776/2893 2518/4169/2518
f 2426/4002/2426 2753/4545/2753 2834/4683/2834
f 2292/3796/2292 2937/4847/2937 2697/4459/2697
f 2853/4717/2853 2920/4811/2920 2606/4301/2606
f 2606/4301/2606 2920/4811/2920 2733/4507/2733
f 2712/4848/2712 2793/4783/2793 2938/4849/2938
f 2754/4784/2754 2923/4817/2923 2898/4782/2898
f 2898/4782/2898 2923/4817/2923 2924/4818/2924
f 2756/4551/2756 2939/4850/2939 2836/4686/2836
f 2564/4689/2564 2837/4688/2837 2795/4851/2795
f 2816/4654/2816 2940/4852/2940 2837/4688/2837
f 2565/4237/2565 2901/4787/2901 2678/4429/2678
f 2679/4550/2679 2925/4853/2925 2854/4718/2854
f 2759/4555/2759 2941/4854/2941 2820/4664/2820
f 2838/4690/2838 2942/4855/2942 2904/4791/2904
f 2904/4791/2904 2927/4825/2927 2799/4625/2799
f 2760/4557/2760 2878/4755/2878 2655/4472/2655
f 2508/4148/2508 2928/4856/2928 2859/4723/2859
f 2508/4857/2508 2444/4858/2444 2928/4859/2928
f 2943/4860/2943 2776/4861/2776 2511/4667/2511
f 2686/4758/2686 2880/4757/2880 2944/4862/2944
f 2862/4727/2862 2945/4863/2945 2777/4588/2777
f 2634/4733/2634 2824/4732/2824 2724/4765/2724
f 2660/4399/2660 2779/4590/2779 2929/4834/2929
f 2845/4703/2845 2708/4702/2708 2946/4864/2946
f 2845/4703/2845 2946/4864/2946 2930/4865/2930
f 2617/4564/2617 2931/4838/2931 2910/4798/2910
f 2691/4449/2691 2765/4569/2765 2911/4799/2911
f 2666/4565/2666 2910/4798/2910 2711/4866/2711
f 2767/4594/2767 2865/4736/2865 2947/4867/2947
f 2846/4706/2846 2826/4674/2826 2948/4868/2948
f 2767/4571/2767 2947/4869/2947 2914/4802/2914
f 2867/4738/2867 2932/4839/2932 2826/4674/2826
f 2731/4536/2731 2805/4870/2805 2749/4537/2749
f 2889/4770/2889 2890/4772/2890 2932/4839/2932
f 2892/4774/2892 2622/4327/2622 2949/4871/2949
f 2791/4872/2791 2950/4873/2950 2623/4874/2623
f 2623/4875/2623 2950/4876/2950 2753/4877/2753
f 2520/4381/2520 2712/4480/2712 2951/4878/2951
f 2676/4427/2676 2920/4811/2920 2894/4777/2894
f 2951/4879/2951 2712/4848/2712 2938/4849/2938
f 2713/4481/2713 2894/4777/2894 2952/4880/2952
f 2897/4812/2897 2922/4814/2922 2895/4881/2895
f 2898/4782/2898 2953/4882/2953 2793/4783/2793
f 2713/4481/2713 2954/4883/2954 2734/4508/2734
f 2899/4884/2899 2817/4656/2817 2677/4687/2677
f 2795/4851/2795 2955/4885/2955 2874/4886/2874
f 2940/4852/2940 2956/4887/2956 2837/4688/2837
f 2855/4719/2855 2925/4821/2925 2566/4238/2566
f 2625/4511/2625 2818/4888/2818 2902/4789/2902
f 2757/4552/2757 2902/4789/2902 2856/4720/2856
f 2758/4750/2758 2856/4720/2856 2957/4889/2957
f 2759/4555/2759 2857/4721/2857 2941/4854/2941
f 2926/4824/2926 2927/4890/2927 2958/4891/2958
f 2927/4890/2927 2904/4892/2904 2958/4891/2958
f 2681/4436/2681 2959/4893/2959 2857/4721/2857
f 2840/4692/2840 2877/4753/2877 2960/4894/2960
f 2840/4692/2840 2960/4894/2960 2760/4693/2760
f 2841/4695/2841 2875/4751/2875 2961/4895/2961
f 2702/4468/2702 2859/4723/2859 2858/4722/2858
f 2738/4516/2738 2876/4752/2876 2906/4794/2906
f 2684/4440/2684 2878/4755/2878 2860/4725/2860
f 2686/4896/2686 2944/4897/2944 2861/4831/2861
f 2881/4759/2881 2962/4898/2962 2800/4669/2800
f 2777/4588/2777 2945/4863/2945 2881/4759/2881
f 2862/4833/2862 2823/4671/2823 2907/4795/2907
f 2599/4899/2599 2842/4832/2842 2824/4732/2824
f 2909/4900/2909 2946/4864/2946 2708/4702/2708
f 2803/4901/2803 2727/4500/2727 2930/4837/2930
f 2691/4449/2691 2911/4799/2911 2887/4768/2887
f 2808/4637/2808 2963/4902/2963 2911/4799/2911
f 2808/4637/2808 2912/4800/2912 2963/4902/2963
f 2450/4049/2450 2964/4903/2964 2619/4323/2619
f 2828/4676/2828 2934/4841/2934 2890/4904/2890
f 2788/4609/2788 2868/4740/2868 2934/4842/2934
f 2831/4680/2831 2965/4905/2965 2891/4773/2891
f 2792/4615/2792 2604/4906/2604 2254/4616/2254
f 2605/4300/2605 2937/4847/2937 2292/3796/2292
f 2605/4300/2605 2561/4232/2561 2966/4907/2966
f 2938/4849/2938 2793/4783/2793 2967/4908/2967
f 2793/4783/2793 2953/4882/2953 2967/4908/2967
f 2713/4481/2713 2952/4880/2952 2954/4883/2954
f 2921/4909/2921 2896/4910/2896 2968/4911/2968
f 2898/4782/2898 2969/4912/2969 2953/4882/2953
f 2924/4818/2924 2970/4913/2970 2898/4782/2898
f 2734/4508/2734 2954/4883/2954 2899/4785/2899
f 2873/4747/2873 2971/4914/2971 2589/4547/2589
f 2539/4202/2539 2873/4747/2873 2453/4268/2453
f 2735/4510/2735 2652/4915/2652 2794/4619/2794
f 2678/4429/2678 2901/4787/2901 2796/4621/2796
f 2837/4688/2837 2956/4887/2956 2795/4851/2795
f 2839/4822/2839 2972/4916/2972 2715/4484/2715
f 2858/4722/2858 2959/4893/2959 2681/4436/2681
f 2715/4484/2715 2972/4916/2972 2875/4751/2875
f 2973/4917/2973 2760/4693/2760 2960/4894/2960
f 2841/4695/2841 2961/4895/2961 2974/4918/2974
f 2841/4695/2841 2974/4918/2974 2877/4753/2877
f 2961/4895/2961 2875/4751/2875 2972/4916/2972
f 2975/4919/2975 2821/4920/2821 2905/4921/2905
f 2905/4921/2905 2739/4922/2739 2975/4919/2975
f 2225/3669/2225 2776/4585/2776 2683/4439/2683
f 2843/4700/2843 2976/4923/2976 2907/4795/2907
f 2843/4700/2843 2863/4729/2863 2976/4923/2976
f 2761/4558/2761 2864/4730/2864 2884/4762/2884
f 2742/4523/2742 2885/4764/2885 2909/4797/2909
f 2778/4735/2778 2614/4369/2614 2977/4924/2977
f 2724/4765/2724 2978/4925/2978 2886/4766/2886
f 2780/4592/2780 2803/4632/2803 2979/4926/2979
f 2910/4798/2910 2980/4927/2980 2711/4866/2711
f 2711/4479/2711 2980/4928/2980 2888/4769/2888
f 2932/4839/2932 2981/4929/2981 2826/4674/2826
f 2947/4930/2947 2982/4931/2982 2914/4932/2914
f 2831/4680/2831 2916/4807/2916 2965/4905/2965
f 2891/4773/2891 2936/4845/2936 2641/4425/2641
f 2936/4845/2936 2983/4933/2983 2651/4846/2651
f 2651/4846/2651 2983/4933/2983 2732/4934/2732
f 2404/4935/2404 2403/3966/2403 2853/4936/2853
f 2429/4359/2429 2984/4937/2984 2919/4809/2919
f 2429/4359/2429 2520/4358/2520 2984/4937/2984
f 2895/4881/2895 2985/4938/2985 2896/4910/2896
f 2986/4939/2986 2987/4940/2987 2988/4941/2988
f 2939/4850/2939 2989/4942/2989 2836/4686/2836
f 2795/4851/2795 2956/4887/2956 2955/4885/2955
f 2955/4885/2955 2990/4943/2990 2874/4886/2874
f 2816/4654/2816 2900/4786/2900 2940/4852/2940
f 2940/4852/2940 2991/4944/2991 2956/4887/2956
f 2901/4787/2901 2798/4623/2798 2992/4945/2992
f 2798/4788/2798 2774/4583/2774 2993/4946/2993
f 2758/4750/2758 2957/4889/2957 2838/4947/2838
f 2857/4721/2857 2994/4948/2994 2941/4854/2941
f 2904/4892/2904 2942/4949/2942 2958/4891/2958
f 2942/4949/2942 2974/4918/2974 2958/4891/2958
f 2958/4891/2958 2974/4918/2974 2961/4895/2961
f 2942/4949/2942 2960/4894/2960 2974/4918/2974
f 2960/4894/2960 2877/4753/2877 2974/4918/2974
f 2685/4441/2685 2879/4756/2879 2995/4950/2995
f 2944/4862/2944 2880/4757/2880 2996/4951/2996
f 2720/4698/2720 2997/4952/2997 2879/4756/2879
f 2724/4765/2724 2824/4732/2824 2998/4953/2998
f 2884/4762/2884 2864/4730/2864 2908/4796/2908
f 2723/4493/2723 2780/4592/2780 2979/4926/2979
f 2844/4701/2844 2635/4347/2635 2999/4954/2999
f 2635/4347/2635 2825/4673/2825 2999/4954/2999
f 2803/4632/2803 2930/4865/2930 2979/4926/2979
f 2450/4049/2450 2847/4707/2847 3000/4955/3000
f 2932/4839/2932 2890/4772/2890 3001/4956/3001
f 2805/4870/2805 2914/4932/2914 2749/4537/2749
f 2982/4931/2982 3002/4957/3002 2914/4932/2914
f 2934/4841/2934 3003/4958/3003 2890/4904/2890
f 2965/4905/2965 3004/4959/3004 2891/4773/2891
f 2790/4612/2790 2892/4774/2892 3005/4960/3005
f 2850/4713/2850 3006/4961/3006 2935/4844/2935
f 2732/4934/2732 3007/4962/3007 2791/4872/2791
f 2791/4872/2791 3007/4962/3007 2950/4873/2950
f 3008/4963/3008 3009/4964/3009 3010/4965/3010
f 3008/4963/3008 3011/4966/3011 3009/4964/3009
f 2967/4967/2967 3012/4968/3012 2938/4969/2938
f 2922/4814/2922 3013/4970/3013 2895/4881/2895
f 2969/4912/2969 3014/4971/3014 2953/4882/2953
f 2968/4972/2968 3015/4973/3015 2986/4939/2986
f 2898/4782/2898 2970/4913/2970 2969/4912/2969
f 2921/4974/2921 2988/4941/2988 3016/4975/3016
f 2968/4972/2968 2988/4941/2988 2921/4974/2921
f 2986/4939/2986 2988/4941/2988 2968/4972/2968
f 3017/4976/3017 2986/4977/2986 3015/4978/3015
f 3018/4979/3018 2986/4977/2986 3017/4976/3017
f 2954/4883/2954 3019/4980/3019 2899/4785/2899
f 2924/4981/2924 2836/4686/2836 2989/4942/2989
f 2755/4549/2755 2796/4621/2796 3020/4982/3020
f 2991/4944/2991 3021/4983/3021 2956/4887/2956
f 2874/4749/2874 2990/4984/2990 2818/4660/2818
f 2838/4690/2838 2957/4985/2957 2942/4855/2942
f 2926/4824/2926 2958/4891/2958 2961/4895/2961
f 2926/4824/2926 2972/4916/2972 2839/4822/2839
f 2975/4919/2975 2739/4922/2739 2822/4986/2822
f 2860/4725/2860 2878/4755/2878 3022/4987/3022
f 2718/4487/2718 2860/4725/2860 2822/4668/2822
f 2776/4861/2776 3023/4988/3023 2683/4827/2683
f 2861/4831/2861 3024/4989/3024 2842/4832/2842
f 2862/4727/2862 3025/4990/3025 2945/4863/2945
f 2862/4727/2862 2907/4991/2907 3025/4990/3025
f 2909/4797/2909 2885/4764/2885 3026/4992/3026
f 2882/4760/2882 2908/4796/2908 2864/4730/2864
f 2909/4900/2909 3026/4993/3026 2946/4864/2946
f 2743/4591/2743 3027/4994/3027 2779/4590/2779
f 2932/4839/2932 3001/4956/3001 2981/4929/2981
f 2399/4711/2399 2769/4995/2769 2770/4574/2770
f 2848/4710/2848 2933/4840/2933 3028/4996/3028
f 2947/4930/2947 3029/4997/3029 2982/4931/2982
f 3030/4998/3030 2934/4841/2934 3031/4999/3031
f 2933/4840/2933 2917/4806/2917 3032/5000/3032
f 2869/4741/2869 2849/4712/2849 3033/5001/3033
f 2935/4843/2935 3032/5000/3032 2917/4806/2917
f 3004/4959/3004 2936/4845/2936 2891/4773/2891
f 2870/4742/2870 3034/5002/3034 2871/4744/2871
f 2732/4934/2732 2983/4933/2983 3007/4962/3007
f 3035/5003/3035 2893/4776/2893 2771/4577/2771
f 2771/4649/2771 2918/4808/2918 3035/5004/3035
f 2834/5005/2834 3036/5006/3036 2772/4714/2772
f 2603/4297/2603 2852/4716/2852 2833/4682/2833
f 2605/4300/2605 2966/4907/2966 2937/4847/2937
f 2951/4878/2951 2984/5007/2984 2520/4381/2520
f 3037/5008/3037 3008/4963/3008 3038/5009/3038
f 3037/5008/3037 3011/4966/3011 3008/4963/3008
f 3009/4964/3009 2985/4938/2985 2895/4881/2895
f 2985/4938/2985 3039/5010/3039 2896/4910/2896
f 2921/4974/2921 3016/4975/3016 2922/5011/2922
f 2969/4912/2969 3040/5012/3040 3041/5013/3041
f 2970/4913/2970 3040/5012/3040 2969/4912/2969
f 3016/4975/3016 2988/4941/2988 3042/5014/3042
f 2987/4940/2987 3043/5015/3043 2988/4941/2988
f 2986/4939/2986 3044/5016/3044 2987/4940/2987
f 2756/4551/2756 2854/4718/2854 2939/4850/2939
f 2901/4787/2901 3045/5017/3045 2796/4621/2796
f 2956/4887/2956 3021/4983/3021 2955/4885/2955
f 2900/4786/2900 3046/5018/3046 2940/4852/2940
f 2992/5019/2992 2798/4788/2798 2993/4946/2993
f 2955/4885/2955 3021/4983/3021 2990/4943/2990
f 3021/4983/3021 3047/5020/3047 2990/4943/2990
f 3021/4983/3021 2991/4944/2991 3047/5020/3047
f 2940/4852/2940 3048/5021/3048 2991/4944/2991
f 2856/4720/2856 2902/4789/2902 3049/5022/3049
f 2818/4888/2818 3050/5023/3050 2902/4789/2902
f 2820/4664/2820 2941/4854/2941 2903/4790/2903
f 2926/4824/2926 2961/4895/2961 2972/4916/2972
f 2960/4894/2960 2942/4949/2942 2973/4917/2973
f 2760/4693/2760 3022/5024/3022 2878/5025/2878
f 2822/4986/2822 3051/5026/3051 2975/4919/2975
f 2860/5027/2860 3052/5028/3052 2822/4986/2822
f 2822/4986/2822 3052/5028/3052 3051/5026/3051
f 2685/4441/2685 2995/4950/2995 2880/4757/2880
f 2800/5029/2800 2997/5030/2997 2720/5031/2720
f 2800/5029/2800 2962/5032/2962 2997/5030/2997
f 2885/4764/2885 3053/5033/3053 3054/5034/3054
f 2885/4764/2885 2929/4834/2929 3053/5033/3053
f 3026/4993/3026 3055/5035/3055 2946/4864/2946
f 2778/4735/2778 2977/4924/2977 2883/5036/2883
f 2863/4729/2863 2723/4493/2723 3056/5037/3056
f 2946/4864/2946 3055/5035/3055 2930/4865/2930
f 2887/4768/2887 2911/4799/2911 3057/5038/3057
f 2450/4049/2450 3000/4955/3000 2964/4903/2964
f 2948/4868/2948 2826/4674/2826 2981/4929/2981
f 2866/5039/2866 2848/4710/2848 3028/4996/3028
f 2865/4736/2865 3058/5040/3058 2947/4867/2947
f 2947/5041/2947 3058/5042/3058 3059/5043/3059
f 2947/5041/2947 3059/5043/3059 3029/5044/3029
f 2868/4740/2868 3031/5045/3031 2934/4842/2934
f 2892/4774/2892 3060/5046/3060 3005/4960/3005
f 3061/5047/3061 2935/5048/2935 3006/5049/3006
f 2892/4774/2892 2949/4871/2949 3060/5046/3060
f 2850/4713/2850 3062/5050/3062 3006/4961/3006
f 2872/4775/2872 3062/5050/3062 2850/4713/2850
f 2949/5051/2949 2622/5052/2622 2752/4543/2752
f 2772/4714/2772 3063/5053/3063 2851/4715/2851
f 3008/4963/3008 3010/4965/3010 3038/5009/3038
f 3011/4966/3011 2985/4938/2985 3009/4964/3009
f 2895/4881/2895 3013/4970/3013 3009/4964/3009
f 3064/5054/3064 3014/4971/3014 3065/5055/3065
f 3065/5055/3065 3014/4971/3014 2969/4912/2969
f 2896/4910/2896 3039/5010/3039 2968/4911/2968
f 3065/5055/3065 3017/4976/3017 3015/4978/3015
f 3065/5055/3065 2969/4912/2969 3017/4976/3017
f 2969/4912/2969 3041/5013/3041 3017/4976/3017
f 3017/4976/3017 3041/5013/3041 3018/4979/3018
f 3040/5056/3040 2970/5057/2970 3066/5058/3066
f 2988/4941/2988 3043/5015/3043 3042/5014/3042
f 2924/4818/2924 3067/5059/3067 2970/4913/2970
f 2924/5060/2924 2989/5061/2989 3067/5062/3067
f 2817/4656/2817 2899/4884/2899 2819/4820/2819
f 2940/4852/2940 3046/5018/3046 3048/5021/3048
f 3047/5020/3047 3068/5063/3068 2990/4943/2990
f 3047/5020/3047 2991/4944/2991 3048/5021/3048
f 2990/4984/2990 3069/5064/3069 2818/4660/2818
f 3050/5023/3050 3049/5022/3049 2902/4789/2902
f 2857/4721/2857 2959/4893/2959 2994/4948/2994
f 2942/4949/2942 3070/5065/3070 2973/4917/2973
f 2959/4893/2959 2858/4722/2858 3071/5066/3071
f 2821/4665/2821 3072/5067/3072 2876/4752/2876
f 2858/4722/2858 2859/4723/2859 3071/5066/3071
f 2629/4338/2629 2943/4860/2943 2511/4667/2511
f 2907/4991/2907 2976/5068/2976 3025/4990/3025
f 2863/4729/2863 3056/5037/3056 2976/4923/2976
f 2885/4764/2885 3054/5034/3054 3026/4992/3026
f 2998/4953/2998 2978/4925/2978 2724/4765/2724
f 2883/5036/2883 2977/4924/2977 3073/5069/3073
f 2723/4493/2723 2979/4926/2979 3056/5037/3056
f 2886/4766/2886 3027/5070/3027 2743/4835/2743
f 2981/4929/2981 3074/5071/3074 2948/4868/2948
f 2865/4736/2865 2846/4706/2846 3058/5040/3058
f 2948/4868/2948 3058/5040/3058 2846/4706/2846
f 2890/5072/2890 3003/5073/3003 3001/5074/3001
f 3029/4997/3029 3075/5075/3075 2982/4931/2982
f 3059/5043/3059 3075/5076/3075 3029/5044/3029
f 2868/4740/2868 2790/4612/2790 3031/5045/3031
f 3033/5001/3033 3076/5077/3076 2869/4741/2869
f 2869/4741/2869 3076/5077/3076 2870/4742/2870
f 3076/5077/3076 3034/5002/3034 2870/4742/2870
f 2697/4459/2697 2937/4847/2937 3077/5078/3077
f 2698/4460/2698 3078/5079/3078 2403/3966/2403
f 2853/4717/2853 3079/5080/3079 2920/4811/2920
f 3080/5081/3080 3081/5082/3081 3064/5054/3064
f 3081/5082/3081 3082/5083/3082 3064/5054/3064
f 3009/4964/3009 3013/4970/3013 3083/5084/3083
f 3082/5083/3082 3014/4971/3014 3064/5054/3064
f 3065/5055/3065 3084/5085/3084 3064/5054/3064
f 3065/5055/3065 3015/4978/3015 3084/5085/3084
f 2922/4814/2922 3085/5086/3085 3013/4970/3013
f 3016/4975/3016 3085/5087/3085 2922/5011/2922
f 3042/5014/3042 3086/5088/3086 3016/4975/3016
f 2901/4787/2901 2992/4945/2992 3045/5017/3045
f 2818/4660/2818 3069/5064/3069 3050/5089/3050
f 2903/4790/2903 2941/4854/2941 3087/5090/3087
f 2957/4985/2957 3070/5091/3070 2942/4855/2942
f 2973/4917/2973 3022/5024/3022 2760/4693/2760
f 3022/5092/3022 3052/5028/3052 2860/5027/2860
f 2943/4860/2943 3088/5093/3088 2776/4861/2776
f 3054/5034/3054 3025/5094/3025 3026/4992/3026
f 3026/4992/3026 3025/5094/3025 2976/5095/2976
f 2976/4923/2976 3055/5035/3055 3026/4993/3026
f 2614/4369/2614 2844/4701/2844 2977/4924/2977
f 2908/4796/2908 3089/5096/3089 3090/5097/3090
f 2908/4796/2908 3090/5097/3090 2801/4836/2801
f 2979/4926/2979 2930/4865/2930 3055/5035/3055
f 2963/4902/2963 3057/5038/3057 2911/4799/2911
f 2963/4902/2963 3091/5098/3091 3057/5038/3057
f 2963/4902/2963 2912/4800/2912 3092/5099/3092
f 2914/4932/2914 3002/4957/3002 2749/4537/2749
f 3058/5042/3058 3093/5100/3093 3059/5043/3059
f 2948/5101/2948 3094/5102/3094 3058/5042/3058
f 3059/5043/3059 3093/5100/3093 3075/5076/3075
f 3003/4958/3003 2934/4841/2934 3030/4998/3030
f 2621/4325/2621 3095/5103/3095 2750/4539/2750
f 2916/4807/2916 3096/5104/3096 2965/4905/2965
f 2965/4905/2965 3096/5104/3096 3004/4959/3004
f 3007/5105/3007 3097/5106/3097 2950/4876/2950
f 2950/4876/2950 3098/5107/3098 2753/4877/2753
f 2753/4877/2753 3098/5107/3098 2834/5005/2834
f 2772/4714/2772 3036/5006/3036 3063/5053/3063
f 2697/4746/2697 3077/5108/3077 2698/4460/2698
f 2561/4810/2561 2919/4809/2919 2966/5109/2966
f 2920/4811/2920 3099/5110/3099 2894/4777/2894
f 3080/5081/3080 3037/5111/3037 3081/5082/3081
f 3012/4968/3012 3100/5112/3100 2938/4969/2938
f 3010/4965/3010 3101/5113/3101 3038/5009/3038
f 3009/4964/3009 3083/5084/3083 3010/4965/3010
f 3011/4966/3011 3102/5114/3102 2985/4938/2985
f 3014/5115/3014 3082/5116/3082 2953/5117/2953
f 2953/5117/2953 3082/5116/3082 3103/5118/3103
f 2953/5119/2953 3103/5120/3103 2967/4967/2967
f 3016/4975/3016 3104/5121/3104 3085/5087/3085
f 3039/5122/3039 3015/4973/3015 2968/4972/2968
f 3016/4975/3016 3086/5088/3086 3104/5121/3104
f 3018/5123/3018 3044/5016/3044 2986/4939/2986
f 3043/5015/3043 2987/4940/2987 3044/5016/3044
f 2589/4547/2589 2971/4914/2971 3105/5124/3105
f 2796/4621/2796 3045/5017/3045 3020/4982/3020
f 2774/4583/2774 2903/4790/2903 2993/4946/2993
f 3068/5063/3068 3069/5125/3069 2990/4943/2990
f 3048/5021/3048 3068/5063/3068 3047/5020/3047
f 2975/4919/2975 3051/5026/3051 3106/5126/3106
f 2821/4920/2821 2975/4919/2975 3072/5127/3072
f 3023/4988/3023 2928/4828/2928 2683/4827/2683
f 2776/4861/2776 3088/5093/3088 3023/4988/3023
f 2944/4897/2944 3107/5128/3107 2861/4831/2861
f 2861/4831/2861 3107/5128/3107 3024/4989/3024
f 2976/4923/2976 3056/5037/3056 3055/5035/3055
f 2882/4760/2882 3089/5096/3089 2908/4796/2908
f 2883/4761/2883 3089/5096/3089 2882/4760/2882
f 3056/5037/3056 2979/4926/2979 3055/5035/3055
f 3090/5097/3090 2931/4838/2931 2801/4836/2801
f 2619/4323/2619 2964/4903/2964 2913/4801/2913
f 2748/4605/2748 3108/5129/3108 2847/5130/2847
f 3058/5042/3058 3109/5131/3109 3093/5100/3093
f 3058/5042/3058 3094/5102/3094 3109/5131/3109
f 3110/5132/3110 3001/5074/3001 3003/5073/3003
f 3111/5133/3111 3003/4958/3003 3030/4998/3030
f 3112/5134/3112 3031/5045/3031 2790/4612/2790
f 3113/5135/3113 3033/5001/3033 2849/4712/2849
f 3114/5136/3114 2936/4845/2936 3004/4959/3004
f 3098/5107/3098 3036/5006/3036 2834/5005/2834
f 3115/5137/3115 2792/4615/2792 2851/4715/2851
f 3116/5138/3116 2604/4906/2604 2792/4615/2792
f 3077/5078/3077 2937/4847/2937 3117/5139/3117
f 3118/5140/3118 2853/4936/2853 2403/3966/2403
f 3099/5110/3099 2920/4811/2920 3079/5080/3079
f 3037/5008/3037 3038/5009/3038 3119/5141/3119
f 2951/5142/2951 2938/5143/2938 3120/5144/3120
f 3121/5145/3121 3081/5082/3081 3122/5146/3122
f 3037/5111/3037 3122/5146/3122 3081/5082/3081
f 3037/5008/3037 3080/5147/3080 3011/4966/3011
f 3012/4968/3012 2967/4967/2967 3123/5148/3123
f 3123/5148/3123 2967/4967/2967 3103/5120/3103
f 3102/5114/3102 3039/5010/3039 2985/4938/2985
f 3124/5149/3124 3066/5058/3066 2970/5057/2970
f 3041/5013/3041 3044/5150/3044 3018/4979/3018
f 3124/5149/3124 2970/5057/2970 3125/5151/3125
f 3020/4982/3020 2873/4747/2873 2755/4549/2755
f 3126/5152/3126 2794/4619/2794 2652/4915/2652
f 3127/5153/3127 2939/4850/2939 2854/4718/2854
f 2925/4853/2925 3127/5153/3127 2854/4718/2854
f 3128/5154/3128 2351/3876/2351 2797/4622/2797
f 3128/5154/3128 2855/4719/2855 2351/3876/2351
f 3049/5022/3049 2957/4889/2957 2856/4720/2856
f 2941/4854/2941 2994/4948/2994 3087/5090/3087
f 2994/4948/2994 2959/4893/2959 3129/5155/3129
f 3070/5065/3070 3022/5024/3022 2973/4917/2973
f 3106/5126/3106 3072/5127/3072 2975/4919/2975
f 2881/4759/2881 2945/4863/2945 2962/4898/2962
f 3053/5033/3053 2929/4834/2929 3130/5156/3130
f 3092/5099/3092 3091/5098/3091 2963/4902/2963
f 2912/5157/2912 2866/5039/2866 3028/4996/3028
f 3108/5129/3108 2748/4605/2748 2749/4604/2749
f 2948/5101/2948 3074/5158/3074 3094/5102/3094
f 3131/5159/3131 3109/5131/3109 3094/5102/3094
f 3074/5158/3074 2981/5160/2981 3132/5161/3132
f 3001/5074/3001 3110/5132/3110 2981/5160/2981
f 2981/5160/2981 3110/5132/3110 3132/5161/3132
f 3133/5162/3133 3111/5133/3111 3030/4998/3030
f 3003/5073/3003 3111/5163/3111 3110/5132/3110
f 2750/4540/2750 3113/5135/3113 2849/4712/2849
f 3112/5134/3112 2790/4612/2790 3005/4960/3005
f 3134/5164/3134 2871/4744/2871 3034/5002/3034
f 2872/4745/2872 2871/4744/2871 3134/5164/3134
f 3062/5050/3062 2872/4775/2872 3134/5165/3134
f 2966/4907/2966 2919/5166/2919 3117/5139/3117
f 3119/5141/3119 3038/5009/3038 3135/5167/3135
f 3119/5168/3119 3122/5146/3122 3037/5111/3037
f 3135/5167/3135 3038/5009/3038 3101/5113/3101
f 3121/5145/3121 3082/5083/3082 3081/5082/3081
f 3101/5113/3101 3010/4965/3010 3083/5084/3083
f 3083/5084/3083 3013/4970/3013 3136/5169/3136
f 3013/4970/3013 3085/5086/3085 3137/5170/3137
f 3137/5171/3137 3085/5087/3085 3138/5172/3138
f 3123/5148/3123 3066/5173/3066 3139/5174/3139
f 3123/5148/3123 3103/5120/3103 3066/5173/3066
f 3103/5120/3103 3040/5175/3040 3066/5173/3066
f 3085/5087/3085 3104/5121/3104 3138/5172/3138
f 3039/5122/3039 3140/5176/3140 3015/4973/3015
f 3141/5177/3141 3019/4980/3019 2954/4883/2954
f 2970/5057/2970 3067/5178/3067 3125/5151/3125
f 3086/5088/3086 3042/5014/3042 3142/5179/3142
f 3042/5014/3042 3043/5015/3043 3142/5179/3142
f 2589/4547/2589 3105/5124/3105 2814/4651/2814
f 3142/5179/3142 3043/5015/3043 3143/5180/3143
f 2815/4652/2815 3144/5181/3144 2652/4653/2652
f 2794/4619/2794 2900/4786/2900 2699/4464/2699
f 3050/5023/3050 3145/5182/3145 3049/5022/3049
f 3050/5023/3050 3146/5183/3146 3145/5182/3145
f 3049/5022/3049 3145/5182/3145 2957/4889/2957
f 2959/4893/2959 3071/5066/3071 3147/5184/3147
f 2876/4752/2876 3072/5067/3072 2906/4794/2906
f 2906/4794/2906 3148/5185/3148 2629/4338/2629
f 2859/5186/2859 2928/5187/2928 3149/5188/3149
f 2996/4951/2996 2880/4757/2880 2995/4950/2995
f 2842/4832/2842 3150/5189/3150 2824/4732/2824
f 2824/4732/2824 3150/5189/3150 2998/4953/2998
f 2978/4925/2978 3151/5190/3151 2886/4766/2886
f 2980/4927/2980 3152/5191/3152 2888/5192/2888
f 3152/5193/3152 2915/4803/2915 2888/4769/2888
f 2982/4931/2982 3075/5075/3075 3002/4957/3002
f 3094/5102/3094 3153/5194/3153 3131/5159/3131
f 3074/5158/3074 3153/5194/3153 3094/5102/3094
f 3132/5161/3132 3153/5194/3153 3074/5158/3074
f 3030/4998/3030 3031/4999/3031 3133/5162/3133
f 2621/4325/2621 2915/4803/2915 3095/5103/3095
f 3110/5132/3110 3111/5163/3111 3132/5161/3132
f 3032/5000/3032 3154/5195/3154 2933/4840/2933
f 2750/4540/2750 3095/5196/3095 3113/5135/3113
f 3155/5197/3155 3005/4960/3005 3060/5046/3060
f 2935/5048/2935 3061/5047/3061 3032/5198/3032
f 2752/4543/2752 2832/4681/2832 3156/5199/3156
f 2893/4776/2893 3157/5200/3157 2832/4681/2832
f 2950/4876/2950 3097/5106/3097 3098/5107/3098
f 2851/4715/2851 3063/5053/3063 3115/5137/3115
f 3077/5108/3077 3117/5201/3117 3158/5202/3158
f 2937/4847/2937 2966/4907/2966 3117/5139/3117
f 2951/5142/2951 3120/5144/3120 2984/5203/2984
f 3099/5110/3099 2952/4880/2952 2894/4777/2894
f 3083/5084/3083 3159/5204/3159 3101/5113/3101
f 3011/4966/3011 3080/5147/3080 3160/5205/3160
f 3080/5081/3080 3064/5054/3064 3160/5206/3160
f 3139/5174/3139 3066/5173/3066 3124/5207/3124
f 3019/4980/3019 3161/5208/3161 2899/4785/2899
f 3043/5015/3043 3162/5209/3162 3143/5180/3143
f 2899/4785/2899 3161/5208/3161 2819/5210/2819
f 2873/4747/2873 3020/4982/3020 3163/5211/3163
f 2939/4850/2939 3127/5153/3127 3164/5212/3164
f 2855/5213/2855 3165/5214/3165 2925/4853/2925
f 3069/5064/3069 3146/5215/3146 3050/5089/3050
f 3145/5182/3145 3070/5216/3070 2957/4889/2957
f 2962/4898/2962 2945/4863/2945 3166/5217/3166
f 2998/4953/2998 3150/5189/3150 3167/5218/3167
f 2931/4838/2931 3090/5097/3090 3168/5219/3168
f 2910/4798/2910 2931/4838/2931 3168/5219/3168
f 3152/5193/3152 3095/5103/3095 2915/4803/2915
f 2933/4840/2933 3169/5220/3169 3028/4996/3028
f 3111/5163/3111 3170/5221/3170 3132/5161/3132
f 2933/4840/2933 3154/5195/3154 3169/5220/3169
f 3005/5222/3005 3171/5223/3171 3112/5224/3112
f 2916/4804/2916 3172/5225/3172 3096/5226/3096
f 2936/4845/2936 3114/5136/3114 2983/4933/2983
f 3077/5108/3077 3173/5227/3173 2698/4460/2698
f 3118/5140/3118 2403/3966/2403 3078/5079/3078
f 3174/5228/3174 3175/5229/3175 3176/5230/3176
f 3174/5228/3174 3177/5231/3177 3175/5229/3175
f 3177/5231/3177 3178/5232/3178 3175/5229/3175
f 3176/5230/3176 3175/5229/3175 3179/5233/3179
f 3179/5233/3179 3175/5229/3175 3178/5232/3178
f 3180/5234/3180 3181/5235/3181 3179/5233/3179
f 3121/5236/3121 3182/5237/3182 3082/5116/3082
f 3083/5084/3083 3136/5169/3136 3159/5204/3159
f 3011/4966/3011 3160/5205/3160 3102/5114/3102
f 3136/5169/3136 3013/4970/3013 3137/5170/3137
f 3102/5238/3102 3183/5239/3183 3039/5240/3039
f 3104/5121/3104 3184/5241/3184 3138/5172/3138
f 3040/5242/3040 3185/5243/3185 3041/5244/3041
f 3086/5088/3086 3142/5179/3142 3186/5245/3186
f 3044/5016/3044 3162/5209/3162 3043/5015/3043
f 3187/5246/3187 2797/5247/2797 2819/5248/2819
f 3046/5018/3046 3188/5249/3188 3048/5021/3048
f 3048/5021/3048 3189/5250/3189 3068/5063/3068
f 3190/5251/3190 3191/5252/3191 3146/5253/3146
f 3192/5254/3192 3193/5255/3193 3191/5252/3191
f 3191/5252/3191 3193/5255/3193 3194/5256/3194
f 3022/5092/3022 3194/5256/3194 3052/5028/3052
f 3193/5255/3193 3052/5028/3052 3194/5256/3194
f 2959/4893/2959 3147/5184/3147 3129/5155/3129
f 3072/5067/3072 3195/5257/3195 2906/4794/2906
f 3025/4990/3025 3054/5258/3054 3196/5259/3196
f 2977/4924/2977 2844/4701/2844 3197/5260/3197
f 2883/4761/2883 3073/5261/3073 3089/5096/3089
f 2844/4701/2844 2999/4954/2999 3197/5260/3197
f 3000/5262/3000 2847/5130/2847 3108/5129/3108
f 3093/5100/3093 3109/5131/3109 3075/5076/3075
f 3132/5161/3132 3170/5221/3170 3153/5194/3153
f 3032/5000/3032 3198/5263/3198 3154/5195/3154
f 3171/5264/3171 3005/4960/3005 3155/5197/3155
f 3155/5197/3155 3060/5046/3060 3199/5265/3199
f 3200/5266/3200 3076/5077/3076 3033/5001/3033
f 3006/4961/3006 3062/5050/3062 3201/5267/3201
f 3202/5268/3202 2833/4682/2833 2852/4716/2852
f 3173/5227/3173 3077/5108/3077 3158/5202/3158
f 3078/5079/3078 2698/4460/2698 3173/5227/3173
f 3203/5269/3203 3174/5228/3174 3176/5230/3176
f 2853/5270/2853 3204/5271/3204 3079/5272/3079
f 3179/5233/3179 3178/5232/3178 3180/5234/3180
f 3101/5113/3101 3159/5204/3159 3135/5167/3135
f 3181/5235/3181 3205/5273/3205 3206/5274/3206
f 3180/5234/3180 3205/5273/3205 3181/5235/3181
f 3207/5275/3207 3123/5148/3123 3139/5174/3139
f 3208/5276/3208 3209/5277/3209 3103/5118/3103
f 3140/5278/3140 3039/5240/3039 3183/5239/3183
f 3209/5277/3209 3040/5279/3040 3103/5118/3103
f 3104/5121/3104 3086/5088/3086 3186/5245/3186
f 3184/5241/3184 3104/5121/3104 3186/5245/3186
f 3041/5013/3041 3210/5280/3210 3044/5150/3044
f 3211/5281/3211 3161/5208/3161 3019/4980/3019
f 3142/5179/3142 3143/5180/3143 3212/5282/3212
f 3045/5017/3045 2992/4945/2992 3213/5283/3213
f 3048/5021/3048 3188/5249/3188 3189/5250/3189
f 3068/5063/3068 3189/5250/3189 3069/5125/3069
f 3191/5284/3191 3194/5285/3194 3146/5286/3146
f 3146/5286/3146 3194/5285/3194 3145/5287/3145
f 3192/5254/3192 3191/5252/3191 3190/5251/3190
f 3145/5182/3145 3194/5288/3194 3070/5216/3070
f 3194/5289/3194 3022/5024/3022 3070/5065/3070
f 3214/5290/3214 3052/5028/3052 3193/5255/3193
f 3106/5126/3106 3051/5026/3051 3052/5028/3052
f 3215/5291/3215 3072/5127/3072 3106/5126/3106
f 3071/5292/3071 2859/5186/2859 3149/5188/3149
f 3166/5217/3166 2945/4863/2945 3025/4990/3025
f 3196/5293/3196 3054/5034/3054 3053/5033/3053
f 3027/4994/3027 3130/5156/3130 2929/4834/2929
f 3027/4994/3027 2929/4834/2929 2779/4590/2779
f 3216/5294/3216 2825/4673/2825 2887/4768/2887
f 3133/5295/3133 3170/5221/3170 3111/5163/3111
f 3217/5296/3217 3033/5001/3033 3113/5135/3113
f 3199/5265/3199 3218/5297/3218 3155/5197/3155
f 3004/4959/3004 3096/5104/3096 3219/5298/3219
f 3220/5299/3220 3134/5164/3134 3034/5002/3034
f 3114/5136/3114 3221/5300/3221 2983/4933/2983
f 2949/5051/2949 2752/4543/2752 3156/5199/3156
f 3156/5199/3156 2832/4681/2832 3157/5200/3157
f 3098/5107/3098 3222/5301/3222 3036/5006/3036
f 2918/4808/2918 2833/4682/2833 3202/5268/3202
f 3116/5302/3116 2852/4716/2852 2604/4299/2604
f 3115/5137/3115 3116/5138/3116 2792/4615/2792
f 3203/5269/3203 3177/5231/3177 3174/5228/3174
f 3204/5303/3204 2853/4936/2853 3118/5140/3118
f 3122/5146/3122 3119/5168/3119 3121/5145/3121
f 3179/5304/3179 3181/5305/3181 3223/5306/3223
f 3181/5307/3181 3206/5308/3206 3224/5309/3224
f 3182/5237/3182 3225/5310/3225 3082/5116/3082
f 3082/5116/3082 3225/5310/3225 3103/5118/3103
f 3224/5309/3224 3206/5308/3206 3226/5311/3226
f 3160/5206/3160 3064/5054/3064 3084/5085/3084
f 3123/5148/3123 3207/5275/3207 3012/4968/3012
f 3225/5310/3225 3208/5276/3208 3103/5118/3103
f 2952/4880/2952 3141/5177/3141 2954/4883/2954
f 3138/5172/3138 3227/5312/3227 3228/5313/3228
f 3137/5314/3137 3138/5315/3138 3228/5316/3228
f 3015/5317/3015 3140/5278/3140 3084/5318/3084
f 3138/5172/3138 3184/5241/3184 3227/5312/3227
f 3143/5180/3143 3162/5209/3162 3212/5282/3212
f 3045/5017/3045 3213/5283/3213 3020/4982/3020
f 2900/4786/2900 3229/5319/3229 3046/5018/3046
f 3046/5018/3046 3229/5319/3229 3188/5249/3188
f 3069/5320/3069 3189/5321/3189 3190/5251/3190
f 3069/5320/3069 3190/5251/3190 3146/5253/3146
f 3188/5322/3188 3230/5323/3230 3189/5321/3189
f 3189/5321/3189 3192/5254/3192 3190/5251/3190
f 3189/5321/3189 3230/5323/3230 3192/5254/3192
f 3192/5254/3192 3214/5290/3214 3193/5255/3193
f 3214/5290/3214 3106/5126/3106 3052/5028/3052
f 3231/5324/3231 3215/5291/3215 3106/5126/3106
f 3215/5325/3215 3195/5257/3195 3072/5067/3072
f 2962/4898/2962 3166/5217/3166 3232/5326/3232
f 3024/4989/3024 3150/5189/3150 2842/4832/2842
f 3167/5218/3167 2978/4925/2978 2998/4953/2998
f 3197/5260/3197 3233/5327/3233 2977/4924/2977
f 2886/4766/2886 3234/5328/3234 3027/5070/3027
f 2999/4954/2999 2825/4673/2825 3216/5294/3216
f 3092/5099/3092 3235/5329/3235 3091/5098/3091
f 3171/5264/3171 3155/5197/3155 3218/5297/3218
f 3221/5300/3221 3007/4962/3007 2983/4933/2983
f 2984/5203/2984 3236/5330/3236 2919/5331/2919
f 2984/5203/2984 3120/5144/3120 3236/5330/3236
f 3179/5304/3179 3223/5306/3223 3237/5332/3237
f 3135/5167/3135 3238/5333/3238 3119/5141/3119
f 3136/5169/3136 3239/5334/3239 3159/5204/3159
f 3160/5335/3160 3084/5318/3084 3240/5336/3240
f 3205/5337/3205 3241/5338/3241 3206/5339/3206
f 3206/5339/3206 3241/5338/3241 3226/5340/3226
f 3227/5341/3227 3242/5342/3242 3228/5343/3228
f 3084/5318/3084 3140/5278/3140 3240/5336/3240
f 3241/5338/3241 3243/5344/3243 3226/5340/3226
f 3139/5174/3139 3244/5345/3244 3207/5275/3207
f 3124/5149/3124 3244/5346/3244 3139/5347/3139
f 3040/5242/3040 3209/5348/3209 3185/5243/3185
f 3041/5244/3041 3185/5243/3185 3210/5349/3210
f 3044/5016/3044 3210/5350/3210 3162/5209/3162
f 2873/4747/2873 3163/5211/3163 2971/4914/2971
f 2939/4850/2939 3164/5212/3164 2989/4942/2989
f 2652/4915/2652 3144/5351/3144 3126/5152/3126
f 3020/4982/3020 3213/5283/3213 3245/5352/3245
f 3246/5353/3246 3229/5319/3229 2900/4786/2900
f 3230/5323/3230 3214/5290/3214 3192/5254/3192
f 2943/4860/2943 3247/5354/3247 3088/5093/3088
f 2996/4951/2996 3107/5355/3107 2944/4862/2944
f 3196/5293/3196 3053/5033/3053 3248/5356/3248
f 3053/5033/3053 3130/5156/3130 3248/5356/3248
f 2910/4798/2910 3168/5219/3168 2980/4927/2980
f 3249/5357/3249 2769/5358/2769 2913/5359/2913
f 3075/5076/3075 3109/5131/3109 3250/5360/3250
f 3152/5193/3152 3251/5361/3251 3095/5103/3095
f 3109/5131/3109 3131/5159/3131 3250/5360/3250
f 3217/5296/3217 3200/5266/3200 3033/5001/3033
f 3252/5362/3252 3201/5267/3201 3062/5050/3062
f 3253/5363/3253 3118/5140/3118 3078/5079/3078
f 3118/5140/3118 3254/5364/3254 3255/5365/3255
f 3118/5140/3118 3255/5365/3255 3204/5303/3204
f 3177/5366/3177 3256/5367/3256 3178/5368/3178
f 3179/5304/3179 3237/5332/3237 3176/5369/3176
f 3121/5145/3121 3119/5168/3119 3238/5370/3238
f 2938/4969/2938 3100/5112/3100 3257/5371/3257
f 3121/5372/3121 3258/5373/3258 3182/5374/3182
f 3223/5375/3223 3181/5307/3181 3224/5309/3224
f 3180/5376/3180 3241/5377/3241 3205/5378/3205
f 3137/5314/3137 3228/5316/3228 3136/5379/3136
f 3102/5238/3102 3160/5335/3160 3183/5239/3183
f 3012/4968/3012 3207/5275/3207 3259/5380/3259
f 3183/5239/3183 3160/5335/3160 3240/5336/3240
f 3142/5179/3142 3212/5282/3212 3186/5245/3186
f 2989/4942/2989 3164/5212/3164 3067/5381/3067
f 3126/5382/3126 3144/5383/3144 3260/5384/3260
f 3187/5385/3187 3128/5154/3128 2797/4622/2797
f 2794/4619/2794 3246/5353/3246 2900/4786/2900
f 3188/5322/3188 3261/5386/3261 3230/5323/3230
f 2903/5387/2903 3087/5388/3087 3262/5389/3262
f 3230/5323/3230 3263/5390/3263 3214/5290/3214
f 3264/5391/3264 3231/5324/3231 3106/5126/3106
f 2629/4338/2629 3265/5392/3265 2943/4860/2943
f 3234/5328/3234 2886/4766/2886 3151/5190/3151
f 2977/4924/2977 3233/5327/3233 3073/5069/3073
f 2887/4768/2887 3266/5393/3266 3216/5294/3216
f 2887/4768/2887 3057/5038/3057 3266/5393/3266
f 3267/5394/3267 2980/4927/2980 3168/5219/3168
f 3095/5196/3095 3268/5395/3268 3113/5135/3113
f 3113/5135/3113 3268/5395/3268 3217/5296/3217
f 3032/5198/3032 3061/5047/3061 3198/5396/3198
f 3061/5047/3061 3006/5049/3006 3269/5397/3269
f 3270/5398/3270 3220/5299/3220 3034/5002/3034
f 3007/4962/3007 3221/5300/3221 3097/5399/3097
f 3157/5200/3157 2893/4776/2893 3035/5003/3035
f 3222/5301/3222 3063/5053/3063 3036/5006/3036
f 3202/5268/3202 2852/4716/2852 3271/5400/3271
f 3271/5400/3271 2852/4716/2852 3116/5302/3116
f 3173/5227/3173 3158/5202/3158 3272/5401/3272
f 3273/5402/3273 3173/5227/3173 3272/5401/3272
f 3253/5363/3253 3078/5079/3078 3173/5227/3173
f 3203/5403/3203 3176/5369/3176 3274/5404/3274
f 3253/5363/3253 3254/5364/3254 3118/5140/3118
f 3274/5404/3274 3176/5369/3176 3237/5332/3237
f 3275/5405/3275 3177/5231/3177 3203/5269/3203
f 3276/5406/3276 3079/5272/3079 3204/5271/3204
f 3079/5272/3079 3276/5406/3276 3099/5407/3099
f 2938/5143/2938 3257/5408/3257 3120/5144/3120
f 2952/4880/2952 3099/5110/3099 3277/5409/3277
f 3136/5410/3136 3228/5343/3228 3239/5411/3239
f 3140/5278/3140 3183/5239/3183 3240/5336/3240
f 3226/5311/3226 3278/5412/3278 3279/5413/3279
f 3226/5414/3226 3243/5415/3243 3278/5416/3278
f 3227/5312/3227 3184/5241/3184 3186/5245/3186
f 3210/5350/3210 3280/5417/3280 3162/5209/3162
f 3067/5178/3067 3281/5418/3281 3125/5151/3125
f 3282/5419/3282 3213/5420/3213 2992/5421/2992
f 2993/5422/2993 2903/5387/2903 3262/5389/3262
f 3087/5388/3087 2994/5423/2994 3283/5424/3283
f 3283/5424/3283 2994/5423/2994 3129/5425/3129
f 3214/5290/3214 3264/5391/3264 3106/5126/3106
f 3195/5257/3195 3148/5185/3148 2906/4794/2906
f 3071/5292/3071 3149/5188/3149 3284/5426/3284
f 3285/5427/3285 3167/5218/3167 3150/5189/3150
f 3286/5428/3286 3073/5069/3073 3233/5327/3233
f 3287/5429/3287 3216/5294/3216 3266/5393/3266
f 2964/5430/2964 3000/5262/3000 3288/5431/3288
f 3289/5432/3289 3108/5129/3108 2749/4604/2749
f 3289/5432/3289 2749/4604/2749 3002/5433/3002
f 3170/5221/3170 3131/5159/3131 3153/5194/3153
f 3290/5434/3290 3172/5225/3172 2916/4804/2916
f 3291/5435/3291 3219/5436/3219 3096/5226/3096
f 3198/5396/3198 3061/5047/3061 3269/5397/3269
f 3270/5398/3270 3034/5002/3034 3076/5077/3076
f 3292/5437/3292 3060/5438/3060 2949/5051/2949
f 2949/5051/2949 3156/5199/3156 3292/5437/3292
f 3134/5165/3134 3252/5362/3252 3062/5050/3062
f 3293/5439/3293 3097/5399/3097 3221/5300/3221
f 3098/5107/3098 3097/5106/3097 3222/5301/3222
f 3294/5440/3294 3035/5004/3035 2918/4808/2918
f 3275/5441/3275 3295/5442/3295 3177/5366/3177
f 3295/5442/3295 3256/5367/3256 3177/5366/3177
f 3258/5373/3258 3121/5372/3121 3238/5443/3238
f 3277/5444/3277 3099/5407/3099 3276/5406/3276
f 3256/5367/3256 3296/5445/3296 3178/5368/3178
f 3239/5334/3239 3135/5167/3135 3159/5204/3159
f 3296/5445/3296 3180/5376/3180 3178/5368/3178
f 3100/5112/3100 3012/4968/3012 3259/5380/3259
f 3296/5445/3296 3241/5377/3241 3180/5376/3180
f 2952/4880/2952 3277/5409/3277 3141/5177/3141
f 3239/5411/3239 3228/5343/3228 3242/5342/3242
f 3279/5413/3279 3224/5309/3224 3226/5311/3226
f 3242/5446/3242 3227/5312/3227 3297/5447/3297
f 3297/5447/3297 3227/5312/3227 3186/5245/3186
f 3124/5149/3124 3125/5151/3125 3298/5448/3298
f 3280/5417/3280 3212/5282/3212 3162/5209/3162
f 2992/5421/2992 2993/5449/2993 3282/5419/3282
f 3230/5323/3230 3261/5386/3261 3263/5390/3263
f 3263/5390/3263 3264/5391/3264 3214/5290/3214
f 3149/5450/3149 2928/4828/2928 3023/4988/3023
f 3265/5392/3265 3247/5354/3247 2943/4860/2943
f 2995/4950/2995 2879/4756/2879 3299/5451/3299
f 2997/5452/2997 2962/4898/2962 3232/5326/3232
f 3073/5069/3073 3286/5428/3286 3089/5453/3089
f 3197/5260/3197 2999/4954/2999 3300/5454/3300
f 3089/5096/3089 3168/5219/3168 3090/5097/3090
f 3089/5096/3089 3301/5455/3301 3168/5219/3168
f 3091/5098/3091 3235/5329/3235 3302/5456/3302
f 3266/5393/3266 3057/5038/3057 3091/5098/3091
f 3303/5457/3303 3092/5458/3092 3304/5459/3304
f 3168/5219/3168 3305/5460/3305 3267/5394/3267
f 2980/4927/2980 3267/5394/3267 3152/5191/3152
f 3075/5076/3075 3250/5360/3250 3002/5461/3002
f 3004/4959/3004 3219/5298/3219 3306/5462/3306
f 3201/5267/3201 3269/5463/3269 3006/4961/3006
f 3307/5464/3307 3060/5438/3060 3292/5437/3292
f 3004/4959/3004 3306/5462/3306 3114/5136/3114
f 3306/5462/3306 3221/5300/3221 3114/5136/3114
f 3035/5004/3035 3294/5440/3294 3157/5465/3157
f 3063/5053/3063 3308/5466/3308 3115/5137/3115
f 3117/5201/3117 3309/5467/3309 3158/5202/3158
f 3173/5227/3173 3273/5402/3273 3253/5363/3253
f 3117/5468/3117 2919/5469/2919 3309/5470/3309
f 3254/5471/3254 3237/5332/3237 3255/5472/3255
f 3274/5404/3274 3237/5332/3237 3254/5471/3254
f 3275/5441/3275 3310/5473/3310 3295/5442/3295
f 3276/5406/3276 3204/5271/3204 3311/5474/3311
f 3204/5475/3204 3255/5476/3255 3312/5477/3312
f 3255/5472/3255 3237/5332/3237 3223/5306/3223
f 3313/5478/3313 3100/5112/3100 3314/5479/3314
f 3239/5411/3239 3315/5480/3315 3135/5481/3135
f 3209/5348/3209 3208/5482/3208 3185/5243/3185
f 3124/5149/3124 3298/5448/3298 3244/5346/3244
f 2925/4853/2925 3165/5214/3165 3127/5153/3127
f 3087/5388/3087 3283/5424/3283 3262/5389/3262
f 2995/4950/2995 3316/5483/3316 2996/4951/2996
f 2997/5484/2997 3317/5485/3317 2879/5486/2879
f 3025/4990/3025 3196/5259/3196 3166/5217/3166
f 3167/5218/3167 3318/5487/3318 2978/4925/2978
f 2978/5488/2978 3318/5489/3318 3151/5490/3151
f 3091/5098/3091 3302/5456/3302 3266/5393/3266
f 3092/5458/3092 3303/5457/3303 3235/5491/3235
f 3251/5361/3251 3319/5492/3319 3095/5103/3095
f 3095/5196/3095 3319/5493/3319 3268/5395/3268
f 3154/5494/3154 3198/5396/3198 3320/5495/3320
f 3268/5395/3268 3319/5493/3319 3217/5296/3217
f 3219/5436/3219 3291/5435/3291 3321/5496/3321
f 3219/5436/3219 3321/5496/3321 3322/5497/3322
f 3323/5498/3323 3324/5499/3324 3325/5500/3325
f 3324/5501/3324 3199/5502/3199 3325/5503/3325
f 3199/5265/3199 3060/5046/3060 3307/5504/3307
f 3306/5462/3306 3219/5298/3219 3322/5505/3322
f 3202/5268/3202 3294/5440/3294 2918/4808/2918
f 3115/5137/3115 3326/5506/3326 3116/5138/3116
f 3312/5477/3312 3311/5507/3311 3204/5475/3204
f 3100/5112/3100 3313/5478/3313 3257/5371/3257
f 3258/5373/3258 3327/5508/3327 3182/5374/3182
f 3224/5309/3224 3279/5413/3279 3328/5509/3328
f 3329/5510/3329 3208/5276/3208 3225/5310/3225
f 3297/5447/3297 3186/5245/3186 3330/5511/3330
f 3141/5177/3141 3211/5281/3211 3019/4980/3019
f 2814/4651/2814 3105/5124/3105 3331/5512/3331
f 2814/4651/2814 3331/5512/3331 2815/4652/2815
f 2815/4652/2815 3332/5513/3332 3144/5181/3144
f 3144/5383/3144 3332/5514/3332 3260/5384/3260
f 3127/5153/3127 3333/5515/3333 3164/5212/3164
f 3263/5390/3263 3231/5324/3231 3264/5391/3264
f 3129/5155/3129 3147/5184/3147 3334/5516/3334
f 2629/4338/2629 3148/5185/3148 3265/5392/3265
f 3107/5128/3107 3335/5517/3335 3024/4989/3024
f 3024/4989/3024 3335/5517/3335 3150/5189/3150
f 3248/5356/3248 3130/5156/3130 3336/5518/3336
f 3130/5156/3130 3027/4994/3027 3336/5518/3336
f 3286/5428/3286 3301/5519/3301 3089/5453/3089
f 2964/5430/2964 3337/5520/3337 2913/5359/2913
f 3108/5129/3108 3289/5432/3289 3000/5262/3000
f 3031/4999/3031 3112/5521/3112 3338/5522/3338
f 3199/5523/3199 3307/5524/3307 3325/5525/3325
f 3322/5505/3322 3339/5526/3339 3306/5462/3306
f 3222/5301/3222 3308/5466/3308 3063/5053/3063
f 3308/5466/3308 3326/5506/3326 3115/5137/3115
f 2919/5331/2919 3236/5330/3236 3309/5527/3309
f 3311/5474/3311 3340/5528/3340 3276/5406/3276
f 3255/5476/3255 3223/5375/3223 3312/5477/3312
f 3223/5375/3223 3224/5309/3224 3328/5509/3328
f 3277/5409/3277 3341/5529/3341 3141/5177/3141
f 3341/5529/3341 3211/5281/3211 3141/5177/3141
f 3278/5530/3278 3243/5531/3243 3342/5532/3342
f 3241/5338/3241 3343/5533/3343 3243/5344/3243
f 3243/5531/3243 3343/5534/3343 3342/5532/3342
f 3298/5448/3298 3125/5151/3125 3281/5418/3281
f 3163/5211/3163 3020/4982/3020 3344/5535/3344
f 3126/5152/3126 3246/5353/3246 2794/4619/2794
f 3229/5536/3229 3345/5537/3345 3261/5386/3261
f 2996/4951/2996 3316/5483/3316 3107/5355/3107
f 2964/5430/2964 3288/5431/3288 3337/5520/3337
f 2912/5157/2912 3028/4996/3028 3092/5458/3092
f 3028/4996/3028 3304/5459/3304 3092/5458/3092
f 2913/5359/2913 3337/5520/3337 3249/5357/3249
f 3169/5220/3169 3346/5538/3346 3028/4996/3028
f 3152/5193/3152 3347/5539/3347 3251/5361/3251
f 3031/4999/3031 3338/5522/3338 3133/5162/3133
f 3154/5195/3154 3348/5540/3348 3169/5220/3169
f 3218/5541/3218 3199/5502/3199 3349/5542/3349
f 3198/5396/3198 3350/5543/3350 3320/5495/3320
f 3291/5435/3291 3351/5544/3351 3321/5496/3321
f 3352/5545/3352 3323/5498/3323 3353/5546/3353
f 3200/5266/3200 3354/5547/3354 3076/5077/3076
f 3269/5397/3269 3355/5548/3355 3198/5396/3198
f 3220/5549/3220 3356/5550/3356 3134/5165/3134
f 3356/5550/3356 3252/5362/3252 3134/5165/3134
f 3357/5551/3357 3295/5552/3295 3310/5553/3310
f 3357/5551/3357 3256/5554/3256 3295/5552/3295
f 3340/5528/3340 3277/5444/3277 3276/5406/3276
f 3223/5375/3223 3328/5509/3328 3312/5477/3312
f 3358/5555/3358 3182/5374/3182 3327/5508/3327
f 3359/5556/3359 3296/5445/3296 3256/5367/3256
f 3360/5557/3360 3241/5558/3241 3296/5559/3296
f 3361/5560/3361 3278/5530/3278 3342/5532/3342
f 3360/5561/3360 3343/5534/3343 3241/5562/3241
f 3362/5563/3362 3185/5243/3185 3208/5482/3208
f 3363/5564/3363 3210/5349/3210 3185/5243/3185
f 3363/5564/3363 3280/5565/3280 3210/5349/3210
f 3364/5566/3364 3067/5381/3067 3164/5212/3164
f 3365/5567/3365 2855/5213/2855 3128/5568/3128
f 3229/5319/3229 3261/5569/3261 3188/5249/3188
f 3335/5517/3335 3285/5427/3285 3150/5189/3150
f 3300/5454/3300 2999/4954/2999 3216/5294/3216
f 3287/5429/3287 3266/5393/3266 3302/5456/3302
f 3347/5570/3347 3152/5191/3152 3267/5394/3267
f 3366/5571/3366 3002/5572/3002 3250/5573/3250
f 3251/5361/3251 3367/5574/3367 3319/5492/3319
f 3290/5434/3290 2916/4804/2916 2770/4574/2770
f 3338/5522/3338 3112/5521/3112 3171/5575/3171
f 3348/5540/3348 3154/5195/3154 3320/5576/3320
f 3171/5575/3171 3218/5577/3218 3349/5578/3349
f 3349/5542/3349 3199/5502/3199 3368/5579/3368
f 3324/5501/3324 3368/5579/3368 3199/5502/3199
f 3353/5546/3353 3323/5498/3323 3325/5500/3325
f 3369/5580/3369 3322/5497/3322 3321/5496/3321
f 3221/5300/3221 3370/5581/3370 3293/5439/3293
f 3156/5199/3156 3157/5200/3157 3371/5582/3371
f 3293/5583/3293 3372/5584/3372 3097/5106/3097
f 3372/5584/3372 3222/5301/3222 3097/5106/3097
f 3271/5400/3271 3373/5585/3373 3202/5268/3202
f 3116/5138/3116 3326/5506/3326 3271/5586/3271
f 3274/5404/3274 3374/5587/3374 3203/5403/3203
f 3254/5471/3254 3375/5588/3375 3274/5404/3274
f 3120/5144/3120 3257/5408/3257 3376/5589/3376
f 3312/5477/3312 3328/5509/3328 3311/5507/3311
f 3238/5443/3238 3327/5508/3327 3258/5373/3258
f 3358/5590/3358 3225/5310/3225 3182/5237/3182
f 3359/5556/3359 3360/5591/3360 3296/5445/3296
f 3100/5112/3100 3259/5380/3259 3314/5479/3314
f 3259/5380/3259 3207/5275/3207 3377/5592/3377
f 3207/5275/3207 3244/5345/3244 3377/5592/3377
f 3360/5561/3360 3378/5593/3378 3343/5534/3343
f 3244/5345/3244 3379/5594/3379 3377/5592/3377
f 3378/5593/3378 3342/5532/3342 3343/5534/3343
f 3186/5245/3186 3212/5282/3212 3280/5417/3280
f 3244/5346/3244 3298/5448/3298 3379/5595/3379
f 3379/5595/3379 3298/5448/3298 3380/5596/3380
f 3381/5597/3381 3263/5390/3263 3261/5386/3261
f 3023/4988/3023 3382/5598/3382 3149/5450/3149
f 3088/5093/3088 3382/5598/3382 3023/4988/3023
f 2995/4950/2995 3299/5451/3299 3316/5483/3316
f 3196/5293/3196 3248/5356/3248 3383/5599/3383
f 3384/5600/3384 3234/5601/3234 3151/5490/3151
f 3028/4996/3028 3346/5538/3346 3304/5459/3304
f 2769/4995/2769 3385/5602/3385 2770/4574/2770
f 3172/5225/3172 3291/5435/3291 3096/5226/3096
f 3217/5296/3217 3386/5603/3386 3200/5266/3200
f 3386/5603/3386 3354/5547/3354 3200/5266/3200
f 3387/5604/3387 3388/5605/3388 3389/5606/3389
f 3352/5545/3352 3353/5546/3353 3389/5606/3389
f 3390/5607/3390 3369/5580/3369 3321/5496/3321
f 3387/5604/3387 3389/5606/3389 3391/5608/3391
f 3369/5609/3369 3339/5526/3339 3322/5505/3322
f 3292/5437/3292 3371/5582/3371 3307/5464/3307
f 3292/5437/3292 3156/5199/3156 3371/5582/3371
f 3306/5462/3306 3370/5581/3370 3221/5300/3221
f 3294/5440/3294 3202/5268/3202 3373/5585/3373
f 3253/5363/3253 3392/5610/3392 3254/5364/3254
f 3357/5611/3357 3359/5556/3359 3256/5367/3256
f 3311/5474/3311 3393/5612/3393 3340/5528/3340
f 3377/5592/3377 3379/5594/3379 3394/5613/3394
f 3395/5614/3395 3396/5615/3396 3208/5276/3208
f 3330/5511/3330 3186/5245/3186 3280/5417/3280
f 3363/5564/3363 3397/5616/3397 3280/5565/3280
f 3365/5567/3365 3165/5214/3165 2855/5213/2855
f 3282/5419/3282 2993/5449/2993 3398/5617/3398
f 3229/5319/3229 3246/5353/3246 3345/5618/3345
f 3381/5597/3381 3231/5324/3231 3263/5390/3263
f 2879/4756/2879 3317/5619/3317 3299/5451/3299
f 3232/5620/3232 3317/5485/3317 2997/5484/2997
f 3232/5326/3232 3166/5217/3166 3399/5621/3399
f 3151/5490/3151 3318/5489/3318 3384/5600/3384
f 3267/5394/3267 3305/5460/3305 3347/5570/3347
f 3319/5492/3319 3367/5574/3367 3400/5622/3400
f 3400/5623/3400 3217/5296/3217 3319/5493/3319
f 3350/5543/3350 3401/5624/3401 3320/5495/3320
f 3387/5604/3387 3402/5625/3402 3388/5605/3388
f 3402/5625/3402 3387/5604/3387 3403/5626/3403
f 3198/5396/3198 3355/5548/3355 3350/5543/3350
f 3076/5077/3076 3354/5547/3354 3270/5398/3270
f 3269/5397/3269 3404/5627/3404 3355/5548/3355
f 3269/5397/3269 3201/5628/3201 3404/5627/3404
f 3306/5462/3306 3339/5526/3339 3370/5581/3370
f 3405/5629/3405 3157/5465/3157 3294/5440/3294
f 3374/5587/3374 3275/5630/3275 3203/5403/3203
f 3392/5610/3392 3375/5631/3375 3254/5364/3254
f 3236/5330/3236 3376/5589/3376 3406/5632/3406
f 3238/5443/3238 3407/5633/3407 3327/5508/3327
f 3359/5634/3359 3408/5635/3408 3360/5636/3360
f 3328/5509/3328 3279/5413/3279 3409/5637/3409
f 3358/5590/3358 3410/5638/3410 3225/5310/3225
f 3314/5479/3314 3259/5380/3259 3411/5639/3411
f 3259/5380/3259 3377/5592/3377 3411/5639/3411
f 3410/5638/3410 3329/5510/3329 3225/5310/3225
f 3395/5614/3395 3208/5276/3208 3329/5510/3329
f 3239/5411/3239 3242/5342/3242 3315/5480/3315
f 3242/5342/3242 3297/5640/3297 3315/5480/3315
f 3361/5560/3361 3342/5532/3342 3412/5641/3412
f 3208/5482/3208 3396/5642/3396 3362/5563/3362
f 3298/5448/3298 3413/5643/3413 3380/5596/3380
f 3413/5643/3413 3298/5448/3298 3281/5418/3281
f 3344/5535/3344 3020/4982/3020 3245/5352/3245
f 3187/5644/3187 3414/5645/3414 3128/5646/3128
f 3147/5647/3147 3071/5292/3071 3415/5648/3415
f 3299/5649/3299 3317/5650/3317 3416/5651/3416
f 3248/5356/3248 3417/5652/3417 3383/5599/3383
f 3248/5356/3248 3336/5518/3336 3417/5652/3417
f 3336/5518/3336 3027/4994/3027 3234/5653/3234
f 3400/5623/3400 3386/5603/3386 3217/5296/3217
f 3418/5654/3418 3351/5544/3351 3291/5435/3291
f 3351/5544/3351 3390/5607/3390 3321/5496/3321
f 3419/5655/3419 3369/5580/3369 3390/5607/3390
f 3403/5626/3403 3387/5604/3387 3391/5608/3391
f 3389/5606/3389 3353/5546/3353 3391/5608/3391
f 3270/5398/3270 3420/5656/3420 3220/5299/3220
f 3370/5657/3370 3421/5658/3421 3293/5583/3293
f 3371/5582/3371 3157/5200/3157 3405/5659/3405
f 3293/5583/3293 3421/5658/3421 3372/5584/3372
f 3253/5363/3253 3273/5402/3273 3392/5610/3392
f 3275/5660/3275 3422/5661/3422 3310/5662/3310
f 3120/5144/3120 3376/5589/3376 3236/5330/3236
f 3311/5507/3311 3423/5663/3423 3393/5664/3393
f 3238/5443/3238 3135/5665/3135 3407/5633/3407
f 3342/5532/3342 3378/5593/3378 3412/5641/3412
f 3379/5595/3379 3380/5596/3380 3394/5666/3394
f 3364/5667/3364 3281/5418/3281 3067/5178/3067
f 3245/5352/3245 3213/5283/3213 3424/5668/3424
f 3425/5669/3425 3246/5353/3246 3126/5152/3126
f 3345/5537/3345 3381/5597/3381 3261/5386/3261
f 3426/5670/3426 3107/5128/3107 3316/5671/3316
f 3426/5670/3426 3335/5517/3335 3107/5128/3107
f 3285/5427/3285 3318/5487/3318 3167/5218/3167
f 3384/5672/3384 3427/5673/3427 3234/5674/3234
f 3233/5327/3233 3197/5260/3197 3300/5454/3300
f 3249/5357/3249 3385/5675/3385 2769/5358/2769
f 3428/5676/3428 3133/5162/3133 3338/5522/3338
f 3131/5159/3131 3170/5221/3170 3429/5677/3429
f 3428/5678/3428 3170/5679/3170 3133/5680/3133
f 3385/5602/3385 3290/5434/3290 2770/4574/2770
f 3419/5681/3419 3390/5682/3390 3430/5683/3430
f 3353/5546/3353 3325/5500/3325 3431/5684/3431
f 3325/5685/3325 3307/5686/3307 3431/5687/3431
f 3404/5688/3404 3201/5267/3201 3432/5689/3432
f 3433/5690/3433 3307/5464/3307 3371/5582/3371
f 3326/5506/3326 3434/5691/3434 3271/5586/3271
f 3435/5692/3435 3374/5587/3374 3274/5404/3274
f 3436/5693/3436 3275/5630/3275 3374/5587/3374
f 3437/5694/3437 3357/5551/3357 3310/5553/3310
f 3438/5695/3438 3314/5479/3314 3411/5639/3411
f 3363/5564/3363 3185/5243/3185 3362/5563/3362
f 3439/5696/3439 2971/4914/2971 3163/5211/3163
f 2815/4652/2815 3331/5512/3331 3332/5513/3332
f 3213/5283/3213 3282/5697/3282 3424/5668/3424
f 3128/5568/3128 3414/5698/3414 3365/5567/3365
f 3283/5424/3283 3129/5425/3129 3440/5699/3440
f 3441/5700/3441 3215/5291/3215 3231/5324/3231
f 3215/5325/3215 3442/5701/3442 3195/5257/3195
f 3195/5257/3195 3442/5701/3442 3148/5185/3148
f 3316/5483/3316 3299/5451/3299 3443/5702/3443
f 3232/5326/3232 3399/5621/3399 3317/5703/3317
f 3166/5217/3166 3196/5259/3196 3399/5621/3399
f 3346/5538/3346 3169/5220/3169 3348/5540/3348
f 3429/5677/3429 3250/5360/3250 3131/5159/3131
f 3338/5522/3338 3171/5575/3171 3349/5578/3349
f 3320/5495/3320 3401/5624/3401 3348/5704/3348
f 3444/5705/3444 3445/5706/3445 3430/5683/3430
f 3430/5683/3430 3445/5706/3445 3419/5681/3419
f 3444/5705/3444 3402/5625/3402 3445/5706/3445
f 3388/5605/3388 3402/5625/3402 3444/5705/3444
f 3445/5706/3445 3402/5625/3402 3403/5626/3403
f 3369/5609/3369 3446/5707/3446 3339/5526/3339
f 3431/5687/3431 3307/5686/3307 3433/5708/3433
f 3432/5689/3432 3201/5267/3201 3252/5362/3252
f 3356/5550/3356 3447/5709/3447 3252/5362/3252
f 3421/5658/3421 3448/5710/3448 3449/5711/3449
f 3421/5658/3421 3449/5711/3449 3372/5584/3372
f 3392/5610/3392 3450/5712/3450 3375/5631/3375
f 3422/5661/3422 3437/5713/3437 3310/5662/3310
f 3357/5714/3357 3451/5715/3451 3359/5716/3359
f 3311/5507/3311 3328/5509/3328 3423/5663/3423
f 3340/5528/3340 3452/5717/3452 3277/5444/3277
f 3453/5718/3453 3358/5555/3358 3327/5508/3327
f 3452/5717/3452 3341/5719/3341 3277/5444/3277
f 3377/5592/3377 3394/5613/3394 3454/5720/3454
f 3395/5721/3395 3455/5722/3455 3396/5642/3396
f 3394/5666/3394 3380/5596/3380 3456/5723/3456
f 3331/5512/3331 3105/5124/3105 3457/5724/3457
f 3163/5211/3163 3344/5535/3344 3439/5696/3439
f 3282/5419/3282 3458/5725/3458 3424/5726/3424
f 3127/5153/3127 3165/5214/3165 3459/5727/3459
f 3425/5669/3425 3460/5728/3460 3246/5353/3246
f 3345/5537/3345 3461/5729/3461 3381/5597/3381
f 3283/5424/3283 3462/5730/3462 3262/5389/3262
f 3381/5597/3381 3463/5731/3463 3231/5324/3231
f 3335/5517/3335 3464/5732/3464 3285/5427/3285
f 3196/5293/3196 3383/5599/3383 3399/5733/3399
f 3301/5519/3301 3286/5428/3286 3465/5734/3465
f 3287/5735/3287 3302/5736/3302 3466/5737/3466
f 3168/5219/3168 3301/5455/3301 3305/5460/3305
f 3305/5738/3305 3467/5739/3467 3347/5740/3347
f 3346/5538/3346 3468/5741/3468 3304/5459/3304
f 3346/5538/3346 3469/5742/3469 3468/5741/3468
f 3346/5538/3346 3348/5540/3348 3469/5742/3469
f 3251/5361/3251 3347/5539/3347 3367/5574/3367
f 3347/5743/3347 3470/5744/3470 3367/5745/3367
f 3471/5746/3471 3352/5545/3352 3389/5606/3389
f 3389/5606/3389 3388/5605/3388 3471/5746/3471
f 3350/5543/3350 3355/5548/3355 3401/5624/3401
f 3339/5526/3339 3446/5707/3446 3370/5581/3370
f 3371/5747/3371 3405/5629/3405 3433/5708/3433
f 3370/5657/3370 3472/5748/3472 3421/5658/3421
f 3372/5584/3372 3449/5711/3449 3222/5301/3222
f 3222/5301/3222 3449/5711/3449 3308/5466/3308
f 3434/5691/3434 3326/5506/3326 3308/5466/3308
f 3309/5749/3309 3236/5750/3236 3406/5751/3406
f 3436/5693/3436 3473/5752/3473 3275/5630/3275
f 3473/5753/3473 3422/5661/3422 3275/5660/3275
f 3451/5754/3451 3474/5755/3474 3359/5756/3359
f 3328/5509/3328 3409/5637/3409 3423/5663/3423
f 3475/5757/3475 3438/5695/3438 3411/5639/3411
f 3358/5590/3358 3476/5758/3476 3410/5638/3410
f 3278/5412/3278 3477/5759/3477 3279/5413/3279
f 3410/5638/3410 3476/5758/3476 3329/5510/3329
f 3396/5642/3396 3478/5760/3478 3362/5563/3362
f 3363/5564/3363 3479/5761/3479 3397/5616/3397
f 3413/5643/3413 3480/5762/3480 3380/5596/3380
f 3344/5535/3344 3245/5352/3245 3481/5763/3481
f 3164/5212/3164 3333/5515/3333 3364/5566/3364
f 3127/5153/3127 3459/5727/3459 3333/5515/3333
f 3381/5597/3381 3461/5729/3461 3463/5731/3463
f 3427/5673/3427 3336/5764/3336 3234/5674/3234
f 3216/5294/3216 3482/5765/3482 3300/5454/3300
f 3287/5429/3287 3466/5766/3466 3216/5294/3216
f 3002/5433/3002 3483/5767/3483 3289/5432/3289
f 3348/5540/3348 3484/5768/3484 3469/5742/3469
f 3351/5544/3351 3430/5769/3430 3390/5607/3390
f 3471/5746/3471 3323/5498/3323 3352/5545/3352
f 3270/5398/3270 3354/5547/3354 3485/5770/3485
f 3419/5681/3419 3445/5706/3445 3486/5771/3486
f 3445/5706/3445 3403/5626/3403 3486/5771/3486
f 3391/5608/3391 3353/5546/3353 3431/5684/3431
f 3420/5772/3420 3356/5550/3356 3220/5549/3220
f 3421/5658/3421 3472/5748/3472 3448/5710/3448
f 3405/5629/3405 3294/5440/3294 3487/5773/3487
f 3294/5440/3294 3373/5585/3373 3487/5773/3487
f 3271/5400/3271 3434/5774/3434 3373/5585/3373
f 3488/5775/3488 3375/5631/3375 3450/5712/3450
f 3257/5408/3257 3313/5776/3313 3489/5777/3489
f 3359/5756/3359 3474/5755/3474 3408/5778/3408
f 3313/5478/3313 3314/5479/3314 3438/5695/3438
f 3453/5779/3453 3476/5758/3476 3358/5590/3358
f 3360/5561/3360 3412/5641/3412 3378/5593/3378
f 3211/5281/3211 3341/5529/3341 3490/5780/3490
f 3396/5642/3396 3455/5722/3455 3478/5760/3478
f 3161/5208/3161 3187/5781/3187 2819/5210/2819
f 3246/5353/3246 3460/5728/3460 3345/5618/3345
f 3283/5424/3283 3440/5699/3440 3462/5730/3462
f 3129/5425/3129 3334/5782/3334 3491/5783/3491
f 3147/5647/3147 3415/5648/3415 3334/5784/3334
f 3415/5648/3415 3071/5292/3071 3284/5426/3284
f 3336/5518/3336 3427/5785/3427 3417/5652/3417
f 3233/5327/3233 3465/5734/3465 3286/5428/3286
f 3301/5519/3301 3492/5786/3492 3305/5787/3305
f 3304/5459/3304 3468/5741/3468 3493/5788/3493
f 3170/5679/3170 3428/5678/3428 3429/5789/3429
f 3338/5522/3338 3349/5578/3349 3494/5790/3494
f 3348/5704/3348 3495/5791/3495 3484/5792/3484
f 3348/5704/3348 3401/5624/3401 3495/5791/3495
f 3444/5705/3444 3430/5683/3430 3496/5793/3496
f 3496/5793/3496 3388/5605/3388 3444/5705/3444
f 3419/5794/3419 3497/5795/3497 3369/5609/3369
f 3369/5609/3369 3497/5795/3497 3446/5707/3446
f 3370/5581/3370 3446/5707/3446 3472/5796/3472
f 3373/5585/3373 3434/5774/3434 3487/5773/3487
f 3434/5691/3434 3308/5466/3308 3498/5797/3498
f 3272/5798/3272 3499/5799/3499 3273/5800/3273
f 3406/5751/3406 3500/5801/3500 3309/5749/3309
f 3375/5588/3375 3435/5692/3435 3274/5404/3274
f 3450/5802/3450 3501/5803/3501 3488/5804/3488
f 3422/5661/3422 3451/5754/3451 3437/5713/3437
f 3437/5713/3437 3451/5754/3451 3357/5805/3357
f 3340/5528/3340 3393/5612/3393 3502/5806/3502
f 3257/5408/3257 3489/5777/3489 3376/5589/3376
f 3376/5589/3376 3489/5777/3489 3503/5807/3503
f 3489/5777/3489 3313/5776/3313 3438/5808/3438
f 3407/5633/3407 3453/5718/3453 3327/5508/3327
f 3279/5413/3279 3477/5759/3477 3409/5637/3409
f 3315/5809/3315 3504/5810/3504 3135/5665/3135
f 3331/5811/3331 3505/5812/3505 3332/5514/3332
f 3364/5667/3364 3506/5813/3506 3281/5418/3281
f 2993/5449/2993 3262/5814/3262 3398/5617/3398
f 3231/5324/3231 3463/5731/3463 3441/5700/3441
f 3299/5451/3299 3416/5815/3416 3443/5702/3443
f 3317/5816/3317 3399/5817/3399 3507/5818/3507
f 3285/5427/3285 3464/5732/3464 3318/5487/3318
f 3300/5454/3300 3508/5819/3508 3233/5327/3233
f 3468/5741/3468 3469/5742/3469 3509/5820/3509
f 3469/5742/3469 3510/5821/3510 3509/5820/3509
f 3401/5624/3401 3355/5548/3355 3511/5822/3511
f 3419/5681/3419 3486/5771/3486 3497/5823/3497
f 3403/5626/3403 3391/5608/3391 3486/5771/3486
f 3431/5687/3431 3433/5708/3433 3512/5824/3512
f 3433/5708/3433 3405/5629/3405 3487/5773/3487
f 3449/5711/3449 3498/5797/3498 3308/5466/3308
f 3434/5774/3434 3513/5825/3513 3487/5773/3487
f 3158/5202/3158 3309/5467/3309 3272/5401/3272
f 3374/5826/3374 3514/5827/3514 3436/5828/3436
f 3374/5826/3374 3435/5829/3435 3514/5827/3514
f 3423/5663/3423 3515/5830/3515 3393/5664/3393
f 3502/5831/3502 3516/5832/3516 3340/5833/3340
f 3453/5718/3453 3517/5834/3517 3476/5835/3476
f 3517/5836/3517 3518/5837/3518 3476/5838/3476
f 3135/5665/3135 3504/5810/3504 3407/5633/3407
f 3411/5639/3411 3377/5592/3377 3454/5720/3454
f 3361/5560/3361 3412/5641/3412 3519/5839/3519
f 3211/5281/3211 3490/5780/3490 3161/5208/3161
f 3281/5418/3281 3520/5840/3520 3413/5643/3413
f 3506/5813/3506 3520/5840/3520 3281/5418/3281
f 3521/5841/3521 3459/5727/3459 3165/5214/3165
f 3440/5699/3440 3129/5425/3129 3491/5783/3491
f 3148/5185/3148 3442/5701/3442 3522/5842/3522
f 3149/5188/3149 3382/5843/3382 3284/5426/3284
f 3317/5816/3317 3507/5818/3507 3416/5844/3416
f 3426/5670/3426 3464/5732/3464 3335/5517/3335
f 3464/5732/3464 3523/5845/3523 3318/5487/3318
f 3523/5845/3523 3384/5672/3384 3318/5487/3318
f 3000/5262/3000 3524/5846/3524 3288/5431/3288
f 3493/5788/3493 3468/5741/3468 3525/5847/3525
f 3525/5847/3525 3468/5741/3468 3509/5820/3509
f 3469/5742/3469 3484/5768/3484 3510/5821/3510
f 3470/5744/3470 3400/5848/3400 3367/5745/3367
f 3172/5225/3172 3526/5849/3526 3291/5435/3291
f 3368/5850/3368 3494/5790/3494 3349/5578/3349
f 3496/5851/3496 3430/5852/3430 3351/5853/3351
f 3388/5605/3388 3527/5854/3527 3471/5746/3471
f 3528/5855/3528 3472/5748/3472 3446/5856/3446
f 3433/5708/3433 3487/5773/3487 3512/5824/3512
f 3472/5748/3472 3528/5855/3528 3448/5710/3448
f 3449/5711/3449 3448/5710/3448 3498/5797/3498
f 3434/5691/3434 3498/5797/3498 3513/5857/3513
f 3473/5753/3473 3451/5754/3451 3422/5661/3422
f 3516/5832/3516 3529/5858/3529 3340/5833/3340
f 3407/5633/3407 3517/5834/3517 3453/5718/3453
f 3517/5834/3517 3407/5633/3407 3504/5810/3504
f 3330/5511/3330 3280/5417/3280 3530/5859/3530
f 3245/5860/3245 3424/5861/3424 3481/5862/3481
f 3424/5861/3424 3458/5863/3458 3531/5864/3531
f 3414/5865/3414 3187/5781/3187 3532/5866/3532
f 3533/5867/3533 3364/5667/3364 3333/5868/3333
f 3458/5725/3458 3282/5419/3282 3398/5617/3398
f 3425/5869/3425 3126/5382/3126 3260/5384/3260
f 3398/5617/3398 3262/5814/3262 3534/5870/3534
f 3535/5871/3535 3345/5537/3345 3460/5872/3460
f 3441/5873/3441 3442/5701/3442 3215/5325/3215
f 3522/5842/3522 3265/5392/3265 3148/5185/3148
f 3300/5454/3300 3482/5765/3482 3508/5819/3508
f 3233/5327/3233 3508/5819/3508 3465/5734/3465
f 3216/5294/3216 3466/5766/3466 3482/5765/3482
f 3235/5874/3235 3303/5875/3303 3536/5876/3536
f 3465/5734/3465 3492/5786/3492 3301/5519/3301
f 3524/5846/3524 3537/5877/3537 3288/5431/3288
f 3000/5262/3000 3289/5432/3289 3524/5846/3524
f 3510/5821/3510 3484/5768/3484 3538/5878/3538
f 3290/5434/3290 3526/5849/3526 3172/5225/3172
f 3418/5654/3418 3496/5879/3496 3351/5544/3351
f 3391/5608/3391 3539/5880/3539 3486/5771/3486
f 3391/5881/3391 3431/5687/3431 3539/5882/3539
f 3252/5362/3252 3447/5709/3447 3432/5689/3432
f 3431/5687/3431 3512/5824/3512 3539/5882/3539
f 3528/5855/3528 3446/5856/3446 3497/5883/3497
f 3272/5884/3272 3309/5749/3309 3540/5885/3540
f 3406/5751/3406 3541/5886/3541 3500/5801/3500
f 3406/5751/3406 3376/5887/3376 3542/5888/3542
f 3543/5889/3543 3451/5754/3451 3473/5753/3473
f 3376/5589/3376 3544/5890/3544 3542/5891/3542
f 3393/5892/3393 3515/5893/3515 3502/5894/3502
f 3545/5895/3545 3489/5777/3489 3438/5808/3438
f 3515/5893/3515 3423/5896/3423 3409/5897/3409
f 3546/5898/3546 3409/5899/3409 3477/5900/3477
f 3517/5834/3517 3504/5810/3504 3547/5901/3547
f 3475/5757/3475 3411/5639/3411 3454/5720/3454
f 3517/5834/3517 3547/5901/3547 3518/5902/3518
f 3548/5903/3548 3395/5614/3395 3329/5510/3329
f 3549/5904/3549 3490/5905/3490 3341/5906/3341
f 3395/5721/3395 3548/5907/3548 3455/5722/3455
f 3362/5563/3362 3478/5760/3478 3550/5908/3550
f 3363/5564/3363 3362/5563/3362 3550/5908/3550
f 3550/5908/3550 3479/5761/3479 3363/5564/3363
f 3344/5535/3344 3551/5909/3551 3439/5696/3439
f 3520/5840/3520 3480/5762/3480 3413/5643/3413
f 3443/5702/3443 3426/5910/3426 3316/5483/3316
f 3507/5911/3507 3399/5733/3399 3383/5599/3383
f 3552/5912/3552 3466/5737/3466 3302/5736/3302
f 3482/5913/3482 3466/5737/3466 3553/5914/3553
f 3303/5457/3303 3304/5459/3304 3554/5915/3554
f 3467/5739/3467 3305/5738/3305 3492/5916/3492
f 3337/5520/3337 3288/5431/3288 3537/5877/3537
f 3467/5739/3467 3555/5917/3555 3347/5740/3347
f 3556/5918/3556 3385/5675/3385 3249/5357/3249
f 3347/5740/3347 3555/5917/3555 3470/5919/3470
f 3557/5920/3557 3485/5921/3485 3354/5922/3354
f 3420/5772/3420 3558/5923/3558 3356/5550/3356
f 3539/5924/3539 3513/5857/3513 3559/5925/3559
f 3560/5926/3560 3559/5925/3559 3528/5855/3528
f 3512/5824/3512 3487/5773/3487 3513/5825/3513
f 3559/5925/3559 3448/5710/3448 3528/5855/3528
f 3559/5925/3559 3498/5797/3498 3448/5710/3448
f 3559/5925/3559 3513/5857/3513 3498/5797/3498
f 3375/5927/3375 3561/5928/3561 3435/5829/3435
f 3376/5589/3376 3503/5807/3503 3562/5929/3562
f 3489/5777/3489 3545/5895/3545 3503/5807/3503
f 3340/5833/3340 3529/5858/3529 3452/5930/3452
f 3504/5810/3504 3563/5931/3563 3547/5901/3547
f 3360/5561/3360 3564/5932/3564 3412/5641/3412
f 3412/5933/3412 3564/5934/3564 3519/5935/3519
f 3380/5596/3380 3480/5762/3480 3456/5723/3456
f 3280/5565/3280 3397/5616/3397 3565/5936/3565
f 3532/5866/3532 3187/5781/3187 3566/5937/3566
f 3567/5938/3567 3520/5840/3520 3506/5813/3506
f 3458/5725/3458 3398/5617/3398 3568/5939/3568
f 3569/5940/3569 3460/5872/3460 3425/5941/3425
f 3534/5870/3534 3262/5814/3262 3462/5942/3462
f 3417/5943/3417 3427/5673/3427 3570/5944/3570
f 3427/5673/3427 3384/5672/3384 3570/5944/3570
f 3571/5945/3571 3302/5736/3302 3235/5874/3235
f 3465/5946/3465 3508/5947/3508 3572/5948/3572
f 3465/5946/3465 3572/5948/3572 3492/5916/3492
f 3304/5459/3304 3493/5788/3493 3573/5949/3573
f 3574/5950/3574 3249/5357/3249 3337/5520/3337
f 3366/5951/3366 3483/5767/3483 3002/5433/3002
f 3429/5952/3429 3366/5951/3366 3250/5953/3250
f 3485/5921/3485 3420/5772/3420 3270/5954/3270
f 3575/5955/3575 3355/5548/3355 3404/5627/3404
f 3575/5955/3575 3404/5627/3404 3576/5956/3576
f 3576/5957/3576 3404/5688/3404 3432/5689/3432
f 3486/5958/3486 3560/5926/3560 3497/5883/3497
f 3560/5926/3560 3486/5958/3486 3539/5924/3539
f 3539/5924/3539 3559/5925/3559 3560/5926/3560
f 3512/5824/3512 3513/5825/3513 3539/5882/3539
f 3540/5885/3540 3309/5749/3309 3500/5801/3500
f 3577/5959/3577 3436/5960/3436 3514/5961/3514
f 3577/5959/3577 3473/5753/3473 3436/5960/3436
f 3577/5959/3577 3543/5889/3543 3473/5753/3473
f 3474/5755/3474 3451/5754/3451 3543/5889/3543
f 3376/5589/3376 3562/5929/3562 3544/5890/3544
f 3329/5510/3329 3476/5758/3476 3548/5903/3548
f 3297/5447/3297 3330/5511/3330 3315/5962/3315
f 3578/5963/3578 3478/5760/3478 3455/5722/3455
f 3566/5937/3566 3187/5781/3187 3161/5208/3161
f 3579/5964/3579 2971/4914/2971 3439/5696/3439
f 3459/5965/3459 3533/5966/3533 3333/5967/3333
f 3580/5968/3580 3569/5969/3569 3425/5869/3425
f 3569/5940/3569 3581/5970/3581 3460/5872/3460
f 3463/5731/3463 3582/5971/3582 3441/5700/3441
f 3334/5782/3334 3583/5972/3583 3491/5783/3491
f 3443/5973/3443 3416/5844/3416 3584/5974/3584
f 3383/5975/3383 3417/5943/3417 3570/5944/3570
f 3570/5944/3570 3384/5672/3384 3523/5845/3523
f 3573/5949/3573 3493/5788/3493 3585/5976/3585
f 3585/5976/3585 3493/5788/3493 3525/5847/3525
f 3537/5877/3537 3574/5950/3574 3337/5520/3337
f 3249/5357/3249 3574/5950/3574 3556/5918/3556
f 3586/5977/3586 3386/5978/3386 3400/5979/3400
f 3587/5980/3587 3354/5547/3354 3386/5603/3386
f 3484/5792/3484 3495/5791/3495 3538/5981/3538
f 3558/5923/3558 3447/5709/3447 3356/5550/3356
f 3497/5883/3497 3560/5926/3560 3528/5855/3528
f 3406/5751/3406 3542/5888/3542 3541/5886/3541
f 3545/5895/3545 3544/5890/3544 3503/5807/3503
f 3544/5890/3544 3562/5929/3562 3503/5807/3503
f 3529/5858/3529 3588/5982/3588 3452/5930/3452
f 3477/5759/3477 3278/5412/3278 3589/5983/3589
f 3408/5984/3408 3564/5934/3564 3360/5985/3360
f 3278/5412/3278 3361/5986/3361 3589/5983/3589
f 3590/5987/3590 3548/5907/3548 3476/5988/3476
f 3548/5907/3548 3578/5963/3578 3455/5722/3455
f 3578/5963/3578 3550/5908/3550 3478/5760/3478
f 3344/5535/3344 3481/5763/3481 3551/5909/3551
f 3331/5512/3331 3457/5724/3457 3505/5989/3505
f 3460/5872/3460 3581/5970/3581 3535/5871/3535
f 3415/5990/3415 3591/5991/3591 3334/5782/3334
f 3584/5974/3584 3592/5992/3592 3443/5973/3443
f 3507/5818/3507 3584/5974/3584 3416/5844/3416
f 3235/5874/3235 3536/5876/3536 3571/5945/3571
f 3466/5737/3466 3552/5912/3552 3553/5914/3553
f 3525/5847/3525 3509/5820/3509 3593/5993/3593
f 3509/5994/3509 3594/5995/3594 3593/5996/3593
f 3509/5820/3509 3510/5821/3510 3594/5997/3594
f 3428/5676/3428 3338/5522/3338 3595/5998/3595
f 3470/5744/3470 3586/5999/3586 3400/5848/3400
f 3338/5522/3338 3494/5790/3494 3595/5998/3595
f 3291/5435/3291 3526/5849/3526 3418/5654/3418
f 3401/5624/3401 3511/5822/3511 3495/5791/3495
f 3375/5927/3375 3488/6000/3488 3561/5928/3561
f 3361/6001/3361 3519/5935/3519 3589/6002/3589
f 3330/6003/3330 3530/6004/3530 3315/6005/3315
f 3394/6006/3394 3596/6007/3596 3454/6008/3454
f 3456/6009/3456 3596/6007/3596 3394/6006/3394
f 3161/5208/3161 3490/5780/3490 3566/5937/3566
f 3480/5762/3480 3597/6010/3597 3456/5723/3456
f 3579/5964/3579 3105/5124/3105 2971/4914/2971
f 3397/5616/3397 3479/5761/3479 3598/6011/3598
f 3365/5567/3365 3521/5841/3521 3165/5214/3165
f 3535/5871/3535 3461/5729/3461 3345/5537/3345
f 3088/5093/3088 3599/6012/3599 3382/5598/3382
f 3443/5973/3443 3592/5992/3592 3426/5670/3426
f 3592/5992/3592 3464/5732/3464 3426/5670/3426
f 3592/5992/3592 3600/6013/3600 3464/5732/3464
f 3523/5845/3523 3464/5732/3464 3600/6013/3600
f 3507/5818/3507 3383/5975/3383 3601/6014/3601
f 3383/5975/3383 3570/5944/3570 3601/6014/3601
f 3600/6013/3600 3570/5944/3570 3523/5845/3523
f 3302/5736/3302 3571/5945/3571 3552/5912/3552
f 3303/6015/3303 3554/6016/3554 3536/6017/3536
f 3304/5459/3304 3573/5949/3573 3554/5915/3554
f 3602/6018/3602 3324/5499/3324 3323/5498/3323
f 3354/5922/3354 3587/6019/3587 3557/5920/3557
f 3388/5605/3388 3496/5793/3496 3527/5854/3527
f 3495/5791/3495 3511/5822/3511 3603/6020/3603
f 3485/5921/3485 3604/6021/3604 3420/5772/3420
f 3355/5548/3355 3605/6022/3605 3511/5822/3511
f 3432/5689/3432 3606/6023/3606 3576/5957/3576
f 3577/5959/3577 3607/6024/3607 3543/5889/3543
f 3545/5895/3545 3438/5808/3438 3608/6025/3608
f 3515/5893/3515 3501/6026/3501 3502/5894/3502
f 3452/5717/3452 3588/6027/3588 3341/5719/3341
f 3341/5906/3341 3588/6028/3588 3609/6029/3609
f 3609/6029/3609 3549/5904/3549 3341/5906/3341
f 3563/5931/3563 3610/6030/3610 3547/5901/3547
f 3547/6031/3547 3610/6032/3610 3518/6033/3518
f 3504/5810/3504 3315/5809/3315 3611/6034/3611
f 3518/5837/3518 3590/6035/3590 3476/5838/3476
f 3280/5565/3280 3565/5936/3565 3530/6004/3530
f 3105/5124/3105 3612/6036/3612 3457/5724/3457
f 3567/5938/3567 3613/6037/3613 3520/5840/3520
f 3364/5667/3364 3533/5867/3533 3506/5813/3506
f 3415/5648/3415 3284/5426/3284 3614/6038/3614
f 3247/5354/3247 3599/6012/3599 3088/5093/3088
f 3507/5818/3507 3601/6014/3601 3584/5974/3584
f 3573/6039/3573 3615/6040/3615 3554/6041/3554
f 3573/5949/3573 3585/5976/3585 3615/6042/3615
f 3586/6043/3586 3587/6044/3587 3386/6045/3386
f 3471/5746/3471 3602/6018/3602 3323/5498/3323
f 3420/5772/3420 3604/6021/3604 3616/6046/3616
f 3514/5961/3514 3617/6047/3617 3577/5959/3577
f 3542/5888/3542 3544/6048/3544 3618/6049/3618
f 3545/5895/3545 3618/6050/3618 3544/5890/3544
f 3501/6026/3501 3515/5893/3515 3488/6051/3488
f 3502/5831/3502 3619/6052/3619 3516/5832/3516
f 3502/5831/3502 3501/6053/3501 3619/6052/3619
f 3409/5897/3409 3546/6054/3546 3620/6055/3620
f 3590/5987/3590 3578/5963/3578 3548/5907/3548
f 3397/5616/3397 3598/6011/3598 3565/5936/3565
f 3520/5840/3520 3621/6056/3621 3480/5762/3480
f 3506/5813/3506 3622/6057/3622 3567/5938/3567
f 3425/5869/3425 3260/5384/3260 3580/5968/3580
f 3491/5783/3491 3623/6058/3623 3440/5699/3440
f 3441/5873/3441 3624/6059/3624 3442/5701/3442
f 3591/5991/3591 3583/5972/3583 3334/5782/3334
f 3482/5913/3482 3625/6060/3625 3508/6061/3508
f 3572/5948/3572 3626/6062/3626 3492/5916/3492
f 3554/6041/3554 3615/6040/3615 3627/6063/3627
f 3585/6064/3585 3525/6065/3525 3628/6066/3628
f 3290/5434/3290 3385/5602/3385 3629/6067/3629
f 3495/5791/3495 3630/6068/3630 3538/5981/3538
f 3603/6020/3603 3630/6068/3630 3495/5791/3495
f 3616/6046/3616 3558/5923/3558 3420/5772/3420
f 3631/6069/3631 3499/6070/3499 3272/5884/3272
f 3631/6069/3631 3272/5884/3272 3540/5885/3540
f 3617/6071/3617 3514/5827/3514 3435/5829/3435
f 3392/6072/3392 3632/6073/3632 3450/5802/3450
f 3607/6024/3607 3577/5959/3577 3617/6047/3617
f 3608/6025/3608 3438/5808/3438 3475/6074/3475
f 3515/5893/3515 3409/5897/3409 3620/6055/3620
f 3475/5757/3475 3454/5720/3454 3633/6075/3633
f 3504/5810/3504 3611/6034/3611 3563/5931/3563
f 3590/5987/3590 3518/6076/3518 3610/6077/3610
f 3549/5904/3549 3634/6078/3634 3490/5905/3490
f 3596/6007/3596 3456/6009/3456 3635/6079/3635
f 3598/6011/3598 3479/5761/3479 3550/5908/3550
f 3613/6037/3613 3621/6056/3621 3520/5840/3520
f 3568/5939/3568 3398/5617/3398 3534/5870/3534
f 3592/5992/3592 3584/5974/3584 3601/6014/3601
f 3592/5992/3592 3601/6014/3601 3600/6013/3600
f 3570/5944/3570 3600/6013/3600 3601/6014/3601
f 3636/6080/3636 3572/5948/3572 3508/5947/3508
f 3626/6062/3626 3572/5948/3572 3636/6080/3636
f 3615/6040/3615 3585/6064/3585 3628/6066/3628
f 3626/6062/3626 3467/5739/3467 3492/5916/3492
f 3524/5846/3524 3289/5432/3289 3483/5767/3483
f 3586/6081/3586 3470/5919/3470 3555/5917/3555
f 3538/5878/3538 3637/6082/3637 3510/5821/3510
f 3602/6018/3602 3368/6083/3368 3324/5499/3324
f 3511/5822/3511 3605/6022/3605 3603/6020/3603
f 3355/5548/3355 3575/5955/3575 3605/6022/3605
f 3450/5802/3450 3632/6073/3632 3501/5803/3501
f 3543/5889/3543 3408/5778/3408 3474/5755/3474
f 3589/6002/3589 3519/5935/3519 3564/5934/3564
f 3611/6034/3611 3610/6030/3610 3563/5931/3563
f 3315/6005/3315 3530/6004/3530 3611/6084/3611
f 3622/6057/3622 3506/5813/3506 3533/5867/3533
f 3332/5514/3332 3638/6085/3638 3260/5384/3260
f 3414/5698/3414 3639/6086/3639 3365/5567/3365
f 3260/5384/3260 3638/6085/3638 3580/5968/3580
f 3462/5730/3462 3440/5699/3440 3640/6087/3640
f 3624/6059/3624 3641/6088/3641 3442/5701/3442
f 3553/5914/3553 3625/6060/3625 3482/5913/3482
f 3642/6089/3642 3625/6060/3625 3553/5914/3553
f 3537/5877/3537 3556/5918/3556 3574/5950/3574
f 3467/5739/3467 3643/6090/3643 3555/5917/3555
f 3366/5951/3366 3429/5952/3429 3644/6091/3644
f 3447/5709/3447 3558/5923/3558 3645/6092/3645
f 3447/5709/3447 3606/6023/3606 3432/5689/3432
f 3545/5895/3545 3608/6025/3608 3618/6050/3618
f 3646/6093/3646 3408/5778/3408 3543/5889/3543
f 3515/5893/3515 3647/6094/3647 3488/6051/3488
f 3516/5832/3516 3619/6052/3619 3529/5858/3529
f 3515/5893/3515 3620/6055/3620 3647/6094/3647
f 3648/6095/3648 3564/5934/3564 3408/5984/3408
f 3530/6004/3530 3565/5936/3565 3611/6084/3611
f 3611/6084/3611 3565/5936/3565 3610/6077/3610
f 3610/6077/3610 3565/5936/3565 3590/5987/3590
f 3565/5936/3565 3598/6011/3598 3590/5987/3590
f 3598/6011/3598 3550/5908/3550 3590/5987/3590
f 3590/5987/3590 3550/5908/3550 3578/5963/3578
f 3490/5905/3490 3634/6078/3634 3566/6096/3566
f 3481/5862/3481 3424/5861/3424 3649/6097/3649
f 3424/5861/3424 3531/5864/3531 3649/6097/3649
f 3567/5938/3567 3650/6098/3650 3613/6037/3613
f 3567/5938/3567 3622/6057/3622 3650/6098/3650
f 3462/5942/3462 3640/6099/3640 3651/6100/3651
f 3463/5731/3463 3652/6101/3652 3582/5971/3582
f 3582/5971/3582 3624/6102/3624 3441/5700/3441
f 3552/5912/3552 3571/5945/3571 3642/6089/3642
f 3552/5912/3552 3642/6089/3642 3553/5914/3553
f 3615/6040/3615 3628/6066/3628 3653/6103/3653
f 3626/6062/3626 3643/6090/3643 3467/5739/3467
f 3428/5678/3428 3654/6104/3654 3429/5789/3429
f 3392/6072/3392 3273/5800/3273 3655/6105/3655
f 3541/5886/3541 3542/5888/3542 3656/6106/3656
f 3435/5829/3435 3561/5928/3561 3617/6071/3617
f 3488/6000/3488 3657/6107/3657 3561/5928/3561
f 3501/6053/3501 3658/6108/3658 3619/6052/3619
f 3488/6051/3488 3647/6094/3647 3657/6109/3657
f 3408/6110/3408 3659/6111/3659 3648/6112/3648
f 3589/6002/3589 3660/6113/3660 3477/5900/3477
f 3589/6002/3589 3564/5934/3564 3660/6113/3660
f 3635/6079/3635 3456/6009/3456 3597/6114/3597
f 3566/6096/3566 3634/6078/3634 3661/6115/3661
f 3579/5964/3579 3662/6116/3662 3105/5124/3105
f 3566/6096/3566 3661/6115/3661 3532/6117/3532
f 3414/6118/3414 3532/6117/3532 3639/6119/3639
f 3459/5965/3459 3663/6120/3663 3533/5966/3533
f 3459/5727/3459 3521/5841/3521 3664/6121/3664
f 3569/5940/3569 3665/6122/3665 3581/5970/3581
f 3534/5870/3534 3462/5942/3462 3651/6100/3651
f 3614/6123/3614 3591/5991/3591 3415/5990/3415
f 3508/6061/3508 3625/6060/3625 3636/6124/3636
f 3627/6063/3627 3615/6040/3615 3653/6103/3653
f 3556/5918/3556 3666/6125/3666 3385/5675/3385
f 3385/5602/3385 3666/6126/3666 3629/6067/3629
f 3485/5921/3485 3557/5920/3557 3604/6021/3604
f 3575/6127/3575 3667/6128/3667 3605/6129/3605
f 3576/6130/3576 3667/6128/3667 3575/6127/3575
f 3499/5799/3499 3655/6105/3655 3273/5800/3273
f 3408/6131/3408 3646/6132/3646 3659/6133/3659
f 3477/5900/3477 3660/6113/3660 3546/5898/3546
f 3531/5864/3531 3668/6134/3668 3649/6097/3649
f 3505/5812/3505 3457/6135/3457 3669/6136/3669
f 3365/5567/3365 3639/6086/3639 3521/5841/3521
f 3571/5945/3571 3536/5876/3536 3670/6137/3670
f 3642/6089/3642 3671/6138/3671 3625/6060/3625
f 3525/6065/3525 3593/5996/3593 3672/6139/3672
f 3537/5877/3537 3673/6140/3673 3556/5918/3556
f 3594/6141/3594 3510/6142/3510 3637/6143/3637
f 3447/5709/3447 3645/6092/3645 3606/6023/3606
f 3540/5885/3540 3500/5801/3500 3674/6144/3674
f 3561/5928/3561 3675/6145/3675 3617/6071/3617
f 3392/6072/3392 3655/6105/3655 3632/6073/3632
f 3632/6146/3632 3658/6108/3658 3501/6053/3501
f 3607/6024/3607 3646/6093/3646 3543/5889/3543
f 3657/6109/3657 3647/6094/3647 3676/6147/3676
f 3529/5858/3529 3677/6148/3677 3588/5982/3588
f 3648/6095/3648 3660/6113/3660 3564/5934/3564
f 3105/5124/3105 3678/6149/3678 3612/6036/3612
f 3481/5862/3481 3679/6150/3679 3551/6151/3551
f 3458/5725/3458 3680/6152/3680 3531/6153/3531
f 3580/5968/3580 3681/6154/3681 3569/5969/3569
f 3461/5729/3461 3652/6101/3652 3463/5731/3463
f 3599/6012/3599 3682/6155/3682 3382/5598/3382
f 3554/6041/3554 3627/6063/3627 3683/6156/3683
f 3525/6065/3525 3672/6139/3672 3628/6066/3628
f 3684/6157/3684 3643/6090/3643 3626/6062/3626
f 3524/5846/3524 3673/6140/3673 3537/5877/3537
f 3643/6090/3643 3685/6158/3685 3555/5917/3555
f 3496/6159/3496 3418/6160/3418 3686/6161/3686
f 3538/5981/3538 3630/6068/3630 3687/6162/3687
f 3688/6163/3688 3645/6092/3645 3558/5923/3558
f 3689/6164/3689 3667/6165/3667 3576/5957/3576
f 3606/6023/3606 3689/6164/3689 3576/5957/3576
f 3500/5801/3500 3541/5886/3541 3674/6144/3674
f 3617/6047/3617 3690/6166/3690 3607/6024/3607
f 3607/6024/3607 3690/6166/3690 3646/6093/3646
f 3691/6167/3691 3454/6008/3454 3596/6007/3596
f 3612/6036/3612 3669/6168/3669 3457/5724/3457
f 3621/6169/3621 3597/6170/3597 3480/6171/3480
f 3622/6172/3622 3533/5966/3533 3663/6120/3663
f 3440/5699/3440 3623/6058/3623 3692/6173/3692
f 3583/5972/3583 3623/6058/3623 3491/5783/3491
f 3693/6174/3693 3265/5392/3265 3522/5842/3522
f 3694/6175/3694 3536/5876/3536 3554/6176/3554
f 3684/6157/3684 3626/6062/3626 3636/6080/3636
f 3586/6081/3586 3555/5917/3555 3685/6158/3685
f 3695/6177/3695 3526/5849/3526 3290/5434/3290
f 3494/5790/3494 3368/5850/3368 3696/6178/3696
f 3697/6179/3697 3557/5920/3557 3587/6019/3587
f 3616/6046/3616 3604/6021/3604 3698/6180/3698
f 3499/6070/3499 3631/6069/3631 3699/6181/3699
f 3700/6182/3700 3631/6069/3631 3540/5885/3540
f 3701/6183/3701 3659/6111/3659 3646/6184/3646
f 3634/6078/3634 3549/5904/3549 3702/6185/3702
f 3105/5124/3105 3662/6116/3662 3678/6149/3678
f 3439/5696/3439 3551/5909/3551 3579/5964/3579
f 3703/6186/3703 3532/6117/3532 3661/6115/3661
f 3613/6187/3613 3704/6188/3704 3621/6189/3621
f 3680/6152/3680 3458/5725/3458 3568/5939/3568
f 3505/5812/3505 3638/6085/3638 3332/5514/3332
f 3663/6120/3663 3705/6190/3705 3622/6172/3622
f 3665/6122/3665 3535/5871/3535 3581/5970/3581
f 3641/6088/3641 3522/5842/3522 3442/5701/3442
f 3265/5392/3265 3693/6174/3693 3247/5354/3247
f 3627/6063/3627 3653/6103/3653 3683/6156/3683
f 3672/6139/3672 3593/5996/3593 3706/6191/3706
f 3685/6158/3685 3643/6090/3643 3684/6157/3684
f 3595/5998/3595 3494/5790/3494 3707/6192/3707
f 3708/6193/3708 3602/6194/3602 3471/6195/3471
f 3538/5981/3538 3687/6162/3687 3637/6196/3637
f 3697/6179/3697 3604/6021/3604 3557/5920/3557
f 3605/6022/3605 3709/6197/3709 3603/6020/3603
f 3667/6128/3667 3710/6198/3710 3605/6129/3605
f 3540/5885/3540 3674/6144/3674 3700/6182/3700
f 3675/6199/3675 3690/6166/3690 3617/6047/3617
f 3542/5888/3542 3618/6049/3618 3711/6200/3711
f 3712/6201/3712 3646/6093/3646 3690/6166/3690
f 3712/6202/3712 3701/6203/3701 3646/6204/3646
f 3658/6108/3658 3529/5858/3529 3619/6052/3619
f 3608/6025/3608 3475/6074/3475 3713/6205/3713
f 3546/6054/3546 3714/6206/3714 3620/6055/3620
f 3546/5898/3546 3660/6113/3660 3714/6207/3714
f 3634/6078/3634 3702/6185/3702 3661/6115/3661
f 3481/5862/3481 3649/6097/3649 3679/6150/3679
f 3532/6117/3532 3703/6186/3703 3639/6119/3639
f 3664/6208/3664 3663/6120/3663 3459/5965/3459
f 3535/5871/3535 3652/6101/3652 3461/5729/3461
f 3382/6209/3382 3682/6210/3682 3284/6211/3284
f 3571/5945/3571 3670/6137/3670 3642/6089/3642
f 3554/6041/3554 3715/6212/3715 3694/6213/3694
f 3554/6041/3554 3683/6156/3683 3715/6212/3715
f 3483/5767/3483 3716/6214/3716 3524/5846/3524
f 3593/5996/3593 3594/5995/3594 3706/6191/3706
f 3556/5918/3556 3673/6140/3673 3666/6125/3666
f 3428/5676/3428 3595/5998/3595 3717/6215/3717
f 3494/5790/3494 3696/6178/3696 3707/6192/3707
f 3718/6216/3718 3697/6179/3697 3587/6019/3587
f 3603/6020/3603 3709/6197/3709 3630/6068/3630
f 3606/6023/3606 3719/6217/3719 3689/6164/3689
f 3674/6144/3674 3541/5886/3541 3656/6106/3656
f 3542/5888/3542 3711/6200/3711 3656/6106/3656
f 3675/6199/3675 3712/6201/3712 3690/6166/3690
f 3618/6218/3618 3608/6219/3608 3720/6220/3720
f 3721/6221/3721 3701/6203/3701 3712/6202/3712
f 3722/6222/3722 3659/6111/3659 3701/6183/3701
f 3529/5858/3529 3723/6223/3723 3677/6148/3677
f 3722/6222/3722 3648/6112/3648 3659/6111/3659
f 3648/6095/3648 3724/6224/3724 3660/6113/3660
f 3609/6029/3609 3588/6028/3588 3725/6225/3725
f 3549/5904/3549 3609/6029/3609 3702/6185/3702
f 3597/6114/3597 3726/6226/3726 3635/6079/3635
f 3505/5812/3505 3669/6136/3669 3727/6227/3727
f 3640/6087/3640 3440/5699/3440 3692/6173/3692
f 3728/6228/3728 3642/6089/3642 3670/6137/3670
f 3729/6229/3729 3625/6060/3625 3671/6138/3671
f 3729/6230/3729 3636/6080/3636 3625/6231/3625
f 3729/6230/3729 3730/6232/3730 3636/6080/3636
f 3730/6232/3730 3684/6157/3684 3636/6080/3636
f 3587/6233/3587 3586/6234/3586 3731/6235/3731
f 3602/6018/3602 3696/6236/3696 3368/6083/3368
f 3686/6161/3686 3527/6237/3527 3496/6159/3496
f 3708/6193/3708 3471/6195/3471 3527/6237/3527
f 3687/6162/3687 3630/6068/3630 3732/6238/3732
f 3616/6046/3616 3733/6239/3733 3558/5923/3558
f 3688/6163/3688 3558/5923/3558 3733/6239/3733
f 3710/6198/3710 3667/6128/3667 3734/6240/3734
f 3645/6092/3645 3719/6217/3719 3606/6023/3606
f 3655/6105/3655 3499/5799/3499 3699/6241/3699
f 3561/6242/3561 3735/6243/3735 3675/6244/3675
f 3735/6245/3735 3561/5928/3561 3657/6107/3657
f 3735/6243/3735 3712/6202/3712 3675/6244/3675
f 3736/6246/3736 3722/6222/3722 3701/6183/3701
f 3724/6224/3724 3714/6207/3714 3660/6113/3660
f 3579/6247/3579 3551/6151/3551 3679/6150/3679
f 3737/6248/3737 3679/6150/3679 3649/6097/3649
f 3638/6085/3638 3738/6249/3738 3580/5968/3580
f 3739/6250/3739 3652/6101/3652 3535/5871/3535
f 3728/6228/3728 3671/6138/3671 3642/6089/3642
f 3740/6251/3740 3683/6156/3683 3653/6103/3653
f 3730/6232/3730 3685/6158/3685 3684/6157/3684
f 3685/6252/3685 3731/6235/3731 3586/6234/3586
f 3654/6253/3654 3428/5676/3428 3717/6215/3717
f 3629/6067/3629 3695/6177/3695 3290/5434/3290
f 3595/5998/3595 3707/6192/3707 3717/6215/3717
f 3707/6192/3707 3696/6178/3696 3741/6254/3741
f 3630/6068/3630 3742/6255/3742 3732/6238/3732
f 3697/6179/3697 3698/6180/3698 3604/6021/3604
f 3616/6046/3616 3743/6256/3743 3733/6239/3733
f 3744/6257/3744 3734/6258/3734 3689/6259/3689
f 3699/6181/3699 3631/6069/3631 3745/6260/3745
f 3746/6261/3746 3620/6055/3620 3747/6262/3747
f 3722/6222/3722 3748/6263/3748 3648/6112/3648
f 3620/6055/3620 3714/6206/3714 3747/6262/3747
f 3677/6264/3677 3725/6225/3725 3588/6028/3588
f 3633/6265/3633 3454/6008/3454 3691/6167/3691
f 3749/6266/3749 3661/6115/3661 3702/6185/3702
f 3726/6226/3726 3597/6114/3597 3621/6267/3621
f 3650/6268/3650 3704/6188/3704 3613/6187/3613
f 3638/6085/3638 3505/5812/3505 3727/6227/3727
f 3569/5969/3569 3681/6154/3681 3665/6269/3665
f 3535/6270/3535 3665/6269/3665 3739/6271/3739
f 3582/5971/3582 3750/6272/3750 3624/6102/3624
f 3624/6059/3624 3751/6273/3751 3641/6088/3641
f 3683/6156/3683 3740/6251/3740 3715/6212/3715
f 3653/6103/3653 3628/6066/3628 3740/6251/3740
f 3366/5951/3366 3752/6274/3752 3483/5767/3483
f 3654/6104/3654 3644/6275/3644 3429/5789/3429
f 3637/6276/3637 3753/6277/3753 3594/6278/3594
f 3754/6279/3754 3741/6280/3741 3696/6281/3696
f 3602/6018/3602 3754/6282/3754 3696/6236/3696
f 3709/6197/3709 3742/6255/3742 3630/6068/3630
f 3689/6283/3689 3734/6240/3734 3667/6128/3667
f 3656/6106/3656 3755/6284/3755 3674/6144/3674
f 3648/6112/3648 3748/6263/3748 3756/6285/3756
f 3756/6286/3756 3724/6224/3724 3648/6095/3648
f 3714/6207/3714 3757/6287/3757 3747/6288/3747
f 3596/6007/3596 3758/6289/3758 3691/6167/3691
f 3596/6007/3596 3635/6079/3635 3758/6289/3758
f 3661/6115/3661 3749/6266/3749 3703/6186/3703
f 3534/5870/3534 3651/6100/3651 3759/6290/3759
f 3651/6100/3651 3760/6291/3760 3759/6290/3759
f 3284/6292/3284 3761/6293/3761 3614/6123/3614
f 3284/6211/3284 3682/6210/3682 3761/6294/3761
f 3673/6140/3673 3524/5846/3524 3716/6214/3716
f 3731/6235/3731 3718/6295/3718 3587/6233/3587
f 3695/6177/3695 3418/5654/3418 3526/5849/3526
f 3637/6276/3637 3687/6296/3687 3762/6297/3762
f 3763/6298/3763 3645/6092/3645 3688/6163/3688
f 3719/6217/3719 3645/6092/3645 3763/6298/3763
f 3631/6069/3631 3700/6182/3700 3745/6260/3745
f 3764/6299/3764 3700/6182/3700 3674/6144/3674
f 3711/6200/3711 3755/6284/3755 3656/6106/3656
f 3765/6300/3765 3721/6221/3721 3712/6202/3712
f 3766/6301/3766 3701/6183/3701 3767/6302/3767
f 3736/6246/3736 3701/6183/3701 3766/6301/3766
f 3768/6303/3768 3722/6222/3722 3736/6246/3736
f 3769/6304/3769 3722/6222/3722 3768/6303/3768
f 3769/6304/3769 3770/6305/3770 3722/6222/3722
f 3770/6305/3770 3748/6263/3748 3722/6222/3722
f 3771/6306/3771 3749/6266/3749 3702/6185/3702
f 3772/6307/3772 3662/6116/3662 3579/5964/3579
f 3531/5864/3531 3680/6308/3680 3773/6309/3773
f 3774/6310/3774 3705/6190/3705 3663/6120/3663
f 3738/6249/3738 3681/6154/3681 3580/5968/3580
f 3751/6273/3751 3624/6059/3624 3750/6311/3750
f 3775/6312/3775 3522/5842/3522 3641/6088/3641
f 3628/6066/3628 3672/6139/3672 3776/6313/3776
f 3777/6314/3777 3730/6315/3730 3729/6316/3729
f 3730/6315/3730 3731/6235/3731 3685/6252/3685
f 3666/6126/3666 3695/6177/3695 3629/6067/3629
f 3695/6177/3695 3778/6317/3778 3418/5654/3418
f 3754/6279/3754 3602/6194/3602 3708/6193/3708
f 3718/6295/3718 3779/6318/3779 3697/6319/3697
f 3743/6256/3743 3616/6046/3616 3698/6180/3698
f 3733/6239/3733 3780/6320/3780 3688/6163/3688
f 3605/6022/3605 3710/6321/3710 3709/6197/3709
f 3719/6217/3719 3744/6322/3744 3689/6164/3689
f 3764/6299/3764 3674/6144/3674 3755/6284/3755
f 3655/6105/3655 3699/6241/3699 3781/6323/3781
f 3655/6105/3655 3781/6323/3781 3632/6073/3632
f 3782/6324/3782 3767/6325/3767 3721/6221/3721
f 3767/6302/3767 3701/6183/3701 3721/6326/3721
f 3767/6325/3767 3782/6324/3782 3766/6327/3766
f 3647/6094/3647 3620/6055/3620 3746/6261/3746
f 3757/6287/3757 3714/6207/3714 3783/6328/3783
f 3783/6328/3783 3714/6207/3714 3724/6224/3724
f 3635/6079/3635 3726/6226/3726 3758/6289/3758
f 3678/6149/3678 3784/6329/3784 3612/6036/3612
f 3774/6310/3774 3663/6120/3663 3664/6208/3664
f 3705/6330/3705 3650/6268/3650 3622/6331/3622
f 3715/6212/3715 3740/6251/3740 3785/6332/3785
f 3698/6180/3698 3786/6333/3786 3743/6256/3743
f 3700/6182/3700 3764/6299/3764 3745/6260/3745
f 3781/6323/3781 3658/6334/3658 3632/6073/3632
f 3735/6243/3735 3765/6300/3765 3712/6202/3712
f 3765/6300/3765 3782/6324/3782 3721/6221/3721
f 3658/6108/3658 3787/6335/3787 3529/5858/3529
f 3608/6025/3608 3788/6336/3788 3720/6337/3720
f 3770/6305/3770 3769/6304/3769 3789/6338/3789
f 3747/6339/3747 3757/6340/3757 3770/6305/3770
f 3747/6339/3747 3770/6305/3770 3790/6341/3790
f 3770/6305/3770 3789/6338/3789 3790/6341/3790
f 3609/6029/3609 3771/6306/3771 3702/6185/3702
f 3579/6247/3579 3679/6150/3679 3791/6342/3791
f 3791/6342/3791 3772/6343/3772 3579/6247/3579
f 3668/6134/3668 3531/5864/3531 3773/6309/3773
f 3703/6186/3703 3792/6344/3792 3793/6345/3793
f 3703/6186/3703 3793/6345/3793 3639/6119/3639
f 3794/6346/3794 3774/6310/3774 3664/6208/3664
f 3664/6208/3664 3521/6347/3521 3794/6346/3794
f 3522/5842/3522 3775/6312/3775 3693/6174/3693
f 3247/5354/3247 3795/6348/3795 3599/6012/3599
f 3536/5876/3536 3694/6175/3694 3670/6137/3670
f 3715/6349/3715 3785/6350/3785 3694/6175/3694
f 3628/6066/3628 3776/6313/3776 3740/6251/3740
f 3796/6351/3796 3527/6237/3527 3686/6161/3686
f 3779/6352/3779 3797/6353/3797 3697/6179/3697
f 3797/6353/3797 3698/6180/3698 3697/6179/3697
f 3798/6354/3798 3763/6355/3763 3688/6356/3688
f 3799/6357/3799 3764/6299/3764 3755/6284/3755
f 3765/6358/3765 3735/6359/3735 3800/6360/3800
f 3801/6361/3801 3766/6362/3766 3782/6363/3782
f 3713/6364/3713 3475/5757/3475 3633/6075/3633
f 3746/6261/3746 3747/6262/3747 3790/6365/3790
f 3757/6340/3757 3783/6366/3783 3770/6305/3770
f 3783/6366/3783 3748/6263/3748 3770/6305/3770
f 3726/6226/3726 3621/6267/3621 3802/6367/3802
f 3651/6100/3651 3640/6099/3640 3803/6368/3803
f 3693/6174/3693 3795/6348/3795 3247/5354/3247
f 3804/6369/3804 3731/6235/3731 3730/6315/3730
f 3716/6214/3716 3483/5767/3483 3752/6274/3752
f 3706/6191/3706 3594/5995/3594 3805/6370/3805
f 3752/6274/3752 3366/5951/3366 3644/6091/3644
f 3644/6275/3644 3654/6104/3654 3806/6371/3806
f 3778/6372/3778 3686/6161/3686 3418/6160/3418
f 3753/6277/3753 3637/6276/3637 3762/6297/3762
f 3807/6373/3807 3781/6374/3781 3699/6181/3699
f 3800/6375/3800 3735/6245/3735 3657/6107/3657
f 3657/6107/3657 3676/6376/3676 3808/6377/3808
f 3800/6360/3800 3801/6361/3801 3765/6358/3765
f 3801/6361/3801 3782/6363/3782 3765/6358/3765
f 3783/6366/3783 3756/6285/3756 3748/6263/3748
f 3679/6150/3679 3809/6378/3809 3791/6342/3791
f 3649/6097/3649 3668/6134/3668 3737/6248/3737
f 3668/6134/3668 3773/6309/3773 3810/6379/3810
f 3621/6189/3621 3704/6188/3704 3802/6380/3802
f 3568/5939/3568 3534/5870/3534 3759/6290/3759
f 3760/6291/3760 3651/6100/3651 3811/6381/3811
f 3803/6368/3803 3640/6099/3640 3692/6382/3692
f 3652/6101/3652 3812/6383/3812 3582/5971/3582
f 3672/6139/3672 3813/6384/3813 3776/6313/3776
f 3673/6140/3673 3716/6214/3716 3814/6385/3814
f 3786/6333/3786 3780/6320/3780 3743/6256/3743
f 3743/6256/3743 3780/6320/3780 3733/6239/3733
f 3780/6386/3780 3798/6354/3798 3688/6356/3688
f 3764/6299/3764 3799/6357/3799 3745/6260/3745
f 3755/6284/3755 3815/6387/3815 3799/6357/3799
f 3618/6218/3618 3816/6388/3816 3711/6389/3711
f 3800/6375/3800 3657/6107/3657 3808/6377/3808
f 3618/6218/3618 3720/6220/3720 3816/6388/3816
f 3713/6205/3713 3788/6336/3788 3608/6025/3608
f 3766/6301/3766 3817/6390/3817 3736/6246/3736
f 3756/6285/3756 3783/6366/3783 3724/6391/3724
f 3662/6116/3662 3772/6307/3772 3818/6392/3818
f 3774/6393/3774 3819/6394/3819 3820/6395/3820
f 3568/5939/3568 3759/6290/3759 3680/6152/3680
f 3614/6123/3614 3821/6396/3821 3591/5991/3591
f 3729/6316/3729 3671/6397/3671 3822/6398/3822
f 3729/6316/3729 3822/6398/3822 3777/6314/3777
f 3672/6139/3672 3706/6191/3706 3813/6384/3813
f 3730/6315/3730 3777/6314/3777 3804/6369/3804
f 3666/6125/3666 3673/6140/3673 3814/6385/3814
f 3814/6385/3814 3695/6399/3695 3666/6125/3666
f 3717/6215/3717 3707/6192/3707 3823/6400/3823
f 3707/6401/3707 3741/6402/3741 3823/6403/3823
f 3732/6404/3732 3762/6297/3762 3687/6296/3687
f 3698/6180/3698 3824/6405/3824 3786/6333/3786
f 3825/6406/3825 3786/6333/3786 3824/6405/3824
f 3763/6407/3763 3826/6408/3826 3719/6409/3719
f 3719/6409/3719 3826/6408/3826 3744/6257/3744
f 3734/6258/3734 3744/6257/3744 3827/6410/3827
f 3807/6411/3807 3828/6412/3828 3781/6413/3781
f 3781/6323/3781 3829/6414/3829 3658/6334/3658
f 3711/6389/3711 3816/6388/3816 3830/6415/3830
f 3787/6335/3787 3723/6223/3723 3529/5858/3529
f 3768/6303/3768 3736/6246/3736 3817/6390/3817
f 3831/6416/3831 3746/6417/3746 3790/6341/3790
f 3771/6306/3771 3609/6029/3609 3725/6225/3725
f 3809/6378/3809 3679/6150/3679 3737/6248/3737
f 3832/6418/3832 3612/6419/3612 3784/6420/3784
f 3820/6395/3820 3705/6330/3705 3774/6393/3774
f 3794/6346/3794 3521/6347/3521 3833/6421/3833
f 3638/6085/3638 3727/6227/3727 3834/6422/3834
f 3835/6423/3835 3681/6154/3681 3738/6249/3738
f 3812/6424/3812 3652/6425/3652 3739/6271/3739
f 3822/6426/3822 3671/6138/3671 3728/6228/3728
f 3836/6427/3836 3785/6332/3785 3740/6251/3740
f 3837/6428/3837 3785/6350/3785 3838/6429/3838
f 3839/6430/3839 3840/6431/3840 3745/6260/3745
f 3839/6430/3839 3745/6260/3745 3799/6357/3799
f 3755/6432/3755 3711/6389/3711 3830/6415/3830
f 3800/6360/3800 3841/6433/3841 3801/6361/3801
f 3676/6147/3676 3647/6094/3647 3842/6434/3842
f 3647/6094/3647 3746/6261/3746 3842/6434/3842
f 3801/6435/3801 3817/6390/3817 3766/6301/3766
f 3790/6341/3790 3789/6338/3789 3831/6416/3831
f 3769/6304/3769 3843/6436/3843 3789/6338/3789
f 3769/6304/3769 3768/6303/3768 3843/6436/3843
f 3669/6136/3669 3612/6419/3612 3832/6418/3832
f 3669/6136/3669 3834/6422/3834 3727/6227/3727
f 3650/6268/3650 3844/6437/3844 3704/6188/3704
f 3639/6119/3639 3793/6345/3793 3833/6438/3833
f 3833/6439/3833 3521/6440/3521 3639/6441/3639
f 3845/6442/3845 3739/6271/3739 3665/6269/3665
f 3582/5971/3582 3812/6383/3812 3750/6272/3750
f 3846/6443/3846 3641/6088/3641 3751/6273/3751
f 3583/5972/3583 3591/5991/3591 3821/6396/3821
f 3599/6012/3599 3847/6444/3847 3682/6155/3682
f 3728/6228/3728 3848/6445/3848 3822/6426/3822
f 3694/6175/3694 3837/6428/3837 3670/6137/3670
f 3694/6175/3694 3785/6350/3785 3837/6428/3837
f 3785/6350/3785 3836/6446/3836 3838/6429/3838
f 3806/6371/3806 3849/6447/3849 3644/6275/3644
f 3594/6278/3594 3753/6277/3753 3850/6448/3850
f 3797/6353/3797 3851/6449/3851 3698/6180/3698
f 3824/6405/3824 3698/6180/3698 3851/6449/3851
f 3710/6321/3710 3852/6450/3852 3709/6197/3709
f 3807/6373/3807 3699/6181/3699 3840/6431/3840
f 3745/6260/3745 3840/6431/3840 3699/6181/3699
f 3808/6451/3808 3841/6433/3841 3800/6360/3800
f 3808/6452/3808 3676/6147/3676 3853/6453/3853
f 3831/6416/3831 3789/6338/3789 3854/6454/3854
f 3723/6455/3723 3855/6456/3855 3677/6457/3677
f 3668/6134/3668 3856/6458/3856 3737/6248/3737
f 3794/6459/3794 3833/6460/3833 3857/6461/3857
f 3650/6268/3650 3705/6330/3705 3844/6437/3844
f 3834/6422/3834 3738/6249/3738 3638/6085/3638
f 3681/6154/3681 3845/6442/3845 3665/6269/3665
f 3583/5972/3583 3858/6462/3858 3623/6058/3623
f 3599/6012/3599 3795/6348/3795 3847/6444/3847
f 3670/6137/3670 3848/6445/3848 3728/6228/3728
f 3644/6091/3644 3849/6463/3849 3752/6274/3752
f 3717/6464/3717 3823/6403/3823 3654/6104/3654
f 3804/6369/3804 3859/6465/3859 3731/6235/3731
f 3814/6466/3814 3778/6317/3778 3695/6177/3695
f 3859/6465/3859 3718/6295/3718 3731/6235/3731
f 3860/6467/3860 3824/6405/3824 3851/6449/3851
f 3860/6467/3860 3825/6406/3825 3824/6405/3824
f 3763/6407/3763 3798/6468/3798 3826/6408/3826
f 3781/6413/3781 3828/6412/3828 3829/6469/3829
f 3755/6432/3755 3830/6415/3830 3815/6470/3815
f 3633/6471/3633 3861/6472/3861 3713/6473/3713
f 3677/6457/3677 3855/6456/3855 3862/6474/3862
f 3862/6475/3862 3725/6225/3725 3677/6264/3677
f 3691/6167/3691 3758/6289/3758 3863/6476/3863
f 3703/6186/3703 3749/6266/3749 3792/6344/3792
f 3820/6395/3820 3864/6477/3864 3705/6330/3705
f 3811/6381/3811 3651/6100/3651 3803/6368/3803
f 3865/6478/3865 3682/6479/3682 3847/6480/3847
f 3848/6445/3848 3670/6137/3670 3837/6428/3837
f 3806/6371/3806 3654/6104/3654 3823/6403/3823
f 3823/6403/3823 3741/6402/3741 3866/6481/3866
f 3527/6237/3527 3796/6351/3796 3708/6193/3708
f 3867/6482/3867 3762/6297/3762 3732/6404/3732
f 3868/6483/3868 3786/6484/3786 3825/6485/3825
f 3786/6484/3786 3869/6486/3869 3780/6386/3780
f 3852/6450/3852 3742/6255/3742 3709/6197/3709
f 3852/6487/3852 3710/6488/3710 3870/6489/3870
f 3870/6490/3870 3710/6491/3710 3734/6258/3734
f 3826/6408/3826 3827/6410/3827 3744/6257/3744
f 3871/6492/3871 3658/6493/3658 3829/6494/3829
f 3841/6495/3841 3808/6496/3808 3853/6497/3853
f 3872/6498/3872 3801/6499/3801 3841/6500/3841
f 3810/6379/3810 3773/6309/3773 3873/6501/3873
f 3874/6502/3874 3793/6345/3793 3792/6344/3792
f 3819/6394/3819 3774/6393/3774 3794/6459/3794
f 3875/6503/3875 3680/6152/3680 3759/6290/3759
f 3759/6290/3759 3760/6291/3760 3876/6504/3876
f 3835/6423/3835 3845/6442/3845 3681/6154/3681
f 3692/6173/3692 3623/6058/3623 3877/6505/3877
f 3623/6058/3623 3858/6462/3858 3878/6506/3878
f 3879/6507/3879 3846/6443/3846 3751/6273/3751
f 3682/6508/3682 3865/6509/3865 3761/6510/3761
f 3880/6511/3880 3860/6467/3860 3851/6449/3851
f 3825/6485/3825 3860/6512/3860 3868/6483/3868
f 3786/6484/3786 3868/6483/3868 3869/6486/3869
f 3734/6258/3734 3827/6410/3827 3870/6490/3870
f 3817/6390/3817 3843/6436/3843 3768/6303/3768
f 3789/6338/3789 3843/6436/3843 3854/6454/3854
f 3856/6458/3856 3809/6378/3809 3737/6248/3737
f 3773/6513/3773 3680/6152/3680 3875/6503/3875
f 3760/6291/3760 3811/6381/3811 3881/6514/3881
f 3692/6382/3692 3882/6515/3882 3803/6368/3803
f 3812/6424/3812 3883/6516/3883 3750/6517/3750
f 3641/6088/3641 3846/6443/3846 3775/6312/3775
f 3775/6312/3775 3884/6518/3884 3693/6174/3693
f 3884/6518/3884 3795/6348/3795 3693/6174/3693
f 3838/6429/3838 3885/6519/3885 3837/6428/3837
f 3814/6466/3814 3886/6520/3886 3778/6317/3778
f 3732/6404/3732 3742/6521/3742 3887/6522/3887
f 3780/6386/3780 3869/6486/3869 3798/6354/3798
f 3826/6408/3826 3888/6523/3888 3827/6410/3827
f 3816/6388/3816 3889/6524/3889 3890/6525/3890
f 3720/6220/3720 3889/6524/3889 3816/6388/3816
f 3676/6147/3676 3842/6434/3842 3853/6453/3853
f 3758/6289/3758 3726/6226/3726 3891/6526/3891
f 3749/6266/3749 3771/6306/3771 3792/6344/3792
f 3678/6149/3678 3818/6392/3818 3784/6329/3784
f 3726/6226/3726 3802/6367/3802 3892/6527/3892
f 3760/6291/3760 3881/6514/3881 3876/6504/3876
f 3692/6173/3692 3877/6505/3877 3882/6528/3882
f 3750/6529/3750 3883/6530/3883 3879/6531/3879
f 3583/5972/3583 3821/6396/3821 3858/6462/3858
f 3848/6445/3848 3893/6532/3893 3822/6426/3822
f 3822/6398/3822 3894/6533/3894 3777/6314/3777
f 3838/6429/3838 3836/6446/3836 3885/6519/3885
f 3752/6274/3752 3895/6534/3895 3716/6214/3716
f 3849/6463/3849 3896/6535/3896 3752/6274/3752
f 3716/6214/3716 3895/6534/3895 3814/6385/3814
f 3804/6369/3804 3897/6536/3897 3859/6465/3859
f 3898/6537/3898 3899/6538/3899 3778/6372/3778
f 3859/6465/3859 3779/6318/3779 3718/6295/3718
f 3778/6372/3778 3899/6538/3899 3686/6161/3686
f 3754/6279/3754 3708/6193/3708 3900/6539/3900
f 3901/6540/3901 3753/6277/3753 3762/6297/3762
f 3902/6541/3902 3742/6542/3742 3852/6487/3852
f 3902/6541/3902 3852/6487/3852 3903/6543/3903
f 3890/6525/3890 3830/6415/3830 3816/6388/3816
f 3889/6524/3889 3720/6220/3720 3788/6544/3788
f 3853/6453/3853 3872/6545/3872 3841/6546/3841
f 3746/6547/3746 3831/6548/3831 3842/6549/3842
f 3854/6454/3854 3817/6390/3817 3801/6435/3801
f 3904/6550/3904 3809/6378/3809 3856/6458/3856
f 3905/6551/3905 3793/6345/3793 3874/6502/3874
f 3906/6552/3906 3802/6380/3802 3704/6188/3704
f 3844/6437/3844 3906/6552/3906 3704/6188/3704
f 3750/6311/3750 3879/6507/3879 3751/6273/3751
f 3813/6384/3813 3706/6191/3706 3805/6370/3805
f 3805/6553/3805 3594/6278/3594 3850/6448/3850
f 3741/6280/3741 3754/6279/3754 3866/6554/3866
f 3899/6538/3899 3796/6351/3796 3686/6161/3686
f 3907/6555/3907 3797/6556/3797 3779/6557/3779
f 3753/6277/3753 3901/6540/3901 3850/6448/3850
f 3762/6297/3762 3867/6482/3867 3901/6540/3901
f 3867/6482/3867 3732/6404/3732 3887/6522/3887
f 3903/6543/3903 3852/6487/3852 3870/6489/3870
f 3807/6411/3807 3840/6558/3840 3908/6559/3908
f 3839/6430/3839 3799/6357/3799 3909/6560/3909
f 3871/6561/3871 3787/6562/3787 3658/6563/3658
f 3872/6564/3872 3854/6454/3854 3801/6435/3801
f 3862/6475/3862 3910/6565/3910 3725/6225/3725
f 3668/6134/3668 3810/6379/3810 3856/6458/3856
f 3678/6149/3678 3662/6116/3662 3818/6392/3818
f 3891/6526/3891 3726/6226/3726 3892/6527/3892
f 3738/6249/3738 3911/6566/3911 3835/6423/3835
f 3822/6426/3822 3893/6532/3893 3894/6567/3894
f 3777/6314/3777 3912/6568/3912 3804/6369/3804
f 3804/6369/3804 3912/6568/3912 3897/6536/3897
f 3895/6534/3895 3752/6274/3752 3896/6535/3896
f 3895/6534/3895 3886/6569/3886 3814/6385/3814
f 3886/6570/3886 3898/6537/3898 3778/6372/3778
f 3900/6539/3900 3866/6554/3866 3754/6279/3754
f 3859/6465/3859 3907/6571/3907 3779/6318/3779
f 3797/6556/3797 3907/6555/3907 3851/6572/3851
f 3913/6573/3913 3880/6574/3880 3851/6572/3851
f 3853/6453/3853 3842/6434/3842 3872/6545/3872
f 3788/6575/3788 3713/6473/3713 3914/6576/3914
f 3831/6548/3831 3854/6577/3854 3842/6549/3842
f 3787/6562/3787 3855/6456/3855 3723/6455/3723
f 3854/6454/3854 3843/6436/3843 3817/6390/3817
f 3861/6472/3861 3633/6471/3633 3915/6578/3915
f 3633/6265/3633 3691/6167/3691 3915/6579/3915
f 3809/6378/3809 3916/6580/3916 3791/6342/3791
f 3773/6309/3773 3875/6581/3875 3873/6501/3873
f 3819/6394/3819 3917/6582/3917 3820/6395/3820
f 3669/6136/3669 3832/6418/3832 3834/6422/3834
f 3793/6583/3793 3905/6584/3905 3833/6585/3833
f 3835/6423/3835 3911/6566/3911 3918/6586/3918
f 3739/6271/3739 3919/6587/3919 3812/6424/3812
f 3812/6424/3812 3919/6587/3919 3883/6516/3883
f 3623/6058/3623 3878/6506/3878 3877/6505/3877
f 3848/6445/3848 3837/6428/3837 3893/6532/3893
f 3885/6519/3885 3920/6588/3920 3837/6428/3837
f 3849/6463/3849 3921/6589/3921 3896/6535/3896
f 3823/6403/3823 3866/6481/3866 3922/6590/3922
f 3887/6522/3887 3742/6521/3742 3902/6591/3902
f 3839/6592/3839 3909/6593/3909 3923/6594/3923
f 3807/6411/3807 3908/6559/3908 3828/6412/3828
f 3924/6595/3924 3829/6469/3829 3828/6412/3828
f 3725/6225/3725 3910/6565/3910 3771/6306/3771
f 3873/6501/3873 3925/6596/3925 3810/6379/3810
f 3772/6343/3772 3926/6597/3926 3818/6598/3818
f 3833/6460/3833 3927/6599/3927 3857/6461/3857
f 3835/6423/3835 3918/6586/3918 3845/6442/3845
f 3845/6442/3845 3928/6600/3928 3739/6271/3739
f 3739/6271/3739 3928/6600/3928 3919/6587/3919
f 3894/6533/3894 3912/6568/3912 3777/6314/3777
f 3929/6601/3929 3837/6428/3837 3920/6588/3920
f 3895/6534/3895 3930/6602/3930 3886/6569/3886
f 3849/6447/3849 3806/6371/3806 3922/6590/3922
f 3886/6569/3886 3930/6602/3930 3898/6603/3898
f 3806/6371/3806 3823/6403/3823 3922/6590/3922
f 3796/6351/3796 3931/6604/3931 3708/6193/3708
f 3708/6193/3708 3931/6604/3931 3900/6539/3900
f 3851/6572/3851 3907/6555/3907 3913/6573/3913
f 3932/6605/3932 3868/6483/3868 3860/6512/3860
f 3798/6468/3798 3888/6523/3888 3826/6408/3826
f 3840/6431/3840 3839/6430/3839 3923/6606/3923
f 3871/6561/3871 3933/6607/3933 3787/6562/3787
f 3842/6549/3842 3854/6577/3854 3872/6608/3872
f 3933/6607/3933 3855/6456/3855 3787/6562/3787
f 3856/6458/3856 3810/6379/3810 3934/6609/3934
f 3794/6459/3794 3857/6461/3857 3819/6394/3819
f 3905/6610/3905 3927/6599/3927 3833/6460/3833
f 3834/6422/3834 3911/6566/3911 3738/6249/3738
f 3811/6381/3811 3803/6368/3803 3935/6611/3935
f 3803/6368/3803 3882/6515/3882 3936/6612/3936
f 3795/6348/3795 3884/6518/3884 3847/6444/3847
f 3929/6601/3929 3920/6588/3920 3937/6613/3937
f 3896/6535/3896 3930/6602/3930 3895/6534/3895
f 3930/6602/3930 3899/6614/3899 3898/6603/3898
f 3859/6465/3859 3938/6615/3938 3907/6571/3907
f 3899/6538/3899 3931/6604/3931 3796/6351/3796
f 3840/6558/3840 3939/6616/3939 3908/6559/3908
f 3829/6469/3829 3924/6595/3924 3871/6617/3871
f 3713/6473/3713 3861/6472/3861 3940/6618/3940
f 3863/6476/3863 3758/6289/3758 3891/6526/3891
f 3809/6378/3809 3904/6550/3904 3916/6580/3916
f 3792/6344/3792 3771/6306/3771 3874/6502/3874
f 3918/6586/3918 3928/6600/3928 3845/6442/3845
f 3878/6506/3878 3858/6462/3858 3941/6619/3941
f 3761/6293/3761 3821/6396/3821 3614/6123/3614
f 3836/6446/3836 3942/6620/3942 3920/6588/3920
f 3836/6446/3836 3920/6588/3920 3885/6519/3885
f 3849/6447/3849 3922/6590/3922 3921/6621/3921
f 3828/6412/3828 3943/6622/3943 3924/6595/3924
f 3908/6559/3908 3943/6622/3943 3828/6412/3828
f 3713/6473/3713 3940/6618/3940 3914/6576/3914
f 3791/6342/3791 3916/6580/3916 3772/6343/3772
f 3892/6623/3892 3802/6624/3802 3944/6625/3944
f 3832/6418/3832 3945/6626/3945 3834/6422/3834
f 3821/6396/3821 3946/6627/3946 3858/6462/3858
f 3929/6601/3929 3937/6613/3937 3947/6628/3947
f 3897/6536/3897 3938/6615/3938 3859/6465/3859
f 3896/6535/3896 3948/6629/3948 3930/6602/3930
f 3805/6553/3805 3850/6448/3850 3949/6630/3949
f 3948/6629/3948 3899/6614/3899 3930/6602/3930
f 3866/6554/3866 3900/6539/3900 3950/6631/3950
f 3931/6604/3931 3951/6632/3951 3900/6539/3900
f 3880/6633/3880 3932/6605/3932 3860/6512/3860
f 3863/6476/3863 3891/6526/3891 3952/6634/3952
f 3953/6635/3953 3916/6580/3916 3904/6550/3904
f 3864/6477/3864 3844/6437/3844 3705/6330/3705
f 3954/6636/3954 3836/6427/3836 3740/6251/3740
f 3937/6613/3937 3920/6588/3920 3942/6620/3942
f 3955/6637/3955 3897/6536/3897 3912/6568/3912
f 3922/6590/3922 3866/6481/3866 3950/6638/3950
f 3899/6538/3899 3951/6632/3951 3931/6604/3931
f 3950/6631/3950 3900/6539/3900 3951/6632/3951
f 3867/6482/3867 3887/6522/3887 3956/6639/3956
f 3956/6640/3956 3887/6641/3887 3902/6541/3902
f 3957/6642/3957 3870/6490/3870 3827/6410/3827
f 3799/6643/3799 3815/6470/3815 3909/6593/3909
f 3924/6595/3924 3958/6644/3958 3871/6617/3871
f 3933/6607/3933 3959/6645/3959 3855/6456/3855
f 3915/6579/3915 3691/6167/3691 3863/6476/3863
f 3863/6476/3863 3952/6634/3952 3960/6646/3960
f 3856/6458/3856 3934/6609/3934 3904/6550/3904
f 3818/6647/3818 3926/6648/3926 3784/6649/3784
f 3906/6552/3906 3944/6650/3944 3802/6380/3802
f 3881/6514/3881 3811/6381/3811 3961/6651/3961
f 3811/6381/3811 3935/6611/3935 3961/6651/3961
f 3962/6652/3962 3879/6531/3879 3883/6530/3883
f 3837/6428/3837 3929/6601/3929 3893/6532/3893
f 3929/6601/3929 3947/6628/3947 3963/6653/3963
f 3896/6535/3896 3921/6589/3921 3948/6629/3948
f 3948/6629/3948 3921/6589/3921 3950/6654/3950
f 3948/6655/3948 3951/6632/3951 3899/6538/3899
f 3922/6590/3922 3950/6638/3950 3921/6621/3921
f 3964/6656/3964 3965/6657/3965 3907/6658/3907
f 3965/6657/3965 3913/6659/3913 3907/6658/3907
f 3850/6448/3850 3901/6540/3901 3966/6660/3966
f 3902/6541/3902 3967/6661/3967 3956/6640/3956
f 3902/6541/3902 3903/6543/3903 3967/6661/3967
f 3869/6486/3869 3968/6662/3968 3798/6354/3798
f 3840/6558/3840 3923/6663/3923 3939/6616/3939
f 3943/6622/3943 3969/6664/3969 3924/6595/3924
f 3788/6575/3788 3914/6576/3914 3970/6665/3970
f 3861/6472/3861 3915/6578/3915 3971/6666/3971
f 3926/6597/3926 3772/6343/3772 3916/6580/3916
f 3759/6290/3759 3876/6504/3876 3875/6503/3875
f 3864/6477/3864 3972/6667/3972 3844/6437/3844
f 3844/6437/3844 3972/6667/3972 3906/6552/3906
f 3834/6422/3834 3973/6668/3973 3974/6669/3974
f 3834/6422/3834 3974/6669/3974 3911/6566/3911
f 3928/6600/3928 3918/6586/3918 3919/6587/3919
f 3919/6587/3919 3962/6670/3962 3883/6516/3883
f 3877/6505/3877 3975/6671/3975 3882/6528/3882
f 3775/6672/3775 3846/6673/3846 3976/6674/3976
f 3847/6675/3847 3884/6676/3884 3977/6677/3977
f 3821/6396/3821 3761/6293/3761 3978/6678/3978
f 3893/6532/3893 3929/6601/3929 3963/6653/3963
f 3894/6533/3894 3955/6637/3955 3912/6568/3912
f 3947/6628/3947 3937/6613/3937 3963/6653/3963
f 3897/6536/3897 3979/6679/3979 3938/6615/3938
f 3948/6629/3948 3950/6654/3950 3951/6680/3951
f 3938/6615/3938 3964/6681/3964 3907/6571/3907
f 3901/6540/3901 3980/6682/3980 3966/6660/3966
f 3867/6482/3867 3980/6682/3980 3901/6540/3901
f 3888/6523/3888 3957/6642/3957 3827/6410/3827
f 3908/6559/3908 3939/6616/3939 3943/6622/3943
f 3909/6593/3909 3815/6470/3815 3981/6683/3981
f 3871/6561/3871 3982/6684/3982 3933/6607/3933
f 3788/6544/3788 3970/6685/3970 3983/6686/3983
f 3810/6379/3810 3925/6596/3925 3934/6609/3934
f 3910/6565/3910 3874/6502/3874 3771/6306/3771
f 3917/6582/3917 3864/6477/3864 3820/6395/3820
f 3834/6422/3834 3945/6626/3945 3973/6668/3973
f 3962/6652/3962 3984/6687/3984 3879/6531/3879
f 3879/6531/3879 3984/6687/3984 3846/6688/3846
f 3976/6674/3976 3884/6689/3884 3775/6672/3775
f 3894/6533/3894 3985/6690/3985 3955/6637/3955
f 3897/6536/3897 3955/6637/3955 3979/6679/3979
f 3968/6662/3968 3986/6691/3986 3798/6354/3798
f 3987/6692/3987 3903/6543/3903 3870/6489/3870
f 3830/6415/3830 3981/6683/3981 3815/6470/3815
f 3889/6524/3889 3788/6544/3788 3983/6686/3983
f 3940/6618/3940 3861/6472/3861 3971/6666/3971
f 3916/6580/3916 3953/6635/3953 3988/6693/3988
f 3916/6580/3916 3988/6693/3988 3926/6597/3926
f 3926/6648/3926 3989/6694/3989 3784/6649/3784
f 3911/6566/3911 3990/6695/3990 3918/6586/3918
f 3882/6515/3882 3975/6696/3975 3936/6612/3936
f 3740/6251/3740 3776/6313/3776 3954/6636/3954
f 3894/6533/3894 3893/6697/3893 3985/6690/3985
f 3893/6697/3893 3991/6698/3991 3985/6690/3985
f 3963/6653/3963 3991/6699/3991 3893/6532/3893
f 3938/6615/3938 3979/6679/3979 3992/6700/3992
f 3965/6657/3965 3932/6605/3932 3913/6659/3913
f 3913/6659/3913 3932/6605/3932 3880/6633/3880
f 3869/6486/3869 3868/6483/3868 3968/6662/3968
f 3890/6525/3890 3889/6524/3889 3993/6701/3993
f 3933/6607/3933 3994/6702/3994 3959/6645/3959
f 3863/6476/3863 3960/6646/3960 3915/6579/3915
f 3855/6456/3855 3995/6703/3995 3862/6474/3862
f 3995/6704/3995 3996/6705/3996 3862/6475/3862
f 3892/6527/3892 3997/6706/3997 3891/6526/3891
f 3875/6503/3875 3998/6707/3998 3873/6708/3873
f 3876/6504/3876 3999/6709/3999 4000/6710/4000
f 4001/6711/4001 3990/6695/3990 3911/6566/3911
f 3918/6586/3918 3990/6695/3990 3919/6587/3919
f 3919/6587/3919 4002/6712/4002 3962/6670/3962
f 3847/6713/3847 3977/6714/3977 3865/6715/3865
f 3865/6716/3865 4003/6717/4003 3761/6718/3761
f 3813/6384/3813 3805/6370/3805 4004/6719/4004
f 3867/6482/3867 3956/6639/3956 3980/6682/3980
f 3903/6543/3903 4005/6720/4005 3967/6661/3967
f 3798/6468/3798 3986/6721/3986 3888/6523/3888
f 3830/6415/3830 3993/6701/3993 4006/6722/4006
f 3830/6415/3830 3890/6525/3890 3993/6701/3993
f 3871/6561/3871 3958/6723/3958 3982/6684/3982
f 3982/6684/3982 3994/6702/3994 3933/6607/3933
f 3952/6634/3952 3891/6526/3891 4007/6724/4007
f 3857/6461/3857 4008/6725/4008 3819/6394/3819
f 3875/6503/3875 3876/6504/3876 4000/6710/4000
f 3927/6599/3927 4009/6726/4009 3857/6461/3857
f 3876/6504/3876 3881/6514/3881 3999/6709/3999
f 3884/6727/3884 3976/6728/3976 4010/6729/4010
f 3858/6462/3858 3946/6627/3946 3941/6619/3941
f 3884/6727/3884 4011/6730/4011 3977/6731/3977
f 3978/6678/3978 3946/6627/3946 3821/6396/3821
f 3836/6427/3836 3954/6636/3954 4012/6732/4012
f 4012/6733/4012 3942/6620/3942 3836/6446/3836
f 3937/6613/3937 3942/6620/3942 3963/6653/3963
f 3991/6698/3991 4013/6734/4013 3985/6690/3985
f 3949/6630/3949 4004/6735/4004 3805/6553/3805
f 3938/6615/3938 3992/6700/3992 4014/6736/4014
f 3938/6737/3938 4014/6738/4014 3964/6739/3964
f 3943/6622/3943 3939/6616/3939 4015/6740/4015
f 3943/6622/3943 4015/6740/4015 3969/6664/3969
f 3959/6645/3959 4016/6741/4016 3855/6456/3855
f 3862/6475/3862 3996/6705/3996 3910/6565/3910
f 3988/6742/3988 4017/6743/4017 3926/6648/3926
f 3892/6623/3892 3944/6625/3944 3997/6744/3997
f 3819/6394/3819 4008/6725/4008 3917/6582/3917
f 3803/6368/3803 3936/6612/3936 3935/6611/3935
f 3990/6695/3990 4002/6712/4002 3919/6587/3919
f 4002/6745/4002 3984/6746/3984 3962/6747/3962
f 4003/6717/4003 4018/6748/4018 3761/6718/3761
f 3776/6313/3776 3813/6384/3813 4019/6749/4019
f 3991/6699/3991 3963/6653/3963 4013/6750/4013
f 3942/6620/3942 4020/6751/4020 3963/6653/3963
f 3955/6637/3955 3985/6690/3985 3979/6679/3979
f 3923/6663/3923 4021/6752/4021 3939/6616/3939
f 3889/6524/3889 4022/6753/4022 3993/6701/3993
f 3983/6686/3983 4023/6754/4023 3889/6524/3889
f 3910/6565/3910 3996/6705/3996 4024/6755/4024
f 3891/6526/3891 3997/6706/3997 4007/6724/4007
f 3784/6649/3784 3989/6694/3989 3832/6756/3832
f 3999/6709/3999 3881/6514/3881 3961/6651/3961
f 4019/6749/4019 3954/6636/3954 3776/6313/3776
f 3963/6653/3963 4020/6751/4020 4013/6750/4013
f 3956/6640/3956 4025/6757/4025 3980/6758/3980
f 3868/6483/3868 4026/6759/4026 3968/6662/3968
f 3924/6595/3924 3969/6664/3969 3958/6644/3958
f 3830/6415/3830 4006/6722/4006 3981/6683/3981
f 3940/6618/3940 4027/6760/4027 3914/6576/3914
f 3959/6645/3959 3994/6702/3994 4028/6761/4028
f 3940/6618/3940 3971/6666/3971 4029/6762/4029
f 3915/6578/3915 3960/6763/3960 3971/6666/3971
f 3874/6764/3874 4030/6765/4030 4031/6766/4031
f 3874/6767/3874 4031/6768/4031 3905/6610/3905
f 3961/6651/3961 3935/6611/3935 4032/6769/4032
f 3877/6505/3877 3878/6506/3878 3975/6671/3975
f 4018/6770/4018 3978/6678/3978 3761/6293/3761
f 4004/6719/4004 4019/6749/4019 3813/6384/3813
f 3942/6620/3942 4033/6771/4033 4020/6751/4020
f 3980/6682/3980 4034/6772/4034 3966/6660/3966
f 3980/6758/3980 4025/6757/4025 4034/6773/4034
f 3914/6576/3914 4027/6760/4027 3970/6665/3970
f 3940/6618/3940 4029/6762/4029 4027/6760/4027
f 3953/6635/3953 3904/6550/3904 4035/6774/4035
f 3875/6503/3875 4000/6710/4000 3998/6707/3998
f 3832/6756/3832 4036/6775/4036 3945/6776/3945
f 3972/6667/3972 4037/6777/4037 3906/6552/3906
f 3865/6716/3865 4038/6778/4038 4003/6717/4003
f 3850/6448/3850 3966/6660/3966 3949/6630/3949
f 3903/6543/3903 3987/6692/3987 4039/6779/4039
f 3888/6523/3888 3986/6721/3986 4040/6780/4040
f 3870/6490/3870 3957/6642/3957 4041/6781/4041
f 3923/6594/3923 3909/6593/3909 4042/6782/4042
f 3981/6683/3981 4042/6782/4042 3909/6593/3909
f 3960/6646/3960 4043/6783/4043 3971/6784/3971
f 3934/6609/3934 3925/6596/3925 4044/6785/4044
f 3953/6635/3953 4035/6774/4035 4045/6786/4045
f 3925/6596/3925 3998/6787/3998 4046/6788/4046
f 3873/6501/3873 3998/6787/3998 3925/6596/3925
f 3874/6502/3874 3910/6565/3910 4024/6755/4024
f 3874/6502/3874 4024/6755/4024 4030/6789/4030
f 3944/6625/3944 4047/6790/4047 3997/6744/3997
f 3832/6756/3832 3989/6694/3989 4036/6775/4036
f 3944/6625/3944 3906/6791/3906 4048/6792/4048
f 4049/6793/4049 3972/6667/3972 3864/6477/3864
f 4004/6735/4004 3949/6630/3949 4050/6794/4050
f 3965/6657/3965 4051/6795/4051 3932/6605/3932
f 3967/6661/3967 4005/6720/4005 4052/6796/4052
f 4053/6797/4053 3939/6616/3939 4021/6752/4021
f 4006/6722/4006 4054/6798/4054 3981/6683/3981
f 3889/6524/3889 4055/6799/4055 4022/6753/4022
f 4055/6799/4055 3889/6524/3889 4023/6754/4023
f 3970/6665/3970 4027/6760/4027 4056/6800/4056
f 4016/6741/4016 3995/6703/3995 3855/6456/3855
f 4043/6783/4043 3960/6646/3960 3952/6634/3952
f 3904/6550/3904 3934/6609/3934 4035/6774/4035
f 4031/6768/4031 3927/6599/3927 3905/6610/3905
f 4001/6711/4001 3911/6566/3911 3974/6669/3974
f 3984/6746/3984 3976/6728/3976 3846/6801/3846
f 3878/6506/3878 3941/6619/3941 4057/6802/4057
f 4010/6729/4010 4011/6730/4011 3884/6727/3884
f 4058/6803/4058 3978/6804/3978 4018/6805/4018
f 4059/6806/4059 3965/6657/3965 3964/6656/3964
f 3932/6605/3932 4060/6807/4060 3868/6483/3868
f 4025/6757/4025 3956/6640/3956 3967/6661/3967
f 4039/6779/4039 4005/6720/4005 3903/6543/3903
f 4041/6781/4041 3987/6808/3987 3870/6490/3870
f 3923/6663/3923 4042/6809/4042 4021/6752/4021
f 4061/6810/4061 4054/6798/4054 4006/6722/4006
f 3993/6701/3993 4061/6810/4061 4006/6722/4006
f 4062/6811/4062 4022/6753/4022 4055/6799/4055
f 4028/6761/4028 4016/6741/4016 3959/6645/3959
f 3953/6635/3953 4045/6786/4045 4063/6812/4063
f 4063/6812/4063 3988/6693/3988 3953/6635/3953
f 4017/6743/4017 3989/6694/3989 3926/6648/3926
f 3878/6506/3878 4064/6813/4064 3975/6671/3975
f 3946/6814/3946 3978/6804/3978 4058/6803/4058
f 3942/6620/3942 4012/6733/4012 4065/6815/4065
f 3942/6620/3942 4065/6815/4065 4033/6771/4033
f 3979/6679/3979 4066/6816/4066 3992/6700/3992
f 4067/6817/4067 4051/6795/4051 3965/6657/3965
f 3868/6483/3868 4060/6807/4060 4026/6759/4026
f 3981/6683/3981 4054/6798/4054 4042/6782/4042
f 3958/6644/3958 3969/6664/3969 4068/6818/4068
f 3993/6701/3993 4022/6753/4022 4061/6810/4061
f 3971/6784/3971 4043/6783/4043 4069/6819/4069
f 3944/6625/3944 4048/6792/4048 4047/6790/4047
f 4037/6777/4037 4048/6820/4048 3906/6552/3906
f 4012/6732/4012 3954/6636/3954 4070/6821/4070
f 4004/6735/4004 4071/6822/4071 4019/6823/4019
f 4072/6824/4072 4071/6822/4071 4004/6735/4004
f 4004/6735/4004 4050/6794/4050 4072/6824/4072
f 4059/6806/4059 4067/6817/4067 3965/6657/3965
f 4026/6759/4026 4073/6825/4073 3968/6662/3968
f 3888/6523/3888 4040/6780/4040 3957/6642/3957
f 3939/6616/3939 4053/6797/4053 4015/6740/4015
f 3958/6723/3958 4074/6826/4074 3982/6684/3982
f 3982/6684/3982 4074/6826/4074 3994/6702/3994
f 3983/6686/3983 4075/6827/4075 4023/6754/4023
f 3970/6665/3970 4056/6800/4056 3983/6828/3983
f 3925/6596/3925 4046/6788/4046 4076/6829/4076
f 4077/6830/4077 4036/6775/4036 3989/6694/3989
f 4002/6745/4002 4078/6831/4078 3984/6746/3984
f 3878/6506/3878 4057/6802/4057 4064/6813/4064
f 4019/6749/4019 4071/6832/4071 4079/6833/4079
f 4012/6732/4012 4070/6821/4070 4065/6834/4065
f 3985/6690/3985 4013/6734/4013 4080/6835/4080
f 3985/6690/3985 4066/6816/4066 3979/6679/3979
f 4065/6815/4065 4081/6836/4081 4033/6771/4033
f 3964/6656/3964 4014/6837/4014 4059/6806/4059
f 4005/6720/4005 4082/6838/4082 4052/6796/4052
f 3957/6642/3957 4083/6839/4083 4041/6781/4041
f 4055/6799/4055 4023/6754/4023 4075/6827/4075
f 4084/6840/4084 4029/6762/4029 4069/6841/4069
f 4029/6762/4029 3971/6666/3971 4069/6841/4069
f 4085/6842/4085 4043/6783/4043 3952/6634/3952
f 4063/6812/4063 4017/6843/4017 3988/6693/3988
f 4086/6844/4086 3917/6582/3917 4008/6725/4008
f 3973/6668/3973 3945/6626/3945 4087/6845/4087
f 4032/6769/4032 3999/6709/3999 3961/6651/3961
f 4001/6711/4001 4088/6846/4088 3990/6695/3990
f 4089/6847/4089 3865/6848/3865 3977/6731/3977
f 4089/6847/4089 4038/6849/4038 3865/6848/3865
f 4070/6821/4070 3954/6636/3954 4019/6749/4019
f 4090/6850/4090 4013/6750/4013 4020/6751/4020
f 4090/6850/4090 4080/6851/4080 4013/6750/4013
f 4066/6816/4066 3985/6690/3985 4080/6835/4080
f 4020/6751/4020 4033/6771/4033 4091/6852/4091
f 4039/6779/4039 4082/6838/4082 4005/6720/4005
f 4092/6853/4092 4021/6752/4021 4042/6809/4042
f 3969/6664/3969 4015/6740/4015 4093/6854/4093
f 4042/6809/4042 4054/6855/4054 4092/6853/4092
f 4054/6798/4054 4061/6810/4061 4094/6856/4094
f 3983/6828/3983 4056/6800/4056 4075/6857/4075
f 3925/6596/3925 4076/6829/4076 4044/6785/4044
f 4007/6858/4007 3997/6744/3997 4095/6859/4095
f 4063/6860/4063 4077/6830/4077 4017/6743/4017
f 4077/6830/4077 3989/6694/3989 4017/6743/4017
f 3998/6707/3998 4000/6710/4000 4096/6861/4096
f 4002/6745/4002 3990/6862/3990 4097/6863/4097
f 3984/6746/3984 4078/6831/4078 3976/6728/3976
f 3941/6864/3941 3946/6814/3946 4098/6865/4098
f 4018/6748/4018 4003/6717/4003 4099/6866/4099
f 4100/6867/4100 4065/6834/4065 4070/6821/4070
f 4065/6834/4065 4100/6867/4100 4081/6868/4081
f 4050/6794/4050 3949/6630/3949 4101/6869/4101
f 3949/6630/3949 3966/6660/3966 4102/6870/4102
f 3932/6605/3932 4103/6871/4103 4060/6807/4060
f 4073/6825/4073 3986/6691/3986 3968/6662/3968
f 4104/6872/4104 4074/6826/4074 3958/6723/3958
f 4029/6762/4029 4084/6840/4084 4105/6873/4105
f 3995/6703/3995 4016/6741/4016 4106/6874/4106
f 4035/6774/4035 3934/6609/3934 4107/6875/4107
f 4063/6812/4063 4045/6786/4045 4108/6876/4108
f 4030/6877/4030 4024/6878/4024 4109/6879/4109
f 3927/6599/3927 4031/6768/4031 4009/6726/4009
f 4000/6710/4000 3999/6709/3999 4096/6861/4096
f 3945/6776/3945 4036/6775/4036 4087/6880/4087
f 3999/6709/3999 4110/6881/4110 4111/6882/4111
f 3999/6709/3999 4032/6769/4032 4110/6881/4110
f 3941/6864/3941 4098/6865/4098 4057/6883/4057
f 4018/6748/4018 4112/6884/4112 4058/6885/4058
f 4019/6749/4019 4079/6833/4079 4070/6821/4070
f 4070/6821/4070 4113/6886/4113 4100/6867/4100
f 4081/6836/4081 4091/6852/4091 4033/6771/4033
f 4100/6867/4100 4114/6887/4114 4081/6868/4081
f 4025/6757/4025 3967/6661/3967 4115/6888/4115
f 4026/6759/4026 4116/6889/4116 4073/6825/4073
f 4092/6853/4092 4054/6855/4054 4117/6890/4117
f 3958/6891/3958 4068/6892/4068 4104/6893/4104
f 4094/6856/4094 4061/6810/4061 4022/6753/4022
f 4056/6800/4056 4118/6894/4118 4075/6857/4075
f 4027/6760/4027 4029/6762/4029 4118/6894/4118
f 4016/6741/4016 4028/6761/4028 4106/6874/4106
f 4043/6783/4043 4085/6842/4085 4069/6819/4069
f 3952/6895/3952 4007/6896/4007 4085/6897/4085
f 3917/6582/3917 4049/6793/4049 3864/6477/3864
f 3999/6709/3999 4111/6882/4111 4096/6861/4096
f 4032/6769/4032 3935/6611/3935 4119/6898/4119
f 3990/6695/3990 4088/6846/4088 4097/6899/4097
f 4097/6863/4097 4078/6831/4078 4002/6745/4002
f 4018/6748/4018 4099/6866/4099 4112/6884/4112
f 4070/6821/4070 4079/6833/4079 4113/6886/4113
f 4020/6900/4020 4120/6901/4120 4090/6902/4090
f 4079/6903/4079 4071/6904/4071 4121/6905/4121
f 4113/6886/4113 4122/6906/4122 4100/6867/4100
f 4100/6867/4100 4123/6907/4123 4114/6887/4114
f 4051/6795/4051 4103/6871/4103 3932/6605/3932
f 4021/6752/4021 4124/6908/4124 4053/6797/4053
f 4056/6800/4056 4027/6760/4027 4118/6894/4118
f 3996/6705/3996 3995/6704/3995 4125/6909/4125
f 3934/6609/3934 4044/6785/4044 4107/6875/4107
f 4046/6910/4046 3998/6707/3998 4126/6911/4126
f 4109/6912/4109 4127/6913/4127 4030/6765/4030
f 4128/6914/4128 4031/6766/4031 4030/6765/4030
f 4049/6793/4049 4129/6915/4129 3972/6667/3972
f 4110/6881/4110 4032/6769/4032 4119/6898/4119
f 3976/6728/3976 4078/6831/4078 4010/6729/4010
f 3946/6814/3946 4058/6803/4058 4098/6865/4098
f 4079/6833/4079 4121/6916/4121 4113/6886/4113
f 4071/6917/4071 4072/6918/4072 4130/6919/4130
f 4113/6886/4113 4131/6920/4131 4122/6906/4122
f 4050/6794/4050 4132/6921/4132 4072/6824/4072
f 4122/6906/4122 4131/6920/4131 4123/6907/4123
f 4122/6906/4122 4123/6907/4123 4100/6867/4100
f 3966/6922/3966 4034/6923/4034 4102/6924/4102
f 3986/6721/3986 4133/6925/4133 4040/6780/4040
f 4021/6752/4021 4092/6853/4092 4124/6908/4124
f 4094/6926/4094 4117/6890/4117 4054/6855/4054
f 4022/6753/4022 4134/6927/4134 4094/6856/4094
f 4074/6826/4074 4028/6761/4028 3994/6702/3994
f 4029/6762/4029 4105/6873/4105 4118/6894/4118
f 4096/6861/4096 4135/6928/4135 3998/6707/3998
f 3972/6667/3972 4129/6915/4129 4037/6777/4037
f 4088/6929/4088 4136/6930/4136 4097/6863/4097
f 4072/6931/4072 4132/6932/4132 4130/6933/4130
f 4131/6920/4131 4137/6934/4137 4123/6907/4123
f 4123/6935/4123 4137/6936/4137 4138/6937/4138
f 4123/6907/4123 4138/6938/4138 4114/6887/4114
f 3949/6939/3949 4102/6940/4102 4101/6941/4101
f 4139/6942/4139 4059/6943/4059 4014/6944/4014
f 4034/6773/4034 4025/6757/4025 4140/6945/4140
f 4025/6757/4025 4141/6946/4141 4140/6945/4140
f 3967/6661/3967 4052/6796/4052 4115/6888/4115
f 4039/6779/4039 4142/6947/4142 4082/6838/4082
f 4053/6797/4053 4143/6948/4143 4015/6740/4015
f 4092/6853/4092 4117/6890/4117 4124/6908/4124
f 4022/6753/4022 4144/6949/4144 4134/6927/4134
f 4062/6811/4062 4144/6949/4144 4022/6753/4022
f 4063/6860/4063 4145/6950/4145 4077/6830/4077
f 3917/6582/3917 4086/6844/4086 4049/6793/4049
f 4031/6766/4031 4146/6951/4146 4009/6952/4009
f 4011/6730/4011 4089/6847/4089 3977/6731/3977
f 4080/6953/4080 4090/6954/4090 4147/6955/4147
f 4121/6916/4121 4131/6920/4131 4113/6886/4113
f 3992/6956/3992 4139/6942/4139 4014/6944/4014
f 4060/6807/4060 4116/6889/4116 4026/6759/4026
f 4039/6779/4039 4148/6957/4148 4142/6947/4142
f 3987/6692/3987 4148/6957/4148 4039/6779/4039
f 4015/6740/4015 4143/6948/4143 4149/6958/4149
f 4015/6740/4015 4149/6958/4149 4093/6854/4093
f 3969/6664/3969 4093/6854/4093 4068/6818/4068
f 4007/6858/4007 4150/6959/4150 4085/6960/4085
f 4063/6860/4063 4108/6961/4108 4145/6950/4145
f 4046/6788/4046 4126/6962/4126 4076/6829/4076
f 4096/6861/4096 4151/6963/4151 4135/6928/4135
f 4151/6963/4151 4096/6861/4096 4111/6882/4111
f 3973/6668/3973 4087/6845/4087 4152/6964/4152
f 3973/6668/3973 4152/6964/4152 3974/6669/3974
f 4071/6904/4071 4153/6965/4153 4121/6905/4121
f 4020/6751/4020 4091/6852/4091 4120/6966/4120
f 4050/6967/4050 4101/6968/4101 4132/6932/4132
f 4138/6969/4138 4154/6970/4154 4114/6971/4114
f 3986/6721/3986 4155/6972/4155 4133/6925/4133
f 4074/6826/4074 4104/6872/4104 4156/6973/4156
f 3998/6707/3998 4135/6928/4135 4126/6911/4126
f 4128/6914/4128 4146/6951/4146 4031/6766/4031
f 4077/6830/4077 4145/6950/4145 4157/6974/4157
f 4077/6830/4077 4158/6975/4158 4036/6775/4036
f 4036/6775/4036 4158/6975/4158 4087/6880/4087
f 4110/6976/4110 4159/6977/4159 4160/6978/4160
f 4161/6979/4161 4001/6711/4001 3974/6669/3974
f 4110/6881/4110 4119/6898/4119 4159/6980/4159
f 4010/6729/4010 4162/6981/4162 4011/6730/4011
f 4121/6916/4121 4163/6982/4163 4131/6920/4131
f 4051/6795/4051 4164/6983/4164 4103/6871/4103
f 3986/6691/3986 4073/6825/4073 4155/6984/4155
f 4117/6890/4117 4165/6985/4165 4124/6908/4124
f 4055/6986/4055 4075/6857/4075 4166/6987/4166
f 4085/6842/4085 4150/6988/4150 4167/6989/4167
f 3996/6990/3996 4125/6991/4125 4168/6992/4168
f 4007/6858/4007 4095/6859/4095 4150/6959/4150
f 4037/6993/4037 4169/6994/4169 4048/6792/4048
f 4111/6882/4111 4110/6881/4110 4170/6995/4170
f 4057/6883/4057 4171/6996/4171 4064/6997/4064
f 4172/6998/4172 4089/6847/4089 4011/6730/4011
f 4038/6778/4038 4099/6866/4099 4003/6717/4003
f 4071/6917/4071 4130/6919/4130 4153/6999/4153
f 4121/6905/4121 4153/6965/4153 4163/7000/4163
f 4131/6920/4131 4163/6982/4163 4137/6934/4137
f 4091/7001/4091 4173/7002/4173 4174/7003/4174
f 4067/6817/4067 4164/6983/4164 4051/6795/4051
f 4025/6757/4025 4115/6888/4115 4141/6946/4141
f 4060/6807/4060 4175/7004/4175 4116/6889/4116
f 4115/6888/4115 4052/6796/4052 4176/7005/4176
f 3987/6808/3987 4041/6781/4041 4148/7006/4148
f 3957/6642/3957 4040/6780/4040 4177/7007/4177
f 4125/6991/4125 3995/7008/3995 4178/7009/4178
f 3996/6990/3996 4168/6992/4168 4024/6878/4024
f 4024/6878/4024 4168/6992/4168 4109/6879/4109
f 4076/7010/4076 4126/7011/4126 4179/7012/4179
f 4127/6913/4127 4128/6914/4128 4030/6765/4030
f 4008/6725/4008 3857/6461/3857 4009/6726/4009
f 4169/7013/4169 4037/6777/4037 4129/6915/4129
f 4146/6951/4146 4180/7014/4180 4009/6952/4009
f 3974/6669/3974 4152/6964/4152 4161/6979/4161
f 3935/6611/3935 3936/6612/3936 4181/7015/4181
f 4098/6865/4098 4182/7016/4182 4057/6883/4057
f 4091/7001/4091 4081/7017/4081 4173/7002/4173
f 4138/6969/4138 4183/7018/4183 4154/6970/4154
f 4103/6871/4103 4184/7019/4184 4060/6807/4060
f 4184/7019/4184 4175/7004/4175 4060/6807/4060
f 4177/7007/4177 4083/6839/4083 3957/6642/3957
f 4053/6797/4053 4124/6908/4124 4143/6948/4143
f 4117/6890/4117 4094/6926/4094 4185/7020/4185
f 4068/6892/4068 4186/7021/4186 4104/6893/4104
f 4062/6811/4062 4187/7022/4187 4144/6949/4144
f 4084/7023/4084 4188/7024/4188 4105/7025/4105
f 4158/6975/4158 4189/7026/4189 4087/6880/4087
f 4110/6976/4110 4160/6978/4160 4170/7027/4170
f 4181/7015/4181 4119/6898/4119 3935/6611/3935
f 4181/7015/4181 3936/6612/3936 3975/6696/3975
f 4078/6831/4078 4162/6981/4162 4010/6729/4010
f 4120/7028/4120 4091/7001/4091 4190/7029/4190
f 4081/7017/4081 4114/6971/4114 4191/7030/4191
f 4059/6806/4059 4192/7031/4192 4067/6817/4067
f 4187/7032/4187 4062/7033/4062 4193/7034/4193
f 4193/7035/4193 4062/6811/4062 4055/6799/4055
f 4166/6987/4166 4075/6857/4075 4118/6894/4118
f 4167/6989/4167 4069/6819/4069 4085/6842/4085
f 4194/7036/4194 4045/6786/4045 4035/6774/4035
f 4195/7037/4195 4044/7038/4044 4076/7010/4076
f 4196/7039/4196 4109/6879/4109 4168/6992/4168
f 4197/7040/4197 4179/7012/4179 4126/7011/4126
f 4197/7041/4197 4126/6911/4126 4135/6928/4135
f 4047/6790/4047 4048/6792/4048 4198/7042/4198
f 4198/7042/4198 4048/6792/4048 4169/6994/4169
f 4151/6963/4151 4111/6882/4111 4170/6995/4170
f 4157/6974/4157 4158/6975/4158 4077/6830/4077
f 4136/6930/4136 4199/7043/4199 4097/6863/4097
f 4098/6865/4098 4058/6803/4058 4182/7016/4182
f 4066/7044/4066 4200/7045/4200 3992/6956/3992
f 4120/7028/4120 4190/7029/4190 4201/7046/4201
f 3992/6956/3992 4200/7045/4200 4139/6942/4139
f 4081/7017/4081 4202/7047/4202 4173/7002/4173
f 4102/6924/4102 4034/6923/4034 4203/7048/4203
f 4204/7049/4204 4103/6871/4103 4164/6983/4164
f 4082/6838/4082 4205/7050/4205 4206/7051/4206
f 4206/7051/4206 4052/6796/4052 4082/6838/4082
f 4205/7050/4205 4082/6838/4082 4142/6947/4142
f 4116/6889/4116 4207/7052/4207 4073/6825/4073
f 4208/7053/4208 4148/7006/4148 4041/6781/4041
f 4040/6780/4040 4133/6925/4133 4177/7007/4177
f 4124/6908/4124 4165/6985/4165 4209/7054/4209
f 4106/6874/4106 4178/7055/4178 3995/6703/3995
f 4084/6840/4084 4069/6841/4069 4167/7056/4167
f 4196/7039/4196 4127/7057/4127 4109/6879/4109
f 4058/6803/4058 4210/7058/4210 4182/7016/4182
f 4120/7059/4120 4201/7060/4201 4090/6954/4090
f 4080/6953/4080 4147/6955/4147 4066/7044/4066
f 4174/7003/4174 4190/7029/4190 4091/7001/4091
f 4114/6971/4114 4154/6970/4154 4191/7030/4191
f 4137/7061/4137 4183/7062/4183 4138/7063/4138
f 4083/6839/4083 4211/7064/4211 4041/6781/4041
f 4041/6781/4041 4211/7064/4211 4208/7053/4208
f 4149/6958/4149 4143/6948/4143 4212/7065/4212
f 4093/7066/4093 4213/7067/4213 4068/6892/4068
f 4094/6926/4094 4134/7068/4134 4185/7020/4185
f 4144/6949/4144 4214/7069/4214 4134/6927/4134
f 4144/7070/4144 4187/7032/4187 4214/7071/4214
f 4156/6973/4156 4215/7072/4215 4074/6826/4074
f 4166/6987/4166 4193/7073/4193 4055/6986/4055
f 4028/6761/4028 4074/6826/4074 4216/7074/4216
f 4125/6991/4125 4178/7009/4178 4168/6992/4168
f 4107/6875/4107 4044/6785/4044 4195/7075/4195
f 3997/6744/3997 4047/6790/4047 4217/7076/4217
f 4095/6859/4095 3997/6744/3997 4217/7076/4217
f 4217/7076/4217 4047/6790/4047 4198/7042/4198
f 4181/7077/4181 3975/7078/3975 4218/7079/4218
f 4097/6863/4097 4199/7043/4199 4078/6831/4078
f 4089/6847/4089 4219/7080/4219 4038/6849/4038
f 4112/6884/4112 4099/6866/4099 4220/7081/4220
f 4081/7017/4081 4191/7030/4191 4202/7047/4202
f 4139/6942/4139 4221/7082/4221 4059/6943/4059
f 4034/6923/4034 4140/7083/4140 4203/7048/4203
f 4141/6946/4141 4115/6888/4115 4222/7084/4222
f 4176/7005/4176 4223/7085/4223 4115/6888/4115
f 4116/6889/4116 4175/7004/4175 4207/7052/4207
f 4124/6908/4124 4209/7054/4209 4143/6948/4143
f 4035/6774/4035 4107/6875/4107 4194/7036/4194
f 4095/6859/4095 4217/7076/4217 4150/6959/4150
f 4197/7040/4197 4135/7086/4135 4224/7087/4224
f 4196/7039/4196 4225/7088/4225 4127/7057/4127
f 4127/6913/4127 4225/7089/4225 4128/6914/4128
f 4226/7090/4226 4146/6951/4146 4128/6914/4128
f 4011/6730/4011 4162/6981/4162 4172/6998/4172
f 4227/7091/4227 4173/7002/4173 4202/7047/4202
f 4204/7049/4204 4184/7019/4184 4103/6871/4103
f 4206/7051/4206 4176/7005/4176 4052/6796/4052
f 4209/7054/4209 4212/7065/4212 4143/6948/4143
f 4117/6890/4117 4185/7020/4185 4228/7092/4228
f 4215/7072/4215 4216/7074/4216 4074/6826/4074
f 4216/7074/4216 4106/6874/4106 4028/6761/4028
f 4178/7009/4178 4196/7039/4196 4168/6992/4168
f 4224/7087/4224 4135/7086/4135 4229/7093/4229
f 4229/7094/4229 4135/6928/4135 4151/6963/4151
f 4230/7095/4230 4198/7042/4198 4169/6994/4169
f 4161/6979/4161 4088/6846/4088 4001/6711/4001
f 4119/7096/4119 4181/7077/4181 4159/7097/4159
f 4218/7079/4218 3975/7078/3975 4231/7098/4231
f 4057/6883/4057 4182/7016/4182 4171/6996/4171
f 4038/6778/4038 4232/7099/4232 4099/6866/4099
f 4058/6803/4058 4112/7100/4112 4210/7058/4210
f 4227/7091/4227 4174/7003/4174 4173/7002/4173
f 4154/6970/4154 4183/7018/4183 4233/7101/4233
f 4139/6942/4139 4234/7102/4234 4221/7082/4221
f 4140/7083/4140 4141/7103/4141 4235/7104/4235
f 4073/6825/4073 4207/7052/4207 4155/6984/4155
f 4149/6958/4149 4236/7105/4236 4093/6854/4093
f 4068/6892/4068 4213/7067/4213 4186/7021/4186
f 4156/7106/4156 4104/6893/4104 4186/7021/4186
f 4084/7023/4084 4167/7107/4167 4188/7024/4188
f 4195/7037/4195 4076/7010/4076 4237/7108/4237
f 4076/7010/4076 4179/7012/4179 4237/7108/4237
f 4086/6844/4086 4238/7109/4238 4049/6793/4049
f 4238/7109/4238 4129/6915/4129 4049/6793/4049
f 4239/7110/4239 4008/6725/4008 4009/6726/4009
f 4159/7097/4159 4181/7077/4181 4240/7111/4240
f 3975/7112/3975 4064/6997/4064 4231/7113/4231
f 4066/7044/4066 4147/6955/4147 4241/7114/4241
f 4190/7115/4190 4242/7116/4242 4201/7060/4201
f 4235/7104/4235 4141/7103/4141 4222/7117/4222
f 4222/7118/4222 4115/7119/4115 4223/7120/4223
f 4165/6985/4165 4117/6890/4117 4228/7092/4228
f 4214/7071/4214 4243/7121/4243 4244/7122/4244
f 4106/6874/4106 4216/7074/4216 4245/7123/4245
f 4118/6894/4118 4105/6873/4105 4246/7124/4246
f 4105/7025/4105 4188/7024/4188 4246/7125/4246
f 4197/7040/4197 4237/7108/4237 4179/7012/4179
f 4045/6786/4045 4194/7036/4194 4108/6876/4108
f 4108/6961/4108 4157/6974/4157 4145/6950/4145
f 4225/7089/4225 4247/7126/4247 4128/6914/4128
f 4128/6914/4128 4247/7126/4247 4226/7090/4226
f 4008/6725/4008 4238/7109/4238 4086/6844/4086
f 4146/6951/4146 4248/7127/4248 4180/7014/4180
f 4087/6880/4087 4249/7128/4249 4152/7129/4152
f 4249/7128/4249 4161/7130/4161 4152/7129/4152
f 4181/7077/4181 4218/7079/4218 4240/7111/4240
f 4078/6831/4078 4199/7043/4199 4162/6981/4162
f 4172/6998/4172 4219/7080/4219 4089/6847/4089
f 4112/7100/4112 4250/7131/4250 4210/7058/4210
f 4066/7044/4066 4241/7114/4241 4200/7045/4200
f 4101/6968/4101 4251/7132/4251 4132/6932/4132
f 4137/7061/4137 4252/7133/4252 4183/7062/4183
f 4221/7082/4221 4192/7134/4192 4059/6943/4059
f 4142/6947/4142 4148/6957/4148 4253/7135/4253
f 4187/7032/4187 4243/7121/4243 4214/7071/4214
f 4188/7024/4188 4254/7136/4254 4246/7125/4246
f 4106/7137/4106 4245/7138/4245 4178/7009/4178
f 4237/7108/4237 4197/7040/4197 4255/7139/4255
f 4157/6974/4157 4256/7140/4256 4158/6975/4158
f 4219/7080/4219 4232/7141/4232 4038/6849/4038
f 4154/6970/4154 4233/7101/4233 4257/7142/4257
f 4183/7143/4183 4252/7144/4252 4233/7145/4233
f 4203/7048/4203 4258/7146/4258 4102/6924/4102
f 4205/7050/4205 4259/7147/4259 4206/7051/4206
f 4208/7053/4208 4260/7148/4260 4148/7006/4148
f 4209/7054/4209 4165/6985/4165 4261/7149/4261
f 4236/7105/4236 4149/6958/4149 4212/7065/4212
f 4226/7090/4226 4248/7127/4248 4146/6951/4146
f 4170/7027/4170 4262/7150/4262 4151/7151/4151
f 4009/6952/4009 4180/7014/4180 4239/7152/4239
f 4158/6975/4158 4256/7140/4256 4189/7026/4189
f 4137/7061/4137 4163/7153/4163 4252/7133/4252
f 4101/6968/4101 4102/7154/4102 4263/7155/4263
f 4154/6970/4154 4264/7156/4264 4191/7030/4191
f 4154/6970/4154 4257/7142/4257 4264/7156/4264
f 4140/7083/4140 4265/7157/4265 4203/7048/4203
f 4235/7104/4235 4265/7157/4265 4140/7083/4140
f 4177/7007/4177 4211/7064/4211 4083/6839/4083
f 4156/7106/4156 4186/7021/4186 4266/7158/4266
f 4214/7159/4214 4267/7160/4267 4134/7068/4134
f 4237/7108/4237 4268/7161/4268 4195/7037/4195
f 4255/7139/4255 4268/7161/4268 4237/7108/4237
f 4150/6959/4150 4269/7162/4269 4167/7107/4167
f 4196/7039/4196 4178/7009/4178 4270/7163/4270
f 4196/7039/4196 4270/7163/4270 4225/7088/4225
f 4008/6725/4008 4239/7110/4239 4238/7109/4238
f 4087/6880/4087 4189/7026/4189 4249/7128/4249
f 4132/6932/4132 4271/7164/4271 4130/6933/4130
f 4090/6954/4090 4201/7060/4201 4272/7165/4272
f 4235/7104/4235 4222/7117/4222 4265/7157/4265
f 4067/6817/4067 4273/7166/4273 4164/6983/4164
f 4208/7053/4208 4274/7167/4274 4260/7148/4260
f 4209/7054/4209 4275/7168/4275 4212/7065/4212
f 4209/7054/4209 4261/7149/4261 4275/7168/4275
f 4212/7065/4212 4275/7168/4275 4236/7105/4236
f 4214/7159/4214 4244/7169/4244 4267/7160/4267
f 4107/6875/4107 4276/7170/4276 4194/7036/4194
f 4197/7040/4197 4224/7087/4224 4255/7139/4255
f 4194/7036/4194 4277/7171/4277 4108/6876/4108
f 4189/7026/4189 4278/7172/4278 4249/7128/4249
f 4088/6846/4088 4161/6979/4161 4279/7173/4279
f 4064/6997/4064 4171/6996/4171 4280/7174/4280
f 4099/6866/4099 4232/7099/4232 4220/7081/4220
f 4250/7131/4250 4281/7175/4281 4210/7058/4210
f 4153/7176/4153 4130/6933/4130 4282/7177/4282
f 4251/7132/4251 4101/6968/4101 4263/7155/4263
f 4191/7030/4191 4264/7156/4264 4202/7047/4202
f 4265/7157/4265 4222/7117/4222 4283/7178/4283
f 4164/6983/4164 4284/7179/4284 4204/7049/4204
f 4142/6947/4142 4253/7135/4253 4205/7050/4205
f 4236/7180/4236 4213/7067/4213 4093/7066/4093
f 4156/7106/4156 4266/7158/4266 4215/7181/4215
f 4187/7032/4187 4193/7034/4193 4243/7121/4243
f 4108/6961/4108 4285/7182/4285 4157/6974/4157
f 4169/6994/4169 4286/7183/4286 4230/7095/4230
f 4226/7090/4226 4287/7184/4287 4248/7127/4248
f 4249/7128/4249 4288/7185/4288 4161/7130/4161
f 4088/6929/4088 4279/7186/4279 4136/6930/4136
f 4232/7099/4232 4289/7187/4289 4220/7081/4220
f 4210/7058/4210 4281/7175/4281 4182/7016/4182
f 4112/6884/4112 4220/7081/4220 4250/7188/4250
f 4090/6954/4090 4272/7165/4272 4147/6955/4147
f 4147/6955/4147 4272/7165/4272 4241/7114/4241
f 4132/6932/4132 4251/7132/4251 4271/7164/4271
f 4153/7189/4153 4282/7190/4282 4163/7191/4163
f 4200/7045/4200 4234/7102/4234 4139/6942/4139
f 4204/7049/4204 4290/7192/4290 4184/7019/4184
f 4211/7064/4211 4274/7167/4274 4208/7053/4208
f 4177/7007/4177 4133/6925/4133 4291/7193/4291
f 4177/7007/4177 4292/7194/4292 4211/7064/4211
f 4275/7168/4275 4261/7149/4261 4293/7195/4293
f 4193/7034/4193 4294/7196/4294 4243/7121/4243
f 4166/6987/4166 4295/7197/4295 4193/7073/4193
f 4118/6894/4118 4295/7197/4295 4166/6987/4166
f 4118/7198/4118 4246/7125/4246 4295/7199/4295
f 4107/7200/4107 4195/7037/4195 4276/7201/4276
f 4167/7107/4167 4269/7162/4269 4188/7024/4188
f 4108/6961/4108 4277/7202/4277 4285/7182/4285
f 4247/7126/4247 4296/7203/4296 4226/7090/4226
f 4226/7090/4226 4296/7203/4296 4287/7184/4287
f 4170/7027/4170 4160/6978/4160 4297/7204/4297
f 4189/7026/4189 4298/7205/4298 4278/7172/4278
f 4161/7130/4161 4288/7185/4288 4279/7206/4279
f 4220/7081/4220 4289/7187/4289 4299/7207/4299
f 4242/7116/4242 4300/7208/4300 4201/7060/4201
f 4174/7003/4174 4227/7091/4227 4190/7029/4190
f 4192/7031/4192 4273/7166/4273 4067/6817/4067
f 4164/6983/4164 4273/7166/4273 4284/7179/4284
f 4205/7050/4205 4253/7135/4253 4301/7209/4301
f 4259/7147/4259 4205/7050/4205 4301/7209/4301
f 4148/6957/4148 4260/7210/4260 4253/7135/4253
f 4275/7168/4275 4293/7195/4293 4236/7105/4236
f 4228/7092/4228 4261/7149/4261 4165/6985/4165
f 4243/7211/4243 4302/7212/4302 4244/7213/4244
f 4255/7139/4255 4224/7087/4224 4303/7214/4303
f 4150/6959/4150 4217/7076/4217 4304/7215/4304
f 4238/7109/4238 4286/7216/4286 4129/6915/4129
f 4129/7217/4129 4286/7183/4286 4169/6994/4169
f 4180/7014/4180 4248/7127/4248 4305/7218/4305
f 4278/7172/4278 4306/7219/4306 4249/7128/4249
f 4249/7128/4249 4306/7219/4306 4288/7185/4288
f 4240/7111/4240 4218/7079/4218 4307/7220/4307
f 4232/7141/4232 4219/7080/4219 4308/7221/4308
f 4200/7045/4200 4241/7114/4241 4309/7222/4309
f 4202/7047/4202 4310/7223/4310 4227/7091/4227
f 4264/7156/4264 4310/7223/4310 4202/7047/4202
f 4102/7154/4102 4258/7224/4258 4263/7155/4263
f 4227/7091/4227 4311/7225/4311 4190/7029/4190
f 4222/7117/4222 4312/7226/4312 4283/7178/4283
f 4222/7118/4222 4223/7120/4223 4313/7227/4313
f 4184/7019/4184 4314/7228/4314 4175/7004/4175
f 4206/7051/4206 4259/7147/4259 4176/7005/4176
f 4207/7052/4207 4315/7229/4315 4155/6984/4155
f 4291/7193/4291 4292/7194/4292 4177/7007/4177
f 4243/7211/4243 4316/7230/4316 4302/7212/4302
f 4215/7181/4215 4317/7231/4317 4216/7232/4216
f 4198/7042/4198 4304/7215/4304 4217/7076/4217
f 4225/7088/4225 4318/7233/4318 4247/7234/4247
f 4248/7127/4248 4287/7184/4287 4305/7218/4305
f 4189/7026/4189 4256/7140/4256 4298/7205/4298
f 4064/6997/4064 4280/7174/4280 4231/7113/4231
f 4251/7132/4251 4263/7155/4263 4319/7235/4319
f 4252/7144/4252 4320/7236/4320 4233/7145/4233
f 4201/7060/4201 4300/7208/4300 4321/7237/4321
f 4190/7029/4190 4311/7225/4311 4242/7238/4242
f 4258/7146/4258 4203/7048/4203 4265/7157/4265
f 4284/7179/4284 4290/7192/4290 4204/7049/4204
f 4184/7019/4184 4290/7192/4290 4322/7239/4322
f 4207/7052/4207 4175/7004/4175 4315/7229/4315
f 4236/7105/4236 4293/7195/4293 4323/7240/4323
f 4134/7068/4134 4267/7160/4267 4185/7020/4185
f 4268/7161/4268 4255/7139/4255 4195/7037/4195
f 4195/7037/4195 4255/7139/4255 4324/7241/4324
f 4188/7024/4188 4325/7242/4325 4254/7136/4254
f 4229/7093/4229 4326/7243/4326 4224/7087/4224
f 4188/7024/4188 4269/7162/4269 4325/7242/4325
f 4157/6974/4157 4285/7182/4285 4256/7140/4256
f 4262/7150/4262 4170/7027/4170 4327/7244/4327
f 4240/7111/4240 4307/7220/4307 4328/7245/4328
f 4172/6998/4172 4329/7246/4329 4219/7080/4219
f 4182/7016/4182 4330/7247/4330 4171/6996/4171
f 4281/7175/4281 4330/7247/4330 4182/7016/4182
f 4220/7081/4220 4331/7248/4331 4250/7188/4250
f 4130/6933/4130 4271/7164/4271 4282/7177/4282
f 4272/7165/4272 4332/7249/4332 4241/7114/4241
f 4251/7132/4251 4319/7235/4319 4271/7164/4271
f 4272/7165/4272 4201/7060/4201 4321/7237/4321
f 4242/7116/4242 4333/7250/4333 4300/7208/4300
f 4222/7118/4222 4313/7227/4313 4312/7251/4312
f 4334/7252/4334 4274/7167/4274 4211/7064/4211
f 4293/7195/4293 4261/7149/4261 4335/7253/4335
f 4213/7067/4213 4236/7180/4236 4336/7254/4336
f 4185/7020/4185 4337/7255/4337 4228/7092/4228
f 4244/7213/4244 4302/7212/4302 4267/7256/4267
f 4246/7125/4246 4254/7136/4254 4338/7257/4338
f 4195/7037/4195 4339/7258/4339 4276/7201/4276
f 4195/7037/4195 4324/7241/4324 4339/7258/4339
f 4194/7036/4194 4340/7259/4340 4277/7171/4277
f 4150/6959/4150 4304/7215/4304 4269/7162/4269
f 4151/7151/4151 4262/7150/4262 4229/7260/4229
f 4230/7095/4230 4341/7261/4341 4198/7042/4198
f 4238/7109/4238 4239/7110/4239 4342/7262/4342
f 4281/7175/4281 4250/7131/4250 4343/7263/4343
f 4282/7190/4282 4252/7144/4252 4163/7191/4163
f 4200/7045/4200 4309/7222/4309 4234/7102/4234
f 4257/7264/4257 4233/7145/4233 4344/7265/4344
f 4311/7225/4311 4333/7266/4333 4242/7238/4242
f 4176/7267/4176 4259/7268/4259 4345/7269/4345
f 4155/6972/4155 4346/7270/4346 4133/6925/4133
f 4323/7271/4323 4336/7254/4336 4236/7180/4236
f 4185/7020/4185 4267/7160/4267 4337/7255/4337
f 4303/7214/4303 4224/7087/4224 4347/7272/4347
f 4194/7273/4194 4276/7201/4276 4340/7274/4340
f 4342/7262/4342 4286/7216/4286 4238/7109/4238
f 4180/7014/4180 4348/7275/4348 4239/7152/4239
f 4285/7182/4285 4349/7276/4349 4256/7140/4256
f 4350/7277/4350 4280/7174/4280 4351/7278/4351
f 4280/7174/4280 4171/6996/4171 4351/7278/4351
f 4171/6996/4171 4330/7247/4330 4352/7279/4352
f 4250/7188/4250 4331/7248/4331 4343/7280/4343
f 4353/7281/4353 4320/7236/4320 4282/7190/4282
f 4282/7190/4282 4320/7236/4320 4252/7144/4252
f 4257/7264/4257 4344/7265/4344 4354/7282/4354
f 4320/7236/4320 4344/7265/4344 4233/7145/4233
f 4265/7157/4265 4283/7178/4283 4355/7283/4355
f 4322/7239/4322 4356/7284/4356 4184/7019/4184
f 4356/7284/4356 4314/7228/4314 4184/7019/4184
f 4243/7211/4243 4294/7285/4294 4316/7230/4316
f 4295/7199/4295 4357/7286/4357 4193/7287/4193
f 4216/7288/4216 4358/7289/4358 4245/7138/4245
f 4255/7139/4255 4359/7290/4359 4324/7241/4324
f 4178/7009/4178 4245/7138/4245 4270/7163/4270
f 4270/7163/4270 4245/7138/4245 4360/7291/4360
f 4270/7163/4270 4318/7233/4318 4225/7088/4225
f 4361/7292/4361 4286/7183/4286 4342/7293/4342
f 4287/7184/4287 4362/7294/4362 4305/7218/4305
f 4305/7218/4305 4362/7294/4362 4348/7275/4348
f 4180/7014/4180 4305/7218/4305 4348/7275/4348
f 4288/7295/4288 4363/7296/4363 4279/7186/4279
f 4279/7186/4279 4363/7296/4363 4136/6930/4136
f 4136/6930/4136 4363/7296/4363 4364/7297/4364
f 4218/7079/4218 4231/7098/4231 4307/7220/4307
f 4162/6981/4162 4329/7246/4329 4172/6998/4172
f 4280/7298/4280 4350/7299/4350 4231/7098/4231
f 4331/7248/4331 4220/7081/4220 4299/7207/4299
f 4281/7175/4281 4343/7263/4343 4365/7300/4365
f 4281/7175/4281 4365/7300/4365 4330/7247/4330
f 4300/7208/4300 4333/7250/4333 4321/7237/4321
f 4257/7264/4257 4354/7282/4354 4264/7301/4264
f 4258/7224/4258 4319/7235/4319 4263/7155/4263
f 4321/7237/4321 4333/7250/4333 4366/7302/4366
f 4265/7157/4265 4355/7283/4355 4258/7146/4258
f 4355/7283/4355 4283/7178/4283 4367/7303/4367
f 4284/7179/4284 4368/7304/4368 4290/7192/4290
f 4290/7192/4290 4368/7304/4368 4322/7239/4322
f 4253/7135/4253 4369/7305/4369 4301/7209/4301
f 4155/6972/4155 4315/7306/4315 4346/7270/4346
f 4211/7064/4211 4292/7194/4292 4334/7252/4334
f 4133/6925/4133 4346/7270/4346 4291/7193/4291
f 4266/7158/4266 4370/7307/4370 4215/7181/4215
f 4193/7287/4193 4357/7286/4357 4371/7308/4371
f 4303/7214/4303 4347/7272/4347 4372/7309/4372
f 4269/7162/4269 4304/7215/4304 4325/7242/4325
f 4342/7310/4342 4239/7152/4239 4348/7275/4348
f 4256/7140/4256 4349/7276/4349 4298/7205/4298
f 4298/7205/4298 4373/7311/4373 4278/7172/4278
f 4240/7111/4240 4328/7245/4328 4159/7097/4159
f 4199/7043/4199 4374/7312/4374 4162/6981/4162
f 4352/7279/4352 4351/7278/4351 4171/6996/4171
f 4232/7099/4232 4375/7313/4375 4289/7187/4289
f 4352/7279/4352 4330/7247/4330 4376/7314/4376
f 4331/7248/4331 4377/7315/4377 4343/7280/4343
f 4343/7280/4343 4377/7315/4377 4365/7316/4365
f 4282/7177/4282 4271/7164/4271 4378/7317/4378
f 4319/7235/4319 4378/7317/4378 4271/7164/4271
f 4272/7165/4272 4321/7237/4321 4379/7318/4379
f 4258/7146/4258 4355/7283/4355 4380/7319/4380
f 4192/7031/4192 4381/7320/4381 4273/7166/4273
f 4382/7321/4382 4175/7004/4175 4314/7228/4314
f 4175/7004/4175 4382/7321/4382 4315/7229/4315
f 4359/7290/4359 4255/7139/4255 4303/7214/4303
f 4347/7272/4347 4224/7087/4224 4326/7243/4326
f 4229/7260/4229 4262/7150/4262 4326/7322/4326
f 4383/7323/4383 4342/7324/4342 4348/7325/4348
f 4327/7244/4327 4170/7027/4170 4297/7204/4297
f 4298/7205/4298 4349/7276/4349 4373/7311/4373
f 4329/7246/4329 4308/7221/4308 4219/7080/4219
f 4308/7326/4308 4384/7327/4384 4232/7328/4232
f 4272/7165/4272 4379/7318/4379 4332/7249/4332
f 4309/7222/4309 4241/7114/4241 4332/7249/4332
f 4320/7236/4320 4353/7281/4353 4385/7329/4385
f 4354/7330/4354 4310/7331/4310 4264/7332/4264
f 4227/7091/4227 4386/7333/4386 4311/7225/4311
f 4366/7334/4366 4333/7266/4333 4387/7335/4387
f 4333/7266/4333 4311/7225/4311 4387/7335/4387
f 4356/7284/4356 4382/7321/4382 4314/7228/4314
f 4253/7135/4253 4260/7210/4260 4369/7305/4369
f 4317/7231/4317 4358/7336/4358 4216/7232/4216
f 4246/7125/4246 4338/7257/4338 4295/7199/4295
f 4276/7201/4276 4339/7258/4339 4388/7337/4388
f 4324/7241/4324 4359/7290/4359 4388/7337/4388
f 4324/7241/4324 4388/7337/4388 4339/7258/4339
f 4304/7215/4304 4389/7338/4389 4325/7242/4325
f 4277/7202/4277 4390/7339/4390 4285/7182/4285
f 4230/7095/4230 4286/7183/4286 4391/7340/4391
f 4230/7095/4230 4391/7340/4391 4341/7261/4341
f 4160/6978/4160 4159/6977/4159 4392/7341/4392
f 4136/6930/4136 4364/7297/4364 4199/7043/4199
f 4199/7043/4199 4364/7297/4364 4374/7312/4374
f 4350/7299/4350 4307/7220/4307 4231/7098/4231
f 4378/7317/4378 4393/7342/4393 4282/7177/4282
f 4282/7177/4282 4393/7342/4393 4353/7343/4353
f 4258/7224/4258 4380/7344/4380 4319/7235/4319
f 4311/7225/4311 4386/7333/4386 4387/7335/4387
f 4355/7283/4355 4367/7303/4367 4380/7319/4380
f 4322/7239/4322 4368/7304/4368 4394/7345/4394
f 4356/7284/4356 4322/7239/4322 4394/7345/4394
f 4274/7167/4274 4334/7252/4334 4395/7346/4395
f 4186/7021/4186 4213/7067/4213 4396/7347/4396
f 4186/7021/4186 4396/7347/4396 4266/7158/4266
f 4193/7287/4193 4371/7308/4371 4294/7348/4294
f 4245/7138/4245 4358/7289/4358 4360/7291/4360
f 4318/7233/4318 4296/7349/4296 4247/7234/4247
f 4296/7203/4296 4362/7294/4362 4287/7184/4287
f 4278/7172/4278 4373/7311/4373 4306/7219/4306
f 4162/6981/4162 4374/7312/4374 4329/7246/4329
f 4352/7279/4352 4397/7350/4397 4351/7278/4351
f 4365/7300/4365 4398/7351/4398 4330/7247/4330
f 4399/7352/4399 4365/7316/4365 4377/7315/4377
f 4399/7352/4399 4400/7353/4400 4365/7316/4365
f 4379/7318/4379 4321/7237/4321 4401/7354/4401
f 4321/7237/4321 4366/7302/4366 4401/7354/4401
f 4402/7355/4402 4366/7356/4366 4386/7357/4386
f 4227/7358/4227 4403/7359/4403 4386/7360/4386
f 4387/7361/4387 4386/7357/4386 4366/7356/4366
f 4312/7251/4312 4313/7227/4313 4404/7362/4404
f 4301/7363/4301 4369/7364/4369 4405/7365/4405
f 4334/7252/4334 4292/7194/4292 4406/7366/4406
f 4293/7367/4293 4335/7368/4335 4407/7369/4407
f 4408/7370/4408 4370/7307/4370 4266/7158/4266
f 4370/7307/4370 4317/7231/4317 4215/7181/4215
f 4360/7291/4360 4318/7233/4318 4270/7163/4270
f 4198/7042/4198 4341/7261/4341 4304/7215/4304
f 4262/7150/4262 4409/7371/4409 4326/7322/4326
f 4342/7324/4342 4383/7323/4383 4361/7372/4361
f 4285/7182/4285 4390/7339/4390 4349/7276/4349
f 4307/7220/4307 4350/7299/4350 4410/7373/4410
f 4384/7327/4384 4375/7374/4375 4232/7328/4232
f 4411/7375/4411 4352/7279/4352 4376/7314/4376
f 4299/7207/4299 4377/7315/4377 4331/7248/4331
f 4366/7356/4366 4402/7355/4402 4401/7376/4401
f 4378/7317/4378 4380/7344/4380 4393/7342/4393
f 4319/7235/4319 4380/7344/4380 4378/7317/4378
f 4221/7082/4221 4412/7377/4412 4192/7134/4192
f 4223/7120/4223 4176/7267/4176 4413/7378/4413
f 4406/7366/4406 4395/7346/4395 4334/7252/4334
f 4266/7158/4266 4396/7347/4396 4408/7370/4408
f 4359/7290/4359 4414/7379/4414 4388/7337/4388
f 4276/7201/4276 4414/7379/4414 4340/7274/4340
f 4388/7337/4388 4414/7379/4414 4276/7201/4276
f 4360/7291/4360 4415/7380/4415 4318/7233/4318
f 4262/7150/4262 4416/7381/4416 4409/7371/4409
f 4417/7382/4417 4383/7383/4383 4348/7275/4348
f 4306/7384/4306 4373/7385/4373 4418/7386/4418
f 4306/7384/4306 4418/7386/4418 4288/7387/4288
f 4307/7220/4307 4410/7373/4410 4328/7245/4328
f 4329/7246/4329 4419/7388/4419 4308/7221/4308
f 4289/7187/4289 4375/7313/4375 4420/7389/4420
f 4397/7350/4397 4352/7279/4352 4411/7375/4411
f 4289/7187/4289 4421/7390/4421 4299/7207/4299
f 4299/7207/4299 4422/7391/4422 4377/7315/4377
f 4330/7247/4330 4398/7351/4398 4376/7314/4376
f 4422/7391/4422 4399/7352/4399 4377/7315/4377
f 4365/7316/4365 4400/7353/4400 4398/7392/4398
f 4192/7134/4192 4412/7377/4412 4381/7393/4381
f 4283/7178/4283 4312/7226/4312 4367/7303/4367
f 4345/7269/4345 4413/7378/4413 4176/7267/4176
f 4369/7364/4369 4423/7394/4423 4405/7365/4405
f 4405/7365/4405 4259/7268/4259 4301/7363/4301
f 4323/7271/4323 4293/7367/4293 4424/7395/4424
f 4407/7369/4407 4424/7395/4424 4293/7367/4293
f 4336/7254/4336 4323/7271/4323 4425/7396/4425
f 4337/7397/4337 4267/7256/4267 4426/7398/4426
f 4427/7399/4427 4295/7199/4295 4338/7257/4338
f 4254/7136/4254 4325/7242/4325 4428/7400/4428
f 4325/7242/4325 4389/7338/4389 4428/7400/4428
f 4160/6978/4160 4392/7341/4392 4297/7204/4297
f 4351/7278/4351 4429/7401/4429 4350/7277/4350
f 4420/7389/4420 4421/7390/4421 4289/7187/4289
f 4299/7207/4299 4430/7402/4430 4422/7391/4422
f 4402/7355/4402 4386/7357/4386 4403/7403/4403
f 4320/7236/4320 4385/7329/4385 4344/7265/4344
f 4380/7319/4380 4367/7303/4367 4431/7404/4431
f 4273/7166/4273 4381/7320/4381 4284/7179/4284
f 4313/7227/4313 4223/7120/4223 4413/7378/4413
f 4356/7284/4356 4394/7345/4394 4382/7321/4382
f 4382/7321/4382 4432/7405/4432 4315/7229/4315
f 4406/7366/4406 4433/7406/4433 4395/7346/4395
f 4261/7149/4261 4434/7407/4434 4335/7253/4335
f 4435/7408/4435 4414/7379/4414 4359/7290/4359
f 4362/7294/4362 4417/7382/4417 4348/7275/4348
f 4390/7339/4390 4436/7409/4436 4349/7276/4349
f 4392/7410/4392 4159/7097/4159 4328/7245/4328
f 4429/7401/4429 4351/7278/4351 4397/7350/4397
f 4421/7390/4421 4430/7402/4430 4299/7207/4299
f 4310/7331/4310 4354/7330/4354 4437/7411/4437
f 4431/7412/4431 4393/7342/4393 4380/7344/4380
f 4438/7413/4438 4393/7342/4393 4431/7412/4431
f 4439/7414/4439 4234/7102/4234 4309/7222/4309
f 4439/7414/4439 4221/7082/4221 4234/7102/4234
f 4440/7415/4440 4369/7364/4369 4260/7416/4260
f 4441/7417/4441 4336/7254/4336 4425/7396/4425
f 4434/7407/4434 4261/7149/4261 4228/7092/4228
f 4303/7214/4303 4442/7418/4442 4359/7290/4359
f 4338/7257/4338 4254/7136/4254 4428/7400/4428
f 4340/7274/4340 4443/7419/4443 4277/7420/4277
f 4444/7421/4444 4296/7349/4296 4318/7233/4318
f 4296/7203/4296 4445/7422/4445 4362/7294/4362
f 4349/7276/4349 4446/7423/4446 4373/7311/4373
f 4374/7312/4374 4419/7388/4419 4329/7246/4329
f 4422/7391/4422 4447/7424/4447 4399/7352/4399
f 4332/7249/4332 4379/7318/4379 4448/7425/4448
f 4402/7426/4402 4403/7427/4403 4449/7428/4449
f 4393/7342/4393 4438/7413/4438 4353/7343/4353
f 4394/7345/4394 4450/7429/4450 4382/7321/4382
f 4451/7430/4451 4259/7268/4259 4405/7365/4405
f 4260/7148/4260 4274/7167/4274 4440/7431/4440
f 4315/7306/4315 4452/7432/4452 4346/7270/4346
f 4323/7271/4323 4424/7395/4424 4425/7396/4425
f 4335/7368/4335 4453/7433/4453 4407/7369/4407
f 4441/7417/4441 4213/7067/4213 4336/7254/4336
f 4302/7212/4302 4454/7434/4454 4267/7256/4267
f 4303/7214/4303 4372/7309/4372 4442/7418/4442
f 4341/7261/4341 4389/7338/4389 4304/7215/4304
f 4262/7150/4262 4327/7244/4327 4416/7381/4416
f 4288/7387/4288 4455/7435/4455 4363/7436/4363
f 4363/7436/4363 4456/7437/4456 4364/7438/4364
f 4350/7299/4350 4429/7439/4429 4410/7373/4410
f 4398/7392/4398 4457/7440/4457 4376/7441/4376
f 4400/7353/4400 4458/7442/4458 4398/7392/4398
f 4447/7424/4447 4400/7353/4400 4399/7352/4399
f 4402/7426/4402 4459/7443/4459 4401/7444/4401
f 4353/7343/4353 4438/7413/4438 4385/7445/4385
f 4439/7414/4439 4412/7377/4412 4221/7082/4221
f 4259/7268/4259 4451/7430/4451 4345/7269/4345
f 4315/7229/4315 4432/7405/4432 4452/7446/4452
f 4460/7447/4460 4433/7406/4433 4406/7366/4406
f 4460/7447/4460 4406/7366/4406 4461/7448/4461
f 4406/7366/4406 4292/7194/4292 4461/7448/4461
f 4317/7449/4317 4462/7450/4462 4358/7451/4358
f 4427/7399/4427 4357/7286/4357 4295/7199/4295
f 4359/7290/4359 4463/7452/4463 4435/7408/4435
f 4414/7379/4414 4464/7453/4464 4340/7274/4340
f 4465/7454/4465 4391/7340/4391 4286/7183/4286
f 4318/7233/4318 4415/7380/4415 4444/7421/4444
f 4341/7261/4341 4391/7340/4391 4466/7455/4466
f 4349/7276/4349 4436/7409/4436 4446/7423/4446
f 4418/7386/4418 4455/7435/4455 4288/7387/4288
f 4328/7245/4328 4467/7456/4467 4392/7410/4392
f 4328/7245/4328 4410/7373/4410 4468/7457/4468
f 4429/7401/4429 4397/7350/4397 4469/7458/4469
f 4421/7390/4421 4420/7389/4420 4470/7459/4470
f 4411/7375/4411 4469/7458/4469 4397/7350/4397
f 4421/7390/4421 4470/7459/4470 4430/7402/4430
f 4310/7331/4310 4403/7359/4403 4227/7358/4227
f 4471/7460/4471 4403/7359/4403 4310/7331/4310
f 4367/7303/4367 4312/7226/4312 4472/7461/4472
f 4368/7304/4368 4473/7462/4473 4394/7345/4394
f 4473/7462/4473 4450/7429/4450 4394/7345/4394
f 4474/7463/4474 4413/7378/4413 4345/7269/4345
f 4423/7394/4423 4451/7430/4451 4405/7365/4405
f 4316/7230/4316 4454/7434/4454 4302/7212/4302
f 4442/7418/4442 4463/7452/4463 4359/7290/4359
f 4475/7464/4475 4347/7272/4347 4326/7243/4326
f 4464/7453/4464 4414/7379/4414 4435/7408/4435
f 4428/7400/4428 4389/7338/4389 4466/7455/4466
f 4389/7338/4389 4341/7261/4341 4466/7455/4466
f 4327/7244/4327 4297/7204/4297 4476/7465/4476
f 4446/7466/4446 4418/7386/4418 4373/7385/4373
f 4419/7467/4419 4374/7468/4374 4477/7469/4477
f 4478/7470/4478 4420/7389/4420 4375/7313/4375
f 4478/7470/4478 4470/7459/4470 4420/7389/4420
f 4469/7458/4469 4411/7375/4411 4479/7471/4479
f 4458/7442/4458 4457/7440/4457 4398/7392/4398
f 4459/7443/4459 4402/7426/4402 4449/7428/4449
f 4448/7425/4448 4309/7222/4309 4332/7249/4332
f 4345/7269/4345 4451/7430/4451 4474/7463/4474
f 4480/7472/4480 4432/7405/4432 4382/7321/4382
f 4441/7417/4441 4396/7347/4396 4213/7067/4213
f 4316/7230/4316 4294/7285/4294 4481/7473/4481
f 4462/7474/4462 4482/7475/4482 4358/7476/4358
f 4427/7399/4427 4338/7257/4338 4483/7477/4483
f 4360/7291/4360 4484/7478/4484 4415/7380/4415
f 4361/7292/4361 4465/7454/4465 4286/7183/4286
f 4362/7294/4362 4445/7422/4445 4417/7382/4417
f 4477/7479/4477 4374/7480/4374 4364/7438/4364
f 4485/7481/4485 4422/7391/4422 4430/7402/4430
f 4376/7314/4376 4486/7482/4486 4411/7375/4411
f 4376/7314/4376 4457/7483/4457 4486/7482/4486
f 4487/7484/4487 4458/7485/4458 4400/7486/4400
f 4447/7487/4447 4488/7488/4488 4400/7486/4400
f 4310/7331/4310 4437/7411/4437 4471/7460/4471
f 4313/7227/4313 4413/7378/4413 4404/7362/4404
f 4369/7364/4369 4489/7489/4489 4423/7394/4423
f 4440/7415/4440 4489/7489/4489 4369/7364/4369
f 4274/7490/4274 4395/7491/4395 4440/7492/4440
f 4292/7194/4292 4291/7193/4291 4461/7448/4461
f 4370/7307/4370 4490/7493/4490 4317/7231/4317
f 4435/7408/4435 4463/7452/4463 4491/7494/4491
f 4358/7289/4358 4484/7478/4484 4360/7291/4360
f 4340/7274/4340 4464/7453/4464 4492/7495/4492
f 4493/7496/4493 4466/7455/4466 4391/7340/4391
f 4416/7381/4416 4494/7497/4494 4409/7371/4409
f 4429/7439/4429 4495/7498/4495 4410/7373/4410
f 4429/7401/4429 4469/7458/4469 4495/7499/4495
f 4375/7313/4375 4496/7500/4496 4478/7470/4478
f 4478/7470/4478 4496/7500/4496 4470/7459/4470
f 4411/7375/4411 4486/7482/4486 4479/7471/4479
f 4400/7486/4400 4488/7488/4488 4487/7484/4487
f 4379/7318/4379 4497/7501/4497 4448/7425/4448
f 4312/7226/4312 4404/7502/4404 4472/7461/4472
f 4381/7393/4381 4498/7503/4498 4284/7504/4284
f 4499/7505/4499 4368/7304/4368 4284/7179/4284
f 4368/7506/4368 4500/7507/4500 4473/7508/4473
f 4413/7378/4413 4474/7463/4474 4501/7509/4501
f 4502/7510/4502 4451/7430/4451 4423/7394/4423
f 4228/7092/4228 4337/7255/4337 4503/7511/4503
f 4267/7256/4267 4454/7434/4454 4426/7398/4426
f 4316/7230/4316 4481/7473/4481 4454/7434/4454
f 4357/7512/4357 4427/7513/4427 4504/7514/4504
f 4347/7272/4347 4475/7464/4475 4372/7309/4372
f 4435/7408/4435 4491/7494/4491 4464/7453/4464
f 4338/7257/4338 4428/7400/4428 4493/7496/4493
f 4428/7400/4428 4466/7455/4466 4493/7496/4493
f 4391/7340/4391 4465/7454/4465 4493/7496/4493
f 4476/7465/4476 4505/7515/4505 4327/7244/4327
f 4456/7437/4456 4363/7436/4363 4455/7435/4455
f 4456/7437/4456 4477/7479/4477 4364/7438/4364
f 4468/7457/4468 4410/7373/4410 4495/7498/4495
f 4496/7516/4496 4375/7374/4375 4384/7327/4384
f 4486/7482/4486 4457/7483/4457 4506/7517/4506
f 4507/7518/4507 4457/7440/4457 4458/7442/4458
f 4449/7428/4449 4403/7427/4403 4508/7519/4508
f 4508/7519/4508 4403/7427/4403 4471/7520/4471
f 4509/7521/4509 4354/7282/4354 4344/7265/4344
f 4431/7404/4431 4367/7303/4367 4472/7461/4472
f 4499/7522/4499 4284/7504/4284 4498/7503/4498
f 4501/7509/4501 4404/7362/4404 4413/7378/4413
f 4480/7472/4480 4452/7446/4452 4432/7405/4432
f 4371/7523/4371 4357/7512/4357 4504/7514/4504
f 4475/7524/4475 4326/7322/4326 4409/7371/4409
f 4483/7477/4483 4338/7257/4338 4493/7496/4493
f 4492/7495/4492 4443/7419/4443 4340/7274/4340
f 4443/7525/4443 4390/7339/4390 4277/7202/4277
f 4510/7526/4510 4383/7383/4383 4417/7382/4417
f 4297/7204/4297 4392/7341/4392 4476/7465/4476
f 4511/7527/4511 4384/7327/4384 4308/7326/4308
f 4384/7327/4384 4512/7528/4512 4496/7516/4496
f 4513/7529/4513 4470/7530/4470 4496/7516/4496
f 4470/7459/4470 4485/7481/4485 4430/7402/4430
f 4457/7440/4457 4507/7518/4507 4506/7531/4506
f 4514/7532/4514 4488/7488/4488 4447/7487/4447
f 4309/7222/4309 4448/7425/4448 4515/7533/4515
f 4412/7377/4412 4498/7503/4498 4381/7393/4381
f 4450/7429/4450 4480/7472/4480 4382/7321/4382
f 4516/7534/4516 4423/7394/4423 4489/7489/4489
f 4460/7447/4460 4461/7448/4461 4517/7535/4517
f 4441/7417/4441 4518/7536/4518 4396/7347/4396
f 4519/7537/4519 4408/7370/4408 4396/7347/4396
f 4228/7092/4228 4503/7511/4503 4434/7407/4434
f 4337/7397/4337 4426/7398/4426 4503/7538/4503
f 4372/7309/4372 4520/7539/4520 4442/7418/4442
f 4493/7496/4493 4465/7454/4465 4483/7477/4483
f 4445/7540/4445 4296/7349/4296 4444/7421/4444
f 4416/7381/4416 4327/7244/4327 4494/7497/4494
f 4418/7386/4418 4521/7541/4521 4455/7435/4455
f 4512/7528/4512 4513/7529/4513 4496/7516/4496
f 4522/7542/4522 4514/7532/4514 4447/7487/4447
f 4437/7411/4437 4354/7330/4354 4523/7543/4523
f 4524/7544/4524 4385/7445/4385 4438/7413/4438
f 4385/7329/4385 4509/7521/4509 4344/7265/4344
f 4472/7461/4472 4404/7502/4404 4525/7545/4525
f 4474/7463/4474 4451/7430/4451 4526/7546/4526
f 4451/7430/4451 4502/7510/4502 4526/7546/4526
f 4423/7394/4423 4516/7534/4516 4502/7510/4502
f 4425/7396/4425 4527/7547/4527 4441/7417/4441
f 4441/7417/4441 4527/7547/4527 4518/7536/4518
f 4335/7368/4335 4434/7548/4434 4453/7433/4453
f 4481/7473/4481 4294/7285/4294 4528/7549/4528
f 4361/7372/4361 4529/7550/4529 4465/7551/4465
f 4327/7244/4327 4505/7515/4505 4494/7497/4494
f 4477/7469/4477 4530/7552/4530 4419/7467/4419
f 4470/7459/4470 4513/7553/4513 4485/7481/4485
f 4485/7554/4485 4531/7555/4531 4422/7556/4422
f 4422/7557/4422 4531/7558/4531 4447/7487/4447
f 4514/7532/4514 4532/7559/4532 4488/7488/4488
f 4533/7560/4533 4487/7484/4487 4488/7488/4488
f 4448/7561/4448 4497/7562/4497 4515/7563/4515
f 4524/7564/4524 4509/7521/4509 4385/7329/4385
f 4309/7222/4309 4515/7533/4515 4439/7414/4439
f 4404/7565/4404 4534/7566/4534 4525/7567/4525
f 4534/7568/4534 4404/7362/4404 4501/7509/4501
f 4291/7193/4291 4346/7270/4346 4461/7448/4461
f 4518/7536/4518 4519/7537/4519 4396/7347/4396
f 4454/7434/4454 4535/7569/4535 4426/7398/4426
f 4481/7473/4481 4528/7549/4528 4454/7434/4454
f 4294/7285/4294 4371/7523/4371 4528/7549/4528
f 4492/7495/4492 4536/7570/4536 4443/7419/4443
f 4390/7339/4390 4537/7571/4537 4436/7409/4436
f 4468/7457/4468 4538/7572/4538 4328/7245/4328
f 4419/7467/4419 4530/7552/4530 4539/7573/4539
f 4308/7326/4308 4419/7467/4419 4511/7527/4511
f 4513/7529/4513 4540/7574/4540 4485/7575/4485
f 4485/7576/4485 4541/7577/4541 4531/7578/4531
f 4531/7558/4531 4522/7542/4522 4447/7487/4447
f 4379/7579/4379 4401/7580/4401 4497/7562/4497
f 4438/7413/4438 4431/7412/4431 4524/7544/4524
f 4431/7404/4431 4472/7461/4472 4524/7581/4524
f 4368/7506/4368 4499/7582/4499 4500/7507/4500
f 4346/7270/4346 4452/7432/4452 4542/7583/4542
f 4454/7434/4454 4528/7549/4528 4535/7569/4535
f 4482/7584/4482 4484/7478/4484 4358/7289/4358
f 4464/7453/4464 4491/7494/4491 4492/7495/4492
f 4409/7371/4409 4494/7497/4494 4543/7585/4543
f 4415/7380/4415 4484/7478/4484 4544/7586/4544
f 4415/7380/4415 4544/7586/4544 4444/7421/4444
f 4390/7587/4390 4443/7588/4443 4537/7589/4537
f 4392/7341/4392 4545/7590/4545 4476/7465/4476
f 4328/7245/4328 4538/7572/4538 4467/7456/4467
f 4456/7437/4456 4530/7591/4530 4477/7479/4477
f 4384/7327/4384 4511/7527/4511 4512/7528/4512
f 4546/7592/4546 4513/7529/4513 4512/7528/4512
f 4532/7559/4532 4533/7560/4533 4488/7488/4488
f 4401/7444/4401 4459/7443/4459 4547/7593/4547
f 4354/7282/4354 4509/7521/4509 4548/7594/4548
f 4501/7509/4501 4549/7595/4549 4534/7568/4534
f 4501/7509/4501 4474/7463/4474 4526/7546/4526
f 4473/7462/4473 4550/7596/4550 4450/7429/4450
f 4450/7429/4450 4551/7597/4551 4480/7472/4480
f 4460/7598/4460 4552/7599/4552 4433/7600/4433
f 4460/7598/4460 4517/7601/4517 4553/7602/4553
f 4554/7603/4554 4517/7535/4517 4461/7448/4461
f 4461/7448/4461 4346/7270/4346 4554/7603/4554
f 4490/7493/4490 4462/7604/4462 4317/7231/4317
f 4371/7523/4371 4555/7605/4555 4528/7549/4528
f 4504/7514/4504 4427/7513/4427 4483/7606/4483
f 4556/7607/4556 4529/7550/4529 4361/7372/4361
f 4455/7435/4455 4557/7608/4557 4456/7437/4456
f 4511/7527/4511 4558/7609/4558 4512/7528/4512
f 4512/7528/4512 4558/7609/4558 4546/7592/4546
f 4513/7529/4513 4546/7592/4546 4540/7574/4540
f 4469/7458/4469 4559/7610/4559 4495/7499/4495
f 4541/7577/4541 4485/7576/4485 4540/7611/4540
f 4479/7471/4479 4559/7610/4559 4469/7458/4469
f 4507/7518/4507 4458/7442/4458 4560/7612/4560
f 4458/7485/4458 4487/7484/4487 4560/7613/4560
f 4437/7411/4437 4523/7543/4523 4471/7460/4471
f 4524/7564/4524 4561/7614/4561 4509/7521/4509
f 4524/7581/4524 4472/7461/4472 4561/7615/4561
f 4561/7615/4561 4472/7461/4472 4525/7545/4525
f 4439/7414/4439 4515/7533/4515 4412/7377/4412
f 4501/7509/4501 4526/7546/4526 4549/7595/4549
f 4473/7508/4473 4500/7507/4500 4562/7616/4562
f 4473/7462/4473 4562/7617/4562 4550/7596/4550
f 4395/7618/4395 4563/7619/4563 4440/7620/4440
f 4433/7600/4433 4552/7599/4552 4395/7618/4395
f 4552/7599/4552 4563/7619/4563 4395/7618/4395
f 4542/7583/4542 4554/7603/4554 4346/7270/4346
f 4408/7370/4408 4490/7493/4490 4370/7307/4370
f 4371/7523/4371 4504/7514/4504 4555/7605/4555
f 4409/7371/4409 4543/7585/4543 4475/7524/4475
f 4492/7621/4492 4564/7622/4564 4536/7623/4536
f 4383/7323/4383 4510/7624/4510 4361/7372/4361
f 4446/7466/4446 4521/7541/4521 4418/7386/4418
f 4539/7573/4539 4511/7527/4511 4419/7467/4419
f 4486/7482/4486 4565/7625/4565 4479/7471/4479
f 4506/7531/4506 4507/7518/4507 4566/7626/4566
f 4533/7560/4533 4567/7627/4567 4487/7484/4487
f 4497/7562/4497 4568/7628/4568 4515/7563/4515
f 4354/7282/4354 4548/7594/4548 4523/7629/4523
f 4548/7594/4548 4509/7521/4509 4561/7614/4561
f 4525/7567/4525 4534/7566/4534 4569/7630/4569
f 4550/7596/4550 4551/7597/4551 4450/7429/4450
f 4480/7472/4480 4551/7597/4551 4452/7446/4452
f 4460/7598/4460 4553/7602/4553 4552/7599/4552
f 4528/7549/4528 4570/7631/4570 4535/7569/4535
f 4465/7551/4465 4529/7550/4529 4483/7632/4483
f 4486/7482/4486 4506/7517/4506 4565/7625/4565
f 4506/7517/4506 4566/7633/4566 4571/7634/4571
f 4522/7542/4522 4572/7635/4572 4514/7532/4514
f 4508/7519/4508 4573/7636/4573 4449/7428/4449
f 4523/7543/4523 4574/7637/4574 4471/7460/4471
f 4523/7543/4523 4575/7638/4575 4574/7637/4574
f 4523/7543/4523 4576/7639/4576 4575/7638/4575
f 4525/7567/4525 4569/7630/4569 4561/7614/4561
f 4412/7640/4412 4515/7563/4515 4577/7641/4577
f 4425/7396/4425 4424/7395/4424 4527/7547/4527
f 4408/7370/4408 4578/7642/4578 4490/7493/4490
f 4475/7464/4475 4579/7643/4579 4372/7309/4372
f 4443/7588/4443 4536/7623/4536 4580/7644/4580
f 4436/7409/4436 4537/7571/4537 4446/7423/4446
f 4392/7410/4392 4467/7456/4467 4581/7645/4581
f 4521/7541/4521 4557/7608/4557 4455/7435/4455
f 4541/7646/4541 4582/7647/4582 4531/7648/4531
f 4532/7559/4532 4514/7532/4514 4572/7635/4572
f 4497/7562/4497 4547/7649/4547 4568/7628/4568
f 4583/7650/4583 4584/7651/4584 4562/7652/4562
f 4562/7652/4562 4584/7651/4584 4550/7653/4550
f 4528/7549/4528 4555/7605/4555 4570/7631/4570
f 4462/7474/4462 4585/7654/4585 4482/7475/4482
f 4475/7524/4475 4543/7585/4543 4586/7655/4586
f 4504/7514/4504 4483/7606/4483 4555/7605/4555
f 4543/7585/4543 4494/7497/4494 4587/7656/4587
f 4361/7372/4361 4510/7624/4510 4588/7657/4588
f 4443/7588/4443 4580/7644/4580 4537/7589/4537
f 4467/7456/4467 4538/7572/4538 4581/7645/4581
f 4557/7608/4557 4530/7591/4530 4456/7437/4456
f 4538/7572/4538 4468/7457/4468 4589/7658/4589
f 4468/7457/4468 4590/7659/4590 4589/7658/4589
f 4468/7457/4468 4495/7498/4495 4590/7659/4590
f 4539/7573/4539 4591/7660/4591 4511/7527/4511
f 4511/7527/4511 4592/7661/4592 4558/7609/4558
f 4540/7574/4540 4593/7662/4593 4541/7663/4541
f 4401/7580/4401 4547/7649/4547 4497/7562/4497
f 4515/7563/4515 4594/7664/4594 4577/7641/4577
f 4562/7652/4562 4500/7665/4500 4583/7650/4583
f 4489/7489/4489 4440/7415/4440 4563/7666/4563
f 4519/7537/4519 4578/7642/4578 4408/7370/4408
f 4570/7631/4570 4595/7667/4595 4535/7569/4535
f 4361/7372/4361 4588/7657/4588 4556/7607/4556
f 4536/7623/4536 4564/7622/4564 4596/7668/4596
f 4536/7623/4536 4596/7668/4596 4580/7644/4580
f 4494/7497/4494 4505/7515/4505 4597/7669/4597
f 4511/7527/4511 4591/7660/4591 4592/7661/4592
f 4546/7592/4546 4593/7662/4593 4540/7574/4540
f 4479/7471/4479 4565/7625/4565 4559/7610/4559
f 4506/7517/4506 4571/7634/4571 4565/7625/4565
f 4582/7647/4582 4598/7670/4598 4531/7648/4531
f 4471/7520/4471 4574/7671/4574 4508/7519/4508
f 4575/7638/4575 4599/7672/4599 4574/7637/4574
f 4548/7594/4548 4561/7614/4561 4600/7673/4600
f 4523/7543/4523 4601/7674/4601 4576/7639/4576
f 4412/7377/4412 4577/7675/4577 4498/7503/4498
f 4499/7676/4499 4498/7677/4498 4602/7678/4602
f 4584/7651/4584 4603/7679/4603 4550/7653/4550
f 4550/7653/4550 4604/7680/4604 4551/7681/4551
f 4551/7681/4551 4605/7682/4605 4542/7683/4542
f 4606/7684/4606 4552/7599/4552 4553/7602/4553
f 4553/7602/4553 4517/7601/4517 4606/7684/4606
f 4518/7536/4518 4607/7685/4607 4519/7537/4519
f 4503/7686/4503 4608/7687/4608 4434/7688/4434
f 4578/7642/4578 4609/7689/4609 4490/7493/4490
f 4535/7569/4535 4595/7667/4595 4426/7398/4426
f 4442/7418/4442 4520/7539/4520 4463/7452/4463
f 4579/7643/4579 4475/7464/4475 4586/7690/4586
f 4555/7691/4555 4483/7632/4483 4529/7550/4529
f 4543/7585/4543 4587/7656/4587 4610/7692/4610
f 4556/7607/4556 4555/7691/4555 4529/7550/4529
f 4491/7693/4491 4564/7622/4564 4492/7621/4492
f 4505/7515/4505 4611/7694/4611 4597/7669/4597
f 4417/7382/4417 4612/7695/4612 4510/7526/4510
f 4445/7422/4445 4612/7695/4612 4417/7382/4417
f 4505/7515/4505 4476/7465/4476 4611/7694/4611
f 4392/7341/4392 4581/7696/4581 4545/7590/4545
f 4538/7572/4538 4613/7697/4613 4581/7645/4581
f 4558/7609/4558 4592/7661/4592 4546/7592/4546
f 4593/7698/4593 4582/7699/4582 4541/7700/4541
f 4487/7484/4487 4567/7627/4567 4560/7613/4560
f 4459/7443/4459 4449/7428/4449 4573/7636/4573
f 4568/7628/4568 4594/7664/4594 4515/7563/4515
f 4523/7629/4523 4548/7594/4548 4601/7701/4601
f 4569/7630/4569 4614/7702/4614 4561/7614/4561
f 4563/7619/4563 4552/7599/4552 4615/7703/4615
f 4551/7597/4551 4542/7704/4542 4452/7446/4452
f 4527/7547/4527 4616/7705/4616 4518/7536/4518
f 4426/7398/4426 4617/7706/4617 4503/7538/4503
f 4463/7707/4463 4520/7708/4520 4618/7709/4618
f 4484/7710/4484 4619/7711/4619 4544/7712/4544
f 4494/7497/4494 4597/7669/4597 4587/7656/4587
f 4592/7661/4592 4591/7660/4591 4546/7592/4546
f 4590/7659/4590 4495/7498/4495 4559/7713/4559
f 4561/7614/4561 4614/7702/4614 4600/7673/4600
f 4502/7510/4502 4620/7714/4620 4526/7546/4526
f 4583/7650/4583 4621/7715/4621 4584/7651/4584
f 4603/7679/4603 4604/7680/4604 4550/7653/4550
f 4606/7684/4606 4622/7716/4622 4552/7599/4552
f 4434/7548/4434 4623/7717/4623 4453/7433/4453
f 4570/7631/4570 4624/7718/4624 4595/7667/4595
f 4543/7585/4543 4610/7692/4610 4586/7655/4586
f 4556/7607/4556 4624/7719/4624 4555/7691/4555
f 4445/7720/4445 4625/7721/4625 4612/7722/4612
f 4446/7723/4446 4537/7724/4537 4626/7725/4626
f 4593/7662/4593 4627/7726/4627 4582/7727/4582
f 4507/7518/4507 4628/7728/4628 4566/7626/4566
f 4533/7560/4533 4532/7559/4532 4629/7729/4629
f 4508/7519/4508 4574/7671/4574 4630/7730/4630
f 4548/7594/4548 4600/7673/4600 4601/7701/4601
f 4499/7676/4499 4602/7678/4602 4500/7731/4500
f 4602/7678/4602 4631/7732/4631 4500/7731/4500
f 4500/7731/4500 4631/7732/4631 4583/7733/4583
f 4631/7734/4631 4621/7715/4621 4583/7650/4583
f 4526/7546/4526 4620/7714/4620 4632/7735/4632
f 4621/7715/4621 4603/7679/4603 4584/7651/4584
f 4606/7684/4606 4633/7736/4633 4634/7737/4634
f 4517/7601/4517 4633/7736/4633 4606/7684/4606
f 4554/7738/4554 4633/7736/4633 4517/7601/4517
f 4453/7433/4453 4635/7739/4635 4407/7369/4407
f 4609/7740/4609 4462/7474/4462 4490/7741/4490
f 4570/7631/4570 4555/7605/4555 4624/7718/4624
f 4586/7690/4586 4610/7742/4610 4636/7743/4636
f 4491/7693/4491 4463/7707/4463 4618/7709/4618
f 4491/7693/4491 4618/7709/4618 4637/7744/4637
f 4544/7712/4544 4625/7721/4625 4444/7745/4444
f 4444/7421/4444 4625/7746/4625 4445/7540/4445
f 4537/7589/4537 4580/7644/4580 4638/7747/4638
f 4476/7465/4476 4639/7748/4639 4611/7694/4611
f 4591/7660/4591 4593/7662/4593 4546/7592/4546
f 4531/7648/4531 4640/7749/4640 4522/7750/4522
f 4560/7612/4560 4628/7728/4628 4507/7518/4507
f 4522/7750/4522 4640/7749/4640 4641/7751/4641
f 4522/7542/4522 4641/7752/4641 4572/7635/4572
f 4554/7753/4554 4542/7683/4542 4642/7754/4642
f 4616/7705/4616 4607/7685/4607 4518/7536/4518
f 4607/7685/4607 4578/7642/4578 4519/7537/4519
f 4579/7643/4579 4520/7539/4520 4372/7309/4372
f 4619/7711/4619 4484/7710/4484 4482/7475/4482
f 4643/7755/4643 4510/7526/4510 4612/7695/4612
f 4596/7668/4596 4638/7747/4638 4580/7644/4580
f 4626/7756/4626 4521/7541/4521 4446/7466/4446
f 4598/7670/4598 4640/7749/4640 4531/7648/4531
f 4560/7613/4560 4567/7627/4567 4644/7757/4644
f 4630/7730/4630 4574/7671/4574 4645/7758/4645
f 4569/7630/4569 4534/7566/4534 4614/7702/4614
f 4602/7678/4602 4498/7677/4498 4577/7641/4577
f 4631/7734/4631 4646/7759/4646 4621/7715/4621
f 4615/7703/4615 4552/7599/4552 4622/7716/4622
f 4622/7716/4622 4606/7684/4606 4634/7737/4634
f 4424/7395/4424 4616/7705/4616 4527/7547/4527
f 4424/7395/4424 4407/7369/4407 4635/7739/4635
f 4623/7760/4623 4434/7688/4434 4608/7687/4608
f 4520/7708/4520 4579/7761/4579 4647/7762/4647
f 4586/7690/4586 4648/7763/4648 4579/7643/4579
f 4537/7589/4537 4638/7747/4638 4649/7764/4649
f 4649/7765/4649 4638/7766/4638 4650/7767/4650
f 4557/7608/4557 4521/7541/4521 4651/7768/4651
f 4530/7552/4530 4652/7769/4652 4539/7573/4539
f 4652/7769/4652 4653/7770/4653 4539/7573/4539
f 4567/7627/4567 4533/7560/4533 4629/7729/4629
f 4459/7443/4459 4654/7771/4654 4547/7593/4547
f 4573/7636/4573 4654/7771/4654 4459/7443/4459
f 4573/7636/4573 4508/7519/4508 4630/7730/4630
f 4645/7758/4645 4574/7671/4574 4599/7772/4599
f 4601/7674/4601 4655/7773/4655 4576/7639/4576
f 4614/7702/4614 4534/7566/4534 4549/7774/4549
f 4577/7641/4577 4656/7775/4656 4602/7678/4602
f 4549/7595/4549 4526/7546/4526 4632/7735/4632
f 4516/7534/4516 4620/7714/4620 4502/7510/4502
f 4622/7716/4622 4657/7776/4657 4615/7703/4615
f 4424/7395/4424 4635/7739/4635 4616/7705/4616
f 4453/7433/4453 4623/7717/4623 4635/7739/4635
f 4503/7538/4503 4617/7706/4617 4608/7777/4608
f 4610/7692/4610 4587/7656/4587 4658/7778/4658
f 4587/7656/4587 4597/7669/4597 4658/7778/4658
f 4510/7624/4510 4643/7779/4643 4588/7657/4588
f 4544/7712/4544 4619/7711/4619 4659/7780/4659
f 4649/7765/4649 4626/7725/4626 4537/7724/4537
f 4476/7465/4476 4545/7590/4545 4639/7748/4639
f 4653/7770/4653 4660/7781/4660 4539/7573/4539
f 4539/7573/4539 4660/7781/4660 4591/7660/4591
f 4547/7649/4547 4661/7782/4661 4568/7628/4568
f 4568/7628/4568 4661/7782/4661 4594/7664/4594
f 4599/7672/4599 4575/7638/4575 4662/7783/4662
f 4662/7783/4662 4575/7638/4575 4576/7639/4576
f 4601/7701/4601 4663/7784/4663 4655/7785/4655
f 4576/7639/4576 4655/7773/4655 4662/7783/4662
f 4631/7732/4631 4664/7786/4664 4646/7787/4646
f 4621/7715/4621 4646/7759/4646 4603/7679/4603
f 4603/7679/4603 4646/7759/4646 4604/7680/4604
f 4620/7714/4620 4516/7534/4516 4665/7788/4665
f 4622/7716/4622 4634/7737/4634 4657/7776/4657
f 4554/7738/4554 4666/7789/4666 4633/7736/4633
f 4609/7740/4609 4585/7654/4585 4462/7474/4462
f 4636/7790/4636 4610/7692/4610 4658/7778/4658
f 4637/7744/4637 4564/7622/4564 4491/7693/4491
f 4588/7657/4588 4667/7791/4667 4556/7607/4556
f 4544/7712/4544 4659/7780/4659 4625/7721/4625
f 4668/7792/4668 4597/7669/4597 4611/7694/4611
f 4581/7696/4581 4669/7793/4669 4545/7590/4545
f 4613/7697/4613 4670/7794/4670 4581/7645/4581
f 4538/7572/4538 4670/7794/4670 4613/7697/4613
f 4557/7608/4557 4652/7795/4652 4530/7591/4530
f 4593/7662/4593 4591/7660/4591 4671/7796/4671
f 4593/7662/4593 4671/7796/4671 4627/7726/4627
f 4559/7713/4559 4672/7797/4672 4590/7659/4590
f 4627/7798/4627 4673/7799/4673 4582/7647/4582
f 4565/7625/4565 4571/7634/4571 4674/7800/4674
f 4571/7634/4571 4566/7633/4566 4675/7801/4675
f 4566/7626/4566 4628/7728/4628 4675/7802/4675
f 4628/7728/4628 4560/7612/4560 4644/7803/4644
f 4594/7664/4594 4656/7775/4656 4577/7641/4577
f 4601/7701/4601 4600/7673/4600 4663/7784/4663
f 4600/7673/4600 4614/7702/4614 4663/7784/4663
f 4614/7804/4614 4549/7595/4549 4663/7805/4663
f 4549/7595/4549 4632/7735/4632 4663/7805/4663
f 4656/7775/4656 4676/7806/4676 4602/7678/4602
f 4620/7714/4620 4677/7807/4677 4632/7735/4632
f 4602/7678/4602 4676/7806/4676 4631/7732/4631
f 4631/7732/4631 4676/7806/4676 4664/7786/4664
f 4551/7681/4551 4678/7808/4678 4605/7682/4605
f 4650/7767/4650 4638/7766/4638 4679/7809/4679
f 4581/7645/4581 4670/7794/4670 4669/7810/4669
f 4538/7572/4538 4589/7658/4589 4670/7794/4670
f 4680/7811/4680 4660/7781/4660 4653/7770/4653
f 4660/7781/4660 4681/7812/4681 4591/7660/4591
f 4565/7625/4565 4682/7813/4682 4559/7610/4559
f 4565/7625/4565 4674/7800/4674 4682/7813/4682
f 4571/7634/4571 4675/7801/4675 4674/7800/4674
f 4572/7635/4572 4683/7814/4683 4532/7559/4532
f 4532/7559/4532 4683/7814/4683 4629/7729/4629
f 4573/7636/4573 4684/7815/4684 4654/7771/4654
f 4661/7782/4661 4685/7816/4685 4594/7664/4594
f 4662/7817/4662 4686/7818/4686 4599/7772/4599
f 4655/7819/4655 4632/7735/4632 4677/7807/4677
f 4516/7534/4516 4489/7489/4489 4665/7788/4665
f 4554/7753/4554 4642/7754/4642 4666/7820/4666
f 4426/7398/4426 4595/7667/4595 4687/7821/4687
f 4586/7690/4586 4636/7743/4636 4648/7763/4648
f 4520/7708/4520 4647/7762/4647 4618/7709/4618
f 4596/7668/4596 4679/7822/4679 4638/7747/4638
f 4649/7765/4649 4650/7767/4650 4688/7823/4688
f 4652/7769/4652 4689/7824/4689 4653/7770/4653
f 4653/7770/4653 4689/7824/4689 4680/7811/4680
f 4680/7811/4680 4690/7825/4690 4660/7781/4660
f 4589/7658/4589 4590/7659/4590 4672/7797/4672
f 4559/7610/4559 4682/7813/4682 4691/7826/4691
f 4582/7647/4582 4673/7799/4673 4598/7670/4598
f 4644/7803/4644 4692/7827/4692 4628/7728/4628
f 4629/7729/4629 4693/7828/4693 4567/7627/4567
f 4661/7829/4661 4547/7593/4547 4654/7771/4654
f 4599/7772/4599 4686/7818/4686 4645/7758/4645
f 4662/7817/4662 4694/7830/4694 4686/7818/4686
f 4663/7805/4663 4632/7735/4632 4655/7819/4655
f 4655/7831/4655 4677/7832/4677 4695/7833/4695
f 4676/7806/4676 4696/7834/4696 4664/7786/4664
f 4633/7736/4633 4666/7789/4666 4634/7737/4634
f 4624/7718/4624 4687/7821/4687 4595/7667/4595
f 4624/7718/4624 4697/7835/4697 4687/7821/4687
f 4624/7719/4624 4556/7607/4556 4697/7836/4697
f 4611/7694/4611 4639/7748/4639 4668/7792/4668
f 4649/7765/4649 4688/7823/4688 4626/7725/4626
f 4698/7837/4698 4699/7838/4699 4700/7839/4700
f 4701/7840/4701 4689/7841/4689 4652/7795/4652
f 4689/7824/4689 4690/7825/4690 4680/7811/4680
f 4690/7825/4690 4681/7812/4681 4660/7781/4660
f 4591/7660/4591 4681/7812/4681 4671/7796/4671
f 4672/7797/4672 4559/7713/4559 4691/7842/4691
f 4675/7801/4675 4702/7843/4702 4674/7800/4674
f 4675/7802/4675 4703/7844/4703 4702/7845/4702
f 4675/7802/4675 4628/7728/4628 4703/7844/4703
f 4628/7728/4628 4692/7827/4692 4703/7844/4703
f 4693/7828/4693 4644/7757/4644 4567/7627/4567
f 4594/7664/4594 4704/7846/4704 4656/7775/4656
f 4662/7817/4662 4655/7847/4655 4695/7848/4695
f 4705/7849/4705 4696/7834/4696 4706/7850/4706
f 4707/7851/4707 4708/7852/4708 4706/7850/4706
f 4646/7759/4646 4664/7853/4664 4709/7854/4709
f 4646/7759/4646 4709/7854/4709 4604/7680/4604
f 4489/7855/4489 4563/7619/4563 4710/7856/4710
f 4615/7703/4615 4710/7856/4710 4563/7619/4563
f 4616/7705/4616 4711/7857/4711 4607/7685/4607
f 4607/7685/4607 4712/7858/4712 4578/7642/4578
f 4426/7398/4426 4687/7821/4687 4617/7706/4617
f 4579/7761/4579 4648/7859/4648 4647/7762/4647
f 4585/7654/4585 4619/7711/4619 4482/7475/4482
f 4556/7607/4556 4667/7791/4667 4697/7836/4697
f 4713/7860/4713 4588/7861/4588 4643/7862/4643
f 4625/7721/4625 4714/7863/4714 4612/7722/4612
f 4679/7809/4679 4688/7823/4688 4650/7767/4650
f 4639/7748/4639 4715/7864/4715 4668/7792/4668
f 4626/7725/4626 4688/7823/4688 4700/7839/4700
f 4698/7837/4698 4700/7839/4700 4688/7823/4688
f 4700/7865/4700 4716/7866/4716 4626/7756/4626
f 4699/7838/4699 4698/7837/4698 4717/7867/4717
f 4717/7867/4717 4718/7868/4718 4699/7838/4699
f 4639/7748/4639 4545/7590/4545 4715/7864/4715
f 4718/7868/4718 4719/7869/4719 4699/7838/4699
f 4626/7756/4626 4716/7866/4716 4521/7541/4521
f 4557/7608/4557 4651/7768/4651 4652/7795/4652
f 4701/7840/4701 4690/7870/4690 4689/7841/4689
f 4589/7658/4589 4672/7797/4672 4720/7871/4720
f 4641/7751/4641 4640/7749/4640 4721/7872/4721
f 4641/7752/4641 4683/7814/4683 4572/7635/4572
f 4684/7815/4684 4573/7636/4573 4630/7730/4630
f 4685/7816/4685 4704/7846/4704 4594/7664/4594
f 4686/7818/4686 4722/7873/4722 4645/7758/4645
f 4686/7818/4686 4723/7874/4723 4722/7873/4722
f 4686/7818/4686 4724/7875/4724 4723/7874/4723
f 4662/7817/4662 4695/7848/4695 4694/7830/4694
f 4706/7850/4706 4725/7876/4725 4707/7851/4707
f 4726/7877/4726 4676/7806/4676 4656/7775/4656
f 4706/7850/4706 4696/7834/4696 4725/7876/4725
f 4664/7786/4664 4696/7834/4696 4705/7849/4705
f 4706/7850/4706 4708/7852/4708 4705/7849/4705
f 4620/7878/4620 4695/7833/4695 4677/7832/4677
f 4657/7776/4657 4634/7737/4634 4727/7879/4727
f 4657/7776/4657 4728/7880/4728 4615/7703/4615
f 4551/7681/4551 4604/7680/4604 4678/7808/4678
f 4609/7740/4609 4578/7881/4578 4729/7882/4729
f 4730/7883/4730 4643/7884/4643 4612/7722/4612
f 4596/7668/4596 4731/7885/4731 4679/7822/4679
f 4688/7823/4688 4717/7867/4717 4698/7837/4698
f 4699/7886/4699 4719/7887/4719 4716/7866/4716
f 4545/7590/4545 4669/7793/4669 4715/7864/4715
f 4589/7658/4589 4732/7888/4732 4670/7794/4670
f 4651/7768/4651 4733/7889/4733 4652/7795/4652
f 4652/7795/4652 4733/7889/4733 4701/7840/4701
f 4661/7829/4661 4654/7771/4654 4685/7890/4685
f 4645/7758/4645 4734/7891/4734 4630/7730/4630
f 4723/7874/4723 4724/7875/4724 4735/7892/4735
f 4736/7893/4736 4735/7892/4735 4724/7875/4724
f 4707/7894/4707 4725/7895/4725 4736/7893/4736
f 4726/7877/4726 4696/7834/4696 4676/7806/4676
f 4665/7896/4665 4737/7897/4737 4620/7878/4620
f 4607/7685/4607 4711/7857/4711 4712/7858/4712
f 4609/7740/4609 4738/7898/4738 4585/7654/4585
f 4636/7899/4636 4658/7900/4658 4739/7901/4739
f 4612/7722/4612 4714/7863/4714 4730/7883/4730
f 4564/7622/4564 4740/7902/4740 4596/7668/4596
f 4741/7903/4741 4717/7867/4717 4688/7823/4688
f 4717/7867/4717 4742/7904/4742 4718/7868/4718
f 4699/7838/4699 4716/7905/4716 4700/7839/4700
f 4719/7887/4719 4742/7906/4742 4716/7866/4716
f 4742/7906/4742 4719/7887/4719 4718/7907/4718
f 4670/7794/4670 4732/7888/4732 4743/7908/4743
f 4589/7658/4589 4720/7871/4720 4732/7888/4732
f 4701/7840/4701 4744/7909/4744 4690/7870/4690
f 4691/7826/4691 4682/7813/4682 4745/7910/4745
f 4682/7813/4682 4674/7800/4674 4745/7910/4745
f 4674/7800/4674 4702/7843/4702 4745/7910/4745
f 4644/7757/4644 4746/7911/4746 4692/7912/4692
f 4734/7891/4734 4684/7815/4684 4630/7730/4630
f 4645/7758/4645 4722/7873/4722 4734/7891/4734
f 4723/7874/4723 4735/7892/4735 4722/7873/4722
f 4686/7818/4686 4694/7830/4694 4724/7875/4724
f 4724/7875/4724 4747/7913/4747 4736/7893/4736
f 4705/7914/4705 4708/7915/4708 4748/7916/4748
f 4695/7833/4695 4620/7878/4620 4737/7897/4737
f 4489/7855/4489 4710/7856/4710 4665/7896/4665
f 4727/7879/4727 4728/7880/4728 4657/7776/4657
f 4728/7880/4728 4710/7856/4710 4615/7703/4615
f 4712/7917/4712 4729/7882/4729 4578/7881/4578
f 4585/7654/4585 4738/7898/4738 4619/7711/4619
f 4588/7657/4588 4713/7918/4713 4667/7791/4667
f 4679/7809/4679 4741/7903/4741 4688/7823/4688
f 4741/7903/4741 4742/7904/4742 4717/7867/4717
f 4716/7866/4716 4749/7919/4749 4521/7541/4521
f 4521/7541/4521 4749/7919/4749 4750/7920/4750
f 4521/7541/4521 4750/7920/4750 4651/7768/4651
f 4701/7840/4701 4733/7889/4733 4744/7909/4744
f 4690/7870/4690 4744/7909/4744 4681/7921/4681
f 4672/7797/4672 4751/7922/4751 4720/7871/4720
f 4672/7797/4672 4691/7842/4691 4751/7922/4751
f 4627/7798/4627 4752/7923/4752 4673/7799/4673
f 4598/7670/4598 4753/7924/4753 4640/7749/4640
f 4703/7925/4703 4692/7926/4692 4754/7927/4754
f 4693/7828/4693 4746/7911/4746 4644/7757/4644
f 4629/7729/4629 4755/7928/4755 4693/7828/4693
f 4736/7893/4736 4725/7895/4725 4735/7892/4735
f 4724/7875/4724 4694/7830/4694 4747/7913/4747
f 4736/7893/4736 4747/7913/4747 4707/7894/4707
f 4709/7854/4709 4678/7808/4678 4604/7680/4604
f 4727/7879/4727 4634/7737/4634 4756/7929/4756
f 4756/7929/4756 4634/7737/4634 4757/7930/4757
f 4758/7931/4758 4759/7932/4759 4642/7754/4642
f 4605/7682/4605 4642/7754/4642 4542/7683/4542
f 4616/7705/4616 4760/7933/4760 4711/7857/4711
f 4635/7739/4635 4760/7933/4760 4616/7705/4616
f 4738/7898/4738 4761/7934/4761 4619/7711/4619
f 4659/7780/4659 4619/7711/4619 4761/7934/4761
f 4564/7622/4564 4637/7744/4637 4762/7935/4762
f 4597/7669/4597 4763/7936/4763 4658/7778/4658
f 4659/7780/4659 4714/7863/4714 4625/7721/4625
f 4742/7906/4742 4741/7937/4741 4749/7919/4749
f 4716/7866/4716 4742/7906/4742 4749/7919/4749
f 4651/7768/4651 4764/7938/4764 4733/7889/4733
f 4733/7889/4733 4765/7939/4765 4744/7909/4744
f 4627/7940/4627 4671/7941/4671 4766/7942/4766
f 4702/7843/4702 4767/7943/4767 4745/7910/4745
f 4702/7944/4702 4703/7945/4703 4767/7946/4767
f 4673/7799/4673 4768/7947/4768 4598/7670/4598
f 4640/7749/4640 4753/7924/4753 4721/7872/4721
f 4654/7771/4654 4769/7948/4769 4685/7890/4685
f 4654/7771/4654 4684/7815/4684 4769/7948/4769
f 4685/7890/4685 4769/7948/4769 4704/7949/4704
f 4734/7891/4734 4722/7873/4722 4770/7950/4770
f 4656/7775/4656 4704/7846/4704 4726/7877/4726
f 4722/7873/4722 4725/7895/4725 4771/7951/4771
f 4725/7895/4725 4722/7873/4722 4735/7892/4735
f 4725/7876/4725 4696/7834/4696 4771/7952/4771
f 4707/7894/4707 4747/7913/4747 4708/7953/4708
f 4708/7915/4708 4772/7954/4772 4748/7916/4748
f 4666/7820/4666 4759/7932/4759 4757/7955/4757
f 4634/7956/4634 4666/7820/4666 4757/7955/4757
f 4642/7754/4642 4759/7932/4759 4666/7820/4666
f 4636/7899/4636 4739/7901/4739 4648/7859/4648
f 4687/7821/4687 4697/7835/4697 4773/7957/4773
f 4596/7668/4596 4740/7902/4740 4731/7885/4731
f 4715/7864/4715 4774/7958/4774 4668/7792/4668
f 4741/7937/4741 4775/7959/4775 4749/7919/4749
f 4750/7920/4750 4776/7960/4776 4651/7768/4651
f 4651/7768/4651 4776/7960/4776 4764/7938/4764
f 4733/7889/4733 4764/7938/4764 4765/7939/4765
f 4627/7940/4627 4777/7961/4777 4752/7962/4752
f 4703/7925/4703 4754/7927/4754 4778/7963/4778
f 4684/7815/4684 4734/7891/4734 4769/7948/4769
f 4696/7834/4696 4726/7877/4726 4771/7952/4771
f 4747/7964/4747 4772/7954/4772 4708/7915/4708
f 4664/7853/4664 4705/7914/4705 4748/7916/4748
f 4748/7916/4748 4709/7854/4709 4664/7853/4664
f 4665/7896/4665 4710/7856/4710 4737/7897/4737
f 4756/7929/4756 4772/7965/4772 4779/7966/4779
f 4756/7929/4756 4779/7966/4779 4727/7879/4727
f 4727/7879/4727 4779/7966/4779 4728/7880/4728
f 4605/7682/4605 4758/7931/4758 4642/7754/4642
f 4729/7882/4729 4738/7898/4738 4609/7740/4609
f 4687/7821/4687 4773/7957/4773 4617/7706/4617
f 4780/7967/4780 4637/7744/4637 4618/7709/4618
f 4739/7968/4739 4658/7778/4658 4763/7936/4763
f 4597/7669/4597 4668/7792/4668 4763/7936/4763
f 4775/7959/4775 4750/7920/4750 4749/7919/4749
f 4775/7959/4775 4776/7960/4776 4750/7920/4750
f 4670/7794/4670 4743/7908/4743 4669/7810/4669
f 4776/7960/4776 4765/7939/4765 4764/7938/4764
f 4751/7922/4751 4691/7842/4691 4781/7969/4781
f 4782/7970/4782 4692/7912/4692 4746/7911/4746
f 4770/7950/4770 4722/7873/4722 4771/7951/4771
f 4726/7877/4726 4704/7846/4704 4771/7952/4771
f 4747/7971/4747 4783/7972/4783 4772/7965/4772
f 4709/7854/4709 4784/7973/4784 4678/7808/4678
f 4678/7808/4678 4758/7931/4758 4605/7682/4605
f 4762/7935/4762 4740/7902/4740 4564/7622/4564
f 4715/7864/4715 4669/7793/4669 4785/7974/4785
f 4786/7975/4786 4787/7976/4787 4788/7977/4788
f 4743/7908/4743 4732/7888/4732 4789/7978/4789
f 4776/7960/4776 4775/7959/4775 4765/7939/4765
f 4681/7979/4681 4744/7980/4744 4790/7981/4790
f 4751/7922/4751 4791/7982/4791 4720/7871/4720
f 4703/7925/4703 4778/7963/4778 4767/7983/4767
f 4598/7670/4598 4768/7947/4768 4753/7924/4753
f 4641/7751/4641 4792/7984/4792 4683/7985/4683
f 4734/7891/4734 4770/7950/4770 4769/7948/4769
f 4769/7948/4769 4770/7950/4770 4771/7951/4771
f 4771/7951/4771 4704/7949/4704 4769/7948/4769
f 4694/7986/4694 4783/7972/4783 4747/7971/4747
f 4667/7791/4667 4793/7987/4793 4697/7836/4697
f 4761/7934/4761 4794/7988/4794 4659/7780/4659
f 4713/7918/4713 4793/7987/4793 4667/7791/4667
f 4643/7862/4643 4730/7989/4730 4713/7860/4713
f 4741/7937/4741 4795/7990/4795 4775/7959/4775
f 4786/7975/4786 4788/7977/4788 4796/7991/4796
f 4785/7974/4785 4669/7793/4669 4797/7992/4797
f 4743/7993/4743 4797/7992/4797 4669/7793/4669
f 4743/7908/4743 4789/7978/4789 4797/7994/4797
f 4681/7979/4681 4790/7981/4790 4671/7995/4671
f 4766/7942/4766 4777/7961/4777 4627/7940/4627
f 4781/7969/4781 4691/7842/4691 4798/7996/4798
f 4691/7826/4691 4745/7910/4745 4798/7997/4798
f 4692/7912/4692 4782/7970/4782 4754/7998/4754
f 4629/7729/4629 4683/7814/4683 4755/7928/4755
f 4694/7986/4694 4695/7833/4695 4783/7972/4783
f 4772/7965/4772 4783/7972/4783 4779/7966/4779
f 4709/7854/4709 4748/7916/4748 4799/7999/4799
f 4678/7808/4678 4784/7973/4784 4758/7931/4758
f 4623/7760/4623 4800/8000/4800 4635/8001/4635
f 4711/8002/4711 4801/8003/4801 4712/7917/4712
f 4801/8003/4801 4802/8004/4802 4712/7917/4712
f 4712/7917/4712 4802/8004/4802 4729/7882/4729
f 4773/8005/4773 4697/7836/4697 4793/7987/4793
f 4803/8006/4803 4786/7975/4786 4796/7991/4796
f 4785/7974/4785 4797/7992/4797 4803/8006/4803
f 4803/8006/4803 4797/7992/4797 4786/7975/4786
f 4786/7975/4786 4797/7992/4797 4787/7976/4787
f 4797/7994/4797 4789/7978/4789 4787/8007/4787
f 4721/7872/4721 4792/7984/4792 4641/7751/4641
f 4804/8008/4804 4693/7828/4693 4755/7928/4755
f 4804/8008/4804 4746/7911/4746 4693/7828/4693
f 4695/7833/4695 4737/7897/4737 4783/7972/4783
f 4799/7999/4799 4748/7916/4748 4772/7954/4772
f 4799/7999/4799 4772/7954/4772 4756/8009/4756
f 4737/7897/4737 4710/7856/4710 4783/7972/4783
f 4779/7966/4779 4783/7972/4783 4728/7880/4728
f 4728/7880/4728 4783/7972/4783 4710/7856/4710
f 4799/7999/4799 4784/7973/4784 4709/7854/4709
f 4805/8010/4805 4758/7931/4758 4784/7973/4784
f 4618/7709/4618 4647/7762/4647 4780/7967/4780
f 4679/7809/4679 4795/8011/4795 4741/7903/4741
f 4775/8012/4775 4806/8013/4806 4765/8014/4765
f 4787/8007/4787 4789/7978/4789 4807/8015/4807
f 4808/8016/4808 4744/7980/4744 4765/8014/4765
f 4732/7888/4732 4720/7871/4720 4789/7978/4789
f 4789/7978/4789 4791/7982/4791 4809/8017/4809
f 4789/7978/4789 4720/7871/4720 4791/7982/4791
f 4781/7969/4781 4791/7982/4791 4751/7922/4751
f 4782/7970/4782 4746/7911/4746 4810/8018/4810
f 4683/7814/4683 4811/8019/4811 4755/7928/4755
f 4756/8009/4756 4757/7955/4757 4799/7999/4799
f 4805/8010/4805 4759/7932/4759 4758/7931/4758
f 4729/7882/4729 4802/8004/4802 4738/7898/4738
f 4738/7898/4738 4812/8020/4812 4761/7934/4761
f 4796/7991/4796 4788/7977/4788 4813/8021/4813
f 4789/7978/4789 4809/8017/4809 4807/8015/4807
f 4744/7980/4744 4808/8016/4808 4790/7981/4790
f 4782/7970/4782 4810/8018/4810 4754/7998/4754
f 4792/7984/4792 4811/8022/4811 4683/7985/4683
f 4804/8008/4804 4810/8018/4810 4746/7911/4746
f 4799/7999/4799 4757/7955/4757 4805/8010/4805
f 4805/8010/4805 4757/7955/4757 4759/7932/4759
f 4647/7762/4647 4648/7859/4648 4814/8023/4814
f 4780/7967/4780 4815/8024/4815 4637/7744/4637
f 4713/8025/4713 4730/7883/4730 4816/8026/4816
f 4740/7902/4740 4817/8027/4817 4731/7885/4731
f 4668/7792/4668 4774/7958/4774 4818/8028/4818
f 4819/8029/4819 4785/7974/4785 4803/8006/4803
f 4765/8014/4765 4806/8013/4806 4808/8016/4808
f 4799/7999/4799 4805/8010/4805 4784/7973/4784
f 4635/8001/4635 4800/8000/4800 4760/8030/4760
f 4623/7760/4623 4608/7687/4608 4800/8000/4800
f 4761/7934/4761 4812/8020/4812 4794/7988/4794
f 4659/7780/4659 4794/7988/4794 4714/7863/4714
f 4715/7864/4715 4785/7974/4785 4774/7958/4774
f 4796/7991/4796 4820/8031/4820 4803/8006/4803
f 4788/7977/4788 4821/8032/4821 4813/8021/4813
f 4775/8012/4775 4795/8033/4795 4806/8013/4806
f 4787/8007/4787 4807/8015/4807 4822/8034/4822
f 4791/7982/4791 4781/7969/4781 4809/8017/4809
f 4798/7997/4798 4745/7910/4745 4767/7943/4767
f 4810/8018/4810 4778/8035/4778 4754/7998/4754
f 4713/7918/4713 4823/8036/4823 4793/7987/4793
f 4730/7883/4730 4714/7863/4714 4824/8037/4824
f 4730/7883/4730 4824/8037/4824 4816/8026/4816
f 4763/7936/4763 4668/7792/4668 4818/8028/4818
f 4796/7991/4796 4813/8021/4813 4820/8031/4820
f 4813/8038/4813 4821/8039/4821 4825/8040/4825
f 4809/8017/4809 4826/8041/4826 4807/8015/4807
f 4711/8002/4711 4760/8030/4760 4801/8003/4801
f 4738/7898/4738 4802/8004/4802 4812/8020/4812
f 4617/8042/4617 4827/8043/4827 4608/7687/4608
f 4739/7968/4739 4763/7936/4763 4828/8044/4828
f 4714/7863/4714 4794/7988/4794 4829/8045/4829
f 4816/8026/4816 4830/8046/4830 4713/8025/4713
f 4821/8032/4821 4788/7977/4788 4822/8047/4822
f 4800/8000/4800 4831/8048/4831 4760/8030/4760
f 4739/7901/4739 4814/8023/4814 4648/7859/4648
f 4739/7901/4739 4828/8049/4828 4814/8023/4814
f 4816/8026/4816 4824/8037/4824 4830/8046/4830
f 4637/7744/4637 4815/8024/4815 4762/7935/4762
f 4679/7809/4679 4731/8050/4731 4795/8011/4795
f 4820/8031/4820 4819/8029/4819 4803/8006/4803
f 4788/7977/4788 4787/7976/4787 4822/8047/4822
f 4808/8016/4808 4832/8051/4832 4790/7981/4790
f 4790/7981/4790 4766/8052/4766 4671/7995/4671
f 4781/7969/4781 4798/7996/4798 4833/8053/4833
f 4810/8018/4810 4804/8008/4804 4834/8054/4834
f 4812/8020/4812 4829/8045/4829 4794/7988/4794
f 4814/8023/4814 4835/8055/4835 4647/7762/4647
f 4647/7762/4647 4835/8055/4835 4780/7967/4780
f 4714/7863/4714 4829/8045/4829 4824/8037/4824
f 4774/7958/4774 4785/7974/4785 4819/8029/4819
f 4825/8056/4825 4820/8031/4820 4813/8021/4813
f 4807/8015/4807 4826/8041/4826 4822/8034/4822
f 4753/7924/4753 4836/8057/4836 4721/7872/4721
f 4721/7872/4721 4837/8058/4837 4792/7984/4792
f 4617/7706/4617 4773/7957/4773 4827/8059/4827
f 4713/8025/4713 4830/8046/4830 4823/8060/4823
f 4762/7935/4762 4838/8061/4838 4740/7902/4740
f 4740/7902/4740 4838/8061/4838 4817/8027/4817
f 4839/8062/4839 4834/8054/4834 4804/8008/4804
f 4608/7687/4608 4827/8043/4827 4800/8000/4800
f 4824/8037/4824 4840/8063/4840 4830/8046/4830
f 4762/7935/4762 4815/8024/4815 4838/8061/4838
f 4777/7961/4777 4841/8064/4841 4752/7962/4752
f 4752/7923/4752 4842/8065/4842 4673/7799/4673
f 4778/8035/4778 4810/8018/4810 4843/8066/4843
f 4810/8018/4810 4834/8054/4834 4843/8066/4843
f 4811/8019/4811 4839/8062/4839 4755/7928/4755
f 4755/7928/4755 4839/8062/4839 4804/8008/4804
f 4831/8048/4831 4801/8003/4801 4760/8030/4760
f 4812/8020/4812 4844/8067/4844 4829/8045/4829
f 4773/8068/4773 4845/8069/4845 4827/8043/4827
f 4829/8045/4829 4840/8063/4840 4824/8037/4824
f 4793/7987/4793 4823/8036/4823 4773/8005/4773
f 4825/8040/4825 4846/8070/4846 4820/8071/4820
f 4821/8039/4821 4846/8070/4846 4825/8040/4825
f 4822/8034/4822 4826/8041/4826 4847/8072/4847
f 4833/8053/4833 4809/8017/4809 4781/7969/4781
f 4673/7799/4673 4842/8065/4842 4768/7947/4768
f 4802/8004/4802 4844/8067/4844 4812/8020/4812
f 4821/8039/4821 4848/8073/4848 4846/8070/4846
f 4821/8039/4821 4822/8074/4822 4848/8073/4848
f 4808/8016/4808 4849/8075/4849 4832/8051/4832
f 4801/8003/4801 4831/8048/4831 4802/8004/4802
f 4829/8045/4829 4844/8067/4844 4850/8076/4850
f 4773/8005/4773 4823/8036/4823 4845/8077/4845
f 4780/7967/4780 4851/8078/4851 4815/8024/4815
f 4817/8079/4817 4852/8080/4852 4731/8050/4731
f 4853/8081/4853 4846/8070/4846 4848/8073/4848
f 4766/7942/4766 4841/8064/4841 4777/7961/4777
f 4752/7962/4752 4841/8064/4841 4842/8082/4842
f 4802/8004/4802 4831/8048/4831 4844/8067/4844
f 4835/8055/4835 4814/8023/4814 4854/8083/4854
f 4850/8076/4850 4840/8063/4840 4829/8045/4829
f 4814/8023/4814 4828/8049/4828 4854/8083/4854
f 4731/8050/4731 4852/8080/4852 4795/8011/4795
f 4846/8070/4846 4855/8084/4855 4820/8071/4820
f 4822/8074/4822 4856/8085/4856 4848/8073/4848
f 4806/8013/4806 4849/8075/4849 4808/8016/4808
f 4822/8074/4822 4847/8086/4847 4856/8085/4856
f 4721/7872/4721 4836/8057/4836 4857/8087/4857
f 4811/8022/4811 4858/8088/4858 4839/8089/4839
f 4795/8033/4795 4852/8090/4852 4859/8091/4859
f 4809/8017/4809 4833/8053/4833 4826/8041/4826
f 4767/7983/4767 4778/7963/4778 4860/8092/4860
f 4861/8093/4861 4836/8057/4836 4753/7924/4753
f 4721/7872/4721 4857/8087/4857 4837/8058/4837
f 4837/8058/4837 4862/8094/4862 4792/7984/4792
f 4862/8094/4862 4811/8022/4811 4792/7984/4792
f 4800/8000/4800 4827/8043/4827 4863/8095/4863
f 4830/8046/4830 4864/8096/4864 4823/8060/4823
f 4835/8055/4835 4851/8078/4851 4780/7967/4780
f 4815/8024/4815 4851/8078/4851 4865/8097/4865
f 4828/8044/4828 4763/7936/4763 4866/8098/4866
f 4815/8024/4815 4865/8097/4865 4838/8061/4838
f 4855/8084/4855 4819/8099/4819 4820/8071/4820
f 4853/8081/4853 4855/8084/4855 4846/8070/4846
f 4768/7947/4768 4861/8093/4861 4753/7924/4753
f 4800/8000/4800 4863/8095/4863 4831/8048/4831
f 4864/8096/4864 4845/8069/4845 4823/8060/4823
f 4830/8046/4830 4840/8063/4840 4864/8096/4864
f 4766/7942/4766 4867/8100/4867 4841/8064/4841
f 4868/8101/4868 4835/8055/4835 4854/8083/4854
f 4835/8055/4835 4869/8102/4869 4851/8078/4851
f 4865/8097/4865 4851/8078/4851 4870/8103/4870
f 4871/8104/4871 4817/8079/4817 4838/8105/4838
f 4871/8104/4871 4852/8080/4852 4817/8079/4817
f 4818/8028/4818 4774/7958/4774 4872/8106/4872
f 4859/8091/4859 4806/8013/4806 4795/8033/4795
f 4833/8053/4833 4798/7996/4798 4873/8107/4873
f 4860/8108/4860 4798/8109/4798 4767/8110/4767
f 4858/8088/4858 4811/8022/4811 4862/8094/4862
f 4863/8095/4863 4827/8043/4827 4845/8069/4845
f 4869/8102/4869 4870/8103/4870 4851/8078/4851
f 4872/8106/4872 4774/7958/4774 4819/8029/4819
f 4874/8111/4874 4855/8084/4855 4853/8081/4853
f 4853/8081/4853 4848/8073/4848 4874/8111/4874
f 4806/8013/4806 4859/8091/4859 4849/8075/4849
f 4875/8112/4875 4842/8082/4842 4841/8064/4841
f 4842/8065/4842 4861/8093/4861 4768/7947/4768
f 4858/8088/4858 4834/8113/4834 4839/8089/4839
f 4863/8095/4863 4844/8067/4844 4831/8048/4831
f 4850/8076/4850 4864/8096/4864 4840/8063/4840
f 4876/8114/4876 4871/8104/4871 4838/8105/4838
f 4790/8115/4790 4877/8116/4877 4766/7942/4766
f 4834/8113/4834 4878/8117/4878 4843/8118/4843
f 4858/8088/4858 4878/8117/4878 4834/8113/4834
f 4844/8067/4844 4863/8095/4863 4850/8076/4850
f 4845/8069/4845 4864/8096/4864 4863/8095/4863
f 4868/8101/4868 4869/8102/4869 4835/8055/4835
f 4868/8101/4868 4879/8119/4879 4869/8102/4869
f 4854/8083/4854 4828/8049/4828 4868/8101/4868
f 4865/8097/4865 4870/8103/4870 4880/8120/4880
f 4838/8061/4838 4865/8097/4865 4876/8121/4876
f 4862/8094/4862 4881/8122/4881 4858/8088/4858
f 4881/8122/4881 4878/8117/4878 4858/8088/4858
f 4863/8095/4863 4864/8096/4864 4850/8076/4850
f 4828/8049/4828 4866/8123/4866 4868/8101/4868
f 4865/8097/4865 4880/8120/4880 4876/8121/4876
f 4874/8111/4874 4882/8124/4882 4855/8084/4855
f 4832/8051/4832 4877/8125/4877 4790/7981/4790
f 4875/8112/4875 4883/8126/4883 4842/8082/4842
f 4884/8127/4884 4836/8057/4836 4861/8093/4861
f 4819/8099/4819 4855/8084/4855 4872/8128/4872
f 4847/8072/4847 4826/8041/4826 4885/8129/4885
f 4766/7942/4766 4877/8116/4877 4867/8100/4867
f 4798/8109/4798 4860/8108/4860 4873/8130/4873
f 4857/8087/4857 4836/8057/4836 4886/8131/4886
f 4868/8101/4868 4866/8123/4866 4879/8119/4879
f 4870/8132/4870 4887/8133/4887 4880/8134/4880
f 4882/8124/4882 4874/8111/4874 4888/8135/4888
f 4848/8073/4848 4856/8085/4856 4874/8111/4874
f 4826/8041/4826 4833/8053/4833 4885/8129/4885
f 4867/8100/4867 4875/8112/4875 4841/8064/4841
f 4869/8102/4869 4887/8136/4887 4870/8103/4870
f 4859/8091/4859 4852/8090/4852 4889/8137/4889
f 4859/8091/4859 4889/8137/4889 4849/8075/4849
f 4889/8137/4889 4890/8138/4890 4849/8075/4849
f 4886/8131/4886 4836/8057/4836 4884/8127/4884
f 4886/8131/4886 4891/8139/4891 4857/8087/4857
f 4891/8139/4891 4837/8058/4837 4857/8087/4857
f 4843/8118/4843 4878/8117/4878 4892/8140/4892
f 4880/8134/4880 4893/8141/4893 4876/8142/4876
f 4894/8143/4894 4876/8142/4876 4893/8141/4893
f 4894/8143/4894 4871/8144/4871 4876/8142/4876
f 4895/8145/4895 4882/8124/4882 4888/8135/4888
f 4896/8146/4896 4832/8051/4832 4849/8075/4849
f 4897/8147/4897 4881/8122/4881 4862/8094/4862
f 4763/8148/4763 4818/8149/4818 4898/8150/4898
f 4871/8151/4871 4899/8152/4899 4852/8090/4852
f 4895/8145/4895 4888/8135/4888 4900/8153/4900
f 4890/8138/4890 4896/8146/4896 4849/8075/4849
f 4832/8051/4832 4896/8146/4896 4877/8125/4877
f 4873/8107/4873 4901/8154/4901 4833/8053/4833
f 4842/8065/4842 4883/8155/4883 4861/8093/4861
f 4778/7963/4778 4843/8156/4843 4860/8092/4860
f 4837/8058/4837 4902/8157/4902 4862/8094/4862
f 4862/8094/4862 4902/8157/4902 4897/8147/4897
f 4881/8122/4881 4892/8140/4892 4878/8117/4878
f 4879/8119/4879 4903/8158/4903 4869/8102/4869
f 4879/8159/4879 4866/8160/4866 4903/8161/4903
f 4818/8149/4818 4872/8162/4872 4898/8150/4898
f 4899/8152/4899 4889/8137/4889 4852/8090/4852
f 4904/8163/4904 4875/8112/4875 4867/8100/4867
f 4881/8122/4881 4897/8147/4897 4892/8140/4892
f 4763/8148/4763 4898/8150/4898 4866/8160/4866
f 4895/8145/4895 4905/8164/4905 4882/8124/4882
f 4900/8153/4900 4906/8165/4906 4895/8145/4895
f 4888/8135/4888 4874/8111/4874 4907/8166/4907
f 4837/8058/4837 4891/8139/4891 4902/8157/4902
f 4869/8167/4869 4903/8161/4903 4887/8133/4887
f 4866/8160/4866 4898/8150/4898 4903/8161/4903
f 4882/8124/4882 4905/8164/4905 4855/8084/4855
f 4888/8135/4888 4907/8166/4907 4900/8153/4900
f 4860/8092/4860 4843/8156/4843 4908/8168/4908
f 4906/8165/4906 4905/8164/4905 4895/8145/4895
f 4874/8111/4874 4856/8085/4856 4907/8166/4907
f 4856/8085/4856 4847/8086/4847 4909/8169/4909
f 4898/8150/4898 4910/8170/4910 4903/8161/4903
f 4893/8141/4893 4880/8134/4880 4911/8171/4911
f 4855/8084/4855 4905/8164/4905 4872/8128/4872
f 4856/8085/4856 4909/8169/4909 4907/8166/4907
f 4896/8172/4896 4912/8173/4912 4877/8116/4877
f 4860/8108/4860 4913/8174/4913 4873/8130/4873
f 4883/8155/4883 4914/8175/4914 4861/8093/4861
f 4914/8175/4914 4884/8127/4884 4861/8093/4861
f 4843/8118/4843 4892/8140/4892 4908/8176/4908
f 4900/8153/4900 4907/8166/4907 4906/8165/4906
f 4910/8170/4910 4887/8133/4887 4903/8161/4903
f 4898/8150/4898 4872/8162/4872 4915/8177/4915
f 4871/8144/4871 4894/8143/4894 4899/8178/4899
f 4867/8100/4867 4877/8116/4877 4904/8163/4904
f 4911/8171/4911 4916/8179/4916 4893/8141/4893
f 4917/8180/4917 4883/8126/4883 4875/8112/4875
f 4886/8131/4886 4918/8181/4918 4891/8139/4891
f 4891/8139/4891 4919/8182/4919 4902/8157/4902
f 4894/8143/4894 4893/8141/4893 4920/8183/4920
f 4905/8184/4905 4921/8185/4921 4915/8177/4915
f 4905/8184/4905 4915/8177/4915 4872/8162/4872
f 4894/8186/4894 4922/8187/4922 4899/8152/4899
f 4906/8165/4906 4907/8166/4907 4923/8188/4923
f 4889/8137/4889 4924/8189/4924 4890/8138/4890
f 4890/8138/4890 4925/8190/4925 4896/8146/4896
f 4873/8130/4873 4913/8174/4913 4901/8191/4901
f 4860/8092/4860 4908/8168/4908 4926/8192/4926
f 4887/8133/4887 4910/8170/4910 4927/8193/4927
f 4927/8193/4927 4880/8134/4880 4887/8133/4887
f 4928/8194/4928 4905/8164/4905 4906/8165/4906
f 4906/8165/4906 4923/8188/4923 4928/8194/4928
f 4877/8116/4877 4912/8173/4912 4904/8163/4904
f 4929/8195/4929 4917/8180/4917 4904/8163/4904
f 4875/8112/4875 4904/8163/4904 4917/8180/4917
f 4891/8139/4891 4918/8181/4918 4919/8182/4919
f 4890/8138/4890 4924/8189/4924 4925/8190/4925
f 4925/8190/4925 4912/8196/4912 4896/8146/4896
f 4919/8182/4919 4930/8197/4930 4902/8157/4902
f 4930/8197/4930 4897/8147/4897 4902/8157/4902
f 4908/8176/4908 4892/8140/4892 4931/8198/4931
f 4892/8140/4892 4897/8147/4897 4931/8198/4931
f 4880/8134/4880 4927/8193/4927 4911/8171/4911
f 4898/8150/4898 4932/8199/4932 4910/8170/4910
f 4894/8143/4894 4920/8183/4920 4922/8200/4922
f 4907/8166/4907 4909/8169/4909 4923/8188/4923
f 4860/8092/4860 4926/8192/4926 4913/8201/4913
f 4910/8170/4910 4932/8199/4932 4927/8193/4927
f 4898/8150/4898 4915/8177/4915 4933/8202/4933
f 4893/8141/4893 4916/8179/4916 4920/8183/4920
f 4934/8203/4934 4922/8200/4922 4920/8183/4920
f 4928/8194/4928 4923/8188/4923 4935/8204/4935
f 4899/8152/4899 4924/8189/4924 4889/8137/4889
f 4885/8129/4885 4833/8053/4833 4901/8154/4901
f 4912/8173/4912 4936/8205/4936 4904/8163/4904
f 4914/8175/4914 4937/8206/4937 4884/8127/4884
f 4927/8193/4927 4932/8199/4932 4911/8171/4911
f 4928/8207/4928 4934/8203/4934 4905/8184/4905
f 4917/8180/4917 4938/8208/4938 4883/8126/4883
f 4883/8126/4883 4938/8208/4938 4939/8209/4939
f 4883/8126/4883 4939/8209/4939 4914/8210/4914
f 4884/8127/4884 4937/8206/4937 4886/8131/4886
f 4930/8197/4930 4931/8198/4931 4897/8147/4897
f 4898/8150/4898 4933/8202/4933 4932/8199/4932
f 4934/8203/4934 4928/8207/4928 4935/8211/4935
f 4922/8187/4922 4940/8212/4940 4899/8152/4899
f 4899/8152/4899 4940/8212/4940 4924/8189/4924
f 4941/8213/4941 4934/8203/4934 4920/8183/4920
f 4934/8203/4934 4941/8213/4941 4905/8184/4905
f 4922/8187/4922 4934/8214/4934 4935/8215/4935
f 4909/8216/4909 4847/8217/4847 4942/8218/4942
f 4847/8217/4847 4885/8219/4885 4942/8218/4942
f 4936/8205/4936 4929/8195/4929 4904/8163/4904
f 4916/8179/4916 4911/8171/4911 4932/8199/4932
f 4943/8220/4943 4920/8183/4920 4916/8179/4916
f 4905/8184/4905 4941/8213/4941 4921/8185/4921
f 4937/8206/4937 4918/8181/4918 4886/8131/4886
f 4916/8179/4916 4932/8199/4932 4933/8202/4933
f 4929/8195/4929 4938/8208/4938 4917/8180/4917
f 4915/8177/4915 4943/8220/4943 4933/8202/4933
f 4923/8221/4923 4909/8216/4909 4944/8222/4944
f 4885/8219/4885 4901/8191/4901 4942/8218/4942
f 4901/8191/4901 4913/8174/4913 4945/8223/4945
f 4943/8220/4943 4946/8224/4946 4920/8183/4920
f 4943/8220/4943 4915/8177/4915 4946/8224/4946
f 4920/8183/4920 4946/8224/4946 4941/8213/4941
f 4915/8177/4915 4921/8185/4921 4946/8224/4946
f 4941/8213/4941 4946/8224/4946 4921/8185/4921
f 4942/8218/4942 4901/8191/4901 4947/8225/4947
f 4913/8226/4913 4926/8227/4926 4945/8228/4945
f 4916/8179/4916 4933/8202/4933 4943/8220/4943
f 4922/8187/4922 4948/8229/4948 4940/8212/4940
f 4923/8221/4923 4949/8230/4949 4935/8215/4935
f 4912/8231/4912 4925/8232/4925 4950/8233/4950
f 4923/8221/4923 4944/8222/4944 4949/8230/4949
f 4909/8216/4909 4942/8218/4942 4944/8222/4944
f 4924/8189/4924 4951/8234/4951 4925/8190/4925
f 4929/8195/4929 4952/8235/4952 4938/8208/4938
f 4914/8175/4914 4939/8236/4939 4937/8206/4937
f 4918/8181/4918 4953/8237/4953 4919/8182/4919
f 4919/8182/4919 4954/8238/4954 4930/8197/4930
f 4930/8197/4930 4954/8238/4954 4955/8239/4955
f 4908/8176/4908 4931/8198/4931 4955/8239/4955
f 4930/8197/4930 4955/8239/4955 4931/8198/4931
f 4912/8173/4912 4950/8240/4950 4936/8205/4936
f 4919/8182/4919 4953/8237/4953 4954/8238/4954
f 4922/8187/4922 4935/8215/4935 4948/8229/4948
f 4924/8189/4924 4940/8212/4940 4951/8234/4951
f 4926/8227/4926 4908/8241/4908 4956/8242/4956
f 4957/8243/4957 4951/8234/4951 4940/8212/4940
f 4925/8232/4925 4951/8244/4951 4950/8233/4950
f 4936/8245/4936 4950/8233/4950 4958/8246/4958
f 4936/8205/4936 4952/8235/4952 4929/8195/4929
f 4918/8181/4918 4937/8206/4937 4959/8247/4959
f 4947/8225/4947 4901/8191/4901 4945/8223/4945
f 4908/8176/4908 4955/8239/4955 4960/8248/4960
f 4948/8229/4948 4935/8215/4935 4949/8230/4949
f 4938/8208/4938 4961/8249/4961 4939/8209/4939
f 4939/8209/4939 4961/8249/4961 4937/8250/4937
f 4953/8251/4953 4962/8252/4962 4954/8253/4954
f 4948/8229/4948 4963/8254/4963 4940/8212/4940
f 4964/8255/4964 4958/8246/4958 4950/8233/4950
f 4961/8249/4961 4965/8256/4965 4937/8250/4937
f 4957/8243/4957 4940/8212/4940 4963/8254/4963
f 4958/8257/4958 4952/8235/4952 4936/8205/4936
f 4926/8227/4926 4956/8242/4956 4945/8228/4945
f 4952/8235/4952 4961/8249/4961 4938/8208/4938
f 4959/8247/4959 4953/8237/4953 4918/8181/4918
f 4951/8244/4951 4966/8258/4966 4950/8233/4950
f 4966/8258/4966 4964/8255/4964 4950/8233/4950
f 4965/8259/4965 4959/8260/4959 4937/8261/4937
f 4960/8248/4960 4955/8239/4955 4954/8238/4954
f 4908/8241/4908 4967/8262/4967 4956/8242/4956
f 4948/8229/4948 4949/8230/4949 4968/8263/4968
f 4942/8218/4942 4969/8264/4969 4944/8222/4944
f 4945/8228/4945 4970/8265/4970 4947/8266/4947
f 4958/8246/4958 4971/8267/4971 4952/8268/4952
f 4967/8262/4967 4908/8241/4908 4960/8269/4960
f 4952/8268/4952 4971/8267/4971 4972/8270/4972
f 4952/8268/4952 4972/8270/4972 4961/8271/4961
f 4961/8271/4961 4972/8270/4972 4965/8259/4965
f 4954/8253/4954 4962/8252/4962 4960/8269/4960
f 4968/8263/4968 4963/8254/4963 4948/8229/4948
f 4944/8222/4944 4968/8263/4968 4949/8230/4949
f 4951/8244/4951 4957/8272/4957 4966/8258/4966
f 4953/8251/4953 4973/8273/4973 4962/8252/4962
f 4942/8218/4942 4947/8225/4947 4969/8264/4969
f 4973/8273/4973 4953/8251/4953 4959/8260/4959
f 4944/8222/4944 4969/8264/4969 4968/8263/4968
f 4959/8260/4959 4965/8259/4965 4973/8273/4973
f 4968/8263/4968 4974/8274/4974 4963/8254/4963
f 4957/8243/4957 4963/8254/4963 4975/8275/4975
f 4957/8272/4957 4976/8276/4976 4966/8258/4966
f 4947/8225/4947 4970/8277/4970 4969/8264/4969
f 4964/8255/4964 4971/8267/4971 4958/8246/4958
f 4972/8270/4972 4971/8267/4971 4977/8278/4977
f 4972/8270/4972 4977/8278/4977 4965/8259/4965
f 4969/8264/4969 4974/8274/4974 4968/8263/4968
f 4966/8258/4966 4978/8279/4978 4964/8255/4964
f 4964/8255/4964 4978/8279/4978 4971/8267/4971
f 4977/8278/4977 4973/8273/4973 4965/8259/4965
f 4957/8272/4957 4975/8280/4975 4976/8276/4976
f 4945/8228/4945 4956/8242/4956 4967/8262/4967
f 4979/8281/4979 4973/8273/4973 4977/8278/4977
f 4967/8262/4967 4970/8265/4970 4945/8228/4945
f 4967/8262/4967 4960/8269/4960 4980/8282/4980
f 4973/8273/4973 4981/8283/4981 4962/8252/4962
f 4962/8252/4962 4981/8283/4981 4960/8269/4960
f 4980/8282/4980 4960/8269/4960 4981/8283/4981
f 4966/8258/4966 4976/8276/4976 4978/8279/4978
f 4976/8276/4976 4982/8284/4982 4978/8279/4978
f 4982/8284/4982 4983/8285/4983 4978/8279/4978
f 4971/8267/4971 4978/8279/4978 4977/8278/4977
f 4978/8279/4978 4983/8285/4983 4977/8278/4977
f 4979/8281/4979 4984/8286/4984 4973/8273/4973
f 4973/8273/4973 4984/8286/4984 4981/8283/4981
f 4975/8280/4975 4985/8287/4985 4976/8276/4976
f 4983/8285/4983 4979/8281/4979 4977/8278/4977
f 4974/8274/4974 4986/8288/4986 4963/8254/4963
f 4974/8274/4974 4969/8264/4969 4986/8288/4986
f 4975/8275/4975 4963/8254/4963 4986/8288/4986
f 4976/8276/4976 4985/8287/4985 4982/8284/4982
f 4970/8265/4970 4987/8289/4987 4969/8290/4969
f 4982/8284/4982 4988/8291/4988 4983/8285/4983
f 4988/8291/4988 4989/8292/4989 4983/8285/4983
f 4983/8285/4983 4989/8292/4989 4979/8281/4979
f 4967/8262/4967 4980/8282/4980 4990/8293/4990
f 4970/8265/4970 4967/8262/4967 4987/8289/4987
f 4979/8281/4979 4989/8292/4989 4984/8286/4984
f 4984/8286/4984 4980/8282/4980 4981/8283/4981
f 4967/8262/4967 4990/8293/4990 4987/8289/4987
f 4975/8280/4975 4986/8294/4986 4985/8287/4985
f 4969/8290/4969 4987/8289/4987 4986/8294/4986
f 4990/8293/4990 4984/8286/4984 4989/8292/4989
f 4980/8282/4980 4984/8286/4984 4990/8293/4990
f 4986/8294/4986 4987/8289/4987 4985/8287/4985
f 4982/8284/4982 4985/8287/4985 4987/8289/4987
f 4982/8284/4982 4987/8289/4987 4988/8291/4988
f 4988/8291/4988 4990/8293/4990 4989/8292/4989
f 4990/8293/4990 4988/8291/4988 4987/8289/4987
