# Blender 4.4.0
# www.blender.org
mtllib Metal_Sonic_1107235427_texture.mtl
o Metal_Sonic_1107235427_texture
v -0.109713 -0.685552 -0.800220
v -0.137495 -0.686453 -0.799058
v -0.079724 -0.615407 -0.789186
v -0.058495 -0.636572 -0.788670
v -0.095954 -0.695259 -0.787942
v -0.127713 -0.639268 -0.782954
v -0.175399 -0.774563 -0.779619
v -0.206079 -0.708529 -0.768287
v -0.095785 -0.604595 -0.764490
v -0.045863 -0.613150 -0.759477
v -0.195698 -0.804023 -0.764808
v 0.019168 -0.664162 -0.722338
v -0.217749 -0.813235 -0.738624
v -0.219710 -0.663264 -0.724539
v -0.074194 -0.707571 -0.756885
v -0.111546 -0.744934 -0.751623
v 0.000217 -0.679354 -0.727840
v -0.126989 -0.632051 -0.756389
v 0.004240 -0.637286 -0.730983
v -0.072645 -0.602972 -0.739461
v -0.164229 -0.475725 -0.752769
v -0.160007 -0.452081 -0.752083
v -0.121485 -0.422766 -0.761387
v -0.072453 -0.404344 -0.761642
v -0.093568 -0.748049 -0.738809
v -0.065281 -0.387305 -0.741026
v -0.180676 -0.866306 -0.732789
v -0.225601 -0.705941 -0.742123
v -0.094547 -0.430054 -0.747777
v -0.022620 -0.377615 -0.733792
v -0.021136 -0.697681 -0.727562
v -0.161149 -0.490547 -0.736593
v -0.002061 -0.413271 -0.714223
v 0.024288 -0.394701 -0.733515
v -0.115274 -0.389924 -0.710228
v -0.092945 -0.767876 -0.726463
v -0.192042 -0.888743 -0.714186
v -0.215848 -0.847905 -0.717257
v -0.136447 -0.843010 -0.707243
v -0.094262 -0.622492 -0.683588
v -0.190844 -0.506452 -0.729725
v -0.190292 -0.650764 -0.722438
v -0.145715 -0.472541 -0.698578
v -0.027539 -0.714683 -0.710036
v -0.234867 -0.660978 -0.697897
v -0.161885 -0.672891 -0.725407
v -0.125076 -0.667881 -0.710182
v 0.035444 -0.381728 -0.716124
v -0.191298 -0.560337 -0.664973
v -0.096687 -0.423727 -0.686013
v -0.080045 -0.426199 -0.707145
v -0.177538 -0.439148 -0.692003
v -0.205913 -0.655921 -0.700516
v 0.031296 -0.633229 -0.679045
v -0.030783 -0.627300 -0.704538
v -0.171048 -0.917356 -0.690834
v -0.226636 -0.647022 -0.678681
v -0.056743 -0.629758 -0.701335
v -0.071569 -0.633147 -0.665083
v -0.166752 -0.501023 -0.689345
v -0.017287 -0.359232 -0.686143
v -0.084584 -0.819291 -0.689842
v -0.187336 -0.670071 -0.704170
v 0.038527 -0.710948 -0.682238
v 0.075038 -0.407348 -0.707481
v -0.219507 -0.883873 -0.641792
v -0.208251 -0.541057 -0.680389
v 0.059237 -0.427388 -0.678290
v -0.242135 -0.791907 -0.654103
v 0.094757 -0.690093 -0.662981
v 0.090003 -0.663221 -0.656009
v -0.176270 -0.950893 -0.635752
v -0.106687 -0.885202 -0.663621
v -0.034147 -0.410615 -0.662644
v 0.098388 -0.406538 -0.671695
v -0.135006 -0.360906 -0.655355
v -0.128235 -0.724047 -0.679209
v -0.108782 -0.717021 -0.693623
v -0.114915 -0.711254 -0.681750
v -0.251529 -0.702131 -0.630399
v 0.087046 -0.713307 -0.662884
v 0.019117 -0.651868 -0.654934
v -0.131963 -0.441671 -0.666221
v -0.064808 -0.328683 -0.632141
v -0.096745 -0.761612 -0.676362
v -0.205555 -0.685807 -0.652677
v -0.122799 -0.551141 -0.673265
v -0.109461 -0.539509 -0.672086
v -0.078245 -0.578921 -0.686153
v 0.112990 -0.431148 -0.680163
v -0.063291 -0.713532 -0.675108
v -0.222607 -0.518208 -0.651800
v -0.104681 -0.430971 -0.657656
v 0.017891 -0.814204 -0.623890
v -0.128043 -0.713799 -0.669319
v -0.054966 -0.693411 -0.689267
v -0.062724 -0.711541 -0.657375
v -0.178157 -0.672495 -0.637117
v -0.126120 -0.663665 -0.654231
v -0.049154 -0.663479 -0.681342
v -0.123613 -0.523180 -0.668113
v -0.159135 -0.459918 -0.652273
v -0.002007 -0.409576 -0.635712
v -0.110134 -0.903901 -0.646649
v -0.028858 -0.885171 -0.613493
v -0.065953 -0.772030 -0.661490
v -0.046746 -0.704828 -0.642289
v -0.215916 -0.655138 -0.625217
v -0.089792 -0.635601 -0.651740
v -0.068389 -0.579704 -0.673054
v -0.117955 -0.569121 -0.653781
v -0.087662 -0.551049 -0.658676
v 0.094586 -0.464785 -0.623861
v 0.052957 -0.373791 -0.640103
v -0.154777 -0.952568 -0.650131
v -0.093282 -0.768580 -0.663525
v -0.129922 -0.725172 -0.656997
v -0.247186 -0.683632 -0.629185
v -0.236104 -0.479703 -0.605944
v -0.046660 -0.721200 -0.650838
v -0.012375 -0.708133 -0.642324
v 0.102666 -0.654310 -0.604982
v -0.118368 -0.471712 -0.663752
v 0.142268 -0.453226 -0.640494
v 0.121556 -0.708292 -0.635485
v -0.100515 -0.528687 -0.648985
v -0.080462 -0.418222 -0.614597
v -0.206098 -0.410620 -0.610056
v -0.145573 -0.625325 -0.626584
v -0.155123 -0.505066 -0.633804
v -0.187132 -0.512504 -0.613993
v -0.177878 -0.493262 -0.634853
v -0.056124 -0.779892 -0.638236
v -0.045757 -0.774008 -0.645555
v 0.099370 -0.760542 -0.613943
v -0.158735 -0.637860 -0.638894
v -0.101955 -0.620577 -0.623576
v -0.108999 -0.555267 -0.646506
v -0.078422 -0.541858 -0.650631
v 0.140504 -0.485667 -0.630751
v -0.104273 -0.321719 -0.600183
v -0.025406 -0.910550 -0.598787
v -0.153355 -0.554104 -0.617382
v -0.092708 -0.496438 -0.600520
v 0.025170 -0.413974 -0.613693
v 0.091774 -0.398964 -0.598302
v -0.208451 -0.919389 -0.575755
v -0.025209 -0.747286 -0.635455
v 0.127887 -0.659791 -0.604833
v -0.120697 -0.574243 -0.641230
v -0.094060 -0.556611 -0.617500
v -0.061413 -0.524943 -0.623149
v -0.037870 -0.405792 -0.611243
v -0.012649 -0.331437 -0.612226
v -0.018082 -0.729922 -0.628661
v 0.079537 -0.671119 -0.596352
v -0.124494 -0.591542 -0.649299
v -0.078719 -0.574525 -0.611457
v -0.167521 -0.584956 -0.608698
v -0.200905 -0.560763 -0.614448
v 0.128774 -0.732273 -0.607714
v -0.051595 -0.679611 -0.621956
v -0.027559 -0.539653 -0.609518
v -0.029097 -0.557151 -0.606270
v 0.121772 -0.440950 -0.594663
v -0.066147 -0.716893 -0.603079
v -0.037301 -0.697792 -0.620548
v -0.077831 -0.647359 -0.602142
v -0.071273 -0.499087 -0.600734
v 0.112856 -0.494809 -0.609781
v -0.032934 -0.920780 -0.585813
v 0.021670 -0.702941 -0.606807
v -0.171134 -0.642453 -0.608113
v -0.180434 -0.564292 -0.606269
v -0.045288 -0.580673 -0.592418
v -0.086923 -0.450392 -0.589387
v -0.144732 -0.968900 -0.620270
v -0.067926 -0.725960 -0.596352
v -0.258825 -0.696758 -0.558205
v 0.135426 -0.698521 -0.599200
v -0.205018 -0.668855 -0.569244
v 0.054574 -0.432958 -0.593374
v 0.001345 -0.424164 -0.599797
v -0.048051 -0.959806 -0.564406
v 0.061671 -0.835315 -0.587978
v -0.032920 -0.678054 -0.606556
v -0.189663 -0.632196 -0.609109
v -0.194259 -0.542415 -0.590458
v -0.184020 -0.513755 -0.604676
v -0.232039 -0.517916 -0.601741
v -0.009848 -0.411619 -0.586761
v -0.176639 -0.359421 -0.583950
v -0.244180 -0.835858 -0.541110
v 0.109903 -0.783300 -0.592426
v -0.198768 -0.689424 -0.577199
v -0.043624 -0.598413 -0.596274
v 0.144329 -0.530077 -0.571714
v 0.025620 -0.338381 -0.575194
v -0.166851 -0.965991 -0.554237
v -0.055820 -0.725102 -0.586386
v -0.062731 -0.665547 -0.586718
v -0.046409 -0.532503 -0.597698
v 0.022474 -0.447718 -0.594101
v 0.006631 -0.696918 -0.575576
v -0.185982 -0.666191 -0.581884
v -0.047454 -0.508979 -0.586990
v 0.140681 -0.496752 -0.575485
v -0.052482 -0.446142 -0.586927
v -0.194483 -0.650195 -0.589699
v 0.128161 -0.744077 -0.566665
v 0.069632 -0.705093 -0.578294
v -0.050981 -0.659881 -0.580530
v 0.081913 -0.490917 -0.570107
v -0.037560 -0.467861 -0.567024
v 0.005393 -0.684348 -0.566481
v -0.205162 -0.583047 -0.569955
v -0.206317 -0.530782 -0.582840
v 0.009804 -0.546931 -0.570119
v 0.064477 -0.453619 -0.569440
v -0.060606 -0.308770 -0.565083
v 0.020103 -0.901613 -0.572829
v -0.189517 -0.688920 -0.562110
v 0.123806 -0.671783 -0.582276
v -0.031032 -0.615306 -0.568669
v 0.021095 -0.505778 -0.571465
v 0.024276 -0.420949 -0.573098
v -0.151294 -0.331779 -0.530406
v -0.376463 0.938970 -0.573975
v -0.361361 0.956578 -0.583308
v -0.346224 0.947876 -0.614359
v 0.111799 -0.848141 -0.543567
v 0.102110 -0.678341 -0.567869
v -0.208995 -0.634281 -0.572059
v 0.023770 -0.521937 -0.562749
v 0.090779 -0.404643 -0.523600
v 0.079753 -0.896959 -0.546059
v -0.206283 -0.751238 -0.564233
v -0.188936 -0.717820 -0.576778
v -0.213119 -0.725287 -0.580234
v -0.195314 -0.666524 -0.569217
v 0.011191 -0.586507 -0.550386
v 0.129165 -0.557513 -0.549500
v -0.238891 -0.520298 -0.532925
v -0.017201 -0.506729 -0.553458
v 0.041912 -0.925918 -0.547884
v 0.066308 -0.694498 -0.524494
v -0.026662 -0.662812 -0.547451
v 0.088621 -0.563527 -0.530895
v 0.036762 -0.508324 -0.563430
v 0.043902 -0.461566 -0.565060
v -0.002320 -0.433774 -0.554300
v 0.012529 -0.413799 -0.569570
v -0.212347 -0.584799 -0.552391
v -0.214714 -0.521563 -0.552735
v -0.250629 -0.481021 -0.538222
v -0.032693 -0.311937 -0.508367
v -0.067256 -0.983004 -0.537953
v -0.169365 -0.731501 -0.544658
v -0.225144 -0.671619 -0.525204
v -0.006856 -0.633858 -0.544054
v 0.027472 -0.474928 -0.560315
v -0.240437 -0.442873 -0.546780
v -0.214123 -0.391132 -0.517297
v -0.329945 0.946644 -0.568211
v -0.203922 -0.708147 -0.559135
v -0.178643 -0.723472 -0.527899
v 0.104607 -0.691780 -0.548249
v -0.005500 -0.677535 -0.550520
v -0.212569 -0.636934 -0.543304
v 0.002932 -0.489483 -0.539709
v 0.063137 -0.475418 -0.523502
v 0.114152 -0.829081 -0.534967
v 0.111449 -0.736123 -0.538403
v -0.003607 -0.694464 -0.548519
v 0.070331 -0.686190 -0.490373
v 0.007183 -0.661303 -0.547078
v -0.206801 -0.647880 -0.530215
v 0.047360 -0.520684 -0.539804
v -0.012348 -0.467096 -0.537785
v -0.427044 0.947776 -0.494442
v -0.222956 -0.746401 -0.544049
v -0.216821 -0.732264 -0.525990
v -0.212825 -0.684545 -0.507263
v 0.036820 -0.587353 -0.517749
v 0.047153 -0.551221 -0.531235
v 0.044105 -0.481226 -0.521173
v -0.407212 0.929952 -0.536420
v -0.330521 0.965692 -0.483294
v -0.249578 -0.740073 -0.472603
v -0.228231 -0.600854 -0.547932
v -0.222797 -0.522767 -0.526704
v 0.030524 -0.343921 -0.484360
v -0.341115 0.900613 -0.511835
v -0.206558 -0.770142 -0.544146
v -0.259717 -0.696737 -0.486570
v -0.180750 -0.702257 -0.504487
v -0.231842 -0.649038 -0.536262
v 0.067619 -0.510945 -0.526278
v 0.037233 -0.960543 -0.515648
v -0.231535 -0.857337 -0.491364
v -0.401351 0.917111 -0.529306
v -0.207095 -0.737860 -0.511265
v -0.241762 -0.589369 -0.514250
v -0.245313 -0.507422 -0.514724
v -0.201432 -0.919811 -0.485582
v 0.006589 -0.694786 -0.501980
v 0.064986 -0.548938 -0.513424
v 0.107956 -0.454879 -0.494081
v -0.233647 -0.423999 -0.496454
v -0.081890 -0.309773 -0.506015
v -0.315500 0.925256 -0.524617
v -0.213161 -0.670534 -0.501031
v -0.241959 -0.629555 -0.477162
v -0.241378 -0.534802 -0.515943
v -0.378378 0.965011 -0.521842
v 0.088407 -0.905813 -0.513863
v -0.233294 -0.663927 -0.501554
v 0.120960 -0.539455 -0.491261
v 0.058054 -0.951536 -0.495996
v 0.094432 -0.845935 -0.502227
v -0.211318 -0.710387 -0.486624
v -0.006616 -0.656920 -0.501827
v 0.038852 -0.496397 -0.517087
v -0.233906 -0.498256 -0.479910
v 0.005835 -0.493729 -0.534121
v 0.032518 -0.474828 -0.525832
v 0.043806 -0.467850 -0.509223
v 0.079414 -0.711192 -0.416159
v -0.194216 -0.690887 -0.477461
v 0.113363 -0.561606 -0.492026
v 0.072460 -0.577736 -0.488835
v 0.058491 -0.571835 -0.481960
v 0.042702 -0.491292 -0.503048
v 0.019522 -0.482706 -0.507978
v -0.238684 -0.458740 -0.482931
v -0.311612 0.860357 -0.426602
v 0.042874 -0.698436 -0.467471
v -0.383180 0.865481 -0.464724
v -0.349890 0.862032 -0.446113
v -0.292147 0.928719 -0.484125
v 0.019537 -0.975172 -0.486711
v 0.094595 -0.487577 -0.410055
v -0.128684 -0.331412 -0.466449
v -0.138733 -0.978713 -0.466629
v 0.014696 -0.685169 -0.469545
v 0.060596 -0.871331 -0.429805
v -0.460792 0.914120 -0.447456
v -0.068274 -0.996507 -0.435841
v 0.036287 -0.627327 -0.452917
v 0.074210 -0.406954 -0.453748
v -0.207563 -0.680390 -0.460610
v -0.177480 -0.375678 -0.429426
v -0.080774 -0.324203 -0.451444
v 0.066820 -0.766500 -0.400034
v 0.037154 -0.689669 -0.434691
v -0.235119 -0.672775 -0.445912
v -0.460426 0.884875 -0.435742
v -0.255138 -0.603409 -0.439848
v -0.246088 -0.533617 -0.458507
v 0.025443 -0.360837 -0.434695
v 0.016125 -0.701350 -0.462669
v 0.067586 -0.565666 -0.457017
v 0.083852 -0.553819 -0.447841
v 0.061488 -0.692976 -0.404204
v 0.035258 -0.666008 -0.449175
v -0.213292 -0.421686 -0.435969
v 0.071221 -0.586371 -0.450588
v 0.010659 -0.695784 -0.456666
v -0.036156 -0.336199 -0.428582
v 0.053479 -0.617667 -0.426687
v 0.092074 -0.517876 -0.412892
v -0.216624 -0.473192 -0.431392
v -0.413287 0.801152 -0.370509
v -0.468268 0.939001 -0.415240
v -0.234007 -0.701362 -0.382778
v 0.040047 -0.725809 -0.424808
v -0.196923 -0.873871 -0.426781
v 0.004464 -0.705039 -0.441766
v -0.013973 -0.971327 -0.415203
v -0.011877 -0.701794 -0.435438
v -0.237022 -0.642841 -0.403599
v -0.276140 0.870035 -0.396303
v 0.077802 -0.723383 -0.388505
v -0.241317 -0.526879 -0.401937
v -0.457100 0.825259 -0.377126
v -0.292948 0.956169 -0.421030
v 0.006326 -0.931099 -0.391091
v -0.144734 -0.909890 -0.389433
v 0.035591 -0.670511 -0.423407
v -0.093184 -0.971626 -0.408735
v -0.206929 -0.763566 -0.381430
v 0.024190 -0.731462 -0.415625
v 0.027185 -0.692962 -0.412770
v 0.044236 -0.684089 -0.413210
v -0.337651 0.987063 -0.399215
v 0.004943 -0.716753 -0.398047
v -0.247378 -0.596139 -0.391121
v -0.092747 -0.353713 -0.398268
v -0.449907 0.974890 -0.342911
v -0.228051 -0.664509 -0.403916
v 0.063519 -0.518432 -0.407869
v 0.061443 -0.566709 -0.413999
v 0.073534 -0.459768 -0.385862
v -0.231007 0.883914 -0.338191
v 0.006748 -0.884007 -0.360513
v 0.055231 -0.664517 -0.411251
v 0.038139 -0.424384 -0.364907
v -0.022250 -0.703048 -0.411591
v 0.068459 -0.606216 -0.404778
v -0.504734 0.868312 -0.357933
v -0.402448 0.987653 -0.384254
v 0.032405 -0.726318 -0.394460
v 0.015171 -0.692899 -0.386646
v 0.058100 -0.530671 -0.397988
v -0.185410 -0.432487 -0.394515
v -0.034580 -0.964113 -0.393213
v 0.021431 -0.734499 -0.396950
v -0.226118 -0.497672 -0.380281
v 0.006676 -0.703146 -0.379535
v 0.067454 -0.492641 -0.375868
v -0.178999 -0.477066 -0.403720
v -0.145721 -0.392684 -0.381205
v -0.046520 -0.376446 -0.364838
v 0.019081 -0.716605 -0.385721
v 0.430565 -0.643269 -0.394911
v 0.398358 -0.627056 -0.388719
v 0.523932 -0.578718 -0.394855
v 0.546039 -0.597664 -0.393642
v 0.595457 -0.571058 -0.393114
v 0.067073 -0.560479 -0.393755
v -0.156417 -0.458252 -0.375709
v -0.229027 0.901405 -0.326054
v 0.051939 -0.730080 -0.345498
v -0.221817 -0.675543 -0.373194
v -0.197996 -0.669132 -0.388612
v 0.406012 -0.590931 -0.376873
v -0.375250 0.783374 -0.349874
v -0.073462 -0.925489 -0.362281
v 0.034887 -0.686832 -0.383497
v 0.359754 -0.685636 -0.380531
v 0.444611 -0.647359 -0.378112
v 0.608793 -0.583230 -0.376221
v 0.534242 -0.546781 -0.376864
v 0.050310 -0.503037 -0.385839
v -0.149929 -0.464802 -0.396311
v -0.499939 0.849016 -0.356094
v -0.140376 -0.864212 -0.354749
v 0.314133 -0.713922 -0.373426
v 0.618271 -0.568288 -0.370812
v 0.054539 -0.516965 -0.372737
v -0.232219 -0.539856 -0.346585
v -0.184728 -0.516856 -0.364268
v -0.127649 -0.472795 -0.383250
v -0.137023 -0.459120 -0.383728
v -0.492515 0.827393 -0.349528
v 0.020923 -0.775370 -0.339577
v -0.231135 -0.637007 -0.371586
v 0.526416 -0.604616 -0.369142
v -0.144853 -0.431915 -0.363069
v -0.517809 0.902841 -0.319291
v -0.385517 0.998036 -0.339028
v -0.003717 -0.697455 -0.304349
v -0.181859 -0.677615 -0.350647
v -0.196019 -0.619829 -0.358514
v 0.324180 -0.649388 -0.361351
v -0.246247 -0.573979 -0.363673
v 0.546173 -0.614597 -0.355154
v 0.391121 -0.555914 -0.371866
v 0.473130 -0.514916 -0.360974
v -0.166675 -0.674291 -0.368059
v 0.327040 -0.602180 -0.363308
v -0.314614 0.781114 -0.326624
v -0.281568 0.792784 -0.319133
v -0.304977 0.983566 -0.315510
v 0.322820 -0.706325 -0.356057
v 0.415592 -0.650622 -0.354552
v 0.018402 -0.477857 -0.356886
v -0.092572 -0.459275 -0.367384
v -0.346823 1.000070 -0.301064
v -0.027055 -0.894071 -0.347687
v -0.159814 -0.776528 -0.334835
v 0.295571 -0.691644 -0.348768
v 0.014253 -0.687803 -0.350692
v -0.228711 -0.599611 -0.343515
v 0.337805 -0.540421 -0.346003
v 0.583351 -0.541415 -0.333160
v 0.382341 -0.506157 -0.340179
v 0.024282 -0.454016 -0.348260
v -0.088243 -0.469747 -0.365861
v -0.128198 -0.458381 -0.358489
v -0.072962 -0.404573 -0.344551
v 0.283990 -0.680456 -0.342614
v 0.029376 -0.639951 -0.324685
v 0.520263 -0.616297 -0.338422
v -0.109632 -0.511574 -0.344229
v -0.103828 -0.454371 -0.349854
v -0.426405 0.750905 -0.314832
v -0.190666 -0.732979 -0.333197
v 0.356129 -0.678571 -0.344978
v 0.493292 -0.497404 -0.337570
v -0.074930 -0.464625 -0.350082
v -0.251871 0.831520 -0.327173
v 0.305169 -0.729149 -0.344743
v -0.117389 -0.653881 -0.330522
v 0.587242 -0.590418 -0.330973
v 0.609111 -0.575009 -0.329527
v 0.297489 -0.585791 -0.329586
v 0.026864 -0.508986 -0.318213
v -0.102835 -0.493717 -0.325677
v -0.058098 -0.873187 -0.331402
v -0.191397 -0.705535 -0.329251
v -0.542172 0.921160 -0.218826
v -0.262713 0.949158 -0.328285
v 0.480787 -0.626907 -0.320291
v -0.435875 0.991027 -0.276240
v 0.342164 -0.707897 -0.302443
v -0.121173 -0.681244 -0.335155
v -0.121330 -0.586710 -0.324526
v -0.189993 -0.560843 -0.348375
v 0.324257 -0.516705 -0.306232
v -0.115140 -0.546632 -0.332909
v -0.024626 -0.453060 -0.338731
v -0.026974 -0.470259 -0.341792
v -0.497603 0.748145 -0.281408
v -0.053128 -0.697891 -0.342982
v -0.029995 -0.713710 -0.324584
v -0.020171 -0.689331 -0.330083
v -0.070681 -0.704982 -0.329593
v 0.540278 -0.603824 -0.321886
v 0.609029 -0.559033 -0.311395
v -0.012995 -0.483503 -0.278360
v -0.543086 0.820799 -0.285792
v -0.008235 -0.676435 -0.311723
v -0.012134 -0.684557 -0.315437
v -0.005961 -0.661313 -0.285020
v 0.395896 -0.656000 -0.295974
v 0.030488 -0.583991 -0.282104
v -0.135341 -0.543726 -0.309747
v 0.508705 -0.495158 -0.305290
v -0.071120 -0.484425 -0.319181
v -0.105423 -0.780490 -0.306941
v -0.048968 -0.682906 -0.318329
v 0.280128 -0.673999 -0.316407
v -0.125215 -0.689300 -0.294397
v -0.572593 0.819493 -0.237106
v -0.033408 -0.782396 -0.306896
v 0.000157 -0.738126 -0.294496
v -0.082277 -0.675222 -0.305564
v -0.152632 -0.730206 -0.302184
v -0.066523 -0.710739 -0.312545
v -0.133803 -0.604106 -0.310054
v 0.390466 -0.482518 -0.292502
v -0.136502 -0.713642 -0.301188
v 0.294243 -0.705793 -0.282843
v -0.561951 0.762897 -0.232694
v -0.502051 0.959623 -0.223352
v 0.354721 -0.682912 -0.287967
v 0.592240 -0.567942 -0.270822
v -0.125148 -0.551320 -0.290277
v 0.351543 -0.488323 -0.277095
v -0.342648 0.686176 -0.239352
v -0.533370 0.736835 -0.245765
v -0.213199 0.754522 -0.225403
v -0.110889 -0.621064 -0.299073
v 0.527746 -0.578093 -0.252379
v 0.544593 -0.571977 -0.273410
v 0.573116 -0.527897 -0.252694
v -0.060293 -0.649098 -0.284315
v -0.205302 0.839544 -0.266948
v -0.019858 -0.712515 -0.292514
v 0.290350 -0.685857 -0.263324
v -0.087681 -0.628900 -0.289348
v 0.013517 -0.554406 -0.263256
v -0.094731 -0.528344 -0.293128
v -0.063780 -0.746809 -0.280100
v -0.047945 -0.697416 -0.282041
v 0.571147 -0.572381 -0.254956
v -0.184740 0.877838 -0.208827
v -0.098374 -0.715754 -0.288502
v 0.587996 -0.546411 -0.226313
v 0.302120 -0.507349 -0.207093
v -0.187894 0.845684 -0.254230
v 0.280040 -0.664301 -0.224930
v -0.027758 -0.647482 -0.257335
v -0.103176 -0.575797 -0.286950
v 0.432994 -0.468370 -0.243092
v -0.257435 0.957525 -0.237013
v 0.436293 -0.609249 -0.273587
v -0.173707 0.795675 -0.201074
v -0.334748 0.997364 -0.156846
v 0.392802 -0.654863 -0.260114
v -0.430158 0.669785 -0.237032
v -0.265591 0.705165 -0.227125
v -0.385936 1.001820 -0.204456
v 0.332274 -0.686495 -0.263017
v -0.015427 -0.613209 -0.257869
v 0.440862 -0.629004 -0.246773
v -0.287232 0.981065 -0.164581
v 0.278438 -0.634763 -0.242833
v -0.030382 -0.534578 -0.239137
v -0.041134 -0.593488 -0.231404
v 0.324425 -0.482661 -0.185386
v 0.479787 -0.470599 -0.199461
v 0.474453 -0.587740 -0.242422
v -0.490451 0.657396 -0.213266
v 0.290943 -0.682229 -0.228653
v 0.418111 -0.683233 -0.239358
v 0.531417 -0.562993 -0.232356
v 0.380791 -0.674709 -0.216534
v 0.366110 -0.466943 -0.185037
v -0.678818 0.293783 -0.246916
v -0.697869 0.317478 -0.247579
v -0.686475 0.312831 -0.245989
v -0.561655 0.884649 -0.233260
v 0.395645 -0.713701 -0.230219
v 0.311775 -0.688594 -0.180193
v 0.475166 -0.612482 -0.223841
v 0.585875 -0.555845 -0.208125
v -0.152344 0.824903 -0.174314
v 0.377648 -0.764105 -0.223793
v 0.395938 -0.768664 -0.225259
v 0.369803 -0.705051 -0.216412
v 0.422147 -0.718788 -0.213141
v 0.545272 -0.499614 -0.161416
v -0.665568 0.253813 -0.207380
v -0.657294 0.274285 -0.214193
v -0.701527 0.283794 -0.213243
v -0.235945 0.674403 -0.187374
v 0.458053 -0.660161 -0.222588
v 0.278668 -0.538226 -0.133795
v 0.510227 -0.572943 -0.216528
v 0.564776 -0.566051 -0.196327
v -0.154245 0.797007 -0.191310
v 0.471580 -0.686028 -0.213668
v -0.709457 0.340785 -0.148929
v 0.353932 -0.680348 -0.196587
v 0.439781 -0.458562 -0.162279
v -0.352871 0.607146 -0.185708
v -0.610058 0.728355 -0.149577
v -0.154579 0.869082 -0.121951
v -0.460501 0.987176 -0.158676
v 0.457935 -0.725209 -0.190004
v 0.480618 -0.657111 -0.205938
v 0.483942 -0.606205 -0.201172
v 0.520168 -0.547224 -0.194188
v -0.537159 0.634077 -0.176239
v -0.578551 0.676487 -0.167381
v 0.475923 -0.696969 -0.199620
v 0.507378 -0.629583 -0.202337
v 0.501889 -0.649366 -0.186863
v -0.438276 0.600308 -0.187759
v 0.426130 -0.781062 -0.155042
v -0.603608 0.848815 -0.150402
v 0.366471 -0.745968 -0.185749
v 0.295348 -0.686209 -0.150006
v 0.331151 -0.682423 -0.177770
v 0.487911 -0.683909 -0.189979
v 0.513636 -0.667627 -0.187361
v 0.515940 -0.548808 -0.186305
v -0.619789 0.787008 -0.136669
v 0.510307 -0.683101 -0.182724
v 0.500082 -0.605102 -0.180307
v -0.468931 0.560222 -0.163246
v -0.449900 0.994272 -0.021251
v 0.337622 -0.718340 -0.178326
v 0.490770 -0.720692 -0.183869
v -0.686544 0.251370 -0.155003
v -0.668018 0.342325 -0.165044
v -0.637767 0.246015 -0.164292
v 0.395487 -0.810187 -0.116336
v 0.271501 -0.630232 -0.144766
v 0.582166 -0.541649 -0.167238
v -0.676217 0.371381 -0.138274
v 0.556837 -0.691815 -0.157678
v 0.546388 -0.660674 -0.169577
v 0.524391 -0.656751 -0.164549
v 0.557702 -0.572922 -0.148937
v 0.579384 -0.564802 -0.163219
v -0.709103 0.288050 -0.142641
v -0.370952 0.552748 -0.164188
v 0.314359 -0.689185 -0.149929
v 0.517019 -0.576932 -0.165536
v 0.501866 -0.471798 -0.117583
v -0.197917 0.631041 -0.140919
v 0.532698 -0.634157 -0.162266
v 0.541338 -0.559494 -0.150715
v -0.643634 0.236817 -0.156889
v -0.267728 0.579014 -0.148421
v -0.588724 0.888101 -0.119204
v 0.514886 -0.742735 -0.145569
v 0.579407 -0.615882 -0.152777
v 0.540418 -0.601459 -0.167715
v 0.512531 -0.533954 -0.155171
v -0.225003 -0.535338 -0.168711
v -0.205220 -0.491204 -0.158423
v -0.194195 -0.525055 -0.163789
v -0.235324 -0.523110 -0.157182
v -0.249868 -0.517857 -0.176072
v -0.242351 -0.490175 -0.163129
v -0.511306 0.514730 -0.131158
v -0.142038 0.662059 -0.113682
v 0.469774 -0.761892 -0.134269
v 0.281289 -0.668057 -0.118281
v 0.518864 -0.548197 -0.142037
v -0.206713 -0.554071 -0.154420
v -0.217463 -0.567404 -0.166151
v -0.291621 -0.510989 -0.127037
v -0.440004 0.468254 -0.135999
v -0.573635 0.591646 -0.127586
v -0.137569 0.742645 -0.141693
v -0.560193 0.924202 -0.102455
v 0.323821 -0.709113 -0.138188
v -0.181237 -0.558411 -0.160487
v -0.219478 -0.542034 -0.145545
v -0.284908 -0.524139 -0.136236
v -0.266235 -0.537369 -0.136275
v -0.693568 0.372986 -0.128411
v -0.381376 0.415307 -0.117767
v -0.243904 -0.545244 -0.143019
v -0.174722 -0.528317 -0.138401
v -0.171925 -0.501176 -0.145508
v -0.210746 -0.581564 -0.136806
v -0.208379 -0.543711 -0.138290
v 0.560908 -0.521158 -0.122001
v 0.303290 -0.496193 -0.098483
v -0.712763 0.317671 -0.105902
v -0.156853 -0.530786 -0.108449
v 0.591534 -0.691272 -0.110831
v -0.252211 -0.568045 -0.135750
v 0.554618 -0.561626 -0.124837
v -0.642911 0.216389 -0.012906
v -0.618282 0.294151 -0.109597
v 0.088914 0.530162 -0.121133
v 0.078784 0.564885 -0.086935
v 0.143203 0.539902 -0.162327
v 0.128669 0.561147 -0.119797
v -0.215480 0.935344 -0.083989
v -0.191707 -0.575566 -0.130314
v -0.217866 -0.605298 -0.126098
v -0.198820 -0.467213 -0.107537
v -0.221368 -0.479061 -0.131701
v 0.424116 -0.463125 -0.035421
v -0.637621 0.350038 -0.087350
v 0.127654 0.483153 -0.092426
v -0.619952 0.608562 -0.087542
v 0.432604 -0.792766 -0.103013
v 0.358543 -0.773026 -0.106166
v 0.382068 -0.804260 -0.087748
v 0.645749 -0.763881 -0.125459
v 0.646516 -0.722696 -0.129104
v 0.679762 -0.751498 -0.134086
v 0.683452 -0.713645 -0.123318
v 0.558781 -0.738628 -0.104445
v 0.310098 -0.691083 -0.110906
v -0.658326 0.379203 -0.112958
v -0.265478 0.429009 -0.102585
v 0.082455 0.487803 -0.086068
v -0.113920 0.747699 -0.118953
v -0.499084 0.974047 -0.072249
v 0.634332 -0.667084 -0.111753
v -0.602726 0.272711 -0.099042
v 0.142715 0.554050 -0.107506
v -0.198595 0.555929 -0.114077
v -0.108270 0.682914 -0.087021
v 0.360159 -0.472198 -0.054390
v 0.144763 0.489913 -0.088437
v 0.160160 0.519911 -0.112638
v -0.402264 1.001010 -0.019821
v 0.459168 -0.783520 -0.100196
v 0.688711 -0.783277 -0.088962
v 0.636550 -0.723869 -0.113112
v 0.713488 -0.759732 -0.091777
v 0.593968 -0.621415 -0.109900
v -0.173963 -0.574322 -0.113267
v -0.310424 -0.561874 -0.086323
v 0.516637 -0.486220 -0.065290
v -0.267768 -0.491146 -0.100127
v -0.494089 0.404484 -0.100691
v 0.622830 -0.704901 -0.108252
v -0.195378 -0.593159 -0.098516
v 0.472649 -0.464979 -0.048723
v -0.301639 0.113733 -0.113791
v -0.316595 0.168308 -0.099880
v -0.260411 0.188940 -0.119939
v -0.267321 0.212141 -0.107593
v -0.130806 0.586867 -0.082424
v -0.651672 0.647067 -0.038375
v -0.614527 0.849217 -0.096813
v 0.596928 -0.737697 -0.106803
v -0.301959 -0.594598 -0.059177
v -0.336685 0.082279 -0.097078
v -0.674059 0.234528 -0.027768
v -0.439905 0.364422 -0.093543
v -0.582131 0.490354 -0.085089
v 0.156920 0.530575 -0.057268
v -0.627284 0.532439 -0.060429
v -0.088217 0.688578 -0.080379
v 0.508227 -0.762210 -0.091042
v 0.561010 -0.558750 -0.082628
v -0.334153 -0.496995 -0.069874
v -0.255213 -0.466972 -0.095620
v -0.311517 0.036630 -0.104231
v -0.181157 0.227384 -0.101870
v -0.242331 0.179280 -0.102932
v -0.637084 0.789701 -0.069352
v 0.667600 -0.785966 -0.090432
v 0.278299 -0.554194 -0.083607
v 0.541746 -0.541272 -0.096430
v -0.155924 -0.474890 -0.068560
v -0.173977 -0.479749 -0.087167
v -0.695731 0.270001 0.030321
v -0.323514 0.358902 -0.083098
v -0.128789 0.521672 -0.067630
v 0.650271 -0.773741 -0.092016
v 0.707555 -0.663946 -0.040226
v 0.288407 -0.643096 -0.082759
v -0.369283 -0.525628 -0.044365
v -0.272189 0.136388 -0.080394
v -0.175069 0.207851 -0.090426
v -0.584129 0.237034 -0.063855
v -0.167449 0.440993 -0.068669
v 0.590709 -0.721916 -0.081111
v 0.304759 -0.653360 -0.078264
v 0.602684 -0.662649 -0.081881
v 0.600438 -0.624693 -0.049322
v -0.342895 -0.536553 -0.058092
v -0.295758 0.019663 -0.072847
v -0.296746 -0.014878 -0.080943
v -0.338207 0.009957 -0.073988
v -0.605072 0.214978 -0.048385
v -0.636062 0.394407 -0.073498
v -0.669239 0.415107 -0.058023
v 0.469022 -0.779572 -0.060186
v 0.489899 -0.779504 -0.068825
v 0.567941 -0.780146 -0.098765
v 0.596179 -0.734397 -0.076448
v 0.596630 -0.779179 -0.102099
v 0.686465 -0.652109 -0.060616
v -0.292886 -0.490745 -0.073614
v -0.290960 0.077805 -0.073964
v -0.067972 0.214958 -0.076379
v -0.241167 0.252424 -0.047532
v -0.566915 0.414500 -0.077170
v 0.022466 0.507014 -0.047570
v 0.521708 -0.830757 -0.072198
v 0.593156 -0.815546 -0.072246
v 0.547212 -0.755345 -0.070985
v 0.564115 -0.743365 -0.077573
v 0.641617 -0.730500 -0.084834
v 0.649800 -0.750003 -0.081523
v 0.599593 -0.701448 -0.064214
v 0.627086 -0.704170 -0.077730
v 0.319509 -0.494315 -0.052801
v -0.097392 0.204536 -0.072459
v -0.179519 0.251675 -0.066126
v -0.586318 0.381514 -0.064609
v -0.686679 0.409178 -0.041051
v -0.650175 0.740668 -0.035153
v 0.384942 -0.809611 -0.056204
v 0.647367 -0.792496 -0.063035
v 0.616125 -0.747274 -0.061803
v 0.617569 -0.782020 -0.072701
v 0.620730 -0.665921 -0.084319
v 0.522190 -0.525070 -0.065135
v 0.301714 -0.511547 -0.063248
v -0.386349 -0.501957 -0.021192
v -0.213363 -0.452416 -0.063207
v -0.276301 0.119719 -0.066299
v -0.704542 0.376673 -0.000892
v 0.157318 0.509950 -0.024191
v -0.158670 0.887660 -0.010927
v -0.176468 -0.502383 -0.019045
v -0.109434 0.247394 -0.057536
v -0.559635 0.306391 -0.051842
v -0.417159 0.302053 -0.057126
v 0.426798 -0.793056 -0.041389
v 0.515380 -0.810865 -0.058723
v 0.530846 -0.782511 -0.068501
v 0.455762 -0.785199 -0.049625
v 0.661768 -0.641256 -0.044877
v -0.274602 -0.608106 -0.027942
v -0.199960 -0.480900 -0.068567
v -0.287167 -0.003550 -0.075597
v -0.240731 0.165372 -0.040841
v -0.552295 0.254495 -0.046804
v 0.319747 -0.666052 -0.053877
v -0.223313 -0.572573 -0.011074
v 0.522918 -0.530623 -0.036186
v -0.025177 0.171547 -0.063563
v -0.499031 0.302844 -0.049713
v -0.621814 0.386566 -0.065759
v -0.077225 0.628575 -0.048953
v 0.457726 -0.843022 -0.043551
v 0.508238 -0.863257 -0.064482
v 0.314754 -0.700059 -0.049837
v -0.326132 -0.492322 -0.040924
v -0.185600 -0.473139 -0.067409
v -0.279762 -0.054122 -0.062253
v -0.248385 -0.078558 -0.054494
v -0.373762 0.138376 -0.011119
v -0.178559 0.183746 -0.011118
v -0.316695 0.213035 -0.040470
v -0.276685 0.236340 -0.054401
v -0.044180 0.227339 -0.045939
v -0.344763 0.305621 -0.051469
v -0.209058 0.352128 -0.044888
v 0.040538 0.468287 -0.047649
v -0.063027 0.756269 -0.002662
v -0.296552 0.980123 -0.030001
v 0.597918 -0.828002 -0.048855
v 0.343086 -0.762307 -0.030212
v -0.262922 -0.033157 -0.050602
v -0.317342 -0.038316 -0.040786
v -0.290745 0.049962 -0.048848
v -0.132170 0.180996 -0.000151
v -0.621874 0.434096 -0.059258
v -0.659839 0.461286 -0.033687
v -0.058978 0.629893 -0.048419
v -0.052141 0.715295 -0.016132
v 0.330528 -0.625812 -0.036475
v 0.567001 -0.576368 -0.039033
v 0.306937 -0.603192 -0.030617
v -0.313864 -0.467944 -0.037763
v -0.266844 -0.018126 -0.004231
v -0.010517 0.137355 -0.052499
v -0.072780 0.168289 -0.026455
v 0.540305 -0.852775 -0.029862
v 0.474150 -0.821558 -0.034420
v 0.678161 -0.823511 -0.027074
v 0.303841 -0.571358 -0.038690
v -0.412552 -0.517046 0.001405
v -0.203822 -0.504481 -0.043793
v -0.195896 -0.452309 -0.030447
v -0.293254 -0.448772 -0.018943
v -0.350991 -0.009411 -0.029671
v 0.006261 0.163994 -0.026069
v -0.340064 0.196374 -0.019358
v -0.297519 0.241070 -0.055968
v -0.248891 0.274499 -0.053482
v -0.512543 0.274417 -0.037583
v 0.059246 0.592537 -0.006915
v 0.619406 -0.672748 -0.051390
v 0.650350 -0.666236 -0.030106
v 0.308251 -0.552329 -0.030839
v -0.215356 -0.500740 -0.040981
v -0.206582 -0.473564 -0.045960
v -0.306366 0.258920 -0.042561
v -0.262494 0.301580 -0.027330
v 0.090748 0.438642 -0.028085
v -0.071846 0.394756 0.000072
v 0.008916 0.554062 -0.031745
v -0.639685 0.817175 0.034898
v -0.562958 0.934929 0.040303
v 0.609343 -0.863194 -0.019298
v 0.491807 -0.517131 -0.020609
v -0.239403 -0.132080 -0.034032
v -0.341181 0.237746 -0.029600
v -0.223231 0.258671 -0.029438
v -0.202098 0.278942 -0.037716
v -0.146425 0.366460 -0.025996
v 0.073357 0.442395 -0.038447
v 0.142421 0.474044 -0.044269
v 0.149922 0.480825 -0.011985
v -0.072268 0.440753 -0.014375
v -0.660739 0.534000 -0.013624
v 0.019648 0.589525 -0.024596
v -0.093268 0.811071 0.013757
v 0.454282 -0.883504 -0.021685
v 0.730822 -0.669083 0.021140
v 0.324354 -0.691194 -0.031997
v 0.594122 -0.666044 -0.015672
v 0.664477 -0.626034 -0.010144
v 0.229462 -0.527082 -0.037418
v 0.194945 -0.459229 -0.039081
v 0.238356 -0.496982 -0.039159
v 0.142881 -0.482866 -0.035722
v 0.480611 -0.483974 -0.026827
v -0.224753 -0.456608 -0.022466
v 0.156511 -0.443502 -0.035115
v -0.388154 0.032911 0.019748
v -0.038435 0.117520 -0.002573
v -0.501462 0.235061 -0.004012
v -0.281522 0.291546 -0.023935
v -0.036125 0.572092 -0.022613
v -0.031974 0.630756 -0.025744
v 0.435004 -0.884376 -0.004825
v 0.404114 -0.788315 -0.023020
v 0.295293 -0.588440 -0.032920
v 0.177184 -0.430085 -0.032453
v 0.208384 -0.445173 -0.022588
v -0.196130 -0.121914 -0.029691
v -0.261754 -0.131854 -0.017037
v -0.220079 -0.084319 -0.002986
v -0.417595 0.245870 -0.010486
v -0.234452 0.315671 -0.029689
v -0.181178 0.328099 -0.018990
v 0.124355 0.560866 -0.030059
v -0.017776 0.581309 -0.031715
v -0.368752 0.992749 0.099171
v 0.426200 -0.810002 -0.019850
v 0.695014 -0.634153 -0.008797
v 0.239318 -0.561464 -0.024860
v 0.102670 -0.485829 -0.036770
v -0.369325 -0.491288 -0.019931
v 0.139985 -0.457142 -0.026623
v -0.267574 0.128905 0.016533
v -0.352900 0.207053 -0.018235
v -0.303149 0.280701 -0.020036
v -0.345960 0.257884 -0.007687
v -0.028316 0.469449 -0.009400
v 0.709476 -0.831081 0.011113
v 0.346154 -0.700467 -0.008871
v 0.166643 -0.551181 -0.019848
v 0.482572 -0.522713 -0.001629
v 0.335825 -0.524782 -0.016073
v 0.033875 -0.456689 -0.025535
v 0.062761 -0.495344 -0.025662
v 0.386654 -0.495769 -0.005296
v 0.056294 -0.453365 -0.021642
v -0.179264 -0.466975 -0.021337
v -0.281965 0.029984 0.029227
v 0.005808 0.066421 -0.021730
v -0.236567 0.155039 0.045422
v -0.591008 0.207037 0.006590
v -0.229227 0.269114 -0.019576
v -0.139560 0.298800 -0.008771
v -0.015966 0.441657 -0.010867
v -0.654640 0.761503 0.045397
v 0.519098 -0.895778 -0.000131
v 0.548365 -0.882836 0.000628
v 0.362168 -0.760310 -0.006211
v 0.333798 -0.718913 -0.016990
v 0.283807 -0.592892 -0.017687
v -0.411258 -0.564184 0.021470
v -0.405988 -0.532676 0.014127
v 0.323073 -0.556935 -0.005024
v 0.037632 -0.477686 -0.023456
v -0.359342 -0.481068 0.001786
v -0.276322 -0.445036 -0.000239
v -0.163172 -0.223478 -0.012578
v -0.124314 -0.187721 -0.017433
v -0.103901 -0.105276 -0.015786
v -0.010783 0.074639 -0.021210
v -0.377728 0.205729 0.004713
v -0.198633 0.261468 -0.020162
v -0.196264 0.270459 -0.013785
v -0.156520 0.280152 -0.012931
v -0.042514 0.475334 -0.008193
v 0.446283 -0.827230 -0.004396
v 0.342163 -0.642720 -0.016428
v 0.547441 -0.574582 0.009408
v 0.094283 -0.450720 -0.002133
v 0.207505 -0.424330 0.009106
v -0.227709 -0.183592 -0.013856
v -0.827991 -0.151528 -0.018401
v -0.813295 -0.136724 -0.017776
v -0.783150 -0.145494 -0.009105
v -0.279892 0.076641 0.038825
v -0.074383 0.132712 0.047419
v -0.017898 0.213596 0.007056
v -0.372488 0.238497 0.005278
v -0.707271 0.328086 0.072220
v -0.006630 0.644724 0.005192
v 0.417115 -0.846946 0.005242
v 0.738240 -0.786913 0.016549
v 0.638480 -0.640443 0.007217
v -0.331993 -0.606595 0.008833
v 0.252130 -0.603602 -0.008070
v 0.223745 -0.482153 -0.006868
v 0.015323 -0.457625 0.016482
v 0.131049 -0.463332 -0.003888
v -0.241900 -0.456556 -0.000632
v 0.112243 -0.428437 0.002754
v 0.161513 -0.410629 0.001180
v -0.012927 -0.005094 -0.004875
v -0.058977 0.242914 0.016086
v 0.011457 0.401019 0.009920
v 0.355164 -0.666563 0.000128
v 0.585147 -0.636232 0.007927
v 0.216926 -0.453363 0.017587
v -0.370605 -0.450822 0.046423
v 0.081505 -0.452090 -0.000193
v -0.197784 -0.249710 0.014872
v -0.107423 -0.214862 -0.001450
v -0.181416 -0.094912 0.018655
v 0.016044 0.063787 0.013482
v -0.170333 0.266901 -0.000581
v -0.675826 0.475734 0.010586
v 0.603967 -0.662177 0.031209
v 0.452295 -0.509591 -0.003726
v -0.234397 -0.448471 0.044239
v -0.266707 -0.444550 0.043913
v -0.342413 -0.440763 0.049678
v 0.106416 -0.401140 0.016528
v -0.087782 -0.181366 0.001694
v -0.308513 -0.106812 0.044772
v -0.323998 -0.065440 0.029850
v -0.031601 0.004384 0.019073
v 0.011316 0.011236 0.020248
v -0.361589 0.182090 0.012622
v -0.154170 0.268139 0.008731
v -0.126641 0.276891 0.005711
v -0.068921 0.352917 0.025870
v -0.597902 0.899451 0.051980
v 0.107769 -0.536992 0.010824
v 0.357824 -0.521908 0.007495
v 0.289175 -0.510752 0.028674
v 0.027323 -0.435799 0.036209
v -0.131624 -0.079580 0.031779
v -0.048697 -0.049741 -0.004995
v -0.127601 0.318520 0.022543
v 0.067236 0.405366 0.016473
v 0.021842 0.634639 0.030859
v 0.383034 -0.687653 0.016232
v -0.418806 -0.460395 0.042571
v 0.051004 -0.504411 0.016138
v 0.069260 -0.434528 0.009527
v -0.143219 -0.247988 0.014152
v -0.230401 -0.216698 0.017339
v -0.817218 -0.149900 0.027630
v -0.795215 -0.138526 0.022932
v -0.367687 -0.026183 0.023065
v 0.010105 0.151452 0.001494
v -0.191126 0.171364 0.050840
v -0.132496 0.263768 0.012470
v 0.115064 0.529636 0.127498
v 0.387506 -0.752837 0.007615
v 0.648456 -0.628402 0.043624
v -0.202723 -0.507029 0.012551
v -0.763688 -0.105639 0.014141
v -0.050328 -0.097967 0.014315
v -0.022101 -0.007176 -0.004007
v -0.011970 -0.018651 0.017415
v 0.049188 0.607088 0.034917
v -0.665224 0.644677 0.056402
v -0.533928 0.957292 0.069499
v 0.404509 -0.865011 0.050396
v 0.578477 -0.668944 0.030685
v -0.397868 -0.601158 0.055711
v 0.340756 -0.561834 0.006956
v 0.419856 -0.540926 0.001931
v -0.370667 -0.471872 0.021050
v 0.096755 -0.468374 0.001218
v -0.266653 -0.460167 0.021948
v 0.164711 -0.403274 0.031859
v 0.111249 -0.390524 0.036351
v -0.799150 -0.142013 0.019859
v -0.770386 -0.155474 0.008327
v -0.812616 -0.114901 0.046883
v -0.385026 0.219055 0.029073
v -0.482890 0.219875 0.022133
v 0.014609 0.648144 0.052198
v -0.240347 0.940842 0.101543
v 0.592230 -0.923815 0.071709
v 0.436218 -0.820043 0.039541
v 0.723566 -0.666381 0.045105
v 0.221348 -0.596826 0.016976
v 0.368227 -0.576074 0.008548
v 0.033494 -0.486500 0.050295
v 0.078396 -0.470440 0.015691
v 0.101442 -0.477181 0.024917
v 0.130627 -0.476629 0.000067
v 0.231582 -0.460304 0.033414
v 0.107004 -0.460247 0.031573
v 0.098477 -0.412946 0.032393
v -0.829556 -0.133710 0.040220
v -0.090215 -0.052810 0.037425
v -0.374579 0.170960 0.051832
v -0.106563 0.258156 0.031786
v -0.089671 0.291998 0.032904
v 0.440717 -0.798057 0.028831
v 0.134896 -0.553510 0.034699
v 0.079868 -0.457281 0.026866
v -0.208794 -0.278298 0.062114
v -0.228720 -0.250089 0.020943
v -0.264652 -0.220027 0.074275
v -0.727890 -0.138049 0.078191
v -0.251220 0.010077 0.062982
v -0.410935 0.094731 0.099572
v -0.105932 0.148430 0.071300
v 0.663673 -0.885623 0.050662
v 0.405264 -0.720721 0.032623
v 0.536476 -0.611863 0.059043
v 0.452412 -0.577926 0.038969
v -0.431296 -0.475426 0.043970
v -0.069013 -0.207354 0.049123
v -0.206461 -0.071076 0.029195
v -0.035457 -0.104334 0.065388
v -0.392091 0.201674 0.060460
v 0.009166 0.366055 0.050019
v 0.074371 0.567435 0.178170
v -0.622274 0.859708 0.106995
v 0.571721 -0.946738 0.091579
v 0.621378 -0.632317 0.059022
v 0.407691 -0.596915 0.028540
v 0.508688 -0.578702 0.048735
v -0.305854 -0.555567 0.140725
v -0.270869 -0.436200 0.084295
v 0.066456 -0.439122 0.038720
v 0.120214 -0.432017 0.030339
v -0.793128 -0.124813 0.056746
v -0.069270 0.093500 0.071055
v -0.090917 0.267687 0.039151
v 0.068134 0.381692 0.094035
v -0.677227 0.492971 0.100517
v -0.430805 0.990938 0.092615
v 0.415742 -0.771493 0.066484
v 0.346913 -0.671687 0.056977
v -0.426599 -0.508373 0.035334
v -0.403562 -0.461882 0.060603
v 0.080328 -0.447778 0.042703
v -0.320011 -0.444364 0.058600
v 0.155220 -0.382567 0.051976
v -0.082364 -0.257387 0.089644
v -0.809090 -0.149178 0.037465
v -0.064627 0.005799 0.064459
v 0.005604 0.096922 0.068023
v -0.027542 0.211838 0.084053
v 0.107158 0.415198 0.090317
v 0.416330 -0.837106 0.049651
v 0.383396 -0.562049 0.051855
v -0.439079 -0.545518 0.055534
v 0.075016 -0.517715 0.054676
v -0.454979 -0.538417 0.048263
v -0.448192 -0.486156 0.036102
v -0.294332 -0.460836 0.052063
v 0.205413 -0.428784 0.038556
v 0.082897 -0.393229 0.029930
v 0.048184 -0.399094 0.046380
v 0.058513 -0.359561 0.033434
v 0.105629 -0.366635 0.036868
v -0.254604 -0.238873 0.060710
v -0.011482 -0.021139 0.069515
v -0.499325 0.202336 0.067979
v -0.338957 0.984391 0.109271
v 0.445732 -0.686437 0.049112
v 0.408341 -0.686766 0.030323
v -0.323922 -0.593603 0.110805
v 0.065273 -0.408756 0.044291
v -0.752887 -0.203469 0.069195
v -0.272022 0.038178 0.054223
v 0.002001 0.024202 0.083735
v -0.057518 0.039813 0.064601
v -0.255791 0.108709 0.071925
v -0.000711 0.158689 0.078557
v -0.662607 0.237353 0.082109
v -0.292878 0.966693 0.123193
v 0.542884 -0.949677 0.090726
v 0.488753 -0.942636 0.093943
v 0.425521 -0.674682 0.045755
v -0.353823 -0.610855 0.084879
v 0.288429 -0.479769 0.070727
v -0.438768 -0.450037 0.065180
v 0.132241 -0.381335 0.056848
v 0.128395 -0.365091 0.053264
v 0.002132 -0.304968 0.044620
v 0.073788 -0.309648 0.049510
v 0.026352 -0.272981 0.046105
v -0.230112 -0.255447 0.052663
v -0.295041 -0.162227 0.083193
v -0.745943 -0.094022 0.075711
v -0.116236 -0.022508 0.076659
v -0.386071 0.185115 0.060272
v -0.585724 0.202462 0.142974
v -0.089491 0.251326 0.054713
v -0.084243 0.302458 0.086126
v 0.437639 -0.783841 0.064584
v -0.125507 -0.276961 0.095205
v -0.166408 -0.012648 0.088796
v -0.092856 0.307399 0.067765
v -0.057870 0.759883 0.070860
v 0.385921 -0.810554 0.085828
v 0.432527 -0.802915 0.079755
v 0.754682 -0.716627 0.074955
v 0.433194 -0.655138 0.054714
v 0.429255 -0.614697 0.045972
v -0.464205 -0.576579 0.101563
v 0.059184 -0.440367 0.057063
v 0.052078 -0.423426 0.068115
v 0.116919 -0.341741 0.067314
v -0.000355 -0.266494 0.055792
v -0.253235 -0.288661 0.052723
v -0.273343 -0.261402 0.057888
v -0.726471 -0.175163 0.061926
v -0.814996 -0.139160 0.071359
v -0.053578 -0.177779 0.070123
v -0.212198 0.001267 0.086039
v 0.401421 -0.817570 0.062588
v 0.444532 -0.697798 0.068646
v 0.429607 -0.673543 0.083801
v 0.623664 -0.630538 0.106651
v -0.459580 -0.461557 0.062537
v 0.046655 -0.262533 0.070952
v -0.063997 -0.244892 0.066543
v -0.046437 -0.209439 0.070658
v -0.801890 -0.148814 0.067907
v -0.059882 0.260055 0.086727
v -0.672717 0.650112 0.198618
v 0.405490 -0.687224 0.120659
v 0.584072 -0.653689 0.094638
v 0.550870 -0.668364 0.058211
v -0.492666 -0.513489 0.095846
v -0.486292 -0.482583 0.086637
v -0.298038 -0.457738 0.072041
v 0.033500 -0.399350 0.076998
v -0.010784 -0.319944 0.073716
v -0.300464 -0.328671 0.066983
v -0.313605 -0.301142 0.067998
v -0.275751 -0.324515 0.061363
v 0.051020 -0.262979 0.077580
v -0.014268 -0.245910 0.050152
v 0.005662 -0.223860 0.064815
v -0.724572 -0.212319 0.077951
v -0.076475 0.242113 0.084768
v 0.119546 0.436305 0.125231
v 0.509737 -0.678416 0.060853
v 0.762265 -0.712939 0.123780
v 0.549892 -0.674968 0.079544
v 0.492103 -0.642859 0.067515
v 0.265592 -0.623341 0.090116
v 0.401696 -0.564638 0.088354
v -0.328820 -0.479439 0.198994
v -0.306504 -0.459852 0.068154
v -0.289742 -0.298508 0.074378
v -0.238537 -0.315792 0.064251
v -0.258269 -0.318681 0.071546
v -0.035188 -0.301054 0.090738
v -0.038594 -0.282923 0.087576
v 0.026111 -0.249756 0.079660
v -0.068723 0.284442 0.079319
v 0.654423 -0.954472 0.144503
v 0.753756 -0.847626 0.107750
v 0.446574 -0.720584 0.078420
v 0.446681 -0.651813 0.109857
v 0.090218 -0.513731 0.099448
v 0.202300 -0.407706 0.081161
v 0.242365 -0.436018 0.079296
v 0.130948 -0.372947 0.080489
v 0.131965 -0.384898 0.090656
v -0.325425 -0.404792 0.104812
v -0.258734 -0.335996 0.077040
v -0.305659 -0.250066 0.079029
v -0.276433 -0.220618 0.096682
v -0.823050 -0.115067 0.100796
v -0.808076 -0.101868 0.091555
v -0.199753 0.129654 0.105141
v -0.118575 0.832225 0.136076
v -0.554060 0.943017 0.117950
v -0.495773 0.970033 0.134105
v 0.380871 -0.775873 0.092392
v 0.438302 -0.776587 0.094408
v 0.493400 -0.701270 0.089701
v 0.434509 -0.603284 0.104372
v -0.463544 -0.548506 0.090925
v 0.052613 -0.484339 0.082671
v 0.033645 -0.443781 0.105591
v 0.056876 -0.417634 0.098385
v -0.711725 -0.199041 0.081869
v -0.011394 -0.017539 0.141947
v 0.226646 0.143147 0.057049
v 0.228843 0.111116 0.071329
v 0.216269 0.116214 0.075310
v -0.145011 0.139965 0.099054
v -0.683630 0.296957 0.149874
v -0.189504 0.898247 0.158644
v -0.411468 -0.440732 0.097538
v 0.225393 -0.391174 0.095462
v 0.163469 -0.382234 0.085600
v -0.369251 -0.410636 0.120732
v -0.008225 -0.199048 0.085684
v -0.790959 -0.190735 0.081719
v -0.706732 -0.145559 0.095620
v -0.792298 -0.110017 0.090993
v -0.128206 0.038919 0.105507
v -0.413129 0.050305 0.091638
v -0.209374 0.083638 0.113312
v 0.116481 0.497966 0.158276
v 0.494717 -0.940390 0.138539
v 0.596963 -0.628644 0.115933
v -0.436887 -0.427740 0.109114
v 0.265007 -0.421858 0.099774
v -0.352390 -0.354061 0.103980
v -0.306268 -0.280626 0.092586
v -0.753421 -0.213179 0.093473
v -0.816455 -0.134509 0.092861
v -0.316239 -0.117860 0.089054
v -0.414649 -0.008691 0.123627
v 0.001759 0.122107 0.123784
v 0.215045 0.159552 0.088912
v -0.390113 0.193012 0.098114
v -0.007792 0.340541 0.091497
v -0.448253 -0.599399 0.125303
v 0.164808 -0.560809 0.107591
v -0.491913 -0.501532 0.103000
v -0.475722 -0.469385 0.103118
v -0.322493 -0.459816 0.092018
v -0.308659 -0.429419 0.124742
v 0.012202 -0.357131 0.095835
v -0.241707 -0.315953 0.115570
v 0.012230 -0.216055 0.095760
v -0.042182 -0.197691 0.095073
v -0.753712 -0.092687 0.097143
v 0.400418 -0.694947 0.123503
v 0.435010 -0.734333 0.110472
v -0.320249 -0.457617 0.101402
v -0.481906 -0.458596 0.110741
v 0.114299 -0.348970 0.099433
v -0.813119 -0.150469 0.112159
v -0.418248 0.020386 0.101199
v -0.454284 0.029909 0.083795
v 0.328322 0.086650 0.095903
v -0.400793 0.128895 0.113209
v 0.189326 0.187591 0.089978
v 0.249473 0.177268 0.107401
v 0.345106 -0.664840 0.121291
v -0.257731 -0.350539 0.113807
v 0.087717 -0.315368 0.100590
v -0.217013 -0.282003 0.133282
v -0.326343 -0.288105 0.100067
v -0.295457 -0.257262 0.119859
v -0.726989 -0.123541 0.113998
v 0.622835 -0.132679 0.104604
v 0.598699 -0.085213 0.095591
v 0.630228 -0.098059 0.088043
v 0.627985 -0.070639 0.100136
v 0.680330 -0.106244 0.101017
v -0.032853 -0.069538 0.136924
v 0.340338 0.044213 0.115682
v 0.368908 0.106747 0.122007
v 0.174411 0.216456 0.127182
v 0.216804 0.215839 0.100555
v -0.072708 0.239194 0.107261
v -0.075372 0.291845 0.121339
v 0.779532 -0.751198 0.129868
v -0.329128 -0.515247 0.196076
v 0.074586 -0.486635 0.119937
v 0.267970 -0.451271 0.112901
v 0.182027 -0.399388 0.106035
v 0.107286 -0.367101 0.117972
v -0.725904 -0.146266 0.108679
v 0.695421 -0.146657 0.104827
v 0.638544 -0.053561 0.095721
v 0.700377 -0.090870 0.098274
v -0.048895 -0.111267 0.182975
v -0.354002 -0.126212 0.142671
v -0.165376 0.105814 0.123469
v 0.211577 0.112318 0.089657
v 0.313267 0.153232 0.117525
v -0.612402 0.214886 0.153538
v -0.687167 0.410097 0.166900
v -0.473310 -0.533893 0.109492
v -0.307699 -0.439509 0.154805
v -0.391747 -0.434746 0.132595
v -0.309072 -0.421794 0.130102
v -0.247692 -0.331821 0.128065
v 0.017034 -0.254888 0.110425
v 0.015602 -0.239506 0.114678
v 0.667368 -0.160885 0.118924
v 0.721430 -0.144357 0.118370
v 0.745686 -0.104054 0.113163
v -0.183802 0.052521 0.115874
v -0.432356 0.009180 0.118895
v -0.472494 0.032885 0.093174
v -0.423408 0.095379 0.108408
v 0.162665 0.159092 0.124247
v -0.583608 0.909554 0.152789
v 0.756853 -0.912487 0.157160
v 0.485825 -0.700719 0.130488
v 0.230587 -0.594317 0.119671
v 0.303521 -0.640877 0.123786
v -0.487186 -0.554386 0.128134
v 0.062209 -0.467882 0.104797
v -0.357967 -0.438688 0.124182
v 0.045843 -0.421368 0.133099
v -0.329639 -0.435221 0.129096
v 0.064898 -0.407907 0.113187
v 0.133469 -0.402967 0.106480
v -0.376253 -0.380180 0.135781
v 0.038600 -0.268865 0.116053
v -0.062557 -0.256127 0.114877
v -0.052705 -0.186617 0.138484
v -0.760716 -0.072980 0.131792
v 0.594466 -0.050420 0.119696
v 0.682844 -0.058419 0.120921
v 0.303504 0.035410 0.136658
v 0.000472 0.037475 0.145855
v -0.429268 0.180882 0.127728
v -0.497728 0.190127 0.147405
v -0.047390 0.255339 0.129459
v 0.100578 0.447034 0.209781
v -0.677547 0.513383 0.185502
v -0.436214 -0.609391 0.186322
v 0.441058 -0.605847 0.128385
v -0.334478 -0.461342 0.119084
v 0.038681 -0.367350 0.120029
v -0.315623 -0.282908 0.134738
v -0.281593 -0.233994 0.123742
v -0.003477 -0.214376 0.118409
v -0.706278 -0.133141 0.123604
v 0.572877 -0.115062 0.132060
v 0.620633 -0.027004 0.116157
v -0.376387 0.168514 0.139772
v 0.162079 0.207465 0.134011
v 0.285068 0.184759 0.130676
v -0.037093 0.205818 0.138052
v -0.075555 0.231282 0.141214
v 0.555602 -0.985040 0.158289
v 0.614793 -0.989848 0.179937
v 0.471834 -0.889664 0.167924
v 0.435762 -0.697426 0.120721
v 0.432227 -0.668867 0.128186
v 0.654595 -0.673789 0.194304
v 0.548237 -0.657678 0.124056
v -0.478190 -0.522465 0.123416
v -0.493550 -0.451882 0.140967
v 0.060833 -0.313649 0.125668
v -0.015249 -0.302659 0.119315
v -0.020218 -0.277296 0.117024
v -0.053717 -0.217132 0.124163
v 0.761073 -0.150329 0.135184
v -0.774346 -0.062499 0.135508
v -0.492741 0.010542 0.137849
v 0.275015 0.033527 0.137429
v -0.481966 0.139554 0.139362
v -0.389177 0.188209 0.136712
v -0.001227 0.326499 0.172458
v 0.435256 -0.639806 0.140530
v 0.072529 -0.418862 0.127810
v 0.232819 -0.409999 0.141391
v 0.162876 -0.418711 0.127035
v 0.098328 -0.398673 0.118861
v -0.314431 -0.184339 0.176210
v 0.746252 -0.200174 0.157756
v -0.729437 -0.069953 0.144999
v -0.515621 0.017440 0.151965
v -0.522870 0.063384 0.135872
v 0.412861 0.027363 0.130069
v 0.431886 0.043960 0.135671
v 0.202586 0.088854 0.131649
v -0.007348 0.146609 0.147631
v -0.418101 0.976448 0.211587
v 0.406678 -0.742696 0.141551
v 0.396338 -0.555599 0.134728
v 0.039357 -0.443489 0.145443
v 0.100857 -0.417970 0.135034
v -0.004026 -0.271755 0.119796
v -0.137328 -0.278088 0.156232
v -0.811107 -0.128250 0.143151
v 0.763938 -0.116748 0.128584
v -0.705435 -0.110370 0.130674
v -0.801960 -0.077791 0.143604
v 0.575395 -0.059757 0.154020
v -0.440154 0.154141 0.144866
v -0.419551 0.132901 0.133594
v -0.646368 0.787510 0.174031
v 0.415237 -0.679826 0.131497
v 0.493010 -0.647464 0.128163
v 0.554055 -0.618953 0.143725
v -0.346643 -0.456862 0.140428
v -0.469099 -0.446766 0.156677
v 0.266736 -0.436575 0.146988
v 0.075365 -0.386388 0.126342
v 0.189937 -0.400301 0.147859
v -0.375950 -0.388350 0.171103
v -0.010265 -0.247546 0.131863
v -0.273525 -0.253307 0.138505
v 0.669397 -0.054864 0.146482
v 0.231094 0.041441 0.157295
v -0.399660 0.151374 0.137877
v -0.469749 0.181738 0.142725
v 0.231970 0.218955 0.136804
v 0.708622 -0.935324 0.144833
v -0.518262 -0.502018 0.155058
v 0.004897 -0.297781 0.131825
v 0.021054 -0.290259 0.133268
v -0.677316 -0.137631 0.167090
v 0.690249 -0.073327 0.144050
v -0.394541 -0.098237 0.193565
v 0.410120 -0.013713 0.150032
v -0.534655 0.044905 0.151251
v -0.654892 0.259628 0.173279
v -0.073789 0.281969 0.155715
v 0.107099 0.414502 0.142585
v 0.790488 -0.769143 0.178708
v 0.389055 -0.667817 0.151014
v 0.263076 -0.458979 0.146013
v -0.383926 -0.395720 0.152948
v -0.794857 -0.160758 0.200610
v 0.578710 -0.130465 0.161911
v -0.691413 -0.121911 0.142733
v -0.667395 -0.095252 0.131470
v -0.678242 -0.068934 0.136188
v -0.528885 0.105260 0.147314
v 0.382010 0.121115 0.144837
v 0.343924 0.166838 0.161274
v 0.223300 0.196593 0.143062
v 0.190047 0.194971 0.123598
v 0.213129 0.170692 0.135518
v -0.044025 0.716560 0.240003
v 0.578369 -0.620768 0.151023
v 0.144152 -0.525844 0.144972
v 0.154672 -0.406858 0.148511
v 0.076660 -0.402988 0.151528
v -0.261425 -0.303695 0.146756
v -0.282381 -0.252674 0.167165
v -0.071049 -0.232073 0.156395
v -0.816279 -0.090985 0.149859
v 0.555805 -0.107137 0.162099
v -0.661417 -0.084429 0.140113
v -0.637312 -0.033632 0.141531
v -0.597356 -0.033840 0.140031
v 0.588543 -0.038696 0.163497
v -0.610102 -0.007729 0.148344
v -0.559576 0.023678 0.139022
v -0.544616 -0.004737 0.141808
v -0.438746 0.001304 0.176357
v 0.481187 -0.044025 0.159753
v 0.326268 -0.001013 0.170757
v 0.280719 0.005948 0.134318
v -0.484829 0.162812 0.135086
v 0.194785 0.142311 0.127417
v 0.159559 0.145585 0.150042
v -0.397587 0.179133 0.175852
v 0.311201 -0.633556 0.148577
v -0.501676 -0.591381 0.184075
v -0.405484 -0.428602 0.168968
v -0.318547 -0.430370 0.161487
v -0.256975 -0.267965 0.145881
v -0.288514 -0.292702 0.157624
v 0.718259 -0.198094 0.157553
v -0.688979 -0.056646 0.151250
v -0.006874 0.079786 0.190776
v -0.537591 0.142887 0.160095
v -0.538142 0.153648 0.148492
v -0.508757 0.183189 0.149094
v 0.017709 0.621997 0.234181
v 0.493664 -0.651276 0.156134
v -0.404848 -0.601480 0.202449
v 0.388033 -0.568080 0.160212
v 0.221124 -0.401988 0.163911
v -0.654055 -0.092548 0.159271
v -0.744218 -0.044248 0.169237
v 0.488933 0.036134 0.165145
v 0.200438 0.086625 0.150073
v 0.239114 0.119414 0.161758
v -0.389989 0.164096 0.169524
v -0.569890 0.173376 0.166734
v -0.445145 0.175039 0.150963
v 0.253438 0.188255 0.170729
v -0.598583 0.869828 0.240725
v -0.377478 -0.583430 0.210875
v 0.041450 -0.430794 0.157990
v -0.209703 -0.273943 0.178108
v 0.778683 -0.133153 0.164384
v -0.808934 -0.126614 0.190323
v 0.501149 0.002998 0.160125
v -0.503241 0.007196 0.169877
v -0.558632 0.053724 0.170129
v 0.250325 0.015833 0.160342
v 0.212421 0.104763 0.146605
v -0.412656 0.157264 0.170616
v 0.389533 0.122437 0.157296
v 0.168488 0.159893 0.153305
v -0.061953 0.249474 0.167712
v 0.476111 -0.713997 0.187253
v 0.410292 -0.615348 0.161650
v 0.281927 -0.595673 0.167240
v -0.502904 -0.477179 0.172882
v -0.434444 -0.442710 0.185390
v 0.715651 -0.343948 0.165532
v 0.725997 -0.262187 0.161829
v 0.761625 -0.267501 0.160227
v 0.764306 -0.174524 0.163739
v 0.669083 -0.174400 0.180227
v -0.667814 -0.110207 0.180252
v 0.710276 -0.076927 0.177790
v -0.806983 -0.063415 0.170690
v -0.578128 -0.038569 0.168728
v 0.613426 -0.001983 0.209385
v 0.549899 -0.065699 0.179082
v 0.204214 0.096017 0.164623
v -0.523786 0.196238 0.182349
v -0.092625 0.228339 0.184136
v 0.749846 -0.992121 0.222742
v 0.703647 -0.722830 0.224043
v -0.526869 -0.565842 0.190654
v 0.247206 -0.433821 0.167984
v 0.245454 -0.459415 0.160854
v -0.318736 -0.402687 0.178009
v 0.755729 -0.329587 0.176578
v -0.324379 -0.334882 0.168703
v 0.766575 -0.225074 0.159779
v -0.293061 -0.219699 0.179362
v 0.752935 -0.201017 0.171283
v 0.766974 -0.147203 0.185053
v 0.654529 -0.034824 0.194664
v 0.391266 -0.022279 0.186587
v -0.596348 0.021387 0.175084
v 0.265705 0.166585 0.175007
v 0.290265 0.194088 0.191138
v 0.363454 -0.642774 0.164412
v 0.080483 -0.417745 0.170330
v 0.685761 -0.315516 0.175255
v -0.066137 -0.175783 0.204663
v 0.696880 -0.052779 0.176149
v -0.632167 -0.017109 0.165061
v 0.464862 0.074423 0.183543
v 0.429987 0.096821 0.172634
v 0.217495 0.097180 0.157107
v -0.568704 0.144043 0.177013
v -0.604309 0.152628 0.185353
v 0.334733 0.180708 0.199533
v -0.278756 0.935460 0.262570
v -0.362538 0.967398 0.242217
v 0.182816 -0.533436 0.162221
v 0.162900 -0.413848 0.172700
v 0.682070 -0.338141 0.178669
v -0.679421 -0.166571 0.199269
v -0.690136 -0.058875 0.180756
v 0.557353 -0.044401 0.184008
v 0.265492 0.002702 0.180774
v -0.574229 0.090894 0.199554
v 0.430601 0.105221 0.180176
v -0.526247 0.187745 0.183619
v 0.025164 0.347153 0.238037
v 0.548463 -0.958364 0.199889
v 0.491077 -0.869748 0.203454
v 0.576418 -0.651301 0.189543
v -0.523145 -0.541618 0.184371
v 0.351141 -0.566056 0.172496
v -0.510507 -0.526956 0.183229
v 0.206003 -0.436518 0.170636
v 0.694661 -0.299660 0.192713
v -0.097335 -0.237414 0.196838
v 0.709567 -0.203686 0.190194
v -0.661149 -0.129504 0.189384
v -0.817646 -0.091464 0.197960
v -0.659425 -0.085170 0.178664
v -0.781038 -0.063850 0.200619
v 0.238085 0.035119 0.195113
v 0.220053 0.068833 0.178958
v 0.190409 0.120424 0.190924
v -0.081083 0.275133 0.181207
v 0.086571 0.502687 0.252737
v -0.324371 0.957501 0.242872
v 0.193050 -0.507729 0.176304
v -0.480321 -0.488776 0.171958
v 0.214155 -0.471989 0.178137
v -0.352630 -0.381708 0.185577
v 0.641051 -0.352924 0.192695
v 0.621775 -0.325373 0.169215
v 0.634665 -0.297458 0.189184
v 0.715597 -0.263266 0.198953
v -0.246445 -0.245350 0.190387
v 0.263080 0.124616 0.187109
v 0.374208 0.150394 0.203403
v -0.546819 0.927209 0.234041
v -0.469088 0.957045 0.259280
v 0.766594 -0.982649 0.215293
v 0.327939 -0.586818 0.176967
v 0.567117 -0.331490 0.199848
v 0.555579 -0.307949 0.186386
v 0.779634 -0.278705 0.199572
v -0.363857 -0.146963 0.220357
v 0.594950 -0.140813 0.194901
v 0.566725 -0.035009 0.202714
v -0.613432 -0.016388 0.185950
v 0.557634 -0.012451 0.214311
v -0.565730 0.044143 0.191926
v 0.240192 0.061398 0.187652
v 0.189158 0.071044 0.196770
v 0.181074 0.087931 0.192874
v 0.219393 0.131843 0.198394
v -0.026718 0.138340 0.217621
v -0.580013 0.213418 0.215470
v -0.619433 0.251742 0.235304
v -0.094131 0.263055 0.200328
v -0.678394 0.433920 0.215515
v 0.789006 -0.937459 0.213372
v 0.562151 -0.719126 0.233337
v -0.575405 -0.585837 0.286262
v -0.489408 -0.532143 0.196279
v -0.347129 -0.427791 0.191098
v -0.721775 -0.195376 0.187434
v 0.553080 -0.125819 0.215661
v -0.404488 -0.091839 0.244468
v -0.024591 -0.036781 0.203749
v -0.521660 -0.002058 0.196310
v 0.504479 0.044828 0.206639
v -0.586918 0.139377 0.192935
v 0.286212 0.139742 0.201108
v 0.270528 0.174816 0.189672
v 0.632323 -1.000170 0.224026
v 0.799831 -0.859877 0.209745
v -0.355606 -0.553609 0.212847
v -0.448960 -0.489280 0.212493
v -0.387957 -0.437344 0.196202
v 0.535896 -0.090779 0.209814
v -0.596164 -0.024650 0.190455
v -0.738872 -0.035290 0.215373
v -0.700296 -0.046790 0.218539
v -0.418792 -0.020645 0.251749
v 0.289124 -0.009162 0.215112
v -0.057517 0.194757 0.220255
v -0.120544 0.814033 0.259142
v -0.189222 0.881214 0.260870
v -0.469911 -0.518990 0.197393
v 0.699317 -0.348372 0.201576
v 0.741158 -0.345731 0.203433
v 0.775432 -0.234705 0.212647
v -0.758123 -0.162896 0.298888
v 0.764591 -0.187476 0.209578
v -0.664670 -0.099953 0.208193
v 0.762875 -0.091165 0.245396
v 0.722659 -0.067934 0.250342
v -0.678576 -0.066587 0.193084
v 0.505763 -0.080071 0.216576
v 0.693943 -0.051781 0.216727
v 0.590665 -0.016733 0.205174
v 0.437896 0.097307 0.222932
v 0.203991 0.130400 0.209082
v -0.549333 0.179244 0.223899
v -0.103667 0.244309 0.205536
v 0.685540 -0.344083 0.208308
v 0.587543 -0.291961 0.206264
v 0.656546 -0.296690 0.213552
v -0.150645 -0.243392 0.221290
v -0.461275 -0.004461 0.230840
v -0.549023 0.025461 0.210392
v 0.264539 0.037307 0.202124
v 0.242807 0.124360 0.222660
v 0.506489 -0.798935 0.227692
v -0.358299 -0.432515 0.219691
v 0.713303 -0.378085 0.204016
v -0.308056 -0.178940 0.221296
v 0.722348 -0.204628 0.218606
v 0.269157 0.063764 0.208381
v 0.270704 0.131719 0.214938
v -0.074216 0.280754 0.231662
v -0.624918 0.812161 0.277319
v -0.451780 -0.528080 0.206121
v -0.321646 -0.481299 0.222404
v 0.660220 -0.411848 0.216296
v 0.733386 -0.363370 0.214616
v 0.757692 -0.317204 0.218549
v 0.551982 -0.291445 0.227277
v -0.241618 -0.219440 0.216148
v 0.774461 -0.171071 0.250345
v -0.019054 0.024082 0.229206
v -0.607821 0.149198 0.224914
v -0.508462 0.187935 0.205725
v -0.503955 0.195272 0.218116
v 0.049227 0.382112 0.275437
v -0.659431 0.708091 0.268266
v -0.351485 -0.457678 0.231096
v 0.691242 -0.310167 0.218923
v -0.795218 -0.096535 0.216066
v -0.673064 -0.072564 0.225759
v 0.224746 0.079052 0.232170
v -0.564159 0.070879 0.241071
v -0.591072 0.106012 0.246472
v 0.276837 0.122389 0.217358
v 0.363489 0.168105 0.222826
v 0.295986 0.185596 0.217028
v 0.065434 0.543864 0.259608
v 0.784957 -0.801002 0.214162
v -0.460802 -0.548972 0.222678
v -0.355705 -0.548484 0.235058
v -0.417702 -0.454405 0.229819
v 0.706003 -0.394493 0.217483
v 0.712138 -0.313167 0.222542
v -0.667128 -0.138571 0.219265
v 0.774805 -0.117517 0.237251
v -0.368130 -0.139554 0.233792
v 0.545485 -0.115633 0.248594
v 0.311820 0.009935 0.226479
v 0.275841 0.033108 0.217648
v -0.021799 0.090889 0.236119
v 0.131324 0.131478 0.225630
v -0.609651 0.114673 0.234870
v -0.133000 0.244900 0.233210
v -0.659808 0.313115 0.219543
v 0.644071 -0.715360 0.247419
v 0.658395 -0.423020 0.229382
v 0.645998 -0.339194 0.218639
v 0.703142 -0.335249 0.221474
v 0.559385 -0.313175 0.220778
v 0.769490 -0.267259 0.224277
v 0.787474 -0.189848 0.229208
v 0.765359 -0.142599 0.270547
v 0.601490 -0.132592 0.217632
v -0.057888 -0.114146 0.244813
v 0.399724 -0.019593 0.238240
v 0.610967 0.005960 0.247351
v 0.283017 0.018213 0.218637
v 0.185986 0.085711 0.238988
v 0.095492 0.088373 0.244957
v 0.094554 0.113759 0.230591
v -0.129710 0.230915 0.231876
v -0.672250 0.569047 0.299619
v 0.696237 -1.002880 0.242436
v 0.584118 -0.930614 0.254240
v -0.554843 -0.564045 0.281700
v 0.658549 -0.396968 0.237580
v 0.733116 -0.334882 0.226955
v 0.609235 -0.303175 0.223846
v 0.742995 -0.263065 0.225280
v 0.802052 -0.246567 0.246276
v -0.093800 -0.174810 0.240374
v 0.668125 -0.168493 0.246411
v 0.583163 0.000352 0.243608
v 0.297985 0.047845 0.222728
v -0.039749 0.193360 0.246112
v 0.313676 0.166836 0.227788
v 0.778033 -0.955530 0.232158
v 0.745940 -0.986792 0.241802
v 0.618706 -0.978178 0.244002
v 0.555000 -0.869307 0.257584
v -0.438692 -0.486550 0.249270
v -0.393542 -0.451200 0.259940
v 0.698440 -0.398360 0.232138
v 0.668339 -0.320416 0.223896
v -0.306045 -0.173369 0.224178
v -0.768569 -0.054952 0.244805
v 0.691737 -0.045532 0.288645
v -0.514850 -0.003050 0.259754
v 0.260487 0.098207 0.232651
v 0.269598 0.116654 0.247021
v -0.488220 0.180043 0.240496
v -0.555824 -0.607239 0.303353
v -0.490573 -0.558045 0.247097
v -0.273638 -0.182956 0.228424
v 0.729767 -0.195809 0.255069
v -0.694750 -0.163523 0.290044
v 0.649320 -0.150048 0.249853
v 0.576904 -0.157872 0.265828
v -0.665851 -0.101556 0.295531
v 0.559770 -0.016753 0.238761
v 0.002126 0.115426 0.252754
v 0.005405 0.151525 0.253121
v 0.090655 0.136418 0.236577
v 0.079373 0.104099 0.231191
v 0.116801 0.135940 0.272188
v 0.385513 0.123381 0.239235
v -0.389654 0.166108 0.207211
v -0.402819 0.176782 0.236775
v -0.400572 0.153502 0.239251
v -0.498833 -0.609215 0.266355
v 0.770875 -0.271294 0.237640
v 0.752379 -0.249958 0.262768
v -0.162249 -0.214739 0.237560
v -0.729192 -0.172706 0.303254
v -0.706124 -0.169746 0.293915
v -0.053697 -0.059675 0.302120
v 0.300411 0.035875 0.249162
v 0.562678 -0.026405 0.257351
v 0.305092 0.064150 0.257715
v 0.203013 0.119727 0.236291
v -0.382409 0.164666 0.244126
v 0.749853 -0.878030 0.270681
v 0.719775 -0.794351 0.269540
v -0.492968 -0.589555 0.327997
v -0.516107 -0.559828 0.272430
v -0.436982 -0.534391 0.239833
v -0.190468 -0.186107 0.246432
v 0.210320 0.098021 0.241881
v -0.429472 0.171909 0.236777
v -0.091532 0.222966 0.242710
v -0.609914 0.317042 0.323385
v -0.632796 0.797334 0.268533
v 0.796180 -0.308551 0.264570
v -0.282396 -0.185731 0.266353
v 0.530039 -0.070551 0.256391
v 0.718939 -0.041344 0.259496
v -0.413633 -0.007991 0.274438
v 0.481889 0.046048 0.254149
v 0.110234 0.086078 0.274819
v 0.420242 0.095524 0.247899
v -0.578145 0.142910 0.266765
v 0.368475 0.131943 0.260784
v 0.090543 0.156132 0.258751
v 0.300607 0.141115 0.244593
v -0.473943 0.184276 0.257545
v -0.066573 0.212720 0.259910
v -0.543488 0.222284 0.304227
v -0.130917 0.244627 0.254428
v -0.393567 -0.530393 0.255256
v 0.752243 -0.344869 0.276213
v -0.110460 -0.174140 0.265410
v -0.088469 -0.139879 0.279463
v 0.757444 -0.068236 0.311557
v 0.069852 0.080099 0.270874
v 0.004544 0.093865 0.270318
v -0.433876 0.155532 0.266207
v 0.320928 0.151660 0.258177
v 0.695239 -0.991086 0.262003
v -0.454207 -0.558177 0.305748
v -0.467312 -0.546501 0.263863
v -0.186940 -0.186597 0.284952
v 0.537716 -0.089686 0.271270
v -0.756368 -0.063514 0.302980
v -0.452184 -0.010384 0.266371
v 0.328049 0.039319 0.262522
v -0.033756 0.063599 0.271162
v 0.166695 0.118066 0.254079
v -0.524297 0.155315 0.290033
v -0.374694 0.159416 0.272806
v -0.406864 0.173000 0.276652
v -0.006769 0.194022 0.265412
v -0.581073 0.875452 0.288815
v 0.718775 -0.937051 0.281721
v 0.599523 -0.830796 0.280241
v -0.385352 -0.500117 0.265571
v 0.547903 -0.133128 0.279465
v 0.424032 -0.008028 0.263673
v -0.531449 0.041169 0.273688
v 0.368903 0.104106 0.259077
v -0.395863 0.149044 0.265733
v -0.102485 0.223540 0.279305
v -0.045167 0.306936 0.275817
v 0.799529 -0.271999 0.291470
v 0.605471 -0.164073 0.288715
v -0.783225 -0.114225 0.307643
v -0.449860 0.175939 0.248595
v -0.497566 0.158369 0.289836
v -0.069797 0.286606 0.270626
v -0.097774 0.266715 0.281052
v 0.664919 -0.960983 0.274672
v -0.435486 -0.521742 0.265553
v 0.737193 -0.317232 0.279731
v 0.798260 -0.220008 0.270712
v -0.128547 -0.163193 0.270264
v -0.343317 -0.153704 0.307980
v -0.376378 -0.115393 0.317638
v -0.724647 -0.048901 0.285061
v 0.582818 -0.009884 0.277507
v -0.040379 0.014660 0.292202
v 0.450721 0.037468 0.267869
v 0.325126 0.108609 0.262894
v 0.338137 0.120377 0.273428
v -0.408444 0.124120 0.284450
v -0.053674 0.238207 0.279059
v -0.038536 0.315103 0.289250
v 0.654964 -0.799850 0.287514
v -0.418376 -0.517828 0.272271
v 0.747237 -0.220128 0.291143
v 0.788622 -0.165587 0.275527
v -0.672939 -0.133888 0.314084
v 0.723961 -0.063509 0.287993
v -0.485436 -0.559564 0.320932
v 0.675066 -0.152393 0.296172
v -0.773386 -0.136544 0.312885
v 0.541105 -0.107928 0.294675
v 0.766172 -0.097510 0.320826
v 0.549197 -0.040946 0.266443
v -0.403053 -0.059532 0.307865
v 0.466357 -0.001525 0.272709
v 0.686604 -0.023220 0.304023
v -0.486734 -0.008058 0.294569
v 0.333257 0.079257 0.271287
v -0.026403 0.298784 0.283530
v -0.648455 0.788649 0.294704
v -0.471374 0.930473 0.346670
v 0.715887 -0.367668 0.288332
v 0.796060 -0.233621 0.284073
v 0.757658 -0.248041 0.285991
v 0.810716 -0.219133 0.308629
v -0.435711 0.017992 0.288847
v -0.541563 0.079372 0.278794
v 0.102453 0.106570 0.296223
v 0.002193 0.091515 0.306000
v -0.020759 0.062844 0.301279
v 0.108787 0.135585 0.290105
v 0.026929 0.171218 0.283248
v 0.038987 0.404009 0.328688
v -0.004226 0.617855 0.303320
v -0.408996 0.015508 0.301154
v 0.620693 -0.005064 0.304226
v -0.112724 0.240688 0.296409
v -0.649962 0.420717 0.307942
v -0.403988 0.930023 0.371109
v 0.646668 -0.881570 0.294294
v 0.705819 -0.876276 0.293911
v -0.515842 -0.594852 0.352532
v 0.751004 -0.346886 0.295896
v 0.747553 -0.184397 0.303131
v 0.566213 -0.164089 0.296826
v 0.546132 -0.081023 0.302725
v 0.570708 -0.057480 0.296286
v -0.503802 0.024073 0.301098
v -0.041530 0.054165 0.290890
v 0.033625 0.511085 0.340228
v -0.591993 0.845456 0.317868
v -0.508571 0.903701 0.369050
v 0.785788 -0.304587 0.301120
v 0.750749 -0.313549 0.301524
v 0.815502 -0.253268 0.297424
v -0.095817 -0.117572 0.310175
v 0.753855 -0.122974 0.322179
v 0.603365 -0.037809 0.301970
v -0.465848 0.009713 0.315011
v -0.495612 0.117036 0.296988
v -0.390564 0.114846 0.304022
v 0.047335 0.154238 0.309229
v -0.491277 0.201474 0.375513
v -0.461816 0.183543 0.354741
v -0.516141 0.231525 0.387895
v -0.656180 0.493024 0.335851
v -0.636580 0.815565 0.319337
v -0.556834 -0.583333 0.318755
v 0.791661 -0.198127 0.326204
v -0.149827 -0.153169 0.337270
v -0.487685 0.053176 0.312929
v -0.663371 0.644884 0.335060
v -0.080019 0.714973 0.356154
v 0.815551 -0.286115 0.314950
v 0.799164 -0.346924 0.306328
v 0.780753 -0.274976 0.305858
v 0.772343 -0.243781 0.297465
v -0.290431 -0.174119 0.340109
v 0.767501 -0.172005 0.315109
v 0.535688 -0.132173 0.316097
v -0.684183 -0.068836 0.390445
v -0.411437 0.090947 0.303503
v -0.658377 0.617261 0.393771
v -0.158071 0.833242 0.327467
v -0.232112 -0.179328 0.346184
v -0.687968 -0.155005 0.385870
v 0.580089 -0.055283 0.318187
v -0.400349 -0.000871 0.343011
v -0.423695 0.047005 0.304597
v -0.052005 0.047399 0.317580
v 0.012405 0.251392 0.349475
v -0.683900 0.683272 0.379552
v -0.673440 0.728956 0.347156
v -0.542068 0.873375 0.381957
v -0.257866 0.901712 0.332538
v -0.298332 0.906639 0.375681
v 0.751213 -0.386743 0.323750
v 0.786554 -0.267318 0.331681
v 0.573448 -0.196976 0.358021
v -0.066933 -0.028137 0.347530
v -0.404583 0.054542 0.312027
v -0.026209 0.063103 0.340445
v 0.033211 0.104624 0.317770
v -0.357235 0.152481 0.326865
v 0.040265 0.178339 0.338088
v 0.027646 0.421258 0.359969
v -0.203446 0.873965 0.321181
v 0.785043 -0.226050 0.330874
v 0.804376 -0.225583 0.324112
v 0.763764 -0.205452 0.323319
v 0.518736 -0.180123 0.354275
v 0.571582 -0.093262 0.332407
v -0.667780 -0.086397 0.391710
v -0.589835 0.299255 0.340374
v -0.010144 0.351184 0.362916
v -0.663115 0.765051 0.337531
v 0.778282 -0.376738 0.329723
v 0.740045 -0.193506 0.331360
v 0.625050 -0.148938 0.330187
v -0.736335 -0.066798 0.374511
v 0.649136 -0.046808 0.334223
v -0.040144 0.051142 0.338216
v 0.045164 0.135233 0.318729
v -0.022672 0.305587 0.346386
v -0.045222 0.314566 0.317929
v 0.790882 -0.288389 0.325089
v 0.777906 -0.134294 0.346716
v 0.736980 -0.113972 0.349012
v -0.299912 -0.063601 0.317446
v -0.255629 -0.057366 0.307941
v -0.299070 -0.006549 0.327941
v 0.687172 -0.040768 0.349286
v -0.377161 0.079475 0.357236
v -0.130808 0.782637 0.389421
v 0.788851 -0.162993 0.337288
v -0.738912 -0.155728 0.377834
v 0.539028 -0.127502 0.341308
v 0.745121 -0.054889 0.347871
v -0.213296 -0.042445 0.333690
v -0.250462 -0.035789 0.317668
v -0.704679 -0.073758 0.440297
v 0.620410 -0.072087 0.339203
v -0.504810 0.214677 0.376226
v -0.641065 0.824259 0.388323
v 0.542492 -0.199918 0.357911
v 0.715611 -0.147096 0.347808
v 0.660594 -0.116037 0.342268
v -0.104897 -0.094612 0.366399
v -0.367978 -0.080907 0.370917
v -0.250084 -0.089746 0.324555
v -0.203826 -0.071694 0.345102
v -0.071572 0.046532 0.352364
v -0.049434 0.303775 0.332212
v -0.628123 0.393339 0.346016
v -0.651601 0.522395 0.355824
v -0.008966 0.564939 0.354222
v 0.793369 -0.334208 0.337124
v 0.816963 -0.216760 0.350169
v 0.015823 0.099411 0.373918
v 0.012390 0.269734 0.373767
v -0.650863 0.806681 0.363209
v -0.564377 0.856800 0.369209
v -0.256049 0.911350 0.364876
v 0.792746 -0.229286 0.335006
v -0.332111 -0.131772 0.368636
v -0.377937 -0.027957 0.383006
v -0.318921 -0.007801 0.339488
v -0.059538 0.307412 0.346650
v -0.274665 0.012880 0.342911
v 0.029868 0.235586 0.400208
v 0.791014 -0.238888 0.361608
v 0.744140 -0.193170 0.362701
v 0.650090 -0.097990 0.348046
v 0.738823 -0.075684 0.361869
v -0.760798 -0.110372 0.376089
v 0.665057 -0.084237 0.353934
v -0.196684 0.880145 0.363199
v 0.728441 -0.130550 0.362673
v -0.671851 -0.133625 0.415926
v 0.609348 -0.150904 0.354196
v -0.227256 0.013900 0.367577
v 0.004328 0.076355 0.404941
v -0.340321 0.143620 0.355569
v -0.339266 0.150296 0.360097
v -0.070501 0.281103 0.342413
v -0.585741 0.310378 0.368878
v -0.600568 0.450851 0.339436
v -0.621786 0.466363 0.352072
v -0.592933 0.424980 0.341174
v -0.579038 0.423682 0.353476
v -0.713797 0.802504 0.378057
v -0.690380 0.831597 0.379416
v 0.815330 -0.180474 0.383547
v 0.582024 -0.119576 0.372175
v -0.354947 0.154501 0.400049
v 0.033149 0.171963 0.391822
v -0.084802 0.274967 0.357545
v -0.079176 0.264450 0.356486
v -0.582718 0.391302 0.362594
v -0.588249 0.414974 0.341176
v -0.616155 0.500526 0.350129
v -0.070198 0.657535 0.386052
v 0.832440 -0.242995 0.367366
v 0.813367 -0.277070 0.370848
v 0.559960 -0.226752 0.371089
v -0.746445 -0.142266 0.403706
v -0.271599 -0.159369 0.376725
v 0.714378 -0.084463 0.360935
v -0.347369 0.018292 0.400428
v -0.055173 0.315967 0.384485
v -0.612603 0.399346 0.361287
v -0.014194 0.442451 0.407336
v -0.166487 0.848703 0.375289
v 0.579276 -0.212072 0.381921
v 0.530061 -0.183822 0.367347
v 0.528922 -0.156703 0.383839
v -0.079654 -0.000604 0.365013
v -0.066095 0.050623 0.390627
v -0.568373 0.386773 0.364808
v -0.620380 0.523381 0.362995
v -0.271458 0.919021 0.377486
v -0.698001 -0.156167 0.454261
v -0.174721 -0.126948 0.406710
v -0.181245 -0.018954 0.388104
v -0.078967 0.047803 0.361845
v -0.092708 0.057966 0.373916
v -0.107136 0.243033 0.374316
v -0.095621 0.239903 0.373126
v -0.557733 0.288004 0.396587
v -0.579385 0.336399 0.384211
v -0.571608 0.434515 0.396802
v -0.646919 0.542180 0.395653
v -0.682754 0.652873 0.400017
v -0.716544 0.830766 0.391575
v -0.577022 0.850010 0.432595
v 0.809824 -0.317352 0.409610
v 0.785872 -0.238194 0.392515
v 0.833722 -0.222094 0.389321
v 0.539334 -0.220800 0.385904
v 0.574741 -0.154766 0.392351
v 0.779951 -0.160499 0.380350
v -0.208912 -0.148797 0.390245
v -0.362861 0.021933 0.404391
v -0.015987 0.065843 0.414586
v -0.577603 0.359676 0.379497
v -0.046895 0.565132 0.395823
v 0.553977 -0.138713 0.395762
v -0.110609 -0.028947 0.405616
v -0.317951 0.145902 0.372841
v -0.119911 0.217668 0.370925
v -0.557053 0.364080 0.379009
v -0.210069 0.881414 0.397330
v 0.839432 -0.305287 0.401649
v 0.761967 -0.177075 0.387354
v -0.466071 0.185345 0.386438
v -0.486498 0.164882 0.401478
v -0.508589 0.190561 0.388146
v -0.513038 0.247156 0.412049
v -0.046660 0.273164 0.403484
v -0.008466 0.276768 0.413850
v -0.047501 0.334642 0.414680
v 0.782985 -0.215233 0.408996
v -0.145981 -0.078231 0.428381
v -0.315503 0.045249 0.436867
v -0.304044 0.140946 0.385495
v -0.144842 0.147902 0.392733
v -0.142591 0.194966 0.371793
v -0.150989 0.180943 0.365734
v 0.035057 0.193511 0.410888
v -0.137919 0.242774 0.447017
v -0.105704 0.204190 0.400155
v -0.612224 0.520628 0.403203
v -0.122288 0.725892 0.447259
v 0.844896 -0.249787 0.401042
v 0.555325 -0.234053 0.406664
v 0.580297 -0.198250 0.418057
v 0.791484 -0.171582 0.394105
v -0.281264 0.036297 0.425966
v -0.299752 0.151694 0.393538
v -0.148282 0.138860 0.387621
v -0.179287 0.172481 0.377639
v -0.229263 0.927114 0.410330
v -0.468807 0.879628 0.453923
v 0.830848 -0.227168 0.416506
v 0.525523 -0.172005 0.409622
v -0.268768 0.154472 0.391044
v -0.381169 0.164759 0.429205
v -0.233344 0.163123 0.390291
v -0.218193 0.139987 0.405353
v -0.645817 0.579065 0.459108
v 0.834755 -0.348478 0.422066
v 0.573443 -0.223280 0.410835
v -0.136109 0.120787 0.392469
v 0.042426 0.258346 0.424110
v -0.069787 0.303271 0.415070
v -0.115741 0.645979 0.399063
v -0.665008 0.624057 0.414355
v -0.742339 0.806220 0.413775
v -0.271812 0.942492 0.468419
v 0.529623 -0.206450 0.424971
v -0.147124 -0.043908 0.440733
v -0.206237 0.023433 0.423142
v -0.272200 0.096848 0.426101
v -0.058836 0.363192 0.441677
v -0.102296 0.574033 0.395001
v -0.096580 0.535645 0.400821
v -0.620578 0.834283 0.432000
v -0.311593 0.898102 0.401360
v -0.237691 0.958457 0.458367
v 0.807790 -0.206710 0.416591
v -0.099867 0.104719 0.418130
v -0.117651 0.089587 0.392400
v 0.028168 0.145058 0.416179
v -0.087361 0.284739 0.440502
v -0.532181 0.311454 0.415789
v -0.743188 0.741565 0.432246
v 0.846204 -0.296265 0.429841
v -0.224223 0.044485 0.461266
v -0.441802 0.185101 0.411992
v -0.522275 0.227771 0.441066
v -0.094378 0.676356 0.406708
v -0.150233 0.785047 0.457234
v 0.817977 -0.270215 0.431637
v 0.800585 -0.232557 0.416857
v 0.578227 -0.311258 0.448941
v 0.534870 -0.220480 0.416042
v 0.582810 -0.265810 0.428867
v -0.716492 -0.086756 0.484067
v -0.157978 -0.011242 0.451180
v -0.300466 0.037086 0.437884
v -0.087939 0.166884 0.423699
v -0.292203 0.169363 0.450025
v -0.198504 0.209234 0.450268
v 0.039875 0.215920 0.426098
v -0.064135 0.460814 0.433893
v -0.094305 0.487638 0.413278
v -0.652384 0.623843 0.423180
v -0.718822 0.686411 0.441694
v -0.180260 0.842632 0.423162
v 0.560164 -0.170783 0.433454
v -0.713591 -0.155630 0.461602
v -0.670035 -0.112298 0.457988
v -0.058300 0.078023 0.428367
v -0.395888 0.168307 0.430122
v -0.520824 0.844400 0.457567
v -0.688521 -0.080297 0.475074
v -0.007812 0.100609 0.432346
v -0.440296 0.178264 0.444815
v -0.037068 0.228334 0.432169
v -0.493948 0.253964 0.438269
v -0.588128 0.483249 0.471902
v -0.100651 0.478442 0.423043
v -0.115690 0.664910 0.440834
v -0.767965 0.776158 0.458641
v -0.656708 0.848770 0.471737
v -0.182945 0.024857 0.457363
v -0.257673 0.050132 0.460155
v 0.028568 0.241343 0.448174
v -0.040548 0.294348 0.443514
v -0.147147 0.616948 0.489944
v -0.204732 0.963400 0.475467
v 0.581771 -0.228857 0.443560
v -0.727010 -0.122928 0.485295
v -0.669622 -0.097838 0.462263
v -0.477687 0.163499 0.470183
v -0.512392 0.201016 0.449933
v -0.537264 0.367235 0.477198
v -0.080799 0.423594 0.444989
v -0.729557 0.856001 0.486895
v -0.372361 0.874717 0.467366
v 0.562282 -0.194322 0.440039
v -0.050048 0.350375 0.450569
v -0.100487 0.441109 0.436690
v -0.148043 0.491917 0.521707
v -0.639748 0.540066 0.448553
v -0.701772 0.677108 0.444532
v -0.649144 0.655392 0.428124
v -0.178231 0.920752 0.475438
v 0.559647 -0.286493 0.457560
v 0.535533 -0.228353 0.431224
v 0.598620 -0.308692 0.462109
v 0.547133 -0.217105 0.451313
v -0.677017 -0.131766 0.468435
v -0.565483 0.450848 0.502278
v -0.644486 0.689578 0.433815
v -0.226208 0.036283 0.455361
v -0.005207 0.181257 0.443251
v -0.138490 0.640022 0.506764
v -0.779849 0.836389 0.500240
v -0.046908 0.286597 0.464601
v -0.621565 0.634817 0.507088
v -0.630582 0.718697 0.441338
v -0.757091 0.742890 0.466068
v -0.428563 0.846964 0.510874
v 0.558904 -0.267639 0.463982
v -0.577758 -0.070370 0.451173
v -0.631510 -0.114990 0.471534
v -0.395845 0.175447 0.481838
v -0.481849 0.224640 0.472528
v -0.527051 0.349600 0.480412
v -0.109526 0.396171 0.458668
v -0.646809 -0.077355 0.468719
v -0.329498 0.175160 0.491189
v -0.087678 0.366050 0.460538
v -0.730495 0.753123 0.469349
v -0.781614 0.810865 0.486555
v -0.327161 0.882053 0.437110
v 0.584936 -0.322382 0.464146
v 0.571579 -0.246368 0.468973
v -0.571282 -0.091963 0.476020
v -0.268693 0.187800 0.490646
v -0.105420 0.285550 0.465272
v -0.063168 0.346240 0.501464
v -0.148451 0.850908 0.483381
v -0.688001 -0.149579 0.479500
v -0.529140 -0.059524 0.486831
v -0.595095 -0.026368 0.482061
v -0.582017 -0.030710 0.477811
v -0.481309 0.281290 0.475539
v -0.746895 0.741105 0.472818
v -0.151431 0.744889 0.480250
v 0.583493 -0.286033 0.474715
v -0.534644 -0.040737 0.482008
v -0.085710 0.301333 0.497273
v -0.630611 0.550536 0.500466
v -0.599545 0.754964 0.469944
v -0.635351 0.781980 0.489394
v -0.722975 -0.155200 0.504292
v -0.653113 -0.156909 0.481004
v -0.460536 0.202867 0.477553
v -0.106941 0.351467 0.480726
v -0.145484 0.364303 0.495110
v -0.143607 0.426991 0.511130
v -0.712098 0.779146 0.478552
v -0.338912 0.855833 0.480405
v -0.545816 -0.093353 0.487774
v -0.207362 0.236047 0.521290
v -0.477150 0.263046 0.490263
v -0.609183 -0.036018 0.492467
v -0.428350 0.206146 0.517660
v -0.475766 0.840799 0.501970
v -0.318652 0.890352 0.550954
v -0.678668 -0.188937 0.498699
v -0.522619 -0.059108 0.514799
v -0.688982 -0.057843 0.493680
v -0.149714 0.275995 0.509172
v -0.153509 0.677462 0.529635
v -0.766277 0.789306 0.488546
v -0.149808 0.813803 0.504942
v -0.184890 0.771748 0.477482
v -0.184769 0.834442 0.495624
v -0.227478 0.802605 0.480886
v -0.140005 0.832729 0.503176
v -0.459243 0.288233 0.493453
v -0.107786 0.319869 0.492700
v -0.773221 0.825349 0.504914
v -0.211957 0.858793 0.505028
v -0.577876 0.813976 0.518982
v -0.347184 0.831842 0.515843
v -0.572758 -0.128703 0.506303
v -0.543936 -0.003395 0.514398
v -0.268686 0.958385 0.572811
v -0.164241 0.945938 0.522252
v -0.535478 -0.097979 0.508608
v -0.502601 -0.031899 0.516990
v -0.508096 0.362228 0.500540
v -0.529558 0.413275 0.536202
v -0.596854 0.482282 0.537808
v -0.217809 0.737068 0.547460
v -0.761925 0.840392 0.522261
v -0.724510 -0.095027 0.515394
v -0.718665 -0.066800 0.532175
v -0.439109 0.236284 0.536234
v -0.567594 0.440228 0.543501
v -0.723376 -0.124309 0.512712
v -0.509687 -0.073074 0.542524
v -0.697373 -0.047038 0.534434
v -0.577833 0.689946 0.556062
v -0.509435 0.787536 0.537404
v -0.751303 0.856378 0.522366
v -0.703478 0.853021 0.535782
v -0.168687 0.989177 0.572090
v -0.708536 -0.181493 0.528805
v -0.583459 -0.013256 0.519918
v -0.506554 0.008873 0.561774
v -0.611282 0.805341 0.544598
v -0.255517 0.890843 0.533945
v -0.276108 0.814023 0.503960
v -0.550396 -0.112733 0.519969
v -0.505556 -0.038924 0.533171
v -0.157327 0.467455 0.536170
v -0.538913 0.754903 0.543934
v -0.684174 0.834837 0.543553
v -0.641856 0.838137 0.535457
v -0.741082 -0.166956 0.521936
v -0.609608 -0.164533 0.559864
v -0.531747 -0.097752 0.522214
v -0.529016 -0.119878 0.515330
v -0.432857 0.265061 0.541396
v -0.200411 0.350425 0.529235
v -0.146365 0.914616 0.536707
v -0.685573 -0.194347 0.516023
v -0.577219 -0.134251 0.533409
v -0.556103 0.007727 0.552230
v -0.304219 0.834488 0.530188
v -0.203691 0.999812 0.584879
v -0.728303 -0.188315 0.538274
v -0.516360 -0.183574 0.539750
v -0.504818 -0.131802 0.534818
v -0.378816 0.219940 0.561282
v -0.322591 0.220791 0.562729
v -0.190967 0.694811 0.560671
v -0.322866 0.804887 0.536568
v -0.712385 -0.087357 0.547144
v -0.410402 0.243194 0.563495
v -0.420714 0.298308 0.532258
v -0.492344 0.385407 0.537490
v -0.206142 0.324710 0.555049
v -0.594085 0.585641 0.566275
v -0.538823 -0.180355 0.555849
v -0.505901 -0.107733 0.551711
v -0.416545 0.287072 0.547822
v -0.178456 0.430207 0.535448
v -0.486614 0.390940 0.555772
v -0.622913 0.818375 0.550293
v -0.157139 0.933486 0.558738
v -0.156585 0.965761 0.564403
v -0.656120 -0.183991 0.600118
v -0.517742 -0.041561 0.546553
v -0.179291 0.543186 0.567191
v -0.565817 0.794574 0.547685
v -0.455873 0.779849 0.572049
v -0.756727 -0.151500 0.602343
v -0.220672 0.285737 0.566058
v -0.231705 0.344731 0.545380
v -0.587283 0.507763 0.574059
v -0.343553 0.799286 0.550795
v -0.187104 0.989764 0.586370
v -0.584550 -0.153938 0.562376
v -0.408259 0.305204 0.541376
v -0.244925 0.979847 0.580970
v -0.716759 -0.179233 0.555411
v -0.481207 -0.098054 0.569643
v -0.560893 0.450507 0.591135
v -0.481694 -0.112367 0.578355
v -0.457733 -0.130740 0.572505
v -0.480677 -0.078557 0.583408
v -0.189263 0.557451 0.598836
v -0.243068 0.704140 0.592561
v -0.307911 0.871908 0.565329
v -0.512507 -0.193439 0.559474
v -0.695560 -0.195977 0.575943
v -0.750019 -0.113821 0.604011
v -0.367126 0.323124 0.565189
v -0.360586 0.310677 0.579760
v -0.270039 0.338016 0.558280
v -0.528092 0.404211 0.590715
v -0.495492 0.718087 0.606756
v -0.379262 0.738249 0.614202
v -0.726699 -0.171799 0.582066
v -0.588154 -0.160262 0.584394
v -0.517460 -0.026049 0.574754
v -0.530769 0.015340 0.573618
v -0.373140 0.280700 0.589395
v -0.229051 0.476321 0.592234
v -0.303529 0.891425 0.570189
v -0.721189 -0.067502 0.615507
v -0.488356 -0.001735 0.593330
v -0.620846 -0.006861 0.599146
v -0.276670 0.257512 0.577993
v -0.304776 0.311876 0.585434
v -0.442310 0.370488 0.580667
v -0.269857 0.387246 0.578157
v -0.458073 0.365716 0.587291
v -0.196712 0.511246 0.579011
v -0.309942 0.724712 0.608142
v -0.453172 -0.151638 0.592481
v -0.444567 -0.121142 0.569438
v -0.455165 -0.097257 0.573012
v -0.548252 0.011183 0.588476
v -0.515501 0.048544 0.595857
v -0.421884 0.368868 0.582140
v -0.309226 0.335134 0.564139
v -0.199485 0.632476 0.597910
v -0.237202 0.969242 0.588768
v -0.526194 -0.183642 0.591441
v -0.570443 -0.173211 0.586672
v -0.350501 0.246216 0.587376
v -0.287282 0.291297 0.590418
v -0.330635 0.320938 0.577263
v -0.540334 0.672998 0.602656
v -0.438866 -0.151829 0.597740
v -0.522768 -0.013175 0.603215
v -0.480906 0.011108 0.590809
v -0.556267 0.560063 0.615305
v -0.412168 -0.111171 0.611272
v -0.690301 -0.034646 0.619632
v -0.537995 0.003185 0.591693
v -0.305594 0.259244 0.589224
v -0.364756 0.389650 0.584446
v -0.436167 0.354050 0.620198
v -0.199944 0.515710 0.598473
v -0.291135 0.278142 0.588835
v -0.424481 0.376176 0.588147
v -0.386916 0.380944 0.591316
v -0.334174 0.405981 0.591126
v -0.260421 0.453863 0.600129
v -0.540836 0.460890 0.622663
v -0.434168 -0.093116 0.612610
v -0.471197 0.051664 0.593044
v -0.362520 0.319177 0.658986
v -0.327853 0.327552 0.636101
v -0.369716 0.346348 0.606446
v -0.359756 0.385269 0.598522
v -0.301203 0.422268 0.595363
v -0.741062 -0.088242 0.607167
v -0.508016 -0.057768 0.618315
v -0.293479 0.292372 0.598855
v -0.466223 -0.156030 0.608938
v -0.550411 -0.148566 0.628856
v -0.612513 -0.155703 0.616132
v -0.587943 -0.128069 0.633689
v -0.367080 0.274171 0.672180
v -0.307112 0.284771 0.659682
v -0.327675 0.398098 0.620519
v -0.235636 0.466294 0.605089
v -0.711213 -0.180138 0.634892
v -0.437714 -0.152247 0.628767
v -0.500232 0.051723 0.623363
v -0.469069 0.068017 0.616723
v -0.339501 0.361912 0.614686
v -0.765056 -0.116313 0.625413
v -0.497473 0.011903 0.624591
v -0.302360 0.427951 0.621040
v -0.484229 -0.138279 0.623281
v -0.405896 -0.126930 0.641371
v -0.655467 -0.020403 0.629641
v -0.542726 -0.005954 0.627778
v -0.589819 -0.001926 0.627919
v -0.456272 0.026264 0.615340
v -0.372095 0.294666 0.673745
v -0.275636 0.421859 0.620822
v -0.228803 0.554280 0.642252
v -0.260349 0.644808 0.632226
v -0.487739 0.655865 0.641672
v -0.432336 0.715593 0.627002
v -0.343733 0.262292 0.700962
v -0.460170 0.374986 0.643101
v -0.319455 0.418036 0.621925
v -0.733860 -0.147017 0.657516
v -0.750872 -0.138988 0.655800
v -0.397105 -0.081840 0.627556
v -0.564334 0.004998 0.644343
v -0.424126 0.053818 0.659622
v -0.738154 -0.065233 0.631500
v -0.432664 -0.074811 0.638145
v -0.522379 -0.045521 0.641721
v -0.334408 0.362511 0.649531
v -0.290627 0.399823 0.645915
v -0.471561 -0.138911 0.646630
v -0.451133 -0.096638 0.643489
v -0.510944 -0.085855 0.641437
v -0.322221 0.316809 0.734985
v -0.261235 0.437085 0.645671
v -0.503409 0.510050 0.653537
v -0.511648 -0.122767 0.637946
v -0.703848 -0.061966 0.651316
v -0.260961 0.455106 0.662419
v -0.461357 0.662939 0.647014
v -0.677656 -0.181071 0.674738
v -0.378985 -0.105442 0.659936
v -0.729559 -0.069097 0.670535
v -0.540871 -0.028147 0.644952
v -0.607569 -0.019498 0.644641
v -0.543854 -0.015226 0.654899
v -0.478484 0.041688 0.659575
v -0.382673 0.359517 0.662986
v -0.470538 0.409147 0.655621
v -0.248692 0.504708 0.661911
v -0.571888 -0.100446 0.663916
v -0.395510 -0.064040 0.669336
v -0.649436 -0.037921 0.658922
v -0.420708 0.022409 0.676345
v -0.326324 0.646098 0.655076
v -0.386210 0.657300 0.660228
v -0.621738 -0.149342 0.677397
v -0.378569 -0.075787 0.666439
v -0.548346 -0.057556 0.663585
v -0.586862 -0.017539 0.653698
v -0.441762 0.053352 0.686817
v -0.434482 -0.125378 0.656562
v -0.441008 -0.100467 0.667383
v -0.350216 0.330206 0.736856
v -0.621735 -0.277323 0.649727
v -0.644424 -0.213779 0.677149
v -0.603115 -0.254043 0.658325
v -0.555956 -0.003929 0.662133
v -0.300679 0.552876 0.673961
v -0.396481 -0.121930 0.674871
v -0.425471 -0.076698 0.670554
v -0.582825 -0.015269 0.690074
v -0.330432 0.271310 0.717381
v -0.428108 0.599439 0.674411
v -0.377845 -0.106964 0.676692
v -0.580169 -0.004104 0.690590
v -0.331340 0.387936 0.672139
v -0.450282 0.547679 0.676249
v -0.696371 -0.162437 0.705067
v -0.440876 0.023376 0.687902
v -0.409569 -0.116887 0.678650
v -0.409751 -0.082850 0.681213
v -0.428915 0.476879 0.682907
v -0.357610 0.572393 0.682613
v -0.593426 -0.247543 0.710117
v -0.647499 -0.247878 0.695559
v -0.517132 -0.008950 0.708318
v -0.540381 0.019449 0.701040
v -0.719791 -0.106988 0.692599
v -0.681304 -0.082087 0.705765
v -0.388314 -0.074856 0.703038
v -0.327754 0.455407 0.688532
v -0.695854 -0.123938 0.694869
v -0.397948 -0.122303 0.688708
v -0.561414 -0.076862 0.712488
v -0.560002 0.039984 0.733448
v -0.649263 -0.153732 0.709679
v -0.371381 -0.094255 0.704078
v -0.606375 -0.039891 0.718588
v -0.622358 -0.270555 0.692892
v -0.595169 -0.223856 0.714026
v -0.391190 -0.162978 0.743991
v -0.400331 -0.097021 0.717195
v -0.375196 0.517310 0.690660
v -0.654637 -0.212434 0.736154
v -0.544820 -0.047750 0.726237
v -0.420187 0.033252 0.715720
v -0.629534 -0.251586 0.729101
v -0.678330 -0.150457 0.720428
v -0.618992 -0.125710 0.713916
v -0.400606 -0.002230 0.730947
v -0.359700 0.291555 0.739597
v -0.588968 -0.029996 0.719719
v -0.580565 0.022167 0.739838
v -0.635367 -0.207912 0.724212
v -0.674990 -0.112893 0.711660
v -0.573794 -0.090400 0.718705
v -0.616940 -0.111712 0.725410
v -0.359448 0.314144 0.757121
v -0.598545 -0.242282 0.737020
v -0.636476 -0.090169 0.716846
v -0.324628 0.303189 0.752919
v -0.378515 -0.171136 0.747877
v -0.604185 -0.137175 0.736540
v -0.674028 -0.136425 0.765146
v -0.386946 -0.108156 0.734193
v -0.598274 -0.228351 0.735453
v -0.594057 -0.095289 0.731780
v -0.617616 -0.091200 0.729683
v -0.508015 -0.005666 0.731204
v -0.617402 -0.153744 0.750949
v -0.648761 -0.104070 0.745521
v -0.568284 -0.079710 0.756220
v -0.634430 -0.226092 0.753307
v -0.669471 -0.163318 0.759534
v -0.644053 -0.171942 0.747407
v -0.579415 -0.023234 0.748281
v -0.554118 -0.063959 0.766639
v -0.535051 0.010402 0.762477
v -0.591822 -0.082808 0.750384
v -0.510151 -0.004288 0.760443
v -0.514977 -0.037769 0.770699
v -0.627728 -0.136128 0.770810
v -0.547435 -0.046287 0.770487
v -0.340876 0.309915 0.777109
v -0.628514 -0.225981 0.799340
v -0.590026 -0.210748 0.768051
v -0.584858 -0.061331 0.761473
v -0.625215 -0.206993 0.763170
v -0.535147 -0.211226 0.780233
v -0.520815 -0.179860 0.772358
v -0.507379 -0.199649 0.748072
v -0.606409 -0.098136 0.761432
v -0.570133 -0.016211 0.777949
v -0.590519 -0.213076 0.790117
v -0.496296 -0.193054 0.777626
v -0.573647 -0.115692 0.781877
v -0.498549 -0.012250 0.765020
v -0.652425 -0.132204 0.776590
v -0.607898 -0.070906 0.792704
v -0.546151 0.004349 0.782213
v -0.586972 -0.192233 0.810449
v -0.557984 -0.055060 0.782738
v -0.509131 0.000428 0.793758
v -0.623583 -0.214290 0.820253
v -0.662619 -0.162759 0.784435
v -0.549663 -0.097607 0.788497
v -0.515775 -0.134995 0.808224
v -0.547077 -0.156168 0.788298
v -0.526954 -0.057154 0.805121
v -0.471144 -0.090322 0.823630
v -0.488676 -0.035200 0.824001
v -0.590279 -0.128531 0.800278
v -0.611417 -0.097521 0.813176
v -0.546942 -0.088994 0.806727
v -0.579550 -0.086515 0.830586
v -0.526667 -0.154242 0.826473
v -0.574614 -0.144284 0.825085
v -0.550597 -0.010773 0.800057
v -0.500805 -0.074751 0.839640
v -0.554068 -0.110287 0.842084
v -0.477967 -0.115095 0.837932
vn 0.2051 -0.1966 -0.9588
vn -0.2590 0.1052 -0.9601
vn 0.0702 0.6383 -0.7666
vn 0.4880 0.1073 -0.8662
vn 0.4210 -0.5179 -0.7447
vn -0.4677 0.6068 -0.6427
vn 0.0046 -0.3177 -0.9482
vn -0.6315 0.1537 -0.7600
vn -0.3179 0.9282 -0.1932
vn 0.4606 0.8164 -0.3483
vn -0.4182 -0.3281 -0.8470
vn 0.5973 -0.1222 -0.7927
vn -0.8277 -0.2478 -0.5034
vn -0.6134 0.6168 -0.4932
vn 0.4867 -0.5964 -0.6383
vn 0.4872 -0.5189 -0.7024
vn 0.4893 -0.4565 -0.7431
vn -0.5726 0.8129 0.1066
vn 0.6520 0.4808 -0.5863
vn 0.0924 0.9882 0.1220
vn -0.1979 -0.3176 -0.9273
vn -0.6263 0.3740 -0.6840
vn -0.3033 0.3740 -0.8764
vn 0.0944 0.1336 -0.9865
vn 0.4820 -0.4916 -0.7252
vn -0.1799 0.8301 -0.5278
vn 0.1613 -0.5225 -0.8372
vn -0.8839 0.1007 -0.4568
vn 0.4814 -0.8161 -0.3198
vn 0.0734 0.7962 -0.6006
vn 0.4531 -0.6166 -0.6438
vn 0.5359 -0.7264 -0.4303
vn 0.1179 -0.9542 -0.2749
vn 0.3563 -0.0742 -0.9314
vn -0.4818 0.7261 -0.4906
vn 0.4967 -0.4471 -0.7439
vn -0.4823 -0.6248 -0.6140
vn -0.8324 -0.3686 -0.4138
vn 0.5313 -0.4453 -0.7208
vn -0.3829 0.8690 0.3135
vn -0.5452 -0.3494 -0.7621
vn 0.0648 0.9711 0.2295
vn 0.7329 -0.6529 0.1911
vn 0.4553 -0.6105 -0.6480
vn -0.8457 0.4525 -0.2830
vn 0.1185 0.8697 0.4792
vn -0.5348 0.8212 0.1991
vn 0.3958 0.7868 -0.4736
vn 0.2617 -0.9535 -0.1497
vn 0.3707 -0.9262 0.0692
vn 0.0952 -0.9887 0.1155
vn -0.7773 0.4854 -0.4003
vn 0.7125 0.5113 0.4805
vn 0.2128 0.9711 0.1082
vn 0.0159 0.9208 0.3896
vn 0.0842 -0.7061 -0.7031
vn -0.3063 0.9519 0.0037
vn 0.3043 0.7838 0.5414
vn 0.5150 0.7974 0.3146
vn 0.8980 -0.4182 0.1366
vn 0.1674 0.9160 -0.3646
vn 0.4919 -0.4458 -0.7478
vn 0.3116 0.8851 0.3456
vn 0.3129 -0.6168 -0.7222
vn 0.5309 -0.0673 -0.8448
vn -0.8943 -0.4133 -0.1713
vn -0.7237 -0.5409 -0.4287
vn -0.1640 -0.9241 -0.3453
vn -0.9763 -0.1415 -0.1637
vn 0.6835 0.0485 -0.7283
vn 0.6528 0.5682 -0.5011
vn -0.5959 -0.7554 -0.2725
vn 0.3056 -0.5940 -0.7442
vn 0.1205 -0.9886 0.0906
vn 0.6605 0.7140 -0.2320
vn -0.4880 0.7460 -0.4531
vn 0.8487 0.1157 0.5161
vn 0.1268 -0.3037 0.9443
vn 0.2959 -0.8993 0.3220
vn -0.9869 0.0612 -0.1494
vn 0.4688 -0.4510 -0.7595
vn -0.3402 0.6861 0.6430
vn 0.5290 -0.7487 -0.3996
vn -0.0246 0.9196 -0.3921
vn 0.2492 0.6534 0.7148
vn 0.4151 0.8969 0.1525
vn -0.5548 -0.2100 -0.8050
vn 0.2608 0.4662 -0.8454
vn 0.3353 -0.4417 -0.8321
vn 0.5652 -0.1917 -0.8024
vn -0.2210 -0.2368 0.9461
vn -0.9596 -0.1522 -0.2365
vn 0.6007 -0.7274 -0.3319
vn 0.4499 -0.4540 -0.7691
vn 0.6986 -0.7155 0.0044
vn 0.3574 0.0187 0.9338
vn 0.2798 -0.9298 -0.2392
vn -0.5952 0.7866 -0.1643
vn -0.4151 0.8063 -0.4214
vn 0.3577 0.4830 0.7992
vn -0.1457 0.2334 -0.9614
vn 0.4687 -0.7569 -0.4554
vn -0.1487 -0.9887 -0.0196
vn 0.4506 -0.5388 -0.7118
vn 0.4792 -0.4112 -0.7754
vn -0.2939 0.6641 0.6875
vn 0.7078 0.3972 -0.5842
vn 0.2408 0.9650 0.1040
vn -0.0641 0.9969 0.0457
vn 0.8942 -0.4404 0.0802
vn -0.1551 -0.9781 -0.1386
vn 0.9618 -0.1894 -0.1976
vn -0.5424 -0.7009 -0.4632
vn 0.4999 0.8464 -0.1836
vn 0.0854 -0.7734 -0.6281
vn 0.4880 0.8724 -0.0278
vn 0.9125 0.0532 -0.4057
vn -0.8766 0.4812 -0.0090
vn -0.9423 0.1387 -0.3046
vn -0.9267 0.0517 0.3722
vn -0.3614 0.8865 0.2890
vn 0.0142 0.9649 0.2623
vn 0.3213 -0.1245 -0.9387
vn 0.9427 0.2212 -0.2499
vn 0.7957 -0.1394 -0.5894
vn 0.5433 0.6107 -0.5761
vn 0.4907 -0.7909 -0.3657
vn -0.8011 0.4929 -0.3395
vn -0.3789 0.2917 -0.8783
vn -0.5532 -0.3083 -0.7739
vn 0.7120 -0.6880 -0.1404
vn 0.6405 -0.6335 -0.4341
vn -0.0515 0.9460 -0.3201
vn -0.6800 0.6677 0.3029
vn 0.4914 -0.4940 -0.7173
vn -0.4495 0.6002 -0.6616
vn 0.5295 0.2775 -0.8016
vn 0.5710 -0.8177 0.0732
vn 0.6674 -0.0635 -0.7420
vn 0.5032 -0.5936 -0.6280
vn -0.2869 0.9208 -0.2642
vn 0.4021 -0.6634 -0.6310
vn -0.6485 -0.1383 -0.7485
vn 0.5605 0.3937 -0.7286
vn -0.1775 -0.9043 -0.3881
vn 0.7173 0.6967 0.0108
vn -0.8443 -0.5354 -0.0242
vn -0.8898 0.4259 0.1640
vn 0.7163 0.6976 -0.0146
vn 0.0492 -0.2106 -0.9763
vn 0.2410 -0.5736 -0.7828
vn 0.5109 0.6497 -0.5629
vn 0.1961 -0.9347 -0.2963
vn 0.2995 0.9136 -0.2750
vn -0.9594 -0.2780 -0.0477
vn -0.4324 0.6686 0.6049
vn -0.0386 0.0009 -0.9993
vn 0.3833 -0.2981 -0.8742
vn -0.5887 0.0403 -0.8074
vn -0.0539 -0.8887 0.4553
vn 0.8743 -0.3143 -0.3699
vn 0.8018 0.5617 -0.2039
vn 0.6757 0.4767 -0.5623
vn 0.5654 -0.4312 -0.7031
vn 0.8537 0.4845 0.1907
vn 0.1372 -0.9033 -0.4066
vn 0.4669 0.7220 -0.5106
vn 0.8268 0.3731 -0.4210
vn 0.3641 0.5011 -0.7851
vn -0.4172 -0.6566 -0.6283
vn 0.3839 -0.6621 -0.6436
vn -0.2200 0.9375 0.2695
vn -0.7423 -0.0817 -0.6651
vn -0.5944 -0.0342 -0.8035
vn 0.5532 -0.3050 -0.7752
vn 0.5529 -0.1933 -0.8105
vn -0.0316 -0.9412 -0.3363
vn 0.6610 0.0294 -0.7498
vn -0.9482 0.3172 -0.0197
vn 0.9980 0.0631 -0.0070
vn 0.7574 0.6114 0.2291
vn -0.3171 -0.7942 -0.5184
vn -0.5728 -0.8120 -0.1119
vn 0.3742 -0.7081 -0.5988
vn 0.4198 -0.4460 -0.7905
vn 0.4915 0.6810 -0.5428
vn -0.6514 -0.1843 -0.7360
vn -0.6190 -0.4622 -0.6350
vn 0.0958 -0.6882 -0.7192
vn -0.8188 -0.5599 -0.1267
vn 0.0204 -0.9526 -0.3036
vn -0.6610 0.7119 -0.2373
vn -0.9685 -0.2478 0.0260
vn 0.5767 -0.4508 -0.6813
vn 0.1790 0.9004 0.3966
vn 0.7369 -0.0372 -0.6750
vn 0.8379 -0.4546 -0.3020
vn 0.5061 0.8562 -0.1038
vn -0.5081 -0.8613 -0.0042
vn -0.1139 -0.1814 -0.9768
vn 0.5925 0.5209 -0.6145
vn 0.6174 0.6767 -0.4011
vn -0.4531 -0.8288 -0.3283
vn 0.4405 0.8649 -0.2407
vn -0.9099 -0.0793 -0.4072
vn 0.5865 0.3893 -0.7103
vn 0.9571 0.2189 0.1897
vn 0.4413 -0.3650 -0.8198
vn -0.7069 -0.4121 -0.5749
vn 0.9657 -0.0080 0.2596
vn -0.3618 0.9015 0.2374
vn 0.5631 0.3925 -0.7273
vn -0.8243 -0.3974 -0.4032
vn 0.7388 0.0248 -0.6734
vn 0.8960 0.4439 -0.0075
vn -0.8628 -0.0139 -0.5054
vn -0.7362 -0.6659 -0.1210
vn 0.6189 -0.1601 -0.7689
vn -0.5036 -0.7826 -0.3660
vn 0.0326 0.9914 -0.1267
vn 0.4264 -0.4921 -0.7590
vn -0.9358 0.1882 0.2981
vn 0.6200 0.5751 0.5337
vn 0.6530 -0.2675 -0.7085
vn 0.1715 0.2419 -0.9550
vn -0.7650 -0.6276 -0.1443
vn -0.5068 0.8621 0.0036
vn -0.6852 -0.3263 -0.6512
vn -0.2941 0.8739 -0.3872
vn 0.1453 0.1061 -0.9837
vn 0.9176 -0.3547 -0.1792
vn -0.1558 0.8811 0.4466
vn -0.9134 -0.1360 -0.3837
vn 0.6537 -0.3053 -0.6925
vn 0.8176 0.5578 0.1425
vn 0.6109 -0.5241 -0.5934
vn 0.0711 0.6794 0.7303
vn -0.5367 -0.3673 0.7596
vn 0.5380 -0.1274 0.8333
vn -0.8624 -0.4186 -0.2847
vn 0.6763 -0.3359 -0.6556
vn 0.4985 -0.8192 -0.2835
vn -0.6788 -0.6848 -0.2651
vn 0.2962 0.7473 -0.5948
vn 0.4229 -0.5731 -0.7019
vn -0.2979 0.9481 -0.1111
vn 0.5315 0.3496 -0.7716
vn -0.3440 -0.8098 -0.4752
vn 0.7280 -0.1022 -0.6779
vn 0.1031 -0.7755 -0.6229
vn 0.0506 -0.5215 -0.8517
vn -0.2652 -0.8811 -0.3916
vn -0.7857 0.0602 -0.6157
vn -0.5947 -0.8040 0.0057
vn -0.9997 -0.0022 -0.0237
vn 0.2406 0.9638 0.1151
vn 0.1075 -0.9559 -0.2733
vn -0.9977 0.0670 0.0077
vn -0.0166 0.8371 -0.5468
vn 0.7309 -0.2207 -0.6458
vn 0.0295 -0.2068 -0.9779
vn -0.9225 0.3622 -0.1335
vn -0.7837 0.6209 0.0158
vn 0.7998 0.5152 -0.3080
vn 0.5791 -0.5042 0.6406
vn -0.9410 0.1609 -0.2978
vn 0.7807 0.4671 0.4152
vn 0.9121 0.3815 -0.1501
vn -0.5975 -0.5047 -0.6232
vn -0.2845 0.3046 -0.9090
vn -0.5200 -0.4049 -0.7521
vn 0.9447 -0.0896 0.3155
vn 0.9219 0.1060 0.3726
vn 0.7460 0.6630 0.0627
vn -0.0899 0.9956 -0.0257
vn 0.8760 -0.0671 -0.4776
vn -0.4054 -0.7483 -0.5251
vn 0.7320 -0.0629 -0.6783
vn 0.2158 -0.1658 -0.9622
vn -0.7136 0.5836 -0.3876
vn 0.9757 0.2192 -0.0051
vn 0.9818 0.0109 -0.1895
vn 0.9846 0.1420 -0.1015
vn 0.7626 -0.4690 -0.4456
vn 0.6775 -0.3168 -0.6638
vn 0.4301 -0.9024 -0.0272
vn -0.7718 -0.1154 -0.6253
vn 0.3549 0.9141 -0.1959
vn -0.9598 -0.1934 0.2033
vn -0.5984 -0.0344 -0.8005
vn -0.5536 -0.5529 -0.6228
vn 0.5702 0.7996 0.1882
vn 0.2229 -0.8273 -0.5157
vn 0.0602 0.9981 -0.0110
vn -0.9683 0.2425 0.0606
vn -0.9401 0.0445 -0.3380
vn -0.5993 -0.3877 -0.7004
vn -0.3865 -0.1082 -0.9159
vn 0.4599 -0.7880 -0.4092
vn -0.9208 -0.3073 0.2400
vn -0.3649 -0.7254 -0.5836
vn 0.1313 0.7017 -0.7002
vn -0.9694 -0.0308 -0.2434
vn -0.9841 -0.1145 0.1359
vn -0.7992 -0.5473 0.2483
vn 0.6105 0.7845 -0.1086
vn 0.0207 -0.5641 -0.8255
vn 0.9085 0.3468 0.2333
vn -0.9013 0.4086 0.1442
vn -0.1349 0.9852 0.1059
vn 0.7050 -0.5521 -0.4451
vn 0.6182 -0.5494 -0.5621
vn -0.9742 -0.2020 -0.1011
vn -0.9300 -0.0287 -0.3664
vn -0.1951 0.9604 -0.1988
vn 0.8886 -0.4568 0.0407
vn -0.9750 0.1220 -0.1856
vn 0.9357 -0.1664 0.3112
vn 0.7438 -0.6652 0.0656
vn 0.9092 -0.1174 0.3995
vn 0.5612 0.4901 -0.6669
vn 0.9563 -0.1059 -0.2726
vn -0.9743 0.1170 0.1926
vn 0.7698 0.3060 0.5601
vn -0.2010 0.9730 0.1131
vn 0.0205 -0.6387 0.7692
vn -0.2915 -0.6949 -0.6573
vn 0.8595 0.4562 0.2306
vn -0.7887 -0.0208 -0.6144
vn 0.6538 -0.7214 0.2283
vn -0.1132 -0.9895 -0.0903
vn 0.4495 -0.8624 -0.2328
vn -0.2595 0.5170 -0.8157
vn -0.5200 -0.4050 -0.7521
vn 0.7319 -0.1358 -0.6678
vn -0.9568 0.0780 0.2801
vn 0.4341 -0.7266 -0.5325
vn -0.4200 0.9074 0.0172
vn 0.0078 -0.8184 -0.5747
vn 0.2199 -0.8175 -0.5322
vn 0.9197 0.0847 -0.3833
vn 0.3988 -0.9170 0.0090
vn 0.8917 0.1089 0.4394
vn -0.3927 0.8755 0.2817
vn -0.4830 -0.8511 0.2056
vn 0.9349 -0.1282 -0.3310
vn 0.8422 -0.2686 0.4674
vn -0.8792 0.0299 -0.4756
vn -0.0338 -0.9671 0.2521
vn 0.8207 -0.3296 -0.4667
vn 0.7991 0.5223 0.2978
vn 0.1328 -0.3699 -0.9195
vn -0.6172 0.6717 0.4097
vn -0.0869 0.9300 0.3571
vn 0.8746 -0.2539 0.4129
vn -0.2158 0.0198 -0.9762
vn -0.9727 0.1947 0.1260
vn -0.7192 -0.4114 -0.5599
vn -0.9911 -0.1333 -0.0011
vn -0.9739 0.2267 -0.0141
vn 0.5379 0.7336 0.4154
vn 0.5284 0.7552 0.3879
vn 0.6591 -0.6862 -0.3079
vn 0.6779 -0.6045 0.4184
vn 0.5879 0.7600 0.2770
vn 0.8792 -0.2116 -0.4268
vn -0.8308 0.3486 0.4339
vn 0.8347 -0.3855 -0.3932
vn 0.9358 -0.2654 0.2320
vn 0.2060 0.8758 0.4365
vn 0.8900 -0.2785 -0.3611
vn 0.6300 -0.4720 0.6166
vn -0.8556 0.3089 0.4154
vn -0.1674 -0.7586 -0.6296
vn -0.8026 0.5065 -0.3150
vn -0.9146 -0.0189 0.4039
vn -0.7310 0.6543 0.1938
vn -0.7929 -0.3724 0.4824
vn 0.4080 0.8009 0.4383
vn 0.4486 -0.7791 0.4380
vn 0.8566 -0.0690 0.5113
vn -0.9337 -0.3125 0.1748
vn 0.6843 -0.5355 -0.4948
vn 0.9014 0.1454 0.4078
vn -0.9515 0.2908 0.1006
vn -0.4202 -0.6607 -0.6220
vn 0.6700 0.7152 -0.1990
vn 0.6100 -0.5075 0.6086
vn -0.5789 -0.5291 0.6204
vn 0.9003 -0.0972 -0.4243
vn -0.3304 -0.7229 0.6068
vn -0.8123 -0.3392 0.4745
vn 0.1540 0.9516 0.2660
vn -0.4224 -0.8597 -0.2874
vn 0.8353 0.5352 -0.1257
vn 0.2517 0.9525 -0.1712
vn 0.6126 0.7489 -0.2527
vn -0.9777 -0.1195 0.1730
vn -0.1948 0.7919 0.5787
vn -0.5208 0.8354 -0.1758
vn -0.9063 -0.0507 0.4197
vn 0.5725 -0.4846 0.6614
vn 0.9960 -0.0526 0.0724
vn 0.7701 0.2813 0.5726
vn 0.8793 -0.1398 -0.4552
vn 0.5998 -0.3360 0.7262
vn 0.9042 -0.3498 -0.2450
vn 0.5366 0.4624 0.7058
vn 0.9982 -0.0575 -0.0146
vn 0.9878 -0.1022 -0.1177
vn -0.8700 -0.0553 -0.4899
vn -0.2461 0.9500 -0.1923
vn -0.7517 0.3289 -0.5716
vn -0.2964 -0.7814 -0.5491
vn 0.9745 0.1194 0.1901
vn -0.6978 0.1310 0.7042
vn 0.1893 -0.7030 0.6855
vn 0.1268 0.9418 -0.3113
vn -0.5427 0.6817 0.4906
vn 0.2900 -0.0614 -0.9550
vn 0.4359 -0.3798 0.8159
vn -0.4202 0.3190 0.8496
vn -0.4569 0.5542 0.6958
vn 0.1282 0.6760 0.7257
vn -0.2218 0.2538 -0.9415
vn 0.1212 -0.3928 -0.9116
vn -0.2690 0.2094 -0.9401
vn -0.0644 0.2716 -0.9603
vn 0.1773 -0.5759 -0.7980
vn 0.4113 0.2161 -0.8855
vn 0.9913 0.1303 0.0204
vn -0.3692 -0.6277 0.6853
vn 0.8807 0.3762 -0.2877
vn 0.7966 0.0463 0.6028
vn -0.5790 0.6416 0.5030
vn -0.4316 0.3993 0.8089
vn -0.1776 0.2159 -0.9601
vn 0.0997 -0.7646 -0.6367
vn -0.1569 -0.5601 0.8134
vn 0.7726 0.4256 0.4712
vn 0.2005 -0.6318 -0.7487
vn 0.4176 -0.9070 -0.0544
vn 0.6643 -0.6528 -0.3641
vn 0.1176 0.6587 -0.7432
vn 0.6743 -0.2357 0.6998
vn -0.1767 -0.4510 0.8749
vn -0.7544 -0.3318 -0.5664
vn -0.5188 -0.3938 0.7588
vn -0.3419 -0.7908 -0.5077
vn 0.9163 0.2501 -0.3130
vn 0.9137 0.3009 0.2730
vn -0.4882 0.3429 0.8026
vn -0.1049 0.5499 0.8286
vn -0.3938 0.2558 0.8829
vn -0.2394 -0.8261 0.5102
vn -0.6104 -0.4860 -0.6255
vn 0.6675 -0.3463 0.6592
vn -0.5184 -0.6108 0.5985
vn 0.1708 -0.9689 -0.1794
vn -0.4792 0.1165 0.8699
vn -0.8845 0.2909 -0.3647
vn -0.1025 0.9882 -0.1139
vn 0.5590 0.4445 0.7000
vn -0.2010 0.8752 0.4399
vn -0.1970 -0.3868 0.9009
vn -0.4070 0.1072 -0.9071
vn -0.9449 0.0017 0.3273
vn 0.1694 -0.9813 -0.0916
vn -0.1779 0.2980 -0.9378
vn -0.0068 0.6238 -0.7815
vn -0.3910 0.4915 0.7782
vn -0.4373 0.1468 -0.8873
vn 0.3116 -0.7202 -0.6198
vn 0.4778 -0.6343 -0.6078
vn 0.4757 0.8750 -0.0899
vn 0.3507 -0.9272 -0.1317
vn 0.4272 -0.8910 0.1537
vn 0.6090 0.1756 0.7735
vn -0.4256 -0.6602 0.6189
vn 0.1761 0.9833 -0.0469
vn 0.3023 -0.3904 0.8696
vn -0.5790 -0.3882 0.7170
vn -0.7659 -0.2008 -0.6108
vn 0.8407 0.1920 0.5063
vn -0.3578 -0.2761 0.8921
vn -0.5054 0.4811 -0.7164
vn 0.4710 0.8542 -0.2200
vn -0.2359 0.7357 -0.6349
vn 0.3414 0.0089 0.9399
vn -0.6658 0.3055 0.6808
vn -0.2619 -0.7033 0.6609
vn -0.1064 0.3807 0.9186
vn -0.8494 -0.2909 -0.4402
vn 0.8381 -0.3719 0.3992
vn 0.2739 -0.9591 0.0720
vn -0.7403 0.5573 0.3759
vn -0.2147 -0.5310 0.8197
vn -0.1345 -0.7114 -0.6898
vn -0.6987 -0.2998 0.6496
vn 0.5718 -0.8022 0.1719
vn 0.1975 0.8748 -0.4423
vn -0.4112 0.1961 0.8902
vn 0.6805 -0.4817 -0.5521
vn -0.2334 -0.8803 -0.4130
vn -0.6265 -0.2329 0.7438
vn 0.4321 -0.8694 0.2396
vn 0.8062 -0.5539 0.2080
vn -0.8525 0.2844 -0.4385
vn 0.8227 0.4158 0.3876
vn -0.6636 0.6516 0.3674
vn 0.0156 -0.3897 0.9208
vn -0.6284 0.2316 0.7426
vn -0.7594 0.6192 -0.1997
vn 0.7152 0.6804 -0.1599
vn 0.3247 -0.8993 0.2928
vn -0.3377 0.9386 -0.0705
vn 0.5826 -0.7896 0.1926
vn -0.4345 0.6389 0.6348
vn -0.9809 0.0164 0.1938
vn -0.0685 0.1243 0.9899
vn -0.6658 0.6394 -0.3846
vn -0.9500 0.2158 0.2257
vn 0.0956 0.0214 0.9952
vn 0.0561 0.5711 0.8190
vn -0.4067 -0.5957 -0.6926
vn 0.2366 -0.0877 0.9676
vn -0.4781 0.8782 0.0110
vn -0.5690 -0.2374 0.7873
vn 0.9157 0.1783 0.3601
vn 0.3110 -0.8645 0.3949
vn 0.9445 0.2918 0.1510
vn 0.2068 0.7774 0.5941
vn -0.8113 -0.1949 -0.5513
vn 0.1824 -0.8016 0.5694
vn -0.0928 0.7358 0.6708
vn 0.4773 -0.6556 0.5851
vn 0.5240 -0.8380 0.1523
vn 0.8225 -0.0973 0.5604
vn -0.9658 0.2591 0.0094
vn 0.3707 0.9136 -0.1671
vn -0.2912 0.7745 0.5616
vn -0.2586 -0.3598 0.8965
vn 0.2120 -0.6916 0.6904
vn -0.9875 -0.1330 -0.0842
vn -0.3101 0.5397 0.7827
vn -0.8886 0.0172 -0.4583
vn 0.2639 -0.4128 0.8718
vn 0.5252 -0.0794 0.8473
vn -0.0983 0.3562 0.9292
vn -0.4271 -0.0977 0.8989
vn 0.6080 0.5799 -0.5423
vn -0.9709 -0.2031 0.1269
vn -0.1427 0.9382 -0.3153
vn -0.3711 0.1052 0.9226
vn -0.5059 -0.7657 0.3973
vn -0.7299 -0.3242 -0.6018
vn -0.5966 0.7929 -0.1237
vn 0.6240 -0.7742 0.1059
vn 0.6825 -0.6736 0.2837
vn -0.5351 0.1904 0.8231
vn -0.3946 0.8780 -0.2708
vn 0.2007 -0.6425 -0.7395
vn -0.5737 -0.4671 -0.6729
vn 0.6236 -0.4287 -0.6538
vn -0.5459 -0.3196 0.7745
vn 0.4921 -0.7872 0.3718
vn 0.2900 -0.8989 0.3285
vn 0.6289 0.7771 -0.0231
vn -0.4480 -0.6916 0.5665
vn 0.6997 -0.4258 -0.5737
vn 0.3696 0.1330 0.9196
vn -0.6241 -0.7484 0.2245
vn -0.4911 -0.3666 0.7902
vn 0.6857 0.1196 0.7180
vn -0.4414 0.4872 0.7535
vn -0.0289 -0.1846 0.9824
vn 0.1523 0.2473 0.9569
vn 0.1139 -0.9738 0.1967
vn 0.8420 0.4829 -0.2406
vn -0.1934 -0.0509 0.9798
vn 0.9370 0.3379 0.0885
vn -0.8107 0.5616 -0.1657
vn 0.8579 -0.0966 -0.5047
vn -0.9510 -0.3090 -0.0061
vn 0.0976 -0.6161 0.7816
vn -0.4621 -0.0458 0.8856
vn 0.0363 0.9827 -0.1815
vn 0.6484 0.7566 -0.0845
vn 0.5517 -0.8268 0.1099
vn 0.5761 -0.4616 -0.6746
vn 0.2104 0.9775 0.0120
vn 0.5252 -0.7483 -0.4052
vn -0.0624 -0.6188 -0.7831
vn 0.3800 -0.6038 -0.7007
vn -0.0609 0.9981 -0.0054
vn 0.1889 -0.9525 0.2389
vn 0.6083 -0.2090 0.7657
vn 0.5804 -0.4534 -0.6764
vn 0.4444 0.8958 -0.0088
vn -0.9956 0.0537 -0.0767
vn -0.0114 0.3440 0.9389
vn -0.0427 -0.1271 0.9910
vn -0.5260 0.8460 -0.0875
vn 0.3055 0.9459 -0.1097
vn 0.5280 -0.8322 -0.1696
vn -0.2896 -0.5366 -0.7926
vn -0.6861 -0.7249 0.0611
vn 0.4772 -0.4054 -0.7797
vn 0.2365 -0.9142 0.3292
vn -0.4250 -0.6671 -0.6118
vn -0.2300 0.9705 -0.0724
vn 0.2768 -0.2594 -0.9252
vn -0.4772 0.3716 -0.7964
vn 0.5368 0.4496 -0.7139
vn -0.8705 0.3666 -0.3285
vn -0.0785 -0.1975 -0.9772
vn 0.0331 -0.9994 -0.0121
vn 0.7575 -0.3512 -0.5503
vn 0.8642 -0.4921 0.1045
vn 0.9015 0.2744 -0.3345
vn -0.6114 -0.4559 -0.6468
vn 0.2654 -0.5993 -0.7553
vn -0.6459 0.0163 -0.7633
vn 0.5380 -0.3987 -0.7427
vn 0.6166 0.7872 0.0071
vn 0.0665 -0.8277 -0.5573
vn 0.8378 -0.0756 -0.5406
vn -0.8380 -0.4459 -0.3146
vn 0.3736 -0.5031 -0.7793
vn 0.3868 -0.2947 -0.8738
vn -0.9505 0.3101 -0.0212
vn 0.6654 -0.7123 0.2234
vn 0.0432 -0.9990 -0.0125
vn 0.7520 -0.2243 -0.6199
vn 0.4154 -0.3827 -0.8252
vn -0.9502 0.2785 -0.1396
vn -0.4152 -0.7339 -0.5375
vn 0.0558 0.9975 -0.0444
vn 0.1726 -0.4862 -0.8567
vn -0.8570 -0.1576 -0.4907
vn 0.8083 0.5587 -0.1856
vn -0.3452 0.9373 -0.0484
vn 0.3335 -0.6019 -0.7256
vn 0.7095 -0.1557 -0.6873
vn 0.8625 -0.1649 -0.4785
vn 0.1838 -0.9406 0.2854
vn -0.4680 -0.4396 -0.7667
vn -0.6810 -0.3400 -0.6485
vn 0.6287 -0.3419 -0.6985
vn 0.5979 0.0710 -0.7985
vn 0.6544 -0.1959 -0.7304
vn -0.0460 -0.4749 -0.8789
vn 0.5131 -0.7627 -0.3938
vn -0.9071 0.3187 -0.2749
vn -0.8490 -0.4551 -0.2684
vn -0.5100 -0.8601 0.0113
vn -0.2954 -0.8504 -0.4353
vn 0.5132 -0.2248 -0.8283
vn 0.7225 -0.0401 -0.6902
vn 0.9078 -0.3922 0.1486
vn -0.9364 0.0658 -0.3446
vn 0.4375 -0.1841 -0.8802
vn 0.6819 0.2076 -0.7014
vn -0.2541 -0.3851 -0.8872
vn -0.2609 0.9652 0.0167
vn -0.7770 -0.4463 -0.4440
vn 0.3610 -0.5241 -0.7713
vn -0.6323 -0.7666 -0.1120
vn 0.7950 0.4705 -0.3828
vn 0.8170 -0.4160 -0.3993
vn -0.1506 -0.9683 -0.1995
vn -0.9960 -0.0740 0.0503
vn 0.9412 0.2800 0.1893
vn 0.1952 0.8367 -0.5117
vn 0.6186 -0.3540 -0.7014
vn 0.2798 0.0359 -0.9594
vn 0.3731 0.1813 -0.9099
vn 0.7966 -0.3840 -0.4668
vn 0.7749 -0.5990 0.2018
vn -0.9582 -0.2830 -0.0425
vn 0.1264 -0.3577 -0.9252
vn -0.5148 -0.8411 -0.1659
vn 0.6512 0.1784 -0.7377
vn 0.4310 0.9023 0.0092
vn 0.4776 -0.3764 -0.7939
vn 0.1314 -0.0167 -0.9912
vn -0.5008 -0.3741 -0.7805
vn 0.2446 -0.9241 -0.2937
vn 0.2937 -0.3572 -0.8866
vn -0.8146 0.5628 -0.1406
vn 0.3953 -0.7686 -0.5029
vn 0.7599 0.1735 -0.6264
vn 0.3062 0.1496 -0.9401
vn 0.4409 -0.8665 -0.2341
vn -0.1880 -0.0926 -0.9778
vn 0.2825 0.5801 -0.7640
vn 0.4050 0.0454 -0.9132
vn 0.0367 -0.3477 -0.9369
vn -0.1627 -0.2134 -0.9633
vn -0.2274 0.7384 -0.6349
vn -0.3862 -0.3152 -0.8669
vn 0.6355 -0.2753 -0.7213
vn 0.3952 -0.8232 -0.4077
vn -0.8470 -0.4638 0.2599
vn 0.2513 -0.1630 -0.9541
vn 0.0447 0.5505 -0.8336
vn -0.0819 -0.4483 -0.8901
vn -0.7030 0.2975 -0.6459
vn -0.0994 -0.3471 -0.9326
vn -0.5948 -0.3296 -0.7332
vn 0.6773 -0.3072 -0.6685
vn -0.6933 0.7152 -0.0891
vn -0.8348 -0.5301 -0.1489
vn 0.6586 -0.3466 -0.6679
vn 0.8177 -0.0372 -0.5744
vn -0.6844 -0.3594 -0.6344
vn -0.5306 -0.5339 -0.6583
vn -0.5670 0.7584 -0.3214
vn 0.0619 -0.3870 -0.9200
vn -0.5132 -0.3328 -0.7911
vn 0.8296 -0.1468 -0.5387
vn 0.6657 0.2583 -0.7001
vn 0.1396 -0.7039 -0.6964
vn -0.1657 0.0750 -0.9833
vn 0.8708 0.3377 0.3573
vn -0.7051 0.7042 0.0829
vn -0.9996 -0.0278 0.0072
vn 0.9685 -0.2145 -0.1263
vn 0.8596 -0.2880 -0.4221
vn -0.5253 -0.4426 -0.7267
vn 0.9613 0.1897 0.1999
vn -0.3452 -0.9381 -0.0286
vn 0.8316 0.3710 -0.4133
vn -0.6063 -0.0866 -0.7905
vn -0.4562 0.6886 -0.5637
vn 0.2939 0.1271 -0.9474
vn 0.1704 0.9362 -0.3076
vn 0.6134 0.7895 -0.0189
vn 0.6419 -0.6420 -0.4192
vn 0.1151 -0.8518 -0.5111
vn 0.3110 0.9234 -0.2250
vn -0.1379 0.9191 -0.3691
vn -0.0194 0.8960 0.4436
vn 0.7343 0.3042 -0.6068
vn 0.1279 -0.8079 -0.5752
vn -0.7892 -0.1773 -0.5880
vn 0.4026 -0.9070 -0.1237
vn -0.7694 -0.6108 -0.1868
vn -0.6905 -0.7143 -0.1137
vn -0.5910 -0.5406 -0.5988
vn -0.3977 0.0793 -0.9141
vn 0.3463 -0.2645 -0.9001
vn 0.5333 0.3514 -0.7694
vn 0.5384 -0.7402 -0.4027
vn -0.8145 -0.5676 0.1204
vn 0.6205 0.5997 -0.5053
vn 0.2633 -0.3515 -0.8984
vn -0.2691 -0.6415 -0.7184
vn 0.8389 -0.0084 -0.5442
vn -0.4895 0.8711 -0.0394
vn -0.3783 0.6150 -0.6918
vn 0.7962 0.0963 -0.5973
vn 0.6974 0.7153 -0.0444
vn 0.4145 -0.2655 -0.8705
vn 0.5411 -0.3446 -0.7671
vn -0.3218 0.9042 0.2807
vn 0.6246 -0.7102 -0.3248
vn 0.9493 -0.1538 -0.2744
vn -0.0182 0.9994 0.0299
vn 0.5350 -0.8219 -0.1956
vn 0.3730 -0.7601 -0.5322
vn -0.7015 -0.4426 -0.5585
vn 0.8472 -0.2291 -0.4794
vn 0.9444 0.2542 -0.2087
vn 0.8092 -0.5449 -0.2196
vn -0.6525 -0.3899 -0.6498
vn 0.7262 0.5763 0.3749
vn -0.4113 0.8334 -0.3692
vn -0.2424 -0.3689 -0.8973
vn -0.7573 0.3517 -0.5502
vn 0.6084 -0.7867 0.1048
vn 0.2834 0.9100 0.3026
vn 0.2019 -0.1585 -0.9665
vn -0.6489 0.3337 -0.6838
vn 0.0636 -0.0420 -0.9971
vn -0.3270 0.6334 -0.7014
vn 0.5612 -0.1938 -0.8047
vn -0.9524 -0.0246 -0.3039
vn -0.9075 0.3974 -0.1359
vn -0.5728 -0.5493 -0.6084
vn -0.4270 -0.8035 -0.4147
vn -0.7089 -0.0179 -0.7051
vn -0.6759 -0.7369 0.0051
vn -0.0795 -0.4512 -0.8889
vn -0.5082 -0.1842 -0.8413
vn 0.9089 0.4071 0.0899
vn -0.7108 -0.1030 -0.6958
vn 0.6919 -0.1328 -0.7097
vn 0.3040 -0.8359 -0.4571
vn 0.7738 0.6334 -0.0066
vn -0.3994 0.8305 -0.3883
vn -0.3859 0.7564 -0.5281
vn 0.1748 -0.2622 -0.9491
vn 0.1449 0.3335 -0.9316
vn 0.4766 -0.6783 -0.5593
vn -0.9641 0.1979 -0.1772
vn -0.1323 -0.8460 -0.5165
vn -0.9522 0.1514 0.2654
vn 0.8891 0.3387 0.3078
vn 0.8187 0.5719 -0.0507
vn 0.1687 0.9635 -0.2079
vn -0.8948 -0.4365 0.0935
vn 0.1638 -0.4824 -0.8605
vn 0.5004 -0.1941 -0.8437
vn -0.7321 -0.5417 -0.4130
vn 0.8169 0.4505 -0.3602
vn -0.7966 -0.3603 0.4853
vn -0.6819 -0.4120 -0.6044
vn 0.8066 -0.4790 -0.3465
vn 0.2475 -0.7245 -0.6433
vn 0.6807 -0.5362 -0.4990
vn 0.4088 -0.2973 -0.8628
vn 0.1112 -0.2083 -0.9717
vn -0.6929 -0.4570 0.5577
vn 0.9092 0.2206 -0.3531
vn 0.9509 0.2843 0.1222
vn -0.6589 -0.4256 -0.6202
vn 0.9319 0.1062 -0.3469
vn 0.0626 -0.3786 -0.9234
vn -0.6947 -0.3899 -0.6045
vn 0.1709 -0.9468 -0.2727
vn 0.4358 0.4115 -0.8005
vn -0.3716 0.6797 -0.6324
vn 0.0329 -0.9083 -0.4171
vn -0.0928 -0.7669 -0.6350
vn -0.2671 -0.0049 -0.9636
vn -0.0315 -0.4483 -0.8933
vn 0.3451 -0.0744 -0.9356
vn 0.4788 0.7381 -0.4753
vn -0.4518 0.7727 -0.4459
vn 0.9150 -0.2106 -0.3440
vn 0.3030 0.2636 -0.9158
vn 0.1312 0.4435 -0.8866
vn -0.3579 -0.1880 -0.9146
vn -0.6295 -0.0579 -0.7748
vn -0.3132 -0.2752 -0.9089
vn 0.4069 -0.6703 -0.6205
vn -0.0614 -0.3801 -0.9229
vn 0.2256 -0.3584 -0.9059
vn -0.5747 -0.7536 -0.3191
vn -0.9396 -0.1324 -0.3157
vn 0.3255 0.0515 -0.9441
vn -0.7601 0.3934 -0.5171
vn -0.5985 0.6728 0.4349
vn -0.0353 -0.7726 -0.6340
vn -0.0042 0.9056 -0.4241
vn -0.1302 -0.1739 -0.9761
vn -0.8384 0.4759 -0.2658
vn -0.9812 0.0900 -0.1708
vn -0.2540 -0.9460 0.2014
vn -0.0909 -0.7496 -0.6556
vn 0.1137 -0.1306 -0.9849
vn 0.3391 -0.3029 -0.8906
vn -0.5572 0.6733 -0.4859
vn 0.8207 0.4225 0.3845
vn -0.8162 0.4368 0.3782
vn -0.6133 0.4776 -0.6292
vn 0.4800 0.8771 -0.0173
vn 0.9186 -0.3728 -0.1312
vn -0.9769 0.2126 -0.0199
vn 0.9906 0.0468 0.1287
vn 0.6967 0.7174 -0.0005
vn 0.8517 -0.1752 0.4939
vn 0.2331 0.8762 -0.4217
vn 0.4009 0.0081 -0.9161
vn 0.0190 -0.5669 -0.8236
vn -0.0287 -0.9631 -0.2678
vn -0.4795 -0.0278 -0.8771
vn -0.2620 -0.1887 -0.9464
vn 0.0106 -0.8367 -0.5475
vn -0.3761 0.9030 -0.2076
vn 0.0930 -0.9955 0.0157
vn 0.4554 0.7917 0.4071
vn 0.6822 0.2547 -0.6854
vn 0.6013 -0.7835 -0.1567
vn 0.4393 -0.3200 -0.8394
vn -0.9055 0.0243 0.4237
vn 0.6984 -0.5847 0.4127
vn 0.5849 0.7716 0.2500
vn 0.2986 -0.1203 -0.9468
vn -0.1010 -0.4558 -0.8843
vn 0.3543 0.1462 -0.9236
vn 0.3475 -0.3020 -0.8877
vn -0.6231 0.1709 -0.7632
vn 0.1001 -0.4888 -0.8666
vn -0.9687 -0.1107 0.2224
vn -0.4036 0.8065 -0.4321
vn -0.3218 0.8442 -0.4287
vn -0.2759 -0.4262 -0.8615
vn 0.4655 -0.0069 -0.8850
vn -0.9090 0.2305 -0.3472
vn 0.1782 -0.9590 -0.2202
vn -0.6406 0.2346 -0.7312
vn -0.2366 0.4125 -0.8797
vn 0.5705 0.7203 -0.3946
vn 0.1404 -0.5989 -0.7885
vn 0.3002 -0.4652 -0.8327
vn -0.4191 -0.4618 -0.7817
vn 0.8633 0.4281 -0.2673
vn 0.3866 0.9210 0.0487
vn 0.2311 -0.6870 -0.6889
vn -0.7838 -0.5493 0.2898
vn 0.8464 0.4471 -0.2893
vn -0.6496 -0.5890 -0.4807
vn 0.9860 -0.1188 -0.1173
vn -0.1594 -0.9342 -0.3191
vn -0.2936 0.1168 -0.9488
vn -0.7065 0.2727 -0.6531
vn 0.3943 -0.1347 -0.9090
vn 0.7794 0.3257 -0.5353
vn -0.7942 -0.4995 0.3461
vn 0.7815 0.5849 0.2171
vn -0.7973 -0.5955 -0.0989
vn -0.5493 0.6343 -0.5440
vn 0.8286 0.5036 -0.2444
vn 0.2072 -0.3470 -0.9147
vn -0.4618 -0.7597 -0.4577
vn 0.3430 -0.7122 -0.6125
vn -0.5686 0.0437 -0.8215
vn 0.3052 -0.7690 -0.5617
vn -0.9842 0.1367 0.1130
vn -0.8265 -0.1852 -0.5316
vn -0.3272 0.8936 -0.3072
vn 0.1381 0.9647 -0.2244
vn -0.1844 0.9393 -0.2893
vn -0.7707 -0.4965 -0.3995
vn 0.9116 0.2692 -0.3107
vn -0.7592 -0.0011 -0.6509
vn -0.2498 0.0064 -0.9683
vn 0.0265 0.2499 -0.9679
vn 0.3102 -0.4059 -0.8596
vn 0.2970 0.9043 -0.3066
vn 0.0181 0.9982 0.0568
vn -0.6155 0.7820 -0.0981
vn -0.6072 0.7936 -0.0380
vn 0.7390 0.4787 -0.4740
vn 0.3993 0.7172 -0.5711
vn -0.4454 0.5281 -0.7230
vn -0.0843 0.0189 -0.9963
vn 0.2857 -0.8247 -0.4881
vn 0.3243 -0.4177 -0.8487
vn -0.4126 0.0733 -0.9080
vn -0.9375 0.3449 -0.0460
vn -0.6590 0.7512 -0.0376
vn 0.1889 -0.7331 -0.6533
vn 0.5775 0.5794 0.5751
vn -0.2273 -0.3851 -0.8945
vn -0.6081 0.2162 -0.7639
vn 0.7206 0.5607 -0.4078
vn 0.4310 -0.3895 -0.8139
vn 0.4025 -0.4497 -0.7973
vn 0.0006 -0.7336 -0.6796
vn 0.7057 -0.6840 -0.1848
vn 0.9173 -0.3971 0.0291
vn 0.3054 -0.2050 -0.9299
vn -0.9372 0.0677 -0.3422
vn 0.0192 0.6260 -0.7796
vn 0.8111 0.5827 -0.0507
vn -0.3663 -0.6865 -0.6281
vn 0.8662 0.4847 -0.1213
vn -0.7542 0.2572 0.6041
vn 0.6589 0.7433 0.1154
vn -0.2165 0.9455 -0.2434
vn -0.0988 -0.2117 -0.9723
vn 0.3567 0.2357 -0.9040
vn 0.4175 0.4875 -0.7668
vn -0.1366 0.1369 -0.9811
vn 0.4277 0.5713 0.7005
vn 0.0480 0.9952 -0.0849
vn -0.2942 0.3510 -0.8889
vn -0.9186 -0.1386 -0.3700
vn -0.7399 -0.4236 -0.5226
vn 0.1853 -0.7331 -0.6544
vn -0.1977 0.0419 -0.9794
vn 0.0140 -0.2601 -0.9655
vn 0.6518 0.2569 -0.7136
vn -0.6477 -0.6102 -0.4562
vn -0.3944 -0.8228 0.4092
vn -0.3420 -0.3696 -0.8640
vn 0.0917 0.6611 -0.7447
vn 0.8476 0.1726 -0.5019
vn 0.2671 0.3039 -0.9145
vn -0.6695 -0.4850 -0.5626
vn 0.6640 0.6193 -0.4191
vn 0.0644 -0.7335 -0.6766
vn 0.0898 -0.0261 -0.9956
vn 0.4008 -0.1533 -0.9033
vn 0.6171 0.7819 0.0883
vn 0.0205 -0.0336 -0.9992
vn 0.1109 0.9888 0.1001
vn -0.6056 -0.7744 -0.1829
vn 0.5130 0.8529 -0.0971
vn -0.2131 -0.4102 -0.8868
vn -0.0841 0.0094 -0.9964
vn -0.2668 0.8572 -0.4404
vn -0.7512 0.0872 -0.6543
vn 0.8566 -0.4885 -0.1660
vn -0.5856 -0.3042 -0.7513
vn -0.2223 0.0088 -0.9749
vn -0.3100 -0.1181 -0.9434
vn -0.2276 -0.0475 -0.9726
vn 0.6201 -0.6309 -0.4663
vn -0.6246 0.0043 0.7809
vn -0.2848 -0.6127 -0.7372
vn 0.2571 0.7270 0.6367
vn -0.6254 0.5106 0.5901
vn -0.5405 0.3839 -0.7486
vn -0.4014 -0.5650 -0.7209
vn -0.1545 0.6277 0.7629
vn 0.0856 0.7323 -0.6755
vn 0.7867 0.4652 0.4059
vn 0.9239 0.2477 -0.2917
vn 0.5414 -0.1673 -0.8240
vn 0.5529 -0.7590 -0.3439
vn 0.0100 -0.9892 -0.1464
vn 0.8976 -0.1847 -0.4002
vn 0.5628 0.1855 -0.8055
vn -0.1367 -0.3019 -0.9435
vn -0.9828 0.1795 -0.0434
vn 0.1959 -0.8077 -0.5561
vn 0.1987 -0.7385 -0.6443
vn -0.4754 -0.4738 0.7413
vn -0.7419 -0.1314 0.6576
vn -0.3535 -0.5197 -0.7778
vn -0.7127 -0.3614 -0.6012
vn -0.7868 -0.2794 -0.5503
vn -0.0043 0.9880 0.1543
vn -0.6172 -0.4263 -0.6613
vn -0.3615 0.7561 -0.5456
vn 0.1905 0.9807 0.0435
vn 0.0103 -0.4905 -0.8714
vn 0.2738 -0.1844 -0.9439
vn 0.0484 0.3335 -0.9415
vn -0.2599 0.1364 -0.9559
vn -0.8162 -0.2436 -0.5239
vn 0.1005 0.8431 -0.5283
vn 0.3635 -0.3522 -0.8624
vn 0.3919 -0.5626 -0.7279
vn 0.0943 -0.0625 -0.9936
vn -0.9240 0.1096 -0.3664
vn -0.8751 -0.4720 -0.1064
vn 0.6625 0.6089 0.4363
vn -0.3473 0.9377 0.0007
vn 0.7164 0.6851 -0.1315
vn -0.4657 -0.4649 -0.7530
vn -0.6463 -0.4103 -0.6433
vn -0.0549 0.6328 -0.7723
vn 0.2697 -0.2230 -0.9368
vn 0.9414 -0.1412 -0.3062
vn -0.7079 -0.5445 -0.4498
vn 0.7759 0.6307 -0.0165
vn -0.4026 -0.3776 -0.8339
vn -0.9895 -0.0735 0.1243
vn 0.6877 0.4522 -0.5680
vn -0.8694 0.2585 -0.4210
vn 0.9287 -0.2109 -0.3049
vn -0.6221 0.6788 -0.3902
vn -0.1791 -0.9667 -0.1829
vn -0.3373 -0.6533 -0.6778
vn 0.6759 0.6789 -0.2867
vn -0.9884 0.0374 -0.1471
vn -0.4590 0.4066 -0.7899
vn -0.0519 0.9954 -0.0803
vn -0.8102 0.1954 -0.5525
vn 0.1098 0.8933 -0.4358
vn 0.1540 -0.4314 -0.8889
vn 0.4424 0.8967 -0.0123
vn 0.0560 -0.6811 -0.7301
vn -0.7725 -0.5585 0.3022
vn 0.8714 0.2713 0.4088
vn 0.8436 0.4538 -0.2870
vn -0.3945 0.7941 -0.4623
vn 0.5203 0.8290 0.2051
vn -0.1480 -0.6897 -0.7088
vn 0.5058 -0.4954 -0.7062
vn 0.1648 0.7727 -0.6130
vn 0.9980 -0.0315 -0.0548
vn 0.3572 0.2323 -0.9047
vn -0.9495 0.2511 -0.1880
vn -0.4331 0.8698 -0.2363
vn 0.1396 0.4064 0.9030
vn 0.5377 0.7868 0.3029
vn -0.2718 0.9025 -0.3342
vn -0.0747 0.9851 -0.1550
vn -0.5782 0.6314 -0.5167
vn 0.6612 -0.2559 -0.7052
vn -0.8415 -0.4408 -0.3124
vn -0.7189 -0.5809 -0.3818
vn -0.7982 0.2002 -0.5682
vn 0.9275 -0.3364 -0.1633
vn -0.8964 -0.0968 -0.4326
vn 0.4221 0.1232 -0.8981
vn 0.4729 -0.4003 -0.7849
vn 0.3819 -0.6146 -0.6903
vn -0.8038 0.5944 -0.0259
vn -0.4735 -0.8535 -0.2176
vn -0.3127 0.4398 0.8419
vn 0.5259 0.7039 -0.4774
vn -0.5827 0.8059 -0.1049
vn -0.1766 0.7260 -0.6646
vn -0.0250 0.1664 -0.9857
vn 0.6455 -0.0071 -0.7637
vn 0.3516 -0.8414 -0.4105
vn 0.6229 0.7151 -0.3172
vn -0.5835 -0.5829 0.5655
vn -0.2165 0.8357 -0.5047
vn -0.6307 -0.7668 -0.1195
vn 0.4008 0.8994 -0.1746
vn 0.2326 -0.7909 -0.5660
vn -0.6815 -0.3831 -0.6236
vn -0.2536 -0.9596 0.1216
vn -0.0279 0.9375 -0.3469
vn -0.7569 -0.5165 -0.4005
vn 0.9770 0.2114 0.0285
vn 0.1503 -0.9171 -0.3692
vn 0.4230 0.4292 -0.7980
vn 0.8692 0.4447 0.2160
vn -0.6586 -0.3685 0.6560
vn 0.0672 0.9973 0.0303
vn 0.8030 -0.2092 0.5581
vn 0.1861 0.7448 -0.6408
vn 0.8283 -0.3081 -0.4681
vn -0.1377 0.2056 -0.9689
vn 0.8145 -0.4955 -0.3018
vn 0.6674 0.7447 -0.0013
vn -0.9943 0.0580 -0.0894
vn -0.4908 0.8712 0.0120
vn -0.9349 -0.3421 -0.0945
vn 0.3548 0.8989 0.2570
vn -0.3858 -0.8673 -0.3146
vn 0.2547 0.8872 0.3846
vn -0.0548 0.2988 0.9527
vn -0.3015 0.8120 -0.4997
vn -0.1785 0.4578 0.8710
vn -0.0726 0.9966 -0.0394
vn 0.3347 0.8578 -0.3900
vn 0.1632 0.5101 -0.8445
vn 0.0056 -0.9960 -0.0889
vn 0.3059 -0.6329 -0.7113
vn -0.1074 0.9441 -0.3118
vn -0.6451 -0.5451 -0.5354
vn 0.0800 -0.8835 -0.4615
vn 0.7907 0.6041 -0.0989
vn 0.5298 0.8435 0.0887
vn 0.2575 -0.7850 -0.5635
vn -0.8617 0.4487 -0.2369
vn 0.5595 0.8075 0.1869
vn -0.4558 -0.8602 -0.2286
vn 0.3439 0.7695 0.5381
vn -0.7809 -0.5911 0.2019
vn 0.7812 0.6241 0.0116
vn -0.0333 0.8915 -0.4517
vn -0.8316 0.2222 0.5090
vn 0.6137 0.6157 -0.4943
vn -0.7457 0.1995 -0.6357
vn -0.4854 -0.1023 -0.8683
vn -0.9999 0.0164 0.0003
vn -0.4781 0.6171 -0.6250
vn -0.9751 -0.0375 -0.2187
vn 0.6763 0.4580 -0.5769
vn 0.7690 0.2813 -0.5741
vn -0.8714 -0.4755 0.1202
vn -0.4924 -0.8700 0.0236
vn 0.7931 0.5496 -0.2625
vn 0.2236 -0.8541 -0.4696
vn -0.5170 -0.5156 -0.6833
vn -0.7997 0.0122 -0.6003
vn 0.8448 0.3817 -0.3750
vn 0.6534 0.4155 -0.6328
vn -0.7913 0.2652 -0.5509
vn -0.4387 -0.6895 -0.5762
vn 0.3523 -0.7688 -0.5337
vn -0.7179 0.1178 0.6861
vn 0.4306 0.3392 0.8364
vn -0.2241 0.4723 0.8525
vn -0.3488 0.4735 -0.8088
vn 0.7326 -0.3377 -0.5911
vn 0.4571 0.6289 -0.6289
vn 0.9566 -0.2731 -0.1012
vn -0.5629 -0.7513 -0.3446
vn 0.3406 -0.8021 -0.4905
vn 0.7643 0.6208 0.1744
vn -0.8848 0.4642 0.0396
vn 0.1958 -0.8200 -0.5379
vn -0.4280 0.8802 -0.2051
vn 0.2496 0.8517 0.4609
vn 0.1691 0.5638 0.8084
vn 0.7387 -0.4644 0.4886
vn 0.4371 0.8802 0.1848
vn 0.4830 0.8751 0.0282
vn -0.8970 -0.1008 -0.4304
vn -0.0086 0.9504 -0.3110
vn -0.7005 -0.2085 -0.6825
vn 0.6715 -0.3261 -0.6654
vn 0.5634 -0.8140 -0.1414
vn -0.9911 0.1305 -0.0275
vn -0.1491 0.9841 0.0968
vn -0.6111 -0.3494 0.7102
vn -0.4342 -0.9008 -0.0037
vn -0.6362 -0.1468 -0.7574
vn -0.0664 0.9202 -0.3857
vn 0.0359 0.4517 -0.8915
vn 0.3750 0.8987 0.2275
vn 0.2643 0.8963 -0.3562
vn 0.0995 -0.9792 -0.1770
vn -0.3077 -0.9492 -0.0653
vn -0.6088 0.3228 -0.7247
vn 0.9935 0.0395 0.1065
vn 0.7454 0.6509 0.1437
vn 0.7417 -0.6684 -0.0551
vn -0.7097 0.5163 -0.4793
vn 0.6045 0.7158 -0.3496
vn -0.5936 -0.4415 -0.6729
vn -0.5479 -0.8180 0.1752
vn -0.4423 -0.5528 -0.7063
vn -0.3437 0.2406 -0.9077
vn 0.0556 0.9879 0.1445
vn 0.6618 0.7207 -0.2064
vn -0.1059 -0.0655 -0.9922
vn -0.5812 -0.4305 -0.6905
vn -0.1295 0.0240 -0.9913
vn 0.3770 0.2907 -0.8794
vn -0.6041 0.0720 -0.7937
vn 0.9012 -0.4330 0.0185
vn 0.0158 -0.9677 -0.2515
vn 0.2752 0.9550 0.1109
vn -0.4316 0.2637 0.8627
vn -0.2441 -0.6410 0.7277
vn 0.5050 -0.7990 0.3265
vn -0.5136 -0.3407 -0.7875
vn -0.1465 -0.7758 -0.6138
vn 0.7933 0.1837 -0.5804
vn 0.9892 -0.0811 0.1218
vn -0.7394 -0.0002 -0.6733
vn 0.7447 -0.3017 -0.5953
vn 0.9498 0.2932 0.1090
vn -0.6874 -0.7110 0.1482
vn 0.4009 0.9083 0.1191
vn -0.0087 -0.8790 -0.4768
vn -0.4684 -0.8695 -0.1564
vn 0.2317 -0.7576 0.6102
vn 0.1006 -0.9930 0.0621
vn 0.5887 0.7263 -0.3550
vn -0.1323 0.8373 -0.5304
vn 0.5343 0.7681 -0.3530
vn 0.8036 0.3693 -0.4667
vn -0.5169 -0.0677 -0.8534
vn 0.4686 0.4602 -0.7540
vn 0.0874 0.5619 -0.8226
vn -0.4618 -0.5593 -0.6884
vn -0.8767 -0.3837 -0.2902
vn 0.3745 0.9066 -0.1946
vn -0.2679 0.5118 -0.8162
vn -0.8588 -0.4969 -0.1247
vn -0.2615 -0.9626 0.0715
vn 0.8525 0.3700 -0.3693
vn 0.9100 -0.1119 -0.3992
vn -0.9395 -0.2397 0.2447
vn 0.2584 -0.9549 -0.1465
vn 0.0456 0.5173 -0.8546
vn 0.8643 -0.0268 -0.5023
vn 0.8253 0.5645 0.0158
vn -0.9738 -0.2268 0.0146
vn -0.4942 0.5210 -0.6959
vn 0.9542 0.1402 -0.2642
vn 0.6829 -0.2443 0.6885
vn 0.4645 0.6151 0.6371
vn -0.7309 -0.4790 -0.4861
vn 0.4586 0.5383 -0.7070
vn -0.8123 0.3969 -0.4274
vn 0.7893 0.5808 -0.1992
vn -0.1516 0.1738 -0.9730
vn -0.1250 -0.2280 -0.9656
vn -0.3836 0.1154 -0.9163
vn 0.6930 -0.1134 -0.7120
vn -0.7064 -0.7078 0.0103
vn 0.9593 -0.0626 -0.2753
vn 0.3882 0.4500 -0.8042
vn -0.4950 0.1578 -0.8544
vn -0.5063 0.5817 0.6366
vn 0.7234 -0.6883 -0.0537
vn 0.2732 0.9549 0.1166
vn -0.5828 0.6016 -0.5462
vn 0.4592 0.7502 -0.4757
vn -0.3414 -0.3952 -0.8528
vn 0.4418 0.3705 -0.8171
vn -0.6676 -0.6700 -0.3247
vn 0.9030 -0.2251 -0.3658
vn -0.9945 0.1038 0.0147
vn -0.3451 -0.9115 -0.2236
vn -0.5201 0.7875 -0.3305
vn 0.0575 0.7842 0.6179
vn -0.9604 -0.2769 -0.0313
vn -0.8935 0.3645 -0.2622
vn -0.4821 0.8027 -0.3512
vn -0.8320 -0.5533 0.0413
vn -0.7541 -0.5022 -0.4232
vn -0.2896 -0.2374 -0.9272
vn -0.3941 0.3929 -0.8309
vn 0.2193 -0.0472 -0.9745
vn 0.6487 0.7602 -0.0362
vn -0.0072 -0.0115 -0.9999
vn 0.5263 0.4872 -0.6969
vn 0.3731 -0.8192 -0.4356
vn 0.9502 0.2446 -0.1934
vn 0.9465 -0.2907 0.1402
vn -0.1628 0.4444 0.8809
vn 0.7585 0.6400 0.1223
vn -0.4561 0.8886 0.0489
vn -0.0724 0.0339 0.9968
vn -0.5055 -0.8546 0.1194
vn 0.7000 0.6927 -0.1737
vn 0.9420 0.1952 0.2730
vn 0.2308 0.9633 0.1371
vn -0.2075 0.2494 -0.9459
vn 0.3544 -0.7697 -0.5309
vn 0.3355 -0.4883 -0.8057
vn -0.9293 -0.3689 0.0198
vn -0.7856 -0.5799 -0.2158
vn 0.6908 0.6697 -0.2727
vn 0.8567 0.4734 -0.2048
vn 0.2451 -0.7825 -0.5724
vn 0.9016 -0.2273 -0.3681
vn -0.7393 0.4707 0.4815
vn 0.9812 -0.1770 0.0769
vn -0.5587 -0.7448 0.3648
vn 0.3522 0.8182 -0.4544
vn 0.5967 0.5791 -0.5555
vn 0.9390 0.2972 0.1731
vn 0.4988 0.6482 0.5754
vn 0.0609 -0.5230 -0.8502
vn 0.7029 -0.4459 -0.5542
vn -0.8690 0.3209 -0.3766
vn -0.9449 0.1524 -0.2896
vn -0.9835 0.1810 -0.0022
vn -0.2810 0.8688 -0.4078
vn 0.3292 -0.5510 -0.7668
vn 0.7504 0.6550 0.0885
vn -0.5916 0.8025 0.0774
vn -0.3422 0.9321 0.1183
vn -0.9642 0.1476 -0.2203
vn -0.6445 0.3375 -0.6861
vn -0.3559 0.9050 0.2331
vn 0.9074 0.3992 -0.1315
vn -0.8367 -0.3947 -0.3797
vn -0.6659 -0.6031 0.4392
vn -0.9576 -0.1497 0.2461
vn -0.8402 0.4167 0.3470
vn 0.8249 -0.4099 -0.3891
vn 0.9496 -0.3023 0.0832
vn -0.2775 0.2735 -0.9210
vn -0.2377 -0.5709 -0.7859
vn -0.6298 -0.4711 -0.6176
vn -0.2320 -0.6390 -0.7334
vn -0.9125 -0.3070 0.2705
vn 0.6174 0.7785 0.1132
vn 0.0883 0.9321 -0.3514
vn 0.2616 0.9008 -0.3465
vn 0.2382 0.9357 0.2603
vn -0.5858 -0.0385 -0.8096
vn 0.3172 0.9286 -0.1926
vn -0.6596 -0.6643 -0.3515
vn 0.6618 0.6069 -0.4401
vn 0.0887 0.8474 -0.5235
vn -0.3137 0.1966 -0.9290
vn -0.6073 0.1222 -0.7851
vn 0.4570 -0.0003 -0.8895
vn 0.9615 0.1099 0.2518
vn -0.6906 -0.6696 0.2734
vn -0.2471 0.9000 -0.3591
vn -0.1134 0.9832 -0.1428
vn 0.8345 0.4166 -0.3608
vn -0.7593 0.1164 -0.6402
vn -0.7837 0.5078 -0.3578
vn -0.2567 -0.9661 -0.0279
vn -0.9412 -0.3207 0.1066
vn -0.7451 -0.5426 -0.3879
vn -0.7846 -0.5368 -0.3103
vn 0.9864 0.1131 0.1189
vn 0.0281 0.5053 -0.8625
vn -0.4348 -0.8906 -0.1332
vn 0.4694 -0.8395 -0.2736
vn -0.3781 -0.8926 -0.2456
vn -0.5106 -0.8089 0.2913
vn -0.9648 0.0555 0.2569
vn -0.8468 0.2416 -0.4738
vn 0.2714 0.9534 0.1320
vn 0.2010 0.9416 -0.2700
vn -0.7749 -0.5530 0.3061
vn 0.8565 -0.4585 0.2370
vn 0.8007 0.5913 0.0967
vn 0.6283 0.7733 0.0853
vn 0.1741 0.9148 -0.3645
vn -0.8975 0.3987 -0.1885
vn -0.3956 0.5054 -0.7668
vn -0.5877 0.7100 -0.3879
vn -0.7725 0.4344 -0.4631
vn 0.7891 0.4361 0.4326
vn -0.9439 -0.3218 0.0747
vn -0.4982 -0.5455 -0.6740
vn -0.1834 -0.2945 -0.9379
vn 0.3034 -0.0895 -0.9486
vn -0.7620 0.5232 -0.3816
vn -0.3788 0.2505 -0.8910
vn 0.3589 0.4861 -0.7968
vn -0.4039 -0.8772 0.2597
vn 0.8402 -0.5360 -0.0827
vn 0.7136 0.5617 0.4187
vn 0.1417 -0.9468 0.2888
vn -0.7074 0.6773 -0.2020
vn -0.7874 0.4781 0.3890
vn 0.7541 0.3536 -0.5534
vn -0.3580 -0.6346 -0.6849
vn -0.5242 0.1234 -0.8426
vn -0.0202 0.0169 -0.9997
vn -0.1512 0.2127 -0.9653
vn 0.1549 -0.0743 -0.9851
vn 0.9457 -0.3175 0.0698
vn -0.0547 -0.5663 -0.8224
vn 0.4989 0.4101 -0.7635
vn -0.4579 0.8877 0.0486
vn 0.1425 0.7169 -0.6825
vn 0.9953 0.0705 -0.0665
vn 0.9675 -0.1685 -0.1883
vn 0.9527 0.1321 -0.2736
vn 0.8822 -0.2600 0.3927
vn -0.6732 -0.6456 0.3606
vn 0.8794 0.4670 -0.0925
vn -0.0615 0.9698 0.2361
vn 0.5816 0.1249 0.8038
vn 0.5544 0.7537 -0.3529
vn 0.2223 -0.3411 -0.9134
vn 0.0031 0.3627 -0.9319
vn 0.2709 0.2003 -0.9415
vn 0.9506 -0.2714 0.1509
vn -0.6926 -0.6081 -0.3880
vn -0.0979 -0.2113 -0.9725
vn -0.6724 -0.5947 -0.4407
vn 0.4627 0.5933 -0.6587
vn -0.5140 -0.8381 0.1828
vn -0.9899 0.0374 0.1370
vn -0.9345 -0.2982 -0.1944
vn 0.8274 0.3414 0.4460
vn -0.3463 0.8593 -0.3765
vn 0.8356 -0.3571 -0.4173
vn 0.8935 -0.2722 0.3572
vn 0.6310 0.3578 0.6884
vn 0.8508 0.1405 0.5064
vn -0.2539 -0.7982 -0.5462
vn 0.3580 -0.3017 -0.8837
vn 0.6221 0.4205 -0.6604
vn 0.1367 0.2584 -0.9563
vn -0.3008 -0.8481 -0.4362
vn -0.5037 -0.2000 -0.8404
vn -0.3311 0.4013 -0.8540
vn -0.8960 -0.1669 -0.4115
vn -0.7534 0.6485 0.1086
vn 0.6758 -0.4428 -0.5892
vn -0.2241 0.5781 -0.7846
vn -0.4989 -0.8075 0.3147
vn -0.4957 -0.8298 0.2564
vn -0.7987 -0.1689 -0.5775
vn -0.7669 -0.5390 0.3483
vn 0.3493 0.4732 -0.8088
vn -0.6668 0.7450 0.0194
vn -0.2255 -0.1096 -0.9681
vn -0.6449 -0.1370 0.7519
vn 0.1363 0.7349 0.6644
vn -0.9277 0.2930 -0.2314
vn 0.4356 0.6478 0.6250
vn -0.5656 -0.4065 0.7176
vn 0.9694 -0.1492 0.1951
vn 0.1724 0.7559 -0.6316
vn -0.6881 0.4621 -0.5594
vn 0.5456 0.8155 -0.1929
vn -0.0008 -0.5867 -0.8098
vn 0.9874 -0.1011 0.1221
vn 0.0472 -0.9543 -0.2951
vn -0.4125 -0.5774 -0.7046
vn 0.9924 -0.1176 0.0371
vn 0.9297 -0.1970 0.3112
vn -0.9985 0.0528 0.0108
vn -0.0338 -0.9994 0.0034
vn 0.9607 0.2206 0.1686
vn -0.0746 0.9795 -0.1870
vn -0.5146 -0.4458 0.7324
vn -0.6231 0.6690 0.4052
vn -0.9970 -0.0089 0.0767
vn 0.3747 0.6314 0.6789
vn 0.2004 0.6829 -0.7025
vn -0.7755 -0.3762 -0.5071
vn -0.1006 0.8418 -0.5304
vn -0.9577 0.0698 -0.2793
vn -0.7458 0.5444 0.3839
vn 0.4479 0.6909 -0.5675
vn 0.7240 0.6469 0.2396
vn 0.9598 0.0775 0.2696
vn -0.3077 -0.9496 -0.0597
vn 0.1022 -0.9140 -0.3925
vn -0.7553 -0.4318 0.4930
vn 0.0581 0.2327 -0.9708
vn 0.7239 -0.5219 0.4513
vn 0.3663 0.8023 0.4714
vn -0.3439 0.6140 -0.7104
vn -0.9010 -0.1256 -0.4151
vn -0.7001 0.7137 -0.0226
vn 0.4355 0.2761 0.8568
vn -0.6519 -0.2486 0.7164
vn -0.4083 -0.3243 0.8533
vn 0.6362 -0.1079 0.7639
vn 0.6790 -0.3618 -0.6389
vn -0.0880 0.8573 -0.5072
vn -0.3233 -0.8707 -0.3706
vn -0.2837 -0.4022 -0.8705
vn -0.1904 0.1426 -0.9713
vn -0.4003 -0.8923 -0.2089
vn 0.5651 -0.8229 -0.0596
vn 0.7698 -0.1348 0.6239
vn -0.2145 0.9757 0.0438
vn 0.4761 0.8699 0.1291
vn -0.2152 0.9730 0.0832
vn 0.2267 0.2697 0.9359
vn -0.7988 -0.5942 -0.0944
vn 0.4591 -0.2415 -0.8549
vn 0.1932 0.7039 -0.6836
vn -0.0755 -0.5296 -0.8449
vn -0.6554 -0.0557 -0.7533
vn 0.1945 -0.2458 -0.9496
vn 0.4037 0.1289 -0.9058
vn -0.7354 -0.5801 -0.3503
vn 0.9195 0.3203 0.2279
vn -0.0796 0.9780 0.1929
vn -0.7633 0.0135 0.6459
vn 0.6724 0.7013 0.2366
vn -0.8833 -0.3384 0.3244
vn 0.0270 0.9992 -0.0284
vn 0.0133 0.0126 0.9998
vn 0.2620 -0.9332 0.2460
vn -0.9214 -0.3728 0.1099
vn 0.7887 0.3331 -0.5168
vn 0.3390 0.1896 -0.9215
vn -0.6219 0.6928 -0.3651
vn -0.7757 0.4305 -0.4615
vn 0.3210 0.4542 -0.8311
vn -0.1900 0.6741 -0.7138
vn -0.9535 0.2954 0.0594
vn -0.1648 -0.1435 0.9758
vn -0.2887 0.6936 -0.6600
vn -0.2579 0.9612 -0.0973
vn 0.2653 0.5218 -0.8107
vn -0.3787 0.8236 0.4222
vn 0.8829 0.2618 0.3897
vn -0.0070 -0.2464 0.9692
vn -0.0975 0.9383 0.3318
vn -0.6826 0.4968 0.5359
vn 0.1723 -0.0769 0.9820
vn -0.9004 -0.1467 0.4096
vn 0.5172 0.8465 -0.1260
vn -0.7058 -0.6509 -0.2797
vn -0.5046 0.7463 -0.4340
vn -0.0290 -0.5398 -0.8413
vn 0.1693 0.9801 0.1041
vn 0.3675 -0.6965 -0.6163
vn -0.9695 0.1435 -0.1989
vn -0.3380 -0.0066 0.9411
vn 0.0600 0.2833 0.9572
vn 0.9007 -0.1629 -0.4028
vn 0.6313 0.7718 -0.0756
vn -0.8499 -0.4831 -0.2106
vn -0.1754 -0.7132 -0.6787
vn -0.3788 0.0293 -0.9250
vn -0.7626 -0.5729 0.3003
vn 0.9634 -0.2495 0.0985
vn 0.8145 -0.5680 0.1183
vn 0.8990 0.3888 0.2018
vn 0.0143 -0.6623 0.7491
vn 0.7548 0.3458 0.5574
vn -0.8814 0.4525 -0.1356
vn -0.7905 -0.5808 0.1944
vn -0.5322 -0.8188 -0.2153
vn 0.7831 -0.1473 -0.6042
vn 0.5204 -0.2386 -0.8199
vn -0.0875 0.3158 -0.9448
vn -0.5547 0.1602 -0.8165
vn 0.5759 0.5958 -0.5597
vn 0.5263 0.7776 -0.3439
vn -0.5888 -0.5082 0.6285
vn 0.0014 -0.3246 0.9458
vn -0.5407 0.0319 0.8406
vn 0.8181 0.5528 0.1584
vn 0.1281 0.9457 0.2986
vn -0.4907 -0.6703 0.5567
vn -0.0706 0.9877 -0.1395
vn -0.2060 0.9770 0.0555
vn 0.6318 -0.0426 0.7740
vn -0.7142 -0.6350 0.2945
vn 0.7668 -0.5768 0.2816
vn -0.9463 0.3079 -0.0989
vn -0.8663 -0.2614 -0.4257
vn 0.6127 -0.1416 -0.7775
vn -0.2116 0.3612 -0.9081
vn 0.2405 -0.3329 -0.9118
vn -0.6503 0.6858 -0.3269
vn -0.4296 0.5279 -0.7327
vn -0.1302 0.3728 -0.9187
vn 0.3853 -0.4282 -0.8174
vn -0.3229 -0.9366 -0.1361
vn -0.0411 -0.5817 -0.8124
vn -0.1086 -0.9471 -0.3021
vn -0.1448 -0.5986 -0.7879
vn -0.0662 0.0572 -0.9962
vn 0.1948 0.3344 0.9221
vn -0.8838 -0.2351 0.4045
vn -0.1329 -0.5427 -0.8293
vn -0.4111 -0.7235 0.5546
vn -0.5129 -0.7800 -0.3585
vn -0.5380 0.8313 0.1395
vn 0.8112 0.0409 0.5834
vn -0.0934 -0.6370 0.7652
vn -0.0344 0.3550 0.9342
vn -0.4172 -0.6384 -0.6468
vn -0.3852 0.8490 -0.3616
vn 0.9694 0.0609 0.2377
vn -0.3810 -0.2658 -0.8856
vn -0.2955 -0.2805 -0.9132
vn -0.3988 0.5303 -0.7482
vn 0.8017 0.5673 0.1885
vn -0.4066 0.7544 0.5153
vn 0.3158 -0.9121 0.2615
vn 0.5014 0.4414 0.7442
vn 0.1391 0.8148 0.5628
vn 0.7099 -0.6994 -0.0834
vn -0.0473 0.9379 -0.3436
vn 0.6064 0.4804 -0.6336
vn -0.8435 -0.5238 0.1191
vn -0.6785 0.6293 0.3789
vn -0.6969 0.3765 -0.6105
vn -0.5164 0.6535 -0.5534
vn 0.1812 -0.4767 -0.8602
vn -0.5910 -0.0749 0.8032
vn -0.8038 0.5708 0.1674
vn 0.5671 -0.6812 0.4629
vn -0.7768 0.1455 0.6126
vn -0.1457 -0.8699 0.4713
vn 0.9878 -0.1037 -0.1165
vn -0.9522 -0.2416 0.1870
vn 0.4474 0.1312 -0.8847
vn 0.1329 -0.9595 -0.2484
vn -0.7550 0.3679 -0.5428
vn -0.7125 -0.6377 -0.2928
vn -0.0436 0.5854 0.8095
vn 0.2446 0.4074 -0.8799
vn 0.5850 0.6512 -0.4834
vn 0.0295 0.2863 0.9577
vn 0.8722 -0.2103 0.4416
vn -0.4916 0.3331 0.8046
vn 0.4632 0.0070 0.8862
vn -0.2966 -0.4725 0.8299
vn -0.4877 0.4694 0.7361
vn -0.4369 0.7956 0.4196
vn -0.0265 -0.6647 -0.7466
vn -0.5244 0.0533 -0.8498
vn 0.5511 -0.0744 -0.8311
vn 0.9322 -0.2707 -0.2401
vn -0.4583 -0.8788 -0.1333
vn 0.9782 -0.1178 -0.1708
vn 0.5983 0.7804 -0.1815
vn -0.5876 0.8092 -0.0031
vn 0.4842 -0.8680 0.1103
vn 0.0261 0.9643 -0.2634
vn -0.4182 -0.0016 -0.9084
vn -0.9860 0.1389 -0.0926
vn -0.7114 -0.6942 0.1095
vn 0.7962 0.2531 0.5496
vn 0.3795 -0.9111 -0.1608
vn 0.4814 0.6566 0.5807
vn -0.8589 -0.2587 -0.4420
vn 0.4796 0.1270 0.8683
vn 0.4460 0.1670 0.8793
vn 0.5530 -0.1292 0.8231
vn 0.6958 -0.5497 -0.4624
vn -0.2022 0.3861 0.9000
vn 0.7086 0.1748 -0.6837
vn -0.7693 -0.5728 0.2829
vn 0.9536 0.0677 -0.2934
vn 0.9580 -0.2868 0.0033
vn 0.5297 0.8356 -0.1455
vn -0.3366 -0.9330 -0.1273
vn -0.7371 0.6365 0.2272
vn -0.7522 -0.0940 0.6522
vn -0.0485 0.9541 0.2954
vn -0.0777 -0.4458 0.8917
vn -0.2309 0.3555 0.9057
vn -0.2461 0.2923 -0.9241
vn 0.8538 -0.2320 0.4661
vn 0.6896 0.7096 0.1448
vn -0.5859 0.8072 0.0713
vn 0.6347 0.7090 -0.3072
vn 0.5774 0.6341 -0.5143
vn -0.3893 0.9138 0.1157
vn -0.4916 -0.4994 -0.7134
vn -0.9025 0.0116 -0.4306
vn 0.3685 0.9267 0.0739
vn 0.4236 0.8783 0.2218
vn 0.1383 0.9599 0.2437
vn -0.3596 -0.4968 0.7899
vn 0.0449 0.5946 0.8028
vn -0.1029 -0.6732 -0.7323
vn 0.7767 -0.6299 0.0060
vn -0.0347 0.9985 0.0417
vn 0.7644 0.0831 -0.6394
vn -0.4882 -0.8726 -0.0111
vn -0.9093 -0.2290 -0.3476
vn 0.6407 0.7006 -0.3141
vn -0.5760 0.8175 0.0019
vn 0.6364 -0.7628 0.1150
vn -0.6027 -0.6152 0.5082
vn -0.6904 -0.2733 0.6698
vn -0.0803 0.7005 0.7091
vn -0.8502 0.4782 0.2201
vn 0.2422 0.2333 0.9418
vn -0.4748 0.4515 0.7554
vn 0.1274 0.2617 0.9567
vn -0.4986 0.8651 0.0536
vn 0.5570 -0.6521 0.5144
vn -0.8526 -0.5218 0.0278
vn 0.9643 -0.1511 -0.2174
vn -0.8745 0.1575 0.4587
vn 0.5756 -0.3837 0.7221
vn -0.5865 0.7903 0.1771
vn -0.7316 -0.2357 0.6396
vn -0.2959 -0.8640 -0.4073
vn -0.3859 0.6261 -0.6775
vn 0.8703 -0.3882 0.3031
vn 0.9056 0.1635 0.3914
vn 0.2914 0.9297 0.2253
vn -0.1667 -0.1991 0.9657
vn -0.3239 0.3653 0.8727
vn 0.1320 0.1470 0.9803
vn -0.2219 0.2985 0.9283
vn -0.0881 -0.9836 -0.1577
vn -0.1469 -0.1103 -0.9830
vn 0.0168 0.8636 -0.5038
vn -0.9362 0.1940 0.2930
vn -0.3323 -0.6409 0.6919
vn -0.4350 0.8287 0.3521
vn 0.6829 0.7298 -0.0323
vn -0.5667 0.7975 0.2071
vn -0.2647 0.9343 0.2387
vn 0.5931 -0.7542 -0.2817
vn 0.0111 -0.1145 0.9934
vn -0.5560 -0.8289 -0.0613
vn -0.7454 0.1602 -0.6471
vn 0.9909 -0.1335 -0.0158
vn -0.6679 -0.7416 0.0628
vn -0.3946 -0.9132 0.1017
vn -0.0054 0.6830 -0.7304
vn -0.3489 0.3596 0.8654
vn 0.4184 0.8078 -0.4153
vn -0.9485 0.1252 0.2911
vn -0.4937 -0.4768 0.7272
vn -0.5742 -0.8068 -0.1393
vn -0.7129 -0.3726 -0.5941
vn -0.0645 0.9821 -0.1770
vn 0.9374 0.2982 -0.1799
vn -0.4281 -0.8753 0.2248
vn -0.7081 -0.6073 0.3604
vn 0.7473 -0.4914 0.4473
vn -0.9783 -0.0527 0.2005
vn 0.9558 -0.2741 -0.1060
vn -0.3110 0.4133 0.8558
vn -0.9984 -0.0477 -0.0301
vn -0.2984 0.7095 0.6384
vn 0.3164 0.6149 0.7223
vn 0.2808 -0.9479 0.1507
vn -0.5925 -0.8053 0.0210
vn -0.9095 -0.4146 0.0305
vn 0.9517 -0.2633 0.1579
vn 0.0552 -0.9801 0.1906
vn 0.7004 0.7112 -0.0604
vn -0.6223 -0.5708 -0.5356
vn -0.9977 0.0056 -0.0673
vn -0.8260 0.1359 0.5471
vn -0.2067 -0.9506 0.2318
vn 0.9881 -0.0183 0.1528
vn 0.6916 -0.5621 0.4536
vn -0.8279 0.3079 0.4689
vn -0.2952 0.8475 0.4411
vn -0.7356 -0.6446 -0.2081
vn -0.0083 -0.2545 0.9670
vn -0.1149 0.9933 -0.0152
vn 0.4577 0.8887 -0.0270
vn -0.8444 -0.5021 0.1867
vn -0.1702 -0.8471 0.5035
vn 0.6807 0.7298 -0.0632
vn 0.7488 0.6447 0.1536
vn 0.6024 0.7790 0.1741
vn -0.4777 0.3683 0.7976
vn -0.4718 -0.7246 -0.5023
vn 0.7082 -0.7036 -0.0588
vn 0.9077 0.0240 -0.4189
vn -0.5800 -0.7804 0.2335
vn 0.9282 0.0635 -0.3667
vn 0.9814 0.1844 -0.0541
vn 0.7259 0.6719 -0.1471
vn 0.6908 0.6696 -0.2729
vn 0.6388 0.5766 0.5094
vn -0.3791 -0.9242 0.0466
vn 0.5119 0.8307 -0.2187
vn -0.3515 0.8137 -0.4630
vn 0.5984 0.7659 0.2352
vn -0.0293 0.9996 0.0004
vn -0.3017 0.9201 0.2496
vn 0.7044 -0.2132 0.6771
vn -0.0405 -0.8708 0.4899
vn -0.0010 0.9937 -0.1125
vn 0.1092 0.8689 0.4828
vn 0.1179 -0.6729 0.7303
vn -0.1222 -0.9860 -0.1134
vn -0.6951 -0.4258 0.5793
vn -0.5357 0.1825 0.8245
vn 0.1068 0.8037 0.5853
vn -0.5632 0.0665 0.8236
vn 0.2698 0.8572 0.4387
vn 0.3222 -0.4470 -0.8345
vn -0.4375 -0.6157 0.6553
vn -0.7685 -0.5334 0.3533
vn -0.4606 -0.4497 0.7652
vn -0.7064 0.6571 -0.2633
vn 0.5649 -0.8234 0.0541
vn -0.8180 0.5741 -0.0363
vn -0.5987 0.3294 0.7301
vn 0.9105 0.2678 0.3152
vn -0.5657 -0.3417 -0.7505
vn 0.8511 -0.5034 0.1487
vn 0.6498 -0.3641 0.6672
vn -0.6569 0.5032 0.5615
vn -0.2522 -0.5711 0.7812
vn 0.8915 0.3862 -0.2370
vn 0.9599 -0.0894 0.2656
vn -0.8998 0.4261 0.0936
vn -0.7157 0.4954 0.4923
vn -0.6311 -0.7360 0.2449
vn 0.7942 -0.5475 0.2636
vn -0.9873 0.1483 -0.0575
vn 0.6403 0.3930 0.6600
vn 0.0662 0.5095 0.8579
vn -0.8473 0.3252 0.4200
vn 0.8537 0.5208 -0.0025
vn 0.0469 -0.7117 0.7009
vn -0.8375 -0.5170 0.1767
vn -0.7769 -0.5081 0.3718
vn -0.2414 0.6442 -0.7258
vn 0.5374 0.8167 0.2103
vn -0.2215 0.7576 0.6140
vn 0.8140 0.4555 0.3605
vn 0.7656 0.3280 0.5533
vn -0.3414 0.8688 0.3587
vn 0.3783 -0.7618 0.5258
vn -0.5475 0.7733 0.3199
vn 0.5813 -0.7711 -0.2600
vn -0.2222 0.2521 0.9418
vn 0.9467 -0.3059 0.1006
vn 0.9981 0.0583 0.0200
vn -0.6977 -0.7124 0.0756
vn -0.8349 -0.5370 -0.1206
vn -0.1886 -0.7895 0.5841
vn -0.7454 -0.0510 0.6646
vn 0.9792 -0.1806 -0.0925
vn -0.1638 0.7918 -0.5885
vn -0.8272 -0.5615 0.0228
vn 0.9106 -0.3264 0.2533
vn -0.8790 -0.2904 0.3782
vn 0.0971 0.5848 0.8054
vn -0.4436 -0.8725 0.2048
vn -0.0453 -0.6160 0.7864
vn -0.4251 0.1093 0.8985
vn -0.6337 -0.5077 0.5837
vn 0.7337 -0.6438 0.2172
vn 0.8020 0.4475 -0.3955
vn 0.9810 0.1712 0.0911
vn -0.3664 -0.9273 0.0766
vn 0.8756 -0.4277 0.2244
vn -0.3827 -0.8292 0.4075
vn 0.0483 0.9977 -0.0481
vn -0.5466 -0.3006 0.7815
vn 0.0189 -0.8034 0.5951
vn -0.1384 -0.8696 -0.4740
vn -0.2132 -0.0349 -0.9764
vn 0.7784 0.6159 0.1216
vn -0.9909 -0.0115 0.1339
vn 0.0454 -0.9798 0.1947
vn -0.4922 -0.3900 0.7783
vn -0.4456 0.8789 0.1701
vn -0.7372 0.1878 0.6491
vn 0.3682 -0.0682 0.9272
vn 0.0243 0.3982 0.9170
vn -0.5840 -0.2855 0.7599
vn 0.9307 -0.0980 -0.3524
vn 0.6763 -0.5371 0.5042
vn -0.5059 -0.8082 0.3015
vn -0.3586 0.9335 -0.0033
vn -0.7872 0.0848 0.6108
vn 0.5134 0.6626 -0.5453
vn -0.0437 0.7435 0.6673
vn 0.8021 -0.3315 0.4967
vn 0.4779 -0.6595 0.5803
vn -0.4096 -0.6303 0.6596
vn -0.5241 -0.1613 0.8362
vn -0.7917 0.3471 0.5027
vn -0.0287 0.6495 0.7598
vn 0.4843 -0.5448 0.6846
vn 0.1372 -0.0449 0.9895
vn -0.3783 -0.7498 0.5428
vn -0.6731 0.7141 0.1925
vn 0.4712 0.7987 -0.3742
vn -0.5361 -0.8132 0.2265
vn -0.3554 -0.1340 0.9250
vn -0.6877 0.2315 0.6881
vn -0.4471 0.5852 0.6764
vn -0.5049 -0.8380 0.2070
vn -0.0089 0.9886 0.1501
vn -0.2196 -0.8527 0.4739
vn -0.7105 -0.6242 0.3250
vn 0.6509 -0.7552 0.0772
vn -0.3473 -0.9274 0.1391
vn -0.3417 -0.8460 -0.4092
vn 0.9997 0.0217 0.0148
vn 0.0596 0.9389 0.3389
vn 0.3577 -0.3249 -0.8755
vn 0.3661 0.3864 -0.8466
vn 0.0307 0.6034 -0.7969
vn -0.1301 -0.3718 -0.9191
vn 0.5501 0.7618 0.3422
vn 0.6204 0.5765 0.5317
vn -0.1791 -0.0251 0.9835
vn 0.0378 -0.8811 0.4714
vn 0.0036 0.8133 0.5819
vn 0.0437 -0.9982 0.0407
vn -0.0052 -0.7806 -0.6250
vn -0.9662 -0.2303 0.1161
vn -0.0364 -0.5033 0.8634
vn -0.0857 -0.9808 0.1751
vn 0.3514 -0.9279 0.1245
vn 0.8677 -0.3155 0.3841
vn -0.6667 -0.2727 0.6937
vn -0.3231 0.8007 0.5044
vn -0.5666 -0.2056 0.7979
vn 0.3014 0.6609 0.6873
vn -0.9768 -0.0763 0.2000
vn 0.6205 0.0396 0.7832
vn 0.4442 0.3783 0.8121
vn 0.5753 -0.6939 0.4331
vn -0.1472 0.9684 0.2011
vn -0.8742 0.4758 0.0970
vn -0.0458 -0.8376 0.5443
vn 0.2036 -0.0575 0.9774
vn 0.4390 -0.2709 0.8567
vn 0.3979 0.8829 -0.2494
vn -0.8299 -0.3849 0.4038
vn -0.9042 0.4165 -0.0943
vn 0.7652 -0.5298 -0.3656
vn -0.2326 -0.9725 0.0112
vn -0.6558 -0.3993 0.6407
vn 0.5657 0.8194 -0.0922
vn -0.7623 -0.4540 0.4613
vn 0.4873 0.5969 0.6374
vn 0.1586 -0.8960 0.4147
vn 0.4038 0.6262 0.6670
vn -0.5618 0.3770 0.7364
vn 0.5536 0.3546 0.7536
vn 0.3872 0.8860 -0.2551
vn -0.4812 0.4814 0.7327
vn -0.3134 -0.9245 0.2172
vn 0.3263 0.7375 -0.5913
vn -0.4985 -0.8380 0.2219
vn 0.9651 -0.0579 -0.2555
vn 0.4849 -0.3014 0.8210
vn 0.2033 -0.7107 -0.6735
vn 0.3020 -0.7039 0.6429
vn 0.7018 -0.5379 0.4671
vn 0.7262 0.6849 -0.0590
vn -0.0333 -0.9994 0.0060
vn 0.3165 -0.8337 -0.4526
vn 0.3346 0.7310 0.5947
vn -0.2765 0.5863 0.7614
vn 0.0422 -0.6761 0.7356
vn 0.5512 0.1600 0.8189
vn -0.4558 0.8861 -0.0841
vn 0.2210 -0.9674 0.1235
vn -0.9784 -0.0024 0.2066
vn -0.6447 0.7337 0.2146
vn 0.0957 -0.9837 0.1524
vn -0.2977 -0.3852 0.8735
vn 0.8998 -0.4343 0.0431
vn 0.4460 0.1311 0.8854
vn -0.2725 0.5043 0.8194
vn -0.9138 -0.2087 0.3484
vn -0.2485 -0.9685 -0.0160
vn 0.5104 0.5289 -0.6781
vn -0.7333 0.6313 0.2524
vn 0.3116 -0.2634 0.9130
vn -0.3423 0.1002 0.9342
vn 0.3831 -0.0412 0.9228
vn -0.8534 -0.4571 -0.2504
vn -0.2541 -0.5043 0.8253
vn -0.7662 -0.3854 0.5142
vn 0.3173 0.1912 0.9289
vn -0.6163 0.6867 0.3855
vn 0.1011 0.8018 -0.5890
vn 0.7050 -0.5705 -0.4214
vn 0.8976 -0.2491 -0.3638
vn 0.1559 -0.9728 -0.1713
vn -0.9611 0.0701 0.2671
vn -0.1194 -0.3572 0.9264
vn 0.0355 0.6480 0.7608
vn 0.5457 -0.5893 -0.5958
vn 0.1786 -0.6314 -0.7546
vn -0.1840 -0.4117 0.8926
vn -0.6877 0.6164 0.3836
vn -0.9604 0.1261 -0.2486
vn 0.9863 0.0980 -0.1326
vn 0.1493 -0.7633 0.6285
vn -0.5826 -0.7918 0.1833
vn -0.7931 -0.5386 0.2845
vn -0.0508 0.9862 0.1576
vn -0.5338 0.6995 0.4751
vn 0.9305 -0.0454 0.3636
vn 0.1886 0.2920 0.9376
vn -0.2934 0.0048 0.9560
vn -0.0837 -0.0748 0.9937
vn -0.0865 0.6487 0.7561
vn 0.5863 0.2394 -0.7739
vn 0.9730 -0.2283 -0.0340
vn -0.0104 0.2856 0.9583
vn 0.0717 0.2663 0.9612
vn -0.8418 -0.3247 0.4313
vn 0.8287 0.5522 -0.0919
vn 0.9101 -0.4139 0.0198
vn 0.5098 0.8531 -0.1109
vn 0.0143 0.7899 0.6131
vn -0.2100 -0.9096 0.3585
vn -0.8550 -0.4462 0.2645
vn -0.9911 0.0707 0.1127
vn 0.9410 -0.0333 0.3368
vn -0.3664 0.2845 0.8859
vn -0.9345 -0.2391 0.2637
vn 0.0196 -0.0715 0.9972
vn 0.4879 0.8692 -0.0799
vn -0.2693 -0.8366 0.4771
vn -0.1770 0.0801 0.9810
vn 0.7270 0.2467 -0.6408
vn -0.8798 0.3868 -0.2764
vn -0.2707 0.9041 0.3307
vn -0.6886 -0.7247 0.0251
vn 0.9600 -0.0499 -0.2754
vn -0.8110 -0.0836 0.5790
vn 0.9710 0.2257 0.0783
vn 0.1592 -0.6508 0.7423
vn -0.5542 -0.1188 0.8239
vn 0.3968 -0.2951 0.8692
vn 0.4764 -0.8792 -0.0096
vn 0.6223 -0.7802 -0.0638
vn 0.6755 0.4027 0.6176
vn 0.5478 0.7323 -0.4046
vn 0.8527 -0.3264 0.4078
vn 0.7999 0.4593 0.3863
vn -0.8197 -0.2145 0.5312
vn -0.2157 0.7796 0.5880
vn 0.2447 0.1058 -0.9638
vn -0.9217 -0.2138 0.3237
vn 0.0200 0.9211 0.3887
vn -0.1772 -0.1123 0.9778
vn 0.2417 0.0149 0.9702
vn -0.0035 -0.2573 0.9663
vn 0.3749 -0.6644 0.6466
vn -0.7779 -0.5923 0.2097
vn -0.4280 -0.7804 -0.4558
vn -0.8322 0.3984 0.3857
vn -0.6537 0.6149 0.4411
vn -0.6159 -0.3062 0.7259
vn 0.8535 -0.4967 0.1577
vn 0.7661 0.2542 0.5904
vn -0.6878 0.7177 0.1092
vn -0.4740 0.8033 0.3607
vn 0.4806 -0.8545 0.1972
vn -0.4400 0.0737 0.8950
vn 0.9111 0.0029 -0.4122
vn 0.6815 -0.5731 0.4551
vn 0.9770 0.1287 0.1701
vn -0.4408 0.4911 0.7513
vn 0.1355 -0.4674 0.8736
vn -0.1863 0.1272 0.9742
vn -0.6757 0.4569 0.5785
vn 0.7697 0.5450 0.3326
vn -0.4746 -0.7904 -0.3874
vn -0.3615 -0.9322 0.0145
vn -0.8964 -0.4231 0.1321
vn -0.8576 -0.1857 0.4797
vn -0.7018 0.6874 -0.1868
vn -0.6852 0.3263 0.6511
vn 0.8979 0.3984 -0.1873
vn 0.4827 -0.7917 0.3745
vn -0.2382 0.0606 0.9693
vn -0.9936 -0.0872 -0.0722
vn 0.8331 0.4304 0.3474
vn 0.9689 -0.1966 0.1500
vn 0.6607 -0.4355 -0.6114
vn -0.7583 -0.0773 0.6474
vn -0.7440 -0.2317 0.6267
vn -0.3124 -0.8983 0.3090
vn 0.8231 0.5539 -0.1257
vn -0.9761 -0.0017 -0.2173
vn 0.4591 0.8811 0.1134
vn -0.1307 0.2498 0.9594
vn -0.9429 -0.3266 0.0655
vn 0.7424 0.6625 0.0993
vn 0.0727 -0.9356 0.3455
vn 0.5987 -0.8004 0.0308
vn -0.4391 0.6884 0.5773
vn -0.9308 0.0001 0.3656
vn -0.0585 -0.1369 0.9889
vn 0.7642 -0.5857 0.2701
vn 0.8689 0.3472 -0.3527
vn -0.8844 -0.2323 -0.4047
vn -0.9009 0.0074 -0.4339
vn -0.6082 0.6971 0.3797
vn 0.3853 0.9223 0.0293
vn -0.1000 0.9924 0.0718
vn -0.6826 -0.7285 0.0579
vn -0.3836 -0.1994 0.9017
vn 0.6409 -0.6742 -0.3670
vn 0.8542 -0.1685 0.4918
vn -0.7047 0.1126 0.7005
vn 0.6005 -0.7975 0.0580
vn 0.5419 -0.6945 0.4734
vn -0.8536 -0.3761 0.3605
vn 0.9703 0.2365 -0.0498
vn 0.8199 -0.1420 0.5546
vn 0.5670 0.8234 0.0236
vn -0.7604 -0.5766 0.2990
vn 0.7889 0.1218 0.6024
vn -0.7375 -0.6753 -0.0033
vn -0.9311 -0.3528 -0.0922
vn -0.5472 0.5516 0.6296
vn 0.9273 0.3698 0.0581
vn -0.7589 -0.5287 0.3803
vn 0.7321 -0.6050 0.3131
vn -0.8372 0.2504 -0.4862
vn 0.3778 -0.7519 0.5402
vn -0.7566 -0.6332 -0.1631
vn 0.5426 -0.7372 0.4027
vn -0.5456 0.8058 0.2302
vn -0.3469 0.3662 0.8635
vn 0.4415 -0.8893 0.1195
vn 0.7873 -0.0377 0.6154
vn 0.2696 0.9383 0.2165
vn 0.9031 0.1206 0.4122
vn -0.4320 -0.0198 0.9016
vn 0.7301 0.6821 0.0421
vn 0.6241 0.2130 0.7517
vn 0.3666 0.1693 0.9148
vn -0.1506 0.0617 0.9867
vn 0.2674 -0.5126 0.8159
vn -0.0745 0.5742 0.8153
vn -0.7854 0.3122 0.5345
vn 0.8363 0.4995 0.2262
vn 0.7690 0.4596 -0.4443
vn -0.5225 -0.8345 0.1747
vn -0.7742 0.5874 0.2358
vn 0.6233 0.6564 0.4250
vn -0.6279 -0.2252 0.7450
vn -0.2805 -0.4420 0.8521
vn -0.0709 0.9802 0.1851
vn -0.1954 0.5146 0.8349
vn -0.8031 -0.5722 -0.1661
vn -0.1502 0.9528 -0.2639
vn -0.4564 -0.6914 -0.5601
vn -0.6078 -0.5482 0.5745
vn -0.1311 -0.4922 0.8605
vn 0.7379 -0.4894 0.4648
vn -0.2931 -0.2486 0.9232
vn -0.1898 0.5035 0.8429
vn -0.6904 0.1966 0.6962
vn 0.6415 -0.6455 0.4145
vn 0.2436 0.5901 0.7697
vn -0.8214 -0.2144 0.5286
vn -0.7726 -0.3920 0.4995
vn 0.7282 0.3421 0.5938
vn 0.2063 -0.1153 0.9717
vn 0.7629 -0.0307 -0.6458
vn 0.8569 -0.5110 0.0684
vn 0.7999 0.5886 -0.1172
vn -0.4704 0.7047 -0.5311
vn -0.5382 0.8183 0.2018
vn 0.3483 0.8829 -0.3150
vn 0.5402 -0.7529 0.3760
vn -0.2982 -0.2599 0.9184
vn -0.3477 -0.3087 0.8853
vn 0.5234 -0.4821 0.7026
vn 0.7580 -0.5865 0.2855
vn -0.0492 -0.7995 0.5986
vn 0.9454 0.1055 -0.3083
vn -0.5092 -0.7066 -0.4913
vn -0.8002 -0.4986 0.3334
vn 0.0075 -0.1333 0.9911
vn 0.4195 0.0690 0.9051
vn -0.9479 0.1512 0.2805
vn -0.2094 0.0968 0.9730
vn 0.5974 0.8019 -0.0087
vn -0.1069 0.1327 0.9854
vn 0.9044 -0.4235 0.0517
vn 0.6849 -0.3641 0.6311
vn -0.3996 -0.7777 0.4852
vn 0.7313 -0.6372 0.2432
vn -0.7519 0.1202 0.6482
vn -0.4626 -0.8166 0.3454
vn 0.2391 0.3708 0.8974
vn -0.7902 -0.3860 0.4760
vn -0.1224 -0.1063 0.9868
vn 0.0635 0.0384 0.9972
vn 0.1692 0.2174 0.9613
vn -0.8571 -0.1613 0.4893
vn -0.6504 0.1228 -0.7496
vn -0.1165 0.7694 -0.6280
vn 0.7587 0.6397 0.1233
vn 0.0687 0.5748 0.8154
vn -0.1549 -0.9748 0.1604
vn 0.9923 -0.0937 0.0811
vn 0.8395 -0.2772 0.4674
vn -0.1386 0.6078 0.7819
vn 0.0247 0.4009 0.9158
vn 0.0295 0.3871 0.9216
vn -0.3823 -0.3007 0.8737
vn 0.6521 0.2292 0.7227
vn 0.7757 -0.0604 -0.6282
vn -0.0688 -0.5302 -0.8451
vn 0.1044 -0.8272 -0.5522
vn -0.8361 -0.4903 0.2461
vn -0.1878 -0.3111 0.9316
vn -0.0437 0.0445 0.9981
vn 0.1871 -0.7582 0.6246
vn 0.7418 -0.6557 0.1402
vn -0.3954 0.0538 0.9169
vn 0.6454 0.0827 0.7593
vn 0.7786 0.6177 0.1105
vn 0.9096 -0.3570 -0.2125
vn -0.8900 -0.4262 0.1620
vn -0.8857 0.4244 0.1880
vn 0.7916 0.0260 0.6105
vn -0.1367 -0.9166 0.3757
vn -0.5878 0.1410 0.7967
vn -0.4357 -0.8189 0.3735
vn -0.1675 0.9166 -0.3632
vn 0.3557 -0.9309 0.0837
vn -0.1008 -0.4020 0.9101
vn -0.7683 -0.4187 0.4841
vn 0.4240 -0.6446 0.6362
vn 0.2126 -0.4438 0.8706
vn 0.6253 -0.3641 0.6902
vn -0.3548 0.5199 0.7771
vn -0.7179 -0.3534 0.5998
vn -0.5593 0.0471 0.8276
vn -0.9180 -0.3521 0.1823
vn -0.8752 -0.4471 0.1850
vn -0.8442 -0.4668 -0.2634
vn -0.4971 0.6555 -0.5685
vn -0.1890 0.9627 0.1937
vn -0.7518 -0.6518 -0.1001
vn -0.8696 -0.4298 0.2431
vn 0.9253 0.3673 -0.0944
vn -0.7306 -0.6286 -0.2666
vn 0.7996 0.2530 0.5446
vn 0.2641 0.7671 0.5846
vn -0.1255 -0.3540 0.9268
vn -0.5392 -0.1137 0.8345
vn 0.3372 -0.8024 0.4923
vn -0.1089 0.3035 0.9466
vn 0.4251 0.2301 0.8754
vn -0.1527 0.7933 0.5894
vn 0.7558 -0.0855 0.6492
vn -0.5363 -0.4946 0.6839
vn 0.0901 -0.0466 0.9948
vn -0.6778 0.0979 0.7287
vn 0.7396 0.6469 -0.1855
vn 0.6816 -0.4099 -0.6061
vn -0.5174 0.1907 0.8342
vn -0.1055 -0.9432 -0.3150
vn -0.2060 -0.9171 -0.3412
vn -0.7176 -0.5157 -0.4682
vn -0.9169 -0.0841 0.3903
vn -0.4383 0.6822 0.5853
vn 0.0305 0.8327 0.5529
vn 0.9301 -0.3354 0.1496
vn -0.6241 -0.1019 0.7746
vn 0.0111 -0.3656 0.9307
vn -0.4891 -0.0263 0.8719
vn -0.5156 0.1371 0.8458
vn -0.7249 0.0995 0.6817
vn 0.0989 -0.2992 0.9490
vn -0.1469 -0.0292 0.9887
vn 0.9890 -0.0467 -0.1400
vn 0.5792 -0.7052 0.4089
vn -0.6034 0.4086 0.6848
vn -0.6829 -0.7305 -0.0049
vn 0.8714 0.2665 0.4118
vn 0.9859 0.1667 -0.0122
vn -0.1533 -0.8098 -0.5664
vn 0.9676 0.1368 0.2122
vn 0.1282 0.7140 0.6883
vn 0.0007 -0.9810 0.1942
vn -0.0213 -0.8590 0.5115
vn -0.2305 0.2635 0.9367
vn 0.3977 -0.1724 0.9012
vn 0.5035 0.6696 -0.5460
vn -0.2656 0.8249 0.4990
vn 0.5872 0.4039 0.7015
vn -0.8773 0.3020 0.3730
vn -0.0029 -0.3542 0.9352
vn -0.1851 -0.9617 0.2022
vn 0.2106 -0.2607 0.9422
vn 0.0758 0.5197 0.8510
vn -0.9615 -0.0322 0.2728
vn 0.1436 -0.9767 0.1595
vn 0.8633 -0.3921 -0.3177
vn -0.1750 0.0769 0.9816
vn 0.8306 0.5306 0.1687
vn 0.7269 -0.6659 -0.1676
vn 0.7015 -0.2031 0.6831
vn -0.5649 -0.7876 0.2463
vn -0.8203 0.1151 -0.5603
vn -0.5873 0.7967 -0.1426
vn -0.9117 -0.0752 0.4040
vn -0.0557 -0.3173 0.9467
vn -0.4720 -0.8555 0.2130
vn -0.2522 0.5130 0.8205
vn 0.7596 0.3423 0.5531
vn 0.5136 0.0912 0.8532
vn 0.3225 0.2670 0.9081
vn -0.0472 0.9986 -0.0240
vn -0.2970 0.9309 0.2125
vn -0.1590 0.9213 -0.3548
vn 0.1041 0.3992 0.9110
vn -0.4711 -0.2936 0.8318
vn 0.0832 -0.2045 0.9753
vn 0.8811 -0.2498 0.4015
vn 0.4647 -0.8828 0.0690
vn -0.7819 -0.1885 0.5942
vn -0.8269 -0.2972 -0.4774
vn 0.7523 -0.0946 0.6520
vn 0.0298 -0.0018 0.9996
vn -0.0409 -0.9992 0.0042
vn -0.9050 0.2085 0.3708
vn 0.8130 -0.0862 0.5758
vn 0.9686 0.2325 0.0886
vn -0.3240 0.0470 0.9449
vn -0.4791 -0.0449 0.8766
vn -0.2217 -0.7282 -0.6485
vn -0.8974 -0.4310 -0.0947
vn 0.7069 -0.1746 -0.6855
vn -0.7774 0.6254 -0.0675
vn 0.0160 -0.3247 0.9457
vn -0.1500 -0.7737 0.6156
vn -0.3955 0.1137 0.9114
vn 0.1739 -0.9426 0.2850
vn 0.4152 -0.8131 0.4080
vn 0.9508 -0.1671 0.2608
vn 0.1601 0.2542 0.9538
vn 0.1811 0.2878 0.9404
vn -0.8350 -0.2671 0.4810
vn -0.7570 -0.6296 0.1745
vn 0.8676 0.4850 -0.1101
vn 0.1694 0.5188 0.8379
vn -0.3889 -0.9115 0.1341
vn 0.8137 -0.2697 -0.5150
vn -0.2202 -0.4841 0.8469
vn -0.2038 -0.9781 -0.0426
vn -0.2838 0.8439 0.4554
vn -0.0552 0.8928 -0.4471
vn 0.3618 -0.3095 0.8794
vn 0.0509 -0.9882 0.1447
vn -0.3476 0.2836 0.8937
vn -0.8149 0.0764 0.5746
vn -0.7845 -0.6170 -0.0624
vn 0.8067 0.1977 0.5569
vn 0.9182 -0.2144 0.3330
vn -0.9214 -0.1951 -0.3361
vn 0.2139 0.9751 -0.0577
vn 0.2169 0.0879 0.9722
vn -0.1948 -0.0299 0.9804
vn 0.3538 0.2240 0.9081
vn 0.8441 -0.4957 -0.2041
vn 0.9532 -0.1861 0.2382
vn 0.4059 0.7988 -0.4440
vn 0.9300 0.2857 0.2311
vn -0.9927 -0.0429 0.1130
vn 0.5239 0.5300 -0.6668
vn -0.1300 -0.7673 0.6280
vn -0.8297 -0.3230 0.4553
vn -0.8339 -0.3962 0.3844
vn 0.2345 0.2742 0.9327
vn -0.1480 0.9757 -0.1617
vn 0.1063 0.8355 0.5391
vn 0.2054 0.4683 0.8593
vn 0.9060 0.4056 0.1210
vn 0.5193 0.3243 0.7906
vn 0.8711 0.0557 0.4880
vn -0.9025 -0.4145 0.1168
vn -0.1381 -0.4855 0.8633
vn -0.4767 -0.0730 0.8760
vn 0.7911 0.3828 -0.4770
vn -0.8528 -0.4388 0.2830
vn -0.9858 -0.0592 0.1574
vn 0.9194 -0.3739 0.1223
vn -0.5730 0.3146 0.7568
vn 0.5803 -0.6024 -0.5481
vn -0.8079 -0.5892 -0.0086
vn -0.3929 -0.0531 0.9180
vn -0.2253 -0.7681 0.5994
vn 0.0853 -0.0743 0.9936
vn 0.9395 -0.1409 0.3122
vn -0.9045 0.4087 0.1221
vn 0.6616 -0.6873 0.3000
vn -0.8837 0.1572 0.4409
vn -0.4396 -0.1428 0.8868
vn -0.8266 -0.5196 0.2161
vn -0.0603 0.7691 0.6362
vn -0.6785 -0.1046 0.7271
vn 0.2268 -0.0393 -0.9731
vn 0.2159 -0.4657 -0.8582
vn -0.1710 -0.9289 0.3285
vn -0.6370 -0.0459 0.7695
vn -0.7173 -0.3885 0.5784
vn 0.5611 0.1893 0.8058
vn -0.2229 0.5150 -0.8277
vn 0.0516 -0.9278 0.3695
vn 0.3519 0.6044 0.7147
vn 0.2169 -0.2849 0.9337
vn -0.9913 -0.1111 0.0702
vn -0.3434 0.8927 0.2919
vn 0.0080 -0.9612 0.2757
vn 0.1859 0.3000 0.9356
vn 0.4278 -0.5094 -0.7467
vn 0.3166 -0.8634 0.3928
vn 0.3687 -0.7830 0.5009
vn 0.3940 0.4016 0.8268
vn 0.9013 0.2077 -0.3802
vn 0.1040 -0.8304 -0.5473
vn 0.7452 -0.4195 -0.5184
vn -0.3513 0.7753 -0.5249
vn 0.0594 0.6464 -0.7607
vn -0.7550 -0.1971 0.6254
vn -0.1382 -0.4241 0.8950
vn 0.7085 0.3181 0.6300
vn 0.2107 0.0160 0.9774
vn 0.5058 0.3713 -0.7787
vn -0.0584 -0.4824 0.8740
vn -0.9288 -0.1253 0.3486
vn -0.5935 -0.3278 0.7351
vn -0.2102 -0.7255 0.6553
vn -0.6733 -0.5009 -0.5438
vn 0.2251 -0.5320 -0.8163
vn -0.3525 -0.5051 0.7878
vn 0.2006 0.4779 0.8552
vn 0.5738 0.1437 0.8063
vn 0.7144 -0.1518 0.6831
vn 0.0036 -0.5182 0.8552
vn -0.4384 0.8040 0.4018
vn 0.6051 -0.1962 -0.7716
vn 0.4557 -0.6863 0.5669
vn -0.8443 0.0628 0.5322
vn -0.4648 0.8068 -0.3647
vn -0.4350 -0.7223 0.5377
vn -0.3451 0.7195 0.6027
vn -0.8548 0.3855 0.3475
vn -0.0828 -0.8121 -0.5776
vn 0.8798 -0.3655 -0.3038
vn -0.3912 0.7551 -0.5262
vn 0.5957 -0.4876 0.6383
vn 0.8040 0.2293 0.5486
vn -0.3253 -0.4400 0.8370
vn 0.3647 -0.4528 0.8136
vn 0.1348 0.2264 0.9647
vn -0.2462 -0.3741 0.8941
vn 0.3036 0.1059 0.9469
vn 0.9667 -0.1296 0.2208
vn -0.6786 -0.0172 0.7343
vn 0.2916 0.0259 0.9562
vn -0.5483 -0.4168 0.7250
vn 0.0484 -0.4757 0.8783
vn 0.2308 0.8966 0.3778
vn -0.4766 0.6882 0.5471
vn 0.5422 -0.7577 -0.3633
vn 0.1688 0.8422 -0.5121
vn -0.7100 0.5589 0.4285
vn 0.8072 0.4315 -0.4027
vn 0.7585 -0.5415 -0.3626
vn 0.9173 0.0812 -0.3897
vn -0.5775 -0.4817 0.6591
vn -0.6408 -0.7493 0.1669
vn -0.8767 -0.4203 0.2339
vn 0.4667 0.6117 0.6388
vn -0.5421 -0.0975 0.8346
vn -0.9894 0.1048 0.1008
vn -0.9028 0.4260 -0.0585
vn -0.6900 -0.2969 0.6602
vn -0.7332 -0.6800 -0.0047
vn -0.9893 0.1284 -0.0697
vn 0.8334 0.0686 -0.5484
vn -0.5234 0.8298 -0.1935
vn -0.7352 0.3439 0.5841
vn -0.2049 0.6453 0.7360
vn -0.3754 0.7931 0.4797
vn -0.0370 0.7561 0.6534
vn 0.6913 0.6880 0.2208
vn -0.3568 -0.8490 -0.3897
vn -0.4055 0.8807 -0.2449
vn 0.5423 0.6115 -0.5762
vn -0.3637 -0.6415 0.6754
vn 0.3583 -0.5195 0.7757
vn 0.4660 0.1007 0.8790
vn 0.3162 -0.6817 -0.6598
vn 0.8423 -0.5186 0.1474
vn 0.7132 -0.1567 0.6832
vn -0.4827 0.2534 0.8383
vn -0.1148 -0.1788 0.9772
vn 0.2532 0.8628 0.4376
vn -0.7767 -0.3300 -0.5365
vn 0.4102 -0.9066 -0.0989
vn 0.7765 -0.2880 -0.5605
vn 0.2315 -0.0025 -0.9728
vn -0.7132 0.1961 0.6729
vn 0.4303 0.2595 0.8646
vn 0.9916 0.0997 0.0828
vn -0.1499 -0.9574 -0.2469
vn 0.3343 -0.8242 -0.4571
vn -0.1794 0.9597 -0.2163
vn 0.5869 -0.3871 0.7111
vn -0.0455 0.8764 0.4793
vn -0.2454 -0.9569 -0.1555
vn 0.0993 -0.6565 -0.7477
vn 0.6569 0.1139 -0.7453
vn -0.1981 -0.7080 0.6779
vn 0.1457 -0.7440 0.6521
vn 0.6038 0.4276 0.6727
vn 0.5157 0.2475 0.8203
vn -0.9913 0.1253 -0.0413
vn -0.5359 -0.2781 0.7972
vn -0.6707 0.0804 0.7374
vn -0.5677 -0.6450 0.5115
vn 0.3825 0.3657 0.8485
vn -0.8179 0.0858 0.5690
vn -0.4441 -0.8067 -0.3899
vn 0.7224 0.1349 -0.6782
vn -0.6557 0.4003 0.6402
vn 0.5522 -0.2683 0.7894
vn -0.5185 -0.8507 0.0861
vn -0.0343 0.0393 0.9986
vn 0.4241 -0.3454 0.8371
vn 0.9171 0.2320 0.3242
vn 0.3718 -0.9232 0.0974
vn 0.9685 -0.2490 0.0107
vn 0.8839 -0.1175 0.4528
vn 0.1276 0.3815 0.9155
vn -0.2008 0.6553 0.7282
vn -0.9115 -0.4042 0.0762
vn 0.4513 -0.2095 0.8674
vn 0.3630 0.1888 0.9125
vn -0.8396 -0.1373 0.5256
vn 0.1038 0.5755 0.8112
vn 0.3518 0.1879 0.9170
vn -0.0541 -0.8939 -0.4449
vn -0.5753 -0.0164 0.8178
vn -0.5525 0.7145 0.4292
vn -0.1785 -0.9758 0.1261
vn 0.5211 -0.0436 -0.8524
vn -0.7944 -0.4142 0.4443
vn 0.3822 0.0990 -0.9188
vn 0.3550 -0.2115 -0.9106
vn 0.6182 0.6974 -0.3627
vn 0.8369 -0.0672 0.5433
vn 0.4285 0.5084 0.7469
vn -0.0298 -0.2470 0.9686
vn 0.1612 -0.9769 -0.1405
vn -0.1958 -0.9803 0.0253
vn -0.9179 0.2067 -0.3389
vn -0.2684 0.1083 0.9572
vn -0.5763 0.7144 0.3970
vn 0.2287 0.1636 0.9597
vn -0.6423 -0.7343 0.2196
vn -0.3959 0.5127 0.7618
vn 0.0692 0.5945 0.8011
vn -0.4821 -0.8530 0.1998
vn -0.1922 -0.9733 0.1254
vn 0.9288 -0.2591 0.2647
vn -0.3235 0.8953 -0.3063
vn -0.8703 0.0345 0.4914
vn 0.7382 -0.5378 0.4073
vn -0.2488 -0.0912 0.9643
vn -0.5954 0.7822 -0.1833
vn 0.6953 -0.7178 0.0369
vn -0.3093 0.9506 -0.0265
vn 0.3387 -0.4808 0.8087
vn 0.4014 0.7707 0.4948
vn -0.2791 -0.9576 -0.0714
vn 0.2600 -0.3393 0.9040
vn -0.2539 -0.9099 -0.3280
vn 0.7681 -0.3534 0.5340
vn 0.2705 0.5637 0.7804
vn 0.4176 -0.8287 -0.3726
vn 0.4065 -0.0929 -0.9089
vn 0.3267 0.4766 -0.8161
vn 0.0570 0.9790 0.1958
vn -0.5162 0.8082 -0.2834
vn 0.0048 -0.5991 0.8006
vn 0.0583 0.2001 0.9780
vn 0.6545 0.2392 0.7172
vn -0.0814 -0.1023 0.9914
vn -0.0419 -0.8993 0.4353
vn -0.4503 -0.8794 0.1546
vn -0.2000 -0.7644 0.6129
vn 0.5280 0.1231 0.8403
vn -0.0775 0.9256 0.3705
vn -0.6063 0.3201 0.7279
vn 0.4559 -0.8093 -0.3705
vn 0.6829 0.1079 0.7225
vn 0.6846 -0.1937 -0.7028
vn -0.6675 0.0659 0.7416
vn 0.7609 -0.0176 -0.6486
vn -0.5508 0.8174 0.1690
vn -0.0205 0.7920 0.6101
vn 0.4310 -0.6951 0.5754
vn 0.2783 -0.8363 0.4724
vn -0.2848 -0.9510 0.1207
vn 0.8389 -0.3795 0.3901
vn 0.6381 -0.3171 0.7016
vn 0.2225 -0.9666 -0.1274
vn 0.3002 -0.7613 -0.5748
vn 0.3761 -0.8297 0.4125
vn 0.5904 -0.7932 0.1496
vn -0.6659 -0.2452 0.7046
vn 0.2786 0.8590 -0.4296
vn 0.3875 0.5015 -0.7735
vn -0.6937 0.7187 -0.0471
vn 0.1946 0.9803 -0.0325
vn 0.2183 -0.8587 -0.4637
vn 0.4615 -0.5623 -0.6862
vn 0.4344 -0.6568 0.6163
vn -0.7523 0.5216 -0.4025
vn 0.7432 0.5739 0.3439
vn 0.9126 0.2820 0.2960
vn 0.1221 -0.9317 0.3422
vn -0.0725 -0.6814 0.7283
vn 0.4912 -0.8338 0.2519
vn 0.2621 -0.8161 0.5151
vn -0.8308 -0.5390 0.1386
vn 0.9295 -0.2948 0.2217
vn 0.3874 -0.3384 -0.8576
vn 0.7215 -0.6860 -0.0938
vn -0.5431 -0.8169 0.1942
vn 0.2776 -0.9117 0.3028
vn -0.6589 0.6547 0.3703
vn 0.1302 0.9513 -0.2794
vn 0.5764 -0.6015 -0.5532
vn -0.9681 -0.1895 -0.1642
vn -0.3004 -0.6405 0.7067
vn 0.4480 -0.6595 -0.6036
vn -0.2265 -0.8043 0.5493
vn 0.5983 -0.7982 -0.0698
vn -0.3520 0.8830 0.3105
vn 0.6769 0.6616 0.3227
vn -0.3109 0.9110 0.2710
vn 0.7746 -0.4461 -0.4484
vn -0.9941 0.0758 0.0781
vn 0.4290 -0.6422 -0.6353
vn 0.5917 0.1260 0.7963
vn 0.4047 0.3443 0.8471
vn -0.4052 0.2824 0.8695
vn -0.1325 0.5242 0.8412
vn -0.1546 -0.9454 0.2869
vn -0.4682 -0.6617 0.5856
vn 0.8270 -0.5489 -0.1213
vn -0.5838 -0.6461 0.4917
vn -0.7615 -0.4351 0.4803
vn 0.5447 0.5138 -0.6628
vn 0.0406 0.9752 0.2178
vn 0.7778 0.5838 -0.2327
vn -0.5699 0.8134 -0.1167
vn -0.4650 0.8587 -0.2155
vn 0.7180 0.3511 0.6010
vn 0.4455 -0.8296 0.3366
vn 0.6960 -0.6738 0.2481
vn -0.2770 -0.6127 0.7402
vn -0.3183 0.7087 0.6297
vn 0.3345 0.1997 0.9210
vn 0.7582 0.5774 0.3028
vn 0.7957 -0.5197 0.3109
vn -0.4932 -0.0163 0.8698
vn 0.0354 -0.4072 0.9127
vn -0.3508 0.8502 0.3927
vn 0.6429 -0.2979 0.7056
vn -0.2209 0.3716 0.9017
vn 0.0680 -0.9476 0.3120
vn 0.8985 -0.3478 -0.2680
vn -0.3521 0.6807 0.6424
vn 0.8933 0.2727 0.3573
vn -0.2612 0.8837 0.3885
vn 0.7822 0.5869 -0.2093
vn -0.7231 0.2499 0.6439
vn -0.0602 -0.7104 0.7012
vn -0.4477 -0.3120 0.8380
vn 0.5729 -0.0312 0.8191
vn 0.5838 -0.6138 0.5314
vn 0.0830 0.9935 0.0777
vn -0.3917 0.8146 0.4278
vn 0.6162 -0.6844 -0.3897
vn 0.2289 0.3656 0.9022
vn 0.0232 0.3837 0.9232
vn 0.5814 -0.7715 0.2584
vn 0.8406 0.5067 -0.1917
vn 0.8289 -0.1044 0.5495
vn -0.4373 0.8857 0.1559
vn -0.2460 0.7415 0.6242
vn -0.1878 -0.6205 0.7614
vn -0.7724 0.0123 0.6351
vn -0.2342 0.9487 0.2122
vn -0.0716 -0.6857 -0.7244
vn -0.4492 0.6738 -0.5867
vn 0.7215 0.0646 -0.6894
vn 0.3589 0.9143 -0.1875
vn 0.2835 0.1712 0.9436
vn 0.2942 -0.9533 0.0676
vn -0.5651 0.6312 0.5312
vn -0.8169 0.5671 0.1054
vn 0.4376 -0.7906 0.4282
vn -0.1689 0.1992 0.9653
vn 0.8835 -0.4173 -0.2131
vn -0.8229 0.5373 -0.1848
vn 0.2829 -0.4480 0.8481
vn -0.3014 0.0862 0.9496
vn -0.5210 -0.5005 0.6914
vn -0.5861 -0.6591 0.4713
vn -0.6131 -0.6171 0.4932
vn -0.6303 0.4152 0.6560
vn -0.2364 -0.1034 0.9661
vn 0.0849 0.1878 0.9785
vn 0.9094 -0.4079 0.0809
vn -0.9053 -0.4239 -0.0274
vn 0.9641 0.0645 -0.2576
vn 0.5089 0.7852 -0.3528
vn -0.5362 0.0265 0.8437
vn -0.4575 0.4286 0.7791
vn 0.0780 0.8664 0.4932
vn 0.1518 -0.1160 0.9816
vn -0.5858 -0.0341 0.8097
vn 0.1511 -0.8647 -0.4790
vn 0.8280 -0.5591 0.0424
vn -0.0502 0.9966 0.0645
vn 0.3357 -0.9400 0.0603
vn 0.9375 0.2805 0.2061
vn -0.6028 0.6322 0.4868
vn -0.0674 -0.9688 0.2385
vn 0.7967 0.6023 -0.0498
vn -0.7206 -0.5410 0.4337
vn -0.7651 0.3586 0.5348
vn -0.0137 0.0595 0.9981
vn -0.7650 0.4449 0.4656
vn 0.7994 -0.5934 -0.0937
vn 0.0259 0.5424 0.8397
vn -0.3406 -0.7819 0.5222
vn -0.7129 -0.5507 0.4342
vn 0.7789 -0.6258 0.0412
vn 0.4499 -0.5895 0.6709
vn -0.7040 -0.5765 0.4148
vn -0.7532 0.6480 0.1131
vn -0.7913 0.5568 0.2527
vn 0.1135 0.9828 0.1459
vn -0.6882 0.3123 0.6548
vn 0.6397 -0.7474 0.1795
vn 0.6178 0.0627 0.7838
vn -0.8203 0.2776 0.5000
vn 0.6771 -0.6560 0.3337
vn -0.2763 0.4079 0.8702
vn 0.8467 -0.0352 0.5308
vn 0.3298 -0.8062 0.4912
vn 0.9907 -0.1302 -0.0388
vn -0.8380 0.2987 0.4567
vn 0.0776 0.4133 0.9073
vn 0.8462 0.5302 -0.0531
vn 0.1754 -0.8246 0.5379
vn -0.5059 -0.0799 0.8589
vn 0.9059 0.3050 -0.2937
vn 0.9143 -0.2885 -0.2841
vn -0.1300 0.8551 0.5020
vn 0.6014 -0.7484 -0.2795
vn -0.8921 -0.0972 0.4413
vn -0.8445 -0.5338 -0.0438
vn -0.0815 -0.7068 -0.7027
vn -0.8740 0.1008 0.4754
vn 0.9505 -0.3108 -0.0032
vn 0.5267 0.7958 0.2988
vn -0.5995 -0.7590 0.2541
vn 0.7544 0.6342 -0.1696
vn 0.4247 -0.7306 -0.5347
vn 0.5582 0.6324 0.5371
vn 0.0144 -0.8892 0.4572
vn 0.1202 0.0917 0.9885
vn -0.4119 -0.8499 0.3288
vn 0.7781 0.6099 -0.1500
vn -0.7102 0.6084 0.3542
vn -0.4062 0.0968 -0.9086
vn -0.4430 -0.8940 -0.0673
vn -0.1090 0.4853 -0.8676
vn 0.2686 -0.1983 -0.9426
vn -0.6596 -0.3336 -0.6735
vn -0.8409 -0.0324 0.5403
vn 0.9113 -0.3970 0.1092
vn 0.9778 -0.2060 0.0385
vn 0.0743 -0.5165 -0.8530
vn 0.7334 0.2200 -0.6432
vn -0.1589 0.6160 0.7716
vn -0.7465 0.6512 0.1365
vn -0.1913 0.8371 0.5124
vn 0.7979 0.1614 0.5808
vn 0.4124 0.7941 0.4466
vn 0.3710 0.8660 0.3353
vn -0.1701 -0.3950 0.9028
vn -0.7595 -0.0125 0.6504
vn 0.7968 0.0380 -0.6030
vn 0.9238 0.3788 -0.0554
vn -0.3436 0.0074 -0.9391
vn -0.6525 -0.7577 0.0019
vn 0.9278 -0.3439 -0.1445
vn 0.5689 0.5199 0.6372
vn -0.6671 -0.6986 -0.2588
vn -0.8863 -0.0459 0.4609
vn 0.7929 0.5647 0.2289
vn -0.1481 0.5004 0.8530
vn 0.4253 -0.2887 0.8578
vn -0.5766 -0.6024 0.5520
vn -0.5427 0.3637 0.7571
vn -0.2784 -0.0995 0.9553
vn 0.1950 0.2226 0.9552
vn 0.3054 -0.8976 0.3179
vt 0.994047 0.409345
vt 0.999965 0.404380
vt 0.999828 0.429952
vt 0.901415 0.286030
vt 0.905034 0.292001
vt 0.894698 0.296339
vt 0.099346 0.339168
vt 0.101113 0.336496
vt 0.110679 0.352895
vt 0.884669 0.276745
vt 0.893648 0.277512
vt 0.983507 0.441744
vt 0.956862 0.454903
vt 0.951473 0.448725
vt 0.980152 0.462741
vt 0.950625 0.471564
vt 0.904340 0.279822
vt 0.913164 0.286816
vt 0.558546 0.074437
vt 0.538073 0.072470
vt 0.553221 0.068090
vt 0.087531 0.372756
vt 0.559482 0.081965
vt 0.982587 0.482907
vt 0.088169 0.343448
vt 0.084644 0.327175
vt 0.081862 0.367670
vt 0.896348 0.274095
vt 0.539566 0.048258
vt 0.555546 0.052047
vt 0.924394 0.295770
vt 0.924927 0.303750
vt 0.912278 0.278354
vt 0.680711 0.202704
vt 0.689783 0.201457
vt 0.698623 0.210399
vt 0.707279 0.222181
vt 0.078738 0.332531
vt 0.714694 0.218601
vt 0.573781 0.076112
vt 0.560787 0.623241
vt 0.529748 0.603034
vt 0.538656 0.601590
vt 0.696265 0.220417
vt 0.678696 0.576451
vt 0.672691 0.572194
vt 0.673719 0.560451
vt 0.078652 0.359215
vt 0.641635 0.751562
vt 0.665272 0.741033
vt 0.643396 0.758184
vt 0.705654 0.246961
vt 0.681489 0.549693
vt 0.689021 0.556251
vt 0.712061 0.200469
vt 0.073128 0.328502
vt 0.522439 0.588895
vt 0.578767 0.080578
vt 0.567164 0.086100
vt 0.563517 0.049725
vt 0.575787 0.064268
vt 0.915923 0.264558
vt 0.679868 0.192370
vt 0.674946 0.198496
vt 0.535468 0.569745
vt 0.522677 0.576252
vt 0.881335 0.265547
vt 0.654688 0.764138
vt 0.070256 0.355246
vt 0.510009 0.592784
vt 0.533829 0.547153
vt 0.527303 0.563964
vt 0.521093 0.549820
vt 0.674873 0.544322
vt 0.887809 0.264785
vt 0.652943 0.184284
vt 0.673593 0.758030
vt 0.692168 0.236637
vt 0.696598 0.181323
vt 0.513122 0.574595
vt 0.937888 0.288423
vt 0.925294 0.279609
vt 0.674797 0.749179
vt 0.588018 0.077331
vt 0.504155 0.582101
vt 0.922331 0.273458
vt 0.924427 0.263509
vt 0.644350 0.769606
vt 0.661272 0.554847
vt 0.060473 0.320384
vt 0.514998 0.565512
vt 0.903668 0.256902
vt 0.061566 0.371288
vt 0.682091 0.534174
vt 0.580774 0.097736
vt 0.084529 0.781809
vt 0.082239 0.757493
vt 0.087376 0.763724
vt 0.624986 0.770570
vt 0.697768 0.539095
vt 0.555373 0.100893
vt 0.536452 0.082248
vt 0.095291 0.397181
vt 0.937449 0.321153
vt 0.440089 0.077803
vt 0.429593 0.064117
vt 0.433858 0.044048
vt 0.600383 0.082222
vt 0.589862 0.060938
vt 0.577017 0.051568
vt 0.499548 0.637049
vt 0.686185 0.746887
vt 0.703051 0.564276
vt 0.691292 0.577225
vt 0.671962 0.523004
vt 0.723847 0.186819
vt 0.288909 0.970208
vt 0.285589 0.975001
vt 0.282472 0.970162
vt 0.489612 0.613723
vt 0.050998 0.380349
vt 0.941519 0.281064
vt 0.667949 0.769499
vt 0.641599 0.561522
vt 0.301583 0.978902
vt 0.109432 0.194328
vt 0.130365 0.217943
vt 0.127215 0.225583
vt 0.498978 0.562215
vt 0.085702 0.006642
vt 0.082889 0.009773
vt 0.075040 0.001377
vt 0.763697 0.414853
vt 0.754771 0.427051
vt 0.746646 0.420087
vt 0.281162 0.985351
vt 0.441602 0.041131
vt 0.672171 0.171483
vt 0.677149 0.765666
vt 0.644417 0.582775
vt 0.685133 0.820178
vt 0.702860 0.786288
vt 0.718079 0.816133
vt 0.287618 0.966039
vt 0.015016 0.439916
vt 0.009878 0.433947
vt 0.020719 0.441308
vt 0.496681 0.550575
vt 0.506832 0.538665
vt 0.930344 0.267957
vt 0.086637 0.012825
vt 0.097903 0.760006
vt 0.659835 0.776966
vt 0.709900 0.555478
vt 0.594931 0.062505
vt 0.726365 0.785591
vt 0.737068 0.808656
vt 0.036226 0.264278
vt 0.037581 0.252635
vt 0.051746 0.260014
vt 0.024918 0.435085
vt 0.011997 0.424413
vt 0.491211 0.573585
vt 0.922581 0.259050
vt 0.369775 0.936732
vt 0.373392 0.940933
vt 0.370797 0.949045
vt 0.386645 0.939499
vt 0.383198 0.943793
vt 0.733293 0.403768
vt 0.759167 0.402998
vt 0.657728 0.532467
vt 0.599943 0.075739
vt 0.033477 0.259996
vt 0.307149 0.976139
vt 0.292628 0.966237
vt 0.009532 0.447545
vt 0.030285 0.486392
vt 0.046736 0.495776
vt 0.041741 0.499238
vt 0.917128 0.252044
vt 0.935388 0.159635
vt 0.937891 0.144906
vt 0.959149 0.157372
vt 0.097521 0.254473
vt 0.115000 0.238123
vt 0.131723 0.274235
vt 0.052566 0.249262
vt 0.058386 0.262020
vt 0.062455 0.245788
vt 0.067761 0.263856
vt 0.495503 0.591143
vt 0.421568 0.034332
vt 0.086492 0.000648
vt 0.674073 0.777621
vt 0.732905 0.426672
vt 0.144218 0.224597
vt 0.676742 0.792737
vt 0.682714 0.794896
vt 0.715987 0.576582
vt 0.704493 0.583783
vt 0.715265 0.162217
vt 0.284787 0.424229
vt 0.276294 0.436328
vt 0.267294 0.425104
vt 0.243808 0.014782
vt 0.242080 0.006654
vt 0.253011 0.010328
vt 0.073956 0.711704
vt 0.075463 0.728706
vt 0.068834 0.717087
vt 0.066496 0.748031
vt 0.084358 0.736984
vt 0.649909 0.780110
vt 0.662684 0.790125
vt 0.336566 0.981481
vt 0.342439 0.977209
vt 0.343626 0.980863
vt 0.031025 0.251557
vt 0.146999 0.242556
vt 0.024385 0.442530
vt 0.032583 0.439316
vt 0.494425 0.535606
vt 0.258995 0.435093
vt 0.810128 0.978260
vt 0.796135 0.975055
vt 0.805030 0.973777
vt 0.385655 0.949997
vt 0.953528 0.136134
vt 0.725670 0.417377
vt 0.630227 0.569028
vt 0.731944 0.779702
vt 0.742557 0.804312
vt 0.282254 0.946036
vt 0.539347 0.401244
vt 0.543787 0.426149
vt 0.531686 0.429392
vt 0.830611 0.971837
vt 0.813556 0.988813
vt 0.088107 0.724667
vt 0.076277 0.734663
vt 0.692512 0.785670
vt 0.761839 0.380644
vt 0.751992 0.381691
vt 0.746788 0.447581
vt 0.596094 0.103057
vt 0.352763 0.984014
vt 0.045187 0.243706
vt 0.424972 0.027556
vt 0.080751 0.248305
vt 0.812849 0.972186
vt 0.799275 0.963283
vt 0.270321 0.014395
vt 0.395639 0.957090
vt 0.067472 0.729153
vt 0.716801 0.564783
vt 0.641901 0.546665
vt 0.175627 0.023359
vt 0.169719 0.026114
vt 0.167788 0.014118
vt 0.155299 0.210739
vt 0.413762 0.038340
vt 0.266804 0.450323
vt 0.260663 0.456863
vt 0.241538 0.448991
vt 0.276675 0.466736
vt 0.237411 0.473911
vt 0.235829 0.469121
vt 0.244438 0.458499
vt 0.091605 0.745977
vt 0.761713 0.445088
vt 0.155670 0.232294
vt 0.029467 0.423962
vt 0.015247 0.411205
vt 0.978303 0.401892
vt 0.969254 0.433740
vt 0.957712 0.417408
vt 0.400684 0.967089
vt 0.399085 0.968957
vt 0.732452 0.441723
vt 0.024331 0.455868
vt 0.032204 0.431252
vt 0.023645 0.501895
vt 0.034261 0.509214
vt 0.928829 0.248639
vt 0.223429 0.450367
vt 0.275629 0.002016
vt 0.697370 0.790175
vt 0.467286 0.673068
vt 0.476764 0.667786
vt 0.477778 0.678639
vt 0.609695 0.047097
vt 0.736304 0.777281
vt 0.304596 0.943791
vt 0.759398 0.957788
vt 0.753609 0.942708
vt 0.776445 0.944766
vt 0.420025 0.062919
vt 0.544649 0.445249
vt 0.955329 0.434935
vt 0.229373 0.439701
vt 0.696634 0.774141
vt 0.689797 0.766504
vt 0.607531 0.077721
vt 0.310654 0.945214
vt 0.056993 0.514103
vt 0.068172 0.480623
vt 0.158262 0.222962
vt 0.748879 0.961978
vt 0.604564 0.943849
vt 0.600895 0.957259
vt 0.584427 0.955589
vt 0.259995 0.310407
vt 0.256720 0.300429
vt 0.269309 0.306018
vt 0.741280 0.385635
vt 0.753339 0.372959
vt 0.618067 0.052674
vt 0.701807 0.769723
vt 0.335425 0.966585
vt 0.358358 0.966775
vt 0.036787 0.424699
vt 0.760038 0.921844
vt 0.250621 0.418835
vt 0.538750 0.455814
vt 0.510155 0.447512
vt 0.510865 0.413548
vt 0.097114 0.737957
vt 0.086192 0.735602
vt 0.930130 0.149747
vt 0.719746 0.552310
vt 0.723009 0.556928
vt 0.735528 0.170329
vt 0.745241 0.183585
vt 0.570182 0.122198
vt 0.151311 0.273044
vt 0.156207 0.247536
vt 0.032034 0.450292
vt 0.582912 0.948823
vt 0.232739 0.433700
vt 0.471029 0.644536
vt 0.637181 0.533192
vt 0.610150 0.101536
vt 0.361681 0.969525
vt 0.176024 0.043580
vt 0.261219 0.318679
vt 0.235967 0.305356
vt 0.933588 0.244216
vt 0.281492 0.017268
vt 0.279725 0.025929
vt 0.743437 0.376276
vt 0.169124 0.044384
vt 0.742122 0.942592
vt 0.741078 0.960083
vt 0.038646 0.415612
vt 0.241933 0.299277
vt 0.284866 0.008085
vt 0.457676 0.677137
vt 0.459291 0.648874
vt 0.448572 0.664916
vt 0.726402 0.580121
vt 0.728662 0.570371
vt 0.030127 0.286136
vt 0.072811 0.308809
vt 0.030127 0.327727
vt 0.553389 0.460453
vt 0.740304 0.580958
vt 0.762707 0.468899
vt 0.169445 0.228647
vt 0.172002 0.046760
vt 0.747591 0.925498
vt 0.041497 0.417541
vt 0.102617 0.746853
vt 0.723613 0.388784
vt 0.736560 0.566278
vt 0.737048 0.942316
vt 0.246553 0.294052
vt 0.509485 0.478353
vt 0.097162 0.731102
vt 0.102910 0.737773
vt 0.397437 0.075829
vt 0.407601 0.068576
vt 0.408988 0.101833
vt 0.749786 0.345501
vt 0.746094 0.332085
vt 0.751495 0.327941
vt 0.731274 0.380806
vt 0.624538 0.554041
vt 0.723607 0.767719
vt 0.232193 0.300901
vt 0.418016 0.024493
vt 0.046356 0.410899
vt 0.223628 0.422298
vt 0.105042 0.729802
vt 0.422432 0.068740
vt 0.433184 0.103907
vt 0.743445 0.367149
vt 0.754927 0.366255
vt 0.752247 0.159226
vt 0.167376 0.058821
vt 0.166592 0.052375
vt 0.172313 0.049180
vt 0.298837 0.671037
vt 0.305697 0.645870
vt 0.324593 0.639436
vt 0.752637 0.912274
vt 0.164386 0.214528
vt 0.410194 0.028054
vt 0.240412 0.407972
vt 0.538789 0.476758
vt 0.423896 0.108799
vt 0.738245 0.465204
vt 0.579542 0.601811
vt 0.583355 0.617852
vt 0.569440 0.615648
vt 0.287034 0.648125
vt 0.285939 0.674114
vt 0.329468 0.655649
vt 0.209733 0.323343
vt 0.217527 0.313721
vt 0.220275 0.317175
vt 0.237654 0.294877
vt 0.243190 0.284911
vt 0.098423 0.726804
vt 0.372274 0.078877
vt 0.387951 0.076815
vt 0.388708 0.111687
vt 0.481951 0.646408
vt 0.116819 0.739307
vt 0.492638 0.669564
vt 0.442220 0.083645
vt 0.748001 0.771813
vt 0.725900 0.756668
vt 0.574448 0.622923
vt 0.205318 0.081664
vt 0.190383 0.065243
vt 0.204395 0.062017
vt 0.724553 0.948756
vt 0.729222 0.961359
vt 0.545058 0.954637
vt 0.546939 0.975307
vt 0.535845 0.963850
vt 0.496106 0.644679
vt 0.432929 0.112817
vt 0.732492 0.373819
vt 0.744210 0.357775
vt 0.758136 0.349301
vt 0.746414 0.365041
vt 0.510965 0.489128
vt 0.110101 0.737147
vt 0.733499 0.339737
vt 0.926640 0.132469
vt 0.613864 0.541037
vt 0.624227 0.059959
vt 0.004123 0.819354
vt 0.005638 0.799306
vt 0.015686 0.814836
vt 0.205902 0.032178
vt 0.203609 0.042546
vt 0.192269 0.028142
vt 0.572933 0.963492
vt 0.224085 0.401975
vt 0.531948 0.974679
vt 0.731345 0.367356
vt 0.935377 0.128786
vt 0.945621 0.116510
vt 0.963009 0.123841
vt 0.414045 0.524556
vt 0.407218 0.529725
vt 0.399679 0.523536
vt 0.228171 0.310087
vt 0.217262 0.303964
vt 0.199891 0.049847
vt 0.191357 0.046542
vt 0.290681 0.699481
vt 0.284167 0.687620
vt 0.296984 0.691339
vt 0.212965 0.410719
vt 0.540889 0.493231
vt 0.451982 0.093697
vt 0.450487 0.110413
vt 0.507520 0.668835
vt 0.501291 0.678340
vt 0.309225 0.673782
vt 0.025878 0.818989
vt 0.343763 0.657781
vt 0.335413 0.664773
vt 0.199111 0.086629
vt 0.177331 0.062496
vt 0.736452 0.934996
vt 0.296722 0.679307
vt 0.233661 0.277339
vt 0.237162 0.276422
vt 0.426737 0.127017
vt 0.918228 0.136955
vt 0.721166 0.371219
vt 0.734459 0.352449
vt 0.149622 0.069184
vt 0.004218 0.785681
vt 0.016569 0.793923
vt 0.025636 0.791892
vt 0.016024 0.780589
vt 0.300448 0.701598
vt 0.575719 0.944266
vt 0.565758 0.957235
vt 0.211221 0.398345
vt 0.389775 0.135207
vt 0.113270 0.727413
vt 0.410402 0.130551
vt 0.446243 0.132265
vt 0.729441 0.357323
vt 0.163220 0.068566
vt 0.383390 0.538006
vt 0.069256 0.275942
vt 0.519146 0.499408
vt 0.438065 0.516320
vt 0.435319 0.513631
vt 0.436853 0.510558
vt 0.459268 0.115169
vt 0.453944 0.140814
vt 0.749798 0.490068
vt 0.608499 0.575167
vt 0.412392 0.514527
vt 0.391961 0.501655
vt 0.015672 0.800998
vt 0.064825 0.536296
vt 0.048361 0.537840
vt 0.217198 0.291719
vt 0.546866 0.505443
vt 0.505078 0.659727
vt 0.574452 0.633141
vt 0.554041 0.627731
vt 0.578148 0.131047
vt 0.462058 0.084394
vt 0.768854 0.496411
vt 0.168253 0.071184
vt 0.028224 0.799402
vt 0.459148 0.554848
vt 0.477235 0.547836
vt 0.473617 0.558725
vt 0.117636 0.726106
vt 0.115186 0.736123
vt 0.433778 0.505004
vt 0.441731 0.501432
vt 0.551141 0.635844
vt 0.605274 0.120095
vt 0.030803 0.774958
vt 0.328070 0.700312
vt 0.237238 0.267659
vt 0.411837 0.143500
vt 0.431404 0.140767
vt 0.432798 0.652644
vt 0.438373 0.485030
vt 0.448165 0.493663
vt 0.542859 0.740900
vt 0.536844 0.746235
vt 0.529742 0.740684
vt 0.412738 0.505193
vt 0.389648 0.515543
vt 0.565097 0.962286
vt 0.465016 0.536777
vt 0.430134 0.510378
vt 0.430192 0.527433
vt 0.721593 0.469756
vt 0.447008 0.478272
vt 0.962708 0.107331
vt 0.453889 0.458125
vt 0.449948 0.439459
vt 0.465466 0.438132
vt 0.151790 0.055601
vt 0.148775 0.041475
vt 0.593319 0.610199
vt 0.587651 0.623895
vt 0.123229 0.020323
vt 0.121359 0.005102
vt 0.129639 0.001633
vt 0.229973 0.266497
vt 0.567097 0.969325
vt 0.547672 0.987479
vt 0.426000 0.521156
vt 0.489150 0.634512
vt 0.580809 0.634243
vt 0.353560 0.935124
vt 0.359643 0.964360
vt 0.341021 0.932915
vt 0.978407 0.181523
vt 0.974581 0.169085
vt 0.986509 0.175102
vt 0.323987 0.737765
vt 0.324880 0.677714
vt 0.523186 0.985773
vt 0.523310 0.971814
vt 0.505911 0.647992
vt 0.426307 0.498934
vt 0.972888 0.781715
vt 0.991465 0.778657
vt 0.966894 0.798714
vt 0.980182 0.793257
vt 0.986578 0.807349
vt 0.037793 0.796490
vt 0.037154 0.818443
vt 0.081759 0.285924
vt 0.370249 0.674935
vt 0.231853 0.258532
vt 0.985101 0.164631
vt 0.976376 0.162700
vt 0.977023 0.154306
vt 0.992200 0.161328
vt 0.495954 0.635939
vt 0.120215 0.017468
vt 0.120482 0.024742
vt 0.112878 0.021812
vt 0.112568 0.016112
vt 0.108482 0.021512
vt 0.106354 0.013533
vt 0.619022 0.991818
vt 0.611018 0.991818
vt 0.615305 0.975248
vt 0.962627 0.768500
vt 0.729146 0.987910
vt 0.732752 0.986229
vt 0.731724 0.991462
vt 0.349329 0.915880
vt 0.358404 0.929689
vt 0.234603 0.244023
vt 0.736402 0.992281
vt 0.735979 0.989425
vt 0.431509 0.491248
vt 0.377109 0.490869
vt 0.351967 0.718629
vt 0.736423 0.983268
vt 0.184415 0.069506
vt 0.179787 0.086702
vt 0.384092 0.486876
vt 0.391159 0.486435
vt 0.378142 0.517947
vt 0.573582 0.641033
vt 0.992984 0.180610
vt 0.345572 0.740503
vt 0.509317 0.641637
vt 0.141486 0.023576
vt 0.116956 0.043230
vt 0.124769 0.027550
vt 0.439289 0.449989
vt 0.530136 0.642378
vt 0.544290 0.656459
vt 0.525958 0.661195
vt 0.348303 0.691688
vt 0.436296 0.616271
vt 0.600117 0.619632
vt 0.602938 0.637438
vt 0.143205 0.082529
vt 0.564132 0.661221
vt 0.029019 0.267084
vt 0.089838 0.006170
vt 0.096191 0.019973
vt 0.498695 0.710618
vt 0.505930 0.713779
vt 0.498503 0.725650
vt 0.982136 0.167360
vt 0.561583 0.955759
vt 0.563227 0.973880
vt 0.551593 0.986356
vt 0.515112 0.731658
vt 0.427863 0.464031
vt 0.526942 0.752581
vt 0.315319 0.961272
vt 0.314928 0.816487
vt 0.303579 0.810704
vt 0.329158 0.815556
vt 0.784621 0.750034
vt 0.775511 0.758322
vt 0.776411 0.745636
vt 0.145906 0.089495
vt 0.473156 0.525027
vt 0.418701 0.504179
vt 0.506387 0.738788
vt 0.351236 0.701759
vt 0.108201 0.026626
vt 0.110937 0.031210
vt 0.304813 0.788892
vt 0.357737 0.817799
vt 0.363538 0.675665
vt 0.088613 0.016896
vt 0.425152 0.477955
vt 0.104116 0.027270
vt 0.284479 0.814891
vt 0.290298 0.816523
vt 0.288768 0.820655
vt 0.494219 0.531171
vt 0.435123 0.437379
vt 0.516220 0.749857
vt 0.291639 0.805396
vt 0.095282 0.026113
vt 0.113215 0.040942
vt 0.416680 0.487827
vt 0.169918 0.112599
vt 0.132691 0.082037
vt 0.794506 0.756555
vt 0.778973 0.773364
vt 0.690899 0.930891
vt 0.692223 0.951369
vt 0.678039 0.936451
vt 0.767548 0.748581
vt 0.821190 0.776925
vt 0.823250 0.757592
vt 0.315008 0.930704
vt 0.703232 0.937494
vt 0.569166 0.985799
vt 0.577257 0.657625
vt 0.835249 0.767499
vt 0.696145 0.930847
vt 0.314134 0.781142
vt 0.709996 0.937520
vt 0.676374 0.954004
vt 0.766778 0.765360
vt 0.364898 0.495672
vt 0.200076 0.916389
vt 0.139810 0.935205
vt 0.139246 0.916389
vt 0.151908 0.937902
vt 0.662759 0.959108
vt 0.665962 0.971763
vt 0.459455 0.514895
vt 0.496849 0.514144
vt 0.148824 0.108060
vt 0.367163 0.533209
vt 0.595433 0.655159
vt 0.546376 0.678628
vt 0.828218 0.793382
vt 0.298221 0.800082
vt 0.085061 0.019694
vt 0.410114 0.499468
vt 0.566482 0.670478
vt 0.793499 0.780828
vt 0.699024 0.953311
vt 0.682357 0.963509
vt 0.301855 0.796358
vt 0.125140 0.041661
vt 0.708719 0.962169
vt 0.473526 0.510001
vt 0.421700 0.443557
vt 0.116483 0.070621
vt 0.770567 0.768514
vt 0.107532 0.042689
vt 0.102627 0.034916
vt 0.482061 0.731814
vt 0.481991 0.724032
vt 0.255296 0.055992
vt 0.241427 0.073115
vt 0.248767 0.042546
vt 0.607477 0.655948
vt 0.291466 0.793340
vt 0.085540 0.023222
vt 0.486055 0.743674
vt 0.426416 0.428655
vt 0.974495 0.495144
vt 0.973724 0.504465
vt 0.967135 0.485610
vt 0.094016 0.031556
vt 0.132083 0.104543
vt 0.121562 0.055059
vt 0.696983 0.961551
vt 0.691176 0.972846
vt 0.104623 0.042640
vt 0.414503 0.472742
vt 0.579799 0.663782
vt 0.700865 0.961001
vt 0.506172 0.506787
vt 0.515349 0.521473
vt 0.365247 0.548374
vt 0.982609 0.502286
vt 0.990949 0.501476
vt 0.108912 0.050812
vt 0.408010 0.481203
vt 0.415403 0.459336
vt 0.501819 0.758187
vt 0.512556 0.761081
vt 0.700594 0.968781
vt 0.343649 0.329789
vt 0.338702 0.322172
vt 0.371728 0.327414
vt 0.374151 0.334230
vt 0.388080 0.334605
vt 0.100682 0.038791
vt 0.405024 0.472265
vt 0.805071 0.018070
vt 0.817144 0.027399
vt 0.808157 0.048383
vt 0.024114 0.472556
vt 0.017227 0.476694
vt 0.020152 0.466431
vt 0.772749 0.775788
vt 0.766709 0.775801
vt 0.344801 0.314723
vt 0.403844 0.489116
vt 0.379800 0.456117
vt 0.589527 0.673181
vt 0.028914 0.472380
vt 0.028355 0.476823
vt 0.295772 0.783506
vt 0.685486 0.052527
vt 0.703246 0.049940
vt 0.706461 0.058312
vt 0.345854 0.334861
vt 0.545021 0.558056
vt 0.554364 0.564898
vt 0.542366 0.578801
vt 0.531078 0.537639
vt 0.545319 0.532692
vt 0.105561 0.048746
vt 0.892343 0.185640
vt 0.884542 0.191353
vt 0.880497 0.188098
vt 0.957170 0.137533
vt 0.974778 0.114964
vt 0.976971 0.124177
vt 0.135981 0.108408
vt 0.815011 0.799473
vt 0.981119 0.505907
vt 0.675206 0.044262
vt 0.377998 0.320339
vt 0.557344 0.559950
vt 0.102418 0.048642
vt 0.492856 0.497258
vt 0.905190 0.188274
vt 0.900735 0.200823
vt 0.881929 0.198240
vt 0.880312 0.194064
vt 0.138941 0.112717
vt 0.244310 0.041821
vt 0.000264 0.457350
vt 0.012712 0.450787
vt 0.009592 0.472395
vt 0.761998 0.767132
vt 0.055084 0.755678
vt 0.078084 0.759884
vt 0.080314 0.764769
vt 0.368357 0.339720
vt 0.998947 0.606264
vt 0.994961 0.603508
vt 0.999443 0.598166
vt 0.406460 0.464863
vt 0.122895 0.106317
vt 0.843983 0.031928
vt 0.830387 0.027824
vt 0.843355 0.023406
vt 0.013167 0.488139
vt 0.768778 0.785244
vt 0.755438 0.773491
vt 0.687067 0.031081
vt 0.479215 0.501013
vt 0.372689 0.344566
vt 0.559129 0.589498
vt 0.345731 0.305240
vt 0.368651 0.305474
vt 0.994070 0.596830
vt 0.025580 0.481500
vt 0.763794 0.783535
vt 0.712619 0.035868
vt 0.459933 0.504941
vt 0.696492 0.020882
vt 0.718353 0.025972
vt 0.270544 0.069029
vt 0.263785 0.062623
vt 0.276621 0.039311
vt 0.269369 0.035009
vt 0.831975 0.045981
vt 0.040774 0.766234
vt 0.042073 0.760013
vt 0.338356 0.340387
vt 0.104909 0.057549
vt 0.871927 0.204255
vt 0.408804 0.437127
vt 0.842506 0.044399
vt 0.606583 0.663965
vt 0.793269 0.796704
vt 0.670722 0.028122
vt 0.121976 0.971449
vt 0.143063 0.971294
vt 0.132862 0.974366
vt 0.457625 0.492735
vt 0.469867 0.494920
vt 0.709677 0.007711
vt 0.567608 0.543065
vt 0.350352 0.291174
vt 0.508933 0.492481
vt 0.467509 0.747365
vt 0.478952 0.746149
vt 0.473233 0.749878
vt 0.105091 0.061694
vt 0.872582 0.207323
vt 0.873481 0.194512
vt 0.475640 0.733647
vt 0.402298 0.447320
vt 0.672543 0.024569
vt 0.970806 0.965619
vt 0.976119 0.951743
vt 0.983639 0.957618
vt 0.365629 0.347560
vt 0.884856 0.214650
vt 0.868663 0.200293
vt 0.988938 0.114463
vt 0.783070 0.789308
vt 0.033458 0.758615
vt 0.052925 0.773545
vt 0.965784 0.958186
vt 0.071014 0.776639
vt 0.336471 0.293179
vt 0.564787 0.508330
vt 0.549209 0.507657
vt 0.866845 0.210751
vt 0.870070 0.186951
vt 0.981108 0.133513
vt 0.258533 0.035577
vt 0.898604 0.670483
vt 0.880870 0.682000
vt 0.888577 0.658502
vt 0.659392 0.027817
vt 0.662239 0.031921
vt 0.750579 0.788828
vt 0.570781 0.573590
vt 0.571420 0.562954
vt 0.691936 0.007058
vt 0.099707 0.059290
vt 0.876014 0.219891
vt 0.612274 0.670639
vt 0.776524 0.788824
vt 0.857354 0.192421
vt 0.494802 0.765513
vt 0.666302 0.087756
vt 0.651321 0.098892
vt 0.662127 0.070947
vt 0.819986 0.048059
vt 0.156966 0.970744
vt 0.354507 0.350785
vt 0.288332 0.045672
vt 0.855199 0.017067
vt 0.860555 0.026077
vt 0.038679 0.779194
vt 0.034753 0.764011
vt 0.374348 0.982298
vt 0.369865 0.968236
vt 0.376771 0.965292
vt 0.456707 0.459239
vt 0.476614 0.463504
vt 0.487121 0.484245
vt 0.991910 0.970447
vt 0.987364 0.979113
vt 0.988485 0.963302
vt 0.491724 0.915855
vt 0.498263 0.932866
vt 0.478660 0.919760
vt 0.895524 0.221336
vt 0.477499 0.757299
vt 0.473432 0.757197
vt 0.472948 0.764611
vt 0.854434 0.216513
vt 0.028526 0.923038
vt 0.035086 0.904725
vt 0.037458 0.921632
vt 0.868454 0.670362
vt 0.505226 0.951130
vt 0.500028 0.948022
vt 0.504776 0.940475
vt 0.499663 0.961563
vt 0.080082 0.795007
vt 0.573093 0.590240
vt 0.565584 0.599094
vt 0.577748 0.556094
vt 0.913031 0.208852
vt 0.462292 0.761473
vt 0.676181 0.086155
vt 0.679863 0.087507
vt 0.678369 0.101982
vt 0.504671 0.918677
vt 0.506964 0.932990
vt 0.503636 0.934043
vt 0.962087 0.964555
vt 0.962551 0.969416
vt 0.055873 0.798313
vt 0.974475 0.976160
vt 0.890705 0.227904
vt 0.579966 0.510444
vt 0.376208 0.300935
vt 0.865547 0.225170
vt 0.468681 0.765347
vt 0.866605 0.641381
vt 0.511746 0.949913
vt 0.665128 0.019296
vt 0.879158 0.611103
vt 0.859091 0.616538
vt 0.875429 0.601933
vt 0.756686 0.790872
vt 0.904849 0.230966
vt 0.671913 0.108550
vt 0.000075 0.475847
vt 0.006828 0.481847
vt 0.324139 0.898717
vt 0.314745 0.918204
vt 0.310746 0.908464
vt 0.368398 0.954998
vt 0.488918 0.902764
vt 0.632226 0.664422
vt 0.881739 0.634468
vt 0.781159 0.799773
vt 0.491747 0.955084
vt 0.911928 0.243849
vt 0.902354 0.237030
vt 0.357542 0.279909
vt 0.021203 0.906701
vt 0.981139 0.900068
vt 0.976038 0.892453
vt 0.980220 0.891801
vt 0.865306 0.620767
vt 0.624083 0.846551
vt 0.607279 0.845803
vt 0.612351 0.836650
vt 0.300980 0.917535
vt 0.684043 0.088875
vt 0.685709 0.116385
vt 0.293049 0.985335
vt 0.318031 0.976242
vt 0.332700 0.984354
vt 0.849899 0.651570
vt 0.871121 0.623154
vt 0.994100 0.606921
vt 0.998415 0.612443
vt 0.996350 0.614636
vt 0.970864 0.900862
vt 0.962725 0.884320
vt 0.041513 0.788215
vt 0.592409 0.561060
vt 0.887498 0.234138
vt 0.338719 0.278907
vt 0.349464 0.273215
vt 0.009659 0.910216
vt 0.009837 0.889475
vt 0.298712 0.027487
vt 0.042238 0.900393
vt 0.265053 0.017204
vt 0.904414 0.245689
vt 0.599960 0.590349
vt 0.595609 0.581704
vt 0.597971 0.538081
vt 0.991866 0.904322
vt 0.977686 0.913786
vt 0.384596 0.954898
vt 0.464111 0.749863
vt 0.245199 0.026562
vt 0.180177 0.560506
vt 0.187359 0.571492
vt 0.179545 0.573036
vt 0.009233 0.488711
vt 0.600154 0.843976
vt 0.968661 0.915470
vt 0.976243 0.982085
vt 0.876736 0.236235
vt 0.850944 0.636963
vt 0.296904 0.930421
vt 0.283147 0.929923
vt 0.283921 0.925644
vt 0.380329 0.948341
vt 0.599469 0.568388
vt 0.692941 0.113430
vt 0.803516 0.074953
vt 0.857050 0.625677
vt 0.311851 0.928509
vt 0.319688 0.922978
vt 0.007737 0.493823
vt 0.607414 0.550171
vt 0.458750 0.941547
vt 0.240709 0.024841
vt 0.000028 0.489837
vt 0.589959 0.840079
vt 0.959188 0.974394
vt 0.111635 0.589278
vt 0.084243 0.584448
vt 0.111235 0.576114
vt 0.888885 0.243370
vt 0.487467 0.989456
vt 0.468781 0.983385
vt 0.489303 0.956152
vt 0.824708 0.066290
vt 0.312590 0.941602
vt 0.297659 0.940816
vt 0.987383 0.921568
vt 0.587901 0.000183
vt 0.604215 0.000183
vt 0.588179 0.016783
vt 0.582058 0.475257
vt 0.864619 0.145834
vt 0.839554 0.145440
vt 0.858487 0.134001
vt 0.841684 0.133939
vt 0.846560 0.073953
vt 0.052374 0.815162
vt 0.047454 0.805377
vt 0.902353 0.252037
vt 0.025340 0.887408
vt 0.861004 0.164681
vt 0.875913 0.154708
vt 0.861653 0.038063
vt 0.192498 0.576245
vt 0.185761 0.581223
vt 0.099993 0.559940
vt 0.462483 0.774911
vt 0.986433 0.988885
vt 0.642618 0.092260
vt 0.965093 0.977940
vt 0.042362 0.817177
vt 0.835509 0.077744
vt 0.601505 0.856544
vt 0.592658 0.830058
vt 0.871657 0.256017
vt 0.628785 0.079985
vt 0.629834 0.087433
vt 0.893188 0.262464
vt 0.451153 0.768464
vt 0.465782 0.917351
vt 0.445849 0.936278
vt 0.020317 0.667676
vt 0.020317 0.697593
vt 0.001639 0.695017
vt 0.086612 0.568403
vt 0.101819 0.008075
vt 0.116973 0.003152
vt 0.118740 0.014314
vt 0.971371 0.989375
vt 0.037221 0.884550
vt 0.591593 0.846077
vt 0.035515 0.807335
vt 0.092276 0.553736
vt 0.087569 0.591876
vt 0.080250 0.597970
vt 0.076781 0.584672
vt 0.956483 0.968804
vt 0.937230 0.982792
vt 0.938219 0.972439
vt 0.203261 0.582242
vt 0.197972 0.591482
vt 0.909276 0.010821
vt 0.917025 0.000157
vt 0.924556 0.008830
vt 0.611407 0.809995
vt 0.387214 0.759883
vt 0.370559 0.780262
vt 0.371447 0.759332
vt 0.432277 0.701744
vt 0.433075 0.711335
vt 0.430736 0.707345
vt 0.659571 0.102145
vt 0.206785 0.596186
vt 0.211107 0.588673
vt 0.581330 0.855542
vt 0.962103 0.983688
vt 0.080571 0.561577
vt 0.880729 0.169550
vt 0.613633 0.555209
vt 0.201442 0.519968
vt 0.193454 0.524301
vt 0.188018 0.514076
vt 0.206059 0.607274
vt 0.209784 0.608125
vt 0.199241 0.598067
vt 0.222325 0.583780
vt 0.214307 0.597286
vt 0.371836 0.735106
vt 0.356514 0.756836
vt 0.339308 0.748360
vt 0.361075 0.252509
vt 0.431973 0.687073
vt 0.427340 0.691765
vt 0.441335 0.695215
vt 0.883851 0.147476
vt 0.843004 0.131979
vt 0.225879 0.589009
vt 0.082151 0.546117
vt 0.560224 0.809956
vt 0.075501 0.576448
vt 0.064014 0.591523
vt 0.857951 0.130416
vt 0.853451 0.126657
vt 0.075992 0.539569
vt 0.498793 0.935752
vt 0.473493 0.971434
vt 0.473253 0.942120
vt 0.459015 0.698837
vt 0.191474 0.595332
vt 0.065041 0.599183
vt 0.355348 0.770011
vt 0.900502 0.166144
vt 0.890384 0.183594
vt 0.677891 0.127410
vt 0.178875 0.520508
vt 0.198661 0.541719
vt 0.628157 0.103121
vt 0.616837 0.092051
vt 0.256160 0.774932
vt 0.235072 0.771213
vt 0.255386 0.761656
vt 0.240794 0.763732
vt 0.075235 0.548361
vt 0.073390 0.563338
vt 0.065420 0.579209
vt 0.513838 0.149560
vt 0.513318 0.134170
vt 0.519070 0.140558
vt 0.244807 0.759747
vt 0.070988 0.537544
vt 0.999936 0.386251
vt 0.989537 0.394421
vt 0.989345 0.385763
vt 0.995648 0.403365
vt 0.572987 0.791017
vt 0.900451 0.992957
vt 0.893450 0.971409
vt 0.903956 0.970616
vt 0.031997 0.873868
vt 0.218810 0.617754
vt 0.907452 0.180214
vt 0.702086 0.123847
vt 0.659645 0.118911
vt 0.198305 0.610496
vt 0.572855 0.851924
vt 0.186217 0.599102
vt 0.068055 0.542713
vt 0.997495 0.374967
vt 0.987691 0.378272
vt 0.598284 0.035389
vt 0.600283 0.025721
vt 0.606793 0.030018
vt 0.463782 0.946547
vt 0.667568 0.126632
vt 0.240158 0.755605
vt 0.233535 0.748894
vt 0.238609 0.748504
vt 0.984193 0.404973
vt 0.587887 0.021912
vt 0.602054 0.008338
vt 0.497103 0.131178
vt 0.501825 0.124816
vt 0.506346 0.139197
vt 0.617634 0.121047
vt 0.191238 0.605974
vt 0.220882 0.602562
vt 0.251168 0.752149
vt 0.580332 0.860432
vt 0.443136 0.675679
vt 0.406330 0.700172
vt 0.624473 0.048262
vt 0.427287 0.673147
vt 0.104626 0.406534
vt 0.086780 0.405358
vt 0.083266 0.393865
vt 0.207557 0.629517
vt 0.567643 0.834464
vt 0.517344 0.883461
vt 0.503899 0.899131
vt 0.493171 0.883402
vt 0.396722 0.704154
vt 0.238780 0.731979
vt 0.204238 0.504596
vt 0.196833 0.491683
vt 0.210997 0.485239
vt 0.195468 0.507883
vt 0.194236 0.501731
vt 0.621621 0.006130
vt 0.492048 0.903837
vt 0.505892 0.908244
vt 0.495887 0.912522
vt 0.996514 0.508688
vt 0.999993 0.503719
vt 0.999032 0.521232
vt 0.455249 0.679280
vt 0.485438 0.133642
vt 0.486332 0.128346
vt 0.182213 0.606161
vt 0.979054 0.381793
vt 0.624514 0.032759
vt 0.633089 0.039858
vt 0.510926 0.916415
vt 0.337897 0.764301
vt 0.891376 0.135594
vt 0.974615 0.390775
vt 0.620995 0.013153
vt 0.430740 0.671405
vt 0.902950 0.147705
vt 0.650786 0.121469
vt 0.259614 0.739112
vt 0.190688 0.502434
vt 0.182236 0.474861
vt 0.657622 0.023819
vt 0.646959 0.028630
vt 0.635408 0.022099
vt 0.641103 0.006481
vt 0.612873 0.024806
vt 0.861571 0.767106
vt 0.870330 0.750476
vt 0.879003 0.768373
vt 0.857679 0.762606
vt 0.852601 0.756077
vt 0.855812 0.744609
vt 0.508079 0.115401
vt 0.886134 0.122164
vt 0.271808 0.748712
vt 0.572869 0.857356
vt 0.564030 0.846485
vt 0.617738 0.022959
vt 0.867447 0.776395
vt 0.859886 0.781787
vt 0.831240 0.752525
vt 0.491528 0.115846
vt 0.520019 0.124188
vt 0.528919 0.143606
vt 0.527693 0.153519
vt 0.870881 0.120947
vt 0.642942 0.119094
vt 0.277882 0.763563
vt 0.183513 0.611517
vt 0.874967 0.780790
vt 0.867292 0.771283
vt 0.833354 0.760649
vt 0.839605 0.766722
vt 0.827757 0.922920
vt 0.799229 0.929049
vt 0.790168 0.921446
vt 0.480509 0.117494
vt 0.471911 0.133528
vt 0.849302 0.770262
vt 0.799954 0.341060
vt 0.784478 0.337669
vt 0.792611 0.326055
vt 0.770165 0.330808
vt 0.782017 0.319551
vt 0.309759 0.364903
vt 0.304999 0.354597
vt 0.319182 0.357332
vt 0.868970 0.772585
vt 0.524668 0.898425
vt 0.697476 0.175697
vt 0.680845 0.157869
vt 0.700667 0.165259
vt 0.466420 0.681627
vt 0.797969 0.311601
vt 0.211174 0.461598
vt 0.844006 0.777353
vt 0.520496 0.912824
vt 0.607212 0.390740
vt 0.646081 0.396455
vt 0.606758 0.402170
vt 0.404692 0.671467
vt 0.731555 0.250035
vt 0.726894 0.243583
vt 0.748529 0.243925
vt 0.738140 0.236453
vt 0.173303 0.535429
vt 0.187203 0.548544
vt 0.317558 0.350726
vt 0.327859 0.355153
vt 0.323281 0.371709
vt 0.759209 0.308379
vt 0.757252 0.341092
vt 0.757204 0.323727
vt 0.334407 0.791840
vt 0.388279 0.682010
vt 0.243027 0.892721
vt 0.266106 0.888628
vt 0.255365 0.902223
vt 0.528798 0.124681
vt 0.289333 0.751577
vt 0.190258 0.627430
vt 0.199943 0.634277
vt 0.921751 0.577893
vt 0.922640 0.563742
vt 0.933030 0.575415
vt 0.325374 0.113202
vt 0.330329 0.101918
vt 0.336138 0.110914
vt 0.237424 0.491864
vt 0.232509 0.472129
vt 0.561948 0.855299
vt 0.387905 0.696547
vt 0.465490 0.120428
vt 0.268673 0.899454
vt 0.870604 0.114721
vt 0.629062 0.117708
vt 0.103788 0.916026
vt 0.115837 0.933320
vt 0.091487 0.928464
vt 0.568104 0.860680
vt 0.813865 0.333190
vt 0.677397 0.170112
vt 0.328075 0.748943
vt 0.406627 0.663269
vt 0.394746 0.709158
vt 0.740754 0.231728
vt 0.907232 0.134592
vt 0.885372 0.112838
vt 0.711424 0.159183
vt 0.686279 0.144467
vt 0.266256 0.884561
vt 0.749067 0.230714
vt 0.057050 0.394064
vt 0.284028 0.744654
vt 0.926612 0.593282
vt 0.917283 0.567448
vt 0.330366 0.127598
vt 0.510548 0.933837
vt 0.523757 0.937956
vt 0.815623 0.322472
vt 0.344587 0.390419
vt 0.321872 0.381987
vt 0.325411 0.768871
vt 0.913401 0.957715
vt 0.933361 0.970406
vt 0.913401 0.971427
vt 0.496359 0.107598
vt 0.257344 0.883177
vt 0.295567 0.763329
vt 0.938115 0.589869
vt 0.108899 0.913291
vt 0.116153 0.918994
vt 0.330685 0.341687
vt 0.319976 0.342400
vt 0.329575 0.780954
vt 0.622601 0.875022
vt 0.635142 0.882962
vt 0.624830 0.893616
vt 0.196461 0.665108
vt 0.193454 0.657207
vt 0.198397 0.658579
vt 0.460292 0.133854
vt 0.900864 0.119338
vt 0.539284 0.126660
vt 0.535779 0.150027
vt 0.655898 0.127763
vt 0.909986 0.887826
vt 0.902207 0.896538
vt 0.891485 0.892249
vt 0.186903 0.454984
vt 0.355991 0.378980
vt 0.630494 0.865939
vt 0.640722 0.403391
vt 0.604174 0.389208
vt 0.614778 0.376252
vt 0.478778 0.110739
vt 0.028787 0.146686
vt 0.022536 0.124609
vt 0.042518 0.131135
vt 0.519025 0.108526
vt 0.741281 0.216857
vt 0.528602 0.113275
vt 0.883040 0.109375
vt 0.608792 0.121498
vt 0.275821 0.731317
vt 0.261710 0.720627
vt 0.535896 0.916234
vt 0.809121 0.739171
vt 0.732561 0.329504
vt 0.735573 0.317710
vt 0.694409 0.133188
vt 0.620437 0.855292
vt 0.197573 0.649611
vt 0.201722 0.657683
vt 0.662776 0.136638
vt 0.919051 0.591443
vt 0.178811 0.616972
vt 0.547075 0.818696
vt 0.534575 0.906869
vt 0.783189 0.285177
vt 0.958356 0.965464
vt 0.768013 0.295982
vt 0.643455 0.419613
vt 0.604008 0.413175
vt 0.144108 0.648424
vt 0.152003 0.633176
vt 0.156938 0.649384
vt 0.854027 0.823851
vt 0.864067 0.807064
vt 0.875292 0.818688
vt 0.913170 0.586490
vt 0.360508 0.124243
vt 0.552376 0.842927
vt 0.014241 0.172870
vt 0.020344 0.167748
vt 0.019451 0.215984
vt 0.208423 0.661898
vt 0.798584 0.934192
vt 0.798752 0.940279
vt 0.782310 0.936989
vt 0.629117 0.377884
vt 0.145371 0.609798
vt 0.163157 0.620250
vt 0.941241 0.891758
vt 0.937894 0.907331
vt 0.924862 0.894522
vt 0.550777 0.847813
vt 0.203720 0.446202
vt 0.163089 0.312830
vt 0.153745 0.284072
vt 0.183375 0.299427
vt 0.061040 0.736407
vt 0.064157 0.715464
vt 0.067851 0.708088
vt 0.666536 0.163725
vt 0.622176 0.772392
vt 0.617004 0.781832
vt 0.609482 0.777683
vt 0.628892 0.845851
vt 0.610989 0.884296
vt 0.634184 0.384169
vt 0.050763 0.234338
vt 0.045465 0.240659
vt 0.033915 0.235987
vt 0.142044 0.662315
vt 0.372901 0.706153
vt 0.291796 0.736349
vt 0.286143 0.732269
vt 0.878043 0.588252
vt 0.891606 0.572945
vt 0.887564 0.588588
vt 0.106051 0.958251
vt 0.348572 0.406581
vt 0.010095 0.177283
vt 0.614771 0.965217
vt 0.605321 0.973725
vt 0.616236 0.950702
vt 0.612488 0.763776
vt 0.610949 0.866936
vt 0.824083 0.941560
vt 0.183875 0.652319
vt 0.517036 0.101471
vt 0.716137 0.261832
vt 0.862783 0.597181
vt 0.887076 0.601208
vt 0.273463 0.717828
vt 0.937286 0.883622
vt 0.924276 0.887869
vt 0.945180 0.866484
vt 0.908685 0.572220
vt 0.908877 0.579840
vt 0.884413 0.885732
vt 0.924331 0.907469
vt 0.126817 0.922303
vt 0.610324 0.981933
vt 0.676764 0.149574
vt 0.817884 0.946878
vt 0.921600 0.720665
vt 0.904325 0.716281
vt 0.903271 0.705310
vt 0.055071 0.108628
vt 0.763061 0.920751
vt 0.547250 0.136674
vt 0.310588 0.751960
vt 0.304944 0.760109
vt 0.909942 0.598846
vt 0.898557 0.579297
vt 0.899777 0.593002
vt 0.893690 0.562546
vt 0.126596 0.936696
vt 0.318269 0.761959
vt 0.319916 0.752571
vt 0.672521 0.154274
vt 0.088682 0.708474
vt 0.064897 0.690671
vt 0.078245 0.695617
vt 0.742636 0.294560
vt 0.611212 0.850754
vt 0.606949 0.878874
vt 0.008523 0.098491
vt 0.018423 0.108391
vt 0.010625 0.142028
vt 0.016940 0.271225
vt 0.020290 0.246559
vt 0.025695 0.244828
vt 0.058603 0.118299
vt 0.060370 0.144587
vt 0.880436 0.839683
vt 0.745196 0.208928
vt 0.160826 0.523916
vt 0.945927 0.877410
vt 0.911749 0.903954
vt 0.133998 0.935129
vt 0.808503 0.270684
vt 0.818794 0.928282
vt 0.886903 0.717690
vt 0.621184 0.363938
vt 0.152875 0.668043
vt 0.303741 0.739040
vt 0.801931 0.195009
vt 0.804270 0.200443
vt 0.787514 0.204932
vt 0.994033 0.451095
vt 0.994033 0.427149
vt 0.999979 0.436509
vt 0.309355 0.772695
vt 0.296203 0.734823
vt 0.280828 0.720769
vt 0.278884 0.706106
vt 0.212487 0.446995
vt 0.120382 0.958238
vt 0.365161 0.363623
vt 0.754957 0.290665
vt 0.612169 0.781026
vt 0.598018 0.892161
vt 0.609617 0.895588
vt 0.781588 0.954562
vt 0.632195 0.370516
vt 0.289318 0.389510
vt 0.302929 0.388233
vt 0.306020 0.406623
vt 0.189349 0.433104
vt 0.844285 0.281457
vt 0.312387 0.765704
vt 0.313423 0.750052
vt 0.515250 0.211183
vt 0.521089 0.217601
vt 0.513828 0.233173
vt 0.140787 0.675487
vt 0.025152 0.099011
vt 0.036670 0.232719
vt 0.889576 0.099341
vt 0.546365 0.145461
vt 0.819265 0.194509
vt 0.806969 0.188071
vt 0.136985 0.920211
vt 0.282578 0.402486
vt 0.328415 0.310485
vt 0.860241 0.984519
vt 0.852877 0.979645
vt 0.856852 0.973080
vt 0.761532 0.287698
vt 0.462635 0.308778
vt 0.463568 0.313039
vt 0.447151 0.311913
vt 0.436336 0.319142
vt 0.143083 0.424156
vt 0.173872 0.441583
vt 0.140747 0.449449
vt 0.798752 0.959239
vt 0.185814 0.660780
vt 0.183311 0.656218
vt 0.832185 0.936528
vt 0.389088 0.654933
vt 0.161723 0.658116
vt 0.062347 0.089594
vt 0.061780 0.101960
vt 0.041990 0.093964
vt 0.170056 0.636692
vt 0.279665 0.907365
vt 0.179830 0.499509
vt 0.159239 0.496969
vt 0.186340 0.556787
vt 0.165341 0.550992
vt 0.892371 0.609612
vt 0.291236 0.720468
vt 0.180506 0.640592
vt 0.360188 0.115442
vt 0.450581 0.323776
vt 0.597343 0.771333
vt 0.605121 0.858799
vt 0.809630 0.964932
vt 0.073991 0.182166
vt 0.094615 0.211403
vt 0.079771 0.212717
vt 0.022677 0.228776
vt 0.069402 0.108353
vt 0.076765 0.116437
vt 0.012348 0.232690
vt 0.011114 0.207817
vt 0.035306 0.169402
vt 0.027512 0.176234
vt 0.026126 0.173771
vt 0.040779 0.180106
vt 0.288108 0.370678
vt 0.310263 0.384242
vt 0.171837 0.278639
vt 0.651855 0.162383
vt 0.653649 0.177522
vt 0.863037 0.972715
vt 0.870822 0.989469
vt 0.455382 0.298405
vt 0.088120 0.926868
vt 0.083976 0.931878
vt 0.069099 0.912688
vt 0.507265 0.241631
vt 0.501459 0.221993
vt 0.528980 0.225535
vt 0.531034 0.103002
vt 0.443785 0.000022
vt 0.447500 0.011455
vt 0.433238 0.004929
vt 0.174354 0.488550
vt 0.796094 0.184305
vt 0.785003 0.198991
vt 0.303378 0.729499
vt 0.920962 0.615937
vt 0.826305 0.732352
vt 0.804611 0.737262
vt 0.816487 0.725179
vt 0.656424 0.156217
vt 0.057413 0.697443
vt 0.744012 0.280154
vt 0.066865 0.973345
vt 0.079479 0.964429
vt 0.078653 0.973177
vt 0.871071 0.970111
vt 0.884310 0.986706
vt 0.599130 0.758383
vt 0.518498 0.246005
vt 0.163710 0.459764
vt 0.155774 0.464716
vt 0.180788 0.658864
vt 0.179139 0.650015
vt 0.024210 0.089342
vt 0.710299 0.224152
vt 0.161672 0.490135
vt 0.134281 0.946945
vt 0.131314 0.959463
vt 0.298311 0.361768
vt 0.658260 0.150510
vt 0.739978 0.283874
vt 0.072966 0.984446
vt 0.068701 0.985384
vt 0.072745 0.977899
vt 0.176469 0.658417
vt 0.172523 0.649638
vt 0.286688 0.892615
vt 0.910113 0.832273
vt 0.272064 0.915808
vt 0.710422 0.257107
vt 0.711469 0.821351
vt 0.722489 0.835974
vt 0.700991 0.826711
vt 0.684791 0.851393
vt 0.689958 0.838018
vt 0.707660 0.855042
vt 0.877799 0.622265
vt 0.895368 0.626059
vt 0.815945 0.200434
vt 0.125483 0.024298
vt 0.132193 0.003647
vt 0.135495 0.018147
vt 0.078156 0.983028
vt 0.080091 0.982085
vt 0.417948 0.311267
vt 0.175290 0.664290
vt 0.917190 0.724791
vt 0.634745 0.360467
vt 0.184274 0.648467
vt 0.922747 0.759250
vt 0.926956 0.780161
vt 0.910418 0.766093
vt 0.284963 0.898225
vt 0.280111 0.878719
vt 0.277298 0.870632
vt 0.901851 0.824061
vt 0.537088 0.110938
vt 0.965075 0.679086
vt 0.961113 0.689931
vt 0.952857 0.668311
vt 0.156494 0.507157
vt 0.823669 0.184446
vt 0.368839 0.140567
vt 0.276959 0.395776
vt 0.147535 0.953417
vt 0.367787 0.111216
vt 0.377130 0.116188
vt 0.639249 0.144233
vt 0.628795 0.130398
vt 0.639291 0.138266
vt 0.619914 0.132058
vt 0.322297 0.780951
vt 0.064292 0.980862
vt 0.344095 0.011941
vt 0.338403 0.005884
vt 0.344779 0.000534
vt 0.083439 0.915942
vt 0.598041 0.738117
vt 0.629504 0.755946
vt 0.491227 0.236978
vt 0.140379 0.684114
vt 0.171480 0.653340
vt 0.870687 0.790014
vt 0.888274 0.794015
vt 0.873710 0.786787
vt 0.027537 0.181832
vt 0.829770 0.184467
vt 0.827461 0.720629
vt 0.819792 0.718994
vt 0.651934 0.158558
vt 0.337856 0.000969
vt 0.994666 0.629921
vt 0.999020 0.623929
vt 0.999845 0.631561
vt 0.415327 0.325173
vt 0.423475 0.302492
vt 0.431084 0.337062
vt 0.159900 0.673122
vt 0.173701 0.644632
vt 0.914100 0.749930
vt 0.928466 0.751120
vt 0.753022 0.205509
vt 0.728068 0.218415
vt 0.950369 0.696025
vt 0.889502 0.788729
vt 0.879800 0.780827
vt 0.758915 0.891661
vt 0.775194 0.887438
vt 0.752082 0.907508
vt 0.823450 0.713268
vt 0.264632 0.421075
vt 0.197636 0.422257
vt 0.373057 0.123995
vt 0.638314 0.151111
vt 0.457351 0.893882
vt 0.457894 0.905587
vt 0.422900 0.914152
vt 0.314490 0.777834
vt 0.066432 0.685901
vt 0.464751 0.908904
vt 0.463585 0.913231
vt 0.583660 0.879621
vt 0.168288 0.465241
vt 0.150275 0.472089
vt 0.177737 0.666790
vt 0.920390 0.733712
vt 0.633615 0.354440
vt 0.644755 0.362841
vt 0.650847 0.336996
vt 0.656428 0.347081
vt 0.171204 0.656732
vt 0.170236 0.663740
vt 0.928373 0.733214
vt 0.177717 0.639590
vt 0.929379 0.021803
vt 0.929379 0.001650
vt 0.940881 0.003626
vt 0.899409 0.789740
vt 0.895940 0.781309
vt 0.311375 0.735397
vt 0.933457 0.628184
vt 0.264567 0.392307
vt 0.157299 0.257881
vt 0.427646 0.893642
vt 0.864468 0.329725
vt 0.855086 0.341698
vt 0.858621 0.331738
vt 0.667237 0.144075
vt 0.468691 0.878387
vt 0.456084 0.880109
vt 0.678885 0.135821
vt 0.469637 0.884482
vt 0.064999 0.966904
vt 0.886145 0.974852
vt 0.073624 0.940007
vt 0.056497 0.925428
vt 0.214526 0.729375
vt 0.210315 0.743775
vt 0.202515 0.743502
vt 0.221416 0.740796
vt 0.574007 0.890603
vt 0.585227 0.904149
vt 0.645748 0.383053
vt 0.915434 0.728307
vt 0.608815 0.423308
vt 0.902044 0.745246
vt 0.901601 0.780718
vt 0.911575 0.814510
vt 0.904791 0.811667
vt 0.918430 0.798393
vt 0.730043 0.829501
vt 0.721402 0.818299
vt 0.800958 0.171786
vt 0.779519 0.181494
vt 0.793732 0.174205
vt 0.833663 0.729533
vt 0.265417 0.403189
vt 0.646772 0.162331
vt 0.196407 0.933549
vt 0.168299 0.934532
vt 0.195649 0.922756
vt 0.049043 0.698488
vt 0.061392 0.722577
vt 0.054864 0.698295
vt 0.659894 0.143409
vt 0.078735 0.688095
vt 0.463283 0.876600
vt 0.070848 0.680704
vt 0.081811 0.685174
vt 0.961131 0.292053
vt 0.965093 0.286711
vt 0.976664 0.302945
vt 0.950099 0.264556
vt 0.968001 0.232223
vt 0.966135 0.274028
vt 0.396711 0.330546
vt 0.333494 0.197702
vt 0.348092 0.227055
vt 0.319879 0.227788
vt 0.217498 0.731256
vt 0.175735 0.466466
vt 0.170459 0.475491
vt 0.909900 0.727474
vt 0.910343 0.731870
vt 0.904961 0.739085
vt 0.292790 0.917155
vt 0.910500 0.794775
vt 0.902493 0.812957
vt 0.311364 0.725942
vt 0.273676 0.368207
vt 0.372509 0.103930
vt 0.184536 0.262127
vt 0.476242 0.893254
vt 0.436800 0.930740
vt 0.442936 0.937293
vt 0.432153 0.935553
vt 0.949617 0.239513
vt 0.129091 0.726613
vt 0.119944 0.727427
vt 0.128765 0.714527
vt 0.454803 0.335576
vt 0.182468 0.412411
vt 0.580281 0.864419
vt 0.063102 0.504898
vt 0.079380 0.507769
vt 0.063468 0.522039
vt 0.822598 0.962630
vt 0.535516 0.240958
vt 0.167797 0.668458
vt 0.646616 0.436060
vt 0.884218 0.771595
vt 0.144814 0.563845
vt 0.833534 0.199578
vt 0.825487 0.202859
vt 0.326738 0.162284
vt 0.340760 0.157701
vt 0.384207 0.109727
vt 0.302794 0.355416
vt 0.200249 0.944205
vt 0.186944 0.943808
vt 0.713741 0.007315
vt 0.720391 0.000665
vt 0.719555 0.020792
vt 0.635927 0.128866
vt 0.064464 0.957379
vt 0.470205 0.865851
vt 0.470228 0.904216
vt 0.974918 0.294792
vt 0.995383 0.016008
vt 0.994694 0.035744
vt 0.986653 0.013158
vt 0.717235 0.131305
vt 0.736761 0.136310
vt 0.722316 0.141970
vt 0.408026 0.300783
vt 0.219764 0.715965
vt 0.537478 0.208430
vt 0.546062 0.231537
vt 0.302363 0.910808
vt 0.827644 0.738682
vt 0.263089 0.376079
vt 0.637021 0.171922
vt 0.640092 0.159913
vt 0.202411 0.284716
vt 0.851473 0.307301
vt 0.851595 0.324528
vt 0.844539 0.319764
vt 0.440620 0.926523
vt 0.427793 0.928995
vt 0.071802 0.669956
vt 0.086683 0.680190
vt 0.983018 0.310246
vt 0.476738 0.888871
vt 0.935692 0.258657
vt 0.956534 0.281250
vt 0.354025 0.196177
vt 0.209753 0.724283
vt 0.903340 0.732826
vt 0.083602 0.233718
vt 0.074266 0.226745
vt 0.071915 0.244265
vt 0.649638 0.989398
vt 0.636290 0.990331
vt 0.649227 0.973242
vt 0.204758 0.300107
vt 0.863544 0.320406
vt 0.953476 0.194513
vt 0.950070 0.174324
vt 0.956776 0.193600
vt 0.977046 0.283145
vt 0.938638 0.292078
vt 0.418213 0.839298
vt 0.416856 0.853130
vt 0.406920 0.813483
vt 0.730245 0.116793
vt 0.326318 0.241632
vt 0.313127 0.237816
vt 0.427083 0.279938
vt 0.575890 0.765968
vt 0.228893 0.720203
vt 0.215857 0.716237
vt 0.173400 0.456697
vt 0.899172 0.734508
vt 0.896177 0.741139
vt 0.889700 0.771188
vt 0.029808 0.188202
vt 0.692951 0.830261
vt 0.714596 0.849817
vt 0.833242 0.961743
vt 0.861603 0.969342
vt 0.815044 0.969395
vt 0.669826 0.137425
vt 0.650689 0.129010
vt 0.430932 0.921262
vt 0.997092 0.594804
vt 0.994066 0.590788
vt 0.999946 0.585336
vt 0.481714 0.865449
vt 0.361951 0.210733
vt 0.371419 0.241701
vt 0.177670 0.476334
vt 0.174999 0.482799
vt 0.897614 0.755366
vt 0.300138 0.899220
vt 0.977853 0.704114
vt 0.969001 0.709481
vt 0.253834 0.382870
vt 0.530090 0.870321
vt 0.536615 0.879641
vt 0.519022 0.873369
vt 0.255643 0.335412
vt 0.433799 0.871978
vt 0.162466 0.237070
vt 0.866951 0.301710
vt 0.055045 0.677302
vt 0.452251 0.866700
vt 0.478782 0.900518
vt 0.944133 0.177518
vt 0.479909 0.881999
vt 0.940331 0.274632
vt 0.936241 0.242277
vt 0.147910 0.725960
vt 0.934977 0.808738
vt 0.948685 0.812702
vt 0.937409 0.825812
vt 0.584292 0.751173
vt 0.200238 0.738173
vt 0.083395 0.542488
vt 0.098239 0.534644
vt 0.105662 0.544903
vt 0.521694 0.253795
vt 0.557584 0.213858
vt 0.894826 0.736886
vt 0.547364 0.008600
vt 0.539693 0.019641
vt 0.500593 0.011561
vt 0.841181 0.724487
vt 0.253110 0.412099
vt 0.543645 0.863070
vt 0.538244 0.868519
vt 0.526667 0.861339
vt 0.963406 0.046887
vt 0.944279 0.054297
vt 0.945996 0.044441
vt 0.738546 0.155193
vt 0.400564 0.288795
vt 0.943255 0.795124
vt 0.354906 0.253167
vt 0.419247 0.341472
vt 0.229775 0.708531
vt 0.224967 0.716761
vt 0.227885 0.698611
vt 0.217666 0.711475
vt 0.957664 0.708259
vt 0.927336 0.705147
vt 0.551684 0.120676
vt 0.749678 0.867727
vt 0.755499 0.869700
vt 0.744556 0.884857
vt 0.845379 0.182697
vt 0.847326 0.740916
vt 0.514226 0.877606
vt 0.524440 0.883693
vt 0.170485 0.947252
vt 0.661368 0.139962
vt 0.874963 0.314461
vt 0.875536 0.296027
vt 0.070012 0.676288
vt 0.481986 0.894075
vt 0.971332 0.283423
vt 0.750541 0.133186
vt 0.423972 0.861543
vt 0.408513 0.882125
vt 0.147480 0.718736
vt 0.958657 0.806217
vt 0.959774 0.817710
vt 0.140956 0.747026
vt 0.565343 0.774439
vt 0.575832 0.901335
vt 0.566437 0.903614
vt 0.571202 0.895115
vt 0.653037 0.360145
vt 0.048622 0.180655
vt 0.032805 0.195783
vt 0.143207 0.540606
vt 0.782218 0.155283
vt 0.832813 0.210885
vt 0.857176 0.733308
vt 0.541544 0.847349
vt 0.546851 0.849295
vt 0.000541 0.333788
vt 0.000541 0.301442
vt 0.005447 0.308476
vt 0.686856 0.721005
vt 0.695789 0.725385
vt 0.693698 0.746135
vt 0.887795 0.295043
vt 0.889138 0.303714
vt 0.089140 0.681826
vt 0.097118 0.679810
vt 0.101153 0.700560
vt 0.459062 0.857017
vt 0.483945 0.889572
vt 0.490773 0.894502
vt 0.488241 0.900189
vt 0.422817 0.926947
vt 0.414423 0.913156
vt 0.481215 0.901042
vt 0.431403 0.852260
vt 0.148066 0.736560
vt 0.374556 0.221341
vt 0.048071 0.936030
vt 0.180179 0.457207
vt 0.566922 0.887383
vt 0.557650 0.222910
vt 0.887489 0.750036
vt 0.924085 0.817514
vt 0.537262 0.000740
vt 0.821462 0.703044
vt 0.833203 0.700483
vt 0.218511 0.284486
vt 0.699464 0.745117
vt 0.485370 0.886109
vt 0.154816 0.890465
vt 0.177659 0.913893
vt 0.156611 0.910989
vt 0.283778 0.171234
vt 0.272672 0.178697
vt 0.279527 0.157754
vt 0.398056 0.270255
vt 0.960381 0.771503
vt 0.048822 0.914188
vt 0.067798 0.889451
vt 0.599148 0.919509
vt 0.603689 0.941133
vt 0.582149 0.919627
vt 0.089263 0.512813
vt 0.754106 0.886271
vt 0.764993 0.165301
vt 0.917381 0.651027
vt 0.827405 0.213294
vt 0.853651 0.722216
vt 0.208810 0.255655
vt 0.885625 0.328288
vt 0.106649 0.695953
vt 0.095394 0.712772
vt 0.086970 0.714633
vt 0.314742 0.258031
vt 0.425600 0.344905
vt 0.227506 0.695023
vt 0.632582 0.989806
vt 0.617868 0.972270
vt 0.644108 0.973101
vt 0.890445 0.737138
vt 0.559718 0.212556
vt 0.568618 0.222476
vt 0.624260 0.443847
vt 0.891294 0.109296
vt 0.903937 0.097466
vt 0.896232 0.111116
vt 0.490560 0.033706
vt 0.726840 0.849824
vt 0.785672 0.148394
vt 0.519157 0.862607
vt 0.892773 0.316164
vt 0.881925 0.344037
vt 0.869063 0.353006
vt 0.959185 0.005085
vt 0.994110 0.616935
vt 0.997906 0.616935
vt 0.994176 0.624583
vt 0.077423 0.666288
vt 0.936340 0.173322
vt 0.485838 0.878037
vt 0.040727 0.030182
vt 0.044637 0.020849
vt 0.055532 0.025585
vt 0.925377 0.795465
vt 0.199073 0.415922
vt 0.083072 0.496344
vt 0.619817 0.981648
vt 0.562788 0.226225
vt 0.933398 0.826390
vt 0.315855 0.901070
vt 0.100241 0.247974
vt 0.029949 0.193249
vt 0.768118 0.880226
vt 0.847147 0.706708
vt 0.281909 0.835223
vt 0.259509 0.779545
vt 0.281909 0.775316
vt 0.711389 0.704275
vt 0.100158 0.674421
vt 0.106974 0.684138
vt 0.105527 0.709266
vt 0.488027 0.882282
vt 0.999886 0.535129
vt 0.999886 0.551198
vt 0.994126 0.540057
vt 0.971849 0.269096
vt 0.999776 0.501433
vt 0.995234 0.498811
vt 0.999370 0.483597
vt 0.028684 0.030597
vt 0.762921 0.117033
vt 0.765426 0.127931
vt 0.297600 0.240325
vt 0.297981 0.267244
vt 0.153969 0.725426
vt 0.920857 0.803830
vt 0.239289 0.722564
vt 0.197686 0.722019
vt 0.078053 0.531249
vt 0.553456 0.252642
vt 0.569449 0.916734
vt 0.280886 0.840828
vt 0.743829 0.815004
vt 0.839174 0.208824
vt 0.889046 0.354428
vt 0.902094 0.306086
vt 0.103180 0.664746
vt 0.114905 0.671630
vt 0.426485 0.863999
vt 0.442625 0.857332
vt 0.117579 0.676678
vt 0.112521 0.691944
vt 0.317357 0.001264
vt 0.312800 0.014856
vt 0.311939 0.008199
vt 0.888300 0.012743
vt 0.897028 0.000730
vt 0.906111 0.009213
vt 0.426149 0.936295
vt 0.063764 0.009593
vt 0.065983 0.032837
vt 0.750449 0.156899
vt 0.932028 0.188946
vt 0.922710 0.192740
vt 0.927556 0.179656
vt 0.920633 0.210331
vt 0.907389 0.200023
vt 0.914645 0.178994
vt 0.301513 0.162432
vt 0.291096 0.189018
vt 0.856324 0.830277
vt 0.870550 0.868876
vt 0.851601 0.868741
vt 0.432212 0.363809
vt 0.240892 0.709480
vt 0.213864 0.704403
vt 0.660133 0.363423
vt 0.897500 0.097504
vt 0.900659 0.089052
vt 0.779781 0.886275
vt 0.782521 0.898613
vt 0.867460 0.719736
vt 0.862302 0.728956
vt 0.262218 0.764578
vt 0.221422 0.950095
vt 0.175306 0.962973
vt 0.049812 0.006605
vt 0.074049 0.024233
vt 0.081573 0.028688
vt 0.150556 0.702365
vt 0.179956 0.699336
vt 0.048345 0.924793
vt 0.205525 0.709328
vt 0.078720 0.482595
vt 0.568950 0.873915
vt 0.159956 0.403530
vt 0.172873 0.387780
vt 0.182287 0.401225
vt 0.269545 0.814429
vt 0.253003 0.834241
vt 0.260065 0.806438
vt 0.139566 0.644506
vt 0.116057 0.645226
vt 0.118536 0.636010
vt 0.807220 0.150701
vt 0.836186 0.155007
vt 0.868428 0.724910
vt 0.173523 0.954857
vt 0.406254 0.922590
vt 0.415014 0.896262
vt 0.114254 0.703932
vt 0.927137 0.165518
vt 0.938953 0.163774
vt 0.919585 0.167368
vt 0.664685 0.363053
vt 0.712364 0.376757
vt 0.670810 0.382471
vt 0.685995 0.403944
vt 0.656243 0.400290
vt 0.710895 0.395746
vt 0.295699 0.175199
vt 0.287629 0.200356
vt 0.411876 0.264631
vt 0.933585 0.769996
vt 0.248784 0.704003
vt 0.249775 0.718059
vt 0.237240 0.728835
vt 0.582956 0.906449
vt 0.575331 0.918673
vt 0.667450 0.381459
vt 0.559835 0.231723
vt 0.906053 0.119360
vt 0.831867 0.221328
vt 0.097596 0.718798
vt 0.186685 0.881297
vt 0.422118 0.369102
vt 0.163485 0.375343
vt 0.566509 0.209520
vt 0.576327 0.222187
vt 0.147206 0.496987
vt 0.850791 0.214445
vt 0.837509 0.220213
vt 0.827826 0.225765
vt 0.366332 0.161484
vt 0.023683 0.633551
vt 0.029839 0.624827
vt 0.031299 0.631640
vt 0.897420 0.324254
vt 0.022543 0.746288
vt 0.022543 0.686846
vt 0.029852 0.708406
vt 0.863789 0.039946
vt 0.870742 0.025035
vt 0.870594 0.048817
vt 0.131877 0.662568
vt 0.657266 0.974716
vt 0.682055 0.974716
vt 0.658391 0.987859
vt 0.978129 0.278132
vt 0.999001 0.477812
vt 0.994013 0.486450
vt 0.994156 0.468141
vt 0.068392 0.004089
vt 0.075227 0.008057
vt 0.490765 0.869160
vt 0.907729 0.161271
vt 0.722223 0.394294
vt 0.313657 0.179037
vt 0.305112 0.191055
vt 0.153175 0.901223
vt 0.137922 0.886948
vt 0.147098 0.874631
vt 0.163600 0.737887
vt 0.848884 0.842070
vt 0.408617 0.350551
vt 0.867088 0.566378
vt 0.847253 0.582733
vt 0.856183 0.558742
vt 0.896544 0.991842
vt 0.887388 0.991842
vt 0.889384 0.974226
vt 0.587983 0.207283
vt 0.577513 0.226730
vt 0.912922 0.086521
vt 0.915524 0.077196
vt 0.903550 0.065976
vt 0.054978 0.190788
vt 0.843788 0.213559
vt 0.865951 0.712548
vt 0.875389 0.726932
vt 0.512366 0.853232
vt 0.108854 0.650227
vt 0.119807 0.699545
vt 0.663745 0.419147
vt 0.710608 0.411256
vt 0.180670 0.864331
vt 0.306650 0.266410
vt 0.313541 0.267395
vt 0.134771 0.902187
vt 0.166377 0.730704
vt 0.570025 0.238552
vt 0.528905 0.045168
vt 0.762315 0.831080
vt 0.884511 0.740530
vt 0.505691 0.864064
vt 0.504831 0.876510
vt 0.898997 0.373620
vt 0.902966 0.363315
vt 0.135240 0.684943
vt 0.131857 0.693623
vt 0.056136 0.954736
vt 0.307893 0.009983
vt 0.311270 0.001113
vt 0.082594 0.014183
vt 0.924459 0.652529
vt 0.931787 0.636737
vt 0.938100 0.653454
vt 0.711395 0.359257
vt 0.336410 0.891936
vt 0.341747 0.885600
vt 0.351180 0.895261
vt 0.710031 0.414701
vt 0.354782 0.074356
vt 0.344104 0.074737
vt 0.352816 0.060049
vt 0.135710 0.874367
vt 0.843761 0.555563
vt 0.034634 0.940390
vt 0.563509 0.240359
vt 0.770739 0.177789
vt 0.003395 0.625688
vt 0.538137 0.823508
vt 0.851399 0.924885
vt 0.857484 0.924306
vt 0.858508 0.934535
vt 0.500597 0.873167
vt 0.901189 0.472343
vt 0.913136 0.455938
vt 0.915651 0.481420
vt 0.928913 0.476189
vt 0.901406 0.345048
vt 0.718987 0.722613
vt 0.960414 0.839768
vt 0.949267 0.836781
vt 0.960279 0.820003
vt 0.972153 0.191461
vt 0.972841 0.146306
vt 0.309197 0.011571
vt 0.011799 0.050194
vt 0.021299 0.052770
vt 0.020378 0.065523
vt 0.324452 0.168861
vt 0.330290 0.177787
vt 0.724624 0.352642
vt 0.325431 0.194499
vt 0.365281 0.051039
vt 0.370339 0.069722
vt 0.720991 0.413191
vt 0.336373 0.061549
vt 0.365763 0.096165
vt 0.349360 0.097864
vt 0.572177 0.230981
vt 0.973309 0.715921
vt 0.341763 0.620493
vt 0.320228 0.616850
vt 0.335645 0.606081
vt 0.340188 0.188502
vt 0.863156 0.705791
vt 0.903753 0.444135
vt 0.889950 0.489855
vt 0.696608 0.756634
vt 0.705149 0.757328
vt 0.264183 0.334338
vt 0.276680 0.327963
vt 0.278442 0.342313
vt 0.773216 0.157160
vt 0.669942 0.347239
vt 0.776347 0.124122
vt 0.785748 0.121573
vt 0.791020 0.124241
vt 0.918162 0.155090
vt 0.326517 0.929101
vt 0.357338 0.903697
vt 0.308364 0.208279
vt 0.288586 0.211910
vt 0.272006 0.220850
vt 0.164213 0.757829
vt 0.532723 0.930793
vt 0.551803 0.940071
vt 0.547861 0.945762
vt 0.259751 0.718216
vt 0.850419 0.511396
vt 0.862070 0.504592
vt 0.867627 0.522934
vt 0.911937 0.063141
vt 0.926562 0.073518
vt 0.136597 0.512716
vt 0.716482 0.865050
vt 0.765689 0.868807
vt 0.786321 0.886153
vt 0.853534 0.222382
vt 0.837865 0.227508
vt 0.019429 0.641141
vt 0.000637 0.639981
vt 0.383562 0.913502
vt 0.393965 0.911170
vt 0.394395 0.917453
vt 0.910758 0.433287
vt 0.904837 0.500811
vt 0.129776 0.671286
vt 0.455963 0.847874
vt 0.474269 0.847325
vt 0.932707 0.669044
vt 0.025713 0.067320
vt 0.376616 0.066259
vt 0.845299 0.831162
vt 0.129860 0.878154
vt 0.203204 0.695689
vt 0.827487 0.659054
vt 0.840760 0.658932
vt 0.836586 0.663298
vt 0.101932 0.512159
vt 0.244107 0.818761
vt 0.230022 0.847979
vt 0.225499 0.824736
vt 0.639171 0.473383
vt 0.133389 0.530247
vt 0.546542 0.830940
vt 0.697929 0.763117
vt 0.113724 0.715724
vt 0.413913 0.936611
vt 0.095244 0.724025
vt 0.285929 0.329429
vt 0.780186 0.134246
vt 0.333972 0.867499
vt 0.334590 0.830163
vt 0.351744 0.820259
vt 0.360608 0.897622
vt 0.337665 0.086028
vt 0.157850 0.864416
vt 0.172621 0.862359
vt 0.126330 0.898537
vt 0.528317 0.939914
vt 0.541556 0.949519
vt 0.252618 0.730830
vt 0.590557 0.717320
vt 0.595769 0.709186
vt 0.837992 0.547383
vt 0.845165 0.527974
vt 0.862238 0.535406
vt 0.113046 0.524432
vt 0.493139 0.003550
vt 0.758355 0.863832
vt 0.844074 0.147741
vt 0.849222 0.700137
vt 0.866093 0.743991
vt 0.505891 0.855499
vt 0.124158 0.713816
vt 0.288196 0.344066
vt 0.326904 0.866309
vt 0.019741 0.040383
vt 0.142099 0.865275
vt 0.179425 0.740194
vt 0.166140 0.748457
vt 0.553933 0.767534
vt 0.571343 0.721047
vt 0.099950 0.481045
vt 0.177805 0.810531
vt 0.193472 0.808396
vt 0.182260 0.825344
vt 0.822578 0.670298
vt 0.569886 0.927942
vt 0.910864 0.103945
vt 0.874115 0.698125
vt 0.379439 0.902630
vt 0.872733 0.936485
vt 0.136582 0.652906
vt 0.716359 0.744009
vt 0.917212 0.504304
vt 0.959821 0.875606
vt 0.138206 0.688682
vt 0.134875 0.698808
vt 0.976245 0.644854
vt 0.974951 0.650733
vt 0.974445 0.643783
vt 0.981570 0.645723
vt 0.265433 0.633603
vt 0.259154 0.595745
vt 0.267966 0.617308
vt 0.353404 0.846071
vt 0.694570 0.344585
vt 0.915851 0.336009
vt 0.898325 0.333648
vt 0.900470 0.323844
vt 0.324707 0.209087
vt 0.423937 0.014280
vt 0.405871 0.008411
vt 0.423969 0.002187
vt 0.332720 0.076661
vt 0.837851 0.837378
vt 0.530505 0.965414
vt 0.549148 0.965737
vt 0.561143 0.947266
vt 0.550193 0.979380
vt 0.344926 0.880088
vt 0.365487 0.877956
vt 0.356507 0.887586
vt 0.367124 0.885883
vt 0.352408 0.892036
vt 0.367416 0.896295
vt 0.971962 0.651273
vt 0.137419 0.702279
vt 0.972208 0.633899
vt 0.906855 0.146469
vt 0.336396 0.098952
vt 0.175349 0.754181
vt 0.519963 0.962107
vt 0.582477 0.718475
vt 0.015010 0.503639
vt 0.008763 0.512198
vt 0.005702 0.503552
vt 0.845294 0.621270
vt 0.592123 0.941067
vt 0.819822 0.681135
vt 0.807236 0.670370
vt 0.859471 0.952622
vt 0.840840 0.934076
vt 0.603834 0.336344
vt 0.591480 0.360426
vt 0.584881 0.333207
vt 0.114607 0.550158
vt 0.110800 0.539224
vt 0.125903 0.535475
vt 0.105943 0.552303
vt 0.684270 0.431522
vt 0.930528 0.326741
vt 0.320542 0.138304
vt 0.008179 0.036397
vt 0.314898 0.224349
vt 0.764257 0.016797
vt 0.754108 0.002828
vt 0.766850 0.001167
vt 0.242687 0.091649
vt 0.255890 0.095992
vt 0.249340 0.101046
vt 0.857790 0.404256
vt 0.837642 0.402601
vt 0.852993 0.395946
vt 0.257844 0.103319
vt 0.211048 0.688379
vt 0.882418 0.556172
vt 0.878878 0.574979
vt 0.856129 0.610421
vt 0.137931 0.000507
vt 0.166460 0.044902
vt 0.150386 0.038838
vt 0.810105 0.690908
vt 0.805700 0.684371
vt 0.567545 0.245251
vt 0.583208 0.235474
vt 0.360709 0.410147
vt 0.373765 0.405908
vt 0.383863 0.423399
vt 0.218809 0.986433
vt 0.185679 0.977556
vt 0.223003 0.976142
vt 0.010694 0.153123
vt 0.020244 0.117481
vt 0.020184 0.165453
vt 0.802982 0.980044
vt 0.813128 0.994008
vt 0.793160 0.991247
vt 0.285823 0.353291
vt 0.110495 0.309500
vt 0.098383 0.320709
vt 0.074226 0.321736
vt 0.278437 0.318360
vt 0.269039 0.316544
vt 0.921725 0.148918
vt 0.912540 0.135976
vt 0.663640 0.434780
vt 0.125080 0.907477
vt 0.847975 0.384520
vt 0.826528 0.394374
vt 0.103995 0.460511
vt 0.116404 0.465711
vt 0.100996 0.463881
vt 0.261053 0.107571
vt 0.249863 0.114385
vt 0.835537 0.410437
vt 0.858484 0.408029
vt 0.809695 0.867223
vt 0.826829 0.882116
vt 0.541155 0.747560
vt 0.111746 0.497796
vt 0.841963 0.666434
vt 0.166131 0.021031
vt 0.270835 0.855947
vt 0.261795 0.855924
vt 0.912270 0.120990
vt 0.423529 0.991371
vt 0.416182 0.973186
vt 0.431123 0.966214
vt 0.137929 0.675060
vt 0.403623 0.932595
vt 0.031826 0.461188
vt 0.046339 0.432525
vt 0.044203 0.453404
vt 0.044943 0.419273
vt 0.989016 0.671234
vt 0.976471 0.669751
vt 0.986139 0.646525
vt 0.249828 0.581735
vt 0.269430 0.548533
vt 0.259125 0.592076
vt 0.116365 0.534577
vt 0.359871 0.875300
vt 0.344354 0.876286
vt 0.322596 0.065959
vt 0.323502 0.071949
vt 0.423844 0.266033
vt 0.830538 0.384125
vt 0.819076 0.400090
vt 0.820453 0.415139
vt 0.869594 0.546349
vt 0.005124 0.496645
vt 0.020740 0.503952
vt 0.017345 0.524895
vt 0.883066 0.520977
vt 0.876403 0.532091
vt 0.793660 0.660526
vt 0.837854 0.688556
vt 0.551617 0.102281
vt 0.725881 0.863025
vt 0.380485 0.446364
vt 0.367461 0.436911
vt 0.399843 0.425511
vt 0.383626 0.891910
vt 0.593470 0.370087
vt 0.603072 0.351498
vt 0.873626 0.102312
vt 0.863201 0.105655
vt 0.865319 0.088616
vt 0.082887 0.267849
vt 0.085272 0.284676
vt 0.071539 0.264273
vt 0.972148 0.665245
vt 0.988379 0.678476
vt 0.107979 0.288218
vt 0.246040 0.595083
vt 0.926307 0.677522
vt 0.798276 0.129762
vt 0.363604 0.828808
vt 0.715957 0.432970
vt 0.303185 0.093389
vt 0.295959 0.102031
vt 0.293593 0.077330
vt 0.824585 0.840056
vt 0.116344 0.471844
vt 0.109829 0.472149
vt 0.248131 0.275514
vt 0.247900 0.269470
vt 0.262369 0.270747
vt 0.255374 0.281750
vt 0.265826 0.096237
vt 0.846376 0.419011
vt 0.950763 0.626744
vt 0.977806 0.590856
vt 0.961865 0.637688
vt 0.195283 0.702953
vt 0.013067 0.524172
vt 0.007578 0.533100
vt 0.557404 0.937383
vt 0.928863 0.297088
vt 0.951936 0.299236
vt 0.960576 0.312768
vt 0.577675 0.247109
vt 0.935887 0.051507
vt 0.936721 0.079486
vt 0.314366 0.020866
vt 0.311162 0.051602
vt 0.301101 0.027051
vt 0.330502 0.601557
vt 0.543237 0.814411
vt 0.855529 0.044150
vt 0.898463 0.068176
vt 0.871287 0.074595
vt 0.973302 0.842543
vt 0.988774 0.842543
vt 0.985104 0.880012
vt 0.902812 0.508829
vt 0.377235 0.924591
vt 0.080969 0.255609
vt 0.971040 0.656305
vt 0.901222 0.669022
vt 0.273362 0.304948
vt 0.204728 0.914112
vt 0.016842 0.023998
vt 0.027250 0.026406
vt 0.296645 0.224970
vt 0.325208 0.083844
vt 0.124113 0.467672
vt 0.121422 0.475624
vt 0.255952 0.083290
vt 0.268902 0.105213
vt 0.264314 0.121748
vt 0.575590 0.941958
vt 0.447136 0.981771
vt 0.454044 0.976565
vt 0.448352 0.984435
vt 0.794521 0.673840
vt 0.160199 0.360674
vt 0.174309 0.365881
vt 0.167846 0.355711
vt 0.330710 0.596136
vt 0.316328 0.597651
vt 0.331387 0.585930
vt 0.311669 0.608519
vt 0.858260 0.152559
vt 0.996937 0.013352
vt 0.989091 0.009354
vt 0.992810 0.000620
vt 0.604193 0.317427
vt 0.870472 0.947644
vt 0.505998 0.829190
vt 0.494424 0.863356
vt 0.724135 0.731247
vt 0.865603 0.112121
vt 0.962732 0.660031
vt 0.974246 0.111177
vt 0.966518 0.106147
vt 0.982577 0.101718
vt 0.971503 0.671790
vt 0.958589 0.669010
vt 0.687039 0.330618
vt 0.693575 0.445126
vt 0.722361 0.338529
vt 0.289923 0.071286
vt 0.298454 0.065973
vt 0.304139 0.072526
vt 0.322012 0.058082
vt 0.319091 0.100660
vt 0.588534 0.195861
vt 0.569165 0.190991
vt 0.585653 0.176523
vt 0.263933 0.264995
vt 0.734774 0.625099
vt 0.740428 0.627251
vt 0.726270 0.634452
vt 0.947222 0.617088
vt 0.039786 0.527770
vt 0.211595 0.822510
vt 0.265242 0.919885
vt 0.252408 0.921710
vt 0.249883 0.906633
vt 0.568910 0.939030
vt 0.925813 0.106692
vt 0.401318 0.899366
vt 0.891137 0.932070
vt 0.885524 0.947119
vt 0.857751 0.119522
vt 0.148060 0.690321
vt 0.119202 0.295913
vt 0.300118 0.333570
vt 0.277261 0.308307
vt 0.808713 0.119963
vt 0.157530 0.552179
vt 0.924288 0.718553
vt 0.913380 0.707530
vt 0.925490 0.695974
vt 0.667170 0.273862
vt 0.678228 0.274247
vt 0.649891 0.288712
vt 0.681069 0.302974
vt 0.641338 0.307045
vt 0.595360 0.207026
vt 0.609821 0.172582
vt 0.610723 0.213474
vt 0.105952 0.448624
vt 0.116427 0.448865
vt 0.999895 0.562020
vt 0.999895 0.574207
vt 0.994117 0.568035
vt 0.720041 0.632847
vt 0.723038 0.620546
vt 0.698811 0.479145
vt 0.712332 0.465737
vt 0.705801 0.511028
vt 0.715842 0.509827
vt 0.857903 0.676645
vt 0.187743 0.377016
vt 0.537529 0.929466
vt 0.779257 0.869139
vt 0.548637 0.949718
vt 0.377318 0.880727
vt 0.857802 0.956211
vt 0.866398 0.959427
vt 0.638363 0.311550
vt 0.656061 0.313313
vt 0.654541 0.324886
vt 0.370438 0.934047
vt 0.031348 0.715608
vt 0.031348 0.768923
vt 0.023044 0.767375
vt 0.105330 0.275599
vt 0.935244 0.682092
vt 0.269159 0.291767
vt 0.264661 0.297709
vt 0.659980 0.446623
vt 0.312640 0.065802
vt 0.210124 0.880302
vt 0.827178 0.829904
vt 0.855132 0.009641
vt 0.839394 0.021332
vt 0.843424 0.007996
vt 0.177646 0.769726
vt 0.570261 0.178810
vt 0.124899 0.460178
vt 0.571854 0.944037
vt 0.269859 0.086221
vt 0.743096 0.639394
vt 0.724066 0.481390
vt 0.438961 0.944817
vt 0.455676 0.959582
vt 0.443065 0.959819
vt 0.010390 0.537287
vt 0.330355 0.037420
vt 0.744079 0.846865
vt 0.011299 0.328741
vt 0.005727 0.322101
vt 0.026977 0.327539
vt 0.148635 0.132909
vt 0.136312 0.141377
vt 0.144161 0.134719
vt 0.396875 0.884981
vt 0.493569 0.852760
vt 0.894188 0.940714
vt 0.968997 0.660275
vt 0.968438 0.099284
vt 0.302624 0.346118
vt 0.914693 0.687317
vt 0.288417 0.310769
vt 0.376711 0.820951
vt 0.375323 0.875391
vt 0.313404 0.078002
vt 0.678601 0.265337
vt 0.688017 0.269870
vt 0.272891 0.121098
vt 0.939359 0.601352
vt 0.440783 0.969813
vt 0.434802 0.963315
vt 0.193838 0.797701
vt 0.967794 0.300905
vt 0.964073 0.307561
vt 0.828026 0.698462
vt 0.794189 0.688032
vt 0.321325 0.627547
vt 0.127245 0.139023
vt 0.126140 0.145626
vt 0.123438 0.185796
vt 0.412559 0.894588
vt 0.708158 0.763235
vt 0.155811 0.799963
vt 0.167307 0.817109
vt 0.134878 0.813869
vt 0.721220 0.968367
vt 0.714706 0.945781
vt 0.722376 0.934827
vt 0.937416 0.696955
vt 0.722350 0.327996
vt 0.301810 0.060403
vt 0.726491 0.449172
vt 0.717262 0.448052
vt 0.126395 0.493002
vt 0.140039 0.468410
vt 0.258924 0.254407
vt 0.839981 0.426342
vt 0.778778 0.663606
vt 0.762256 0.670732
vt 0.747800 0.644725
vt 0.689911 0.508914
vt 0.684825 0.472310
vt 0.716884 0.623604
vt 0.434256 0.977544
vt 0.945727 0.319479
vt 0.243462 0.856193
vt 0.589612 0.242992
vt 0.924788 0.080792
vt 0.400966 0.436272
vt 0.366587 0.401585
vt 0.383074 0.401042
vt 0.615142 0.323281
vt 0.401140 0.939068
vt 0.398228 0.938209
vt 0.982956 0.088856
vt 0.982381 0.079696
vt 0.989422 0.083841
vt 0.665024 0.463885
vt 0.720873 0.455986
vt 0.678201 0.471405
vt 0.011598 0.016277
vt 0.007700 0.001732
vt 0.049685 0.001676
vt 0.028540 0.023274
vt 0.252424 0.077124
vt 0.130940 0.464103
vt 0.134955 0.451346
vt 0.129557 0.443568
vt 0.720536 0.607451
vt 0.461352 0.945579
vt 0.003756 0.770623
vt 0.030909 0.771572
vt 0.002525 0.781772
vt 0.231147 0.907727
vt 0.040402 0.077745
vt 0.036436 0.068987
vt 0.049372 0.075059
vt 0.580320 0.964796
vt 0.576280 0.974193
vt 0.572374 0.968501
vt 0.158862 0.351034
vt 0.947562 0.069712
vt 0.056460 0.218413
vt 0.175096 0.125980
vt 0.496895 0.851535
vt 0.721409 0.753605
vt 0.712255 0.942706
vt 0.282021 0.302360
vt 0.130483 0.287376
vt 0.738446 0.075684
vt 0.723971 0.073182
vt 0.737237 0.067691
vt 0.302911 0.054515
vt 0.694393 0.278250
vt 0.816844 0.823298
vt 0.246691 0.244954
vt 0.261067 0.247060
vt 0.261450 0.075728
vt 0.135234 0.446433
vt 0.136599 0.429653
vt 0.775845 0.988935
vt 0.766872 0.982663
vt 0.771953 0.976268
vt 0.275220 0.091082
vt 0.766091 0.976044
vt 0.766790 0.964666
vt 0.771996 0.964914
vt 0.734402 0.649914
vt 0.684515 0.531492
vt 0.671694 0.488621
vt 0.085335 0.913255
vt 0.071383 0.909190
vt 0.081712 0.902823
vt 0.875003 0.680968
vt 0.972175 0.309264
vt 0.966780 0.310426
vt 0.971506 0.305137
vt 0.233495 0.887462
vt 0.049250 0.061433
vt 0.172956 0.000140
vt 0.175708 0.017824
vt 0.167800 0.006506
vt 0.086878 0.992774
vt 0.091939 0.977653
vt 0.102927 0.985447
vt 0.209205 0.836863
vt 0.323051 0.584693
vt 0.613289 0.349911
vt 0.896702 0.090208
vt 0.164120 0.788937
vt 0.325047 0.286230
vt 0.288985 0.270730
vt 0.306983 0.269464
vt 0.973930 0.085295
vt 0.134272 0.297469
vt 0.367917 0.819474
vt 0.113463 0.486121
vt 0.937065 0.342298
vt 0.684655 0.253855
vt 0.289552 0.134589
vt 0.313007 0.114951
vt 0.618407 0.181371
vt 0.855526 0.362684
vt 0.550348 0.203299
vt 0.125198 0.438354
vt 0.771368 0.957668
vt 0.071671 0.881047
vt 0.215702 0.805198
vt 0.062249 0.038800
vt 0.043612 0.045058
vt 0.037105 0.037034
vt 0.972335 0.314838
vt 0.968930 0.315573
vt 0.962119 0.314968
vt 0.443040 0.986407
vt 0.437515 0.982524
vt 0.920093 0.122631
vt 0.024575 0.198962
vt 0.038078 0.224502
vt 0.016889 0.289239
vt 0.132373 0.129099
vt 0.128321 0.190935
vt 0.403578 0.880848
vt 0.150768 0.974075
vt 0.186059 0.974075
vt 0.151190 0.986504
vt 0.741710 0.728319
vt 0.650741 0.330645
vt 0.088799 0.960461
vt 0.052432 0.950717
vt 0.099265 0.950740
vt 0.303433 0.326469
vt 0.676381 0.253159
vt 0.138714 0.444437
vt 0.278962 0.269879
vt 0.765082 0.958207
vt 0.735963 0.522212
vt 0.064834 0.044869
vt 0.729712 0.595314
vt 0.068351 0.066584
vt 0.446595 0.977838
vt 0.470013 0.185134
vt 0.457459 0.191643
vt 0.464748 0.175935
vt 0.968920 0.304256
vt 0.038716 0.087217
vt 0.247725 0.941880
vt 0.742721 0.866632
vt 0.114325 0.123935
vt 0.983987 0.265469
vt 0.969107 0.265469
vt 0.970529 0.235529
vt 0.140843 0.825019
vt 0.114339 0.275882
vt 0.267204 0.284743
vt 0.719139 0.086615
vt 0.691994 0.253871
vt 0.694616 0.265180
vt 0.221432 0.909216
vt 0.578636 0.163238
vt 0.270526 0.230088
vt 0.255640 0.234088
vt 0.780636 0.987407
vt 0.283193 0.061057
vt 0.305218 0.045917
vt 0.291133 0.063856
vt 0.718621 0.639382
vt 0.732974 0.532267
vt 0.760164 0.961431
vt 0.094877 0.901244
vt 0.104884 0.905947
vt 0.063489 0.057659
vt 0.452185 0.971222
vt 0.674017 0.229440
vt 0.677922 0.233983
vt 0.671400 0.256934
vt 0.461863 0.964516
vt 0.468439 0.972700
vt 0.176511 0.003373
vt 0.041923 0.050662
vt 0.448409 0.993494
vt 0.587519 0.252869
vt 0.071268 0.567365
vt 0.049379 0.563765
vt 0.071258 0.549572
vt 0.896685 0.948565
vt 0.948186 0.849509
vt 0.963989 0.898147
vt 0.949999 0.901489
vt 0.745644 0.738026
vt 0.632639 0.321981
vt 0.695558 0.322385
vt 0.157948 0.828978
vt 0.285336 0.274564
vt 0.966167 0.088773
vt 0.329459 0.832662
vt 0.308538 0.843876
vt 0.307292 0.831801
vt 0.947484 0.323371
vt 0.598170 0.166273
vt 0.823037 0.365529
vt 0.143606 0.460956
vt 0.955573 0.537618
vt 0.959735 0.542768
vt 0.957038 0.551651
vt 0.832328 0.436328
vt 0.813670 0.417513
vt 0.268936 0.252059
vt 0.848674 0.428373
vt 0.761067 0.989162
vt 0.778060 0.972651
vt 0.287762 0.099330
vt 0.274494 0.077655
vt 0.123227 0.912022
vt 0.122963 0.918101
vt 0.491341 0.189667
vt 0.476315 0.186810
vt 0.488002 0.174226
vt 0.067927 0.051621
vt 0.109728 0.992628
vt 0.098688 0.974292
vt 0.107760 0.981245
vt 0.958969 0.322085
vt 0.175269 0.346202
vt 0.025062 0.224428
vt 0.419584 0.430754
vt 0.362436 0.375335
vt 0.376336 0.380725
vt 0.185279 0.797206
vt 0.308200 0.339724
vt 0.312684 0.346157
vt 0.307573 0.350622
vt 0.774116 0.003232
vt 0.827181 0.003232
vt 0.781357 0.014732
vt 0.864992 0.468910
vt 0.867607 0.429720
vt 0.879872 0.453447
vt 0.390833 0.875060
vt 0.386831 0.851599
vt 0.293111 0.837453
vt 0.692129 0.291509
vt 0.287069 0.845966
vt 0.611837 0.166648
vt 0.632703 0.202426
vt 0.588950 0.154888
vt 0.270591 0.278602
vt 0.285515 0.115629
vt 0.675195 0.506753
vt 0.760328 0.971872
vt 0.716325 0.617869
vt 0.503840 0.191551
vt 0.502182 0.209388
vt 0.064797 0.081026
vt 0.580121 0.988298
vt 0.168709 0.346656
vt 0.620020 0.334031
vt 0.624092 0.311831
vt 0.048176 0.450772
vt 0.048673 0.455964
vt 0.136545 0.277467
vt 0.721593 0.028655
vt 0.329100 0.845111
vt 0.289192 0.854604
vt 0.283814 0.842013
vt 0.800729 0.844063
vt 0.248051 0.227127
vt 0.263155 0.222325
vt 0.840846 0.438664
vt 0.761446 0.979133
vt 0.775524 0.956324
vt 0.748596 0.509926
vt 0.740963 0.478737
vt 0.689927 0.226781
vt 0.067152 0.055959
vt 0.475191 0.196568
vt 0.466927 0.202965
vt 0.129390 0.962708
vt 0.153923 0.958341
vt 0.148935 0.964122
vt 0.222770 0.928674
vt 0.218602 0.914516
vt 0.430686 0.979911
vt 0.301130 0.009193
vt 0.094217 0.643077
vt 0.108713 0.626922
vt 0.787145 0.871718
vt 0.626254 0.358855
vt 0.730309 0.754560
vt 0.331626 0.297055
vt 0.140604 0.838380
vt 0.289184 0.299269
vt 0.403599 0.878198
vt 0.404551 0.828711
vt 0.856822 0.484686
vt 0.850587 0.480252
vt 0.150626 0.476521
vt 0.120367 0.432888
vt 0.755727 0.989285
vt 0.280246 0.078836
vt 0.092065 0.891655
vt 0.470748 0.340622
vt 0.436099 0.351259
vt 0.458887 0.338531
vt 0.487578 0.213531
vt 0.994110 0.516134
vt 0.999403 0.532422
vt 0.995629 0.533267
vt 0.656323 0.221265
vt 0.965081 0.327208
vt 0.960098 0.322994
vt 0.940391 0.104346
vt 0.307771 0.593907
vt 0.302332 0.574910
vt 0.317635 0.574241
vt 0.027707 0.287526
vt 0.049087 0.545265
vt 0.029301 0.533266
vt 0.039789 0.529979
vt 0.495469 0.839687
vt 0.663179 0.068843
vt 0.624767 0.067187
vt 0.659546 0.058860
vt 0.378234 0.026378
vt 0.373189 0.027677
vt 0.365446 0.019472
vt 0.752988 0.763153
vt 0.761150 0.741636
vt 0.768234 0.741724
vt 0.748458 0.765286
vt 0.182630 0.830206
vt 0.176478 0.831788
vt 0.309599 0.317027
vt 0.273227 0.280930
vt 0.325063 0.850245
vt 0.717295 0.267062
vt 0.306418 0.131843
vt 0.296214 0.862983
vt 0.283054 0.870004
vt 0.954782 0.556583
vt 0.949339 0.552299
vt 0.274604 0.241173
vt 0.785450 0.986676
vt 0.281322 0.252871
vt 0.108730 0.891092
vt 0.668088 0.871732
vt 0.676908 0.877774
vt 0.674202 0.881665
vt 0.079885 0.050640
vt 0.973042 0.730366
vt 0.977820 0.717238
vt 0.975881 0.761304
vt 0.160682 0.346081
vt 0.165478 0.340796
vt 0.699801 0.863707
vt 0.705905 0.858402
vt 0.700662 0.881844
vt 0.791269 0.874693
vt 0.302574 0.633306
vt 0.644517 0.340730
vt 0.606087 0.510646
vt 0.619308 0.514827
vt 0.611376 0.529749
vt 0.326001 0.304264
vt 0.160107 0.839087
vt 0.320378 0.315131
vt 0.979486 0.075949
vt 0.387493 0.827485
vt 0.906483 0.058829
vt 0.909142 0.047374
vt 0.921203 0.061276
vt 0.926004 0.054702
vt 0.918502 0.040086
vt 0.313798 0.855630
vt 0.710415 0.283264
vt 0.963209 0.545792
vt 0.110984 0.441500
vt 0.748808 0.497934
vt 0.166334 0.940216
vt 0.167915 0.951996
vt 0.651480 0.249048
vt 0.757473 0.855828
vt 0.768187 0.852429
vt 0.779076 0.858140
vt 0.417879 0.427052
vt 0.635741 0.346118
vt 0.735040 0.757888
vt 0.741448 0.762673
vt 0.889850 0.032185
vt 0.900191 0.031333
vt 0.297441 0.822085
vt 0.305263 0.815085
vt 0.800109 0.819481
vt 0.946254 0.563439
vt 0.829499 0.011992
vt 0.846847 0.354114
vt 0.282285 0.084562
vt 0.757016 0.976895
vt 0.446021 0.362333
vt 0.756795 0.963775
vt 0.118221 0.890655
vt 0.662051 0.868845
vt 0.753197 0.498332
vt 0.676261 0.865555
vt 0.681799 0.866079
vt 0.080178 0.060052
vt 0.077043 0.069141
vt 0.185519 0.778779
vt 0.211491 0.787185
vt 0.931775 0.761433
vt 0.929857 0.737451
vt 0.950176 0.745992
vt 0.249313 0.875379
vt 0.171513 0.337652
vt 0.891883 0.526634
vt 0.900599 0.521704
vt 0.904220 0.532378
vt 0.411934 0.419046
vt 0.026536 0.553372
vt 0.637686 0.483952
vt 0.754979 0.739558
vt 0.179898 0.841862
vt 0.050065 0.463062
vt 0.054715 0.459600
vt 0.932737 0.049697
vt 0.108817 0.844020
vt 0.155491 0.492469
vt 0.832786 0.001121
vt 0.858717 0.343881
vt 0.750346 0.680135
vt 0.197436 0.684552
vt 0.781221 0.959272
vt 0.750716 0.526131
vt 0.075495 0.044026
vt 0.473771 0.205156
vt 0.168945 0.963560
vt 0.157091 0.965567
vt 0.585780 0.033884
vt 0.578392 0.025079
vt 0.585086 0.002045
vt 0.303042 0.611363
vt 0.400584 0.408504
vt 0.849033 0.992849
vt 0.849033 0.981202
vt 0.866037 0.992839
vt 0.160802 0.859766
vt 0.136328 0.857548
vt 0.968693 0.079229
vt 0.250150 0.067758
vt 0.268738 0.071463
vt 0.455493 0.435920
vt 0.432263 0.426183
vt 0.437014 0.412797
vt 0.783908 0.972503
vt 0.855671 0.444222
vt 0.102208 0.849899
vt 0.091204 0.844098
vt 0.097260 0.835177
vt 0.732456 0.667767
vt 0.092815 0.877628
vt 0.969785 0.721466
vt 0.190439 0.350536
vt 0.110234 0.611786
vt 0.091224 0.612526
vt 0.092868 0.627125
vt 0.628174 0.049796
vt 0.655614 0.047923
vt 0.173318 0.849401
vt 0.396425 0.809926
vt 0.869311 0.486549
vt 0.883715 0.470502
vt 0.285705 0.823708
vt 0.047120 0.830865
vt 0.065155 0.799628
vt 0.056301 0.859402
vt 0.609297 0.151253
vt 0.668904 0.013898
vt 0.668904 0.000573
vt 0.686386 0.006018
vt 0.963696 0.556612
vt 0.556909 0.133831
vt 0.539453 0.163609
vt 0.466197 0.577713
vt 0.457327 0.563162
vt 0.487124 0.564187
vt 0.787395 0.974502
vt 0.790946 0.987884
vt 0.448050 0.412905
vt 0.489380 0.429327
vt 0.840020 0.450005
vt 0.131560 0.835069
vt 0.109066 0.837332
vt 0.108513 0.833322
vt 0.437615 0.358853
vt 0.285275 0.092039
vt 0.471725 0.355837
vt 0.501022 0.217346
vt 0.766453 0.506136
vt 0.083905 0.055236
vt 0.660006 0.266952
vt 0.443844 0.209400
vt 0.440682 0.193969
vt 0.177025 0.338879
vt 0.924433 0.125162
vt 0.052836 0.473727
vt 0.061276 0.473941
vt 0.863898 0.489639
vt 0.840940 0.497775
vt 0.911378 0.028955
vt 0.927230 0.037379
vt 0.637620 0.675651
vt 0.650646 0.689544
vt 0.633908 0.697710
vt 0.969320 0.548459
vt 0.292955 0.267191
vt 0.722605 0.658338
vt 0.714294 0.645818
vt 0.791635 0.970417
vt 0.788285 0.960070
vt 0.793175 0.961197
vt 0.109926 0.880765
vt 0.637830 0.220468
vt 0.661490 0.828492
vt 0.666257 0.832622
vt 0.659270 0.840214
vt 0.289955 0.567758
vt 0.302608 0.544118
vt 0.050561 0.588285
vt 0.045239 0.470983
vt 0.886153 0.490898
vt 0.737893 0.251045
vt 0.744390 0.271209
vt 0.696438 0.313251
vt 0.800964 0.358793
vt 0.119418 0.877284
vt 0.652000 0.836725
vt 0.933904 0.125638
vt 0.754271 0.862043
vt 0.176478 0.859058
vt 0.023055 0.465069
vt 0.028987 0.468463
vt 0.895880 0.518383
vt 0.890849 0.478460
vt 0.893759 0.457128
vt 0.900599 0.022191
vt 0.719270 0.295119
vt 0.627948 0.147792
vt 0.610853 0.135212
vt 0.210311 0.676216
vt 0.436445 0.368989
vt 0.185858 0.689445
vt 0.234229 0.812144
vt 0.463978 0.214514
vt 0.433054 0.202044
vt 0.960076 0.327791
vt 0.959818 0.330157
vt 0.730809 0.691452
vt 0.730159 0.681387
vt 0.750051 0.683722
vt 0.949026 0.098774
vt 0.690476 0.873572
vt 0.345688 0.037787
vt 0.341935 0.058197
vt 0.071856 0.192184
vt 0.076722 0.212830
vt 0.037041 0.471790
vt 0.899080 0.437520
vt 0.937000 0.042789
vt 0.300755 0.871873
vt 0.831441 0.023330
vt 0.283367 0.238885
vt 0.972823 0.556047
vt 0.654109 0.861622
vt 0.666514 0.854347
vt 0.489042 0.230432
vt 0.476875 0.226399
vt 0.652669 0.833504
vt 0.648567 0.829807
vt 0.647538 0.259394
vt 0.205773 0.767480
vt 0.935271 0.725235
vt 0.215472 0.928853
vt 0.266587 0.873324
vt 0.714080 0.869472
vt 0.708899 0.884191
vt 0.392449 0.399644
vt 0.186480 0.857909
vt 0.087333 0.470447
vt 0.065397 0.474488
vt 0.082339 0.464654
vt 0.057925 0.462932
vt 0.057308 0.412239
vt 0.065557 0.425314
vt 0.049839 0.427773
vt 0.894267 0.499663
vt 0.331716 0.858847
vt 0.956265 0.564366
vt 0.571898 0.136498
vt 0.233993 0.361865
vt 0.230167 0.358757
vt 0.244287 0.345121
vt 0.619317 0.633330
vt 0.626360 0.618757
vt 0.631233 0.637213
vt 0.090383 0.866656
vt 0.108085 0.873913
vt 0.225450 0.795675
vt 0.097297 0.039697
vt 0.471499 0.221121
vt 0.174502 0.970962
vt 0.216490 0.936679
vt 0.725737 0.701270
vt 0.734774 0.707841
vt 0.230772 0.868656
vt 0.210061 0.876696
vt 0.495099 0.816720
vt 0.592818 0.057825
vt 0.573173 0.045067
vt 0.599250 0.052617
vt 0.562599 0.046925
vt 0.555402 0.036169
vt 0.848609 0.502205
vt 0.898452 0.062141
vt 0.868612 0.494944
vt 0.565048 0.990462
vt 0.571584 0.988230
vt 0.577167 0.989416
vt 0.942003 0.045949
vt 0.536353 0.196697
vt 0.521992 0.181076
vt 0.534636 0.168865
vt 0.617721 0.139660
vt 0.444703 0.534673
vt 0.434834 0.551793
vt 0.427833 0.540378
vt 0.843392 0.346904
vt 0.202274 0.667472
vt 0.484366 0.579451
vt 0.103571 0.826375
vt 0.489892 0.411639
vt 0.652756 0.491963
vt 0.711688 0.630739
vt 0.703309 0.636903
vt 0.699966 0.618504
vt 0.101843 0.874273
vt 0.678017 0.852827
vt 0.938548 0.614322
vt 0.953003 0.636668
vt 0.945014 0.639540
vt 0.935376 0.633592
vt 0.202323 0.941031
vt 0.180972 0.331500
vt 0.925282 0.520885
vt 0.762435 0.844370
vt 0.097846 0.650554
vt 0.298973 0.623132
vt 0.294806 0.596501
vt 0.398273 0.041394
vt 0.970423 0.808589
vt 0.974079 0.838154
vt 0.964518 0.835635
vt 0.895348 0.468530
vt 0.918757 0.024585
vt 0.510951 0.151854
vt 0.318816 0.865456
vt 0.202346 0.143363
vt 0.190475 0.148666
vt 0.191055 0.134367
vt 0.664900 0.701252
vt 0.656075 0.712111
vt 0.818517 0.344525
vt 0.683915 0.704884
vt 0.228967 0.339938
vt 0.689105 0.637191
vt 0.690454 0.623476
vt 0.701522 0.651440
vt 0.688787 0.660940
vt 0.698376 0.647519
vt 0.113184 0.866256
vt 0.701367 0.857798
vt 0.670704 0.834899
vt 0.210189 0.764477
vt 0.647815 0.278842
vt 0.208400 0.920945
vt 0.417519 0.418914
vt 0.424511 0.426185
vt 0.297977 0.607940
vt 0.290094 0.584696
vt 0.359329 0.352342
vt 0.375522 0.352039
vt 0.373898 0.368232
vt 0.090641 0.413085
vt 0.080055 0.427592
vt 0.078171 0.414770
vt 0.065897 0.436669
vt 0.048558 0.442668
vt 0.963214 0.800967
vt 0.961322 0.805803
vt 0.580063 0.040805
vt 0.883845 0.039437
vt 0.933225 0.024394
vt 0.941707 0.030027
vt 0.934249 0.034444
vt 0.462116 0.142722
vt 0.471631 0.162305
vt 0.456162 0.161872
vt 0.476059 0.146033
vt 0.483904 0.158154
vt 0.230358 0.381436
vt 0.228432 0.380769
vt 0.676252 0.720336
vt 0.450839 0.554086
vt 0.605461 0.634519
vt 0.293969 0.251748
vt 0.498885 0.582556
vt 0.467184 0.600015
vt 0.261647 0.925756
vt 0.280768 0.914717
vt 0.278916 0.963028
vt 0.659485 0.521037
vt 0.707940 0.659889
vt 0.655565 0.848983
vt 0.648984 0.844599
vt 0.640478 0.825421
vt 0.008405 0.574741
vt 0.012261 0.567652
vt 0.010312 0.573270
vt 0.732903 0.716143
vt 0.726193 0.882343
vt 0.628168 0.478678
vt 0.381460 0.050332
vt 0.371121 0.051356
vt 0.367234 0.039336
vt 0.494215 0.142843
vt 0.884162 0.056313
vt 0.572810 0.976105
vt 0.223937 0.390304
vt 0.710785 0.312634
vt 0.979150 0.410274
vt 0.991981 0.419596
vt 0.971093 0.438528
vt 0.956172 0.585157
vt 0.825215 0.340599
vt 0.015046 0.618960
vt 0.022274 0.607900
vt 0.024476 0.620177
vt 0.975820 0.576138
vt 0.445717 0.370741
vt 0.645060 0.864040
vt 0.227175 0.785225
vt 0.945262 0.667115
vt 0.939559 0.643572
vt 0.948900 0.642969
vt 0.152066 0.602946
vt 0.140822 0.592952
vt 0.178923 0.594284
vt 0.633679 0.242844
vt 0.117740 0.963418
vt 0.111867 0.974763
vt 0.104169 0.970133
vt 0.425801 0.216283
vt 0.272151 0.563829
vt 0.284287 0.550155
vt 0.589361 0.513005
vt 0.606288 0.487070
vt 0.409013 0.035507
vt 0.550910 0.022016
vt 0.506442 0.185756
vt 0.525291 0.188893
vt 0.204388 0.138727
vt 0.317674 0.879125
vt 0.173715 0.150528
vt 0.634381 0.709089
vt 0.615632 0.707599
vt 0.064960 0.861050
vt 0.933361 0.569111
vt 0.953245 0.588206
vt 0.187231 0.667403
vt 0.102741 0.860819
vt 0.443717 0.377596
vt 0.639990 0.855550
vt 0.672685 0.841956
vt 0.172221 0.584997
vt 0.107335 0.960605
vt 0.647764 0.001189
vt 0.658194 0.005465
vt 0.651212 0.011019
vt 0.636041 0.831707
vt 0.335143 0.016268
vt 0.298857 0.632904
vt 0.303672 0.637020
vt 0.414765 0.401147
vt 0.394990 0.382889
vt 0.711062 0.062651
vt 0.390955 0.049221
vt 0.098644 0.417239
vt 0.091881 0.424119
vt 0.733616 0.313826
vt 0.670638 0.848487
vt 0.957557 0.663147
vt 0.112316 0.982009
vt 0.758955 0.737676
vt 0.751927 0.723888
vt 0.772323 0.732955
vt 0.383918 0.576830
vt 0.406528 0.584570
vt 0.382755 0.593878
vt 0.355636 0.049798
vt 0.358580 0.050984
vt 0.582569 0.508353
vt 0.599290 0.039555
vt 0.987735 0.809822
vt 0.988279 0.840251
vt 0.514542 0.209075
vt 0.207975 0.120137
vt 0.600993 0.721629
vt 0.625475 0.719830
vt 0.602115 0.729955
vt 0.845379 0.327939
vt 0.444480 0.397237
vt 0.468297 0.586341
vt 0.125579 0.305802
vt 0.136806 0.303515
vt 0.140197 0.310666
vt 0.681116 0.629999
vt 0.109484 0.853625
vt 0.768407 0.528706
vt 0.132279 0.574547
vt 0.129029 0.562486
vt 0.159572 0.570283
vt 0.626878 0.227457
vt 0.461641 0.230407
vt 0.629079 0.255367
vt 0.222061 0.779348
vt 0.133495 0.605763
vt 0.140776 0.608764
vt 0.122450 0.634121
vt 0.639522 0.840662
vt 0.133418 0.976689
vt 0.147594 0.976194
vt 0.140589 0.992868
vt 0.015939 0.564974
vt 0.767735 0.720744
vt 0.967287 0.754458
vt 0.967348 0.719606
vt 0.740790 0.709562
vt 0.087783 0.451556
vt 0.224988 0.128490
vt 0.650890 0.720179
vt 0.041366 0.696184
vt 0.041366 0.757409
vt 0.035480 0.729337
vt 0.213924 0.386069
vt 0.661740 0.726520
vt 0.443379 0.584495
vt 0.479884 0.371621
vt 0.961830 0.642189
vt 0.235143 0.788401
vt 0.009704 0.555263
vt 0.011501 0.549866
vt 0.014594 0.555376
vt 0.631814 0.275992
vt 0.294714 0.623539
vt 0.103638 0.438711
vt 0.382176 0.059419
vt 0.100910 0.428148
vt 0.300488 0.883518
vt 0.627595 0.730445
vt 0.950058 0.594118
vt 0.642923 0.616063
vt 0.649217 0.625280
vt 0.078098 0.845880
vt 0.067956 0.860157
vt 0.070658 0.837686
vt 0.129095 0.314453
vt 0.674384 0.624015
vt 0.097065 0.852358
vt 0.240092 0.797169
vt 0.630215 0.207297
vt 0.157052 0.584052
vt 0.633393 0.838051
vt 0.443932 0.235083
vt 0.666108 0.011371
vt 0.017949 0.552294
vt 0.023632 0.555353
vt 0.130236 0.989403
vt 0.765636 0.842492
vt 0.427030 0.406434
vt 0.278907 0.588450
vt 0.056081 0.450215
vt 0.077832 0.446428
vt 0.030295 0.614050
vt 0.647998 0.524664
vt 0.635945 0.493216
vt 0.694462 0.665440
vt 0.621123 0.248265
vt 0.682481 0.844509
vt 0.097438 0.962434
vt 0.786254 0.732736
vt 0.755634 0.714740
vt 0.010146 0.409099
vt 0.037888 0.393539
vt 0.052728 0.408379
vt 0.191759 0.115767
vt 0.010450 0.605256
vt 0.020381 0.599091
vt 0.304706 0.228248
vt 0.399572 0.772428
vt 0.391073 0.784216
vt 0.383892 0.781812
vt 0.014495 0.560259
vt 0.434495 0.238541
vt 0.939192 0.709126
vt 0.765839 0.691173
vt 0.756076 0.698516
vt 0.287084 0.620182
vt 0.601219 0.464137
vt 0.094112 0.434008
vt 0.946180 0.056619
vt 0.964499 0.062220
vt 0.963681 0.105057
vt 0.856035 0.290882
vt 0.841626 0.271302
vt 0.864342 0.282052
vt 0.177774 0.132282
vt 0.873465 0.849836
vt 0.883494 0.846577
vt 0.880690 0.866064
vt 0.646582 0.725170
vt 0.205854 0.362519
vt 0.205095 0.348406
vt 0.079239 0.830039
vt 0.486032 0.399745
vt 0.682635 0.611853
vt 0.252834 0.807690
vt 0.485514 0.248205
vt 0.606547 0.216096
vt 0.744471 0.989853
vt 0.741614 0.966580
vt 0.753397 0.964239
vt 0.632964 0.846180
vt 0.624354 0.282722
vt 0.615129 0.265272
vt 0.621404 0.264018
vt 0.083358 0.962760
vt 0.088201 0.972935
vt 0.610154 0.909295
vt 0.614643 0.913927
vt 0.608307 0.913326
vt 0.659640 0.020767
vt 0.775583 0.708032
vt 0.772814 0.680941
vt 0.033974 0.388899
vt 0.395467 0.369567
vt 0.088885 0.440303
vt 0.874724 0.279726
vt 0.880582 0.293314
vt 0.892285 0.851268
vt 0.425765 0.547683
vt 0.969993 0.585840
vt 0.457240 0.588317
vt 0.285998 0.631232
vt 0.398881 0.062726
vt 0.379174 0.071994
vt 0.422622 0.017182
vt 0.404701 0.027415
vt 0.399389 0.010039
vt 0.395607 0.027710
vt 0.265424 0.196294
vt 0.637007 0.604879
vt 0.431851 0.578794
vt 0.894233 0.915899
vt 0.898735 0.929539
vt 0.875324 0.929192
vt 0.664974 0.621440
vt 0.147956 0.296822
vt 0.139056 0.283589
vt 0.475653 0.389227
vt 0.444913 0.384863
vt 0.478255 0.636485
vt 0.460662 0.608299
vt 0.487258 0.380907
vt 0.720956 0.666973
vt 0.717892 0.588025
vt 0.121703 0.325548
vt 0.109435 0.339407
vt 0.110572 0.322699
vt 0.635286 0.530847
vt 0.606713 0.261502
vt 0.588516 0.266440
vt 0.592624 0.259043
vt 0.994223 0.563193
vt 0.994223 0.547586
vt 0.997793 0.556093
vt 0.122222 0.566383
vt 0.601318 0.268731
vt 0.781114 0.682889
vt 0.358023 0.045054
vt 0.781922 0.848635
vt 0.429310 0.375586
vt 0.599352 0.447675
vt 0.582374 0.409373
vt 0.548505 0.002589
vt 0.574805 0.005899
vt 0.564354 0.016860
vt 0.180418 0.125776
vt 0.865843 0.274018
vt 0.891739 0.873867
vt 0.209555 0.329531
vt 0.137883 0.320753
vt 0.985357 0.365594
vt 0.971167 0.348122
vt 0.984622 0.333858
vt 0.591569 0.209426
vt 0.472887 0.247082
vt 0.127041 0.584684
vt 0.003034 0.564357
vt 0.373563 0.020211
vt 0.991380 0.048524
vt 0.991380 0.080218
vt 0.985666 0.077870
vt 0.402203 0.789464
vt 0.394031 0.795612
vt 0.132637 0.592871
vt 0.115030 0.619877
vt 0.682389 0.898015
vt 0.677925 0.888286
vt 0.725197 0.896207
vt 0.624490 0.608959
vt 0.145701 0.318682
vt 0.692358 0.594292
vt 0.121867 0.979864
vt 0.752340 0.708246
vt 0.777167 0.676094
vt 0.408373 0.607835
vt 0.389505 0.619072
vt 0.794366 0.855811
vt 0.271511 0.621996
vt 0.422322 0.394844
vt 0.610156 0.467658
vt 0.555840 0.021033
vt 0.583731 0.036832
vt 0.880955 0.872564
vt 0.951557 0.387154
vt 0.933737 0.381648
vt 0.944228 0.375783
vt 0.373286 0.002230
vt 0.030379 0.603815
vt 0.648751 0.601662
vt 0.662082 0.602497
vt 0.120161 0.334924
vt 0.246900 0.798215
vt 0.383475 0.794252
vt 0.003797 0.549510
vt 0.703789 0.900364
vt 0.511763 0.675604
vt 0.521761 0.655728
vt 0.527207 0.675862
vt 0.753633 0.633150
vt 0.776541 0.636789
vt 0.772778 0.644204
vt 0.394293 0.072344
vt 0.202207 0.107542
vt 0.217775 0.107739
vt 0.845248 0.262896
vt 0.182557 0.115099
vt 0.016363 0.079536
vt 0.008592 0.082544
vt 0.009885 0.054919
vt 0.662878 0.737906
vt 0.916738 0.843364
vt 0.897716 0.841463
vt 0.919399 0.834145
vt 0.683937 0.742049
vt 0.676137 0.593401
vt 0.129431 0.327097
vt 0.113721 0.352137
vt 0.446577 0.252963
vt 0.609956 0.903519
vt 0.615577 0.904909
vt 0.115360 0.606615
vt 0.413461 0.547275
vt 0.390585 0.538827
vt 0.411754 0.540786
vt 0.394316 0.555888
vt 0.416848 0.556660
vt 0.921382 0.511986
vt 0.532617 0.677408
vt 0.522223 0.686985
vt 0.432587 0.389162
vt 0.411554 0.044825
vt 0.822012 0.270804
vt 0.883222 0.882714
vt 0.902044 0.869219
vt 0.644304 0.746223
vt 0.128003 0.340247
vt 0.131613 0.357628
vt 0.347778 0.022516
vt 0.059896 0.235289
vt 0.769102 0.619673
vt 0.763551 0.623999
vt 0.755898 0.620553
vt 0.186427 0.104707
vt 0.202627 0.092484
vt 0.860815 0.260572
vt 0.869819 0.269235
vt 0.192329 0.377478
vt 0.906382 0.857358
vt 0.626533 0.597038
vt 0.067542 0.799524
vt 0.386745 0.797482
vt 0.030192 0.870385
vt 0.025150 0.879116
vt 0.001246 0.871378
vt 0.909353 0.510295
vt 0.352663 0.012775
vt 0.745440 0.910072
vt 0.081490 0.620004
vt 0.185906 0.394526
vt 0.200606 0.413060
vt 0.767676 0.043691
vt 0.758501 0.039308
vt 0.765786 0.022383
vt 0.039606 0.613804
vt 0.663129 0.590740
vt 0.156876 0.314335
vt 0.144005 0.329159
vt 0.960460 0.356715
vt 0.957008 0.353343
vt 0.390218 0.806107
vt 0.799121 0.743877
vt 0.811190 0.704385
vt 0.358198 0.022792
vt 0.358433 0.032330
vt 0.532802 0.686570
vt 0.779053 0.629552
vt 0.082588 0.639071
vt 0.076299 0.645614
vt 0.834008 0.260146
vt 0.866866 0.420536
vt 0.852867 0.378840
vt 0.871174 0.389884
vt 0.852788 0.252208
vt 0.867807 0.255963
vt 0.040000 0.588327
vt 0.968368 0.329017
vt 0.150477 0.329049
vt 0.402380 0.804387
vt 0.412799 0.782992
vt 0.110997 0.566994
vt 0.427926 0.271382
vt 0.612880 0.899432
vt 0.627687 0.913698
vt 0.035389 0.565839
vt 0.437351 0.775197
vt 0.431541 0.765083
vt 0.448910 0.757048
vt 0.687692 0.905414
vt 0.083606 0.629407
vt 0.946832 0.363541
vt 0.961117 0.365804
vt 0.418947 0.990784
vt 0.412391 0.992914
vt 0.414309 0.977645
vt 0.957983 0.375827
vt 0.049141 0.600726
vt 0.646234 0.585257
vt 0.743783 0.039510
vt 0.739214 0.056709
vt 0.739740 0.016786
vt 0.150817 0.338984
vt 0.158730 0.342845
vt 0.409574 0.578556
vt 0.672894 0.909127
vt 0.668233 0.884643
vt 0.542342 0.707041
vt 0.532455 0.701270
vt 0.098185 0.656574
vt 0.876187 0.409963
vt 0.173729 0.111003
vt 0.976322 0.545769
vt 0.959877 0.535355
vt 0.971590 0.526708
vt 0.962139 0.384296
vt 0.009528 0.589152
vt 0.020909 0.585612
vt 0.006505 0.741887
vt 0.017143 0.739611
vt 0.021938 0.752784
vt 0.689026 0.579108
vt 0.397647 0.806838
vt 0.415368 0.768463
vt 0.426257 0.773157
vt 0.423234 0.779713
vt 0.790566 0.661313
vt 0.781370 0.665748
vt 0.999849 0.449630
vt 0.999849 0.472526
vt 0.994662 0.455414
vt 0.635280 0.472642
vt 0.861581 0.251960
vt 0.923267 0.859654
vt 0.927414 0.846631
vt 0.733495 0.018580
vt 0.298801 0.019342
vt 0.288859 0.018821
vt 0.298063 0.006730
vt 0.240289 0.116130
vt 0.230022 0.124746
vt 0.234967 0.108240
vt 0.166937 0.332840
vt 0.629519 0.894263
vt 0.016610 0.363356
vt 0.070678 0.612927
vt 0.091099 0.593354
vt 0.913902 0.865205
vt 0.023843 0.084114
vt 0.013846 0.099272
vt 0.627621 0.584742
vt 0.435582 0.596018
vt 0.300307 0.529796
vt 0.289759 0.519537
vt 0.301006 0.523346
vt 0.020345 0.768373
vt 0.221076 0.113329
vt 0.228641 0.113311
vt 0.223957 0.123395
vt 0.287619 0.013694
vt 0.413365 0.551722
vt 0.508918 0.700675
vt 0.758206 0.647291
vt 0.778565 0.654357
vt 0.856401 0.219161
vt 0.896377 0.877791
vt 0.046761 0.593457
vt 0.969249 0.401137
vt 0.955497 0.414517
vt 0.211141 0.093452
vt 0.220079 0.101239
vt 0.210309 0.101814
vt 0.960695 0.478317
vt 0.967427 0.496392
vt 0.949405 0.496346
vt 0.188010 0.338373
vt 0.288984 0.026836
vt 0.282403 0.526351
vt 0.671254 0.577856
vt 0.445443 0.614264
vt 0.950992 0.344109
vt 0.611862 0.919287
vt 0.804929 0.109261
vt 0.805357 0.104601
vt 0.812608 0.109386
vt 0.415369 0.598655
vt 0.931434 0.513296
vt 0.715512 0.905566
vt 0.887301 0.391126
vt 0.194480 0.087671
vt 0.185952 0.095765
vt 0.902121 0.882609
vt 0.926348 0.992859
vt 0.917877 0.987690
vt 0.929499 0.981990
vt 0.421460 0.800478
vt 0.829169 0.118913
vt 0.812309 0.123099
vt 0.827443 0.113947
vt 0.418058 0.618490
vt 0.944457 0.528470
vt 0.517943 0.699848
vt 0.777249 0.624905
vt 0.077429 0.638788
vt 0.180090 0.094814
vt 0.965066 0.519958
vt 0.969892 0.522610
vt 0.942180 0.533613
vt 0.901381 0.880176
vt 0.186396 0.359029
vt 0.223348 0.089243
vt 0.293727 0.537929
vt 0.184355 0.321679
vt 0.197686 0.311990
vt 0.001327 0.738013
vt 0.000706 0.730922
vt 0.019247 0.736891
vt 0.800333 0.102517
vt 0.077442 0.662135
vt 0.917593 0.420561
vt 0.189147 0.070530
vt 0.970056 0.515354
vt 0.952178 0.518386
vt 0.006567 0.765611
vt 0.306866 0.507631
vt 0.292539 0.001607
vt 0.489193 0.028293
vt 0.476099 0.012080
vt 0.489470 0.005845
vt 0.415991 0.060319
vt 0.980973 0.516328
vt 0.973449 0.381434
vt 0.624765 0.749998
vt 0.047004 0.615265
vt 0.221515 0.105426
vt 0.937405 0.837258
vt 0.911683 0.914673
vt 0.225639 0.104974
vt 0.949772 0.353212
vt 0.606938 0.962566
vt 0.606938 0.929650
vt 0.616115 0.942970
vt 0.077005 0.629803
vt 0.976447 0.509621
vt 0.228359 0.089729
vt 0.759908 0.017161
vt 0.015954 0.574551
vt 0.028371 0.581221
vt 0.731856 0.905357
vt 0.742838 0.919501
vt 0.730965 0.923823
vt 0.937051 0.828508
vt 0.020252 0.709592
vt 0.291807 0.500887
vt 0.421285 0.813471
vt 0.636013 0.911738
vt 0.636290 0.913768
vt 0.805928 0.095713
vt 0.416392 0.579143
vt 0.927094 0.495793
vt 0.923978 0.500650
vt 0.926689 0.491648
vt 0.929448 0.490449
vt 0.521876 0.718753
vt 0.510628 0.712147
vt 0.971974 0.358936
vt 0.918808 0.883568
vt 0.915243 0.975564
vt 0.916741 0.927596
vt 0.302701 0.004839
vt 0.639664 0.922496
vt 0.444367 0.792825
vt 0.803880 0.090797
vt 0.807520 0.089409
vt 0.926125 0.484182
vt 0.927221 0.490010
vt 0.929301 0.503973
vt 0.384888 0.725791
vt 0.386660 0.712103
vt 0.403359 0.722301
vt 0.178454 0.185171
vt 0.165901 0.178005
vt 0.166421 0.164160
vt 0.047458 0.588355
vt 0.771099 0.043026
vt 0.777347 0.040897
vt 0.940700 0.206748
vt 0.935999 0.213352
vt 0.942637 0.181773
vt 0.895554 0.910281
vt 0.940907 0.858898
vt 0.742100 0.932468
vt 0.720368 0.906007
vt 0.717374 0.923940
vt 0.231416 0.090604
vt 0.237241 0.095979
vt 0.232635 0.098159
vt 0.387064 0.969228
vt 0.387578 0.960660
vt 0.400099 0.975883
vt 0.788905 0.100267
vt 0.782429 0.117169
vt 0.420418 0.597970
vt 0.692682 0.916549
vt 0.074732 0.623883
vt 0.183811 0.170428
vt 0.790318 0.853146
vt 0.784648 0.843803
vt 0.792617 0.841992
vt 0.051823 0.597092
vt 0.708730 0.930592
vt 0.720560 0.932221
vt 0.056883 0.604989
vt 0.932978 0.973246
vt 0.429344 0.601795
vt 0.945024 0.440878
vt 0.953086 0.435960
vt 0.945558 0.455014
vt 0.244908 0.209009
vt 0.256515 0.201164
vt 0.258747 0.203253
vt 0.456918 0.785227
vt 0.929393 0.483161
vt 0.922161 0.489104
vt 0.932382 0.507388
vt 0.075240 0.641207
vt 0.774635 0.011836
vt 0.938627 0.476624
vt 0.029189 0.569485
vt 0.906603 0.985273
vt 0.274997 0.506923
vt 0.941787 0.454211
vt 0.934771 0.453777
vt 0.249847 0.201125
vt 0.807219 0.078057
vt 0.809948 0.079220
vt 0.420999 0.571672
vt 0.422265 0.583073
vt 0.937380 0.489686
vt 0.940852 0.513588
vt 0.358113 0.017634
vt 0.408365 0.712672
vt 0.513402 0.720780
vt 0.787698 0.621848
vt 0.154247 0.145440
vt 0.187083 0.159632
vt 0.207377 0.162339
vt 0.161383 0.188106
vt 0.061620 0.661698
vt 0.074697 0.662374
vt 0.066739 0.670028
vt 0.041486 0.573611
vt 0.786757 0.026584
vt 0.926071 0.873843
vt 0.932007 0.205594
vt 0.265589 0.546446
vt 0.390325 0.984273
vt 0.177990 0.318053
vt 0.945930 0.462418
vt 0.250872 0.212898
vt 0.617604 0.939468
vt 0.425856 0.587295
vt 0.425307 0.594165
vt 0.390721 0.733874
vt 0.170441 0.203075
vt 0.073301 0.654257
vt 0.691293 0.926821
vt 0.705252 0.918751
vt 0.906344 0.971212
vt 0.935378 0.425719
vt 0.642487 0.913104
vt 0.198028 0.238089
vt 0.200958 0.230614
vt 0.200444 0.238892
vt 0.431617 0.590284
vt 0.429245 0.585713
vt 0.928620 0.479545
vt 0.490647 0.692933
vt 0.075525 0.629228
vt 0.148622 0.158692
vt 0.045984 0.585248
vt 0.223033 0.078229
vt 0.229748 0.077569
vt 0.952460 0.411141
vt 0.379273 0.983479
vt 0.400330 0.981048
vt 0.391065 0.993432
vt 0.417439 0.819719
vt 0.415490 0.541625
vt 0.419471 0.543159
vt 0.417511 0.548625
vt 0.477300 0.004142
vt 0.423340 0.558712
vt 0.822722 0.093177
vt 0.830041 0.101323
vt 0.766208 0.117569
vt 0.778433 0.099324
vt 0.225760 0.065130
vt 0.230496 0.068061
vt 0.250439 0.554833
vt 0.257293 0.535523
vt 0.062668 0.610482
vt 0.254125 0.517729
vt 0.234191 0.202097
vt 0.238894 0.201176
vt 0.653349 0.886383
vt 0.646937 0.912172
vt 0.210190 0.213217
vt 0.200926 0.223174
vt 0.201800 0.218486
vt 0.855050 0.121513
vt 0.839329 0.117244
vt 0.851318 0.116484
vt 0.184241 0.237910
vt 0.208787 0.230449
vt 0.931402 0.478662
vt 0.938466 0.507040
vt 0.673659 0.684771
vt 0.648833 0.682816
vt 0.666106 0.663757
vt 0.153002 0.178978
vt 0.053978 0.666392
vt 0.031182 0.618662
vt 0.044764 0.617507
vt 0.036396 0.631182
vt 0.927281 0.879649
vt 0.840629 0.989837
vt 0.833740 0.972296
vt 0.849651 0.971740
vt 0.648826 0.915582
vt 0.209638 0.209915
vt 0.197894 0.213432
vt 0.070015 0.634798
vt 0.791818 0.640725
vt 0.150727 0.190538
vt 0.062827 0.601461
vt 0.234466 0.079186
vt 0.036953 0.568313
vt 0.655591 0.914678
vt 0.640466 0.931544
vt 0.188301 0.204307
vt 0.193715 0.200256
vt 0.819834 0.071512
vt 0.948935 0.522784
vt 0.138653 0.144259
vt 0.781591 0.831975
vt 0.793194 0.826450
vt 0.934421 0.872050
vt 0.939229 0.408840
vt 0.214500 0.207474
vt 0.841378 0.108121
vt 0.786112 0.089289
vt 0.374499 0.747831
vt 0.408458 0.728867
vt 0.356317 0.011748
vt 0.521180 0.731688
vt 0.146251 0.801610
vt 0.137357 0.805947
vt 0.137192 0.771599
vt 0.050856 0.651150
vt 0.257724 0.506991
vt 0.277142 0.490520
vt 0.828991 0.989651
vt 0.659584 0.902251
vt 0.419697 0.523643
vt 0.406696 0.631416
vt 0.422616 0.651302
vt 0.397354 0.631739
vt 0.399237 0.738451
vt 0.395331 0.744120
vt 0.498069 0.703825
vt 0.128969 0.800396
vt 0.150076 0.769757
vt 0.235514 0.075793
vt 0.235747 0.067017
vt 0.240540 0.529516
vt 0.225449 0.211144
vt 0.222902 0.203641
vt 0.410075 0.976710
vt 0.410567 0.987809
vt 0.440360 0.804906
vt 0.785614 0.076149
vt 0.429260 0.573883
vt 0.556644 0.715272
vt 0.542379 0.737984
vt 0.108525 0.827759
vt 0.137356 0.166210
vt 0.061822 0.641603
vt 0.197310 0.175704
vt 0.663337 0.916251
vt 0.451663 0.797334
vt 0.417123 0.535720
vt 0.239973 0.967652
vt 0.248292 0.963630
vt 0.251091 0.967986
vt 0.426251 0.553881
vt 0.404941 0.651200
vt 0.410811 0.723109
vt 0.665734 0.643291
vt 0.683726 0.666783
vt 0.841801 0.599884
vt 0.839322 0.585827
vt 0.856234 0.604611
vt 0.221647 0.049092
vt 0.230508 0.054392
vt 0.231034 0.063009
vt 0.022608 0.684389
vt 0.049599 0.658840
vt 0.778528 0.816265
vt 0.151970 0.202033
vt 0.167599 0.212527
vt 0.939547 0.913177
vt 0.913680 0.427724
vt 0.922662 0.461743
vt 0.414140 0.971221
vt 0.412969 0.974627
vt 0.219441 0.225234
vt 0.657238 0.926643
vt 0.182371 0.220555
vt 0.853014 0.109519
vt 0.384254 0.751256
vt 0.391290 0.752478
vt 0.356332 0.009168
vt 0.986571 0.048781
vt 0.986571 0.024572
vt 0.993469 0.041196
vt 0.565740 0.720545
vt 0.667985 0.632977
vt 0.675632 0.647042
vt 0.157612 0.787581
vt 0.770987 0.840860
vt 0.048938 0.633311
vt 0.062228 0.982677
vt 0.062228 0.988381
vt 0.033581 0.984154
vt 0.041936 0.563955
vt 0.752215 0.007163
vt 0.820403 0.805607
vt 0.803857 0.810478
vt 0.782671 0.805449
vt 0.236868 0.215504
vt 0.668717 0.911002
vt 0.240925 0.965777
vt 0.183745 0.253293
vt 0.423213 0.720256
vt 0.792819 0.630515
vt 0.237248 0.061163
vt 0.955871 0.227907
vt 0.064125 0.626957
vt 0.791391 0.817602
vt 0.816001 0.815128
vt 0.245640 0.504941
vt 0.254141 0.213904
vt 0.249293 0.220770
vt 0.258820 0.962928
vt 0.245741 0.957585
vt 0.837915 0.085318
vt 0.429532 0.559155
vt 0.935451 0.467622
vt 0.947009 0.498445
vt 0.392460 0.753793
vt 0.416517 0.728467
vt 0.489118 0.368237
vt 0.491105 0.346033
vt 0.501439 0.355661
vt 0.486259 0.395557
vt 0.530118 0.402359
vt 0.515578 0.409000
vt 0.769736 0.793721
vt 0.258688 0.496568
vt 0.294120 0.477327
vt 0.209422 0.176405
vt 0.431796 0.820796
vt 0.188900 0.172356
vt 0.182415 0.183868
vt 0.216858 0.241265
vt 0.845297 0.100240
vt 0.774807 0.086729
vt 0.926714 0.353274
vt 0.920372 0.346515
vt 0.922058 0.341884
vt 0.420795 0.740676
vt 0.799452 0.530262
vt 0.772173 0.528769
vt 0.791715 0.519774
vt 0.767450 0.826759
vt 0.910396 0.224720
vt 0.970570 0.948092
vt 0.968108 0.924663
vt 0.975471 0.947146
vt 0.242727 0.469618
vt 0.261307 0.483562
vt 0.252542 0.953069
vt 0.458840 0.801655
vt 0.260995 0.949097
vt 0.264745 0.943106
vt 0.266842 0.960323
vt 0.687886 0.975073
vt 0.687886 0.992491
vt 0.664909 0.989946
vt 0.380300 0.756987
vt 0.519321 0.386282
vt 0.490109 0.383677
vt 0.099733 0.790245
vt 0.133441 0.180970
vt 0.041969 0.639768
vt 0.726077 0.985234
vt 0.717951 0.976727
vt 0.734306 0.980585
vt 0.389164 0.759449
vt 0.412618 0.763945
vt 0.934437 0.344388
vt 0.933254 0.352875
vt 0.463617 0.975431
vt 0.452267 0.993242
vt 0.459385 0.974685
vt 0.466009 0.984060
vt 0.761523 0.543145
vt 0.794335 0.549546
vt 0.222241 0.040923
vt 0.022738 0.671025
vt 0.043417 0.658352
vt 0.766820 0.803678
vt 0.039485 0.650359
vt 0.025657 0.641783
vt 0.178682 0.010669
vt 0.188192 0.008679
vt 0.205450 0.022196
vt 0.202375 0.002079
vt 0.208995 0.009412
vt 0.722724 0.008416
vt 0.716842 0.981071
vt 0.386503 0.642962
vt 0.384526 0.654688
vt 0.380426 0.647776
vt 0.457799 0.005421
vt 0.471966 0.015080
vt 0.464654 0.018314
vt 0.494580 0.306070
vt 0.502152 0.322669
vt 0.497436 0.327948
vt 0.468891 0.993379
vt 0.485537 0.317725
vt 0.231003 0.046869
vt 0.984986 0.947624
vt 0.275608 0.479228
vt 0.296200 0.471617
vt 0.237473 0.233966
vt 0.854703 0.074232
vt 0.855019 0.086080
vt 0.677621 0.928856
vt 0.994096 0.639651
vt 0.994096 0.632804
vt 0.999916 0.637273
vt 0.474836 0.000649
vt 0.915228 0.346721
vt 0.425622 0.737944
vt 0.515091 0.370691
vt 0.656044 0.883387
vt 0.666013 0.888583
vt 0.456022 0.820496
vt 0.337390 0.532418
vt 0.343487 0.533780
vt 0.338159 0.545206
vt 0.737080 0.608009
vt 0.742983 0.582125
vt 0.747479 0.610842
vt 0.760626 0.617611
vt 0.502809 0.345481
vt 0.803654 0.644913
vt 0.024357 0.663761
vt 0.262789 0.985518
vt 0.224736 0.985518
vt 0.225406 0.973065
vt 0.411521 0.152959
vt 0.419161 0.191132
vt 0.404892 0.167173
vt 0.234992 0.956791
vt 0.253844 0.945069
vt 0.262013 0.940116
vt 0.232302 0.755213
vt 0.210749 0.753247
vt 0.222115 0.746959
vt 0.380039 0.633515
vt 0.762631 0.558179
vt 0.423826 0.164097
vt 0.280608 0.471192
vt 0.533249 0.288705
vt 0.562009 0.291221
vt 0.529957 0.292963
vt 0.560742 0.271445
vt 0.388307 0.628409
vt 0.375693 0.656532
vt 0.350750 0.645171
vt 0.525598 0.317185
vt 0.515114 0.341747
vt 0.510647 0.363525
vt 0.117071 0.792876
vt 0.764822 0.798621
vt 0.023857 0.653706
vt 0.406327 0.191902
vt 0.417190 0.154090
vt 0.274420 0.476766
vt 0.339203 0.581398
vt 0.350776 0.600588
vt 0.339946 0.608631
vt 0.345246 0.549338
vt 0.338164 0.517118
vt 0.704537 0.973882
vt 0.584880 0.986953
vt 0.584015 0.969127
vt 0.598835 0.976814
vt 0.797341 0.655631
vt 0.752842 0.793062
vt 0.209825 0.028388
vt 0.215391 0.016973
vt 0.220440 0.038133
vt 0.208367 0.056304
vt 0.331477 0.002053
vt 0.339152 0.012616
vt 0.315538 0.015912
vt 0.440415 0.187021
vt 0.084882 0.082544
vt 0.081113 0.082798
vt 0.070887 0.070408
vt 0.543266 0.305848
vt 0.224996 0.759259
vt 0.237894 0.762058
vt 0.338366 0.562869
vt 0.207593 0.750362
vt 0.707272 0.985500
vt 0.506999 0.343043
vt 0.537906 0.323486
vt 0.685615 0.686402
vt 0.757862 0.806463
vt 0.753062 0.817989
vt 0.071495 0.089546
vt 0.066501 0.087575
vt 0.578023 0.276082
vt 0.354155 0.543048
vt 0.930203 0.360936
vt 0.773788 0.606612
vt 0.784245 0.615744
vt 0.604608 0.959155
vt 0.749221 0.805353
vt 0.226843 0.024081
vt 0.219963 0.004784
vt 0.391269 0.154756
vt 0.403795 0.148581
vt 0.426459 0.148103
vt 0.247463 0.946278
vt 0.384371 0.620962
vt 0.372212 0.619091
vt 0.361640 0.630869
vt 0.524630 0.347687
vt 0.106669 0.778997
vt 0.401488 0.201515
vt 0.359601 0.579968
vt 0.230213 0.762887
vt 0.698890 0.985192
vt 0.549189 0.345388
vt 0.441349 0.179414
vt 0.237835 0.944777
vt 0.801110 0.636677
vt 0.103993 0.756977
vt 0.232072 0.005565
vt 0.045138 0.909475
vt 0.044351 0.895700
vt 0.049254 0.889657
vt 0.824983 0.824461
vt 0.437286 0.147968
vt 0.357397 0.561054
vt 0.433659 0.734260
vt 0.512051 0.355949
vt 0.699174 0.668429
vt 0.698895 0.682287
vt 0.711234 0.671487
vt 0.713836 0.684812
vt 0.170377 0.982998
vt 0.187679 0.981736
vt 0.185861 0.988324
vt 0.225913 0.763943
vt 0.356975 0.550330
vt 0.384667 0.613358
vt 0.944206 0.359632
vt 0.663009 0.971380
vt 0.646726 0.970554
vt 0.650270 0.966744
vt 0.516551 0.367374
vt 0.721462 0.672222
vt 0.811779 0.594417
vt 0.802844 0.619986
vt 0.097878 0.767404
vt 0.388240 0.188667
vt 0.379040 0.142797
vt 0.535333 0.044611
vt 0.537190 0.067555
vt 0.527335 0.051186
vt 0.083145 0.099104
vt 0.256062 0.940401
vt 0.715336 0.958612
vt 0.833904 0.615103
vt 0.126154 0.738109
vt 0.817658 0.544559
vt 0.521526 0.058390
vt 0.512599 0.043433
vt 0.067911 0.102258
vt 0.207295 0.758217
vt 0.192342 0.753619
vt 0.191433 0.740505
vt 0.556745 0.855394
vt 0.551547 0.878244
vt 0.547165 0.862345
vt 0.916574 0.360471
vt 0.676339 0.698122
vt 0.704064 0.698361
vt 0.522450 0.372557
vt 0.830656 0.795759
vt 0.834879 0.807632
vt 0.839071 0.819266
vt 0.011020 0.643859
vt 0.021737 0.643910
vt 0.015695 0.658018
vt 0.365580 0.553109
vt 0.185444 0.746962
vt 0.175279 0.717066
vt 0.185475 0.731324
vt 0.802850 0.572178
vt 0.842129 0.786858
vt 0.838992 0.796906
vt 0.527952 0.075579
vt 0.840152 0.830603
vt 0.362708 0.532617
vt 0.767859 0.573208
vt 0.808642 0.627613
vt 0.524287 0.377110
vt 0.535694 0.381349
vt 0.832772 0.530431
vt 0.240480 0.013330
vt 0.454913 0.189414
vt 0.081984 0.115130
vt 0.690844 0.976210
vt 0.801780 0.606315
vt 0.053217 0.968335
vt 0.018113 0.962298
vt 0.044595 0.952118
vt 0.827391 0.930069
vt 0.836217 0.913618
vt 0.856770 0.919775
vt 0.638091 0.935701
vt 0.635040 0.953554
vt 0.623958 0.942085
vt 0.512104 0.055137
vt 0.047288 0.881419
vt 0.043421 0.883853
vt 0.088709 0.080448
vt 0.093385 0.093901
vt 0.348785 0.637300
vt 0.557757 0.886427
vt 0.789847 0.581884
vt 0.541396 0.375746
vt 0.813494 0.616032
vt 0.811760 0.425880
vt 0.805783 0.435058
vt 0.805901 0.421469
vt 0.362951 0.175638
vt 0.519398 0.063069
vt 0.510905 0.063901
vt 0.237848 0.940350
vt 0.008113 0.658103
vt 0.003245 0.645895
vt 0.360241 0.606004
vt 0.207367 0.986510
vt 0.271194 0.984420
vt 0.271544 0.978005
vt 0.279928 0.973164
vt 0.501995 0.044279
vt 0.093772 0.105859
vt 0.727415 0.691007
vt 0.033496 0.942727
vt 0.829378 0.556448
vt 0.834791 0.515843
vt 0.799697 0.430241
vt 0.850064 0.782172
vt 0.485964 0.070210
vt 0.506251 0.075573
vt 0.377506 0.189042
vt 0.223178 0.957948
vt 0.224838 0.941853
vt 0.586395 0.309049
vt 0.101527 0.434017
vt 0.112096 0.414016
vt 0.116257 0.423401
vt 0.099657 0.390071
vt 0.103221 0.379220
vt 0.111387 0.380982
vt 0.552434 0.382639
vt 0.241030 0.975082
vt 0.844987 0.814237
vt 0.453164 0.143574
vt 0.128684 0.083329
vt 0.021667 0.662902
vt 0.011642 0.665367
vt 0.225704 0.771818
vt 0.361115 0.991787
vt 0.354041 0.989489
vt 0.363024 0.973782
vt 0.361288 0.596462
vt 0.197647 0.761774
vt 0.922794 0.372006
vt 0.112201 0.435443
vt 0.481755 0.060333
vt 0.516048 0.080328
vt 0.001784 0.660905
vt 0.350708 0.625700
vt 0.193798 0.764150
vt 0.554384 0.371708
vt 0.834053 0.547146
vt 0.844764 0.583302
vt 0.831435 0.538361
vt 0.809909 0.444409
vt 0.805396 0.475238
vt 0.790325 0.460392
vt 0.051832 0.879613
vt 0.560978 0.344386
vt 0.567276 0.357916
vt 0.562903 0.356400
vt 0.426444 0.759965
vt 0.807136 0.618321
vt 0.816797 0.636772
vt 0.800751 0.591919
vt 0.817459 0.893638
vt 0.854719 0.871328
vt 0.826641 0.903543
vt 0.618428 0.969731
vt 0.774194 0.417222
vt 0.058154 0.886153
vt 0.572903 0.323757
vt 0.377434 0.575101
vt 0.429310 0.992296
vt 0.429310 0.982753
vt 0.437456 0.986727
vt 0.331203 0.650500
vt 0.934895 0.375519
vt 0.805775 0.610329
vt 0.116677 0.376926
vt 0.879582 0.882299
vt 0.485971 0.041028
vt 0.607251 0.270549
vt 0.561490 0.362867
vt 0.379676 0.563811
vt 0.354493 0.599597
vt 0.906006 0.369268
vt 0.789387 0.504434
vt 0.828992 0.500318
vt 0.793207 0.435650
vt 0.519887 0.092332
vt 0.551015 0.892413
vt 0.022686 0.974089
vt 0.030972 0.967136
vt 0.031207 0.988453
vt 0.364125 0.186042
vt 0.514275 0.094627
vt 0.500828 0.098245
vt 0.527526 0.096652
vt 0.036098 0.868479
vt 0.545009 0.328018
vt 0.541637 0.881564
vt 0.433105 0.760958
vt 0.127385 0.413910
vt 0.016402 0.941023
vt 0.826103 0.487932
vt 0.479325 0.072157
vt 0.781129 0.447618
vt 0.778383 0.402731
vt 0.811832 0.404437
vt 0.228001 0.938701
vt 0.579579 0.377663
vt 0.586224 0.372309
vt 0.277916 0.146374
vt 0.283852 0.130168
vt 0.288240 0.138500
vt 0.183365 0.761930
vt 0.813772 0.622492
vt 0.825894 0.627162
vt 0.665335 0.952034
vt 0.644695 0.957859
vt 0.099546 0.368449
vt 0.784624 0.430887
vt 0.808131 0.484390
vt 0.800849 0.484814
vt 0.069192 0.876403
vt 0.052270 0.870632
vt 0.089650 0.116228
vt 0.000219 0.673007
vt 0.796895 0.064774
vt 0.778935 0.074749
vt 0.779814 0.043736
vt 0.039908 0.926875
vt 0.009657 0.935705
vt 0.010146 0.943865
vt 0.803717 0.379752
vt 0.800019 0.388549
vt 0.777824 0.381841
vt 0.044193 0.861076
vt 0.117090 0.109666
vt 0.607147 0.303223
vt 0.261037 0.152084
vt 0.603103 0.978124
vt 0.598747 0.990781
vt 0.588014 0.989081
vt 0.589998 0.991590
vt 0.292863 0.154047
vt 0.185814 0.774950
vt 0.329879 0.639817
vt 0.131383 0.396835
vt 0.487178 0.102186
vt 0.364753 0.006811
vt 0.365042 0.003460
vt 0.371122 0.002056
vt 0.369912 0.008226
vt 0.522390 0.101565
vt 0.098427 0.116032
vt 0.083344 0.127322
vt 0.623962 0.288048
vt 0.589265 0.363631
vt 0.557184 0.393483
vt 0.270640 0.154872
vt 0.442290 0.749621
vt 0.442238 0.735823
vt 0.793720 0.556042
vt 0.838657 0.458614
vt 0.840100 0.465691
vt 0.886134 0.900922
vt 0.467116 0.068237
vt 0.470780 0.048981
vt 0.804348 0.369013
vt 0.589413 0.324760
vt 0.616905 0.312285
vt 0.595827 0.377276
vt 0.602695 0.384958
vt 0.597711 0.993433
vt 0.906890 0.379199
vt 0.897370 0.382918
vt 0.658813 0.929866
vt 0.871973 0.929071
vt 0.357421 0.002416
vt 0.359875 0.000534
vt 0.053622 0.862972
vt 0.040479 0.858875
vt 0.075202 0.124319
vt 0.639205 0.287192
vt 0.257660 0.143450
vt 0.267958 0.160892
vt 0.552703 0.392286
vt 0.768784 0.053880
vt 0.557344 0.261550
vt 0.536231 0.272453
vt 0.536624 0.263996
vt 0.925357 0.382441
vt 0.841138 0.522594
vt 0.803655 0.492247
vt 0.362192 0.017430
vt 0.775958 0.366401
vt 0.093926 0.120312
vt 0.603429 0.313604
vt 0.579154 0.404144
vt 0.495115 0.969056
vt 0.502391 0.963770
vt 0.495552 0.986502
vt 0.537495 0.281837
vt 0.530644 0.274202
vt 0.783508 0.340353
vt 0.984213 0.004101
vt 0.984391 0.014271
vt 0.975689 0.003194
vt 0.937670 0.987019
vt 0.956204 0.973553
vt 0.958538 0.988023
vt 0.611686 0.311833
vt 0.601437 0.988879
vt 0.556995 0.398983
vt 0.547152 0.402928
vt 0.569518 0.403076
vt 0.591374 0.409991
vt 0.770800 0.071156
vt 0.557938 0.899915
vt 0.548864 0.901695
vt 0.528644 0.886307
vt 0.837983 0.501073
vt 0.858352 0.013160
vt 0.866698 0.006157
vt 0.865598 0.028774
vt 0.074553 0.135181
vt 0.249418 0.184290
vt 0.270167 0.170758
vt 0.270480 0.182615
vt 0.249734 0.168058
vt 0.565915 0.419636
vt 0.577576 0.409495
vt 0.742699 0.058970
vt 0.743673 0.056964
vt 0.751091 0.058843
vt 0.758590 0.042954
vt 0.761095 0.060544
vt 0.778449 0.392224
vt 0.068747 0.864100
vt 0.255175 0.140125
vt 0.254038 0.145725
vt 0.528813 0.283902
vt 0.451956 0.740166
vt 0.137540 0.382019
vt 0.476131 0.101989
vt 0.451333 0.054113
vt 0.787881 0.479045
vt 0.788649 0.492481
vt 0.030910 0.357621
vt 0.000527 0.357621
vt 0.025346 0.344974
vt 0.233983 0.150774
vt 0.749374 0.063695
vt 0.775386 0.076774
vt 0.768122 0.438317
vt 0.148272 0.002171
vt 0.165600 0.002171
vt 0.165334 0.016292
vt 0.392556 0.282675
vt 0.383632 0.274096
vt 0.393214 0.276059
vt 0.395036 0.266812
vt 0.999773 0.581224
vt 0.994239 0.585098
vt 0.994770 0.573584
vt 0.770312 0.268092
vt 0.761826 0.252954
vt 0.773496 0.243774
vt 0.779158 0.261486
vt 0.545339 0.418645
vt 0.577626 0.421647
vt 0.533854 0.261712
vt 0.769338 0.399628
vt 0.760842 0.213800
vt 0.771845 0.207645
vt 0.777553 0.224526
vt 0.741118 0.068989
vt 0.758670 0.065014
vt 0.423635 0.256707
vt 0.395060 0.253216
vt 0.376259 0.291872
vt 0.379557 0.301309
vt 0.429020 0.963787
vt 0.407665 0.969822
vt 0.401824 0.951885
vt 0.768614 0.355167
vt 0.097071 0.125717
vt 0.091959 0.123283
vt 0.113946 0.119552
vt 0.753639 0.217993
vt 0.033454 0.868142
vt 0.016946 0.859707
vt 0.031713 0.850398
vt 0.010558 0.846175
vt 0.245806 0.195066
vt 0.760217 0.073430
vt 0.524383 0.306301
vt 0.514591 0.281699
vt 0.504275 0.304601
vt 0.907242 0.390050
vt 0.831105 0.636645
vt 0.036268 0.848509
vt 0.082568 0.135160
vt 0.239905 0.121800
vt 0.249216 0.133690
vt 0.211161 0.142855
vt 0.507428 0.970692
vt 0.754887 0.065477
vt 0.760523 0.425154
vt 0.413539 0.238065
vt 0.478646 0.789104
vt 0.495991 0.784829
vt 0.495551 0.792073
vt 0.009425 0.262689
vt 0.000799 0.269287
vt 0.001047 0.258664
vt 0.484965 0.029013
vt 0.460188 0.035269
vt 0.462492 0.022385
vt 0.029804 0.822877
vt 0.453844 0.751650
vt 0.674445 0.943540
vt 0.764132 0.407850
vt 0.769496 0.384318
vt 0.011635 0.273003
vt 0.558202 0.698241
vt 0.562988 0.681583
vt 0.568132 0.698084
vt 0.577832 0.685758
vt 0.129108 0.113059
vt 0.503527 0.993368
vt 0.504840 0.981742
vt 0.516221 0.978692
vt 0.754923 0.079641
vt 0.385469 0.253652
vt 0.428840 0.947968
vt 0.408250 0.939550
vt 0.393301 0.945220
vt 0.218035 0.172293
vt 0.558182 0.918059
vt 0.765222 0.084027
vt 0.940031 0.389162
vt 0.930393 0.394623
vt 0.145000 0.413362
vt 0.394778 0.234335
vt 0.768475 0.371716
vt 0.475354 0.017964
vt 0.966613 0.203528
vt 0.961593 0.207815
vt 0.944170 0.196901
vt 0.740535 0.078452
vt 0.767609 0.090807
vt 0.518672 0.257572
vt 0.903999 0.393211
vt 0.780412 0.469968
vt 0.924469 0.928869
vt 0.940335 0.933290
vt 0.930507 0.939470
vt 0.495036 0.809216
vt 0.514551 0.800992
vt 0.516184 0.812929
vt 0.523321 0.802563
vt 0.519840 0.814251
vt 0.581665 0.697131
vt 0.443783 0.059354
vt 0.448013 0.037905
vt 0.588394 0.693283
vt 0.792254 0.207118
vt 0.795206 0.242507
vt 0.982976 0.184805
vt 0.974120 0.210432
vt 0.556420 0.440944
vt 0.513867 0.954117
vt 0.523420 0.993863
vt 0.548952 0.916293
vt 0.511354 0.266889
vt 0.838184 0.629121
vt 0.937678 0.014399
vt 0.950558 0.019426
vt 0.946377 0.032292
vt 0.435824 0.957691
vt 0.000115 0.284070
vt 0.548162 0.809507
vt 0.544903 0.798623
vt 0.559947 0.803516
vt 0.587979 0.678893
vt 0.825074 0.225246
vt 0.046827 0.820980
vt 0.153656 0.399179
vt 0.149590 0.374766
vt 0.159436 0.385615
vt 0.419796 0.830791
vt 0.458779 0.825943
vt 0.441027 0.834813
vt 0.489278 0.793797
vt 0.479834 0.816863
vt 0.475960 0.793580
vt 0.933323 0.921216
vt 0.946110 0.918224
vt 0.944917 0.924943
vt 0.536617 0.813838
vt 0.570973 0.706729
vt 0.450048 0.028340
vt 0.814573 0.252789
vt 0.898221 0.404037
vt 0.893949 0.391697
vt 0.371434 0.262050
vt 0.929033 0.948548
vt 0.919830 0.945867
vt 0.422505 0.222300
vt 0.380523 0.226475
vt 0.021021 0.275433
vt 0.019206 0.282321
vt 0.219794 0.184679
vt 0.538929 0.908290
vt 0.974135 0.007730
vt 0.964075 0.029411
vt 0.964108 0.009498
vt 0.438037 0.939359
vt 0.551920 0.708321
vt 0.594348 0.686861
vt 0.494642 0.275315
vt 0.940307 0.941840
vt 0.061552 0.156755
vt 0.090748 0.150403
vt 0.084387 0.169001
vt 0.370776 0.207174
vt 0.010671 0.283513
vt 0.439624 0.017217
vt 0.814480 0.268930
vt 0.212315 0.149920
vt 0.909903 0.404010
vt 0.027330 0.284750
vt 0.944820 0.935892
vt 0.443551 0.013617
vt 0.458186 0.013541
vt 0.730544 0.085224
vt 0.745226 0.086371
vt 0.922203 0.402054
vt 0.441467 0.847212
vt 0.463936 0.840149
vt 0.820624 0.237290
vt 0.513582 0.976194
vt 0.485659 0.301153
vt 0.462348 0.795852
vt 0.939300 0.946041
vt 0.967227 0.902385
vt 0.964704 0.911952
vt 0.958730 0.905412
vt 0.953055 0.911703
vt 0.955693 0.916577
vt 0.944873 0.403576
vt 0.932283 0.408395
vt 0.478971 0.283355
vt 0.300524 0.412314
vt 0.312454 0.412569
vt 0.319619 0.432633
vt 0.976663 0.027344
vt 0.610115 0.708883
vt 0.566763 0.786816
vt 0.614712 0.695293
vt 0.731665 0.113586
vt 0.714582 0.102722
vt 0.473492 0.305904
vt 0.513006 0.787106
vt 0.956034 0.001640
vt 0.527920 0.782696
vt 0.955887 0.924940
vt 0.772239 0.098590
vt 0.756646 0.103004
vt 0.504716 0.770537
vt 0.514022 0.778612
vt 0.943208 0.944601
vt 0.641400 0.772079
vt 0.653525 0.794149
vt 0.618131 0.794402
vt 0.605975 0.673852
vt 0.632997 0.684919
vt 0.498844 0.257916
vt 0.911398 0.416100
vt 0.478245 0.832435
vt 0.106124 0.168899
vt 0.954641 0.931996
vt 0.091401 0.138883
vt 0.554957 0.776656
vt 0.983530 0.018564
vt 0.326518 0.433261
vt 0.329034 0.410838
vt 0.980697 0.702406
vt 0.971619 0.685567
vt 0.986292 0.703968
vt 0.965294 0.925963
vt 0.739263 0.118250
vt 0.751518 0.121218
vt 0.923789 0.415153
vt 0.474937 0.272454
vt 0.458125 0.274157
vt 0.975832 0.045164
vt 0.991396 0.687703
vt 0.120679 0.162335
vt 0.831034 0.247963
vt 0.307554 0.429562
vt 0.312492 0.443256
vt 0.300547 0.435699
vt 0.474419 0.841630
vt 0.489122 0.825612
vt 0.124077 0.140359
vt 0.967656 0.631070
vt 0.973704 0.612443
vt 0.979773 0.616106
vt 0.990428 0.613839
vt 0.970818 0.218119
vt 0.512734 0.767301
vt 0.428708 0.006514
vt 0.633210 0.674081
vt 0.337478 0.428954
vt 0.968260 0.044694
vt 0.522058 0.773495
vt 0.625344 0.805672
vt 0.649147 0.801402
vt 0.633829 0.813934
vt 0.851151 0.243710
vt 0.969553 0.223850
vt 0.965142 0.229866
vt 0.323823 0.443920
vt 0.534103 0.769512
vt 0.561197 0.775923
vt 0.209632 0.171158
vt 0.967396 0.953404
vt 0.613873 0.812580
vt 0.624889 0.815427
vt 0.519527 0.756607
vt 0.966432 0.933623
vt 0.330065 0.441427
vt 0.966688 0.683480
vt 0.986002 0.680763
vt 0.443548 0.716475
vt 0.456967 0.730637
vt 0.434147 0.729647
vt 0.647198 0.811314
vt 0.542851 0.766995
vt 0.254435 0.568121
vt 0.233687 0.569732
vt 0.230472 0.560070
vt 0.980139 0.217247
vt 0.303328 0.453305
vt 0.375161 0.458213
vt 0.365443 0.452678
vt 0.380521 0.449271
vt 0.529619 0.761917
vt 0.665653 0.811522
vt 0.311718 0.456804
vt 0.488134 0.851456
vt 0.364760 0.446365
vt 0.540162 0.763084
vt 0.642004 0.819007
vt 0.036050 0.385426
vt 0.026016 0.369420
vt 0.049715 0.375572
vt 0.865445 0.963823
vt 0.878753 0.955955
vt 0.886796 0.971929
vt 0.043649 0.386608
vt 0.455900 0.712405
vt 0.218699 0.581335
vt 0.213819 0.555681
vt 0.201881 0.573661
vt 0.344965 0.438405
vt 0.490384 0.845131
vt 0.486485 0.857118
vt 0.345390 0.429052
vt 0.657647 0.818846
vt 0.226402 0.548516
vt 0.241639 0.547580
vt 0.614417 0.832213
vt 0.872927 0.046694
vt 0.876922 0.032504
vt 0.892163 0.021661
vt 0.639154 0.820312
vt 0.672944 0.806276
vt 0.894014 0.967111
vt 0.978405 0.228028
vt 0.973674 0.224925
vt 0.321620 0.468816
vt 0.336281 0.453048
vt 0.034290 0.358664
vt 0.044213 0.360824
vt 0.347483 0.446359
vt 0.029841 0.992510
vt 0.017515 0.990990
vt 0.021328 0.980044
vt 0.664832 0.825299
vt 0.468819 0.711678
vt 0.614962 0.820399
vt 0.031603 0.349890
vt 0.466725 0.740396
vt 0.337302 0.461855
vt 0.308194 0.465443
vt 0.297995 0.488903
vt 0.296624 0.479019
vt 0.010578 0.983395
vt 0.679409 0.824166
vt 0.060810 0.364681
vt 0.901240 0.955716
vt 0.230183 0.541318
vt 0.875417 0.014186
vt 0.884583 0.015613
vt 0.045087 0.345521
vt 0.464531 0.695556
vt 0.481323 0.718704
vt 0.020454 0.976734
vt 0.008775 0.980529
vt 0.007490 0.946117
vt 0.058910 0.358090
vt 0.677353 0.801009
vt 0.679227 0.805203
vt 0.206897 0.548958
vt 0.726253 0.006387
vt 0.740813 0.001656
vt 0.739737 0.012815
vt 0.217285 0.537758
vt 0.327185 0.474895
vt 0.309012 0.494587
vt 0.297363 0.499563
vt 0.681609 0.815499
vt 0.341307 0.473056
vt 0.229232 0.653612
vt 0.210553 0.670014
vt 0.210817 0.653291
vt 0.873174 0.001710
vt 0.924977 0.012059
vt 0.209730 0.632262
vt 0.222941 0.631117
vt 0.480223 0.687788
vt 0.216926 0.680438
vt 0.911002 0.969116
vt 0.880264 0.536536
vt 0.944087 0.536570
vt 0.889257 0.549594
vt 0.217219 0.515910
vt 0.245320 0.698487
vt 0.231721 0.691585
vt 0.255394 0.685136
vt 0.273150 0.670984
vt 0.276298 0.682606
vt 0.027139 0.329959
vt 0.042257 0.333428
vt 0.228248 0.496010
vt 0.686028 0.832711
vt 0.231608 0.629766
vt 0.058699 0.332937
vt 0.239380 0.660671
vt 0.260009 0.665201
vt 0.225144 0.612391
vt 0.480795 0.709030
vt 0.200655 0.538610
vt 0.320040 0.507326
vt 0.899811 0.557055
vt 0.493997 0.675273
vt 0.269397 0.640779
vt 0.248368 0.624901
vt 0.209391 0.498746
vt 0.249264 0.639546
vt 0.934167 0.550995
vt 0.939201 0.563264
s 1
usemtl Material
f 1/1/1 2/2/2 3/3/3
f 3/4/3 4/5/4 1/6/1
f 5/7/5 1/8/1 4/9/4
f 2/10/2 6/11/6 3/4/3
f 7/12/7 2/13/2 1/14/1
f 8/15/8 6/16/6 2/13/2
f 7/12/7 8/15/8 2/13/2
f 6/11/6 9/17/9 3/4/3
f 3/4/3 10/18/10 4/5/4
f 11/19/11 8/20/8 7/21/7
f 9/17/9 10/18/10 3/4/3
f 4/9/4 12/22/12 5/7/5
f 11/19/11 13/23/13 8/20/8
f 14/24/14 6/16/6 8/15/8
f 5/7/5 15/25/15 16/26/16
f 12/22/12 17/27/17 5/7/5
f 6/11/6 18/28/18 9/17/9
f 7/21/7 1/29/1 16/30/16
f 1/8/1 5/7/5 16/26/16
f 4/5/4 19/31/19 12/32/12
f 9/17/9 20/33/20 10/18/10
f 21/34/21 22/35/22 23/36/23
f 21/34/21 23/36/23 24/37/24
f 15/25/15 25/38/25 16/26/16
f 23/36/23 26/39/26 24/37/24
f 11/19/11 7/21/7 27/40/27
f 13/41/13 28/42/28 8/43/8
f 5/7/5 17/27/17 15/25/15
f 4/5/4 10/18/10 19/31/19
f 24/37/24 29/44/29 21/34/21
f 24/45/24 26/46/26 30/47/30
f 15/25/15 31/48/31 25/38/25
f 21/49/21 29/50/29 32/51/32
f 24/37/24 33/52/33 29/44/29
f 24/45/24 34/53/34 33/54/33
f 23/36/23 35/55/35 26/39/26
f 24/45/24 30/47/30 34/53/34
f 36/56/36 16/26/16 25/38/25
f 28/42/28 14/57/14 8/43/8
f 22/35/22 35/55/35 23/36/23
f 27/40/27 37/58/37 11/19/11
f 11/19/11 38/59/38 13/23/13
f 16/30/16 36/60/36 39/61/39
f 17/27/17 31/48/31 15/25/15
f 18/28/18 40/62/40 9/17/9
f 41/63/41 21/34/21 32/64/32
f 37/58/37 38/59/38 11/19/11
f 7/21/7 16/30/16 39/61/39
f 6/65/6 14/57/14 42/66/42
f 6/11/6 42/67/42 18/28/18
f 41/63/41 22/35/22 21/34/21
f 32/51/32 29/50/29 43/68/43
f 31/48/31 44/69/44 25/38/25
f 28/42/28 45/70/45 14/57/14
f 18/71/18 46/72/46 47/73/47
f 30/47/30 48/74/48 34/53/34
f 7/21/7 39/61/39 27/40/27
f 18/28/18 42/67/42 46/75/46
f 9/17/9 40/62/40 20/33/20
f 41/63/41 32/64/32 49/76/49
f 43/68/43 29/50/29 50/77/50
f 29/44/29 33/52/33 51/78/51
f 22/35/22 52/79/52 35/55/35
f 46/72/46 42/66/42 53/80/53
f 19/31/19 10/18/10 54/81/54
f 10/18/10 20/33/20 55/82/55
f 29/50/29 51/83/51 50/77/50
f 27/40/27 39/61/39 56/84/56
f 25/38/25 44/69/44 36/56/36
f 14/57/14 57/85/57 42/66/42
f 58/86/58 55/82/55 20/33/20
f 40/62/40 59/87/59 20/33/20
f 32/51/32 43/68/43 60/88/60
f 30/47/30 26/46/26 61/89/61
f 37/58/37 27/40/27 56/84/56
f 36/56/36 44/69/44 62/90/62
f 46/72/46 63/91/63 47/73/47
f 47/92/47 40/62/40 18/28/18
f 55/82/55 54/81/54 10/18/10
f 20/33/20 59/87/59 58/86/58
f 31/48/31 17/27/17 64/93/64
f 53/80/53 42/66/42 57/85/57
f 34/53/34 48/74/48 65/94/65
f 37/58/37 66/95/66 38/59/38
f 31/48/31 64/93/64 44/69/44
f 53/80/53 63/91/63 46/72/46
f 41/96/41 49/97/49 67/98/67
f 49/99/49 32/51/32 60/88/60
f 34/53/34 68/100/68 33/54/33
f 48/74/48 30/47/30 61/89/61
f 13/23/13 69/101/69 28/102/28
f 17/27/17 12/22/12 70/103/70
f 19/31/19 70/104/70 12/32/12
f 19/105/19 54/106/54 71/107/71
f 37/58/37 72/108/72 66/95/66
f 39/61/39 36/60/36 73/109/73
f 36/60/36 62/110/62 73/109/73
f 28/42/28 69/111/69 45/70/45
f 14/57/14 45/70/45 57/85/57
f 41/63/41 52/79/52 22/35/22
f 34/53/34 65/94/65 68/100/68
f 51/83/51 74/112/74 50/77/50
f 33/54/33 74/113/74 51/114/51
f 65/94/65 48/74/48 75/115/75
f 26/39/26 35/55/35 76/116/76
f 56/84/56 72/108/72 37/58/37
f 77/117/77 78/118/78 79/119/79
f 69/111/69 80/120/80 45/70/45
f 64/93/64 17/27/17 81/121/81
f 58/86/58 82/122/82 55/82/55
f 50/77/50 83/123/83 43/68/43
f 26/46/26 84/124/84 61/89/61
f 78/118/78 77/117/77 85/125/85
f 17/126/17 70/127/70 81/128/81
f 63/91/63 53/80/53 86/129/86
f 87/130/87 88/131/88 89/132/89
f 65/133/65 75/134/75 90/135/90
f 52/79/52 76/116/76 35/55/35
f 85/125/85 91/136/91 78/118/78
f 19/105/19 71/107/71 70/137/70
f 41/63/41 92/138/92 52/79/52
f 50/77/50 93/139/93 83/123/83
f 76/140/76 84/124/84 26/46/26
f 44/141/44 94/142/94 62/143/62
f 77/117/77 79/119/79 95/144/95
f 91/136/91 79/119/79 78/118/78
f 91/145/91 96/146/96 97/147/97
f 63/91/63 86/129/86 98/148/98
f 63/91/63 99/149/99 47/73/47
f 58/86/58 100/150/100 82/122/82
f 58/86/58 59/87/59 100/150/100
f 87/130/87 101/151/101 88/131/88
f 67/98/67 92/152/92 41/96/41
f 43/68/43 102/153/102 60/88/60
f 50/77/50 74/112/74 93/139/93
f 33/54/33 68/100/68 103/154/103
f 39/61/39 104/155/104 56/84/56
f 62/143/62 105/156/105 73/157/73
f 38/59/38 69/101/69 13/23/13
f 85/158/85 106/159/106 91/160/91
f 97/147/97 96/146/96 107/161/107
f 96/146/96 100/162/100 107/161/107
f 53/80/53 57/85/57 108/163/108
f 40/62/40 109/164/109 59/87/59
f 89/165/89 110/166/110 111/167/111
f 89/165/89 88/168/88 112/169/112
f 65/133/65 113/170/113 68/171/68
f 48/74/48 114/172/114 75/115/75
f 61/89/61 114/172/114 48/74/48
f 115/173/115 72/108/72 56/84/56
f 39/61/39 73/109/73 104/155/104
f 62/143/62 94/142/94 105/156/105
f 85/158/85 116/174/116 106/159/106
f 77/117/77 116/175/116 85/125/85
f 77/117/77 117/176/117 116/175/116
f 77/117/77 95/144/95 117/176/117
f 91/145/91 97/147/97 79/177/79
f 63/91/63 98/148/98 99/149/99
f 45/178/45 80/179/80 118/180/118
f 47/92/47 99/181/99 40/62/40
f 92/182/92 119/183/119 52/184/52
f 33/54/33 103/154/103 74/113/74
f 44/185/44 64/186/64 94/187/94
f 91/160/91 106/159/106 120/188/120
f 91/160/91 120/188/120 96/189/96
f 96/189/96 120/188/120 121/190/121
f 96/189/96 121/190/121 100/191/100
f 53/80/53 108/163/108 86/129/86
f 45/70/45 118/192/118 57/85/57
f 99/181/99 109/164/109 40/62/40
f 71/107/71 54/106/54 122/193/122
f 55/82/55 82/122/82 54/81/54
f 89/132/89 111/194/111 87/130/87
f 89/165/89 112/169/112 110/166/110
f 43/68/43 83/123/83 102/153/102
f 102/153/102 83/123/83 123/195/123
f 83/123/83 93/139/93 123/195/123
f 75/134/75 124/196/124 90/135/90
f 81/128/81 70/127/70 125/197/125
f 101/198/101 123/195/123 126/199/126
f 74/113/74 127/200/127 93/201/93
f 52/79/52 128/202/128 76/116/76
f 56/84/56 104/155/104 115/173/115
f 99/203/99 129/204/129 109/205/109
f 112/169/112 111/167/111 110/166/110
f 88/206/88 101/207/101 126/208/126
f 87/209/87 130/210/130 101/211/101
f 49/97/49 60/212/60 131/213/131
f 60/88/60 102/153/102 132/214/132
f 130/215/130 102/153/102 123/195/123
f 106/216/106 133/217/133 134/218/134
f 116/174/116 133/219/133 106/159/106
f 94/187/94 64/186/64 135/220/135
f 97/147/97 107/161/107 120/221/120
f 120/221/120 107/161/107 121/222/121
f 98/148/98 136/223/136 99/149/99
f 137/224/137 109/205/109 129/204/129
f 111/225/111 112/226/112 138/227/138
f 112/169/112 88/168/88 139/228/139
f 123/195/123 101/198/101 130/215/130
f 119/183/119 128/229/128 52/184/52
f 65/133/65 90/135/90 113/170/113
f 90/135/90 124/196/124 140/230/140
f 141/231/141 84/124/84 76/140/76
f 73/157/73 142/232/142 104/233/104
f 105/156/105 142/232/142 73/157/73
f 81/128/81 135/220/135 64/186/64
f 79/119/79 97/234/97 95/144/95
f 99/235/99 136/236/136 129/237/129
f 111/225/111 143/238/143 87/239/87
f 87/209/87 143/240/143 130/210/130
f 60/212/60 132/241/132 131/213/131
f 126/199/126 123/195/123 144/242/144
f 123/195/123 93/139/93 144/242/144
f 103/243/103 68/171/68 145/244/145
f 75/134/75 146/245/146 124/196/124
f 72/108/72 147/246/147 66/95/66
f 134/218/134 148/247/148 106/216/106
f 148/248/148 120/188/120 106/159/106
f 70/137/70 71/107/71 149/249/149
f 82/250/82 100/191/100 121/190/121
f 150/251/150 143/238/143 111/225/111
f 111/225/111 138/227/138 150/251/150
f 112/226/112 151/252/151 138/227/138
f 126/208/126 152/253/152 88/206/88
f 88/168/88 152/254/152 139/228/139
f 102/255/102 130/210/130 132/241/132
f 74/113/74 103/154/103 153/256/153
f 61/89/61 84/124/84 154/257/154
f 148/258/148 155/259/155 120/260/120
f 70/127/70 149/261/149 125/197/125
f 71/107/71 122/193/122 149/249/149
f 54/106/54 156/262/156 122/193/122
f 157/263/157 137/224/137 129/204/129
f 150/264/150 158/265/158 157/263/157
f 157/263/157 158/265/158 137/224/137
f 157/263/157 159/266/159 150/264/150
f 112/267/112 139/268/139 151/269/151
f 67/98/67 160/270/160 92/152/92
f 90/135/90 140/230/140 113/170/113
f 74/113/74 153/256/153 127/200/127
f 75/134/75 114/271/114 146/245/146
f 66/95/66 69/101/69 38/59/38
f 133/217/133 148/247/148 134/218/134
f 125/197/125 135/220/135 81/128/81
f 125/197/125 161/272/161 135/220/135
f 100/162/100 162/273/162 107/161/107
f 100/162/100 59/274/59 162/273/162
f 150/275/150 159/276/159 143/277/143
f 67/98/67 49/97/49 160/270/160
f 138/227/138 151/252/151 150/251/150
f 49/97/49 131/213/131 160/270/160
f 139/228/139 163/278/163 164/279/164
f 139/228/139 152/254/152 163/278/163
f 124/196/124 146/245/146 165/280/165
f 120/221/120 166/281/166 97/147/97
f 107/161/107 167/282/167 121/222/121
f 57/283/57 118/180/118 108/284/108
f 59/87/59 109/164/109 168/285/168
f 158/265/158 150/264/150 151/269/151
f 139/268/139 164/286/164 158/265/158
f 126/208/126 169/287/169 152/253/152
f 126/199/126 144/242/144 169/288/169
f 140/289/140 170/290/170 113/291/113
f 61/89/61 154/257/154 114/172/114
f 104/155/104 171/292/171 115/173/115
f 142/232/142 171/293/171 104/233/104
f 95/144/95 166/294/166 117/176/117
f 107/161/107 162/273/162 167/282/167
f 121/295/121 172/296/172 82/297/82
f 54/106/54 82/298/82 156/262/156
f 136/236/136 173/299/173 129/237/129
f 143/277/143 159/276/159 174/300/174
f 164/286/164 175/301/175 158/265/158
f 176/302/176 144/242/144 93/139/93
f 127/303/127 176/302/176 93/139/93
f 115/173/115 177/304/177 72/108/72
f 116/175/116 117/176/117 178/305/178
f 179/306/179 80/179/80 69/307/69
f 95/144/95 97/234/97 166/294/166
f 125/197/125 180/308/180 161/272/161
f 121/295/121 167/309/167 172/296/172
f 86/310/86 108/311/108 181/312/181
f 98/313/98 173/314/173 136/315/136
f 139/268/139 158/265/158 151/269/151
f 132/241/132 130/210/130 131/213/131
f 68/171/68 182/316/182 145/244/145
f 103/243/103 145/244/145 183/317/183
f 115/173/115 171/292/171 184/318/184
f 105/156/105 94/142/94 185/319/185
f 116/320/116 178/321/178 133/217/133
f 125/197/125 149/261/149 180/308/180
f 162/273/162 186/322/186 167/282/167
f 172/296/172 156/323/156 82/297/82
f 109/205/109 137/224/137 168/324/168
f 187/325/187 159/326/159 129/237/129
f 129/237/129 159/326/159 157/327/157
f 131/213/131 188/328/188 160/270/160
f 130/210/130 143/240/143 189/329/189
f 92/182/92 190/330/190 119/183/119
f 113/170/113 182/316/182 68/171/68
f 103/154/103 183/331/183 191/332/191
f 76/116/76 192/333/192 141/334/141
f 66/95/66 193/335/193 69/101/69
f 94/187/94 135/220/135 185/336/185
f 135/220/135 161/272/161 194/337/194
f 117/176/117 166/294/166 178/305/178
f 120/221/120 155/338/155 166/281/166
f 86/310/86 181/312/181 195/339/195
f 187/325/187 129/237/129 173/299/173
f 158/265/158 175/301/175 196/340/196
f 140/289/140 197/341/197 170/290/170
f 130/210/130 189/329/189 131/213/131
f 153/256/153 103/154/103 191/332/191
f 114/172/114 154/257/154 198/342/198
f 72/108/72 199/343/199 147/246/147
f 133/217/133 200/344/200 148/247/148
f 148/258/148 200/345/200 155/259/155
f 86/346/86 195/347/195 98/313/98
f 168/285/168 201/348/201 59/87/59
f 137/224/137 196/340/196 168/324/168
f 137/224/137 158/265/158 196/340/196
f 143/240/143 188/328/188 189/329/189
f 152/253/152 202/349/202 163/350/163
f 203/351/203 183/317/183 145/244/145
f 145/244/145 182/316/182 203/351/203
f 76/116/76 128/202/128 192/333/192
f 105/156/105 185/319/185 142/232/142
f 200/345/200 166/352/166 155/259/155
f 204/353/204 167/309/167 186/354/186
f 201/355/201 186/322/186 162/273/162
f 205/356/205 173/314/173 98/313/98
f 201/355/201 162/273/162 59/274/59
f 188/328/188 131/213/131 189/329/189
f 202/349/202 152/253/152 206/357/206
f 206/357/206 152/253/152 169/287/169
f 140/289/140 124/358/124 197/341/197
f 207/359/207 124/358/124 165/360/165
f 176/361/176 127/200/127 208/362/208
f 153/256/153 208/362/208 127/200/127
f 193/363/193 179/364/179 69/365/69
f 133/217/133 178/321/178 200/344/200
f 98/313/98 195/347/195 205/356/205
f 209/366/209 187/325/187 173/299/173
f 144/242/144 176/302/176 169/288/169
f 169/367/169 176/361/176 208/362/208
f 208/362/208 153/256/153 191/332/191
f 114/271/114 198/368/198 146/245/146
f 115/173/115 184/318/184 177/304/177
f 180/308/180 210/369/210 161/272/161
f 178/370/178 166/352/166 200/345/200
f 80/179/80 179/306/179 118/180/118
f 167/309/167 204/353/204 172/296/172
f 172/296/172 211/371/211 156/323/156
f 212/372/212 186/322/186 201/355/201
f 160/270/160 188/328/188 92/152/92
f 92/152/92 188/328/188 190/373/190
f 113/170/113 213/374/213 182/316/182
f 169/367/169 208/362/208 214/375/214
f 186/354/186 215/376/215 204/353/204
f 205/356/205 209/377/209 173/314/173
f 187/325/187 216/378/216 159/326/159
f 174/379/174 188/328/188 143/240/143
f 188/328/188 217/380/217 190/373/190
f 163/381/163 202/382/202 218/383/218
f 197/341/197 124/358/124 207/359/207
f 214/384/214 206/385/206 169/386/169
f 203/351/203 182/316/182 219/387/219
f 84/124/84 220/388/220 154/257/154
f 221/389/221 171/293/171 142/232/142
f 142/232/142 185/319/185 221/389/221
f 135/220/135 194/337/194 185/336/185
f 172/296/172 204/353/204 211/371/211
f 118/180/118 179/306/179 108/284/108
f 195/347/195 222/390/222 205/356/205
f 122/193/122 223/391/223 149/249/149
f 168/392/168 212/372/212 201/355/201
f 209/366/209 216/378/216 187/325/187
f 196/340/196 175/301/175 224/393/224
f 216/394/216 188/328/188 174/379/174
f 202/382/202 206/395/206 218/383/218
f 218/383/218 206/395/206 225/396/225
f 226/397/226 191/398/191 183/317/183
f 192/333/192 227/399/227 141/334/141
f 228/400/228 229/401/229 230/402/230
f 231/403/231 194/404/194 161/405/161
f 232/406/232 156/323/156 211/371/211
f 223/407/223 180/308/180 149/261/149
f 232/408/232 122/193/122 156/262/156
f 168/324/168 224/393/224 212/409/212
f 168/324/168 196/340/196 224/393/224
f 209/366/209 233/410/233 216/378/216
f 218/383/218 225/396/225 234/411/234
f 165/280/165 146/245/146 235/412/235
f 220/388/220 198/342/198 154/257/154
f 141/231/141 220/388/220 84/124/84
f 185/413/185 236/414/236 221/415/221
f 185/416/185 194/404/194 236/417/236
f 231/403/231 161/405/161 210/418/210
f 237/419/237 238/420/238 239/421/239
f 240/422/240 209/377/209 205/356/205
f 232/408/232 223/391/223 122/193/122
f 240/422/240 233/423/233 209/377/209
f 174/379/174 159/424/159 216/394/216
f 175/425/175 164/426/164 241/427/241
f 164/426/164 163/381/163 241/427/241
f 216/394/216 217/380/217 188/328/188
f 197/341/197 242/428/242 170/290/170
f 190/373/190 217/380/217 243/429/243
f 113/291/113 170/290/170 213/430/213
f 225/396/225 206/395/206 244/431/244
f 203/351/203 226/397/226 183/317/183
f 184/432/184 171/293/171 245/433/245
f 221/415/221 236/414/236 245/434/245
f 204/435/204 246/436/246 211/437/211
f 186/354/186 247/438/247 215/376/215
f 186/354/186 212/439/212 247/438/247
f 175/440/175 241/441/241 224/442/224
f 163/381/163 218/383/218 241/427/241
f 170/290/170 242/428/242 248/443/248
f 225/396/225 249/444/249 234/411/234
f 219/387/219 250/445/250 203/351/203
f 191/398/191 251/446/251 208/447/208
f 226/397/226 252/448/252 191/398/191
f 191/398/191 252/448/252 251/446/251
f 171/293/171 221/389/221 245/433/245
f 233/410/233 253/449/253 216/378/216
f 217/380/217 254/450/254 243/429/243
f 244/451/244 206/385/206 214/384/214
f 190/330/190 255/452/255 119/183/119
f 203/351/203 250/445/250 226/397/226
f 220/388/220 256/453/256 198/342/198
f 177/304/177 184/318/184 257/454/257
f 177/304/177 199/343/199 72/108/72
f 66/95/66 147/246/147 193/335/193
f 238/455/238 237/456/237 258/457/258
f 180/458/180 223/459/223 210/460/210
f 108/311/108 259/461/259 181/312/181
f 212/409/212 224/393/224 247/462/247
f 224/442/224 241/441/241 260/463/260
f 213/374/213 219/387/219 182/316/182
f 261/464/261 226/397/226 250/445/250
f 119/183/119 262/465/262 128/229/128
f 128/229/128 263/466/263 192/467/192
f 230/468/230 229/469/229 264/470/264
f 238/420/238 265/471/265 239/421/239
f 238/420/238 266/472/266 265/471/265
f 223/459/223 232/473/232 267/474/267
f 215/475/215 247/476/247 268/477/268
f 224/393/224 260/478/260 247/462/247
f 233/410/233 269/479/269 253/449/253
f 170/290/170 248/443/248 213/430/213
f 244/431/244 270/480/270 225/396/225
f 225/396/225 270/480/270 261/481/261
f 225/396/225 261/481/261 249/444/249
f 271/482/271 219/483/219 213/430/213
f 226/397/226 261/464/261 251/446/251
f 226/397/226 251/446/251 252/448/252
f 194/404/194 231/403/231 236/417/236
f 210/418/210 272/484/272 231/403/231
f 258/457/258 266/485/266 238/455/238
f 210/418/210 267/486/267 273/487/273
f 223/459/223 267/474/267 210/460/210
f 195/347/195 265/471/265 222/390/222
f 204/435/204 274/488/274 246/436/246
f 211/437/211 246/436/246 232/473/232
f 232/473/232 246/436/246 275/489/275
f 204/353/204 215/376/215 274/490/274
f 205/356/205 222/390/222 240/422/240
f 247/476/247 276/491/276 268/477/268
f 240/422/240 277/492/277 233/423/233
f 277/492/277 269/493/269 233/423/233
f 234/411/234 249/444/249 278/494/278
f 190/330/190 243/495/243 255/452/255
f 119/183/119 255/452/255 262/465/262
f 250/445/250 219/387/219 271/496/271
f 279/497/279 251/446/251 261/464/261
f 251/446/251 279/497/279 208/447/208
f 262/465/262 263/466/263 128/229/128
f 228/400/228 280/498/280 229/401/229
f 177/304/177 257/454/257 199/343/199
f 237/456/237 239/499/239 281/500/281
f 239/499/239 282/501/282 281/500/281
f 239/499/239 265/502/265 282/501/282
f 215/475/215 268/477/268 274/503/274
f 265/504/265 195/339/195 283/505/283
f 195/339/195 259/461/259 283/505/283
f 181/312/181 259/461/259 195/339/195
f 276/506/276 247/462/247 260/478/260
f 241/427/241 218/383/218 284/507/284
f 253/508/253 217/380/217 216/394/216
f 218/383/218 234/411/234 285/509/285
f 253/508/253 254/450/254 217/380/217
f 249/444/249 261/481/261 286/510/286
f 208/447/208 279/497/279 214/384/214
f 261/464/261 270/511/270 279/497/279
f 287/512/287 280/498/280 228/400/228
f 288/513/288 264/470/264 229/469/229
f 193/363/193 289/514/289 179/364/179
f 269/479/269 290/515/290 253/449/253
f 254/516/254 291/517/291 243/518/243
f 250/519/250 271/520/271 261/481/261
f 198/368/198 292/521/292 146/245/146
f 141/231/141 227/522/227 220/388/220
f 228/523/228 230/468/230 293/524/293
f 237/456/237 294/525/294 258/457/258
f 281/500/281 294/525/294 237/456/237
f 108/284/108 179/306/179 295/526/295
f 108/284/108 295/526/295 259/527/259
f 240/422/240 296/528/296 277/492/277
f 297/529/297 290/515/290 269/479/269
f 218/383/218 285/509/285 284/507/284
f 278/494/278 285/509/285 234/411/234
f 213/430/213 298/530/298 271/482/271
f 244/451/244 214/384/214 279/497/279
f 261/481/261 271/520/271 286/510/286
f 245/434/245 299/531/299 184/532/184
f 147/246/147 300/533/300 193/335/193
f 258/457/258 294/525/294 266/485/266
f 249/444/249 286/510/286 278/494/278
f 244/431/244 279/534/279 270/480/270
f 198/368/198 256/535/256 292/521/292
f 228/400/228 301/536/301 287/512/287
f 272/484/272 210/418/210 273/487/273
f 294/525/294 281/500/281 302/537/302
f 294/525/294 302/537/302 266/485/266
f 265/471/265 266/472/266 222/390/222
f 222/390/222 296/528/296 240/422/240
f 297/538/297 303/539/303 290/540/290
f 290/541/290 291/542/291 253/508/253
f 253/508/253 291/542/291 254/450/254
f 213/430/213 248/443/248 298/530/298
f 243/518/243 304/543/304 255/544/255
f 184/532/184 299/531/299 257/545/257
f 147/246/147 305/546/305 300/533/300
f 302/537/302 281/500/281 282/501/282
f 265/502/265 283/547/283 282/501/282
f 274/503/274 268/477/268 306/548/306
f 275/489/275 267/474/267 232/473/232
f 297/549/297 269/493/269 277/492/277
f 285/509/285 307/550/307 284/507/284
f 278/494/278 286/510/286 298/551/298
f 165/360/165 308/552/308 207/359/207
f 255/544/255 309/553/309 262/554/262
f 220/555/220 310/556/310 256/557/256
f 228/523/228 293/524/293 301/558/301
f 230/468/230 311/559/311 293/524/293
f 230/468/230 264/470/264 311/559/311
f 245/434/245 236/414/236 299/531/299
f 266/472/266 296/528/296 222/390/222
f 283/505/283 259/461/259 312/560/312
f 297/538/297 313/561/313 303/539/303
f 314/562/314 291/517/291 290/563/290
f 278/494/278 307/550/307 285/509/285
f 291/517/291 314/562/314 243/518/243
f 278/494/278 298/551/298 307/550/307
f 235/412/235 308/564/308 165/280/165
f 262/554/262 309/553/309 263/565/263
f 235/412/235 146/245/146 292/521/292
f 192/467/192 263/466/263 227/566/227
f 227/567/227 310/568/310 220/569/220
f 229/401/229 315/570/315 288/571/288
f 236/414/236 231/572/231 316/573/316
f 295/574/295 317/575/317 259/576/259
f 277/492/277 259/577/259 297/549/297
f 277/578/277 312/560/312 259/461/259
f 260/463/260 241/441/241 284/579/284
f 290/563/290 303/580/303 314/562/314
f 242/428/242 197/341/197 318/581/318
f 243/518/243 314/562/314 304/543/304
f 199/343/199 305/546/305 147/246/147
f 236/414/236 319/582/319 299/531/299
f 272/583/272 273/584/273 320/585/320
f 282/586/282 283/587/283 321/588/321
f 274/503/274 306/548/306 246/589/246
f 268/477/268 322/590/322 306/548/306
f 260/463/260 322/591/322 276/592/276
f 248/443/248 307/593/307 298/530/298
f 286/510/286 271/520/271 298/551/298
f 304/543/304 324/594/323 255/544/255
f 325/595/324 323/596/325 326/597/326
f 323/596/325 286/598/286 326/597/326
f 286/598/286 327/599/327 326/597/326
f 236/414/236 316/573/316 319/582/319
f 282/501/282 321/600/321 302/537/302
f 302/537/302 296/601/296 266/485/266
f 289/514/289 295/602/295 179/364/179
f 273/487/273 267/486/267 328/603/328
f 268/477/268 276/491/276 322/590/322
f 259/577/259 317/604/317 297/549/297
f 329/605/329 312/606/312 277/607/277
f 296/608/296 329/605/329 277/607/277
f 242/428/242 330/609/330 248/443/248
f 248/610/248 330/611/330 331/612/331
f 307/613/307 332/614/332 284/615/284
f 323/616/325 333/617/333 271/618/334
f 325/595/324 326/597/326 334/619/335
f 326/620/326 327/621/327 334/622/335
f 272/583/272 316/623/316 231/624/231
f 317/604/317 313/625/313 297/549/297
f 325/595/324 334/619/335 323/596/325
f 323/626/325 334/622/335 333/627/333
f 324/594/323 335/628/336 255/544/255
f 335/628/336 309/553/309 255/544/255
f 293/524/293 311/559/311 336/629/337
f 316/623/316 272/583/272 320/585/320
f 306/548/306 337/630/338 246/589/246
f 242/428/242 318/581/318 330/609/330
f 271/631/334 333/627/333 327/621/327
f 293/632/293 338/633/339 301/536/301
f 293/524/293 339/634/340 338/635/339
f 311/559/311 264/470/264 340/636/341
f 229/401/229 280/498/280 315/570/315
f 299/531/299 319/582/319 341/637/342
f 302/638/302 321/588/321 329/605/329
f 302/638/302 329/605/329 296/608/296
f 246/589/246 337/630/338 275/639/275
f 284/579/284 322/591/322 260/463/260
f 248/443/248 331/640/331 307/593/307
f 197/641/197 342/642/343 318/643/318
f 334/622/335 327/621/327 333/627/333
f 227/567/227 343/644/344 310/568/310
f 299/531/299 341/637/342 257/545/257
f 199/645/199 344/646/345 305/647/305
f 322/590/322 345/648/346 306/548/306
f 331/612/331 332/614/332 307/613/307
f 207/359/207 342/649/343 197/341/197
f 339/634/340 293/524/293 336/629/337
f 316/573/316 320/650/320 346/651/347
f 347/652/348 280/498/280 287/512/287
f 257/545/257 341/637/342 348/653/349
f 316/573/316 346/651/347 319/582/319
f 193/363/193 300/654/300 289/514/289
f 322/655/322 284/615/284 349/656/350
f 314/562/314 324/594/323 304/543/304
f 308/657/308 235/658/235 350/659/351
f 321/588/321 283/587/283 351/660/352
f 207/661/207 308/662/308 342/663/343
f 235/658/235 292/664/292 350/659/351
f 227/567/227 352/665/353 343/644/344
f 353/666/354 256/557/256 310/556/310
f 320/585/320 273/584/273 354/667/355
f 337/668/338 355/669/356 275/670/275
f 295/671/295 356/672/357 317/673/317
f 312/606/312 351/660/352 283/587/283
f 329/605/329 351/660/352 312/606/312
f 263/565/263 352/665/353 227/567/227
f 347/652/348 287/512/287 357/674/358
f 257/545/257 344/646/345 199/645/199
f 332/614/332 349/656/350 284/615/284
f 358/675/359 303/539/303 313/561/313
f 303/580/303 359/676/360 314/562/314
f 263/565/263 309/553/309 352/665/353
f 292/664/292 360/677/361 350/659/351
f 257/545/257 348/653/349 344/646/345
f 306/548/306 345/648/346 361/678/362
f 329/605/329 321/588/321 351/660/352
f 349/656/350 332/614/332 362/679/363
f 362/679/363 332/614/332 331/612/331
f 331/612/331 330/611/330 363/680/364
f 306/548/306 361/678/362 337/630/338
f 275/670/275 364/681/365 267/682/267
f 322/590/322 365/683/366 345/648/346
f 322/655/322 349/656/350 365/684/366
f 331/612/331 363/680/364 362/679/363
f 314/562/314 359/676/360 324/594/323
f 335/628/336 366/685/367 309/553/309
f 349/656/350 362/679/363 367/686/368
f 309/553/309 366/685/367 352/665/353
f 301/536/301 357/674/358 287/512/287
f 345/687/346 368/688/369 361/689/362
f 303/539/303 358/675/359 359/690/360
f 343/644/344 353/691/354 310/568/310
f 353/666/354 369/692/370 256/557/256
f 365/693/366 368/688/369 345/687/346
f 349/656/350 367/686/368 370/694/371
f 330/611/330 371/695/372 363/680/364
f 318/643/318 371/695/372 330/611/330
f 324/594/323 372/696/373 335/628/336
f 338/633/339 373/697/374 301/536/301
f 347/652/348 374/698/375 280/498/280
f 289/699/289 375/700/376 295/671/295
f 361/701/362 376/702/377 337/703/338
f 368/688/369 365/693/366 355/669/356
f 317/673/317 356/672/357 313/704/313
f 369/692/370 292/664/292 256/557/256
f 377/705/378 289/699/289 300/706/300
f 320/585/320 354/667/355 346/707/347
f 361/701/362 378/708/379 376/702/377
f 295/671/295 375/700/376 356/672/357
f 349/656/350 370/694/371 365/684/366
f 362/679/363 363/680/364 367/686/368
f 308/662/308 350/709/351 342/663/343
f 319/582/319 379/710/380 341/637/342
f 300/706/300 305/711/305 377/705/378
f 368/712/369 378/708/379 361/701/362
f 267/682/267 364/681/365 328/713/328
f 368/712/369 380/714/381 378/708/379
f 376/702/377 355/715/356 337/703/338
f 356/672/357 381/716/382 313/704/313
f 324/594/323 359/676/360 372/696/373
f 311/559/311 382/717/383 336/629/337
f 311/559/311 340/636/341 382/717/383
f 273/718/273 383/719/384 354/720/355
f 273/718/273 328/721/328 383/719/384
f 368/722/369 355/715/356 380/723/381
f 381/724/382 358/675/359 313/561/313
f 358/675/359 384/725/385 359/690/360
f 301/536/301 373/697/374 385/726/386
f 288/513/288 386/727/387 264/470/264
f 341/637/342 379/710/380 348/653/349
f 387/728/388 379/710/380 319/582/319
f 319/582/319 346/651/347 387/728/388
f 344/646/345 388/729/389 305/647/305
f 388/730/389 377/705/378 305/711/305
f 355/669/356 365/693/366 389/731/390
f 370/694/371 389/732/390 365/684/366
f 359/676/360 384/733/385 372/696/373
f 372/696/373 366/685/367 335/628/336
f 360/677/361 292/664/292 369/692/370
f 385/726/386 357/674/358 301/536/301
f 390/734/391 344/646/345 348/653/349
f 377/705/378 391/735/392 289/699/289
f 392/736/393 376/702/377 378/708/379
f 393/737/394 380/723/381 355/715/356
f 364/681/365 275/670/275 394/738/395
f 340/636/341 264/470/264 386/727/387
f 315/570/315 395/739/396 288/571/288
f 380/714/381 396/740/397 378/708/379
f 394/738/395 275/670/275 355/669/356
f 358/675/359 397/741/398 384/725/385
f 343/644/344 398/742/399 353/691/354
f 315/570/315 280/498/280 399/743/400
f 344/646/345 390/734/391 388/729/389
f 375/700/376 400/744/401 356/672/357
f 389/731/390 394/738/395 355/669/356
f 356/672/357 400/744/401 381/716/382
f 363/680/364 401/745/402 402/746/403
f 350/659/351 403/747/404 342/748/343
f 352/665/353 398/742/399 343/644/344
f 382/749/383 340/750/341 404/751/405
f 346/651/347 405/752/406 387/728/388
f 389/731/390 406/753/407 394/738/395
f 370/694/371 406/754/407 389/732/390
f 370/694/371 367/686/368 402/746/403
f 367/686/368 363/680/364 402/746/403
f 401/745/402 363/680/364 371/695/372
f 318/643/318 342/642/343 371/695/372
f 350/659/351 407/755/408 403/747/404
f 353/691/354 398/742/399 369/756/370
f 391/735/392 375/700/376 289/699/289
f 378/708/379 396/740/397 392/736/393
f 408/757/409 396/758/397 380/759/381
f 381/724/382 397/741/398 358/675/359
f 370/694/371 409/760/410 406/754/407
f 357/674/358 410/761/411 347/652/348
f 411/762/412 315/570/315 399/743/400
f 412/763/413 376/702/377 392/736/393
f 412/763/413 355/715/356 376/702/377
f 412/763/413 393/737/394 355/715/356
f 393/737/394 413/764/414 380/723/381
f 370/694/371 402/746/403 409/760/410
f 414/765/415 402/746/403 401/745/402
f 415/766/416 366/685/367 372/696/373
f 415/766/416 352/665/353 366/685/367
f 407/755/408 350/659/351 360/677/361
f 348/653/349 416/767/417 390/734/391
f 392/736/393 396/740/397 417/768/418
f 418/769/419 372/770/373 384/725/385
f 288/513/288 395/771/396 386/727/387
f 408/757/409 419/772/420 396/758/397
f 380/759/381 413/773/414 408/757/409
f 371/695/372 420/774/421 401/745/402
f 421/775/422 415/766/416 372/696/373
f 352/665/353 422/776/423 398/742/399
f 369/692/370 423/777/424 360/677/361
f 423/777/424 369/692/370 398/778/399
f 379/710/380 416/767/417 348/653/349
f 392/736/393 417/768/418 412/763/413
f 396/740/397 424/779/425 417/768/418
f 425/780/426 426/781/427 427/782/428
f 425/780/426 427/782/428 428/783/429
f 428/783/429 427/782/428 429/784/430
f 402/746/403 430/785/431 409/760/410
f 414/765/415 430/785/431 402/746/403
f 421/775/422 431/786/432 415/766/416
f 340/787/341 386/788/387 432/789/433
f 383/790/384 433/791/434 354/792/355
f 393/737/394 412/763/413 424/779/425
f 434/793/435 435/794/436 400/744/401
f 426/781/427 436/795/437 427/782/428
f 372/696/373 418/796/419 421/775/422
f 415/766/416 422/776/423 352/665/353
f 338/635/339 339/634/340 437/797/438
f 347/652/348 410/761/411 374/698/375
f 280/498/280 374/698/375 399/743/400
f 416/767/417 438/798/439 390/734/391
f 379/710/380 387/728/388 416/767/417
f 424/779/425 412/763/413 417/768/418
f 393/737/394 424/779/425 413/764/414
f 328/799/328 364/800/365 383/790/384
f 394/738/395 406/753/407 439/801/440
f 440/802/441 426/803/427 425/804/426
f 425/780/426 428/783/429 441/805/442
f 429/806/430 442/807/443 428/808/429
f 427/809/428 443/810/444 429/806/430
f 414/765/415 401/745/402 444/811/445
f 420/774/421 444/811/445 401/745/402
f 421/812/422 445/813/446 431/814/432
f 338/815/339 437/816/438 373/817/374
f 357/674/358 446/818/447 410/761/411
f 315/570/315 411/762/412 395/739/396
f 377/705/378 388/730/389 447/819/448
f 396/758/397 419/772/420 424/820/425
f 419/772/420 413/773/414 424/820/425
f 439/801/440 364/681/365 394/738/395
f 375/700/376 434/793/435 400/744/401
f 448/821/449 426/803/427 440/802/441
f 436/795/437 443/822/444 427/782/428
f 429/806/430 449/823/450 442/807/443
f 430/785/431 414/765/415 450/824/451
f 414/765/415 444/811/445 450/824/451
f 384/725/385 451/825/452 418/769/419
f 418/826/419 452/827/453 421/812/422
f 421/812/422 452/827/453 453/828/454
f 421/812/422 453/828/454 445/813/446
f 445/813/446 454/829/455 431/814/432
f 357/674/358 455/830/456 446/818/447
f 340/750/341 432/831/433 404/751/405
f 405/832/406 346/833/347 456/834/457
f 377/705/378 447/819/448 391/735/392
f 408/757/409 413/773/414 419/772/420
f 400/744/401 457/835/458 381/716/382
f 440/836/441 425/837/426 441/838/442
f 428/783/429 458/839/459 441/805/442
f 371/840/372 342/841/343 420/842/421
f 453/828/454 454/829/455 445/813/446
f 415/766/416 459/843/460 422/776/423
f 423/777/424 407/755/408 360/677/361
f 374/698/375 410/761/411 460/844/461
f 461/845/462 395/846/396 411/847/412
f 364/800/365 462/848/463 383/790/384
f 435/794/436 434/793/435 463/849/464
f 400/744/401 435/794/436 464/850/465
f 448/821/449 465/851/466 426/803/427
f 400/744/401 464/850/465 457/835/458
f 397/741/398 381/724/382 466/852/467
f 428/783/429 467/853/468 458/839/459
f 442/807/443 467/854/468 428/808/429
f 436/795/437 468/855/469 443/822/444
f 443/822/444 468/855/469 469/856/470
f 342/841/343 403/857/404 420/842/421
f 415/766/416 431/786/432 459/843/460
f 385/726/386 455/830/456 357/674/358
f 390/734/391 438/798/439 388/729/389
f 456/834/457 346/833/347 354/792/355
f 364/800/365 439/858/440 462/848/463
f 435/794/436 463/849/464 470/859/471
f 426/803/427 465/851/466 436/860/437
f 381/724/382 457/861/458 466/852/467
f 471/862/472 468/863/469 436/860/437
f 397/741/398 466/852/467 384/725/385
f 339/864/340 336/865/337 472/866/473
f 336/865/337 382/749/383 473/867/474
f 386/788/387 395/846/396 474/868/475
f 440/836/441 475/869/476 448/870/449
f 441/805/442 458/839/459 476/871/477
f 465/851/466 471/862/472 436/860/437
f 450/824/451 444/811/445 477/872/478
f 454/829/455 453/828/454 478/873/479
f 398/742/399 422/776/423 423/874/424
f 395/846/396 461/845/462 479/875/480
f 416/767/417 387/728/388 480/876/481
f 387/728/388 405/752/406 480/876/481
f 391/735/392 447/819/448 481/877/482
f 465/851/466 448/821/449 482/878/483
f 406/879/407 483/880/484 439/881/440
f 441/838/442 475/869/476 440/836/441
f 435/794/436 470/859/471 464/850/465
f 457/861/458 464/882/465 484/883/485
f 471/862/472 485/884/486 468/863/469
f 466/852/467 451/825/452 384/725/385
f 449/823/450 429/806/430 486/885/487
f 487/886/488 469/856/470 468/855/469
f 451/825/452 452/887/453 418/769/419
f 444/888/445 488/889/489 477/890/478
f 444/811/445 420/774/421 488/891/489
f 453/828/454 489/892/490 478/873/479
f 454/829/455 490/893/491 431/814/432
f 478/873/479 490/893/491 454/829/455
f 403/747/404 407/755/408 420/894/421
f 491/895/492 423/874/424 422/776/423
f 416/767/417 480/876/481 438/798/439
f 492/896/493 471/862/472 465/851/466
f 493/897/494 406/898/407 409/899/410
f 457/861/458 484/883/485 466/852/467
f 458/839/459 467/853/468 494/900/495
f 443/810/444 486/885/487 429/806/430
f 452/827/453 495/901/496 453/828/454
f 495/901/496 489/892/490 453/828/454
f 488/889/489 420/894/421 407/755/408
f 490/893/491 478/873/479 496/902/497
f 459/843/460 491/895/492 422/776/423
f 373/817/374 437/816/438 497/903/498
f 498/904/499 375/700/376 391/735/392
f 448/870/449 475/869/476 482/905/483
f 482/878/483 492/896/493 465/851/466
f 441/838/442 499/906/500 475/869/476
f 406/898/407 493/897/494 483/907/484
f 441/838/442 476/908/477 499/906/500
f 485/909/486 487/886/488 468/855/469
f 500/910/501 486/885/487 443/810/444
f 469/911/470 500/910/501 443/810/444
f 478/873/479 501/912/502 496/902/497
f 478/873/479 489/892/490 501/912/502
f 490/893/491 459/913/460 431/814/432
f 373/817/374 497/903/498 385/914/386
f 336/865/337 473/867/474 472/866/473
f 473/867/474 382/749/383 502/915/503
f 388/916/389 438/917/439 447/918/448
f 503/919/504 482/878/483 475/920/476
f 470/859/471 504/921/505 464/850/465
f 458/839/459 494/900/495 476/871/477
f 442/807/443 505/922/506 467/854/468
f 442/807/443 506/923/507 505/922/506
f 442/807/443 449/823/450 506/923/507
f 466/852/467 484/883/485 451/825/452
f 507/924/508 485/884/486 471/862/472
f 477/872/478 508/925/509 450/824/451
f 489/892/490 509/926/510 501/912/502
f 438/798/439 480/876/481 510/927/511
f 391/735/392 481/877/482 498/904/499
f 375/700/376 511/928/512 434/793/435
f 492/896/493 507/924/508 471/862/472
f 490/893/491 496/902/497 459/913/460
f 496/902/497 491/929/492 459/913/460
f 423/777/424 491/930/492 407/755/408
f 460/931/461 512/932/513 374/933/375
f 386/788/387 474/868/475 513/934/514
f 498/904/499 511/928/512 375/700/376
f 439/881/440 483/880/484 462/935/463
f 434/793/435 511/928/512 463/849/464
f 476/871/477 494/900/495 514/936/515
f 495/901/496 509/926/510 489/892/490
f 339/864/340 472/866/473 437/937/438
f 386/788/387 513/934/514 432/789/433
f 399/938/400 515/939/516 411/847/412
f 354/792/355 433/791/434 456/834/457
f 475/869/476 516/940/517 503/941/504
f 475/869/476 499/906/500 516/940/517
f 470/942/471 517/943/518 504/944/505
f 504/945/505 518/946/519 464/882/465
f 484/883/485 464/882/465 519/947/520
f 519/947/520 452/887/453 451/825/452
f 450/948/451 508/949/509 430/950/431
f 485/951/486 507/952/508 520/953/521
f 521/954/522 495/901/496 452/827/453
f 477/890/478 488/889/489 522/955/523
f 523/956/524 522/955/523 501/957/502
f 501/912/502 522/958/523 496/902/497
f 488/889/489 407/755/408 522/955/523
f 522/955/523 407/755/408 491/930/492
f 385/959/386 524/960/525 455/961/456
f 395/846/396 479/875/480 474/868/475
f 411/847/412 515/939/516 461/845/462
f 510/962/511 447/918/448 438/917/439
f 525/963/526 526/964/527 527/965/528
f 525/963/526 528/966/529 526/964/527
f 476/908/477 514/967/515 499/906/500
f 467/854/468 529/968/530 494/969/495
f 467/854/468 505/922/506 529/968/530
f 506/923/507 449/823/450 530/970/531
f 484/883/485 519/947/520 451/825/452
f 519/971/520 521/954/522 452/827/453
f 523/956/524 531/972/532 477/890/478
f 477/890/478 522/955/523 523/956/524
f 522/958/523 491/929/492 496/902/497
f 410/973/411 446/974/447 532/975/533
f 383/790/384 462/848/463 433/791/434
f 483/976/484 533/977/534 534/978/535
f 533/979/534 483/907/484 535/980/536
f 514/967/515 536/981/537 499/906/500
f 518/946/519 519/947/520 464/882/465
f 409/899/410 430/950/431 537/982/538
f 495/901/496 521/954/522 538/983/539
f 500/910/501 539/984/540 486/885/487
f 487/886/488 500/985/501 469/856/470
f 509/926/510 540/986/541 501/912/502
f 501/957/502 540/987/541 523/956/524
f 382/749/383 404/751/405 502/915/503
f 447/918/448 510/962/511 541/988/542
f 525/963/526 542/989/543 528/966/529
f 525/963/526 527/965/528 542/989/543
f 503/919/504 543/990/544 482/878/483
f 511/991/512 544/992/545 463/993/464
f 482/878/483 543/990/544 492/896/493
f 463/849/464 517/994/518 470/859/471
f 518/995/519 521/954/522 519/971/520
f 410/973/411 545/996/546 460/931/461
f 480/876/481 405/752/406 510/927/511
f 405/832/406 456/834/457 546/997/547
f 456/834/457 433/791/434 547/998/548
f 463/999/464 544/1000/545 517/1001/518
f 517/943/518 548/1002/549 504/944/505
f 493/897/494 409/899/410 537/982/538
f 449/823/450 486/885/487 530/970/531
f 538/983/539 509/926/510 495/901/496
f 485/951/486 520/953/521 487/1003/488
f 510/927/511 405/752/406 546/1004/547
f 447/918/448 541/988/542 481/1005/482
f 481/877/482 549/1006/550 498/904/499
f 498/904/499 549/1006/550 511/928/512
f 528/966/529 550/1007/551 526/964/527
f 504/1008/505 551/1009/552 518/995/519
f 518/995/519 538/983/539 521/954/522
f 552/1010/553 500/985/501 487/886/488
f 497/1011/498 524/960/525 385/959/386
f 532/975/533 545/996/546 410/973/411
f 542/1012/543 550/1013/551 528/1014/529
f 553/1015/554 544/992/545 511/991/512
f 503/1016/504 554/1017/555 543/1018/544
f 544/1000/545 548/1019/549 517/1001/518
f 507/924/508 492/896/493 543/990/544
f 551/1009/552 538/983/539 518/995/519
f 540/987/541 531/972/532 523/956/524
f 455/1020/456 555/1021/556 446/974/447
f 556/1022/557 399/1023/400 374/1024/375
f 510/962/511 546/1025/547 541/988/542
f 456/834/457 547/998/548 546/997/547
f 481/1005/482 541/988/542 549/1026/550
f 483/1027/484 534/1028/535 462/1029/463
f 550/1013/551 542/1012/543 548/1030/549
f 550/1013/551 548/1030/549 534/1031/535
f 550/1007/551 534/978/535 526/964/527
f 534/978/535 527/965/528 526/964/527
f 527/965/528 534/978/535 533/977/534
f 527/965/528 533/977/534 542/989/543
f 499/906/500 536/981/537 557/1032/558
f 535/980/536 483/907/484 493/897/494
f 505/922/506 506/923/507 558/1033/559
f 508/949/509 537/982/538 430/950/431
f 538/983/539 559/1034/560 509/926/510
f 520/1035/521 560/1036/561 487/886/488
f 497/1011/498 437/1037/438 561/1038/562
f 472/866/473 561/1039/562 437/937/438
f 562/1040/563 455/961/456 524/960/525
f 473/867/474 502/915/503 563/1041/564
f 446/974/447 555/1021/556 532/975/533
f 549/1026/550 553/1015/554 511/991/512
f 516/940/517 499/906/500 557/1032/558
f 504/1008/505 564/1042/565 551/1009/552
f 529/968/530 565/1043/566 494/969/495
f 505/922/506 566/1044/567 529/968/530
f 486/885/487 567/1045/568 530/970/531
f 542/1012/543 533/1046/534 568/1047/569
f 504/944/505 548/1002/549 564/1048/565
f 529/968/530 566/1044/567 565/1043/566
f 551/1009/552 559/1034/560 538/983/539
f 509/926/510 559/1034/560 540/986/541
f 477/890/478 531/972/532 508/1049/509
f 502/915/503 404/751/405 569/1050/570
f 503/1051/504 516/1052/517 554/1053/555
f 547/998/548 433/791/434 570/1054/571
f 433/791/434 462/848/463 570/1054/571
f 554/1017/555 571/1055/572 543/1018/544
f 548/1030/549 542/1012/543 572/1056/573
f 537/982/538 508/949/509 573/1057/574
f 540/986/541 559/1034/560 574/1058/575
f 487/886/488 560/1036/561 552/1010/553
f 541/988/542 546/1025/547 575/1059/576
f 576/1060/577 462/1061/463 534/1062/535
f 542/1012/543 568/1047/569 572/1056/573
f 548/1002/549 572/1063/573 564/1048/565
f 564/1042/565 559/1034/560 551/1009/552
f 505/922/506 558/1033/559 577/1064/578
f 539/984/540 567/1045/568 486/885/487
f 562/1065/563 555/1021/556 455/1020/456
f 432/789/433 513/934/514 578/1066/579
f 549/1026/550 579/1067/580 553/1015/554
f 579/1068/580 544/1000/545 553/1069/554
f 570/1054/571 462/848/463 576/1070/577
f 548/1019/549 576/1060/577 534/1062/535
f 548/1019/549 544/1000/545 576/1060/577
f 493/897/494 537/982/538 535/980/536
f 530/970/531 567/1045/568 580/1071/581
f 507/952/508 581/1072/582 520/953/521
f 404/751/405 432/831/433 582/1073/583
f 547/998/548 570/1054/571 575/1074/576
f 571/1055/572 583/1075/584 543/1018/544
f 535/980/536 584/1076/585 533/979/534
f 494/1077/495 565/1078/566 514/1079/515
f 564/1042/565 585/1080/586 559/1034/560
f 552/1081/553 586/1082/587 500/1083/501
f 404/751/405 582/1073/583 569/1050/570
f 474/868/475 587/1084/588 513/934/514
f 546/997/547 547/998/548 575/1074/576
f 541/988/542 579/1067/580 549/1026/550
f 579/1067/580 541/988/542 575/1059/576
f 575/1085/576 570/1086/571 579/1068/580
f 579/1068/580 570/1086/571 576/1060/577
f 584/1087/585 568/1047/569 533/1046/534
f 588/1088/589 536/1089/537 514/1090/515
f 559/1034/560 585/1080/586 574/1058/575
f 586/1091/587 539/984/540 500/910/501
f 563/1092/564 502/1093/503 589/1094/590
f 589/1094/590 502/1093/503 569/1095/570
f 590/1096/591 474/868/475 479/875/480
f 576/1060/577 544/1000/545 579/1068/580
f 536/981/537 588/1097/589 591/1098/592
f 564/1042/565 572/1099/573 585/1080/586
f 505/922/506 577/1064/578 566/1044/567
f 506/923/507 530/970/531 558/1033/559
f 592/1100/593 524/960/525 497/1011/498
f 473/1101/474 563/1092/564 593/1102/594
f 479/875/480 461/845/462 594/1103/595
f 557/1104/558 595/1105/596 516/1052/517
f 514/1079/515 565/1078/566 588/1106/589
f 531/972/532 540/987/541 574/1107/575
f 531/1108/532 573/1057/574 508/949/509
f 374/933/375 512/932/513 556/1109/557
f 515/939/516 594/1103/595 461/845/462
f 554/1053/555 516/1052/517 595/1105/596
f 568/1047/569 584/1087/585 572/1056/573
f 535/980/536 537/982/538 596/1110/597
f 591/1098/592 588/1097/589 597/1111/598
f 561/1038/562 592/1100/593 497/1011/498
f 590/1096/591 598/1112/599 474/868/475
f 554/1017/555 595/1113/596 571/1055/572
f 583/1075/584 599/1114/600 543/1018/544
f 535/980/536 596/1110/597 584/1076/585
f 574/1058/575 585/1080/586 600/1115/601
f 399/1116/400 556/1109/557 515/1117/516
f 572/1099/573 601/1118/602 585/1080/586
f 537/982/538 573/1057/574 596/1110/597
f 574/1107/575 600/1119/601 531/972/532
f 560/1120/561 520/953/521 602/1121/603
f 539/1122/540 586/1123/587 603/1124/604
f 557/1032/558 536/981/537 591/1098/592
f 588/1106/589 565/1078/566 604/1125/605
f 585/1126/586 601/1127/602 600/1128/601
f 573/1057/574 531/1108/532 600/1129/601
f 524/960/525 592/1100/593 605/1130/606
f 561/1039/562 472/866/473 473/867/474
f 571/1055/572 606/1131/607 583/1075/584
f 591/1098/592 597/1111/598 607/1132/608
f 588/1106/589 604/1125/605 597/1133/598
f 566/1134/567 577/1135/578 608/1136/609
f 558/1033/559 530/970/531 580/1071/581
f 432/1137/433 578/1138/579 582/1139/583
f 513/934/514 587/1084/588 578/1066/579
f 557/1104/558 591/1140/592 609/1141/610
f 572/1142/573 584/1143/585 601/1144/602
f 543/1018/544 599/1114/600 507/1145/508
f 600/1129/601 596/1110/597 573/1057/574
f 565/1078/566 566/1134/567 608/1136/609
f 552/1146/553 610/1147/611 586/1148/587
f 611/1149/612 612/1150/613 613/1151/614
f 545/996/546 614/1152/615 460/931/461
f 615/1153/616 591/1140/592 607/1154/608
f 571/1055/572 616/1155/617 606/1131/607
f 584/1076/585 596/1110/597 601/1156/602
f 604/1125/605 617/1157/618 597/1133/598
f 600/1129/601 601/1156/602 596/1110/597
f 605/1130/606 562/1040/563 524/960/525
f 473/1101/474 593/1102/594 561/1158/562
f 571/1055/572 595/1113/596 616/1155/617
f 591/1140/592 615/1153/616 609/1141/610
f 577/1064/578 558/1033/559 618/1159/619
f 582/1160/583 578/1161/579 619/1162/620
f 460/931/461 614/1152/615 512/932/513
f 474/868/475 598/1112/599 587/1084/588
f 620/1163/621 615/1153/616 621/1164/622
f 620/1163/621 622/1165/623 615/1153/616
f 607/1154/608 597/1166/598 623/1167/624
f 558/1033/559 580/1071/581 618/1159/619
f 539/1168/540 603/1169/604 624/1170/625
f 552/1010/553 560/1036/561 610/1171/611
f 625/1172/626 611/1149/612 626/1173/627
f 611/1149/612 627/1174/628 612/1150/613
f 563/1092/564 628/1175/629 593/1102/594
f 589/1094/590 569/1095/570 582/1176/583
f 623/1167/624 597/1166/598 629/1177/630
f 597/1133/598 617/1157/618 629/1178/630
f 599/1114/600 630/1179/631 507/1145/508
f 615/1153/616 607/1154/608 623/1167/624
f 565/1078/566 631/1180/632 604/1125/605
f 608/1136/609 577/1135/578 632/1181/633
f 582/1176/583 633/1182/634 589/1094/590
f 582/1176/583 619/1183/620 633/1182/634
f 615/1153/616 623/1167/624 621/1164/622
f 622/1165/623 609/1141/610 615/1153/616
f 634/1184/635 629/1178/630 617/1157/618
f 604/1125/605 631/1180/632 617/1157/618
f 565/1078/566 608/1136/609 631/1180/632
f 539/1185/540 624/1186/625 567/1187/568
f 611/1149/612 625/1172/626 627/1174/628
f 612/1150/613 627/1174/628 635/1188/636
f 557/1104/558 609/1141/610 636/1189/637
f 618/1190/619 632/1181/633 577/1135/578
f 610/1147/611 637/1191/638 586/1148/587
f 586/1148/587 637/1191/638 603/1169/604
f 613/1151/614 626/1173/627 611/1149/612
f 561/1158/562 638/1192/639 592/1193/593
f 639/1194/640 545/996/546 532/975/533
f 640/1195/641 578/1161/579 587/1196/588
f 515/1117/516 641/1197/642 594/1198/595
f 623/1199/624 629/1200/630 642/1201/643
f 557/1104/558 636/1189/637 595/1105/596
f 629/1200/630 634/1202/635 642/1201/643
f 617/1157/618 643/1203/644 634/1184/635
f 617/1157/618 644/1204/645 643/1203/644
f 608/1136/609 645/1205/646 631/1180/632
f 562/1206/563 646/1207/647 647/1208/648
f 555/1021/556 639/1194/640 532/975/533
f 515/1117/516 556/1109/557 641/1197/642
f 642/1201/643 634/1202/635 648/1209/649
f 634/1184/635 643/1203/644 648/1210/649
f 643/1211/644 649/1212/650 650/1213/651
f 643/1211/644 644/1214/645 649/1212/650
f 507/1145/508 630/1179/631 581/1215/582
f 560/1216/561 602/1217/603 610/1218/611
f 605/1130/606 592/1100/593 651/1219/652
f 561/1158/562 593/1102/594 628/1175/629
f 621/1164/622 623/1167/624 652/1220/653
f 622/1165/623 636/1189/637 609/1141/610
f 520/953/521 581/1072/582 602/1121/603
f 592/1193/593 638/1192/639 651/1221/652
f 647/1222/648 555/1021/556 562/1065/563
f 545/996/546 653/1223/654 614/1152/615
f 620/1163/621 654/1224/655 622/1165/623
f 616/1155/617 655/1225/656 606/1131/607
f 595/1105/596 636/1189/637 656/1226/657
f 648/1210/649 643/1203/644 657/1227/658
f 657/1228/658 643/1211/644 658/1229/659
f 631/1230/632 645/1231/646 659/1232/660
f 567/1187/568 624/1186/625 580/1233/581
f 561/1158/562 628/1175/629 638/1192/639
f 545/996/546 660/1234/661 653/1223/654
f 657/1235/658 658/1236/659 661/1237/662
f 643/1211/644 650/1213/651 658/1229/659
f 644/1214/645 662/1238/663 649/1212/650
f 617/1157/618 631/1180/632 644/1204/645
f 608/1239/609 632/1240/633 645/1231/646
f 651/1241/652 663/1242/664 605/1243/606
f 641/1197/642 664/1244/665 594/1198/595
f 654/1224/655 665/1245/666 622/1165/623
f 623/1167/624 642/1246/643 652/1220/653
f 642/1201/643 648/1209/649 666/1247/667
f 622/1165/623 665/1245/666 636/1189/637
f 648/1209/649 657/1235/658 666/1247/667
f 595/1113/596 656/1248/657 616/1155/617
f 625/1172/626 667/1249/668 627/1174/628
f 626/1173/627 613/1151/614 668/1250/669
f 631/1230/632 659/1232/660 644/1251/645
f 625/1172/626 626/1173/627 669/1252/670
f 605/1243/606 646/1207/647 562/1206/563
f 479/1253/480 594/1254/595 590/1255/591
f 621/1164/622 670/1256/671 620/1163/621
f 657/1235/658 661/1237/662 666/1247/667
f 599/1114/600 671/1257/672 630/1179/631
f 624/1258/625 672/1259/673 580/1260/581
f 668/1250/669 613/1151/614 673/1261/674
f 639/1194/640 660/1234/661 545/996/546
f 666/1247/667 661/1237/662 674/1262/675
f 661/1263/662 675/1264/676 674/1265/675
f 661/1263/662 658/1266/659 676/1267/677
f 632/1240/633 677/1268/678 645/1231/646
f 618/1269/619 678/1270/679 632/1271/633
f 618/1269/619 672/1259/673 678/1270/679
f 618/1272/619 580/1273/581 672/1274/673
f 627/1174/628 667/1249/668 679/1275/680
f 638/1276/639 680/1277/681 651/1241/652
f 605/1243/606 663/1242/664 646/1207/647
f 681/1278/682 656/1226/657 665/1245/666
f 665/1245/666 656/1226/657 636/1189/637
f 676/1279/677 650/1213/651 649/1212/650
f 644/1251/645 682/1280/683 662/1281/663
f 644/1251/645 659/1232/660 682/1280/683
f 632/1271/633 678/1270/679 677/1282/678
f 603/1169/604 683/1283/684 624/1170/625
f 612/1150/613 673/1261/674 613/1151/614
f 628/1175/629 563/1092/564 684/1284/685
f 621/1164/622 652/1220/653 670/1256/671
f 661/1263/662 676/1267/677 675/1264/676
f 658/1229/659 650/1213/651 676/1279/677
f 583/1075/584 671/1257/672 599/1114/600
f 676/1279/677 649/1212/650 685/1285/686
f 649/1212/650 662/1238/663 685/1285/686
f 645/1231/646 677/1268/678 686/1286/687
f 625/1172/626 687/1287/688 667/1249/668
f 669/1252/670 687/1287/688 625/1172/626
f 638/1192/639 628/1175/629 688/1288/689
f 689/1289/690 512/932/513 614/1152/615
f 666/1247/667 674/1262/675 690/1290/691
f 676/1267/677 685/1291/686 675/1264/676
f 675/1264/676 691/1292/692 674/1265/675
f 675/1293/676 685/1294/686 692/1295/693
f 685/1294/686 662/1281/663 692/1295/693
f 675/1293/676 692/1295/693 691/1296/692
f 662/1281/663 682/1280/683 692/1295/693
f 682/1280/683 686/1286/687 692/1295/693
f 682/1280/683 659/1232/660 693/1297/694
f 659/1232/660 645/1231/646 693/1297/694
f 694/1298/695 695/1299/696 696/1300/697
f 694/1298/695 697/1301/698 695/1299/696
f 698/1302/699 699/1303/700 695/1299/696
f 637/1191/638 683/1283/684 603/1169/604
f 663/1242/664 700/1304/701 646/1207/647
f 688/1288/689 628/1175/629 684/1284/685
f 563/1092/564 701/1305/702 684/1284/685
f 614/1152/615 653/1223/654 689/1289/690
f 620/1163/621 670/1256/671 654/1224/655
f 666/1247/667 702/1306/703 642/1201/643
f 666/1247/667 690/1290/691 702/1306/703
f 616/1155/617 656/1248/657 681/1307/682
f 606/1131/607 703/1308/704 583/1075/584
f 692/1295/693 677/1268/678 691/1296/692
f 692/1295/693 686/1286/687 677/1268/678
f 682/1280/683 693/1297/694 704/1309/705
f 705/1310/706 706/1311/707 694/1298/695
f 693/1297/694 645/1231/646 686/1286/687
f 697/1301/698 698/1302/699 695/1299/696
f 707/1312/708 699/1303/700 698/1302/699
f 680/1277/681 708/1313/709 651/1241/652
f 663/1242/664 651/1241/652 708/1313/709
f 709/1314/710 647/1208/648 646/1207/647
f 639/1315/640 555/1316/556 647/1208/648
f 710/1317/711 589/1094/590 633/1182/634
f 711/1318/712 556/1109/557 512/932/513
f 702/1306/703 652/1319/653 642/1201/643
f 654/1224/655 712/1320/713 665/1245/666
f 655/1225/656 616/1155/617 681/1307/682
f 655/1225/656 703/1308/704 606/1131/607
f 706/1311/707 705/1310/706 713/1321/714
f 694/1298/695 714/1322/715 705/1310/706
f 715/1323/716 698/1302/699 716/1324/717
f 698/1302/699 715/1323/716 707/1312/708
f 627/1174/628 679/1275/680 635/1188/636
f 612/1325/613 635/1326/636 717/1327/718
f 708/1313/709 680/1277/681 718/1328/719
f 680/1277/681 638/1276/639 688/1329/689
f 689/1289/690 711/1318/712 512/932/513
f 665/1245/666 712/1320/713 681/1278/682
f 704/1309/705 686/1286/687 682/1280/683
f 706/1311/707 719/1330/720 694/1298/695
f 719/1330/720 697/1301/698 694/1298/695
f 694/1298/695 696/1300/697 714/1322/715
f 713/1331/714 696/1332/697 720/1333/721
f 696/1332/697 695/1334/696 720/1333/721
f 695/1334/696 721/1335/722 720/1333/721
f 589/1094/590 701/1305/702 563/1092/564
f 706/1336/707 713/1337/714 722/1338/723
f 693/1297/694 686/1286/687 704/1309/705
f 705/1310/706 723/1339/724 696/1300/697
f 705/1310/706 696/1300/697 713/1321/714
f 719/1330/720 716/1324/717 698/1302/699
f 698/1302/699 697/1301/698 719/1330/720
f 624/1258/625 724/1340/725 672/1259/673
f 581/1341/582 725/1342/726 602/1343/603
f 679/1275/680 726/1344/727 635/1188/636
f 700/1304/701 709/1314/710 646/1207/647
f 710/1317/711 701/1305/702 589/1094/590
f 727/1345/728 720/1333/721 721/1335/722
f 703/1308/704 671/1257/672 583/1075/584
f 674/1265/675 691/1292/692 728/1346/729
f 729/1347/730 719/1330/720 706/1311/707
f 678/1270/679 730/1348/731 677/1282/678
f 678/1270/679 672/1259/673 724/1340/725
f 723/1339/724 705/1310/706 714/1322/715
f 714/1322/715 696/1300/697 723/1339/724
f 687/1349/688 731/1350/732 667/1351/668
f 669/1252/670 626/1173/627 732/1352/733
f 733/1353/734 734/1354/735 735/1355/736
f 734/1354/735 736/1356/737 735/1355/736
f 640/1195/641 587/1196/588 737/1357/738
f 587/1196/588 598/1358/599 737/1357/738
f 722/1338/723 738/1359/739 739/1360/740
f 706/1336/707 722/1338/723 729/1361/730
f 724/1340/725 730/1348/731 678/1270/679
f 729/1347/730 716/1324/717 719/1330/720
f 695/1334/696 740/1362/741 721/1335/722
f 699/1363/700 741/1364/742 695/1334/696
f 610/1147/611 742/1365/743 637/1191/638
f 626/1173/627 668/1250/669 743/1366/744
f 735/1367/736 744/1368/745 733/1369/734
f 639/1315/640 647/1208/648 745/1370/746
f 746/1371/747 652/1319/653 702/1306/703
f 747/1372/748 654/1224/655 748/1373/749
f 749/1374/750 750/1375/751 751/1376/752
f 747/1372/748 712/1320/713 654/1224/655
f 751/1377/752 750/1378/751 752/1379/753
f 690/1380/691 674/1265/675 753/1381/754
f 754/1382/755 655/1225/656 681/1307/682
f 729/1361/730 722/1338/723 739/1360/740
f 738/1359/739 722/1338/723 713/1337/714
f 668/1250/669 673/1261/674 755/1383/756
f 718/1328/719 680/1277/681 756/1384/757
f 756/1384/757 680/1277/681 688/1329/689
f 757/1385/758 733/1369/734 744/1368/745
f 745/1370/746 647/1208/648 709/1314/710
f 758/1386/759 710/1317/711 633/1182/634
f 759/1387/760 556/1109/557 711/1318/712
f 750/1388/751 760/1389/761 752/1390/753
f 712/1391/713 754/1382/755 681/1307/682
f 713/1331/714 720/1333/721 738/1392/739
f 630/1393/631 725/1342/726 581/1341/582
f 624/1170/625 683/1283/684 724/1394/725
f 732/1352/733 761/1395/762 669/1252/670
f 612/1150/613 717/1396/718 673/1261/674
f 735/1355/736 736/1356/737 762/1397/763
f 763/1398/764 688/1288/689 684/1284/685
f 701/1305/702 710/1317/711 764/1399/765
f 695/1334/696 741/1364/742 740/1362/741
f 610/1400/611 602/1343/603 765/1401/766
f 743/1366/744 668/1250/669 755/1383/756
f 744/1368/745 735/1367/736 766/1402/767
f 735/1355/736 762/1397/763 767/1403/768
f 556/1109/557 759/1387/760 641/1197/642
f 594/1254/595 768/1404/769 590/1255/591
f 654/1224/655 670/1256/671 748/1373/749
f 746/1371/747 702/1306/703 769/1405/770
f 751/1376/752 770/1406/771 749/1374/750
f 749/1374/750 771/1407/772 750/1375/751
f 751/1377/752 752/1379/753 772/1408/773
f 655/1225/656 754/1382/755 703/1308/704
f 691/1409/692 677/1282/678 773/1410/774
f 677/1282/678 730/1348/731 773/1410/774
f 774/1411/775 738/1392/739 727/1345/728
f 738/1392/739 720/1333/721 727/1345/728
f 729/1361/730 775/1412/776 716/1413/717
f 683/1283/684 776/1414/777 724/1394/725
f 699/1415/700 777/1416/778 741/1417/742
f 626/1173/627 743/1366/744 732/1352/733
f 708/1313/709 778/1418/779 663/1242/664
f 735/1367/736 767/1419/768 766/1402/767
f 652/1319/653 746/1371/747 670/1420/671
f 751/1376/752 772/1421/773 770/1406/771
f 771/1422/772 779/1423/780 750/1388/751
f 674/1265/675 728/1346/729 753/1381/754
f 750/1388/751 779/1423/780 760/1389/761
f 739/1360/740 738/1359/739 780/1424/781
f 738/1359/739 774/1425/775 780/1424/781
f 637/1191/638 781/1426/782 683/1283/684
f 782/1427/783 783/1428/784 784/1429/785
f 783/1430/784 785/1431/786 784/1432/785
f 700/1304/701 663/1242/664 778/1418/779
f 688/1329/689 763/1433/764 756/1384/757
f 684/1284/685 786/1434/787 763/1398/764
f 684/1284/685 701/1305/702 786/1434/787
f 787/1435/788 660/1436/661 639/1315/640
f 633/1182/634 619/1183/620 758/1386/759
f 653/1223/654 788/1437/789 689/1289/690
f 789/1438/790 779/1439/780 771/1440/772
f 691/1292/692 773/1441/774 728/1346/729
f 739/1360/740 790/1442/791 729/1361/730
f 791/1443/792 783/1428/784 782/1427/783
f 731/1350/732 792/1444/793 667/1351/668
f 669/1445/670 761/1446/762 687/1349/688
f 708/1313/709 718/1328/719 793/1447/794
f 708/1448/709 793/1449/794 778/1450/779
f 700/1304/701 794/1451/795 709/1314/710
f 767/1403/768 762/1397/763 795/1452/796
f 745/1370/746 709/1314/710 796/1453/797
f 764/1399/765 710/1317/711 797/1454/798
f 710/1317/711 758/1386/759 797/1454/798
f 664/1244/665 768/1455/769 594/1198/595
f 690/1290/691 798/1456/799 702/1306/703
f 690/1290/691 753/1457/754 798/1456/799
f 730/1348/731 799/1458/800 773/1410/774
f 707/1312/708 800/1459/801 699/1303/700
f 777/1460/778 801/1461/802 741/1364/742
f 741/1364/742 801/1461/802 740/1362/741
f 610/1400/611 765/1401/766 742/1462/743
f 802/1463/803 791/1443/792 782/1427/783
f 784/1432/785 803/1464/804 804/1465/805
f 784/1432/785 785/1431/786 803/1464/804
f 653/1223/654 660/1234/661 805/1466/806
f 805/1466/806 788/1437/789 653/1223/654
f 619/1162/620 578/1161/579 640/1195/641
f 770/1406/771 806/1467/807 749/1374/750
f 747/1372/748 754/1468/755 712/1320/713
f 729/1361/730 790/1442/791 775/1412/776
f 671/1257/672 807/1469/808 630/1179/631
f 730/1348/731 724/1340/725 808/1470/809
f 727/1345/728 721/1335/722 809/1471/810
f 699/1415/700 800/1472/801 777/1416/778
f 740/1362/741 810/1473/811 721/1335/722
f 725/1342/726 765/1401/766 602/1343/603
f 667/1351/668 811/1474/812 679/1475/680
f 718/1476/719 756/1477/757 812/1478/813
f 794/1451/795 796/1453/797 709/1314/710
f 763/1479/764 786/1480/787 813/1481/814
f 749/1374/750 806/1467/807 814/1482/815
f 749/1374/750 814/1482/815 771/1407/772
f 752/1379/753 815/1483/816 772/1408/773
f 754/1382/755 816/1484/817 703/1308/704
f 703/1308/704 816/1484/817 671/1257/672
f 730/1348/731 808/1470/809 799/1458/800
f 715/1485/716 716/1486/717 817/1487/818
f 721/1335/722 810/1473/811 809/1471/810
f 784/1432/785 804/1465/805 818/1488/819
f 803/1489/804 819/1490/820 804/1491/805
f 687/1349/688 761/1446/762 820/1492/821
f 756/1477/757 763/1493/764 821/1494/822
f 753/1495/754 728/1496/729 822/1497/823
f 789/1438/790 822/1497/823 779/1439/780
f 754/1382/755 823/1498/824 816/1484/817
f 773/1441/774 824/1499/825 728/1346/729
f 816/1484/817 807/1469/808 671/1257/672
f 773/1500/774 799/1501/800 825/1502/826
f 716/1503/717 826/1504/827 817/1505/818
f 725/1342/726 630/1393/631 807/1506/808
f 802/1507/803 827/1508/828 828/1509/829
f 802/1463/803 829/1510/830 791/1443/792
f 782/1427/783 784/1429/785 818/1511/819
f 830/1512/831 687/1349/688 820/1492/821
f 743/1513/744 755/1514/756 831/1515/832
f 718/1476/719 812/1478/813 793/1516/794
f 717/1396/718 832/1517/833 673/1261/674
f 702/1306/703 833/1518/834 769/1405/770
f 833/1518/834 702/1306/703 834/1519/835
f 702/1306/703 798/1456/799 834/1519/835
f 835/1520/836 836/1521/837 837/1522/838
f 838/1523/839 752/1390/753 760/1389/761
f 826/1524/827 716/1413/717 775/1412/776
f 817/1487/818 707/1525/708 715/1485/716
f 839/1526/840 777/1527/778 800/1528/801
f 828/1509/829 829/1529/830 802/1507/803
f 802/1463/803 782/1427/783 840/1530/841
f 803/1489/804 841/1531/842 819/1490/820
f 830/1512/831 731/1350/732 687/1349/688
f 842/1532/843 803/1464/804 785/1431/786
f 843/1533/844 794/1451/795 700/1304/701
f 844/1534/845 734/1354/735 733/1353/734
f 845/1535/846 835/1520/836 846/1536/847
f 846/1536/847 835/1520/836 837/1522/838
f 798/1456/799 753/1457/754 847/1537/848
f 848/1538/849 836/1539/837 835/1540/836
f 814/1482/815 849/1541/850 771/1407/772
f 814/1482/815 850/1542/851 849/1541/850
f 849/1543/850 789/1438/790 771/1440/772
f 836/1539/837 822/1497/823 789/1438/790
f 848/1538/849 753/1495/754 822/1497/823
f 822/1497/823 728/1496/729 851/1544/852
f 779/1423/780 852/1545/853 760/1389/761
f 839/1526/840 801/1546/802 777/1527/778
f 725/1342/726 853/1547/854 765/1401/766
f 742/1365/743 781/1426/782 637/1191/638
f 782/1427/783 818/1511/819 840/1530/841
f 819/1490/820 841/1531/842 854/1548/855
f 842/1549/843 855/1550/856 803/1551/804
f 856/1552/857 778/1450/779 793/1449/794
f 635/1326/636 857/1553/858 717/1327/718
f 787/1435/788 858/1554/859 660/1436/661
f 670/1420/671 859/1555/860 748/1556/749
f 670/1420/671 746/1371/747 859/1555/860
f 860/1557/861 814/1482/815 806/1467/807
f 837/1522/838 861/1558/862 862/1559/863
f 862/1559/863 850/1542/851 814/1482/815
f 848/1538/849 822/1497/823 836/1539/837
f 789/1560/790 849/1541/850 836/1521/837
f 760/1389/761 852/1545/853 863/1561/864
f 724/1394/725 864/1562/865 808/1563/809
f 807/1506/808 865/1564/866 725/1342/726
f 707/1565/708 866/1566/867 800/1567/801
f 801/1461/802 867/1568/868 740/1362/741
f 802/1463/803 840/1530/841 827/1569/828
f 840/1530/841 818/1511/819 868/1570/869
f 732/1352/733 743/1366/744 761/1395/762
f 635/1571/636 726/1572/727 869/1573/870
f 717/1574/718 857/1575/858 832/1576/833
f 832/1517/833 755/1383/756 673/1261/674
f 778/1450/779 843/1577/844 700/1578/701
f 763/1479/764 813/1481/814 821/1579/822
f 767/1403/768 795/1452/796 870/1580/871
f 701/1305/702 764/1399/765 786/1434/787
f 737/1357/738 871/1581/872 640/1195/641
f 814/1482/815 860/1557/861 862/1559/863
f 847/1582/848 848/1538/849 835/1540/836
f 753/1495/754 848/1538/849 847/1582/848
f 779/1439/780 822/1497/823 852/1583/853
f 852/1545/853 824/1584/825 863/1561/864
f 727/1345/728 872/1585/873 774/1411/775
f 683/1283/684 781/1426/782 776/1414/777
f 803/1489/804 873/1586/874 841/1531/842
f 803/1551/804 855/1550/856 873/1587/874
f 761/1446/762 874/1588/875 820/1492/821
f 812/1478/813 875/1589/876 793/1516/794
f 745/1370/746 787/1435/788 639/1315/640
f 746/1371/747 876/1590/877 859/1555/860
f 845/1591/846 877/1592/878 835/1593/836
f 835/1594/836 877/1595/878 878/1596/879
f 748/1556/749 859/1555/860 747/1597/748
f 769/1405/770 879/1598/880 746/1371/747
f 769/1405/770 833/1518/834 879/1598/880
f 837/1522/838 862/1559/863 846/1536/847
f 798/1456/799 878/1599/879 834/1519/835
f 847/1537/848 878/1599/879 798/1456/799
f 878/1599/879 847/1537/848 835/1600/836
f 837/1522/838 836/1521/837 861/1558/862
f 850/1542/851 861/1558/862 849/1541/850
f 849/1541/850 861/1558/862 836/1521/837
f 728/1346/729 824/1499/825 851/1601/852
f 863/1561/864 880/1602/881 760/1389/761
f 739/1360/740 881/1603/882 790/1442/791
f 853/1547/854 725/1342/726 865/1564/866
f 882/1604/883 810/1473/811 740/1362/741
f 883/1605/884 828/1509/829 827/1508/828
f 884/1606/885 818/1511/819 804/1607/805
f 884/1608/885 804/1491/805 819/1490/820
f 885/1609/886 820/1492/821 874/1588/875
f 861/1558/862 850/1542/851 862/1559/863
f 851/1544/852 852/1583/853 822/1497/823
f 886/1610/887 823/1611/824 754/1612/755
f 824/1499/825 773/1441/774 825/1613/826
f 774/1411/775 872/1585/873 887/1614/888
f 808/1563/809 888/1615/889 799/1616/800
f 808/1563/809 864/1562/865 888/1615/889
f 882/1604/883 740/1362/741 867/1568/868
f 854/1617/855 841/1618/842 889/1619/890
f 890/1620/891 793/1516/794 875/1589/876
f 890/1621/891 856/1552/857 793/1449/794
f 743/1513/744 831/1515/832 891/1622/892
f 856/1552/857 843/1577/844 778/1450/779
f 831/1515/832 755/1514/756 832/1576/833
f 764/1399/765 797/1454/798 892/1623/893
f 660/1436/661 858/1554/859 805/1624/806
f 641/1197/642 759/1387/760 664/1244/665
f 893/1625/894 877/1592/878 894/1626/895
f 877/1592/878 845/1591/846 894/1626/895
f 746/1371/747 879/1598/880 876/1590/877
f 852/1545/853 851/1627/852 824/1584/825
f 754/1612/755 895/1628/896 886/1610/887
f 838/1523/839 760/1389/761 880/1602/881
f 780/1424/781 774/1425/775 887/1629/888
f 839/1630/840 800/1631/801 896/1632/897
f 882/1604/883 897/1633/898 810/1473/811
f 810/1473/811 897/1633/898 809/1471/810
f 828/1634/829 883/1635/884 898/1636/899
f 883/1635/884 899/1637/900 898/1636/899
f 791/1638/792 900/1639/901 783/1640/784
f 819/1490/820 854/1548/855 901/1641/902
f 785/1431/786 902/1642/903 903/1643/904
f 841/1531/842 873/1586/874 904/1644/905
f 785/1431/786 903/1643/904 842/1532/843
f 667/1351/668 792/1444/793 811/1474/812
f 743/1366/744 874/1645/875 761/1395/762
f 812/1478/813 905/1646/906 875/1589/876
f 743/1647/744 891/1648/892 874/1649/875
f 906/1650/907 812/1478/813 756/1477/757
f 907/1651/908 733/1369/734 757/1385/758
f 758/1652/759 619/1162/620 908/1653/909
f 619/1162/620 640/1195/641 908/1653/909
f 598/1358/599 590/1654/591 909/1655/910
f 846/1536/847 862/1559/863 910/1656/911
f 862/1559/863 860/1557/861 910/1656/911
f 877/1657/878 834/1519/835 878/1599/879
f 747/1372/748 911/1658/912 754/1468/755
f 752/1379/753 838/1659/839 815/1483/816
f 899/1637/900 883/1635/884 912/1660/913
f 828/1509/829 913/1661/914 829/1529/830
f 827/1569/828 840/1530/841 914/1662/915
f 854/1548/855 915/1663/916 901/1641/902
f 785/1431/786 783/1430/784 902/1642/903
f 635/1664/636 869/1665/870 857/1666/858
f 891/1622/892 831/1515/832 916/1667/917
f 856/1552/857 891/1648/892 916/1668/917
f 856/1552/857 916/1668/917 843/1577/844
f 843/1577/844 916/1668/917 794/1669/795
f 916/1667/917 917/1670/918 794/1671/795
f 797/1672/798 918/1673/919 892/1674/893
f 797/1672/798 919/1675/920 918/1673/919
f 909/1655/910 737/1357/738 598/1358/599
f 823/1611/824 920/1676/921 816/1677/817
f 881/1603/882 739/1360/740 780/1424/781
f 921/1678/922 825/1502/826 799/1501/800
f 922/1679/923 807/1506/808 816/1680/817
f 864/1562/865 724/1394/725 776/1414/777
f 896/1632/897 923/1681/924 839/1630/840
f 923/1681/924 801/1682/802 839/1630/840
f 913/1683/914 828/1634/829 898/1636/899
f 883/1684/884 827/1685/828 924/1686/925
f 818/1511/819 884/1606/885 868/1570/869
f 925/1687/926 926/1688/927 889/1619/890
f 926/1688/927 854/1617/855 889/1619/890
f 889/1619/890 841/1618/842 904/1689/905
f 884/1608/885 819/1490/820 901/1641/902
f 856/1552/857 874/1649/875 891/1648/892
f 917/1690/918 796/1453/797 794/1451/795
f 892/1691/893 786/1692/787 764/1693/765
f 908/1653/909 797/1694/798 758/1652/759
f 927/1695/928 845/1591/846 846/1696/847
f 834/1519/835 877/1657/878 928/1697/929
f 929/1698/930 860/1557/861 806/1467/807
f 911/1699/912 747/1700/748 859/1701/860
f 886/1610/887 920/1676/921 823/1611/824
f 807/1506/808 922/1679/923 930/1702/931
f 931/1703/932 866/1566/867 707/1565/708
f 872/1585/873 727/1345/728 809/1471/810
f 897/1633/898 882/1604/883 932/1704/933
f 933/1705/934 809/1706/810 897/1707/898
f 801/1682/802 934/1708/935 867/1709/868
f 829/1529/830 913/1661/914 935/1710/936
f 889/1619/890 904/1689/905 936/1711/937
f 937/1712/938 902/1713/903 783/1640/784
f 903/1643/904 938/1714/939 939/1715/940
f 890/1621/891 940/1716/941 856/1552/857
f 832/1576/833 916/1667/917 831/1515/832
f 832/1576/833 917/1670/918 916/1667/917
f 941/1717/942 736/1356/737 734/1354/735
f 919/1718/920 797/1694/798 908/1653/909
f 894/1626/895 845/1591/846 927/1695/928
f 879/1598/880 833/1518/834 834/1519/835
f 942/1719/943 943/1720/944 863/1561/864
f 824/1584/825 942/1719/943 863/1561/864
f 863/1561/864 943/1720/944 880/1602/881
f 816/1677/817 920/1676/921 922/1721/923
f 807/1506/808 930/1702/931 944/1722/945
f 931/1703/932 707/1565/708 817/1505/818
f 945/1723/946 932/1704/933 882/1604/883
f 882/1724/883 867/1725/868 946/1726/947
f 840/1530/841 868/1570/869 914/1662/915
f 889/1619/890 936/1711/937 925/1687/926
f 903/1643/904 902/1642/903 938/1714/939
f 903/1643/904 939/1715/940 842/1532/843
f 947/1727/948 939/1715/940 938/1714/939
f 940/1716/941 874/1649/875 856/1552/857
f 812/1478/813 906/1650/907 948/1728/949
f 744/1368/745 949/1729/950 757/1385/758
f 821/1579/822 813/1481/814 950/1730/951
f 907/1651/908 844/1731/845 733/1369/734
f 844/1534/845 951/1732/952 734/1354/735
f 805/1733/806 952/1734/953 788/1735/789
f 759/1736/760 711/1737/712 953/1738/954
f 927/1739/928 846/1536/847 910/1656/911
f 860/1557/861 954/1740/955 910/1656/911
f 877/1592/878 893/1625/894 928/1741/929
f 834/1519/835 928/1697/929 879/1598/880
f 864/1742/865 955/1743/956 888/1744/889
f 882/1724/883 946/1726/947 945/1745/946
f 932/1746/933 946/1726/947 897/1707/898
f 897/1707/898 946/1726/947 933/1705/934
f 899/1637/900 956/1747/957 898/1636/899
f 938/1714/939 957/1748/958 947/1727/948
f 842/1549/843 958/1749/959 855/1550/856
f 874/1588/875 940/1750/941 885/1609/886
f 842/1532/843 939/1715/940 959/1751/960
f 821/1494/822 906/1650/907 756/1477/757
f 906/1752/907 821/1753/822 960/1754/961
f 832/1576/833 857/1575/858 917/1670/918
f 907/1651/908 757/1385/758 961/1755/962
f 766/1402/767 767/1419/768 962/1756/963
f 767/1419/768 963/1757/964 962/1756/963
f 813/1481/814 786/1480/787 964/1758/965
f 796/1453/797 965/1759/966 745/1370/746
f 951/1760/952 966/1761/967 734/1762/735
f 640/1195/641 871/1581/872 967/1763/968
f 968/1764/969 893/1625/894 894/1626/895
f 770/1406/771 929/1698/930 806/1467/807
f 815/1483/816 969/1765/970 772/1408/773
f 895/1628/896 970/1766/971 886/1610/887
f 942/1719/943 824/1584/825 971/1767/972
f 838/1659/839 880/1768/881 972/1769/973
f 807/1506/808 944/1722/945 865/1564/866
f 973/1770/974 974/1771/975 975/1772/976
f 976/1773/977 974/1771/975 973/1770/974
f 781/1426/782 977/1774/978 776/1414/777
f 867/1725/868 978/1775/979 946/1726/947
f 976/1776/977 979/1777/980 974/1778/975
f 912/1779/913 883/1684/884 924/1686/925
f 829/1529/830 980/1780/981 791/1781/792
f 925/1687/926 981/1782/982 926/1688/927
f 875/1589/876 982/1783/983 890/1620/891
f 947/1727/948 948/1728/949 939/1715/940
f 948/1728/949 905/1646/906 812/1478/813
f 948/1728/949 983/1784/984 905/1646/906
f 757/1385/758 949/1729/950 961/1755/962
f 744/1368/745 766/1402/767 949/1729/950
f 786/1480/787 892/1785/893 964/1758/965
f 984/1786/985 892/1785/893 918/1787/919
f 918/1673/919 919/1675/920 985/1788/986
f 968/1764/969 986/1789/987 893/1625/894
f 860/1557/861 929/1698/930 954/1740/955
f 987/1790/988 859/1701/860 876/1791/877
f 988/1792/989 973/1770/974 944/1722/945
f 975/1772/976 944/1722/945 973/1770/974
f 945/1745/946 946/1726/947 932/1746/933
f 979/1777/980 989/1793/990 974/1778/975
f 974/1794/975 989/1795/990 990/1796/991
f 956/1747/957 899/1637/900 991/1797/992
f 956/1747/957 992/1798/993 898/1636/899
f 899/1637/900 912/1660/913 993/1799/994
f 898/1636/899 992/1798/993 913/1683/914
f 875/1589/876 905/1646/906 994/1800/995
f 948/1728/949 995/1801/996 939/1715/940
f 995/1801/996 948/1728/949 906/1650/907
f 996/1802/997 995/1803/996 906/1752/907
f 950/1730/951 813/1481/814 964/1758/965
f 767/1403/768 870/1580/871 963/1804/964
f 736/1356/737 997/1805/998 762/1397/763
f 941/1717/942 997/1805/998 736/1356/737
f 966/1761/967 941/1806/942 734/1762/735
f 984/1786/985 918/1787/919 998/1807/999
f 918/1787/919 985/1808/986 998/1807/999
f 768/1809/769 999/1810/1000 590/1811/591
f 910/1656/911 954/1740/955 927/1739/928
f 879/1598/880 928/1697/929 876/1590/877
f 876/1791/877 1000/1812/1001 987/1790/988
f 754/1612/755 911/1813/912 895/1628/896
f 824/1499/825 825/1613/826 971/1814/972
f 838/1659/839 972/1769/973 1001/1815/1002
f 988/1792/989 930/1702/931 922/1679/923
f 988/1792/989 944/1722/945 930/1702/931
f 1002/1816/1003 973/1770/974 988/1792/989
f 1003/1817/1004 976/1818/977 1002/1819/1003
f 973/1770/974 1002/1816/1003 976/1773/977
f 776/1414/777 955/1820/956 864/1562/865
f 1004/1821/1005 800/1567/801 866/1566/867
f 776/1414/777 977/1774/978 955/1820/956
f 976/1818/977 1005/1822/1006 979/1823/980
f 884/1606/885 1006/1824/1007 868/1570/869
f 1007/1825/1008 938/1826/939 902/1713/903
f 1007/1827/1008 957/1748/958 938/1714/939
f 820/1492/821 885/1609/886 830/1512/831
f 842/1549/843 959/1828/960 958/1749/959
f 890/1829/891 982/1830/983 940/1750/941
f 875/1831/876 994/1832/995 982/1830/983
f 947/1727/948 1008/1833/1009 983/1784/984
f 947/1727/948 983/1784/984 948/1728/949
f 905/1646/906 1008/1833/1009 1009/1834/1010
f 939/1835/940 996/1802/997 959/1828/960
f 939/1715/940 995/1801/996 996/1836/997
f 1010/1837/1011 844/1838/845 907/1839/908
f 795/1452/796 762/1397/763 997/1805/998
f 745/1370/746 965/1759/966 787/1435/788
f 951/1840/952 998/1807/999 966/1841/967
f 928/1697/929 1000/1842/1001 876/1590/877
f 770/1406/771 772/1421/773 1011/1843/1012
f 1012/1844/1013 920/1676/921 886/1610/887
f 921/1678/922 799/1501/800 888/1845/889
f 1003/1817/1004 1002/1819/1003 1013/1846/1014
f 1014/1847/1015 888/1848/889 955/1849/956
f 1015/1850/1016 853/1547/854 865/1564/866
f 1016/1851/1017 1003/1817/1004 1017/1852/1018
f 1018/1853/1019 742/1462/743 765/1401/766
f 1019/1854/1020 1003/1817/1004 1016/1851/1017
f 1019/1854/1020 976/1818/977 1003/1817/1004
f 978/1775/979 933/1705/934 946/1726/947
f 809/1706/810 933/1705/934 1020/1855/1021
f 978/1856/979 867/1709/868 934/1708/935
f 991/1797/992 899/1637/900 993/1799/994
f 827/1685/828 914/1857/915 1021/1858/1022
f 1022/1859/1023 925/1860/926 936/1861/937
f 1022/1859/1023 981/1862/982 925/1860/926
f 1023/1863/1024 884/1606/885 901/1864/902
f 731/1350/732 830/1512/831 1024/1865/1025
f 937/1712/938 1007/1825/1008 902/1713/903
f 1025/1866/1026 958/1749/959 959/1828/960
f 679/1475/680 811/1474/812 726/1867/727
f 983/1784/984 1008/1833/1009 905/1646/906
f 1026/1868/1027 959/1828/960 996/1802/997
f 960/1754/961 821/1753/822 950/1869/951
f 1027/1870/1028 1010/1871/1011 907/1872/908
f 965/1759/966 796/1453/797 917/1690/918
f 984/1786/985 964/1758/965 892/1785/893
f 984/1786/985 998/1807/999 951/1840/952
f 1028/1873/1029 805/1733/806 858/1874/859
f 908/1653/909 640/1195/641 967/1763/968
f 1029/1875/1030 894/1626/895 927/1695/928
f 954/1876/955 1030/1877/1031 927/1695/928
f 1031/1878/1032 911/1699/912 859/1701/860
f 1032/1879/1033 895/1628/896 911/1813/912
f 970/1766/971 895/1628/896 1032/1879/1033
f 971/1767/972 943/1720/944 942/1719/943
f 1033/1880/1034 988/1792/989 922/1679/923
f 790/1881/791 1034/1882/1035 775/1883/776
f 1033/1880/1034 1002/1816/1003 988/1792/989
f 1034/1884/1035 826/1504/827 775/1885/776
f 1015/1850/1016 865/1564/866 944/1722/945
f 826/1504/827 1035/1886/1036 817/1505/818
f 944/1722/945 975/1772/976 1036/1887/1037
f 1017/1852/1018 1003/1817/1004 1013/1846/1014
f 800/1567/801 1004/1821/1005 896/1888/897
f 1037/1889/1038 1016/1851/1017 1017/1852/1018
f 853/1547/854 1018/1853/1019 765/1401/766
f 896/1888/897 1038/1890/1039 923/1891/924
f 934/1892/935 1039/1893/1040 978/1894/979
f 1040/1895/1041 956/1896/957 1041/1897/1042
f 956/1747/957 991/1797/992 1041/1898/1042
f 991/1899/992 1042/1900/1043 1041/1901/1042
f 981/1862/982 1022/1859/1023 1043/1902/1044
f 900/1639/901 937/1712/938 783/1640/784
f 1007/1825/1008 1044/1903/1045 957/1904/958
f 885/1609/886 940/1750/941 982/1830/983
f 958/1749/959 1045/1905/1046 855/1550/856
f 959/1828/960 1046/1906/1047 1025/1866/1026
f 959/1828/960 1026/1868/1027 1047/1907/1048
f 1027/1908/1028 907/1651/908 961/1755/962
f 766/1402/767 962/1756/963 949/1729/950
f 1010/1871/1011 951/1840/952 844/1909/845
f 964/1758/965 984/1786/985 1048/1910/1049
f 1000/1842/1001 928/1697/929 1049/1911/1050
f 970/1766/971 1012/1844/1013 886/1610/887
f 920/1676/921 1012/1844/1013 1050/1912/1051
f 943/1913/944 972/1769/973 880/1768/881
f 838/1659/839 1001/1815/1002 815/1483/816
f 920/1676/921 1050/1912/1051 922/1721/923
f 921/1678/922 1051/1914/1052 825/1502/826
f 817/1505/818 1035/1886/1036 931/1703/932
f 1019/1854/1020 1052/1915/1053 976/1818/977
f 990/1916/991 989/1917/990 1053/1918/1054
f 1054/1919/1055 956/1896/957 1040/1895/1041
f 1055/1920/1056 1056/1921/1057 1057/1922/1058
f 912/1660/913 924/1923/925 993/1799/994
f 980/1924/981 900/1639/901 791/1638/792
f 868/1570/869 1006/1824/1007 1058/1925/1059
f 981/1926/982 1059/1927/1060 926/1928/927
f 854/1548/855 926/1929/927 915/1663/916
f 904/1689/905 1060/1930/1061 936/1711/937
f 885/1609/886 982/1830/983 830/1512/831
f 994/1800/995 905/1646/906 1061/1931/1062
f 905/1646/906 1009/1834/1010 1061/1931/1062
f 1009/1834/1010 1008/1833/1009 947/1727/948
f 811/1474/812 1062/1932/1063 726/1867/727
f 960/1754/961 996/1802/997 906/1752/907
f 985/1808/986 1063/1933/1064 998/1807/999
f 590/1654/591 999/1934/1000 909/1655/910
f 1029/1875/1030 927/1695/928 1030/1877/1031
f 893/1625/894 986/1789/987 1064/1935/1065
f 893/1625/894 1049/1936/1050 928/1741/929
f 1011/1937/1012 772/1408/773 1065/1938/1066
f 1032/1879/1033 1012/1844/1013 970/1766/971
f 943/1913/944 1066/1939/1067 972/1769/973
f 1050/1912/1051 1033/1940/1034 922/1721/923
f 881/1941/882 1067/1942/1068 790/1881/791
f 1002/1943/1003 1068/1944/1069 1013/1945/1014
f 975/1772/976 974/1771/975 1069/1946/1070
f 809/1706/810 1020/1855/1021 872/1947/873
f 1016/1851/1017 1037/1889/1038 1070/1948/1071
f 976/1818/977 1071/1949/1072 1005/1822/1006
f 801/1682/802 923/1681/924 934/1708/935
f 976/1818/977 1052/1915/1053 1071/1949/1072
f 978/1894/979 1039/1893/1040 1072/1950/1073
f 1005/1951/1006 1073/1952/1074 979/1953/980
f 979/1954/980 1074/1955/1075 989/1956/990
f 1054/1957/1055 992/1798/993 956/1747/957
f 829/1529/830 935/1710/936 980/1780/981
f 827/1685/828 1021/1858/1022 924/1686/925
f 1075/1958/1076 1043/1902/1044 1022/1859/1023
f 957/1748/958 1009/1834/1010 947/1727/948
f 904/1689/905 873/1959/874 1076/1960/1077
f 958/1749/959 1025/1866/1026 1045/1905/1046
f 1025/1866/1026 1046/1906/1047 1045/1905/1046
f 1077/1961/1078 1027/1908/1028 961/1755/962
f 1048/1910/1049 951/1840/952 1010/1871/1011
f 1048/1910/1049 984/1786/985 951/1840/952
f 1063/1933/1064 966/1841/967 998/1807/999
f 805/1733/806 1028/1873/1029 952/1734/953
f 859/1701/860 987/1790/988 1031/1878/1032
f 772/1408/773 969/1765/970 1065/1938/1066
f 911/1699/912 1031/1878/1032 1032/1962/1033
f 1012/1844/1013 1078/1963/1079 1050/1912/1051
f 1033/1880/1034 1050/1964/1051 1068/1965/1069
f 1033/1880/1034 1068/1965/1069 1002/1816/1003
f 825/1502/826 1051/1914/1052 1079/1966/1080
f 921/1678/922 888/1845/889 1051/1914/1052
f 1034/1884/1035 1035/1886/1036 826/1504/827
f 1036/1887/1037 1015/1850/1016 944/1722/945
f 853/1547/854 1015/1850/1016 1018/1853/1019
f 1004/1821/1005 1038/1890/1039 896/1888/897
f 742/1967/743 977/1968/978 781/1969/782
f 974/1970/975 990/1916/991 1080/1971/1081
f 923/1891/924 1081/1972/1082 934/1973/935
f 978/1894/979 1072/1950/1073 933/1974/934
f 1019/1854/1020 1082/1975/1083 1052/1915/1053
f 1054/1919/1055 1040/1895/1041 1083/1976/1084
f 1041/1897/1042 1084/1977/1085 1040/1895/1041
f 991/1899/992 1085/1978/1086 1042/1900/1043
f 868/1570/869 1058/1925/1059 914/1662/915
f 1022/1859/1023 936/1861/937 1086/1979/1087
f 1045/1905/1046 1087/1980/1088 855/1550/856
f 959/1828/960 1047/1907/1048 1046/1906/1047
f 857/1666/858 1088/1981/1089 917/1982/918
f 964/1758/965 1048/1910/1049 1010/1871/1011
f 964/1758/965 1010/1871/1011 1027/1870/1028
f 917/1982/918 1088/1981/1089 965/1983/966
f 894/1626/895 1029/1875/1030 968/1764/969
f 971/1984/972 1089/1985/1090 943/1986/944
f 971/1987/972 825/1502/826 1079/1966/1080
f 815/1483/816 1001/1815/1002 969/1765/970
f 955/1849/956 1090/1988/1091 1014/1847/1015
f 975/1772/976 1069/1946/1070 1036/1887/1037
f 977/1968/978 1090/1988/1091 955/1849/956
f 933/1989/934 1091/1990/1092 1020/1991/1021
f 1072/1950/1073 1092/1992/1093 933/1974/934
f 934/1892/935 1093/1993/1094 1039/1893/1040
f 1073/1994/1074 1094/1995/1095 979/1996/980
f 979/1954/980 1094/1997/1095 1074/1955/1075
f 1041/1901/1042 1095/1998/1096 1084/1999/1085
f 992/1798/993 1096/2000/1097 913/1683/914
f 1097/2001/1098 935/1710/936 913/1661/914
f 1075/1958/1076 1098/2002/1099 1043/1902/1044
f 1022/1859/1023 1099/2003/1100 1075/1958/1076
f 884/1606/885 1023/1863/1024 1006/1824/1007
f 937/1712/938 1100/2004/1101 1007/1825/1008
f 1045/1905/1046 1046/1906/1047 1087/1980/1088
f 1087/1980/1088 1101/2005/1102 855/1550/856
f 855/1550/856 1101/2005/1102 873/1587/874
f 1047/1907/1048 1087/1980/1088 1046/1906/1047
f 1047/1907/1048 1026/1868/1027 1102/2006/1103
f 960/1754/961 950/1869/951 1103/2007/1104
f 869/1665/870 1088/1981/1089 857/1666/858
f 985/1788/986 919/1675/920 1063/2008/1064
f 711/1737/712 689/2009/690 1104/2010/1105
f 929/1698/930 770/1406/771 1011/1843/1012
f 1013/2011/1014 1068/2012/1069 1105/2013/1106
f 1015/1850/1016 1106/2014/1107 1018/1853/1019
f 1036/1887/1037 1069/1946/1070 1107/2015/1108
f 977/1968/978 742/1967/743 1090/1988/1091
f 974/1970/975 1080/1971/1081 1069/2016/1070
f 1005/2017/1006 1071/2018/1072 1073/2019/1074
f 1016/1851/1017 1070/1948/1071 1108/2020/1109
f 1041/1901/1042 1042/1900/1043 1095/1998/1096
f 1042/1900/1043 1085/1978/1086 1109/2021/1110
f 1042/1900/1043 1110/2022/1111 1095/1998/1096
f 1061/2023/1062 1009/2024/1010 957/1904/958
f 1026/1868/1027 996/1802/997 1111/2025/1112
f 950/1730/951 964/1758/965 1027/1870/1028
f 1112/2026/1113 961/1755/962 949/1729/950
f 1063/2027/1064 1113/2028/1114 966/1761/967
f 1114/2029/1115 1078/1963/1079 1012/1844/1013
f 1066/2030/1067 943/2031/944 1089/2032/1090
f 1078/1963/1079 1068/2033/1069 1050/1912/1051
f 1017/1852/1018 1013/1846/1014 1105/2034/1106
f 1051/1914/1052 888/1845/889 1014/2035/1015
f 1036/1887/1037 1106/2014/1107 1015/1850/1016
f 1090/1988/1091 742/1967/743 1018/2036/1019
f 866/1566/867 1115/2037/1116 1004/1821/1005
f 1116/2038/1117 1070/1948/1071 1037/1889/1038
f 1052/1915/1053 1073/2039/1074 1071/1949/1072
f 933/1989/934 1092/2040/1093 1091/1990/1092
f 1117/2041/1118 1019/1854/1020 1016/1851/1017
f 1082/1975/1083 1019/1854/1020 1117/2041/1118
f 1118/2042/1119 1040/1895/1041 1084/1977/1085
f 1083/1976/1084 1119/2043/1120 1054/1919/1055
f 1120/2044/1121 1055/1920/1056 1057/1922/1058
f 1121/2045/1122 1057/2046/1058 1056/2047/1057
f 1122/2048/1123 980/1780/981 935/1710/936
f 1022/1859/1023 1086/1979/1087 1099/2003/1100
f 936/1861/937 1123/2049/1124 1086/1979/1087
f 901/2050/902 1124/2051/1125 1023/2052/1024
f 1123/2053/1124 936/1711/937 1060/1930/1061
f 1044/1903/1045 1061/2023/1062 957/1904/958
f 1125/2054/1126 1076/1960/1077 873/1959/874
f 1101/2005/1102 1125/2055/1126 873/1587/874
f 996/1802/997 960/1754/961 1111/2025/1112
f 949/1729/950 962/1756/963 1112/2026/1113
f 795/2056/796 997/2057/998 1126/2058/1127
f 1000/1812/1001 1127/2059/1128 987/1790/988
f 987/1790/988 1127/2059/1128 1031/1878/1032
f 1031/2060/1032 1012/1844/1013 1032/1879/1033
f 1001/2061/1002 972/2062/973 1128/2063/1129
f 887/2064/888 872/2065/873 1129/2066/1130
f 1116/2038/1117 1017/1852/1018 1105/2034/1106
f 1116/2038/1117 1037/1889/1038 1017/1852/1018
f 1108/2020/1109 1117/2041/1118 1016/1851/1017
f 1074/1955/1075 1053/2067/1054 989/1956/990
f 1119/2068/1120 992/1798/993 1054/1957/1055
f 1121/2045/1122 1130/2069/1131 1057/2046/1058
f 1095/1998/1096 1110/2022/1111 1131/2070/1132
f 991/1797/992 993/1799/994 1085/2071/1086
f 1110/2072/1111 1132/2073/1133 1131/2074/1132
f 1132/2073/1133 1075/1958/1076 1133/2075/1134
f 1100/2004/1101 1044/1903/1045 1007/1825/1008
f 1087/1980/1088 1047/1907/1048 1101/2005/1102
f 1103/2007/1104 1111/2025/1112 960/1754/961
f 941/1806/942 1134/2076/1135 997/2077/998
f 966/1761/967 1113/2028/1114 941/1806/942
f 965/1759/966 1135/2078/1136 787/1435/788
f 1135/2078/1136 858/1554/859 787/1435/788
f 689/2009/690 788/1735/789 1104/2010/1105
f 953/2079/954 1136/2080/1137 759/2081/760
f 986/1789/987 1137/2082/1138 1064/1935/1065
f 893/1625/894 1064/1935/1065 1049/1936/1050
f 1031/1878/1032 1127/2059/1128 1012/2083/1013
f 1138/2084/1139 1089/2032/1090 971/2085/972
f 790/1881/791 1067/1942/1068 1139/2086/1140
f 1036/1887/1037 1140/2087/1141 1106/2014/1107
f 1141/2088/1142 1014/1847/1015 1090/1988/1091
f 1090/1988/1091 1018/2036/1019 1106/2089/1107
f 1004/1821/1005 1142/2090/1143 1038/1890/1039
f 1038/1890/1039 1142/2090/1143 923/1891/924
f 1082/1975/1083 1143/2091/1144 1052/1915/1053
f 1039/1893/1040 1144/2092/1145 1072/1950/1073
f 1094/1997/1095 1145/2093/1146 1074/1955/1075
f 1094/1995/1095 1146/2094/1147 1145/2095/1146
f 1057/1922/1058 1147/2096/1148 1120/2044/1121
f 1057/2046/1058 1148/2097/1149 1147/2098/1148
f 1056/1921/1057 1055/1920/1056 1149/2099/1150
f 913/1661/914 1096/2100/1097 1097/2001/1098
f 1131/2074/1132 1132/2073/1133 1133/2075/1134
f 900/1639/901 1100/2004/1101 937/1712/938
f 1044/2101/1045 1150/2102/1151 1061/2103/1062
f 994/1832/995 1151/2104/1152 982/1830/983
f 904/1689/905 1076/1960/1077 1060/1930/1061
f 1047/1907/1048 1102/2006/1103 1101/2005/1102
f 919/1675/920 908/2105/909 1152/2106/1153
f 909/1655/910 1153/2107/1154 737/1357/738
f 1030/1877/1031 954/1876/955 1154/2108/1155
f 1049/1936/1050 1064/1935/1065 1155/2109/1156
f 1127/2059/1128 1114/2110/1115 1012/2083/1013
f 1001/2061/1002 1156/2111/1157 969/2112/970
f 1078/2113/1079 1157/2114/1158 1068/2115/1069
f 1068/2116/1069 1157/2117/1158 1105/2118/1106
f 1140/2119/1141 1158/2120/1159 1106/2089/1107
f 1158/2120/1159 1141/2088/1142 1106/2089/1107
f 1141/2088/1142 1090/1988/1091 1106/2089/1107
f 866/2121/867 931/2122/932 1115/2123/1116
f 1116/2038/1117 1159/2124/1160 1070/1948/1071
f 1143/2091/1144 1160/2125/1161 1161/2126/1162
f 1143/2091/1144 1161/2126/1162 1162/2127/1163
f 1069/2016/1070 1163/2128/1164 1107/2129/1108
f 1143/2091/1144 1082/1975/1083 1160/2125/1161
f 1162/2127/1163 1164/2130/1165 1143/2091/1144
f 1080/1971/1081 1163/2128/1164 1069/2016/1070
f 990/1916/991 1053/1918/1054 1080/1971/1081
f 1073/1994/1074 1165/2131/1166 1094/1995/1095
f 1055/1920/1056 1120/2044/1121 1166/2132/1167
f 1055/1920/1056 1166/2132/1167 1149/2099/1150
f 1057/2046/1058 1130/2069/1131 1148/2097/1149
f 1109/2021/1110 1167/2133/1168 1042/1900/1043
f 914/1857/915 1058/2134/1059 1021/1858/1022
f 1098/2002/1099 981/1862/982 1043/1902/1044
f 1168/2135/1169 1100/2004/1101 900/1639/901
f 830/1512/831 982/1830/983 1024/1865/1025
f 1061/2103/1062 1150/2102/1151 994/2136/995
f 1125/2054/1126 1169/2137/1170 1076/1960/1077
f 1102/2006/1103 1125/2055/1126 1101/2005/1102
f 1026/1868/1027 1170/2138/1171 1102/2006/1103
f 1027/1870/1028 1077/2139/1078 950/1730/951
f 795/2056/796 1126/2058/1127 870/2140/871
f 1063/2008/1064 919/1675/920 1152/2106/1153
f 1104/2010/1105 953/1738/954 711/1737/712
f 1049/2141/1050 1171/2142/1172 1000/1812/1001
f 971/1987/972 1079/1966/1080 1138/2143/1139
f 790/1881/791 1139/2086/1140 1034/1882/1035
f 1105/2118/1106 1157/2117/1158 1172/2144/1173
f 1143/2091/1144 1164/2130/1165 1052/1915/1053
f 1117/2041/1118 1173/2145/1174 1082/1975/1083
f 1118/2042/1119 1083/1976/1084 1040/1895/1041
f 1118/2146/1119 1174/2147/1175 1083/2148/1084
f 1175/2149/1176 1119/2150/1120 1083/2151/1084
f 1119/2068/1120 1176/2152/1177 992/1798/993
f 1130/2069/1131 1177/2153/1178 1148/2097/1149
f 924/1686/925 1178/2154/1179 993/2155/994
f 1132/2073/1133 1098/2002/1099 1075/1958/1076
f 900/2156/901 1179/2157/1180 1168/2158/1169
f 926/1928/927 1059/1927/1060 1180/2159/1181
f 1026/1868/1027 1111/2025/1112 1170/2138/1171
f 1113/2028/1114 1134/2076/1135 941/1806/942
f 737/1357/738 1153/2107/1154 871/1581/872
f 759/2081/760 1136/2080/1137 664/2160/665
f 1154/2108/1155 954/1876/955 1181/2161/1182
f 954/1740/955 929/1698/930 1181/2162/1182
f 1049/1936/1050 1155/2109/1156 1171/2163/1172
f 1127/2059/1128 1182/2164/1183 1114/2110/1115
f 1156/2111/1157 1001/2061/1002 1128/2063/1129
f 1079/1966/1080 1051/1914/1052 1183/2165/1184
f 1141/2088/1142 1184/2166/1185 1014/1847/1015
f 931/2122/932 1185/2167/1186 1115/2123/1116
f 1115/2123/1116 1142/2168/1143 1004/2169/1005
f 1160/2125/1161 1082/1975/1083 1173/2145/1174
f 1074/1955/1075 1145/2093/1146 1053/2067/1054
f 1095/1998/1096 1186/2170/1187 1084/1999/1085
f 1095/1998/1096 1131/2070/1132 1186/2170/1187
f 993/1799/994 1187/2171/1188 1085/2071/1086
f 1042/1900/1043 1167/2133/1168 1110/2022/1111
f 1131/2074/1132 1133/2075/1134 1188/2172/1189
f 1110/2072/1111 1098/2002/1099 1132/2073/1133
f 982/1830/983 1151/2104/1152 1024/1865/1025
f 994/2173/995 1189/2174/1190 1151/2175/1152
f 1102/2006/1103 1169/2176/1170 1125/2055/1126
f 1102/2177/1103 1170/2178/1171 1169/2137/1170
f 726/1867/727 1062/1932/1063 869/2179/870
f 950/2180/951 1190/2181/1191 1103/2182/1104
f 1077/1961/1078 961/1755/962 1112/2026/1113
f 1126/2058/1127 997/2057/998 1191/2183/1192
f 952/1734/953 1192/2184/1193 788/1735/789
f 788/1735/789 1192/2184/1193 1104/2010/1105
f 1029/1875/1030 1030/1877/1031 1193/2185/1194
f 1066/2030/1067 1089/2032/1090 1194/2186/1195
f 1066/2030/1067 1128/2063/1129 972/2062/973
f 1158/2120/1159 1195/2187/1196 1141/2088/1142
f 1014/1847/1015 1196/2188/1197 1051/2189/1052
f 887/2064/888 1129/2066/1130 1197/2190/1198
f 1161/2191/1162 1164/2192/1165 1162/2193/1163
f 1160/2125/1161 1173/2145/1174 1161/2126/1162
f 923/1891/924 1142/2090/1143 1081/1972/1082
f 1144/2092/1145 1092/1992/1093 1072/1950/1073
f 1081/1972/1082 1093/2194/1094 934/1973/935
f 1092/2040/1093 1198/2195/1199 1091/1990/1092
f 1108/2020/1109 1199/2196/1200 1117/2041/1118
f 1073/2197/1074 1200/2198/1201 1165/2199/1166
f 992/1798/993 1176/2152/1177 1096/2000/1097
f 1121/2045/1122 1201/2200/1202 1130/2069/1131
f 980/1924/981 1179/2201/1180 900/1639/901
f 981/1926/982 1202/2202/1203 1059/1927/1060
f 994/2173/995 1150/2203/1151 1189/2174/1190
f 1170/2178/1171 1203/2204/1204 1169/2137/1170
f 1077/2139/1078 1190/2205/1191 950/1730/951
f 1112/2026/1113 962/1756/963 1204/2206/1205
f 1205/2207/1206 965/1983/966 1088/1981/1089
f 1113/2208/1114 1063/2008/1064 1152/2106/1153
f 768/1809/769 664/2160/665 1206/2209/1207
f 929/1698/930 1011/1843/1012 1181/2162/1182
f 1000/1812/1001 1207/2210/1208 1127/2059/1128
f 1157/2211/1158 1078/2212/1079 1208/2213/1209
f 1208/2214/1209 1172/2144/1173 1157/2117/1158
f 1195/2187/1196 1184/2166/1185 1141/2088/1142
f 1107/2015/1108 1140/2087/1141 1036/1887/1037
f 1035/2215/1036 1209/2216/1210 931/2122/932
f 1142/2168/1143 1115/2123/1116 1210/2217/1211
f 1173/2145/1174 1211/2218/1212 1161/2126/1162
f 1161/2219/1162 1211/2220/1212 1164/2221/1165
f 1144/2092/1145 1039/1893/1040 1212/2222/1213
f 1093/2223/1094 1212/2224/1213 1039/2225/1040
f 1117/2041/1118 1199/2196/1200 1173/2145/1174
f 1052/2226/1053 1200/2198/1201 1073/2197/1074
f 1165/2131/1166 1146/2094/1147 1094/1995/1095
f 1146/2227/1147 1213/2228/1214 1145/2093/1146
f 1118/2229/1119 1084/1999/1085 1214/2230/1215
f 1120/2044/1121 1147/2096/1148 1215/2231/1216
f 1056/2047/1057 1149/2232/1150 1121/2045/1122
f 1110/2072/1111 1216/2233/1217 1098/2002/1099
f 1075/1958/1076 1099/2003/1100 1133/2075/1134
f 1086/1979/1087 1123/2049/1124 1217/2234/1218
f 901/2050/902 915/2235/916 1124/2051/1125
f 1123/2053/1124 1060/1930/1061 1218/2236/1219
f 1044/2101/1045 1189/2237/1190 1150/2102/1151
f 963/1757/964 1219/2238/1220 962/1756/963
f 1135/2239/1136 1028/1873/1029 858/1874/859
f 1137/2082/1138 1220/2240/1221 1064/1935/1065
f 1194/2186/1195 1128/2063/1129 1066/2030/1067
f 1183/2241/1184 1051/2189/1052 1196/2188/1197
f 1140/2119/1141 1221/2242/1222 1158/2120/1159
f 1184/2166/1185 1196/2188/1197 1014/1847/1015
f 1034/2243/1035 1222/2244/1223 1035/2215/1036
f 1105/2034/1106 1172/2245/1173 1223/2246/1224
f 1224/2247/1225 1225/2248/1226 1209/2216/1210
f 1209/2216/1210 1185/2167/1186 931/2122/932
f 1144/2249/1145 1212/2250/1213 1226/2251/1227
f 1052/2252/1053 1164/2253/1165 1200/2254/1201
f 1053/1918/1054 1227/2255/1228 1080/1971/1081
f 1211/2256/1212 1228/2257/1229 1165/2199/1166
f 1053/2067/1054 1145/2093/1146 1227/2258/1228
f 1165/2259/1166 1228/2260/1229 1146/2261/1147
f 1228/2260/1229 1229/2262/1230 1230/2263/1231
f 1228/2260/1229 1231/2264/1232 1146/2261/1147
f 1230/2263/1231 1231/2264/1232 1228/2260/1229
f 1175/2149/1176 1083/2151/1084 1174/2265/1175
f 1175/2149/1176 1232/2266/1233 1119/2150/1120
f 1186/2267/1187 1131/2268/1132 1188/2269/1189
f 993/1799/994 1178/2270/1179 1187/2171/1188
f 1110/2072/1111 1167/2271/1168 1216/2233/1217
f 1133/2075/1134 1099/2003/1100 1233/2272/1234
f 1151/2104/1152 1234/2273/1235 1024/1865/1025
f 1190/2181/1191 1077/2274/1078 1112/2275/1113
f 999/1810/1000 1235/2276/1236 909/2277/910
f 1064/1935/1065 1220/2240/1221 1155/2109/1156
f 1182/2164/1183 1236/2278/1237 1237/2279/1238
f 1182/2164/1183 1237/2279/1238 1114/2110/1115
f 1114/2280/1115 1208/2213/1209 1078/2212/1079
f 1079/1966/1080 1183/2165/1184 1138/2143/1139
f 881/1941/882 780/2281/781 1238/2282/1239
f 1158/2120/1159 1221/2242/1222 1195/2187/1196
f 1035/2215/1036 1222/2244/1223 1209/2216/1210
f 1116/2038/1117 1105/2034/1106 1223/2246/1224
f 1225/2248/1226 1185/2167/1186 1209/2216/1210
f 1163/2128/1164 1080/1971/1081 1227/2255/1228
f 1164/2283/1165 1165/2199/1166 1200/2198/1201
f 1211/2256/1212 1239/2284/1240 1228/2257/1229
f 1228/2257/1229 1239/2284/1240 1229/2285/1230
f 1148/2286/1149 1240/2287/1241 1147/2096/1148
f 1021/1858/1022 1178/2154/1179 924/1686/925
f 1021/1858/1022 1241/2288/1242 1178/2154/1179
f 1099/2003/1100 1086/1979/1087 1242/2289/1243
f 1058/2134/1059 1241/2288/1242 1021/1858/1022
f 981/1926/982 1243/2290/1244 1202/2202/1203
f 1058/1925/1059 1006/1824/1007 1244/2291/1245
f 1123/2292/1124 1245/2293/1246 1217/2294/1218
f 731/2295/732 1246/2296/1247 792/2297/793
f 869/1665/870 1205/2207/1206 1088/1981/1089
f 909/2298/910 1247/2299/1248 1153/2300/1154
f 1029/1875/1030 1248/2301/1249 968/1764/969
f 1030/1877/1031 1154/2108/1155 1193/2185/1194
f 986/1789/987 1249/2302/1250 1137/2082/1138
f 1237/2279/1238 1236/2278/1237 1250/2303/1251
f 1067/1942/1068 881/1941/882 1251/2304/1252
f 1107/2129/1108 1252/2305/1253 1140/2306/1141
f 1225/2248/1226 1253/2307/1254 1185/2167/1186
f 1107/2129/1108 1163/2128/1164 1252/2305/1253
f 1199/2196/1200 1211/2218/1212 1173/2145/1174
f 1165/2199/1166 1164/2283/1165 1211/2256/1212
f 1146/2261/1147 1254/2308/1255 1213/2309/1214
f 1146/2261/1147 1231/2264/1232 1255/2310/1256
f 1229/2311/1230 1256/2312/1257 1230/2313/1231
f 1230/2313/1231 1257/2314/1258 1231/2315/1232
f 1230/2313/1231 1258/2316/1259 1257/2314/1258
f 1256/2312/1257 1258/2316/1259 1230/2313/1231
f 1175/2149/1176 1174/2265/1175 1259/2317/1260
f 1232/2266/1233 1176/2318/1177 1119/2150/1120
f 1147/2096/1148 1240/2287/1241 1215/2231/1216
f 1096/2000/1097 1176/2152/1177 1260/2319/1261
f 1121/2045/1122 1149/2232/1150 1201/2200/1202
f 1130/2069/1131 1261/2320/1262 1177/2153/1178
f 1109/2321/1110 1262/2322/1263 1167/2271/1168
f 1216/2233/1217 1243/2323/1244 1098/2002/1099
f 915/2235/916 926/1928/927 1180/2159/1181
f 1100/2324/1101 1263/2325/1264 1044/2101/1045
f 1024/1865/1025 1264/2326/1265 731/1350/732
f 1060/1930/1061 1076/1960/1077 1218/2236/1219
f 1076/1960/1077 1169/2137/1170 1265/2327/1266
f 1190/2181/1191 1266/2328/1267 1103/2182/1104
f 1155/2109/1156 1267/2329/1268 1171/2163/1172
f 1000/1812/1001 1171/2142/1172 1207/2210/1208
f 1224/2247/1225 1209/2216/1210 1222/2244/1223
f 1185/2167/1186 1253/2307/1254 1115/2123/1116
f 1142/2168/1143 1210/2217/1211 1081/2330/1082
f 1163/2128/1164 1227/2255/1228 1252/2305/1253
f 1255/2310/1256 1254/2308/1255 1146/2261/1147
f 1118/2146/1119 1268/2331/1269 1174/2147/1175
f 1175/2149/1176 1259/2317/1260 1232/2266/1233
f 1084/1999/1085 1186/2170/1187 1214/2230/1215
f 1085/2071/1086 1187/2171/1188 1269/2332/1270
f 1133/2075/1134 1233/2272/1234 1188/2172/1189
f 1098/2002/1099 1243/2323/1244 981/1862/982
f 1006/1824/1007 1023/1863/1024 1244/2291/1245
f 1218/2333/1219 1245/2293/1246 1123/2292/1124
f 1203/2204/1204 1265/2327/1266 1169/2137/1170
f 1111/2334/1112 1270/2335/1271 1170/2178/1171
f 908/1653/909 967/1763/968 1271/2336/1272
f 968/1764/969 1249/2302/1250 986/1789/987
f 1137/2082/1138 1272/2337/1273 1220/2240/1221
f 1155/2109/1156 1273/2338/1274 1267/2329/1268
f 1171/2163/1172 1267/2329/1268 1207/2339/1208
f 1065/1938/1066 969/1765/970 1274/2340/1275
f 1236/2341/1237 1275/2342/1276 1250/2343/1251
f 1067/1942/1068 1251/2304/1252 1139/2086/1140
f 1276/2344/1277 1184/2166/1185 1195/2187/1196
f 1238/2345/1239 780/2346/781 887/2347/888
f 1195/2348/1196 1221/2349/1222 1276/2350/1277
f 1277/2351/1278 1222/2244/1223 1034/2243/1035
f 1140/2352/1141 1252/2353/1253 1221/2354/1222
f 1223/2246/1224 1159/2124/1160 1116/2038/1117
f 1226/2355/1227 1092/1992/1093 1144/2092/1145
f 1278/2356/1279 1199/2357/1200 1279/2358/1280
f 1199/2359/1200 1278/2360/1279 1211/2256/1212
f 1108/2020/1109 1279/2361/1280 1199/2196/1200
f 1278/2360/1279 1239/2284/1240 1211/2256/1212
f 1231/2264/1232 1280/2362/1281 1255/2310/1256
f 1256/2312/1257 1281/2363/1282 1258/2316/1259
f 1282/2364/1283 1283/2365/1284 1259/2317/1260
f 1148/2366/1149 1284/2367/1285 1240/2368/1241
f 1120/2044/1121 1285/2369/1286 1166/2132/1167
f 1286/2370/1287 1186/2267/1187 1188/2269/1189
f 1097/2001/1098 1122/2048/1123 935/1710/936
f 1085/2071/1086 1269/2332/1270 1109/2371/1110
f 1269/2372/1270 1187/2373/1188 1287/2374/1288
f 1263/2325/1264 1100/2324/1101 1168/2158/1169
f 1234/2375/1235 1151/2376/1152 1189/2377/1190
f 1111/2334/1112 1103/2378/1104 1270/2335/1271
f 1270/2335/1271 1103/2378/1104 1266/2379/1267
f 1190/2181/1191 1112/2275/1113 1204/2380/1205
f 1219/2381/1220 1204/2380/1205 962/2382/963
f 1152/2106/1153 908/2105/909 1271/2383/1272
f 1288/2384/1289 1220/2240/1221 1272/2337/1273
f 1207/2210/1208 1182/2164/1183 1127/2059/1128
f 1182/2164/1183 1289/2385/1290 1236/2278/1237
f 1290/2386/1291 1237/2279/1238 1250/2303/1251
f 1291/2387/1292 1128/2063/1129 1194/2186/1195
f 1277/2351/1278 1034/2243/1035 1139/2388/1140
f 1292/2389/1293 1253/2307/1254 1225/2248/1226
f 1280/2390/1281 1231/2315/1232 1257/2314/1258
f 1174/2265/1175 1282/2364/1283 1259/2317/1260
f 1257/2314/1258 1258/2316/1259 1293/2391/1294
f 1268/2331/1269 1118/2146/1119 1214/2392/1215
f 1283/2365/1284 1232/2266/1233 1259/2317/1260
f 1214/2230/1215 1186/2170/1187 1294/2393/1295
f 1295/2394/1296 1294/2393/1295 1186/2170/1187
f 1284/2367/1285 1148/2366/1149 1177/2395/1178
f 1120/2044/1121 1215/2231/1216 1285/2369/1286
f 1285/2369/1286 1215/2231/1216 1296/2396/1297
f 1201/2200/1202 1261/2320/1262 1130/2069/1131
f 1044/2101/1045 1263/2325/1264 1189/2237/1190
f 1203/2204/1204 1170/2178/1171 1297/2397/1298
f 997/2057/998 1134/2398/1135 1191/2183/1192
f 1298/2399/1299 1028/1873/1029 1135/2239/1136
f 1193/2185/1194 1248/2301/1249 1029/1875/1030
f 1248/2301/1249 1249/2302/1250 968/1764/969
f 1220/2240/1221 1273/2338/1274 1155/2109/1156
f 1237/2279/1238 1299/2400/1300 1114/2110/1115
f 1300/2401/1301 1138/2084/1139 1301/2402/1302
f 1138/2403/1139 1183/2241/1184 1301/2404/1302
f 1302/2405/1303 1225/2248/1226 1224/2247/1225
f 1225/2248/1226 1303/2406/1304 1292/2389/1293
f 1129/2407/1130 872/1947/873 1020/1855/1021
f 1304/2408/1305 1092/2409/1093 1226/2251/1227
f 1278/2360/1279 1279/2410/1280 1239/2284/1240
f 1305/2411/1306 1229/2412/1230 1279/2413/1280
f 1279/2410/1280 1229/2285/1230 1239/2284/1240
f 1227/2258/1228 1145/2093/1146 1213/2228/1214
f 1229/2311/1230 1306/2414/1307 1256/2312/1257
f 1307/2415/1308 1308/2416/1309 1309/2417/1310
f 1280/2390/1281 1257/2314/1258 1310/2418/1311
f 1281/2363/1282 1293/2391/1294 1258/2316/1259
f 1311/2419/1312 1312/2420/1313 1281/2421/1282
f 1240/2368/1241 1284/2367/1285 1313/2422/1314
f 1187/2373/1188 1178/2423/1179 1287/2374/1288
f 1242/2289/1243 1086/1979/1087 1217/2234/1218
f 1058/2134/1059 1244/2424/1245 1241/2288/1242
f 915/2235/916 1180/2159/1181 1124/2051/1125
f 1265/2327/1266 1314/2425/1315 1076/1960/1077
f 1265/2327/1266 1203/2204/1204 1297/2397/1298
f 963/1804/964 870/1580/871 1315/2426/1316
f 1316/2427/1317 1275/2342/1276 1236/2341/1237
f 1156/2111/1157 1317/2428/1318 969/2112/970
f 1250/2429/1251 1275/2430/1276 1290/2431/1291
f 1301/2402/1302 1318/2432/1319 1300/2401/1301
f 1275/2433/1276 1319/2434/1320 1276/2435/1277
f 1319/2434/1320 1184/2436/1185 1276/2435/1277
f 1319/2437/1320 1196/2188/1197 1184/2166/1185
f 881/1941/882 1238/2282/1239 1251/2304/1252
f 1208/2214/1209 1320/2438/1321 1172/2144/1173
f 1221/2439/1222 1321/2440/1322 1276/2441/1277
f 1129/2442/1130 1020/1991/1021 1322/2443/1323
f 1020/1991/1021 1091/1990/1092 1322/2443/1323
f 1323/2444/1324 1304/2408/1305 1226/2251/1227
f 1212/2250/1213 1323/2444/1324 1226/2251/1227
f 1308/2445/1309 1324/2446/1325 1309/2447/1310
f 1325/2448/1326 1326/2449/1327 1282/2364/1283
f 1306/2414/1307 1327/2450/1328 1256/2312/1257
f 1282/2364/1283 1174/2265/1175 1325/2448/1326
f 1324/2451/1325 1283/2365/1284 1282/2364/1283
f 1257/2314/1258 1293/2391/1294 1310/2418/1311
f 1256/2452/1257 1328/2453/1329 1281/2421/1282
f 1328/2453/1329 1311/2419/1312 1281/2421/1282
f 1281/2363/1282 1329/2454/1330 1293/2391/1294
f 1281/2421/1282 1312/2420/1313 1329/2455/1330
f 1294/2456/1295 1295/2457/1296 1311/2419/1312
f 1311/2419/1312 1295/2457/1296 1312/2420/1313
f 1170/2178/1171 1330/2458/1331 1297/2397/1298
f 1113/2028/1114 1152/2459/1153 1134/2076/1135
f 768/1809/769 1206/2209/1207 999/1810/1000
f 1181/2460/1182 1331/2461/1332 1154/2462/1155
f 1288/2384/1289 1273/2338/1274 1220/2240/1221
f 1065/1938/1066 1274/2340/1275 1332/2463/1333
f 1333/2464/1334 1289/2385/1290 1182/2164/1183
f 1316/2465/1317 1319/2434/1320 1275/2433/1276
f 1300/2401/1301 1194/2186/1195 1089/2032/1090
f 1275/2433/1276 1276/2435/1277 1334/2466/1335
f 1183/2241/1184 1196/2188/1197 1319/2437/1320
f 1223/2467/1224 1172/2144/1173 1335/2468/1336
f 1302/2405/1303 1303/2406/1304 1225/2248/1226
f 1227/2469/1228 1336/2470/1337 1337/2471/1338
f 1227/2258/1228 1213/2228/1214 1336/2472/1337
f 1229/2311/1230 1305/2473/1306 1306/2414/1307
f 1254/2474/1255 1338/2475/1339 1339/2476/1340
f 1255/2310/1256 1338/2477/1339 1254/2308/1255
f 1309/2417/1310 1340/2478/1341 1307/2415/1308
f 1309/2417/1310 1341/2479/1342 1340/2478/1341
f 1324/2451/1325 1282/2364/1283 1326/2449/1327
f 1283/2365/1284 1324/2451/1325 1342/2480/1343
f 1328/2453/1329 1294/2456/1295 1311/2419/1312
f 1176/2318/1177 1343/2481/1344 1260/2482/1261
f 1149/2099/1150 1166/2132/1167 1344/2483/1345
f 1149/2484/1150 1344/2485/1345 1345/2486/1346
f 1269/2487/1270 1262/2322/1263 1109/2321/1110
f 1262/2322/1263 1216/2233/1217 1167/2271/1168
f 1202/2202/1203 1180/2159/1181 1059/1927/1060
f 1023/2488/1024 1124/2489/1125 1346/2490/1347
f 1265/2327/1266 1297/2397/1298 1314/2425/1315
f 1270/2335/1271 1330/2458/1331 1170/2178/1171
f 1219/2381/1220 963/2491/964 1315/2492/1316
f 967/1763/968 871/1581/872 1347/2493/1348
f 1104/2010/1105 1348/2494/1349 953/1738/954
f 1136/2080/1137 1349/2495/1350 664/2160/665
f 909/2277/910 1235/2276/1236 1247/2496/1248
f 1272/2337/1273 1350/2497/1351 1288/2384/1289
f 1273/2338/1274 1351/2498/1352 1267/2329/1268
f 1182/2164/1183 1207/2210/1208 1333/2464/1334
f 1236/2341/1237 1289/2499/1290 1316/2427/1317
f 1316/2427/1317 1289/2499/1290 1352/2500/1353
f 1316/2501/1317 1318/2502/1319 1301/2503/1302
f 1138/2084/1139 1300/2401/1301 1089/2032/1090
f 1316/2465/1317 1301/2504/1302 1319/2434/1320
f 1319/2437/1320 1301/2404/1302 1183/2241/1184
f 1334/2466/1335 1276/2435/1277 1353/2505/1354
f 1222/2244/1223 1354/2506/1355 1224/2247/1225
f 1223/2246/1224 1355/2507/1356 1159/2124/1160
f 1159/2124/1160 1356/2508/1357 1070/1948/1071
f 1357/2509/1358 1305/2411/1306 1279/2413/1280
f 1324/2446/1325 1326/2510/1327 1309/2447/1310
f 1327/2511/1328 1328/2453/1329 1256/2452/1257
f 1283/2365/1284 1176/2318/1177 1232/2266/1233
f 1186/2267/1187 1286/2370/1287 1295/2512/1296
f 1284/2367/1285 1358/2513/1359 1313/2422/1314
f 1240/2287/1241 1296/2396/1297 1215/2231/1216
f 1233/2272/1234 1099/2003/1100 1359/2514/1360
f 1360/2515/1361 1361/2516/1362 1362/2517/1363
f 1180/2159/1181 1363/2518/1364 1124/2051/1125
f 1076/1960/1077 1314/2425/1315 1218/2236/1219
f 811/2519/812 1364/2520/1365 1062/2521/1063
f 869/2179/870 1062/1932/1063 1205/2522/1206
f 871/1581/872 1153/2107/1154 1365/2523/1366
f 1065/1938/1066 1332/2463/1333 1011/1937/1012
f 969/2112/970 1317/2428/1318 1274/2524/1275
f 1277/2351/1278 1354/2506/1355 1222/2244/1223
f 1223/2467/1224 1335/2468/1336 1355/2525/1356
f 1115/2123/1116 1253/2307/1254 1210/2217/1211
f 1210/2217/1211 1366/2526/1367 1081/2330/1082
f 1252/2305/1253 1227/2255/1228 1337/2527/1338
f 1081/2330/1082 1366/2526/1367 1093/2528/1094
f 1336/2470/1337 1367/2529/1368 1337/2471/1338
f 1368/2530/1369 1336/2472/1337 1213/2228/1214
f 1307/2531/1308 1340/2532/1341 1369/2533/1370
f 1309/2417/1310 1326/2534/1327 1341/2479/1342
f 1283/2365/1284 1342/2480/1343 1176/2318/1177
f 1312/2420/1313 1295/2457/1296 1370/2535/1371
f 1240/2368/1241 1371/2536/1372 1296/2537/1297
f 1284/2367/1285 1177/2395/1178 1372/2538/1373
f 1201/2539/1202 1149/2484/1150 1373/2540/1374
f 1099/2003/1100 1242/2289/1243 1359/2514/1360
f 1216/2233/1217 1374/2541/1375 1243/2323/1244
f 980/1780/981 1375/2542/1376 1179/2543/1180
f 1241/2544/1242 1244/2545/1245 1376/2546/1377
f 1023/2488/1024 1346/2490/1347 1244/2545/1245
f 1124/2051/1125 1363/2518/1364 1346/2547/1347
f 1126/2058/1127 1377/2548/1378 870/2140/871
f 953/2079/954 1348/2549/1349 1136/2080/1137
f 1249/2302/1250 1378/2550/1379 1137/2082/1138
f 1207/2210/1208 1267/2551/1268 1333/2464/1334
f 1114/2110/1115 1299/2400/1300 1208/2552/1209
f 1300/2401/1301 1379/2553/1380 1194/2186/1195
f 1292/2389/1293 1380/2554/1381 1253/2307/1254
f 1070/1948/1071 1356/2508/1357 1108/2020/1109
f 1367/2529/1368 1381/2555/1382 1337/2471/1338
f 1339/2476/1340 1368/2530/1369 1254/2474/1255
f 1254/2474/1255 1368/2530/1369 1213/2228/1214
f 1307/2415/1308 1382/2556/1383 1308/2416/1309
f 1308/2445/1309 1383/2557/1384 1324/2446/1325
f 1293/2391/1294 1329/2454/1330 1310/2418/1311
f 1384/2558/1385 1240/2368/1241 1313/2422/1314
f 1371/2559/1372 1285/2369/1286 1296/2396/1297
f 1285/2369/1286 1385/2560/1386 1166/2132/1167
f 1097/2001/1098 1096/2100/1097 1386/2561/1387
f 1386/2561/1387 1122/2048/1123 1097/2001/1098
f 1122/2048/1123 1387/2562/1388 980/1780/981
f 1241/2544/1242 1376/2546/1377 1178/2423/1179
f 1374/2563/1375 1202/2202/1203 1243/2290/1244
f 1245/2564/1246 1388/2565/1389 1217/2566/1218
f 1362/2517/1363 1389/2567/1390 1360/2515/1361
f 1263/2325/1264 1390/2568/1391 1189/2237/1190
f 1330/2458/1331 1270/2335/1271 1266/2379/1267
f 1266/2328/1267 1190/2181/1191 1391/2569/1392
f 1273/2338/1274 1288/2384/1289 1351/2498/1352
f 1289/2385/1290 1333/2464/1334 1352/2570/1353
f 1352/2571/1353 1318/2502/1319 1316/2501/1317
f 1290/2431/1291 1275/2430/1276 1334/2572/1335
f 1139/2388/1140 1392/2573/1393 1277/2351/1278
f 1172/2144/1173 1320/2438/1321 1393/2574/1394
f 1276/2435/1277 1321/2575/1322 1353/2505/1354
f 1221/2439/1222 1252/2576/1253 1321/2440/1322
f 1302/2405/1303 1394/2577/1395 1303/2406/1304
f 1303/2406/1304 1395/2578/1396 1292/2389/1293
f 1323/2579/1324 1396/2580/1397 1304/2581/1305
f 1323/2579/1324 1212/2582/1213 1396/2580/1397
f 1253/2307/1254 1366/2526/1367 1210/2217/1211
f 1092/2583/1093 1397/2584/1398 1198/2585/1199
f 1280/2362/1281 1338/2477/1339 1255/2310/1256
f 1369/2533/1370 1382/2586/1383 1307/2531/1308
f 1306/2414/1307 1398/2587/1399 1327/2450/1328
f 1399/2588/1400 1326/2589/1327 1325/2590/1326
f 1324/2451/1325 1383/2591/1384 1342/2480/1343
f 1294/2592/1295 1328/2593/1329 1214/2594/1215
f 1176/2318/1177 1342/2480/1343 1343/2481/1344
f 1240/2368/1241 1384/2558/1385 1371/2536/1372
f 1370/2535/1371 1400/2595/1401 1312/2420/1313
f 1286/2370/1287 1401/2596/1402 1295/2512/1296
f 1373/2540/1374 1149/2484/1150 1345/2486/1346
f 1201/2539/1202 1373/2540/1374 1402/2597/1403
f 1202/2202/1203 1363/2518/1364 1180/2159/1181
f 792/2297/793 1246/2296/1247 811/2519/812
f 1350/2598/1351 1403/2599/1404 1288/2600/1289
f 1288/2601/1289 1403/2602/1404 1351/2603/1352
f 1351/2603/1352 1404/2604/1405 1267/2605/1268
f 1267/2605/1268 1404/2604/1405 1333/2606/1334
f 1128/2063/1129 1291/2387/1292 1156/2111/1157
f 1224/2247/1225 1354/2506/1355 1302/2405/1303
f 1405/2607/1406 1304/2581/1305 1396/2580/1397
f 1395/2578/1396 1406/2608/1407 1292/2389/1293
f 1304/2581/1305 1405/2607/1406 1092/2609/1093
f 1292/2389/1293 1406/2608/1407 1380/2554/1381
f 1253/2307/1254 1380/2554/1381 1366/2526/1367
f 1305/2473/1306 1398/2587/1399 1306/2414/1307
f 1280/2362/1281 1407/2610/1408 1338/2477/1339
f 1312/2420/1313 1400/2595/1401 1329/2455/1330
f 1295/2457/1296 1401/2611/1402 1370/2535/1371
f 1408/2612/1409 1385/2560/1386 1285/2369/1286
f 1201/2539/1202 1402/2597/1403 1261/2613/1262
f 1216/2233/1217 1262/2322/1263 1374/2541/1375
f 980/1780/981 1409/2614/1410 1375/2542/1376
f 1410/2615/1411 1375/2616/1376 1409/2617/1410
f 1178/2423/1179 1376/2546/1377 1287/2374/1288
f 1360/2515/1361 1411/2618/1412 1361/2516/1362
f 1179/2157/1180 1412/2619/1413 1168/2158/1169
f 1362/2517/1363 1413/2620/1414 1389/2567/1390
f 1360/2515/1361 1389/2567/1390 1414/2621/1415
f 1263/2325/1264 1168/2158/1169 1390/2568/1391
f 1349/2495/1350 1206/2209/1207 664/2160/665
f 1299/2622/1300 1237/2623/1238 1290/2431/1291
f 1415/2624/1416 1320/2625/1321 1208/2626/1209
f 1379/2553/1380 1291/2387/1292 1194/2186/1195
f 1341/2627/1342 1399/2628/1400 1416/2629/1417
f 1341/2627/1342 1326/2630/1327 1399/2628/1400
f 1280/2390/1281 1310/2418/1311 1417/2631/1418
f 1325/2590/1326 1418/2632/1419 1399/2588/1400
f 1325/2448/1326 1174/2265/1175 1418/2633/1419
f 1308/2445/1309 1419/2634/1420 1383/2557/1384
f 1383/2591/1384 1420/2635/1421 1342/2480/1343
f 1261/2636/1262 1421/2637/1422 1177/2638/1178
f 1422/2639/1423 1423/2640/1424 1424/2641/1425
f 1425/2642/1426 1426/2643/1427 1424/2644/1425
f 1425/2645/1426 1424/2641/1425 1423/2640/1424
f 1188/2172/1189 1233/2272/1234 1427/2646/1428
f 1269/2372/1270 1374/2647/1375 1262/2648/1263
f 1411/2618/1412 1428/2649/1429 1361/2516/1362
f 1360/2650/1361 1429/2651/1430 1411/2652/1412
f 1430/2653/1431 1431/2654/1432 1413/2620/1414
f 1432/2655/1433 1314/2425/1315 1297/2397/1298
f 1330/2458/1331 1266/2379/1267 1433/2656/1434
f 1274/2657/1275 1434/2658/1435 1332/2659/1333
f 1238/2660/1239 887/2661/888 1197/2662/1198
f 1335/2468/1336 1172/2144/1173 1393/2574/1394
f 1197/2663/1198 1129/2664/1130 1435/2665/1436
f 1436/2666/1437 1355/2667/1356 1335/2668/1336
f 1355/2507/1356 1356/2508/1357 1159/2124/1160
f 1437/2669/1438 1337/2471/1338 1381/2555/1382
f 1357/2670/1358 1279/2671/1280 1108/2672/1109
f 1438/2673/1439 1336/2470/1337 1368/2674/1369
f 1339/2675/1340 1338/2477/1339 1439/2676/1440
f 1407/2677/1408 1280/2390/1281 1417/2631/1418
f 1408/2612/1409 1285/2369/1286 1371/2559/1372
f 1440/2678/1441 1372/2538/1373 1177/2395/1178
f 1422/2679/1423 1424/2644/1425 1441/2680/1442
f 1424/2644/1425 1426/2643/1427 1441/2680/1442
f 1402/2681/1403 1421/2682/1422 1261/2683/1262
f 1425/2645/1426 1442/2684/1443 1426/2685/1427
f 1443/2686/1444 1426/2643/1427 1442/2687/1443
f 1444/2688/1445 1188/2269/1189 1427/2689/1428
f 1445/2690/1446 1387/2562/1388 1122/2048/1123
f 1374/2563/1375 1446/2691/1447 1202/2202/1203
f 1447/2692/1448 1362/2517/1363 1361/2516/1362
f 1448/2693/1449 1429/2651/1430 1360/2650/1361
f 1389/2567/1390 1413/2620/1414 1414/2621/1415
f 731/2295/732 1264/2694/1265 1449/2695/1450
f 1266/2328/1267 1391/2569/1392 1433/2696/1434
f 1062/2697/1063 1450/2698/1451 1205/2699/1206
f 1277/2351/1278 1451/2700/1452 1354/2506/1355
f 1354/2506/1355 1451/2700/1452 1302/2405/1303
f 1394/2577/1395 1395/2578/1396 1303/2406/1304
f 1337/2527/1338 1437/2701/1438 1252/2305/1253
f 1322/2702/1323 1198/2703/1199 1452/2704/1453
f 1322/2702/1323 1091/2705/1092 1198/2703/1199
f 1366/2706/1367 1453/2707/1454 1093/2708/1094
f 1438/2673/1439 1367/2529/1368 1336/2470/1337
f 1340/2709/1341 1341/2710/1342 1454/2711/1455
f 1338/2477/1339 1407/2610/1408 1439/2676/1440
f 1416/2629/1417 1399/2628/1400 1455/2712/1456
f 1382/2586/1383 1419/2713/1420 1308/2714/1309
f 1329/2455/1330 1400/2595/1401 1456/2715/1457
f 1456/2715/1457 1400/2595/1401 1457/2716/1458
f 1386/2717/1387 1096/2000/1097 1260/2319/1261
f 1458/2718/1459 1422/2679/1423 1441/2680/1442
f 1426/2643/1427 1443/2686/1444 1459/2719/1460
f 1459/2719/1460 1443/2686/1444 1460/2720/1461
f 1287/2374/1288 1461/2721/1462 1269/2372/1270
f 1462/2722/1463 1410/2615/1411 1409/2617/1410
f 1463/2723/1464 1464/2724/1465 1410/2615/1411
f 1446/2691/1447 1363/2518/1364 1202/2202/1203
f 1346/2490/1347 1363/2725/1364 1446/2726/1447
f 1448/2727/1449 1360/2515/1361 1414/2621/1415
f 1465/2728/1466 1413/2620/1414 1362/2517/1363
f 1413/2620/1414 1431/2654/1432 1414/2621/1415
f 1391/2569/1392 1190/2181/1191 1204/2380/1205
f 1205/2729/1206 1135/2078/1136 965/1759/966
f 1466/2730/1467 1348/2494/1349 1104/2010/1105
f 1348/2549/1349 1349/2495/1350 1136/2080/1137
f 1181/2731/1182 1011/2732/1012 1467/2733/1468
f 1468/2734/1469 1352/2571/1353 1333/2606/1334
f 1469/2735/1470 1320/2625/1321 1470/2736/1471
f 1471/2737/1472 1451/2738/1452 1277/2739/1278
f 1472/2740/1473 1356/2741/1357 1355/2742/1356
f 1396/2580/1397 1212/2582/1213 1473/2743/1474
f 1453/2707/1454 1366/2706/1367 1380/2744/1381
f 1473/2743/1474 1212/2582/1213 1093/2708/1094
f 1356/2741/1357 1474/2745/1475 1108/2672/1109
f 1475/2746/1476 1397/2584/1398 1092/2583/1093
f 1474/2745/1475 1357/2670/1358 1108/2672/1109
f 1476/2747/1477 1305/2411/1306 1357/2509/1358
f 1477/2748/1478 1368/2530/1369 1339/2476/1340
f 1478/2749/1479 1419/2713/1420 1382/2586/1383
f 1417/2631/1418 1310/2418/1311 1479/2750/1480
f 1480/2751/1481 1214/2752/1215 1328/2753/1329
f 1479/2750/1480 1310/2418/1311 1329/2454/1330
f 1286/2370/1287 1188/2269/1189 1481/2754/1482
f 1441/2680/1442 1426/2643/1427 1459/2719/1460
f 1440/2755/1441 1177/2756/1178 1421/2682/1422
f 1385/2560/1386 1344/2483/1345 1166/2132/1167
f 1445/2690/1446 1122/2048/1123 1386/2561/1387
f 1373/2757/1374 1345/2758/1346 1482/2759/1483
f 1482/2759/1483 1402/2760/1403 1373/2757/1374
f 1483/2761/1484 1425/2645/1426 1423/2640/1424
f 1484/2762/1485 1443/2686/1444 1442/2687/1443
f 1387/2562/1388 1409/2614/1410 980/1780/981
f 1269/2372/1270 1461/2721/1462 1374/2647/1375
f 1376/2546/1377 1461/2721/1462 1287/2374/1288
f 1485/2763/1486 1361/2764/1362 1428/2765/1429
f 1410/2615/1411 1464/2724/1465 1375/2616/1376
f 1242/2289/1243 1217/2234/1218 1486/2766/1487
f 1375/2616/1376 1464/2724/1465 1179/2767/1180
f 1464/2724/1465 1412/2768/1413 1179/2767/1180
f 1244/2545/1245 1346/2490/1347 1376/2546/1377
f 1189/2237/1190 1390/2568/1391 1487/2769/1488
f 1024/2770/1025 1234/2771/1235 1488/2772/1489
f 1218/2236/1219 1314/2425/1315 1432/2655/1433
f 1297/2397/1298 1330/2458/1331 1489/2773/1490
f 1315/2492/1316 870/2774/871 1490/2775/1491
f 1491/2776/1492 1135/2777/1136 1205/2778/1206
f 1193/2779/1194 1154/2462/1155 1331/2461/1332
f 1403/2602/1404 1404/2604/1405 1351/2603/1352
f 1274/2524/1275 1317/2428/1318 1434/2780/1435
f 1468/2734/1469 1318/2502/1319 1352/2571/1353
f 1139/2781/1140 1492/2782/1493 1392/2783/1393
f 1139/2784/1140 1251/2785/1252 1492/2786/1493
f 1353/2505/1354 1321/2575/1322 1493/2787/1494
f 1321/2788/1322 1252/2305/1253 1437/2701/1438
f 1436/2789/1437 1472/2740/1473 1355/2742/1356
f 1396/2580/1397 1494/2790/1495 1405/2607/1406
f 1453/2707/1454 1473/2743/1474 1093/2708/1094
f 1476/2747/1477 1495/2791/1496 1305/2411/1306
f 1477/2792/1478 1438/2673/1439 1368/2674/1369
f 1174/2147/1175 1268/2331/1269 1418/2793/1419
f 1496/2794/1497 1420/2795/1421 1383/2557/1384
f 1420/2635/1421 1497/2796/1498 1342/2480/1343
f 1342/2480/1343 1497/2796/1498 1343/2481/1344
f 1400/2595/1401 1498/2797/1499 1457/2716/1458
f 1400/2595/1401 1370/2535/1371 1498/2797/1499
f 1498/2797/1499 1370/2535/1371 1401/2611/1402
f 1401/2596/1402 1286/2370/1287 1481/2754/1482
f 1440/2755/1441 1499/2798/1500 1372/2799/1373
f 1422/2639/1423 1500/2800/1501 1423/2640/1424
f 1443/2686/1444 1484/2762/1485 1460/2720/1461
f 1483/2761/1484 1442/2684/1443 1425/2645/1426
f 1442/2684/1443 1483/2761/1484 1501/2801/1502
f 1442/2684/1443 1501/2801/1502 1484/2802/1485
f 1168/2158/1169 1412/2619/1413 1502/2803/1503
f 1168/2158/1169 1502/2803/1503 1390/2568/1391
f 1430/2804/1431 1413/2805/1414 1503/2806/1504
f 1414/2621/1415 1431/2654/1432 1504/2807/1505
f 731/2295/732 1449/2695/1450 1246/2296/1247
f 1432/2808/1433 1505/2809/1506 1218/2333/1219
f 1432/2808/1433 1506/2810/1507 1505/2809/1506
f 1248/2811/1249 1507/2812/1508 1249/2813/1250
f 1193/2779/1194 1508/2814/1509 1248/2811/1249
f 1137/2082/1138 1378/2550/1379 1509/2815/1510
f 1404/2604/1405 1468/2734/1469 1333/2606/1334
f 1403/2816/1404 1510/2817/1511 1404/2818/1405
f 1415/2624/1416 1208/2626/1209 1299/2819/1300
f 1290/2431/1291 1511/2820/1512 1299/2622/1300
f 1156/2111/1157 1512/2821/1513 1317/2428/1318
f 1290/2431/1291 1334/2572/1335 1511/2820/1512
f 1320/2625/1321 1415/2624/1416 1470/2736/1471
f 1300/2401/1301 1513/2822/1514 1379/2553/1380
f 1320/2438/1321 1469/2823/1470 1393/2574/1394
f 1471/2737/1472 1514/2824/1515 1451/2738/1452
f 1302/2405/1303 1451/2700/1452 1394/2577/1395
f 1394/2577/1395 1406/2608/1407 1395/2578/1396
f 1396/2580/1397 1473/2743/1474 1494/2790/1495
f 1405/2607/1406 1494/2790/1495 1475/2825/1476
f 1405/2607/1406 1475/2825/1476 1092/2609/1093
f 1406/2826/1407 1515/2827/1516 1380/2828/1381
f 1473/2743/1474 1369/2829/1370 1340/2830/1341
f 1305/2473/1306 1495/2831/1496 1398/2587/1399
f 1417/2631/1418 1516/2832/1517 1407/2677/1408
f 1398/2587/1399 1517/2833/1518 1327/2450/1328
f 1327/2834/1328 1517/2835/1518 1328/2753/1329
f 1518/2836/1519 1480/2751/1481 1328/2753/1329
f 1456/2715/1457 1479/2837/1480 1329/2455/1330
f 1401/2611/1402 1519/2838/1520 1498/2797/1499
f 1284/2367/1285 1372/2538/1373 1358/2513/1359
f 1459/2839/1460 1460/2840/1461 1520/2841/1521
f 1345/2758/1346 1521/2842/1522 1482/2759/1483
f 1463/2843/1464 1410/2844/1411 1522/2845/1523
f 1485/2763/1486 1523/2846/1524 1361/2764/1362
f 1463/2723/1464 1524/2847/1525 1464/2724/1465
f 1217/2566/1218 1388/2565/1389 1486/2848/1487
f 1447/2692/1448 1465/2728/1466 1362/2517/1363
f 1414/2849/1415 1504/2850/1505 1448/2851/1449
f 1390/2568/1391 1502/2803/1503 1525/2852/1526
f 1246/2296/1247 1364/2520/1365 811/2519/812
f 1204/2380/1205 1526/2853/1527 1391/2569/1392
f 1318/2502/1319 1468/2734/1469 1513/2854/1514
f 1318/2432/1319 1513/2822/1514 1300/2401/1301
f 1334/2572/1335 1353/2855/1354 1527/2856/1528
f 1394/2857/1395 1451/2738/1452 1514/2824/1515
f 1514/2858/1515 1406/2608/1407 1394/2577/1395
f 1357/2670/1358 1474/2745/1475 1528/2859/1529
f 1381/2555/1382 1367/2529/1368 1529/2860/1530
f 1438/2673/1439 1477/2792/1478 1530/2861/1531
f 1477/2748/1478 1339/2476/1340 1531/2862/1532
f 1341/2627/1342 1416/2629/1417 1454/2863/1455
f 1339/2864/1340 1439/2865/1440 1531/2866/1532
f 1517/2835/1518 1518/2836/1519 1328/2753/1329
f 1419/2634/1420 1496/2794/1497 1383/2557/1384
f 1343/2867/1344 1497/2868/1498 1260/2869/1261
f 1260/2869/1261 1497/2868/1498 1532/2870/1533
f 1260/2869/1261 1532/2870/1533 1386/2871/1387
f 1441/2872/1442 1533/2873/1534 1458/2874/1459
f 1440/2755/1441 1421/2682/1422 1499/2798/1500
f 1402/2681/1403 1482/2875/1483 1534/2876/1535
f 1233/2272/1234 1359/2514/1360 1427/2646/1428
f 1409/2877/1410 1387/2878/1388 1462/2879/1463
f 1535/2880/1536 1536/2881/1537 1463/2843/1464
f 1428/2882/1429 1411/2883/1412 1537/2884/1538
f 1537/2884/1538 1411/2883/1412 1538/2885/1539
f 1461/2721/1462 1446/2726/1447 1374/2647/1375
f 1461/2721/1462 1376/2546/1377 1446/2726/1447
f 1376/2546/1377 1346/2490/1347 1446/2726/1447
f 1447/2692/1448 1539/2886/1540 1465/2728/1466
f 1218/2333/1219 1540/2887/1541 1245/2293/1246
f 1189/2237/1190 1487/2769/1488 1234/2888/1235
f 1297/2397/1298 1489/2773/1490 1432/2655/1433
f 1330/2458/1331 1433/2656/1434 1489/2773/1490
f 967/1763/968 1347/2493/1348 1271/2336/1272
f 1104/2010/1105 1192/2184/1193 1466/2730/1467
f 1541/2889/1542 999/1810/1000 1206/2209/1207
f 1332/2659/1333 1467/2733/1468 1011/2732/1012
f 1509/2815/1510 1272/2337/1273 1137/2082/1138
f 1542/2890/1543 1403/2599/1404 1350/2598/1351
f 1404/2604/1405 1510/2891/1511 1468/2734/1469
f 1403/2892/1404 1299/2622/1300 1510/2893/1511
f 1493/2894/1494 1321/2895/1322 1543/2896/1544
f 1321/2788/1322 1437/2701/1438 1543/2897/1544
f 1129/2898/1130 1322/2899/1323 1435/2900/1436
f 1436/2789/1437 1544/2901/1545 1472/2740/1473
f 1472/2740/1473 1544/2901/1545 1356/2741/1357
f 1357/2509/1358 1528/2902/1529 1476/2747/1477
f 1545/2903/1546 1477/2792/1478 1531/2904/1532
f 1407/2677/1408 1516/2832/1517 1439/2905/1440
f 1398/2587/1399 1495/2831/1496 1517/2833/1518
f 1518/2836/1519 1517/2835/1518 1546/2906/1547
f 1417/2631/1418 1479/2750/1480 1516/2832/1517
f 1547/2907/1548 1418/2793/1419 1268/2331/1269
f 1401/2596/1402 1481/2754/1482 1519/2908/1520
f 1386/2909/1387 1532/2910/1533 1445/2911/1446
f 1385/2560/1386 1408/2612/1409 1548/2912/1549
f 1520/2841/1521 1460/2840/1461 1549/2913/1550
f 1421/2682/1422 1550/2914/1551 1499/2798/1500
f 1344/2485/1345 1551/2915/1552 1345/2486/1346
f 1421/2682/1422 1534/2876/1535 1550/2914/1551
f 1421/2682/1422 1402/2681/1403 1534/2876/1535
f 1552/2916/1553 1423/2640/1424 1500/2800/1501
f 1410/2844/1411 1462/2917/1463 1522/2845/1523
f 1242/2289/1243 1486/2766/1487 1359/2514/1360
f 1463/2843/1464 1522/2845/1523 1535/2880/1536
f 1411/2883/1412 1429/2918/1430 1538/2885/1539
f 1447/2692/1448 1361/2516/1362 1539/2886/1540
f 1464/2919/1465 1553/2920/1554 1554/2921/1555
f 1464/2724/1465 1554/2922/1555 1412/2768/1413
f 1491/2776/1492 1298/2923/1299 1135/2777/1136
f 1028/1873/1029 1555/2924/1556 952/1734/953
f 1508/2814/1509 1507/2812/1508 1248/2811/1249
f 1350/2925/1351 1272/2926/1273 1542/2927/1543
f 1403/2928/1404 1556/2929/1557 1299/2930/1300
f 1299/2622/1300 1511/2820/1512 1510/2893/1511
f 1510/2891/1511 1557/2931/1558 1468/2734/1469
f 1513/2822/1514 1558/2932/1559 1379/2553/1380
f 1527/2856/1528 1353/2855/1354 1493/2933/1494
f 1494/2790/1495 1473/2743/1474 1559/2934/1560
f 1515/2827/1516 1560/2935/1561 1380/2828/1381
f 1340/2830/1341 1475/2825/1476 1473/2743/1474
f 1454/2711/1455 1475/2746/1476 1340/2709/1341
f 1397/2584/1398 1475/2746/1476 1454/2711/1455
f 1453/2707/1454 1369/2829/1370 1473/2743/1474
f 1381/2555/1382 1529/2860/1530 1561/2936/1562
f 1476/2747/1477 1562/2937/1563 1495/2791/1496
f 1531/2866/1532 1562/2937/1563 1476/2747/1477
f 1438/2673/1439 1563/2938/1564 1367/2529/1368
f 1369/2533/1370 1478/2749/1479 1382/2586/1383
f 1419/2713/1420 1478/2749/1479 1564/2939/1565
f 1564/2939/1565 1496/2940/1497 1419/2713/1420
f 1456/2715/1457 1546/2906/1547 1479/2837/1480
f 1546/2906/1547 1456/2715/1457 1565/2941/1566
f 1420/2942/1421 1566/2943/1567 1497/2868/1498
f 1441/2872/1442 1459/2839/1460 1533/2873/1534
f 1423/2640/1424 1552/2916/1553 1483/2761/1484
f 1484/2802/1485 1501/2801/1502 1567/2944/1568
f 1361/2764/1362 1523/2846/1524 1568/2945/1569
f 1554/2921/1555 1569/2946/1570 1412/2947/1413
f 1245/2564/1246 1540/2948/1541 1388/2565/1389
f 1487/2949/1488 1570/2950/1571 1234/2771/1235
f 1390/2568/1391 1525/2852/1526 1487/2769/1488
f 1465/2728/1466 1503/2951/1504 1413/2620/1414
f 1431/2654/1432 1571/2952/1572 1504/2807/1505
f 1181/2460/1182 1572/2953/1573 1331/2461/1332
f 1511/2954/1512 1556/2929/1557 1510/2955/1511
f 1510/2955/1511 1556/2929/1557 1557/2956/1558
f 1557/2931/1558 1513/2854/1514 1468/2734/1469
f 1511/2820/1512 1334/2572/1335 1527/2856/1528
f 1513/2854/1514 1557/2931/1558 1558/2957/1559
f 1335/2468/1336 1393/2574/1394 1436/2958/1437
f 1514/2959/1515 1573/2960/1574 1406/2961/1407
f 1381/2555/1382 1561/2936/1562 1437/2669/1438
f 1198/2962/1199 1397/2963/1398 1452/2964/1453
f 1477/2792/1478 1545/2903/1546 1530/2861/1531
f 1476/2747/1477 1545/2965/1546 1531/2866/1532
f 1528/2902/1529 1545/2965/1546 1476/2747/1477
f 1531/2866/1532 1439/2865/1440 1562/2937/1563
f 1517/2833/1518 1495/2831/1496 1574/2966/1575
f 1574/2967/1575 1546/2906/1547 1517/2835/1518
f 1479/2750/1480 1546/2968/1547 1575/2969/1576
f 1546/2906/1547 1565/2941/1566 1518/2836/1519
f 1456/2715/1457 1457/2716/1458 1565/2941/1566
f 1358/2970/1359 1372/2799/1373 1576/2971/1577
f 1345/2758/1346 1551/2972/1552 1521/2842/1522
f 1460/2720/1461 1484/2762/1485 1577/2973/1578
f 1445/2974/1446 1578/2975/1579 1387/2976/1388
f 1428/2882/1429 1579/2977/1580 1485/2978/1486
f 1535/2880/1536 1580/2979/1581 1536/2881/1537
f 1412/2947/1413 1569/2946/1570 1502/2980/1503
f 1570/2950/1571 1488/2772/1489 1234/2771/1235
f 1488/2772/1489 1264/2981/1265 1024/2770/1025
f 1246/2296/1247 1581/2982/1582 1364/2520/1365
f 1489/2773/1490 1433/2656/1434 1582/2983/1583
f 1219/2381/1220 1583/2984/1584 1204/2380/1205
f 1219/2381/1220 1315/2492/1316 1583/2984/1584
f 1315/2492/1316 1490/2775/1491 1583/2984/1584
f 1181/2731/1182 1467/2733/1468 1572/2985/1573
f 1434/2658/1435 1317/2986/1318 1584/2987/1585
f 1299/2819/1300 1585/2988/1586 1415/2624/1416
f 1559/2934/1560 1473/2743/1474 1475/2825/1476
f 1437/2701/1438 1561/2989/1562 1586/2990/1587
f 1453/2991/1454 1587/2992/1588 1369/2993/1370
f 1562/2994/1563 1574/2995/1575 1495/2996/1496
f 1439/2905/1440 1516/2832/1517 1562/2994/1563
f 1479/2750/1480 1575/2969/1576 1516/2832/1517
f 1480/2751/1481 1519/2838/1520 1214/2752/1215
f 1457/2716/1458 1498/2797/1499 1565/2941/1566
f 1371/2997/1372 1384/2998/1385 1588/2999/1589
f 1371/2997/1372 1588/2999/1589 1408/3000/1409
f 1188/2269/1189 1444/2688/1445 1481/2754/1482
f 1422/2639/1423 1589/3001/1590 1500/2800/1501
f 1372/2799/1373 1499/2798/1500 1590/3002/1591
f 1499/2798/1500 1550/2914/1551 1590/3002/1591
f 1550/2914/1551 1534/2876/1535 1591/3003/1592
f 1591/3003/1592 1534/2876/1535 1592/3004/1593
f 1428/2882/1429 1537/2884/1538 1579/2977/1580
f 1536/2881/1537 1593/3005/1594 1463/2843/1464
f 1524/3006/1525 1553/2920/1554 1464/2919/1465
f 1429/3007/1430 1448/3008/1449 1594/3009/1595
f 1504/2850/1505 1595/3010/1596 1448/2851/1449
f 1218/2333/1219 1505/2809/1506 1540/2887/1541
f 1596/3011/1597 1597/3012/1598 1598/3013/1599
f 1430/3014/1431 1571/3015/1572 1431/3016/1432
f 1506/2810/1507 1432/2808/1433 1489/3017/1490
f 870/2774/871 1377/3018/1378 1490/2775/1491
f 1152/2106/1153 1271/2383/1272 1599/3019/1600
f 1467/2733/1468 1332/2659/1333 1434/2658/1435
f 1542/3020/1543 1556/2929/1557 1403/2928/1404
f 1291/2387/1292 1512/2821/1513 1156/2111/1157
f 1291/2387/1292 1600/3021/1601 1512/2821/1513
f 1558/2932/1559 1600/3021/1601 1379/2553/1380
f 1379/2553/1380 1600/3021/1601 1291/2387/1292
f 1393/2574/1394 1469/2823/1470 1601/3022/1602
f 1437/2701/1438 1586/2990/1587 1543/2897/1544
f 1494/2790/1495 1559/2934/1560 1475/2825/1476
f 1560/2935/1561 1453/2991/1454 1380/2828/1381
f 1397/2963/1398 1454/3023/1455 1452/2964/1453
f 1356/2741/1357 1544/2901/1545 1474/2745/1475
f 1545/2903/1546 1602/3024/1603 1530/2861/1531
f 1474/2745/1475 1603/3025/1604 1528/2859/1529
f 1367/2529/1368 1563/2938/1564 1529/2860/1530
f 1562/2994/1563 1575/2969/1576 1574/2995/1575
f 1562/2994/1563 1516/2832/1517 1575/2969/1576
f 1399/3026/1400 1604/3027/1605 1455/3028/1456
f 1546/2906/1547 1574/2967/1575 1575/3029/1576
f 1518/2836/1519 1565/2941/1566 1480/2751/1481
f 1480/2751/1481 1565/2941/1566 1519/2838/1520
f 1497/2868/1498 1566/2943/1567 1605/3030/1606
f 1519/2838/1520 1565/2941/1566 1498/2797/1499
f 1519/2908/1520 1481/2754/1482 1606/3031/1607
f 1533/2873/1534 1459/2839/1460 1520/2841/1521
f 1344/3032/1345 1607/3033/1608 1551/2972/1552
f 1550/2914/1551 1591/3003/1592 1590/3002/1591
f 1500/2800/1501 1608/3034/1609 1552/2916/1553
f 1592/3004/1593 1609/3035/1610 1591/3003/1592
f 1592/3004/1593 1610/3036/1611 1609/3035/1610
f 1609/3037/1610 1610/3038/1611 1611/3039/1612
f 1483/2761/1484 1612/3040/1613 1501/2801/1502
f 1613/3041/1614 1614/3042/1615 1611/3039/1612
f 1615/3043/1616 1611/3039/1612 1614/3042/1615
f 1462/2917/1463 1616/3044/1617 1522/2845/1523
f 1579/2977/1580 1537/2884/1538 1617/3045/1618
f 1579/2977/1580 1618/3046/1619 1485/2978/1486
f 1523/3047/1524 1485/3048/1486 1619/3049/1620
f 1568/3050/1569 1539/2886/1540 1361/2516/1362
f 1524/3051/1525 1620/3052/1621 1553/3053/1554
f 1448/2851/1449 1595/3010/1596 1594/3054/1595
f 1597/3012/1598 1621/3055/1622 1598/3013/1599
f 1622/3056/1623 1503/3057/1504 1465/3058/1466
f 1487/3059/1488 1525/3060/1526 1623/3061/1624
f 1449/2695/1450 1581/2982/1582 1246/2296/1247
f 1062/2521/1063 1364/2520/1365 1450/3062/1451
f 871/1581/872 1365/2523/1366 1347/2493/1348
f 1507/2812/1508 1378/3063/1379 1249/2813/1250
f 1624/3064/1625 1470/2736/1471 1415/2624/1416
f 1624/3064/1625 1469/2735/1470 1470/2736/1471
f 1471/2737/1472 1277/2739/1278 1625/3065/1626
f 1573/2960/1574 1514/2959/1515 1471/3066/1472
f 1601/3022/1602 1436/2958/1437 1393/2574/1394
f 1601/3067/1602 1544/3068/1545 1436/3069/1437
f 1560/2935/1561 1626/3070/1627 1453/2991/1454
f 1528/2859/1529 1603/3025/1604 1545/3071/1546
f 1530/2861/1531 1563/2938/1564 1438/2673/1439
f 1369/2533/1370 1587/3072/1588 1478/2749/1479
f 1627/3073/1628 1416/2629/1417 1455/2712/1456
f 1628/3074/1629 1399/2588/1400 1418/2632/1419
f 1547/2907/1548 1268/2331/1269 1214/2392/1215
f 1420/2942/1421 1629/3075/1630 1566/2943/1567
f 1547/3076/1548 1214/2752/1215 1606/3077/1607
f 1214/2752/1215 1519/2838/1520 1606/3077/1607
f 1458/2874/1459 1533/2873/1534 1630/3078/1631
f 1589/3079/1590 1422/2679/1423 1458/2718/1459
f 1549/2913/1550 1460/2840/1461 1577/3080/1578
f 1552/2916/1553 1612/3040/1613 1483/2761/1484
f 1631/3081/1632 1592/3004/1593 1534/2876/1535
f 1610/3038/1611 1613/3041/1614 1611/3039/1612
f 1615/3043/1616 1614/3042/1615 1535/3082/1536
f 1619/3049/1620 1485/3048/1486 1618/3083/1619
f 1540/2948/1541 1632/3084/1633 1388/2565/1389
f 1539/3085/1540 1622/3086/1623 1465/3087/1466
f 1620/3052/1621 1524/3051/1525 1633/3088/1634
f 1620/3052/1621 1633/3088/1634 1634/3089/1635
f 1634/3089/1635 1635/3090/1636 1620/3052/1621
f 1553/3053/1554 1620/3052/1621 1570/2950/1571
f 1635/3090/1636 1488/2772/1489 1620/3052/1621
f 1570/2950/1571 1620/3052/1621 1488/2772/1489
f 1597/3091/1598 1596/3092/1597 1503/2806/1504
f 1391/2569/1392 1582/3093/1583 1433/2696/1434
f 1134/3094/1135 1152/2106/1153 1636/3095/1637
f 1192/2184/1193 952/1734/953 1555/2924/1556
f 1193/2779/1194 1331/2461/1332 1508/2814/1509
f 1509/3096/1510 1542/2927/1543 1272/2926/1273
f 1299/2930/1300 1556/2929/1557 1585/3097/1586
f 1556/2929/1557 1511/2954/1512 1585/3097/1586
f 1415/2624/1416 1585/2988/1586 1624/3064/1625
f 1556/2929/1557 1637/3098/1638 1557/2956/1558
f 1557/2931/1558 1637/3099/1638 1558/2957/1559
f 1238/3100/1239 1638/3101/1639 1251/3102/1252
f 1624/3103/1625 1601/3022/1602 1469/2823/1470
f 1543/2896/1544 1639/3104/1640 1493/2894/1494
f 1454/3105/1455 1416/3106/1417 1627/3107/1628
f 1602/3024/1603 1563/2938/1564 1530/2861/1531
f 1529/2860/1530 1563/2938/1564 1640/3108/1641
f 1629/3075/1630 1420/2942/1421 1496/3109/1497
f 1372/2799/1373 1590/3002/1591 1576/2971/1577
f 1548/2912/1549 1344/2483/1345 1385/2560/1386
f 1641/3110/1642 1591/3003/1592 1609/3035/1610
f 1482/2759/1483 1521/2842/1522 1642/3111/1643
f 1631/3081/1632 1610/3036/1611 1592/3004/1593
f 1580/3112/1581 1535/3082/1536 1614/3042/1615
f 1538/2885/1539 1429/2918/1430 1643/3113/1644
f 1644/3114/1645 1622/3086/1623 1539/3085/1540
f 1593/3005/1594 1524/3115/1525 1463/2843/1464
f 1598/3013/1599 1621/3055/1622 1645/3116/1646
f 1646/3117/1647 1502/2980/1503 1569/2946/1570
f 1634/3118/1635 1647/3119/1648 1635/3120/1636
f 1648/3121/1649 1553/3053/1554 1570/2950/1571
f 1570/2950/1571 1487/2949/1488 1648/3121/1649
f 1596/3011/1597 1598/3013/1599 1649/3122/1650
f 1595/3010/1596 1504/2850/1505 1571/3123/1572
f 1192/2184/1193 1650/3124/1651 1466/2730/1467
f 1511/2954/1512 1527/3125/1528 1585/3097/1586
f 1238/3126/1239 1197/3127/1198 1651/3128/1652
f 1515/3129/1516 1406/2961/1407 1573/2960/1574
f 1626/3070/1627 1587/2992/1588 1453/2991/1454
f 1652/3130/1653 1474/2745/1475 1544/2901/1545
f 1652/3130/1653 1603/3025/1604 1474/2745/1475
f 1603/3131/1604 1602/3024/1603 1545/2903/1546
f 1399/3026/1400 1628/3132/1629 1604/3027/1605
f 1604/3133/1605 1628/3134/1629 1629/3075/1630
f 1418/2793/1419 1547/2907/1548 1653/3135/1654
f 1628/3134/1629 1566/2943/1567 1629/3075/1630
f 1520/2841/1521 1549/2913/1550 1654/3136/1655
f 1589/3001/1590 1608/3034/1609 1500/2800/1501
f 1655/3137/1656 1344/3032/1345 1548/3138/1549
f 1609/3037/1610 1611/3039/1612 1641/3139/1642
f 1617/3140/1618 1537/3141/1538 1656/3142/1657
f 1522/2845/1523 1657/3143/1658 1535/2880/1536
f 1537/2884/1538 1538/2885/1539 1656/3144/1657
f 1658/3145/1659 1614/3042/1615 1613/3041/1614
f 1619/3049/1620 1659/3146/1660 1523/3047/1524
f 1656/3144/1657 1538/2885/1539 1643/3113/1644
f 1659/3146/1660 1568/3147/1569 1523/3047/1524
f 1486/2848/1487 1388/2565/1389 1632/3084/1633
f 1645/3116/1646 1621/3055/1622 1660/3148/1661
f 1553/2920/1554 1661/3149/1662 1554/2921/1555
f 1661/3149/1662 1569/2946/1570 1554/2921/1555
f 1662/3150/1663 1594/3151/1595 1595/3152/1596
f 1553/2920/1554 1648/3153/1649 1661/3149/1662
f 1648/3153/1649 1487/3154/1488 1661/3149/1662
f 1663/3155/1664 1503/3057/1504 1622/3056/1623
f 1663/3156/1664 1621/3055/1622 1597/3012/1598
f 1663/3157/1664 1597/3091/1598 1503/2806/1504
f 1489/2773/1490 1582/2983/1583 1664/3158/1665
f 1391/2569/1392 1526/2853/1527 1582/3093/1583
f 1526/2853/1527 1204/2380/1205 1583/2984/1584
f 1542/3159/1543 1665/3160/1666 1556/3161/1557
f 1527/2856/1528 1493/2933/1494 1666/3162/1667
f 1251/3163/1252 1638/3164/1639 1492/3165/1493
f 1624/3103/1625 1667/3166/1668 1601/3022/1602
f 1625/3065/1626 1277/2739/1278 1392/2783/1393
f 1666/3167/1667 1493/2894/1494 1639/3104/1640
f 1639/3104/1640 1543/2896/1544 1586/3168/1587
f 1668/3169/1669 1515/3129/1516 1573/2960/1574
f 1652/3170/1653 1544/3068/1545 1601/3067/1602
f 1560/2935/1561 1669/3171/1670 1626/3070/1627
f 1529/2860/1530 1640/3108/1641 1561/2936/1562
f 1670/3172/1671 1671/3173/1672 1672/3174/1673
f 1628/3074/1629 1418/2632/1419 1653/3175/1654
f 1520/2841/1521 1673/3176/1674 1533/2873/1534
f 1458/2718/1459 1674/3177/1675 1589/3079/1590
f 1590/3002/1591 1675/3178/1676 1576/2971/1577
f 1591/3003/1592 1675/3178/1676 1590/3002/1591
f 1591/3179/1592 1641/3180/1642 1675/3181/1676
f 1577/2973/1578 1676/3182/1677 1549/3183/1550
f 1551/2972/1552 1607/3033/1608 1677/3184/1678
f 1577/2973/1578 1484/2762/1485 1567/3185/1568
f 1631/3186/1632 1613/3041/1614 1610/3038/1611
f 1611/3039/1612 1615/3043/1616 1678/3187/1679
f 1501/2801/1502 1612/3040/1613 1679/3188/1680
f 1617/3140/1618 1656/3142/1657 1680/3189/1681
f 1568/3147/1569 1644/3190/1645 1539/3191/1540
f 1593/3192/1594 1633/3193/1634 1524/3194/1525
f 1663/3156/1664 1681/3195/1682 1621/3055/1622
f 1487/3059/1488 1623/3061/1624 1661/3196/1662
f 1502/3197/1503 1646/3198/1647 1525/3060/1526
f 1488/2772/1489 1635/3090/1636 1682/3199/1683
f 1503/2806/1504 1596/3092/1597 1430/2804/1431
f 1506/2810/1507 1683/3200/1684 1505/2809/1506
f 1134/3094/1135 1636/3095/1637 1191/3201/1192
f 1572/2985/1573 1467/2733/1468 1684/3202/1685
f 1317/2986/1318 1512/3203/1513 1685/3204/1686
f 1471/3066/1472 1686/3205/1687 1573/2960/1574
f 1561/2936/1562 1687/3206/1688 1688/3207/1689
f 1561/2936/1562 1688/3207/1689 1586/3208/1587
f 1627/3209/1628 1455/3210/1456 1689/3211/1690
f 1670/3212/1671 1672/3213/1673 1690/3214/1691
f 1629/3215/1630 1496/2940/1497 1691/3216/1692
f 1692/3217/1693 1672/3174/1673 1671/3173/1672
f 1497/2868/1498 1605/3030/1606 1693/3218/1694
f 1671/3173/1672 1533/3219/1534 1692/3217/1693
f 1533/2873/1534 1673/3176/1674 1694/3220/1695
f 1674/3221/1675 1458/2874/1459 1630/3078/1631
f 1673/3176/1674 1520/2841/1521 1695/3222/1696
f 1520/2841/1521 1654/3136/1655 1695/3222/1696
f 1655/3137/1656 1607/3033/1608 1344/3032/1345
f 1611/3039/1612 1678/3187/1679 1641/3139/1642
f 1551/2972/1552 1677/3184/1678 1521/2842/1522
f 1482/2759/1483 1642/3111/1643 1534/3223/1535
f 1501/2801/1502 1696/3224/1697 1567/2944/1568
f 1387/2976/1388 1616/3044/1617 1462/2917/1463
f 1618/3046/1619 1579/2977/1580 1697/3225/1698
f 1522/2845/1523 1616/3044/1617 1657/3143/1658
f 1613/3041/1614 1698/3226/1699 1658/3145/1659
f 1614/3042/1615 1658/3145/1659 1580/3112/1581
f 1580/2979/1581 1658/3227/1659 1536/2881/1537
f 1536/3228/1537 1658/3229/1659 1593/3192/1594
f 1621/3055/1622 1681/3195/1682 1660/3148/1661
f 1661/3149/1662 1646/3117/1647 1569/2946/1570
f 1645/3116/1646 1699/3230/1700 1598/3013/1599
f 1430/3014/1431 1700/3231/1701 1571/3015/1572
f 1489/3017/1490 1664/3232/1665 1506/2810/1507
f 1152/2106/1153 1599/3019/1600 1636/3095/1637
f 1585/2988/1586 1666/3167/1667 1701/3233/1702
f 1585/2988/1586 1527/3234/1528 1666/3167/1667
f 1454/3235/1455 1627/3236/1628 1452/2704/1453
f 1561/2936/1562 1640/3108/1641 1687/3206/1688
f 1603/3025/1604 1652/3130/1653 1702/3237/1703
f 1455/3028/1456 1604/3027/1605 1689/3238/1690
f 1703/3239/1704 1671/3173/1672 1670/3172/1671
f 1628/3134/1629 1605/3030/1606 1566/2943/1567
f 1671/3173/1672 1630/3240/1631 1533/3219/1534
f 1692/3217/1693 1533/3219/1534 1694/3241/1695
f 1606/3031/1607 1481/2754/1482 1704/3242/1705
f 1408/3243/1409 1588/3244/1589 1548/3138/1549
f 1577/2973/1578 1567/3185/1568 1705/3245/1706
f 1631/3186/1632 1706/3246/1707 1613/3041/1614
f 1535/3082/1536 1657/3247/1658 1615/3043/1616
f 1613/3041/1614 1706/3246/1707 1698/3226/1699
f 1429/2918/1430 1707/3248/1708 1643/3113/1644
f 1594/3249/1595 1707/3248/1708 1429/2918/1430
f 1594/3151/1595 1662/3150/1663 1708/3250/1709
f 1660/3148/1661 1681/3195/1682 1709/3251/1710
f 1660/3148/1661 1709/3251/1710 1645/3116/1646
f 1644/3114/1645 1681/3195/1682 1622/3086/1623
f 1633/3193/1634 1710/3252/1711 1634/3118/1635
f 1634/3118/1635 1711/3253/1712 1647/3119/1648
f 1598/3254/1599 1699/3255/1700 1649/3256/1650
f 1595/3010/1596 1700/3257/1701 1712/3258/1713
f 1596/3092/1597 1649/3259/1650 1430/2804/1431
f 1571/3123/1572 1700/3257/1701 1595/3010/1596
f 1450/3260/1451 1491/2776/1492 1205/2778/1206
f 1153/2300/1154 1713/3261/1714 1365/3262/1366
f 999/1810/1000 1714/3263/1715 1235/2276/1236
f 1317/2986/1318 1685/3204/1686 1584/2987/1585
f 1624/3064/1625 1585/2988/1586 1701/3233/1702
f 1624/3064/1625 1701/3233/1702 1667/3264/1668
f 1601/3022/1602 1667/3166/1668 1715/3265/1716
f 1601/3067/1602 1715/3266/1716 1652/3170/1653
f 1515/3129/1516 1668/3169/1669 1560/3267/1561
f 1603/3131/1604 1716/3268/1717 1602/3024/1603
f 1716/3268/1717 1563/2938/1564 1602/3024/1603
f 1587/3072/1588 1564/2939/1565 1478/2749/1479
f 1604/3269/1605 1629/3215/1630 1689/3270/1690
f 1689/3270/1690 1629/3215/1630 1691/3216/1692
f 1717/3271/1718 1703/3272/1704 1670/3212/1671
f 1497/2868/1498 1693/3218/1694 1532/2870/1533
f 1576/2971/1577 1718/3273/1719 1358/2970/1359
f 1534/2876/1535 1719/3274/1720 1631/3081/1632
f 1631/3186/1632 1719/3275/1720 1706/3246/1707
f 1720/3276/1721 1680/3189/1681 1656/3142/1657
f 1501/2801/1502 1679/3188/1680 1696/3224/1697
f 1615/3043/1616 1657/3247/1658 1678/3187/1679
f 1619/3049/1620 1618/3083/1619 1721/3277/1722
f 1721/3277/1722 1659/3146/1660 1619/3049/1620
f 1643/3278/1644 1720/3279/1721 1656/3280/1657
f 1658/3229/1659 1722/3281/1723 1593/3192/1594
f 1662/3282/1663 1723/3283/1724 1708/3284/1709
f 1681/3195/1682 1663/3156/1664 1622/3086/1623
f 1662/3150/1663 1595/3152/1596 1723/3285/1724
f 1634/3118/1635 1710/3252/1711 1711/3253/1712
f 1647/3286/1648 1724/3287/1725 1635/3090/1636
f 1488/2772/1489 1682/3199/1683 1264/2981/1265
f 1583/2984/1584 1725/3288/1726 1526/2853/1527
f 1726/3289/1727 1727/3290/1728 1509/3291/1510
f 1509/3096/1510 1727/3292/1728 1542/2927/1543
f 1637/3293/1638 1556/3161/1557 1665/3160/1666
f 1637/3293/1638 1728/3294/1729 1558/3295/1559
f 1728/3296/1729 1600/3021/1601 1558/2932/1559
f 1638/3297/1639 1238/3298/1239 1651/3299/1652
f 1686/3300/1687 1729/3301/1730 1573/3302/1574
f 1586/3303/1587 1730/3304/1731 1639/3305/1640
f 1688/3306/1689 1730/3304/1731 1586/3303/1587
f 1729/3307/1730 1731/3308/1732 1573/2960/1574
f 1731/3308/1732 1668/3169/1669 1573/2960/1574
f 1563/2938/1564 1732/3309/1733 1640/3108/1641
f 1603/3131/1604 1702/3310/1703 1716/3268/1717
f 1564/2939/1565 1691/3216/1692 1496/2940/1497
f 1703/3239/1704 1733/3311/1734 1671/3173/1672
f 1628/3134/1629 1653/3312/1654 1605/3030/1606
f 1547/3076/1548 1606/3077/1607 1734/3313/1735
f 1630/3240/1631 1735/3314/1736 1674/3315/1675
f 1675/3181/1676 1736/3316/1737 1576/3317/1577
f 1737/3318/1738 1677/3184/1678 1607/3033/1608
f 1608/3034/1609 1680/3189/1681 1552/2916/1553
f 1641/3139/1642 1678/3187/1679 1738/3319/1739
f 1739/3320/1740 1642/3111/1643 1521/2842/1522
f 1721/3277/1722 1568/3147/1569 1659/3146/1660
f 1568/3147/1569 1740/3321/1741 1644/3190/1645
f 1741/3322/1742 1681/3323/1682 1644/3324/1645
f 1681/3195/1682 1742/3325/1743 1709/3251/1710
f 1710/3252/1711 1633/3193/1634 1593/3192/1594
f 1661/3196/1662 1623/3061/1624 1646/3198/1647
f 1623/3061/1624 1525/3060/1526 1646/3198/1647
f 1649/3326/1650 1700/3327/1701 1430/3328/1431
f 1664/3232/1665 1582/3329/1583 1743/3330/1744
f 1377/3331/1378 1126/3332/1127 1744/3333/1745
f 1153/2300/1154 1247/2299/1248 1713/3261/1714
f 1745/3334/1746 1247/2496/1248 1235/2276/1236
f 1507/2812/1508 1726/3289/1727 1378/3063/1379
f 1331/2461/1332 1572/2953/1573 1684/3335/1685
f 1666/3167/1667 1639/3104/1640 1730/3336/1731
f 1625/3337/1626 1686/3338/1687 1471/3339/1472
f 1715/3266/1716 1746/3340/1747 1652/3170/1653
f 1747/3341/1748 1560/3267/1561 1668/3169/1669
f 1688/3207/1689 1732/3309/1733 1748/3342/1749
f 1688/3207/1689 1687/3206/1688 1732/3309/1733
f 1626/3070/1627 1564/3343/1565 1587/2992/1588
f 1563/2938/1564 1716/3268/1717 1732/3309/1733
f 1564/2939/1565 1749/3344/1750 1691/3216/1692
f 1750/3345/1751 1751/3346/1752 1717/3347/1718
f 1703/3348/1704 1717/3347/1718 1751/3346/1752
f 1751/3346/1752 1752/3349/1753 1703/3348/1704
f 1733/3311/1734 1753/3350/1754 1671/3173/1672
f 1605/3030/1606 1653/3312/1654 1754/3351/1755
f 1671/3173/1672 1735/3314/1736 1630/3240/1631
f 1481/2754/1482 1444/2688/1445 1704/3242/1705
f 1675/3181/1676 1641/3180/1642 1738/3352/1739
f 1677/3184/1678 1739/3320/1740 1521/2842/1522
f 1642/3353/1643 1719/3274/1720 1534/2876/1535
f 1579/2977/1580 1617/3045/1618 1697/3225/1698
f 1721/3277/1722 1740/3321/1741 1568/3147/1569
f 1707/3248/1708 1594/3249/1595 1708/3354/1709
f 1593/3192/1594 1722/3281/1723 1710/3252/1711
f 1645/3355/1646 1755/3356/1756 1699/3255/1700
f 1595/3152/1596 1756/3357/1757 1723/3285/1724
f 1635/3090/1636 1724/3287/1725 1682/3199/1683
f 1466/3358/1467 1757/3359/1758 1348/2549/1349
f 1348/2549/1349 1757/3359/1758 1349/2495/1350
f 1349/2495/1350 1757/3359/1758 1758/3360/1759
f 1206/2209/1207 1349/2495/1350 1541/2889/1542
f 1467/2733/1468 1759/3361/1760 1684/3202/1685
f 1701/3233/1702 1666/3167/1667 1760/3362/1761
f 1701/3233/1702 1760/3362/1761 1667/3264/1668
f 1666/3167/1667 1730/3336/1731 1760/3362/1761
f 1715/3265/1716 1667/3166/1668 1746/3363/1747
f 1688/3306/1689 1748/3364/1749 1730/3304/1731
f 1652/3170/1653 1746/3340/1747 1702/3310/1703
f 1732/3309/1733 1687/3206/1688 1640/3108/1641
f 1761/3365/1762 1762/3366/1763 1751/3346/1752
f 1672/3174/1673 1763/3367/1764 1690/3368/1691
f 1606/3031/1607 1704/3242/1705 1734/3369/1735
f 1576/3317/1577 1736/3316/1737 1718/3370/1719
f 1532/2910/1533 1764/3371/1765 1445/2911/1446
f 1589/3079/1590 1674/3177/1675 1765/3372/1766
f 1655/3137/1656 1737/3318/1738 1607/3033/1608
f 1577/2973/1578 1705/3245/1706 1676/3182/1677
f 1680/3189/1681 1766/3373/1767 1552/2916/1553
f 1706/3246/1707 1719/3275/1720 1767/3374/1768
f 1552/2916/1553 1766/3373/1767 1612/3040/1613
f 1720/3279/1721 1643/3278/1644 1768/3375/1769
f 1658/3145/1659 1698/3226/1699 1769/3376/1770
f 1740/3321/1741 1770/3377/1771 1644/3190/1645
f 1644/3324/1645 1770/3378/1771 1741/3322/1742
f 1708/3354/1709 1723/3379/1724 1707/3248/1708
f 1681/3323/1682 1771/3380/1772 1772/3381/1773
f 1709/3251/1710 1742/3325/1743 1773/3382/1774
f 1709/3251/1710 1773/3382/1774 1645/3116/1646
f 1645/3116/1646 1773/3382/1774 1755/3383/1756
f 1505/3384/1506 1774/3385/1775 1540/2948/1541
f 1264/3386/1265 1682/3387/1683 1775/3388/1776
f 1449/2695/1450 1776/3389/1777 1581/2982/1582
f 1506/2810/1507 1664/3232/1665 1683/3200/1684
f 1664/3232/1665 1743/3330/1744 1777/3390/1778
f 1450/3391/1451 1778/3392/1779 1491/3393/1492
f 1028/1873/1029 1298/2399/1299 1555/2924/1556
f 1331/2461/1332 1684/3335/1685 1508/2814/1509
f 1467/2733/1468 1779/3394/1780 1759/3361/1760
f 1434/2658/1435 1779/3394/1780 1467/2733/1468
f 1780/3395/1781 1728/3294/1729 1637/3293/1638
f 1781/3396/1782 1686/3338/1687 1625/3337/1626
f 1667/3166/1668 1760/3397/1761 1746/3363/1747
f 1730/3304/1731 1748/3364/1749 1760/3397/1761
f 1746/3363/1747 1760/3397/1761 1748/3364/1749
f 1782/3398/1783 1747/3341/1748 1731/3308/1732
f 1731/3308/1732 1747/3341/1748 1668/3169/1669
f 1746/3340/1747 1748/3342/1749 1702/3310/1703
f 1732/3309/1733 1716/3268/1717 1748/3342/1749
f 1627/3236/1628 1783/3399/1784 1452/2704/1453
f 1748/3342/1749 1716/3268/1717 1702/3310/1703
f 1627/3236/1628 1689/3400/1690 1783/3399/1784
f 1689/3270/1690 1691/3216/1692 1749/3344/1750
f 1761/3365/1762 1751/3346/1752 1750/3345/1751
f 1762/3366/1763 1752/3349/1753 1751/3346/1752
f 1733/3401/1734 1703/3348/1704 1752/3349/1753
f 1671/3173/1672 1753/3350/1754 1735/3314/1736
f 1313/2422/1314 1784/3402/1785 1384/2558/1385
f 1313/2422/1314 1358/2513/1359 1784/3402/1785
f 1784/3403/1785 1358/2970/1359 1718/3273/1719
f 1764/3371/1765 1578/3404/1579 1445/2911/1446
f 1765/3372/1766 1785/3405/1786 1589/3079/1590
f 1680/3189/1681 1720/3276/1721 1766/3373/1767
f 1578/2975/1579 1786/3406/1787 1387/2976/1388
f 1787/3407/1788 1359/2514/1360 1486/2766/1487
f 1657/3247/1658 1788/3408/1789 1678/3187/1679
f 1706/3246/1707 1767/3374/1768 1698/3226/1699
f 1643/3113/1644 1707/3248/1708 1789/3409/1790
f 1681/3323/1682 1741/3322/1742 1771/3380/1772
f 1772/3410/1773 1742/3325/1743 1681/3195/1682
f 1710/3252/1711 1790/3411/1791 1711/3253/1712
f 1699/3255/1700 1755/3356/1756 1791/3412/1792
f 1699/3255/1700 1792/3413/1793 1649/3256/1650
f 1778/3414/1779 1450/3415/1451 1364/3416/1365
f 1235/2276/1236 1714/3263/1715 1745/3334/1746
f 1793/3417/1794 1507/2812/1508 1508/2814/1509
f 1378/3063/1379 1726/3289/1727 1509/3291/1510
f 1794/3418/1795 1434/2658/1435 1584/2987/1585
f 1665/3160/1666 1780/3395/1781 1637/3293/1638
f 1435/3419/1436 1795/3420/1796 1197/3421/1198
f 1560/3267/1561 1796/3422/1797 1669/3423/1670
f 1797/3424/1798 1564/3343/1565 1626/3070/1627
f 1608/3034/1609 1589/3001/1590 1785/3425/1786
f 1798/3426/1799 1680/3189/1681 1608/3034/1609
f 1617/3427/1618 1680/3428/1681 1798/3429/1799
f 1678/3187/1679 1799/3430/1800 1738/3319/1739
f 1567/3185/1568 1696/3431/1697 1705/3245/1706
f 1642/3432/1643 1800/3433/1801 1801/3434/1802
f 1786/3406/1787 1802/3435/1803 1387/2976/1388
f 1387/2976/1388 1802/3435/1803 1616/3044/1617
f 1618/3083/1619 1803/3436/1804 1721/3277/1722
f 1722/3281/1723 1790/3411/1791 1710/3252/1711
f 1540/2948/1541 1774/3385/1775 1632/3084/1633
f 1792/3437/1793 1700/3327/1701 1649/3326/1650
f 1505/2809/1506 1683/3200/1684 1804/3438/1805
f 1347/3439/1348 1365/3262/1366 1805/3440/1806
f 1713/3261/1714 1806/3441/1807 1365/3262/1366
f 1779/3394/1780 1434/2658/1435 1794/3418/1795
f 1651/3299/1652 1197/3442/1198 1795/3443/1796
f 1807/3444/1808 1747/3341/1748 1782/3398/1783
f 1807/3444/1808 1796/3422/1797 1747/3341/1748
f 1796/3422/1797 1560/3267/1561 1747/3341/1748
f 1797/3424/1798 1626/3070/1627 1669/3171/1670
f 1783/3445/1784 1689/3270/1690 1749/3344/1750
f 1717/3271/1718 1670/3212/1671 1808/3446/1809
f 1809/3447/1810 1670/3212/1671 1690/3214/1691
f 1672/3174/1673 1692/3217/1693 1810/3448/1811
f 1605/3030/1606 1754/3351/1755 1693/3218/1694
f 1588/3449/1589 1384/3450/1385 1811/3451/1812
f 1694/3220/1695 1673/3176/1674 1812/3452/1813
f 1785/3453/1786 1798/3454/1799 1608/3455/1609
f 1736/3316/1737 1675/3181/1676 1813/3456/1814
f 1814/3457/1815 1549/2913/1550 1676/3458/1677
f 1815/3459/1816 1814/3460/1815 1676/3461/1677
f 1738/3319/1739 1767/3462/1768 1816/3463/1817
f 1817/3464/1818 1697/3465/1698 1617/3427/1618
f 1818/3466/1819 1676/3182/1677 1696/3431/1697
f 1767/3467/1768 1719/3468/1720 1816/3469/1817
f 1696/3431/1697 1676/3182/1677 1705/3245/1706
f 1799/3430/1800 1767/3462/1768 1738/3319/1739
f 1766/3470/1767 1720/3279/1721 1768/3375/1769
f 1819/3471/1820 1679/3188/1680 1612/3040/1613
f 1789/3472/1790 1768/3375/1769 1643/3278/1644
f 1769/3473/1770 1722/3281/1723 1658/3229/1659
f 1820/3474/1821 1707/3248/1708 1723/3379/1724
f 1821/3475/1822 1773/3382/1774 1742/3325/1743
f 1712/3476/1713 1756/3357/1757 1595/3152/1596
f 1791/3412/1792 1792/3413/1793 1699/3255/1700
f 1822/3477/1823 1724/3478/1725 1647/3119/1648
f 1823/3479/1824 1683/3200/1684 1664/3232/1665
f 1526/2853/1527 1743/3480/1744 1582/3093/1583
f 1349/2495/1350 1758/3360/1759 1541/2889/1542
f 1797/3481/1798 1783/3399/1784 1564/3482/1565
f 1783/3445/1784 1749/3344/1750 1564/2939/1565
f 1717/3271/1718 1824/3483/1825 1750/3484/1751
f 1670/3212/1671 1809/3447/1810 1808/3446/1809
f 1762/3366/1763 1825/3485/1826 1752/3349/1753
f 1733/3401/1734 1752/3349/1753 1826/3486/1827
f 1547/3487/1548 1734/3488/1735 1827/3489/1828
f 1672/3174/1673 1810/3448/1811 1763/3367/1764
f 1673/3176/1674 1695/3222/1696 1812/3452/1813
f 1588/3244/1589 1655/3137/1656 1548/3138/1549
f 1738/3352/1739 1816/3490/1817 1675/3181/1676
f 1798/3429/1799 1817/3464/1818 1617/3427/1618
f 1739/3320/1740 1800/3491/1801 1642/3111/1643
f 1642/3432/1643 1801/3434/1802 1719/3468/1720
f 1766/3373/1767 1819/3471/1820 1612/3040/1613
f 1799/3430/1800 1678/3187/1679 1788/3408/1789
f 1657/3143/1658 1828/3492/1829 1788/3493/1789
f 1698/3494/1699 1829/3495/1830 1769/3496/1770
f 1740/3321/1741 1830/3497/1831 1770/3377/1771
f 1741/3322/1742 1770/3378/1771 1771/3380/1772
f 1789/3409/1790 1707/3248/1708 1820/3474/1821
f 1723/3285/1724 1756/3357/1757 1820/3498/1821
f 1755/3499/1756 1773/3500/1774 1831/3501/1832
f 1664/3232/1665 1777/3390/1778 1823/3479/1824
f 1727/3290/1728 1832/3502/1833 1542/3503/1543
f 1542/3159/1543 1832/3504/1833 1665/3160/1666
f 1783/3399/1784 1833/3505/1834 1452/2704/1453
f 1809/3447/1810 1834/3506/1835 1808/3446/1809
f 1717/3271/1718 1808/3446/1809 1824/3483/1825
f 1547/3507/1548 1827/3508/1828 1653/3312/1654
f 1693/3218/1694 1754/3351/1755 1835/3509/1836
f 1694/3241/1695 1810/3448/1811 1692/3217/1693
f 1693/3218/1694 1835/3509/1836 1532/2870/1533
f 1674/3177/1675 1836/3510/1837 1765/3372/1766
f 1677/3184/1678 1737/3318/1738 1739/3320/1740
f 1427/2646/1428 1359/2514/1360 1787/3407/1788
f 1616/3044/1617 1828/3492/1829 1657/3143/1658
f 1799/3430/1800 1698/3494/1699 1767/3462/1768
f 1721/3277/1722 1803/3436/1804 1740/3321/1741
f 1830/3497/1831 1837/3511/1838 1770/3377/1771
f 1755/3499/1756 1831/3501/1832 1838/3512/1839
f 1526/2853/1527 1839/3513/1840 1743/3480/1744
f 1555/2924/1556 1840/3514/1841 1192/2184/1193
f 1840/3514/1841 1650/3124/1651 1192/2184/1193
f 1365/3262/1366 1806/3441/1807 1805/3440/1806
f 999/1810/1000 1541/2889/1542 1714/3263/1715
f 1492/2782/1493 1625/3065/1626 1392/2783/1393
f 1731/3308/1732 1729/3307/1730 1782/3398/1783
f 1841/3515/1842 1796/3422/1797 1807/3444/1808
f 1435/3516/1436 1322/2702/1323 1842/3517/1843
f 1834/3506/1835 1843/3518/1844 1808/3446/1809
f 1834/3506/1835 1809/3447/1810 1844/3519/1845
f 1690/3214/1691 1845/3520/1846 1809/3447/1810
f 1761/3365/1762 1846/3521/1847 1762/3366/1763
f 1754/3351/1755 1653/3312/1654 1847/3522/1848
f 1694/3220/1695 1812/3452/1813 1810/3523/1811
f 1695/3222/1696 1848/3524/1849 1812/3452/1813
f 1444/3525/1445 1427/2646/1428 1787/3407/1788
f 1675/3181/1676 1816/3490/1817 1813/3456/1814
f 1766/3470/1767 1768/3375/1769 1819/3526/1820
f 1799/3430/1800 1788/3408/1789 1829/3495/1830
f 1486/2766/1487 1849/3527/1850 1787/3407/1788
f 1799/3430/1800 1829/3495/1830 1698/3494/1699
f 1849/3528/1850 1486/2848/1487 1632/3084/1633
f 1822/3477/1823 1647/3119/1648 1850/3529/1851
f 1822/3477/1823 1851/3530/1852 1724/3478/1725
f 1724/3287/1725 1851/3531/1852 1682/3199/1683
f 1682/3199/1683 1851/3531/1852 1852/3532/1853
f 1777/3533/1778 1743/3534/1744 1839/3535/1840
f 1725/3288/1726 1583/2984/1584 1853/3536/1854
f 1377/3331/1378 1744/3333/1745 1490/3537/1491
f 1298/2923/1299 1854/3538/1855 1555/3539/1556
f 1347/3540/1348 1805/3541/1806 1271/2383/1272
f 1600/3021/1601 1728/3296/1729 1512/2821/1513
f 1452/2704/1453 1855/3542/1856 1322/2702/1323
f 1797/3481/1798 1833/3505/1834 1783/3399/1784
f 1690/3214/1691 1763/3543/1764 1845/3520/1846
f 1826/3486/1827 1856/3544/1857 1733/3401/1734
f 1762/3366/1763 1846/3521/1847 1825/3485/1826
f 1827/3508/1828 1847/3522/1848 1653/3312/1654
f 1754/3351/1755 1847/3522/1848 1835/3509/1836
f 1674/3315/1675 1735/3314/1736 1836/3545/1837
f 1532/2910/1533 1835/3546/1836 1764/3371/1765
f 1655/3137/1656 1857/3547/1858 1737/3318/1738
f 1816/3490/1817 1858/3548/1859 1813/3456/1814
f 1719/3468/1720 1801/3434/1802 1816/3469/1817
f 1770/3378/1771 1837/3549/1838 1859/3550/1860
f 1722/3281/1723 1769/3473/1770 1860/3551/1861
f 1790/3411/1791 1722/3281/1723 1861/3552/1862
f 1755/3499/1756 1862/3553/1863 1791/3554/1792
f 1755/3499/1756 1838/3512/1839 1862/3553/1863
f 1790/3411/1791 1850/3529/1851 1711/3253/1712
f 1712/3476/1713 1863/3555/1864 1756/3357/1757
f 1711/3253/1712 1850/3529/1851 1647/3119/1648
f 1505/3384/1506 1804/3556/1805 1774/3385/1775
f 1682/3387/1683 1852/3557/1853 1775/3388/1776
f 1700/3257/1701 1864/3558/1865 1712/3258/1713
f 1449/2695/1450 1775/3559/1776 1776/3389/1777
f 1126/3332/1127 1191/3560/1192 1865/3561/1866
f 1507/2812/1508 1793/3417/1794 1726/3289/1727
f 1794/3418/1795 1584/2987/1585 1866/3562/1867
f 1782/3398/1783 1867/3563/1868 1807/3444/1808
f 1795/3564/1796 1435/3565/1436 1868/3566/1869
f 1435/3565/1436 1842/3567/1843 1868/3566/1869
f 1669/3568/1670 1869/3569/1870 1797/3570/1798
f 1834/3506/1835 1870/3571/1871 1843/3518/1844
f 1825/3485/1826 1826/3486/1827 1752/3349/1753
f 1733/3311/1734 1871/3572/1872 1753/3350/1754
f 1736/3316/1737 1872/3573/1873 1718/3370/1719
f 1695/3222/1696 1654/3136/1655 1873/3574/1874
f 1764/3575/1765 1874/3576/1875 1578/3577/1579
f 1813/3456/1814 1872/3573/1873 1736/3316/1737
f 1785/3578/1786 1875/3579/1876 1798/3580/1799
f 1549/2913/1550 1814/3457/1815 1654/3136/1655
f 1737/3318/1738 1857/3547/1858 1739/3320/1740
f 1618/3083/1619 1876/3581/1877 1803/3436/1804
f 1877/3582/1878 1837/3511/1838 1830/3497/1831
f 1632/3084/1633 1774/3385/1775 1878/3583/1879
f 1742/3325/1743 1772/3410/1773 1879/3584/1880
f 1790/3411/1791 1880/3585/1881 1850/3529/1851
f 1880/3585/1881 1790/3411/1791 1861/3552/1862
f 1791/3412/1792 1838/3586/1839 1792/3413/1793
f 1792/3587/1793 1864/3558/1865 1700/3257/1701
f 1264/2694/1265 1775/3559/1776 1449/2695/1450
f 1823/3588/1824 1777/3533/1778 1881/3589/1882
f 1364/2520/1365 1882/3590/1883 1778/3591/1779
f 1126/3332/1127 1865/3561/1866 1744/3333/1745
f 1271/2383/1272 1805/3541/1806 1599/3019/1600
f 1728/3296/1729 1883/3592/1884 1512/2821/1513
f 1807/3444/1808 1867/3563/1868 1841/3515/1842
f 1843/3593/1844 1870/3594/1871 1884/3595/1885
f 1834/3596/1835 1844/3597/1845 1870/3594/1871
f 1750/3484/1751 1824/3483/1825 1885/3598/1886
f 1750/3345/1751 1885/3599/1886 1761/3365/1762
f 1808/3446/1809 1886/3600/1887 1824/3483/1825
f 1761/3601/1762 1887/3602/1888 1846/3603/1847
f 1733/3401/1734 1856/3544/1857 1871/3604/1872
f 1810/3605/1811 1888/3606/1889 1763/3607/1764
f 1810/3523/1811 1812/3452/1813 1889/3608/1890
f 1695/3609/1696 1890/3610/1891 1848/3611/1849
f 1765/3372/1766 1891/3612/1892 1785/3405/1786
f 1444/3525/1445 1787/3407/1788 1892/3613/1893
f 1676/3461/1677 1818/3614/1819 1815/3459/1816
f 1816/3469/1817 1801/3434/1802 1858/3615/1859
f 1697/3465/1698 1817/3464/1818 1893/3616/1894
f 1697/3225/1698 1876/3617/1877 1618/3046/1619
f 1679/3618/1680 1819/3619/1820 1894/3620/1895
f 1895/3621/1896 1830/3497/1831 1740/3321/1741
f 1772/3381/1773 1771/3380/1772 1896/3622/1897
f 1772/3623/1773 1897/3624/1898 1898/3625/1899
f 1898/3625/1899 1879/3626/1880 1772/3623/1773
f 1791/3554/1792 1862/3553/1863 1838/3512/1839
f 1838/3627/1839 1864/3558/1865 1792/3587/1793
f 1683/3200/1684 1823/3479/1824 1899/3628/1900
f 1882/3590/1883 1364/2520/1365 1581/2982/1582
f 1778/3392/1779 1900/3629/1901 1491/3393/1492
f 1466/3358/1467 1650/3630/1651 1757/3359/1758
f 1745/3631/1746 1713/3261/1714 1247/2299/1248
f 1684/3335/1685 1901/3632/1902 1508/2814/1509
f 1726/3289/1727 1902/3633/1903 1727/3290/1728
f 1584/2987/1585 1685/3204/1686 1866/3562/1867
f 1686/3300/1687 1903/3634/1904 1729/3301/1730
f 1322/2702/1323 1855/3542/1856 1842/3517/1843
f 1833/3505/1834 1855/3542/1856 1452/2704/1453
f 1904/3635/1905 1886/3636/1887 1808/3637/1809
f 1809/3447/1810 1845/3520/1846 1905/3638/1906
f 1825/3485/1826 1906/3639/1907 1826/3486/1827
f 1825/3485/1826 1846/3521/1847 1906/3639/1907
f 1763/3607/1764 1888/3606/1889 1845/3640/1846
f 1753/3350/1754 1907/3641/1908 1836/3545/1837
f 1888/3642/1889 1810/3643/1811 1908/3644/1909
f 1753/3350/1754 1836/3545/1837 1735/3314/1736
f 1704/3645/1705 1909/3646/1910 1734/3488/1735
f 1889/3608/1890 1812/3452/1813 1848/3524/1849
f 1836/3510/1837 1910/3647/1911 1765/3372/1766
f 1444/3648/1445 1909/3646/1910 1704/3645/1705
f 1578/3577/1579 1874/3576/1875 1786/3649/1787
f 1768/3650/1769 1911/3651/1912 1819/3619/1820
f 1803/3436/1804 1895/3621/1896 1740/3321/1741
f 1829/3652/1830 1860/3653/1861 1769/3654/1770
f 1877/3582/1878 1912/3655/1913 1837/3511/1838
f 1771/3380/1772 1770/3378/1771 1859/3550/1860
f 1772/3381/1773 1896/3622/1897 1897/3656/1898
f 1742/3325/1743 1879/3584/1880 1821/3475/1822
f 1821/3657/1822 1831/3501/1832 1773/3500/1774
f 1804/3556/1805 1913/3658/1914 1774/3385/1775
f 1914/3659/1915 1863/3555/1864 1712/3476/1713
f 1712/3258/1713 1864/3558/1865 1914/3660/1915
f 1683/3200/1684 1899/3628/1900 1804/3438/1805
f 1777/3533/1778 1839/3535/1840 1881/3589/1882
f 1725/3288/1726 1839/3513/1840 1526/2853/1527
f 1508/2814/1509 1901/3632/1902 1793/3417/1794
f 1759/3361/1760 1915/3661/1916 1916/3662/1917
f 1779/3394/1780 1915/3661/1916 1759/3361/1760
f 1726/3289/1727 1917/3663/1918 1902/3633/1903
f 1727/3290/1728 1918/3664/1919 1832/3502/1833
f 1728/3665/1729 1780/3666/1781 1883/3667/1884
f 1841/3668/1842 1919/3669/1920 1796/3670/1797
f 1796/3670/1797 1869/3569/1870 1669/3568/1670
f 1869/3569/1870 1920/3671/1921 1797/3570/1798
f 1797/3570/1798 1920/3671/1921 1833/3672/1834
f 1884/3673/1885 1904/3635/1905 1843/3674/1844
f 1870/3594/1871 1921/3675/1922 1884/3595/1885
f 1843/3674/1844 1904/3635/1905 1808/3637/1809
f 1844/3597/1845 1921/3675/1922 1870/3594/1871
f 1809/3447/1810 1905/3638/1906 1844/3519/1845
f 1761/3365/1762 1885/3599/1886 1887/3676/1888
f 1885/3677/1886 1824/3678/1825 1922/3679/1923
f 1824/3680/1825 1856/3681/1857 1922/3682/1923
f 1886/3683/1887 1856/3681/1857 1824/3680/1825
f 1886/3683/1887 1871/3684/1872 1856/3681/1857
f 1826/3486/1827 1922/3679/1923 1856/3544/1857
f 1871/3572/1872 1907/3641/1908 1753/3350/1754
f 1835/3685/1836 1923/3686/1924 1764/3575/1765
f 1764/3575/1765 1923/3686/1924 1874/3576/1875
f 1765/3372/1766 1910/3647/1911 1891/3612/1892
f 1444/3648/1445 1892/3687/1893 1909/3646/1910
f 1695/3609/1696 1873/3688/1874 1890/3610/1891
f 1891/3689/1892 1875/3579/1876 1785/3578/1786
f 1857/3547/1858 1924/3690/1925 1739/3320/1740
f 1924/3690/1925 1800/3491/1801 1739/3320/1740
f 1696/3691/1697 1925/3692/1926 1818/3614/1819
f 1696/3693/1697 1679/3694/1680 1925/3695/1926
f 1893/3696/1894 1876/3617/1877 1697/3225/1698
f 1819/3619/1820 1911/3651/1912 1894/3620/1895
f 1788/3493/1789 1926/3697/1927 1829/3652/1830
f 1895/3621/1896 1877/3582/1878 1830/3497/1831
f 1831/3501/1832 1927/3698/1928 1838/3512/1839
f 1927/3698/1928 1928/3699/1929 1838/3512/1839
f 1838/3512/1839 1928/3699/1929 1864/3700/1865
f 1851/3701/1852 1929/3702/1930 1852/3703/1853
f 1899/3704/1900 1823/3588/1824 1881/3589/1882
f 1191/3560/1192 1636/3705/1637 1865/3561/1866
f 1917/3663/1918 1726/3289/1727 1793/3417/1794
f 1779/3394/1780 1794/3418/1795 1915/3661/1916
f 1625/3337/1626 1930/3706/1931 1781/3396/1782
f 1931/3707/1932 1867/3708/1868 1782/3709/1783
f 1796/3670/1797 1919/3669/1920 1869/3569/1870
f 1845/3640/1846 1871/3684/1872 1905/3710/1906
f 1885/3677/1886 1922/3679/1923 1906/3639/1907
f 1885/3599/1886 1906/3711/1907 1887/3676/1888
f 1887/3602/1888 1906/3712/1907 1846/3603/1847
f 1826/3486/1827 1906/3639/1907 1922/3679/1923
f 1827/3489/1828 1734/3488/1735 1909/3646/1910
f 1835/3685/1836 1932/3713/1933 1923/3686/1924
f 1835/3509/1836 1847/3522/1848 1932/3714/1933
f 1836/3715/1837 1933/3716/1934 1910/3717/1911
f 1718/3370/1719 1872/3573/1873 1934/3718/1935
f 1910/3647/1911 1935/3719/1936 1891/3612/1892
f 1891/3720/1892 1936/3721/1937 1875/3722/1876
f 1872/3573/1873 1813/3456/1814 1937/3723/1938
f 1802/3435/1803 1828/3492/1829 1616/3044/1617
f 1803/3436/1804 1876/3581/1877 1895/3621/1896
f 1768/3375/1769 1789/3472/1790 1938/3724/1939
f 1859/3550/1860 1896/3622/1897 1771/3380/1772
f 1912/3725/1913 1927/3698/1928 1837/3549/1838
f 1774/3385/1775 1939/3726/1940 1878/3583/1879
f 1940/3727/1941 1941/3728/1942 1942/3729/1943
f 1942/3729/1943 1941/3728/1942 1898/3625/1899
f 1879/3730/1880 1943/3731/1944 1821/3732/1822
f 1944/3733/1945 1756/3357/1757 1863/3555/1864
f 1945/3734/1946 1946/3735/1947 1947/3736/1948
f 1822/3477/1823 1929/3737/1930 1851/3530/1852
f 1776/3389/1777 1882/3590/1883 1581/2982/1582
f 1583/2984/1584 1490/2775/1491 1853/3536/1854
f 1902/3633/1903 1918/3664/1919 1727/3290/1728
f 1832/3502/1833 1780/3738/1781 1665/3739/1666
f 1512/3203/1513 1883/3667/1884 1685/3204/1686
f 1625/3337/1626 1492/3740/1493 1948/3741/1949
f 1686/3300/1687 1781/3742/1782 1903/3634/1904
f 1844/3597/1845 1905/3743/1906 1921/3675/1922
f 1905/3710/1906 1871/3684/1872 1886/3683/1887
f 1845/3640/1846 1888/3606/1889 1871/3684/1872
f 1888/3606/1889 1907/3744/1908 1871/3684/1872
f 1888/3606/1889 1949/3745/1950 1907/3744/1908
f 1888/3642/1889 1908/3644/1909 1949/3746/1950
f 1907/3641/1908 1950/3747/1951 1836/3545/1837
f 1889/3748/1890 1908/3644/1909 1810/3643/1811
f 1827/3489/1828 1951/3749/1952 1847/3750/1848
f 1811/3451/1812 1384/3450/1385 1952/3751/1953
f 1784/3752/1785 1718/3370/1719 1953/3753/1954
f 1787/3407/1788 1849/3527/1850 1954/3754/1955
f 1876/3581/1877 1955/3755/1956 1895/3621/1896
f 1789/3472/1790 1956/3756/1957 1938/3724/1939
f 1877/3582/1878 1955/3755/1956 1912/3655/1913
f 1912/3725/1913 1957/3757/1958 1927/3698/1928
f 1837/3549/1838 1927/3698/1928 1859/3550/1860
f 1942/3729/1943 1898/3625/1899 1897/3624/1898
f 1958/3758/1959 1831/3501/1832 1821/3657/1822
f 1898/3625/1899 1941/3728/1942 1879/3626/1880
f 1821/3732/1822 1943/3731/1944 1958/3759/1959
f 1945/3734/1946 1947/3736/1948 1959/3760/1960
f 1945/3761/1946 1959/3762/1960 1946/3763/1947
f 1914/3764/1915 1864/3700/1865 1928/3699/1929
f 1491/2776/1492 1900/3765/1901 1298/2923/1299
f 1684/3335/1685 1916/3766/1917 1901/3632/1902
f 1759/3767/1760 1916/3766/1917 1684/3335/1685
f 1794/3418/1795 1960/3768/1961 1915/3661/1916
f 1866/3562/1867 1960/3768/1961 1794/3418/1795
f 1961/3769/1962 1866/3562/1867 1685/3204/1686
f 1948/3741/1949 1930/3706/1931 1625/3337/1626
f 1795/3443/1796 1962/3770/1963 1651/3299/1652
f 1729/3301/1730 1903/3634/1904 1963/3771/1964
f 1729/3301/1730 1963/3771/1964 1782/3709/1783
f 1841/3668/1842 1867/3772/1868 1964/3773/1965
f 1841/3668/1842 1964/3773/1965 1919/3669/1920
f 1827/3489/1828 1909/3646/1910 1951/3749/1952
f 1847/3522/1848 1965/3774/1966 1932/3714/1933
f 1858/3548/1859 1937/3723/1938 1813/3456/1814
f 1895/3621/1896 1955/3755/1956 1877/3582/1878
f 1632/3084/1633 1878/3583/1879 1849/3528/1850
f 1859/3550/1860 1927/3698/1928 1966/3775/1967
f 1722/3281/1723 1860/3551/1861 1861/3552/1862
f 1939/3776/1940 1940/3727/1941 1942/3729/1943
f 1947/3736/1948 1946/3735/1947 1967/3777/1968
f 1804/3778/1805 1968/3779/1969 1913/3780/1914
f 1899/3704/1900 1968/3779/1969 1804/3778/1805
f 1776/3781/1777 1969/3782/1970 1882/3783/1883
f 1555/3539/1556 1970/3784/1971 1840/3785/1841
f 1492/3740/1493 1638/3786/1639 1948/3741/1949
f 1884/3595/1885 1921/3675/1922 1904/3787/1905
f 1921/3788/1922 1905/3789/1906 1904/3635/1905
f 1904/3635/1905 1905/3789/1906 1886/3636/1887
f 1907/3744/1908 1949/3745/1950 1950/3790/1951
f 1949/3746/1950 1908/3644/1909 1971/3791/1972
f 1932/3792/1933 1965/3793/1966 1972/3794/1973
f 1718/3370/1719 1934/3718/1935 1953/3753/1954
f 1936/3795/1937 1891/3612/1892 1935/3719/1936
f 1798/3429/1799 1973/3796/1974 1817/3464/1818
f 1892/3613/1893 1787/3407/1788 1954/3754/1955
f 1818/3614/1819 1974/3797/1975 1815/3459/1816
f 1828/3798/1829 1802/3799/1803 1975/3800/1976
f 1768/3650/1769 1938/3801/1939 1911/3651/1912
f 1955/3755/1956 1957/3802/1958 1912/3655/1913
f 1976/3803/1977 1789/3409/1790 1820/3474/1821
f 1977/3804/1978 1897/3805/1898 1896/3806/1897
f 1896/3622/1897 1859/3550/1860 1966/3775/1967
f 1927/3698/1928 1831/3501/1832 1966/3775/1967
f 1820/3498/1821 1756/3357/1757 1978/3807/1979
f 1978/3807/1979 1756/3357/1757 1944/3733/1945
f 1880/3585/1881 1979/3808/1980 1850/3529/1851
f 1944/3733/1945 1863/3555/1864 1980/3809/1981
f 1939/3726/1940 1774/3385/1775 1940/3810/1941
f 1981/3811/1982 1941/3812/1942 1940/3813/1941
f 1982/3814/1983 1914/3764/1915 1928/3699/1929
f 1940/3815/1941 1774/3816/1775 1913/3817/1914
f 1983/3818/1984 1852/3703/1853 1929/3702/1930
f 1984/3819/1985 1913/3780/1914 1968/3779/1969
f 1776/3820/1777 1775/3388/1776 1985/3821/1986
f 1986/3822/1987 1968/3779/1969 1899/3704/1900
f 1986/3822/1987 1881/3589/1882 1839/3535/1840
f 1917/3663/1918 1793/3417/1794 1901/3632/1902
f 1987/3823/1988 1795/3564/1796 1868/3566/1869
f 1931/3707/1932 1782/3709/1783 1963/3771/1964
f 1988/3824/1989 1949/3746/1950 1971/3791/1972
f 1951/3749/1952 1909/3646/1910 1989/3825/1990
f 1951/3749/1952 1965/3793/1966 1847/3750/1848
f 1952/3826/1953 1384/3827/1385 1784/3828/1785
f 1972/3829/1973 1923/3686/1924 1932/3713/1933
f 1972/3829/1973 1874/3576/1875 1923/3686/1924
f 1989/3825/1990 1909/3646/1910 1990/3830/1991
f 1873/3574/1874 1654/3136/1655 1814/3457/1815
f 1873/3688/1874 1814/3460/1815 1991/3831/1992
f 1925/3692/1926 1974/3797/1975 1818/3614/1819
f 1926/3697/1927 1788/3493/1789 1828/3492/1829
f 1956/3756/1957 1789/3472/1790 1976/3832/1977
f 1926/3697/1927 1860/3653/1861 1829/3652/1830
f 1992/3833/1993 1942/3729/1943 1897/3624/1898
f 1939/3776/1940 1942/3729/1943 1992/3833/1993
f 1878/3583/1879 1939/3726/1940 1993/3834/1994
f 1966/3775/1967 1831/3501/1832 1958/3758/1959
f 1994/3835/1995 1947/3836/1948 1967/3837/1968
f 1914/3659/1915 1995/3838/1996 1863/3555/1864
f 1899/3704/1900 1881/3589/1882 1986/3822/1987
f 1917/3663/1918 1901/3632/1902 1996/3839/1997
f 1961/3769/1962 1685/3204/1686 1883/3667/1884
f 1795/3564/1796 1987/3823/1988 1997/3840/1998
f 1931/3707/1932 1998/3841/1999 1867/3708/1868
f 1867/3772/1868 1998/3842/1999 1964/3773/1965
f 1950/3747/1951 1933/3843/1934 1836/3545/1837
f 1965/3793/1966 1999/3844/2000 1972/3794/1973
f 1784/3752/1785 1953/3753/1954 1952/3845/1953
f 1990/3830/1991 1909/3646/1910 1892/3687/1893
f 1875/3579/1876 2000/3846/2001 1798/3580/1799
f 1798/3580/1799 2000/3846/2001 1973/3847/1974
f 1924/3848/1925 1857/3849/1858 2001/3850/2002
f 1817/3464/1818 1973/3796/1974 1893/3616/1894
f 1975/3800/1976 2002/3851/2003 1828/3798/1829
f 1938/3801/1939 1956/3852/1957 1911/3651/1912
f 1955/3755/1956 1876/3581/1877 2003/3853/2004
f 1849/3528/1850 1878/3583/1879 2004/3854/2005
f 1820/3498/1821 1978/3807/1979 1976/3855/1977
f 1943/3731/1944 2005/3856/2006 1958/3759/1959
f 1941/3812/1942 1943/3731/1944 1879/3730/1880
f 1982/3814/1983 1995/3857/1996 1914/3764/1915
f 1850/3529/1851 2006/3858/2007 1822/3477/1823
f 1959/3762/1960 2007/3859/2008 1946/3763/1947
f 1946/3860/1947 2008/3861/2009 1967/3837/1968
f 1913/3817/1914 2009/3862/2010 1940/3815/1941
f 1854/3538/1855 1970/3784/1971 1555/3539/1556
f 1650/3630/1651 2010/3863/2011 1757/3359/1758
f 1901/3632/1902 1916/3766/1917 1996/3839/1997
f 1916/3662/1917 1915/3661/1916 2011/3864/2012
f 1918/3664/1919 2012/3865/2013 1832/3502/1833
f 1842/3567/1843 1855/3866/1856 2013/3867/2014
f 1855/3866/1856 1920/3671/1921 2013/3867/2014
f 1833/3672/1834 1920/3671/1921 1855/3866/1856
f 1936/3721/1937 2014/3868/2015 1875/3722/1876
f 1893/3696/1894 2015/3869/2016 1876/3617/1877
f 1876/3617/1877 2015/3869/2016 2003/3870/2004
f 1926/3697/1927 2016/3871/2017 1860/3653/1861
f 1978/3807/1979 1944/3733/1945 2017/3872/2018
f 1966/3775/1967 1958/3758/1959 2005/3873/2006
f 1944/3733/1945 1980/3809/1981 2017/3872/2018
f 1863/3555/1864 1995/3838/1996 1980/3809/1981
f 2018/3874/2019 1959/3760/1960 1947/3736/1948
f 1913/3780/1914 1984/3819/1985 2009/3875/2010
f 1968/3779/1969 2019/3876/2020 1984/3819/1985
f 1725/3877/1726 2020/3878/2021 1839/3879/1840
f 1915/3661/1916 1960/3768/1961 2011/3864/2012
f 2012/3865/2013 1780/3738/1781 1832/3502/1833
f 1931/3707/1932 1963/3771/1964 1998/3841/1999
f 1868/3566/1869 2013/3867/2014 1987/3823/1988
f 1971/3791/1972 1908/3644/1909 2021/3880/2022
f 1951/3749/1952 1989/3825/1990 1965/3793/1966
f 1935/3881/1936 2022/3882/2023 1936/3721/1937
f 1655/3137/1656 2023/3883/2024 1857/3547/1858
f 1927/3698/1928 1957/3757/1958 1928/3699/1929
f 1992/3884/1993 1993/3885/1994 1939/3886/1940
f 1880/3585/1881 1861/3552/1862 1979/3808/1980
f 1850/3529/1851 1979/3808/1980 2006/3858/2007
f 1967/3837/1968 2008/3861/2009 2024/3887/2025
f 1822/3477/1823 2025/3888/2026 1929/3737/1930
f 1929/3702/1930 2024/3887/2025 1983/3818/1984
f 1852/3557/1853 1983/3889/1984 1775/3388/1776
f 1839/3535/1840 2026/3890/2027 2027/3891/2028
f 1996/3839/1997 2028/3892/2029 1917/3663/1918
f 1638/3786/1639 1962/3893/1963 1948/3741/1949
f 1998/3842/1999 2029/3894/2030 1964/3773/1965
f 1868/3566/1869 1842/3567/1843 2013/3867/2014
f 1964/3773/1965 2029/3894/2030 1919/3669/1920
f 1919/3669/1920 1920/3671/1921 1869/3569/1870
f 1988/3895/1989 2030/3896/2031 1949/3897/1950
f 1949/3898/1950 2030/3899/2031 1950/3900/1951
f 1889/3748/1890 2031/3901/2032 1908/3644/1909
f 1889/3902/1890 1848/3903/1849 2031/3904/2032
f 1989/3825/1990 2032/3905/2033 1965/3793/1966
f 1874/3576/1875 2033/3906/2034 2034/3907/2035
f 1874/3576/1875 2034/3907/2035 1786/3649/1787
f 1815/3459/1816 1991/3831/1992 1814/3460/1815
f 1800/3433/1801 1924/3848/1925 2035/3908/2036
f 1973/3796/1974 2015/3909/2016 1893/3616/1894
f 1956/3852/1957 2036/3910/2037 1911/3651/1912
f 2036/3910/2037 1894/3620/1895 1911/3651/1912
f 1849/3528/1850 2004/3854/2005 2037/3911/2038
f 1860/3551/1861 2016/3912/2017 1861/3552/1862
f 1878/3583/1879 1993/3834/1994 2004/3854/2005
f 1978/3807/1979 2017/3872/2018 2038/3913/2039
f 1978/3914/1979 2038/3915/2039 1976/3916/1977
f 1966/3775/1967 2005/3873/2006 1896/3622/1897
f 2039/3917/2040 1928/3699/1929 1957/3757/1958
f 1928/3699/1929 2039/3917/2040 1982/3814/1983
f 1982/3918/1983 2039/3919/2040 2040/3920/2041
f 1982/3918/1983 2040/3920/2041 1995/3838/1996
f 1947/3736/1948 2041/3921/2042 2018/3874/2019
f 1994/3922/1995 2041/3921/2042 1947/3736/1948
f 2018/3923/2019 2007/3924/2008 1959/3925/1960
f 1929/3702/1930 1994/3835/1995 2024/3887/2025
f 1967/3837/1968 2024/3887/2025 1994/3835/1995
f 1946/3763/1947 2007/3859/2008 2008/3926/2009
f 1775/3388/1776 1983/3889/1984 1985/3821/1986
f 1984/3819/1985 2042/3927/2043 2009/3875/2010
f 2027/3891/2028 1986/3822/1987 1839/3535/1840
f 1839/3535/1840 2020/3928/2021 2026/3890/2027
f 2020/3878/2021 1725/3877/1726 2043/3929/2044
f 1298/2923/1299 1900/3765/1901 1854/3538/1855
f 1917/3663/1918 2028/3892/2029 1902/3633/1903
f 1960/3768/1961 1866/3562/1867 1961/3769/1962
f 1883/3667/1884 1780/3666/1781 2044/3930/2045
f 1997/3840/1998 1987/3823/1988 2045/3931/2046
f 1950/3900/1951 2046/3932/2047 1933/3933/1934
f 1848/3903/1849 2047/3934/2048 2031/3904/2032
f 1848/3611/1849 1890/3610/1891 2047/3935/2048
f 1937/3723/1938 2048/3936/2049 1872/3573/1873
f 2049/3937/2050 1991/3831/1992 1815/3459/1816
f 1815/3459/1816 1974/3797/1975 2049/3937/2050
f 1800/3433/1801 2035/3908/2036 1801/3434/1802
f 2017/3872/2018 1980/3809/1981 2040/3920/2041
f 1941/3812/1942 1981/3811/1982 1943/3731/1944
f 1968/3779/1969 1986/3822/1987 2019/3876/2020
f 1916/3766/1917 2011/3938/2012 1996/3839/1997
f 2050/3939/2051 2029/3940/2030 1998/3841/1999
f 2029/3894/2030 2045/3931/2046 1919/3669/1920
f 1920/3671/1921 1919/3669/1920 2045/3931/2046
f 2045/3931/2046 1987/3823/1988 2013/3867/2014
f 2013/3867/2014 1920/3671/1921 2045/3931/2046
f 1999/3844/2000 1965/3793/1966 2032/3905/2033
f 2033/3906/2034 1874/3576/1875 1972/3829/1973
f 2022/3941/2023 1935/3942/1936 2051/3943/2052
f 2051/3943/2052 1935/3942/1936 1910/3944/1911
f 1934/3718/1935 1872/3573/1873 2048/3936/2049
f 2052/3945/2053 1655/3137/1656 1588/3244/1589
f 2053/3946/2054 2000/3846/2001 1875/3579/1876
f 2054/3947/2055 1873/3688/1874 1991/3831/1992
f 2023/3948/2024 2001/3949/2002 1857/3950/1858
f 2000/3846/2001 2055/3951/2056 1973/3847/1974
f 2056/3952/2057 1802/3799/1803 1786/3953/1787
f 2015/3909/2016 1973/3796/1974 2057/3954/2058
f 1956/3756/1957 2057/3954/2058 2055/3955/2056
f 1925/3692/1926 1679/3956/1680 2058/3957/2059
f 2057/3954/2058 1956/3756/1957 2038/3958/2039
f 2002/3959/2003 1926/3697/1927 1828/3492/1829
f 2058/3960/2059 1679/3618/1680 1894/3620/1895
f 1976/3832/1977 2038/3958/2039 1956/3756/1957
f 2059/3961/2060 2016/3962/2017 1926/3963/1927
f 2015/3869/2016 2057/3964/2058 2003/3870/2004
f 2060/3965/2061 1955/3966/1956 2003/3967/2004
f 1955/3968/1956 2060/3969/2061 1957/3970/1958
f 1992/3971/1993 1897/3805/1898 1977/3804/1978
f 2060/3965/2061 2039/3919/2040 1957/3972/1958
f 2060/3965/2061 2017/3872/2018 2039/3919/2040
f 1984/3819/1985 2026/3890/2027 2042/3927/2043
f 2042/3927/2043 2026/3890/2027 2061/3973/2062
f 2062/3974/2063 1970/3784/1971 1854/3538/1855
f 2063/3975/2064 1758/3360/1759 1757/3359/1758
f 2012/3976/2013 2044/3930/2045 1780/3666/1781
f 2044/3930/2045 1961/3769/1962 1883/3667/1884
f 1997/3977/1998 1962/3893/1963 1795/3978/1796
f 2064/3979/2065 2030/3980/2031 1988/3981/1989
f 1908/3644/1909 2065/3982/2066 2021/3880/2022
f 1908/3644/1909 2031/3901/2032 2065/3982/2066
f 1950/3900/1951 2066/3983/2067 2046/3932/2047
f 2031/3904/2032 2047/3934/2048 2067/3984/2068
f 1873/3688/1874 2054/3947/2055 1890/3610/1891
f 2034/3907/2035 2056/3985/2057 1786/3649/1787
f 1973/3796/1974 2055/3955/2056 2057/3954/2058
f 2036/3910/2037 1956/3852/1957 2055/3951/2056
f 1975/3800/1976 2068/3986/2069 2002/3851/2003
f 1849/3987/1850 2037/3988/2038 1954/3989/1955
f 2003/3967/2004 2057/3990/2058 2060/3965/2061
f 2016/3912/2017 2069/3991/2070 1861/3552/1862
f 2038/3913/2039 2017/3872/2018 2060/3965/2061
f 1861/3552/1862 2069/3991/2070 1979/3808/1980
f 1896/3806/1897 2005/3856/2006 2070/3992/2071
f 2039/3919/2040 2017/3872/2018 2040/3920/2041
f 1995/3838/1996 2040/3920/2041 1980/3809/1981
f 1929/3702/1930 2025/3993/2026 1994/3835/1995
f 2019/3876/2020 2026/3890/2027 1984/3819/1985
f 2026/3890/2027 2020/3928/2021 2061/3973/2062
f 1638/3297/1639 1651/3299/1652 1962/3770/1963
f 1933/3994/1934 2051/3943/2052 1910/3944/1911
f 1655/3995/1656 2052/3996/2053 2023/3997/2024
f 1974/3797/1975 1925/3692/1926 2049/3937/2050
f 2056/3952/2057 1975/3800/1976 1802/3799/1803
f 2002/3851/2003 2059/3961/2060 1926/3963/1927
f 2060/3965/2061 2057/3990/2058 2038/3913/2039
f 1993/3885/1994 2071/3998/2072 2072/3999/2073
f 1977/3804/1978 1896/3806/1897 2070/3992/2071
f 1943/3731/1944 1981/3811/1982 2073/4000/2074
f 2006/3858/2007 2025/3888/2026 1822/3477/1823
f 2024/3887/2025 2008/3861/2009 1983/3818/1984
f 1940/3813/1941 2074/4001/2075 1981/3811/1982
f 2019/3876/2020 2027/3891/2028 2026/3890/2027
f 2075/4002/2076 1853/4003/1854 1490/3537/1491
f 1636/3705/1637 2076/4004/2077 1865/3561/1866
f 2028/3892/2029 1996/3839/1997 2011/3938/2012
f 1997/3840/1998 2045/3931/2046 2029/3894/2030
f 2066/3983/2067 1950/3900/1951 2030/3899/2031
f 2014/4005/2015 2053/3946/2054 1875/3579/1876
f 1975/3800/1976 2077/4006/2078 2068/3986/2069
f 2078/4007/2079 1894/3620/1895 2036/3910/2037
f 1993/3885/1994 1992/3884/1993 2071/3998/2072
f 1940/3815/1941 2009/3862/2010 2074/4008/2075
f 1986/3822/1987 2027/3891/2028 2079/4009/2080
f 2020/3928/2021 2043/4010/2044 2061/3973/2062
f 1882/3783/1883 2080/4011/2081 1778/4012/1779
f 2081/4013/2082 1714/3263/1715 1541/2889/1542
f 2082/4014/2083 2028/3892/2029 2011/3938/2012
f 1902/3633/1903 2028/3892/2029 2082/4014/2083
f 1902/3633/1903 2082/4014/2083 1918/3664/1919
f 2012/3865/2013 1918/3664/1919 2082/4014/2083
f 2083/4015/2084 1960/3768/1961 1961/3769/1962
f 2084/4016/2085 1948/3741/1949 1962/3893/1963
f 2064/3979/2065 1988/3981/1989 2085/4017/2086
f 2085/4017/2086 1988/3981/1989 1971/4018/1972
f 2065/4019/2066 2031/3904/2032 2067/3984/2068
f 2086/4020/2087 1933/4021/1934 2046/4022/2047
f 2051/3943/2052 1933/3994/1934 2086/4023/2087
f 2087/4024/2088 1936/3721/1937 2022/3882/2023
f 2088/4025/2089 2000/3846/2001 2053/3946/2054
f 2089/4026/2090 2036/3910/2037 2055/3951/2056
f 2090/4027/2091 2016/3962/2017 2059/3961/2060
f 2037/3911/2038 2004/3854/2005 2091/4028/2092
f 2072/3999/2073 2004/4029/2005 1993/3885/1994
f 2005/3856/2006 1943/3731/1944 2070/3992/2071
f 2041/4030/2042 1994/3835/1995 2025/3993/2026
f 2079/4009/2080 2019/3876/2020 1986/3822/1987
f 2079/4009/2080 2027/3891/2028 2019/3876/2020
f 1490/3537/1491 1744/3333/1745 2075/4002/2076
f 1744/3333/1745 1865/3561/1866 2092/4031/2093
f 2093/4032/2094 1650/4033/1651 1840/4034/1841
f 1757/4035/1758 2094/4036/2095 2063/4037/2064
f 1960/3768/1961 2083/4015/2084 2011/3864/2012
f 1997/4038/1998 2029/3940/2030 2050/3939/2051
f 1971/3791/1972 2095/4039/2096 2085/4040/2086
f 1971/3791/1972 2021/3880/2022 2095/4039/2096
f 2096/4041/2097 2066/3983/2067 2030/3899/2031
f 2021/3880/2022 2065/3982/2066 2097/4042/2098
f 2087/4024/2088 2014/3868/2015 1936/3721/1937
f 1811/4043/1812 2052/4044/2053 1588/4045/1589
f 1989/3825/1990 2098/4046/2099 2032/3905/2033
f 2099/4047/2100 1890/4048/1891 2054/4049/2055
f 1990/3830/1991 1892/3687/1893 1954/4050/1955
f 2000/3846/2001 2089/4026/2090 2055/3951/2056
f 2100/4051/2101 2078/4007/2079 2036/3910/2037
f 2101/4052/2102 2002/3851/2003 2068/3986/2069
f 2090/4027/2091 2069/4053/2070 2016/3962/2017
f 1977/3804/1978 2070/3992/2071 1992/3971/1993
f 2102/4054/2103 1979/3808/1980 2069/3991/2070
f 1943/3731/1944 2073/4000/2074 2070/3992/2071
f 2041/4055/2042 2103/4056/2104 2018/3923/2019
f 2103/4056/2104 2007/3924/2008 2018/3923/2019
f 2074/4001/2075 2104/4057/2105 1981/3811/1982
f 2105/4058/2106 1983/4059/1984 2106/4060/2107
f 1985/4061/1986 2107/4062/2108 1776/3781/1777
f 2108/4063/2109 1900/3629/1901 1778/3392/1779
f 1840/4034/1841 1970/4064/1971 2109/4065/2110
f 2082/4066/2083 2044/3930/2045 2012/3976/2013
f 2044/3930/2045 2083/4015/2084 1961/3769/1962
f 1903/3634/1904 2110/4067/2111 1963/3771/1964
f 2030/3899/2031 2064/4068/2065 2096/4041/2097
f 2065/4019/2066 2067/3984/2068 2097/4069/2098
f 2067/3984/2068 2047/3934/2048 2111/4070/2112
f 2032/3905/2033 2098/4046/2099 2112/4071/2113
f 2088/4025/2089 2089/4026/2090 2000/3846/2001
f 2036/3910/2037 2089/4026/2090 2100/4051/2101
f 2078/4007/2079 2058/3960/2059 1894/3620/1895
f 2069/4053/2070 2090/4027/2091 2113/4072/2114
f 2069/4053/2070 2113/4072/2114 2102/4073/2103
f 2102/4054/2103 2006/3858/2007 1979/3808/1980
f 1983/4059/1984 2105/4058/2106 1985/4061/1986
f 1969/3782/1970 2080/4011/2081 1882/3783/1883
f 1900/3765/1901 2114/4074/2115 1854/3538/1855
f 1636/3095/1637 1599/3019/1600 2115/4075/2116
f 2093/4076/2094 2010/4077/2011 1650/4078/1651
f 2082/4066/2083 2011/3864/2012 2083/4015/2084
f 2083/4015/2084 2044/3930/2045 2082/4066/2083
f 2095/4039/2096 2116/4079/2117 2117/4080/2118
f 2095/4039/2096 2021/3880/2022 2116/4079/2117
f 2021/3880/2022 2097/4042/2098 2116/4079/2117
f 2066/3983/2067 2118/4081/2119 2119/4082/2120
f 2120/4083/2121 2033/3906/2034 1972/3829/1973
f 2047/3934/2048 1890/4048/1891 2121/4084/2122
f 1989/3825/1990 1990/3830/1991 2098/4046/2099
f 2014/4005/2015 2122/4085/2123 2053/3946/2054
f 2123/4086/2124 1858/3615/1859 1801/3434/1802
f 2004/4029/2005 2072/3999/2073 2091/4087/2092
f 2102/4054/2103 2025/3888/2026 2006/3858/2007
f 2124/4088/2125 2041/4089/2042 2025/4090/2026
f 2073/4000/2074 1981/3811/1982 2104/4057/2105
f 2080/4091/2081 2108/4063/2109 1778/3392/1779
f 2125/4092/2126 2114/4074/2115 1900/3765/1901
f 1636/3705/1637 2115/4093/2116 2076/4004/2077
f 1806/3441/1807 2126/4094/2127 1805/3440/1806
f 2110/4067/2111 1903/3634/1904 1781/3742/1782
f 2066/3983/2067 2096/4041/2097 2118/4081/2119
f 2127/4095/2128 1972/3829/1973 1999/4096/2000
f 2112/4071/2113 1999/3844/2000 2032/3905/2033
f 1934/4097/1935 2048/4098/2049 2128/4099/2129
f 2087/4024/2088 2122/4100/2123 2014/3868/2015
f 2129/4101/2130 2089/4026/2090 2088/4025/2089
f 2130/4102/2131 1975/3800/1976 2056/3952/2057
f 2101/4052/2102 2090/4027/2091 2059/3961/2060
f 2059/3961/2060 2002/3851/2003 2101/4052/2102
f 2130/4102/2131 2077/4006/2078 1975/3800/1976
f 2077/4006/2078 2131/4103/2132 2068/3986/2069
f 2037/3988/2038 2091/4104/2092 2132/4105/2133
f 2132/4106/2133 2091/4087/2092 2072/3999/2073
f 2070/3992/2071 2073/4000/2074 2104/4057/2105
f 2074/4107/2075 2009/3875/2010 2133/4108/2134
f 2134/4109/2135 2135/4110/2136 1854/3538/1855
f 2135/4110/2136 2062/3974/2063 1854/3538/1855
f 2062/4111/2063 2109/4065/2110 1970/4064/1971
f 2136/4112/2137 1757/4035/1758 2010/4077/2011
f 2137/4113/2138 1806/3441/1807 1713/3261/1714
f 1745/3631/1746 2138/4114/2139 1713/3261/1714
f 1541/2889/1542 1758/3360/1759 2081/4013/2082
f 2064/4068/2065 2085/4115/2086 2096/4041/2097
f 2139/4116/2140 2095/4117/2096 2117/4118/2118
f 2085/4115/2086 2095/4119/2096 2096/4041/2097
f 2095/4119/2096 2118/4081/2119 2096/4041/2097
f 2118/4081/2119 2140/4120/2141 2119/4082/2120
f 2066/3983/2067 2119/4082/2120 2046/3932/2047
f 2087/4024/2088 2022/3882/2023 2141/4121/2142
f 2111/4070/2112 2047/3934/2048 2121/4084/2122
f 1890/4048/1891 2099/4047/2100 2121/4084/2122
f 1924/3848/1925 2001/3850/2002 2035/3908/2036
f 2089/4026/2090 2129/4101/2130 2100/4051/2101
f 1954/3989/1955 2037/3988/2038 2142/4122/2143
f 2090/4027/2091 2101/4052/2102 2113/4072/2114
f 2068/3986/2069 2131/4103/2132 2101/4052/2102
f 2143/4123/2144 2131/4103/2132 2077/4006/2078
f 2072/3999/2073 2071/3998/2072 2144/4124/2145
f 1992/3884/1993 2145/4125/2146 2071/3998/2072
f 1992/3971/1993 2070/3992/2071 2145/4126/2146
f 2124/4127/2125 2025/3888/2026 2102/4054/2103
f 2124/4128/2125 2103/4056/2104 2041/4055/2042
f 2146/4129/2147 2007/3924/2008 2103/4056/2104
f 2008/3861/2009 2106/4130/2107 1983/3818/1984
f 2147/4131/2148 2074/4132/2075 2133/4133/2134
f 2075/4002/2076 1744/3333/1745 2148/4134/2149
f 1854/3538/1855 2114/4074/2115 2134/4109/2135
f 2109/4065/2110 2093/4032/2094 1840/4034/1841
f 2126/4094/2127 1806/3441/1807 2149/4135/2150
f 2149/4135/2150 1806/3441/1807 2137/4113/2138
f 2136/4112/2137 2094/4036/2095 1757/4035/1758
f 2119/4136/2120 2150/4137/2151 2046/4022/2047
f 2067/4138/2068 2151/4139/2152 2097/4140/2098
f 2046/4022/2047 2152/4141/2153 2086/4020/2087
f 2153/4142/2154 2122/4100/2123 2087/4024/2088
f 2053/3946/2054 2154/4143/2155 2088/4025/2089
f 1937/4144/1938 1858/4145/1859 2155/4146/2156
f 1925/3692/1926 2058/3957/2059 2049/3937/2050
f 2143/4123/2144 2124/4147/2125 2131/4103/2132
f 2113/4072/2114 2124/4147/2125 2102/4073/2103
f 2124/4147/2125 2143/4123/2144 2103/4148/2104
f 1776/3781/1777 2156/4149/2157 1969/3782/1970
f 1853/4003/1854 2157/4150/2158 1725/4151/1726
f 2076/4004/2077 2092/4031/2093 1865/3561/1866
f 2135/4152/2136 2158/4153/2159 2062/4111/2063
f 1714/4154/1715 2138/4114/2139 1745/3631/1746
f 2117/4118/2118 2159/4155/2160 2139/4116/2140
f 2097/4042/2098 2151/4156/2152 2116/4079/2117
f 2119/4157/2120 2140/4158/2141 2150/4159/2151
f 2152/4141/2153 2160/4160/2161 2086/4020/2087
f 1972/3829/1973 2127/4095/2128 2120/4083/2121
f 2051/4161/2052 2161/4162/2162 2022/3882/2023
f 2088/4025/2089 2154/4143/2155 2129/4101/2130
f 2035/4163/2036 2001/4164/2002 2162/4165/2163
f 2100/4051/2101 2163/4166/2164 2078/4007/2079
f 2131/4103/2132 2124/4147/2125 2113/4072/2114
f 2072/3999/2073 2144/4124/2145 2164/4167/2165
f 2070/4168/2071 2104/4169/2105 2165/4170/2166
f 2074/4132/2075 2147/4131/2148 2104/4169/2105
f 2042/3927/2043 2133/4108/2134 2009/3875/2010
f 2042/3927/2043 2061/3973/2062 2133/4108/2134
f 2061/3973/2062 2043/4010/2044 2166/4171/2167
f 2043/4010/2044 2167/4172/2168 2166/4171/2167
f 2043/4173/2044 2157/4174/2158 2167/4175/2168
f 1948/3741/1949 2084/4016/2085 1930/3706/1931
f 1930/3706/1931 2110/4176/2111 1781/3396/1782
f 1963/3771/1964 2110/4067/2111 2050/3939/2051
f 1963/3771/1964 2050/3939/2051 1998/3841/1999
f 2095/4119/2096 2168/4177/2169 2118/4081/2119
f 2168/4177/2169 2140/4120/2141 2118/4081/2119
f 2099/4047/2100 2169/4178/2170 2121/4084/2122
f 2099/4047/2100 2054/4049/2055 2170/4179/2171
f 1858/4145/1859 2123/4180/2124 2155/4146/2156
f 2171/4181/2172 2172/4182/2173 2173/4183/2174
f 2058/4184/2059 2078/4185/2079 2174/4186/2175
f 2130/4102/2131 2143/4123/2144 2077/4006/2078
f 2113/4072/2114 2101/4052/2102 2131/4103/2132
f 2132/4106/2133 2072/3999/2073 2164/4167/2165
f 2143/4123/2144 2175/4187/2176 2103/4148/2104
f 2175/4188/2176 2146/4129/2147 2103/4056/2104
f 2070/4168/2071 2165/4170/2166 2145/4125/2146
f 1725/3877/1726 2157/4189/2158 2043/3929/2044
f 1805/3440/1806 2176/4190/2177 1599/4191/1600
f 2121/4084/2122 2177/4192/2178 2111/4070/2112
f 1811/4043/1812 1952/4193/1953 2178/4194/2179
f 2121/4084/2122 2169/4178/2170 2177/4192/2178
f 2053/3946/2054 2122/4085/2123 2179/4195/2180
f 2053/3946/2054 2179/4195/2180 2154/4143/2155
f 2049/3937/2050 2180/4196/2181 1991/3831/1992
f 2172/4197/2173 2181/4198/2182 2182/4199/2183
f 2162/4165/2163 2183/4200/2184 2035/4163/2036
f 2184/4201/2185 2163/4202/2164 2100/4203/2101
f 2058/3957/2059 2180/4196/2181 2049/3937/2050
f 2172/4182/2173 2182/4204/2183 2173/4183/2174
f 2107/4062/2108 1985/4061/1986 2185/4205/2186
f 2148/4134/2149 1744/3333/1745 2092/4031/2093
f 2093/4032/2094 2109/4065/2110 2186/4206/2187
f 1758/4207/1759 2063/4037/2064 2081/4208/2082
f 2095/4119/2096 2139/4209/2140 2168/4177/2169
f 2150/4137/2151 2152/4141/2153 2046/4022/2047
f 2152/4141/2153 2150/4137/2151 2160/4160/2161
f 2067/3984/2068 2111/4070/2112 2151/4210/2152
f 2087/4024/2088 2141/4121/2142 2187/4211/2188
f 2022/3882/2023 2161/4162/2162 2141/4121/2142
f 2086/4020/2087 2188/4212/2189 2051/4213/2052
f 2051/4214/2052 2189/4215/2190 2161/4216/2162
f 2112/4217/2113 2098/4218/2099 2190/4219/2191
f 2034/3907/2035 2191/4220/2192 2056/3985/2057
f 1990/3830/1991 1954/4050/1955 2098/4046/2099
f 2171/4181/2172 2192/4221/2193 2172/4182/2173
f 2193/4222/2194 2181/4198/2182 2172/4197/2173
f 2100/4051/2101 2129/4101/2130 2184/4223/2185
f 2058/3957/2059 2174/4224/2175 2180/4196/2181
f 2037/3988/2038 2132/4105/2133 2194/4225/2195
f 2145/4125/2146 2144/4124/2145 2071/3998/2072
f 2007/3924/2008 2146/4129/2147 2008/4226/2009
f 2167/4227/2168 2195/4228/2196 2166/4229/2167
f 2080/4011/2081 1969/3782/1970 2196/4230/2197
f 2108/4063/2109 2197/4231/2198 1900/3629/1901
f 2076/4004/2077 2198/4232/2199 2092/4031/2093
f 2159/4155/2160 2117/4118/2118 2199/4233/2200
f 2117/4080/2118 2116/4079/2117 2199/4234/2200
f 2116/4079/2117 2168/4235/2169 2199/4234/2200
f 2111/4070/2112 2177/4192/2178 2200/4236/2201
f 2086/4020/2087 2160/4160/2161 2188/4212/2189
f 1811/4043/1812 2178/4194/2179 2052/4044/2053
f 2129/4237/2130 2154/4238/2155 2184/4239/2185
f 2163/4202/2164 2174/4186/2175 2078/4185/2079
f 2037/3988/2038 2194/4225/2195 2142/4122/2143
f 2130/4102/2131 2175/4187/2176 2143/4123/2144
f 2145/4125/2146 2201/4240/2202 2144/4124/2145
f 2104/4169/2105 2147/4131/2148 2165/4170/2166
f 2133/4241/2134 2061/4242/2062 2202/4243/2203
f 2061/4242/2062 2166/4229/2167 2202/4243/2203
f 2080/4011/2081 2196/4230/2197 2108/4244/2109
f 1900/3629/1901 2197/4231/2198 2125/4245/2126
f 2062/4111/2063 2158/4153/2159 2203/4246/2204
f 2093/4076/2094 2204/4247/2205 2010/4077/2011
f 2137/4113/2138 2205/4248/2206 2149/4135/2150
f 2168/4235/2169 2116/4079/2117 2140/4249/2141
f 2140/4158/2141 2151/4250/2152 2206/4251/2207
f 2116/4252/2117 2151/4250/2152 2140/4158/2141
f 2140/4158/2141 2206/4251/2207 2150/4159/2151
f 2151/4210/2152 2111/4070/2112 2206/4253/2207
f 2087/4024/2088 2187/4211/2188 2153/4142/2154
f 2033/3906/2034 2120/4083/2121 2207/4254/2208
f 2051/4214/2052 2188/4255/2189 2189/4215/2190
f 2172/4197/2173 2192/4256/2193 2193/4222/2194
f 1991/3831/1992 2180/4196/2181 2054/3947/2055
f 2035/3908/2036 2123/4086/2124 1801/3434/1802
f 2056/3985/2057 2208/4257/2209 2130/4258/2131
f 2173/4259/2174 2209/4260/2210 2171/4261/2172
f 2167/4227/2168 2210/4262/2211 2195/4228/2196
f 2126/4094/2127 2176/4190/2177 1805/3440/1806
f 1714/4154/1715 2081/4263/2082 2138/4114/2139
f 1930/3706/1931 2084/4016/2085 2110/4176/2111
f 1962/3893/1963 1997/3977/1998 2084/4016/2085
f 2139/4116/2140 2159/4155/2160 2168/4264/2169
f 2168/4235/2169 2159/4265/2160 2199/4234/2200
f 2111/4070/2112 2200/4236/2201 2206/4253/2207
f 2033/3906/2034 2207/4254/2208 2034/3907/2035
f 1954/4266/1955 2142/4267/2143 2098/4218/2099
f 2191/4220/2192 2208/4257/2209 2056/3985/2057
f 2183/4200/2184 2123/4268/2124 2035/4163/2036
f 2182/4199/2183 2181/4198/2182 2211/4269/2212
f 2173/4183/2174 2182/4204/2183 2211/4270/2212
f 2147/4271/2148 2133/4272/2134 2212/4273/2213
f 2075/4002/2076 2157/4150/2158 1853/4003/1854
f 2136/4112/2137 2010/4077/2011 2204/4247/2205
f 2138/4114/2139 2137/4113/2138 1713/3261/1714
f 1997/4038/1998 2050/3939/2051 2084/4274/2085
f 2213/4275/2214 2150/4159/2151 2206/4251/2207
f 2214/4276/2215 2160/4160/2161 2150/4137/2151
f 2127/4277/2128 1999/3844/2000 2112/4071/2113
f 2153/4142/2154 2179/4278/2180 2122/4100/2123
f 2161/4216/2162 2189/4215/2190 2215/4279/2216
f 2216/4280/2217 2170/4179/2171 2054/4049/2055
f 2217/4281/2218 2001/3949/2002 2023/3948/2024
f 2190/4219/2191 2098/4218/2099 2142/4267/2143
f 2184/4201/2185 2218/4282/2219 2163/4202/2164
f 2164/4283/2165 2194/4225/2195 2132/4105/2133
f 2105/4058/2106 2185/4205/2186 1985/4061/1986
f 1599/4284/1600 2176/4285/2177 2115/4286/2116
f 2126/4094/2127 2149/4135/2150 2219/4287/2220
f 2084/4274/2085 2050/3939/2051 2110/4067/2111
f 2213/4275/2214 2206/4251/2207 2200/4288/2201
f 2214/4276/2215 2188/4212/2189 2160/4160/2161
f 2188/4255/2189 2220/4289/2221 2189/4215/2190
f 2128/4099/2129 2048/4098/2049 2221/4290/2222
f 2161/4162/2162 2215/4291/2216 2222/4292/2223
f 2048/4098/2049 1937/4144/1938 2221/4290/2222
f 2170/4179/2171 2169/4178/2170 2099/4047/2100
f 2171/4293/2172 2191/4294/2192 2207/4295/2208
f 2184/4201/2185 2215/4279/2216 2218/4282/2219
f 2054/4049/2055 2180/4296/2181 2216/4280/2217
f 2171/4261/2172 2209/4260/2210 2191/4297/2192
f 2181/4198/2182 2223/4298/2224 2211/4269/2212
f 2144/4124/2145 2201/4240/2202 2224/4299/2225
f 2225/4300/2226 2226/4301/2227 2146/4129/2147
f 2227/4302/2228 2195/4228/2196 2210/4262/2211
f 2156/4149/2157 2228/4303/2229 1969/3782/1970
f 2229/4304/2230 2230/4305/2231 2231/4306/2232
f 2231/4306/2232 2232/4307/2233 2229/4304/2230
f 2135/4152/2136 2233/4308/2234 2158/4153/2159
f 2158/4153/2159 2234/4309/2235 2203/4246/2204
f 2203/4246/2204 2109/4065/2110 2062/4111/2063
f 2149/4135/2150 2205/4248/2206 2219/4287/2220
f 2150/4137/2151 2213/4310/2214 2214/4276/2215
f 2200/4236/2201 2177/4192/2178 2235/4311/2236
f 2189/4215/2190 2218/4282/2219 2215/4279/2216
f 2236/4312/2237 2184/4239/2185 2154/4238/2155
f 2001/3949/2002 2217/4281/2218 2162/4313/2163
f 2173/4183/2174 2211/4270/2212 2209/4314/2210
f 2175/4188/2176 2225/4300/2226 2146/4129/2147
f 2226/4301/2227 2237/4315/2238 2146/4129/2147
f 2146/4129/2147 2237/4315/2238 2008/4226/2009
f 2147/4131/2148 2238/4316/2239 2165/4170/2166
f 2227/4302/2228 2239/4317/2240 2240/4318/2241
f 2231/4306/2232 2241/4319/2242 2242/4320/2243
f 2231/4306/2232 2230/4305/2231 2241/4319/2242
f 2242/4320/2243 2232/4307/2233 2231/4306/2232
f 2229/4304/2230 2232/4307/2233 2243/4321/2244
f 2108/4063/2109 2230/4305/2231 2197/4231/2198
f 2243/4321/2244 2230/4305/2231 2229/4304/2230
f 2198/4322/2199 2076/4323/2077 2244/4324/2245
f 2109/4065/2110 2203/4246/2204 2186/4206/2187
f 2200/4325/2201 2245/4326/2246 2246/4327/2247
f 2247/4328/2248 2187/4211/2188 2141/4121/2142
f 2141/4121/2142 2161/4162/2162 2222/4292/2223
f 1953/4329/1954 2128/4099/2129 1952/4330/1953
f 2178/4331/2179 2248/4332/2249 2052/4333/2053
f 2052/4334/2053 2217/4281/2218 2023/3948/2024
f 2169/4178/2170 2170/4179/2171 2220/4335/2221
f 2034/4336/2035 2207/4295/2208 2191/4294/2192
f 2192/4337/2193 2171/4293/2172 2249/4338/2250
f 2170/4339/2171 2216/4340/2217 2250/4341/2251
f 2218/4282/2219 2250/4341/2251 2163/4202/2164
f 2163/4202/2164 2250/4341/2251 2174/4186/2175
f 2209/4342/2210 2211/4343/2212 2251/4344/2252
f 2145/4125/2146 2165/4170/2166 2201/4240/2202
f 1776/3781/1777 2107/4062/2108 2156/4149/2157
f 2227/4302/2228 2210/4262/2211 2239/4317/2240
f 2167/4227/2168 2252/4345/2253 2210/4262/2211
f 2167/4227/2168 2157/4346/2158 2252/4345/2253
f 2241/4319/2242 2232/4307/2233 2242/4320/2243
f 2196/4230/2197 2253/4347/2254 2108/4244/2109
f 2148/4134/2149 2092/4031/2093 2254/4348/2255
f 2126/4094/2127 2219/4287/2220 2255/4349/2256
f 2246/4327/2247 2213/4350/2214 2200/4325/2201
f 2141/4351/2142 2256/4352/2257 2247/4353/2248
f 2153/4142/2154 2187/4211/2188 2257/4354/2258
f 2127/4355/2128 2249/4338/2250 2120/4356/2121
f 1934/4097/1935 2128/4099/2129 1953/4329/1954
f 2207/4295/2208 2120/4356/2121 2249/4338/2250
f 2153/4142/2154 2258/4357/2259 2179/4278/2180
f 2184/4239/2185 2236/4312/2237 2215/4358/2216
f 2216/4359/2217 2180/4196/2181 2174/4224/2175
f 2259/4360/2260 2142/4361/2143 2194/4362/2195
f 2260/4363/2261 2164/4364/2165 2144/4365/2145
f 2147/4131/2148 2212/4366/2213 2238/4316/2239
f 2228/4303/2229 2156/4149/2157 2107/4062/2108
f 2261/4367/2262 2232/4307/2233 2241/4319/2242
f 2253/4368/2254 2230/4305/2231 2108/4063/2109
f 2253/4368/2254 2241/4319/2242 2230/4305/2231
f 2262/4369/2263 2243/4321/2244 2232/4307/2233
f 2230/4305/2231 2243/4321/2244 2197/4231/2198
f 2197/4231/2198 2243/4321/2244 2262/4369/2263
f 2126/4094/2127 2255/4349/2256 2176/4190/2177
f 2263/4370/2264 2137/4113/2138 2138/4114/2139
f 2205/4248/2206 2137/4113/2138 2263/4370/2264
f 2264/4371/2265 1952/4330/1953 2128/4099/2129
f 2112/4217/2113 2190/4219/2191 2265/4372/2266
f 2171/4293/2172 2207/4295/2208 2249/4338/2250
f 2222/4292/2223 2215/4291/2216 2236/4373/2237
f 2154/4238/2155 2179/4374/2180 2236/4312/2237
f 2189/4215/2190 2220/4289/2221 2218/4282/2219
f 2170/4339/2171 2250/4341/2251 2220/4289/2221
f 2220/4289/2221 2250/4341/2251 2218/4282/2219
f 2216/4340/2217 2174/4186/2175 2250/4341/2251
f 2266/4375/2267 2223/4298/2224 2181/4198/2182
f 2194/4362/2195 2267/4376/2268 2259/4360/2260
f 2259/4360/2260 2267/4376/2268 2268/4377/2269
f 2164/4364/2165 2260/4363/2261 2194/4378/2195
f 2238/4316/2239 2201/4240/2202 2165/4170/2166
f 2240/4318/2241 2269/4379/2270 2270/4380/2271
f 2240/4318/2241 2239/4317/2240 2269/4379/2270
f 2107/4062/2108 2271/4381/2272 2228/4303/2229
f 2227/4302/2228 2166/4229/2167 2195/4228/2196
f 2228/4303/2229 2196/4230/2197 1969/3782/1970
f 2272/4382/2273 2253/4347/2254 2196/4230/2197
f 2261/4367/2262 2273/4383/2274 2232/4307/2233
f 2274/4384/2275 2125/4245/2126 2197/4231/2198
f 2275/4385/2276 2134/4109/2135 2114/4074/2115
f 2244/4324/2245 2076/4323/2077 2115/4386/2116
f 2276/4387/2277 2234/4309/2235 2158/4153/2159
f 2093/4076/2094 2277/4388/2278 2204/4247/2205
f 2246/4327/2247 2278/4389/2279 2213/4350/2214
f 2279/4390/2280 2214/4391/2215 2213/4350/2214
f 2200/4325/2201 2280/4392/2281 2245/4326/2246
f 2281/4393/2282 2187/4394/2188 2247/4395/2248
f 2141/4121/2142 2222/4292/2223 2282/4396/2283
f 1952/4330/1953 2264/4371/2265 2178/4397/2179
f 2177/4192/2178 2169/4178/2170 2283/4398/2284
f 2248/4332/2249 2217/4399/2218 2052/4333/2053
f 2192/4256/2193 2284/4400/2285 2193/4222/2194
f 2208/4401/2209 2209/4342/2210 2251/4344/2252
f 2130/4102/2131 2285/4402/2286 2175/4187/2176
f 2194/4362/2195 2260/4403/2261 2267/4376/2268
f 2144/4365/2145 2286/4404/2287 2260/4363/2261
f 2008/4226/2009 2237/4315/2238 2106/4405/2107
f 2287/4406/2288 2241/4407/2242 2253/4347/2254
f 2198/4322/2199 2244/4324/2245 2288/4408/2289
f 2114/4074/2115 2125/4092/2126 2275/4385/2276
f 2234/4309/2235 2186/4206/2187 2203/4246/2204
f 2280/4392/2281 2200/4325/2201 2235/4409/2236
f 2281/4393/2282 2257/4410/2258 2187/4394/2188
f 2257/4354/2258 2258/4357/2259 2153/4142/2154
f 2112/4411/2113 2284/4412/2285 2127/4355/2128
f 2177/4192/2178 2283/4398/2284 2235/4311/2236
f 2169/4178/2170 2220/4335/2221 2283/4398/2284
f 2249/4338/2250 2284/4412/2285 2192/4337/2193
f 2179/4374/2180 2289/4413/2290 2236/4312/2237
f 2259/4360/2260 2290/4414/2291 2142/4361/2143
f 2225/4300/2226 2291/4415/2292 2226/4301/2227
f 2269/4416/2270 2292/4417/2293 2270/4418/2271
f 2228/4303/2229 2272/4382/2273 2196/4230/2197
f 2261/4419/2262 2287/4406/2288 2293/4420/2294
f 2272/4382/2273 2287/4406/2288 2253/4347/2254
f 2241/4319/2242 2287/4421/2288 2261/4367/2262
f 2233/4308/2234 2276/4387/2277 2158/4153/2159
f 2186/4206/2187 2277/4422/2278 2093/4032/2094
f 2205/4248/2206 2294/4423/2295 2219/4287/2220
f 2246/4327/2247 2245/4326/2246 2295/4424/2296
f 2278/4389/2279 2279/4390/2280 2213/4350/2214
f 2141/4121/2142 2282/4396/2283 2256/4425/2257
f 2214/4426/2215 2296/4427/2297 2188/4255/2189
f 2188/4255/2189 2296/4427/2297 2220/4289/2221
f 2222/4292/2223 2236/4373/2237 2282/4396/2283
f 2190/4428/2191 2142/4361/2143 2290/4414/2291
f 2191/4429/2192 2209/4342/2210 2208/4401/2209
f 2208/4401/2209 2285/4430/2286 2130/4431/2131
f 2144/4124/2145 2224/4299/2225 2286/4432/2287
f 2106/4060/2107 2297/4433/2298 2105/4058/2106
f 2105/4058/2106 2298/4434/2299 2299/4435/2300
f 2299/4435/2300 2185/4205/2186 2105/4058/2106
f 2133/4272/2134 2202/4436/2203 2212/4273/2213
f 2107/4062/2108 2300/4437/2301 2271/4381/2272
f 2270/4380/2271 2301/4438/2302 2240/4318/2241
f 2240/4318/2241 2301/4438/2302 2227/4302/2228
f 2210/4262/2211 2252/4345/2253 2239/4317/2240
f 2166/4229/2167 2302/4439/2303 2202/4243/2203
f 2301/4438/2302 2166/4229/2167 2227/4302/2228
f 2157/4346/2158 2148/4440/2149 2303/4441/2304
f 2075/4002/2076 2148/4134/2149 2157/4150/2158
f 2198/4232/2199 2254/4348/2255 2092/4031/2093
f 2246/4327/2247 2295/4424/2296 2278/4389/2279
f 2279/4442/2280 2304/4443/2305 2214/4426/2215
f 2127/4355/2128 2284/4412/2285 2249/4338/2250
f 2284/4400/2285 2112/4444/2113 2265/4445/2266
f 2258/4357/2259 2289/4446/2290 2179/4278/2180
f 2284/4400/2285 2265/4445/2266 2193/4222/2194
f 2305/4447/2306 2193/4222/2194 2265/4445/2266
f 2266/4375/2267 2181/4198/2182 2193/4222/2194
f 2268/4448/2269 2267/4449/2268 2260/4363/2261
f 2306/4450/2307 2225/4300/2226 2175/4188/2176
f 2306/4450/2307 2307/4451/2308 2225/4300/2226
f 2225/4300/2226 2307/4451/2308 2291/4415/2292
f 2308/4452/2309 2309/4453/2310 2310/4454/2311
f 2308/4452/2309 2292/4417/2293 2309/4453/2310
f 2298/4434/2299 2105/4058/2106 2297/4433/2298
f 2238/4455/2239 2212/4456/2213 2311/4457/2312
f 2312/4458/2313 2309/4453/2310 2292/4417/2293
f 2313/4459/2314 2270/4418/2271 2292/4417/2293
f 2269/4379/2270 2239/4317/2240 2252/4345/2253
f 2272/4382/2273 2228/4303/2229 2271/4381/2272
f 2273/4383/2274 2261/4367/2262 2293/4460/2294
f 2262/4369/2263 2232/4307/2233 2273/4383/2274
f 2314/4461/2315 2197/4231/2198 2262/4369/2263
f 2315/4462/2316 2115/4463/2116 2176/4464/2177
f 2316/4465/2317 2295/4424/2296 2245/4326/2246
f 2316/4465/2317 2245/4326/2246 2280/4392/2281
f 2281/4393/2282 2247/4395/2248 2317/4466/2318
f 2256/4467/2257 2282/4468/2283 2318/4469/2319
f 2319/4470/2320 2235/4311/2236 2283/4398/2284
f 2211/4471/2212 2320/4472/2321 2251/4473/2252
f 2291/4415/2292 2237/4315/2238 2226/4301/2227
f 2291/4415/2292 2321/4474/2322 2237/4315/2238
f 2307/4451/2308 2321/4474/2322 2291/4415/2292
f 2322/4475/2323 2310/4454/2311 2323/4476/2324
f 2308/4452/2309 2313/4459/2314 2292/4417/2293
f 2299/4435/2300 2107/4062/2108 2185/4205/2186
f 2312/4458/2313 2292/4417/2293 2269/4416/2270
f 2197/4231/2198 2314/4461/2315 2274/4384/2275
f 2294/4423/2295 2205/4248/2206 2324/4477/2325
f 2094/4036/2095 2325/4478/2326 2063/4037/2064
f 2205/4248/2206 2263/4370/2264 2324/4477/2325
f 2280/4392/2281 2235/4409/2236 2326/4479/2327
f 2214/4426/2215 2304/4443/2305 2296/4427/2297
f 2257/4354/2258 2327/4480/2328 2258/4357/2259
f 2296/4427/2297 2283/4481/2284 2220/4289/2221
f 2282/4396/2283 2236/4373/2237 2289/4482/2290
f 2307/4451/2308 2328/4483/2329 2321/4474/2322
f 2310/4454/2311 2322/4475/2323 2308/4452/2309
f 2237/4315/2238 2329/4484/2330 2106/4405/2107
f 2323/4476/2324 2330/4485/2331 2331/4486/2332
f 2310/4454/2311 2309/4453/2310 2323/4476/2324
f 2270/4380/2271 2313/4487/2314 2301/4438/2302
f 2157/4346/2158 2303/4441/2304 2252/4345/2253
f 2273/4383/2274 2314/4461/2315 2262/4369/2263
f 2274/4384/2275 2332/4488/2333 2125/4245/2126
f 2333/4489/2334 2278/4389/2279 2295/4424/2296
f 2247/4353/2248 2334/4490/2335 2317/4491/2318
f 2247/4353/2248 2256/4352/2257 2334/4490/2335
f 2296/4492/2297 2319/4470/2320 2283/4398/2284
f 2193/4222/2194 2305/4447/2306 2266/4375/2267
f 2190/4428/2191 2290/4414/2291 2305/4493/2306
f 2208/4401/2209 2251/4344/2252 2285/4430/2286
f 2290/4414/2291 2259/4360/2260 2268/4377/2269
f 2335/4494/2336 2308/4452/2309 2322/4475/2323
f 2202/4243/2203 2302/4439/2303 2336/4495/2337
f 2301/4438/2302 2302/4439/2303 2166/4229/2167
f 2252/4345/2253 2303/4441/2304 2337/4496/2338
f 2293/4420/2294 2287/4406/2288 2272/4382/2273
f 2288/4408/2289 2254/4497/2255 2198/4322/2199
f 2288/4408/2289 2244/4324/2245 2338/4498/2339
f 2275/4385/2276 2125/4092/2126 2339/4499/2340
f 2135/4152/2136 2340/4500/2341 2233/4308/2234
f 2263/4501/2264 2138/4502/2139 2341/4503/2342
f 2257/4410/2258 2281/4393/2282 2342/4504/2343
f 2305/4447/2306 2343/4505/2344 2266/4375/2267
f 2266/4375/2267 2344/4506/2345 2223/4298/2224
f 2223/4507/2224 2320/4472/2321 2211/4471/2212
f 2328/4483/2329 2307/4451/2308 2345/4508/2346
f 2323/4476/2324 2331/4486/2332 2322/4475/2323
f 2106/4060/2107 2329/4509/2330 2297/4433/2298
f 2202/4243/2203 2336/4495/2337 2212/4456/2213
f 2303/4510/2304 2148/4511/2149 2346/4512/2347
f 2347/4513/2348 2348/4514/2349 2288/4408/2289
f 2288/4408/2289 2338/4498/2339 2347/4513/2348
f 2234/4309/2235 2349/4515/2350 2186/4206/2187
f 2255/4349/2256 2219/4287/2220 2294/4423/2295
f 2138/4502/2139 2350/4516/2351 2341/4503/2342
f 2341/4503/2342 2351/4517/2352 2263/4501/2264
f 2319/4518/2320 2296/4427/2297 2352/4519/2353
f 2258/4357/2259 2327/4480/2328 2289/4446/2290
f 2190/4520/2191 2305/4447/2306 2265/4445/2266
f 2268/4448/2269 2260/4363/2261 2353/4521/2354
f 2268/4448/2269 2353/4521/2354 2354/4522/2355
f 2285/4430/2286 2306/4523/2307 2175/4524/2176
f 2354/4522/2355 2353/4521/2354 2335/4494/2336
f 2201/4240/2202 2238/4316/2239 2355/4525/2356
f 2309/4453/2310 2312/4458/2313 2323/4476/2324
f 2269/4379/2270 2252/4345/2253 2356/4526/2357
f 2293/4420/2294 2272/4382/2273 2357/4527/2358
f 2134/4528/2135 2358/4529/2359 2135/4152/2136
f 2138/4502/2139 2081/4530/2082 2350/4516/2351
f 2295/4424/2296 2316/4465/2317 2359/4531/2360
f 2342/4504/2343 2327/4532/2328 2257/4410/2258
f 2304/4443/2305 2352/4519/2353 2296/4427/2297
f 2201/4240/2202 2355/4525/2356 2224/4299/2225
f 2360/4533/2361 2322/4475/2323 2331/4486/2332
f 2345/4508/2346 2330/4534/2331 2328/4483/2329
f 2238/4316/2239 2311/4535/2312 2355/4525/2356
f 2297/4433/2298 2361/4536/2362 2298/4434/2299
f 2329/4537/2330 2361/4538/2362 2297/4539/2298
f 2107/4062/2108 2362/4540/2363 2300/4437/2301
f 2252/4345/2253 2337/4496/2338 2356/4526/2357
f 2271/4381/2272 2357/4527/2358 2272/4382/2273
f 2346/4512/2347 2148/4511/2149 2254/4541/2255
f 2244/4324/2245 2363/4542/2364 2338/4498/2339
f 2115/4386/2116 2363/4542/2364 2244/4324/2245
f 2233/4308/2234 2340/4500/2341 2276/4387/2277
f 2255/4543/2256 2364/4544/2365 2176/4464/2177
f 2349/4545/2350 2277/4546/2278 2186/4547/2187
f 2279/4442/2280 2278/4548/2279 2365/4549/2366
f 2365/4549/2366 2366/4550/2367 2279/4442/2280
f 2280/4392/2281 2326/4479/2327 2316/4465/2317
f 2367/4551/2368 2368/4552/2369 2317/4466/2318
f 2334/4490/2335 2369/4553/2370 2317/4491/2318
f 2366/4550/2367 2304/4443/2305 2279/4442/2280
f 2317/4466/2318 2368/4552/2369 2281/4393/2282
f 2326/4479/2327 2235/4409/2236 2352/4554/2353
f 2235/4409/2236 2319/4555/2320 2352/4554/2353
f 2162/4313/2163 2217/4281/2218 2370/4556/2371
f 2268/4377/2269 2371/4557/2372 2290/4414/2291
f 2268/4377/2269 2354/4558/2355 2371/4557/2372
f 2251/4344/2252 2320/4559/2321 2372/4560/2373
f 2335/4494/2336 2353/4521/2354 2308/4452/2309
f 2353/4521/2354 2373/4561/2374 2308/4452/2309
f 2328/4483/2329 2374/4562/2375 2321/4474/2322
f 2328/4483/2329 2330/4534/2331 2374/4562/2375
f 2308/4452/2309 2373/4561/2374 2313/4459/2314
f 2312/4458/2313 2375/4563/2376 2323/4476/2324
f 2299/4435/2300 2362/4540/2363 2107/4062/2108
f 2212/4456/2213 2376/4564/2377 2311/4457/2312
f 2254/4497/2255 2288/4408/2289 2377/4565/2378
f 2377/4565/2378 2348/4514/2349 2378/4566/2379
f 2125/4092/2126 2379/4567/2380 2339/4499/2340
f 2339/4568/2340 2380/4569/2381 2275/4570/2276
f 2134/4528/2135 2275/4571/2276 2358/4529/2359
f 2135/4152/2136 2358/4529/2359 2340/4500/2341
f 2294/4572/2295 2381/4573/2382 2255/4543/2256
f 2063/4037/2064 2325/4478/2326 2081/4208/2082
f 2324/4574/2325 2263/4501/2264 2351/4517/2352
f 2295/4424/2296 2359/4531/2360 2333/4489/2334
f 2281/4393/2282 2368/4552/2369 2342/4504/2343
f 2256/4352/2257 2318/4575/2319 2334/4490/2335
f 2282/4468/2283 2382/4576/2383 2318/4469/2319
f 2264/4577/2265 2383/4578/2384 2178/4579/2179
f 2289/4482/2290 2382/4580/2383 2282/4396/2283
f 1937/4144/1938 2155/4146/2156 2384/4581/2385
f 2370/4582/2371 2183/4583/2184 2162/4584/2163
f 2260/4363/2261 2286/4404/2287 2385/4585/2386
f 2260/4363/2261 2385/4585/2386 2353/4521/2354
f 2330/4534/2331 2345/4508/2346 2331/4586/2332
f 2321/4474/2322 2374/4562/2375 2237/4315/2238
f 2329/4537/2330 2386/4587/2387 2361/4538/2362
f 2212/4456/2213 2336/4495/2337 2376/4564/2377
f 2269/4416/2270 2356/4588/2357 2312/4458/2313
f 2377/4565/2378 2288/4408/2289 2348/4514/2349
f 2115/4386/2116 2315/4589/2316 2363/4542/2364
f 2277/4388/2278 2387/4590/2388 2204/4247/2205
f 2366/4550/2367 2352/4519/2353 2304/4443/2305
f 2326/4591/2327 2352/4519/2353 2366/4550/2367
f 2178/4331/2179 2383/4592/2384 2248/4332/2249
f 2327/4532/2328 2382/4576/2383 2289/4593/2290
f 2123/4594/2124 2183/4583/2184 2388/4595/2389
f 2290/4596/2291 2343/4505/2344 2305/4447/2306
f 2251/4344/2252 2306/4523/2307 2285/4430/2286
f 2306/4450/2307 2345/4508/2346 2307/4451/2308
f 2224/4597/2225 2389/4598/2390 2286/4404/2287
f 2322/4475/2323 2360/4533/2361 2335/4494/2336
f 2298/4599/2299 2361/4538/2362 2390/4600/2391
f 2313/4487/2314 2391/4601/2392 2301/4438/2302
f 2301/4438/2302 2391/4601/2392 2302/4439/2303
f 2300/4437/2301 2392/4602/2393 2271/4381/2272
f 2357/4603/2358 2273/4383/2274 2293/4460/2294
f 2273/4383/2274 2393/4604/2394 2314/4461/2315
f 2378/4566/2379 2348/4514/2349 2394/4605/2395
f 2338/4498/2339 2363/4542/2364 2395/4606/2396
f 2340/4607/2341 2358/4608/2359 2396/4609/2397
f 2234/4610/2235 2397/4611/2398 2349/4612/2350
f 2387/4590/2388 2136/4112/2137 2204/4247/2205
f 2317/4491/2318 2369/4553/2370 2367/4613/2368
f 2316/4465/2317 2326/4479/2327 2359/4531/2360
f 2221/4290/2222 1937/4144/1938 2384/4581/2385
f 2343/4505/2344 2371/4614/2372 2266/4375/2267
f 2320/4615/2321 2223/4298/2224 2344/4506/2345
f 2398/4616/2399 2354/4522/2355 2335/4494/2336
f 2389/4617/2390 2224/4299/2225 2355/4525/2356
f 2399/4618/2400 2331/4486/2332 2345/4619/2346
f 2390/4600/2391 2361/4538/2362 2386/4587/2387
f 2313/4459/2314 2373/4561/2374 2391/4620/2392
f 2391/4601/2392 2400/4621/2401 2302/4439/2303
f 2401/4622/2402 2337/4496/2338 2303/4441/2304
f 2394/4605/2395 2348/4514/2349 2347/4513/2348
f 2332/4623/2333 2379/4624/2380 2125/4625/2126
f 2402/4626/2403 2338/4498/2339 2395/4606/2396
f 2395/4606/2396 2363/4542/2364 2315/4589/2316
f 2364/4544/2365 2255/4543/2256 2381/4573/2382
f 2403/4627/2404 2324/4628/2325 2351/4629/2352
f 2365/4549/2366 2326/4591/2327 2366/4550/2367
f 2404/4630/2405 2334/4490/2335 2318/4575/2319
f 2248/4332/2249 2405/4631/2406 2217/4399/2218
f 2384/4632/2385 2155/4633/2156 2406/4634/2407
f 2343/4505/2344 2290/4596/2291 2371/4614/2372
f 2371/4614/2372 2344/4506/2345 2266/4375/2267
f 2371/4614/2372 2354/4635/2355 2398/4636/2399
f 2251/4344/2252 2372/4560/2373 2306/4523/2307
f 2237/4315/2238 2374/4562/2375 2329/4484/2330
f 2407/4637/2408 2298/4599/2299 2390/4600/2391
f 2330/4485/2331 2323/4476/2324 2375/4563/2376
f 2355/4525/2356 2311/4535/2312 2376/4638/2377
f 2408/4639/2409 2362/4640/2363 2299/4641/2300
f 2376/4564/2377 2336/4495/2337 2400/4621/2401
f 2302/4439/2303 2400/4621/2401 2336/4495/2337
f 2392/4602/2393 2357/4527/2358 2271/4381/2272
f 2357/4642/2358 2409/4643/2410 2273/4644/2274
f 2410/4645/2411 2377/4565/2378 2378/4566/2379
f 2347/4513/2348 2338/4498/2339 2402/4626/2403
f 2411/4646/2412 2234/4610/2235 2276/4647/2277
f 2234/4610/2235 2411/4646/2412 2397/4611/2398
f 2136/4112/2137 2325/4478/2326 2094/4036/2095
f 2081/4530/2082 2412/4648/2413 2350/4516/2351
f 2359/4531/2360 2326/4479/2327 2365/4649/2366
f 2369/4553/2370 2334/4490/2335 2404/4630/2405
f 2342/4504/2343 2382/4576/2383 2327/4532/2328
f 2413/4650/2414 2318/4469/2319 2382/4576/2383
f 2286/4404/2287 2389/4598/2390 2385/4585/2386
f 2385/4585/2386 2373/4561/2374 2353/4521/2354
f 2298/4599/2299 2408/4639/2409 2299/4641/2300
f 2337/4496/2338 2401/4622/2402 2356/4526/2357
f 2303/4651/2304 2414/4652/2415 2401/4653/2402
f 2378/4566/2379 2394/4605/2395 2415/4654/2416
f 2314/4461/2315 2393/4604/2394 2274/4384/2275
f 2394/4605/2395 2347/4513/2348 2416/4655/2417
f 2274/4656/2275 2417/4657/2418 2332/4623/2333
f 2379/4658/2380 2418/4659/2419 2339/4660/2340
f 2379/4658/2380 2419/4661/2420 2418/4659/2419
f 2294/4662/2295 2324/4628/2325 2420/4663/2421
f 2278/4548/2279 2333/4664/2334 2365/4549/2366
f 2368/4552/2369 2367/4551/2368 2421/4665/2422
f 2368/4552/2369 2421/4665/2422 2422/4666/2423
f 2369/4553/2370 2404/4630/2405 2423/4667/2424
f 2422/4666/2423 2424/4668/2425 2368/4552/2369
f 2368/4552/2369 2424/4668/2425 2342/4504/2343
f 2404/4669/2405 2318/4469/2319 2413/4650/2414
f 2128/4670/2129 2221/4671/2222 2264/4672/2265
f 2221/4671/2222 2384/4673/2385 2425/4674/2426
f 2123/4180/2124 2388/4675/2389 2155/4146/2156
f 2335/4494/2336 2360/4533/2361 2398/4616/2399
f 2303/4651/2304 2346/4676/2347 2414/4652/2415
f 2377/4565/2378 2410/4645/2411 2254/4497/2255
f 2410/4677/2411 2378/4678/2379 2415/4679/2416
f 2273/4680/2274 2426/4681/2427 2393/4682/2394
f 2339/4683/2340 2418/4684/2419 2380/4685/2381
f 2419/4661/2420 2427/4686/2428 2418/4659/2419
f 2275/4687/2276 2380/4685/2381 2358/4608/2359
f 2333/4664/2334 2359/4688/2360 2365/4549/2366
f 2342/4504/2343 2413/4650/2414 2382/4576/2383
f 2155/4633/2156 2388/4689/2389 2406/4634/2407
f 2320/4615/2321 2428/4690/2429 2372/4691/2373
f 2331/4486/2332 2399/4618/2400 2360/4533/2361
f 2385/4585/2386 2389/4598/2390 2429/4692/2430
f 2385/4585/2386 2429/4692/2430 2373/4561/2374
f 2373/4693/2374 2429/4694/2430 2391/4601/2392
f 2298/4599/2299 2407/4637/2408 2408/4639/2409
f 2330/4534/2331 2375/4695/2376 2374/4562/2375
f 2355/4525/2356 2376/4638/2377 2389/4617/2390
f 2300/4696/2301 2362/4697/2363 2392/4698/2393
f 2409/4699/2410 2426/4681/2427 2273/4680/2274
f 2332/4623/2333 2419/4700/2420 2379/4624/2380
f 2315/4589/2316 2430/4701/2431 2395/4606/2396
f 2340/4607/2341 2431/4702/2432 2276/4647/2277
f 2136/4112/2137 2387/4590/2388 2325/4478/2326
f 2342/4504/2343 2424/4668/2425 2413/4650/2414
f 2344/4506/2345 2371/4614/2372 2428/4690/2429
f 2344/4506/2345 2428/4690/2429 2320/4615/2321
f 2372/4703/2373 2399/4704/2400 2306/4450/2307
f 2429/4694/2430 2400/4621/2401 2391/4601/2392
f 2389/4617/2390 2376/4638/2377 2429/4705/2430
f 2429/4694/2430 2376/4564/2377 2400/4621/2401
f 2401/4706/2402 2432/4707/2433 2356/4708/2357
f 2419/4709/2420 2433/4710/2434 2427/4711/2428
f 2433/4710/2434 2434/4712/2435 2427/4711/2428
f 2380/4685/2381 2435/4713/2436 2358/4608/2359
f 2315/4462/2316 2176/4464/2177 2364/4544/2365
f 2081/4208/2082 2325/4478/2326 2436/4714/2437
f 2421/4665/2422 2437/4715/2438 2422/4666/2423
f 2437/4715/2438 2424/4668/2425 2422/4666/2423
f 2221/4671/2222 2425/4674/2426 2264/4672/2265
f 2217/4716/2218 2405/4717/2406 2370/4718/2371
f 2384/4719/2385 2438/4720/2439 2439/4721/2440
f 2306/4450/2307 2399/4704/2400 2345/4508/2346
f 2386/4587/2387 2440/4722/2441 2390/4600/2391
f 2441/4723/2442 2392/4724/2393 2362/4640/2363
f 2392/4725/2393 2442/4726/2443 2357/4727/2358
f 2254/4541/2255 2410/4677/2411 2346/4512/2347
f 2410/4677/2411 2415/4679/2416 2443/4728/2444
f 2381/4729/2382 2294/4662/2295 2420/4663/2421
f 2369/4553/2370 2423/4667/2424 2367/4613/2368
f 2384/4719/2385 2444/4730/2445 2438/4720/2439
f 2371/4614/2372 2398/4636/2399 2428/4690/2429
f 2428/4690/2429 2399/4731/2400 2372/4691/2373
f 2329/4732/2330 2445/4733/2446 2386/4734/2387
f 2374/4735/2375 2445/4733/2446 2329/4732/2330
f 2346/4512/2347 2410/4677/2411 2446/4736/2447
f 2415/4679/2416 2394/4737/2395 2416/4738/2417
f 2418/4684/2419 2427/4739/2428 2447/4740/2448
f 2358/4608/2359 2435/4713/2436 2396/4609/2397
f 2396/4609/2397 2448/4741/2449 2340/4607/2341
f 2412/4648/2413 2449/4742/2450 2350/4516/2351
f 2450/4743/2451 2367/4613/2368 2423/4667/2424
f 2413/4650/2414 2424/4668/2425 2451/4744/2452
f 2438/4720/2439 2452/4745/2453 2439/4721/2440
f 2406/4746/2407 2444/4730/2445 2384/4719/2385
f 2370/4582/2371 2388/4595/2389 2183/4583/2184
f 2398/4636/2399 2360/4747/2361 2428/4690/2429
f 2375/4748/2376 2453/4749/2454 2374/4750/2375
f 2356/4708/2357 2432/4707/2433 2454/4751/2455
f 2401/4706/2402 2414/4752/2415 2432/4707/2433
f 2346/4676/2347 2455/4753/2456 2414/4652/2415
f 2416/4655/2417 2347/4513/2348 2402/4626/2403
f 2364/4754/2365 2381/4755/2382 2456/4756/2457
f 2436/4714/2437 2412/4757/2413 2081/4208/2082
f 2450/4743/2451 2421/4758/2422 2367/4613/2368
f 2451/4744/2452 2404/4669/2405 2413/4650/2414
f 2383/4759/2384 2264/4672/2265 2457/4760/2458
f 2405/4761/2406 2248/4762/2249 2383/4759/2384
f 2457/4760/2458 2264/4672/2265 2425/4674/2426
f 2452/4763/2453 2438/4764/2439 2458/4765/2459
f 2444/4730/2445 2459/4766/2460 2438/4720/2439
f 2459/4767/2460 2460/4768/2461 2438/4769/2439
f 2399/4731/2400 2428/4690/2429 2360/4747/2361
f 2440/4770/2441 2386/4734/2387 2445/4733/2446
f 2362/4640/2363 2408/4639/2409 2441/4723/2442
f 2461/4771/2462 2392/4725/2393 2441/4772/2442
f 2312/4773/2313 2356/4708/2357 2454/4751/2455
f 2409/4774/2410 2357/4727/2358 2442/4726/2443
f 2446/4775/2447 2455/4753/2456 2346/4676/2347
f 2462/4776/2463 2380/4685/2381 2418/4684/2419
f 2418/4684/2419 2447/4740/2448 2462/4776/2463
f 2427/4739/2428 2434/4777/2435 2447/4740/2448
f 2315/4462/2316 2364/4544/2365 2463/4778/2464
f 2449/4742/2450 2341/4503/2342 2350/4516/2351
f 2423/4667/2424 2404/4630/2405 2464/4779/2465
f 2464/4779/2465 2404/4630/2405 2451/4780/2452
f 2438/4769/2439 2465/4781/2466 2458/4782/2459
f 2374/4735/2375 2453/4783/2454 2445/4733/2446
f 2454/4751/2455 2432/4707/2433 2466/4784/2467
f 2443/4728/2444 2446/4736/2447 2410/4677/2411
f 2467/4785/2468 2332/4623/2333 2417/4657/2418
f 2380/4685/2381 2462/4776/2463 2435/4713/2436
f 2468/4786/2469 2469/4787/2470 2434/4712/2435
f 2381/4755/2382 2420/4788/2421 2456/4756/2457
f 2421/4758/2422 2464/4779/2465 2437/4789/2438
f 2437/4715/2438 2451/4744/2452 2424/4668/2425
f 2383/4759/2384 2470/4790/2471 2405/4761/2406
f 2457/4760/2458 2425/4674/2426 2471/4791/2472
f 2471/4792/2472 2425/4793/2426 2439/4721/2440
f 2384/4719/2385 2439/4721/2440 2425/4793/2426
f 2406/4746/2407 2388/4794/2389 2444/4730/2445
f 2407/4637/2408 2390/4600/2391 2472/4795/2473
f 2446/4736/2447 2443/4728/2444 2473/4796/2474
f 2474/4797/2475 2443/4728/2444 2475/4798/2476
f 2443/4728/2444 2415/4679/2416 2416/4738/2417
f 2434/4777/2435 2476/4799/2477 2447/4740/2448
f 2340/4607/2341 2448/4741/2449 2431/4702/2432
f 2412/4648/2413 2477/4800/2478 2449/4742/2450
f 2324/4628/2325 2403/4627/2404 2420/4663/2421
f 2450/4743/2451 2423/4667/2424 2464/4779/2465
f 2421/4758/2422 2450/4743/2451 2464/4779/2465
f 2464/4779/2465 2451/4780/2452 2437/4789/2438
f 2471/4792/2472 2452/4745/2453 2478/4801/2479
f 2471/4792/2472 2439/4721/2440 2452/4745/2453
f 2438/4769/2439 2460/4768/2461 2465/4781/2466
f 2408/4639/2409 2407/4637/2408 2441/4723/2442
f 2312/4773/2313 2479/4802/2480 2375/4748/2376
f 2480/4803/2481 2461/4771/2462 2441/4772/2442
f 2392/4725/2393 2461/4771/2462 2442/4726/2443
f 2473/4804/2474 2455/4753/2456 2446/4775/2447
f 2474/4797/2475 2473/4796/2474 2443/4728/2444
f 2402/4626/2403 2395/4606/2396 2430/4701/2431
f 2433/4710/2434 2468/4786/2469 2434/4712/2435
f 2469/4805/2470 2476/4799/2477 2434/4777/2435
f 2435/4713/2436 2448/4741/2449 2396/4609/2397
f 2481/4806/2482 2444/4730/2445 2388/4794/2389
f 2472/4795/2473 2390/4600/2391 2482/4807/2483
f 2387/4590/2388 2483/4808/2484 2325/4478/2326
f 2477/4800/2478 2484/4809/2485 2449/4742/2450
f 2485/4810/2486 2457/4760/2458 2471/4791/2472
f 2383/4759/2384 2457/4760/2458 2470/4790/2471
f 2452/4811/2453 2458/4812/2459 2486/4813/2487
f 2370/4582/2371 2487/4814/2488 2388/4595/2389
f 2487/4815/2488 2481/4806/2482 2388/4794/2389
f 2444/4730/2445 2481/4806/2482 2459/4766/2460
f 2390/4600/2391 2440/4722/2441 2482/4807/2483
f 2407/4637/2408 2472/4795/2473 2441/4723/2442
f 2375/4748/2376 2479/4802/2480 2453/4749/2454
f 2312/4773/2313 2488/4816/2489 2479/4802/2480
f 2443/4728/2444 2416/4738/2417 2475/4798/2476
f 2315/4589/2316 2489/4817/2490 2430/4701/2431
f 2462/4776/2463 2447/4740/2448 2490/4818/2491
f 2447/4740/2448 2476/4799/2477 2490/4818/2491
f 2435/4713/2436 2490/4818/2491 2448/4741/2449
f 2463/4778/2464 2364/4544/2365 2491/4819/2492
f 2492/4820/2493 2493/4821/2494 2494/4822/2495
f 2364/4823/2365 2456/4824/2457 2495/4825/2496
f 2276/4647/2277 2431/4702/2432 2411/4646/2412
f 2483/4808/2484 2436/4714/2437 2325/4478/2326
f 2312/4773/2313 2454/4751/2455 2488/4816/2489
f 2480/4803/2481 2496/4826/2497 2461/4771/2462
f 2466/4784/2467 2497/4827/2498 2454/4751/2455
f 2497/4828/2498 2473/4796/2474 2474/4797/2475
f 2393/4829/2394 2417/4657/2418 2274/4656/2275
f 2463/4778/2464 2491/4819/2492 2492/4820/2493
f 2435/4713/2436 2462/4776/2463 2490/4818/2491
f 2364/4830/2365 2495/4831/2496 2491/4832/2492
f 2476/4799/2477 2498/4833/2499 2490/4818/2491
f 2494/4822/2495 2493/4821/2494 2499/4834/2500
f 2349/4545/2350 2500/4835/2501 2277/4546/2278
f 2277/4388/2278 2500/4836/2501 2387/4590/2388
f 2412/4648/2413 2501/4837/2502 2477/4800/2478
f 2471/4792/2472 2502/4838/2503 2485/4839/2486
f 2471/4792/2472 2478/4801/2479 2502/4838/2503
f 2452/4840/2453 2486/4841/2487 2478/4842/2479
f 2460/4768/2461 2503/4843/2504 2465/4781/2466
f 2441/4723/2442 2472/4795/2473 2480/4844/2481
f 2414/4652/2415 2455/4753/2456 2432/4845/2433
f 2490/4818/2491 2498/4833/2499 2448/4741/2449
f 2397/4846/2398 2500/4835/2501 2349/4545/2350
f 2341/4503/2342 2449/4742/2450 2504/4847/2505
f 2420/4663/2421 2403/4627/2404 2505/4848/2506
f 2478/4842/2479 2506/4849/2507 2502/4850/2503
f 2465/4781/2466 2507/4851/2508 2458/4782/2459
f 2454/4751/2455 2497/4827/2498 2488/4816/2489
f 2461/4771/2462 2496/4826/2497 2508/4852/2509
f 2461/4771/2462 2508/4852/2509 2442/4726/2443
f 2509/4853/2510 2426/4854/2427 2409/4774/2410
f 2417/4855/2418 2510/4856/2511 2467/4857/2468
f 2332/4623/2333 2467/4785/2468 2419/4700/2420
f 2419/4700/2420 2467/4785/2468 2433/4858/2434
f 2463/4778/2464 2489/4859/2490 2315/4462/2316
f 2492/4820/2493 2511/4860/2512 2463/4778/2464
f 2492/4820/2493 2491/4819/2492 2493/4821/2494
f 2476/4799/2477 2469/4805/2470 2512/4861/2513
f 2405/4862/2406 2513/4863/2514 2370/4582/2371
f 2370/4582/2371 2514/4864/2515 2487/4814/2488
f 2480/4865/2481 2472/4866/2473 2515/4867/2516
f 2497/4827/2498 2466/4784/2467 2473/4868/2474
f 2516/4869/2517 2417/4870/2418 2393/4871/2394
f 2476/4799/2477 2512/4861/2513 2498/4833/2499
f 2420/4663/2421 2505/4848/2506 2456/4872/2457
f 2470/4873/2471 2517/4874/2518 2405/4862/2406
f 2405/4862/2406 2517/4874/2518 2513/4863/2514
f 2478/4842/2479 2518/4875/2519 2506/4849/2507
f 2370/4582/2371 2513/4863/2514 2514/4864/2515
f 2487/4814/2488 2514/4864/2515 2519/4876/2520
f 2466/4784/2467 2432/4707/2433 2455/4877/2456
f 2508/4852/2509 2409/4774/2410 2442/4726/2443
f 2433/4710/2434 2520/4878/2521 2468/4786/2469
f 2494/4822/2495 2511/4860/2512 2492/4820/2493
f 2387/4590/2388 2521/4879/2522 2483/4808/2484
f 2431/4702/2432 2522/4880/2523 2411/4646/2412
f 2411/4646/2412 2523/4881/2524 2397/4611/2398
f 2477/4800/2478 2501/4837/2502 2484/4809/2485
f 2505/4848/2506 2403/4627/2404 2524/4882/2525
f 2485/4810/2486 2525/4883/2526 2457/4760/2458
f 2457/4760/2458 2525/4883/2526 2470/4790/2471
f 2478/4842/2479 2486/4841/2487 2518/4875/2519
f 2487/4815/2488 2526/4884/2527 2481/4806/2482
f 2465/4781/2466 2503/4843/2504 2527/4885/2528
f 2459/4767/2460 2503/4843/2504 2460/4768/2461
f 2466/4886/2467 2455/4753/2456 2473/4804/2474
f 2426/4854/2427 2516/4869/2517 2393/4871/2394
f 2469/4787/2470 2468/4786/2469 2528/4887/2529
f 2387/4590/2388 2500/4836/2501 2521/4879/2522
f 2448/4741/2449 2498/4833/2499 2431/4702/2432
f 2494/4888/2495 2529/4889/2530 2530/4890/2531
f 2494/4891/2495 2499/4892/2500 2529/4893/2530
f 2436/4894/2437 2501/4895/2502 2412/4896/2413
f 2411/4646/2412 2522/4880/2523 2523/4881/2524
f 2403/4627/2404 2351/4629/2352 2524/4882/2525
f 2502/4850/2503 2506/4849/2507 2531/4897/2532
f 2458/4812/2459 2532/4898/2533 2486/4813/2487
f 2458/4812/2459 2507/4899/2508 2532/4898/2533
f 2481/4900/2482 2526/4901/2527 2459/4767/2460
f 2416/4738/2417 2533/4902/2534 2475/4798/2476
f 2417/4855/2418 2516/4903/2517 2510/4856/2511
f 2468/4786/2469 2520/4878/2521 2534/4904/2535
f 2535/4905/2536 2512/4861/2513 2469/4805/2470
f 2500/4835/2501 2397/4846/2398 2536/4906/2537
f 2470/4907/2471 2525/4908/2526 2537/4909/2538
f 2502/4838/2503 2538/4910/2539 2485/4839/2486
f 2531/4897/2532 2539/4911/2540 2540/4912/2541
f 2531/4897/2532 2506/4849/2507 2539/4911/2540
f 2518/4875/2519 2539/4911/2540 2506/4849/2507
f 2465/4781/2466 2527/4885/2528 2507/4851/2508
f 2482/4807/2483 2515/4913/2516 2472/4795/2473
f 2541/4914/2542 2496/4915/2497 2480/4865/2481
f 2542/4916/2543 2474/4797/2475 2475/4798/2476
f 2468/4786/2469 2534/4904/2535 2528/4887/2529
f 2456/4824/2457 2543/4917/2544 2495/4825/2496
f 2485/4918/2486 2544/4919/2545 2525/4920/2526
f 2502/4850/2503 2531/4897/2532 2545/4921/2546
f 2459/4767/2460 2546/4922/2547 2503/4843/2504
f 2494/4822/2495 2530/4923/2531 2511/4860/2512
f 2498/4833/2499 2512/4861/2513 2431/4702/2432
f 2530/4890/2531 2529/4889/2530 2547/4924/2548
f 2505/4848/2506 2543/4925/2544 2456/4872/2457
f 2524/4882/2525 2351/4629/2352 2548/4926/2549
f 2525/4908/2526 2549/4927/2550 2537/4909/2538
f 2537/4928/2538 2517/4874/2518 2470/4873/2471
f 2550/4929/2551 2540/4912/2541 2551/4930/2552
f 2502/4838/2503 2545/4931/2546 2538/4910/2539
f 2459/4767/2460 2526/4901/2527 2546/4922/2547
f 2440/4722/2441 2445/4932/2446 2552/4933/2553
f 2453/4783/2454 2553/4934/2554 2445/4733/2446
f 2482/4807/2483 2440/4722/2441 2552/4933/2553
f 2515/4867/2516 2541/4914/2542 2480/4865/2481
f 2509/4853/2510 2516/4869/2517 2426/4854/2427
f 2463/4935/2464 2511/4936/2512 2554/4937/2555
f 2530/4938/2531 2547/4939/2548 2555/4940/2556
f 2431/4702/2432 2512/4861/2513 2522/4880/2523
f 2523/4881/2524 2536/4941/2537 2397/4611/2398
f 2544/4919/2545 2485/4918/2486 2538/4942/2539
f 2550/4929/2551 2531/4897/2532 2540/4912/2541
f 2513/4863/2514 2517/4874/2518 2556/4943/2557
f 2487/4815/2488 2519/4944/2520 2526/4884/2527
f 2526/4901/2527 2519/4945/2520 2546/4922/2547
f 2482/4946/2483 2557/4947/2558 2515/4867/2516
f 2496/4826/2497 2558/4948/2559 2508/4852/2509
f 2559/4949/2560 2508/4950/2509 2558/4951/2559
f 2474/4797/2475 2542/4916/2543 2560/4952/2561
f 2409/4774/2410 2559/4953/2560 2509/4853/2510
f 2561/4954/2562 2433/4858/2434 2467/4785/2468
f 2489/4955/2490 2463/4935/2464 2554/4937/2555
f 2550/4929/2551 2562/4956/2563 2531/4897/2532
f 2545/4921/2546 2531/4897/2532 2562/4956/2563
f 2540/4912/2541 2539/4911/2540 2563/4957/2564
f 2556/4943/2557 2514/4864/2515 2513/4863/2514
f 2541/4914/2542 2564/4958/2565 2496/4915/2497
f 2497/4828/2498 2474/4797/2475 2560/4952/2561
f 2409/4774/2410 2508/4852/2509 2559/4953/2560
f 2475/4798/2476 2565/4959/2566 2542/4916/2543
f 2559/4953/2560 2566/4960/2567 2509/4853/2510
f 2469/4805/2470 2567/4961/2568 2535/4905/2536
f 2543/4925/2544 2568/4962/2569 2495/4963/2496
f 2524/4882/2525 2569/4964/2570 2505/4848/2506
f 2544/4965/2545 2538/4966/2539 2570/4967/2571
f 2540/4912/2541 2563/4957/2564 2551/4930/2552
f 2532/4898/2533 2571/4968/2572 2486/4813/2487
f 2515/4867/2516 2557/4947/2558 2541/4914/2542
f 2496/4969/2497 2564/4970/2565 2558/4971/2559
f 2475/4798/2476 2533/4902/2534 2565/4959/2566
f 2402/4626/2403 2572/4972/2573 2416/4655/2417
f 2573/4973/2574 2521/4879/2522 2500/4836/2501
f 2521/4879/2522 2574/4974/2575 2483/4808/2484
f 2500/4835/2501 2536/4906/2537 2573/4975/2574
f 2522/4880/2523 2512/4861/2513 2523/4881/2524
f 2491/4976/2492 2568/4977/2569 2493/4978/2494
f 2491/4832/2492 2495/4831/2496 2568/4979/2569
f 2549/4927/2550 2575/4980/2576 2537/4909/2538
f 2539/4911/2540 2518/4875/2519 2563/4957/2564
f 2486/4813/2487 2571/4968/2572 2518/4981/2519
f 2445/4733/2446 2553/4934/2554 2552/4982/2553
f 2488/4816/2489 2497/4827/2498 2576/4983/2577
f 2542/4984/2543 2577/4985/2578 2560/4986/2561
f 2533/4902/2534 2416/4738/2417 2572/4987/2573
f 2578/4988/2579 2561/4954/2562 2467/4785/2468
f 2469/4787/2470 2528/4887/2529 2567/4989/2568
f 2547/4939/2548 2579/4990/2580 2555/4940/2556
f 2535/4905/2536 2523/4881/2524 2512/4861/2513
f 2499/4892/2500 2493/4978/2494 2580/4991/2581
f 2562/4956/2563 2581/4992/2582 2545/4921/2546
f 2453/4783/2454 2479/4993/2480 2553/4934/2554
f 2564/4970/2565 2582/4994/2583 2558/4971/2559
f 2497/4827/2498 2560/4995/2561 2576/4983/2577
f 2542/4916/2543 2565/4959/2566 2577/4996/2578
f 2402/4626/2403 2430/4701/2431 2572/4972/2573
f 2433/4858/2434 2561/4954/2562 2520/4997/2521
f 2523/4881/2524 2535/4905/2536 2536/4941/2537
f 2536/4941/2537 2535/4905/2536 2567/4961/2568
f 2529/4893/2530 2499/4892/2500 2580/4991/2581
f 2449/4742/2450 2484/4809/2485 2504/4847/2505
f 2505/4848/2506 2569/4964/2570 2543/4925/2544
f 2341/4998/2342 2583/4999/2584 2351/4629/2352
f 2544/4965/2545 2584/5000/2585 2525/4908/2526
f 2549/4927/2550 2525/4908/2526 2584/5000/2585
f 2518/4875/2519 2585/5001/2586 2563/4957/2564
f 2503/4843/2504 2546/4922/2547 2527/4885/2528
f 2516/4903/2517 2586/5002/2587 2510/4856/2511
f 2574/4974/2575 2436/4714/2437 2483/4808/2484
f 2536/4906/2537 2567/4989/2568 2573/4975/2574
f 2501/5003/2502 2579/5004/2580 2484/5005/2485
f 2543/4925/2544 2569/4964/2570 2568/4962/2569
f 2351/4629/2352 2583/4999/2584 2548/4926/2549
f 2538/4910/2539 2545/4931/2546 2581/5006/2582
f 2551/4930/2552 2587/5007/2588 2588/5008/2589
f 2585/5001/2586 2518/4875/2519 2589/5009/2590
f 2507/4899/2508 2527/5010/2528 2532/4898/2533
f 2479/4802/2480 2488/4816/2489 2576/4983/2577
f 2582/4994/2583 2559/5011/2560 2558/4971/2559
f 2510/4856/2511 2578/5012/2579 2467/4857/2468
f 2430/4701/2431 2590/5013/2591 2572/4972/2573
f 2430/4701/2431 2489/4817/2490 2590/5013/2591
f 2554/4937/2555 2511/4936/2512 2591/5014/2592
f 2534/4904/2535 2573/4975/2574 2528/4887/2529
f 2528/4887/2529 2573/4975/2574 2567/4989/2568
f 2529/4889/2530 2592/5015/2593 2547/4924/2548
f 2341/4998/2342 2504/5016/2505 2583/4999/2584
f 2550/4929/2551 2593/5017/2594 2562/4956/2563
f 2544/4965/2545 2594/5018/2595 2584/5000/2585
f 2537/4909/2538 2595/5019/2596 2517/5020/2518
f 2587/5007/2588 2551/4930/2552 2563/4957/2564
f 2482/4807/2483 2552/4933/2553 2557/5021/2558
f 2582/4994/2583 2564/4970/2565 2596/5022/2597
f 2564/4970/2565 2597/5023/2598 2596/5022/2597
f 2598/5024/2599 2560/5025/2561 2577/5026/2578
f 2509/4853/2510 2599/5027/2600 2516/4869/2517
f 2573/4973/2574 2534/5028/2535 2521/4879/2522
f 2600/5029/2601 2574/4974/2575 2521/4879/2522
f 2601/5030/2602 2579/5031/2580 2436/4894/2437
f 2436/4894/2437 2579/5031/2580 2501/4895/2502
f 2579/4990/2580 2547/4939/2548 2592/5032/2593
f 2549/4927/2550 2584/5000/2585 2602/5033/2603
f 2549/4927/2550 2602/5033/2603 2575/4980/2576
f 2581/5034/2582 2603/5035/2604 2538/4966/2539
f 2551/4930/2552 2588/5008/2589 2550/4929/2551
f 2571/4968/2572 2589/5036/2590 2518/4981/2519
f 2571/4968/2572 2604/5037/2605 2589/5036/2590
f 2532/4898/2533 2604/5037/2605 2571/4968/2572
f 2546/4922/2547 2605/5038/2606 2527/4885/2528
f 2541/4914/2542 2606/5039/2607 2564/4958/2565
f 2566/4960/2567 2599/5027/2600 2509/4853/2510
f 2565/5040/2566 2607/5041/2608 2577/5042/2578
f 2534/5028/2535 2600/5029/2601 2521/4879/2522
f 2579/5043/2580 2592/5015/2593 2484/5044/2485
f 2484/5044/2485 2592/5015/2593 2608/5045/2609
f 2529/4889/2530 2608/5045/2609 2592/5015/2593
f 2493/4978/2494 2568/4977/2569 2580/4991/2581
f 2594/5018/2595 2602/5033/2603 2584/5000/2585
f 2563/4957/2564 2585/5001/2586 2587/5007/2588
f 2514/5046/2515 2556/5047/2557 2609/5048/2610
f 2532/4898/2533 2610/5049/2611 2604/5037/2605
f 2519/4945/2520 2611/5050/2612 2546/4922/2547
f 2553/4934/2554 2479/4993/2480 2612/5051/2613
f 2541/4914/2542 2557/4947/2558 2606/5039/2607
f 2598/5024/2599 2613/5052/2614 2560/5025/2561
f 2582/5053/2583 2614/5054/2615 2559/5055/2560
f 2559/5055/2560 2614/5054/2615 2566/5056/2567
f 2598/5024/2599 2577/5026/2578 2615/5057/2616
f 2566/4960/2567 2616/5058/2617 2599/5027/2600
f 2510/4856/2511 2586/5002/2587 2578/5012/2579
f 2533/4902/2534 2572/4987/2573 2617/5059/2618
f 2530/4938/2531 2618/5060/2619 2511/4936/2512
f 2555/4940/2556 2618/5060/2619 2530/4938/2531
f 2593/5017/2594 2550/4929/2551 2619/5061/2620
f 2550/4929/2551 2588/5008/2589 2619/5061/2620
f 2620/5062/2621 2588/5063/2589 2587/5064/2588
f 2587/5064/2588 2621/5065/2622 2620/5062/2621
f 2585/5001/2586 2621/5066/2622 2587/5007/2588
f 2546/4922/2547 2622/5067/2623 2605/5038/2606
f 2527/4885/2528 2605/5038/2606 2623/5068/2624
f 2479/4993/2480 2576/5069/2577 2612/5051/2613
f 2606/5070/2607 2597/5023/2598 2564/4970/2565
f 2596/5022/2597 2624/5071/2625 2582/4994/2583
f 2598/5024/2599 2615/5057/2616 2625/5072/2626
f 2565/4959/2566 2533/4902/2534 2617/5059/2618
f 2626/5073/2627 2489/4817/2490 2554/5074/2555
f 2534/4904/2535 2520/4878/2521 2600/5075/2601
f 2618/5060/2619 2555/4940/2556 2579/4990/2580
f 2484/5076/2485 2608/5077/2609 2504/5016/2505
f 2580/4991/2581 2627/5078/2628 2529/4893/2530
f 2562/4956/2563 2593/5017/2594 2628/5079/2629
f 2581/4992/2582 2562/4956/2563 2629/5080/2630
f 2537/4909/2538 2575/4980/2576 2595/5019/2596
f 2517/5020/2518 2595/5019/2596 2556/5047/2557
f 2585/5001/2586 2589/5009/2590 2621/5066/2622
f 2514/5046/2515 2609/5048/2610 2519/5081/2520
f 2532/4898/2533 2527/5010/2528 2610/5049/2611
f 2553/4934/2554 2630/5082/2631 2552/4982/2553
f 2612/5051/2613 2576/5069/2577 2631/5083/2632
f 2596/5022/2597 2632/5084/2633 2625/5085/2626
f 2598/5024/2599 2625/5072/2626 2613/5052/2614
f 2566/5056/2567 2614/5054/2615 2616/5086/2617
f 2633/5087/2634 2600/5088/2601 2520/4997/2521
f 2574/5089/2575 2601/5030/2602 2436/4894/2437
f 2529/4893/2530 2627/5078/2628 2608/5090/2609
f 2620/5062/2621 2634/5091/2635 2619/5092/2620
f 2588/5063/2589 2620/5062/2621 2619/5092/2620
f 2610/5049/2611 2635/5093/2636 2604/5037/2605
f 2546/4922/2547 2611/5050/2612 2622/5067/2623
f 2527/5010/2528 2636/5094/2637 2610/5049/2611
f 2527/4885/2528 2623/5068/2624 2636/5095/2637
f 2576/5069/2577 2560/5096/2561 2631/5083/2632
f 2560/5025/2561 2613/5052/2614 2631/5097/2632
f 2597/5023/2598 2632/5084/2633 2596/5022/2597
f 2632/5098/2633 2613/5052/2614 2625/5072/2626
f 2582/4994/2583 2624/5071/2625 2614/5099/2615
f 2577/5042/2578 2607/5041/2608 2615/5100/2616
f 2565/5101/2566 2617/5102/2618 2607/5103/2608
f 2578/4988/2579 2637/5104/2638 2561/4954/2562
f 2590/5013/2591 2489/4817/2490 2626/5073/2627
f 2511/4936/2512 2618/5060/2619 2591/5014/2592
f 2569/4964/2570 2580/5105/2581 2568/4962/2569
f 2569/4964/2570 2524/4882/2525 2580/5105/2581
f 2544/4965/2545 2570/4967/2571 2594/5018/2595
f 2581/5034/2582 2629/5106/2630 2603/5035/2604
f 2634/5091/2635 2620/5062/2621 2638/5107/2639
f 2621/5065/2622 2638/5107/2639 2620/5062/2621
f 2519/5081/2520 2609/5048/2610 2639/5108/2640
f 2622/5067/2623 2640/5109/2641 2605/5038/2606
f 2553/4934/2554 2612/5051/2613 2641/5110/2642
f 2596/5022/2597 2642/5111/2643 2624/5071/2625
f 2616/5112/2617 2643/5113/2644 2599/5114/2600
f 2572/5115/2573 2644/5116/2645 2617/5102/2618
f 2561/4954/2562 2633/5087/2634 2520/4997/2521
f 2608/5077/2609 2583/4999/2584 2504/5016/2505
f 2519/5081/2520 2639/5108/2640 2611/5117/2612
f 2605/5038/2606 2640/5109/2641 2623/5068/2624
f 2553/4934/2554 2641/5110/2642 2630/5082/2631
f 2552/5118/2553 2630/5119/2631 2557/5120/2558
f 2557/5121/2558 2630/5122/2631 2606/5123/2607
f 2612/5051/2613 2645/5124/2646 2641/5110/2642
f 2612/5051/2613 2631/5083/2632 2645/5124/2646
f 2616/5086/2617 2614/5054/2615 2624/5125/2625
f 2624/5071/2625 2646/5126/2647 2616/5127/2617
f 2624/5071/2625 2647/5128/2648 2646/5126/2647
f 2642/5111/2643 2647/5128/2648 2624/5071/2625
f 2625/5085/2626 2648/5129/2649 2642/5111/2643
f 2625/5085/2626 2642/5111/2643 2596/5022/2597
f 2607/5041/2608 2649/5130/2650 2615/5100/2616
f 2599/5131/2600 2586/5002/2587 2516/4903/2517
f 2578/5012/2579 2650/5132/2651 2637/5133/2638
f 2608/5077/2609 2627/5134/2628 2583/4999/2584
f 2628/5079/2629 2629/5080/2630 2562/4956/2563
f 2651/5135/2652 2638/5136/2639 2621/5137/2622
f 2623/5068/2624 2652/5138/2653 2636/5095/2637
f 2653/5139/2654 2597/5140/2598 2606/5141/2607
f 2632/5098/2633 2654/5142/2655 2613/5052/2614
f 2616/5127/2617 2646/5126/2647 2655/5143/2656
f 2655/5143/2656 2646/5126/2647 2647/5128/2648
f 2647/5128/2648 2642/5111/2643 2656/5144/2657
f 2656/5145/2657 2642/5146/2643 2648/5147/2649
f 2648/5147/2649 2625/5148/2626 2657/5149/2658
f 2607/5103/2608 2617/5102/2618 2644/5116/2645
f 2633/5087/2634 2561/4954/2562 2637/5104/2638
f 2627/5134/2628 2548/4926/2549 2583/4999/2584
f 2580/5105/2581 2524/4882/2525 2548/4926/2549
f 2658/5150/2659 2556/5047/2557 2595/5019/2596
f 2659/5151/2660 2589/5036/2590 2604/5037/2605
f 2645/5152/2646 2631/5097/2632 2660/5153/2661
f 2625/5148/2626 2615/5100/2616 2657/5149/2658
f 2615/5100/2616 2649/5130/2650 2657/5149/2658
f 2586/5002/2587 2650/5132/2651 2578/5012/2579
f 2644/5116/2645 2572/5115/2573 2590/5154/2591
f 2626/5073/2627 2554/5074/2555 2591/5155/2592
f 2579/4990/2580 2601/5156/2602 2618/5060/2619
f 2548/4926/2549 2627/5134/2628 2580/5105/2581
f 2593/5017/2594 2661/5157/2662 2628/5079/2629
f 2628/5079/2629 2662/5158/2663 2629/5080/2630
f 2593/5017/2594 2619/5061/2620 2661/5157/2662
f 2603/5035/2604 2663/5159/2664 2538/4966/2539
f 2603/5035/2604 2664/5160/2665 2663/5159/2664
f 2658/5150/2659 2609/5048/2610 2556/5047/2557
f 2604/5037/2605 2635/5093/2636 2659/5151/2660
f 2630/5161/2631 2665/5162/2666 2606/5163/2607
f 2660/5153/2661 2666/5164/2667 2645/5152/2646
f 2613/5052/2614 2660/5153/2661 2631/5097/2632
f 2655/5143/2656 2647/5128/2648 2656/5144/2657
f 2657/5149/2658 2667/5165/2668 2648/5147/2649
f 2649/5130/2650 2607/5041/2608 2668/5166/2669
f 2594/5018/2595 2669/5167/2670 2602/5033/2603
f 2629/5168/2630 2662/5169/2663 2664/5170/2665
f 2634/5171/2635 2670/5172/2671 2619/5173/2620
f 2619/5173/2620 2670/5172/2671 2661/5174/2662
f 2621/5175/2622 2589/5176/2590 2651/5177/2652
f 2652/5178/2653 2623/5179/2624 2671/5180/2672
f 2652/5178/2653 2671/5180/2672 2672/5181/2673
f 2655/5143/2656 2643/5182/2644 2616/5127/2617
f 2655/5143/2656 2656/5144/2657 2673/5183/2674
f 2656/5145/2657 2648/5147/2649 2667/5165/2668
f 2607/5103/2608 2644/5116/2645 2668/5184/2669
f 2629/5106/2630 2664/5160/2665 2603/5035/2604
f 2595/5019/2596 2674/5185/2675 2658/5150/2659
f 2635/5186/2636 2610/5187/2611 2675/5188/2676
f 2667/5165/2668 2673/5189/2674 2656/5145/2657
f 2676/5190/2677 2657/5149/2658 2649/5130/2650
f 2538/4966/2539 2663/5159/2664 2570/4967/2571
f 2628/5191/2629 2661/5174/2662 2677/5192/2678
f 2678/5193/2679 2634/5171/2635 2638/5194/2639
f 2651/5195/2652 2589/5196/2590 2659/5197/2660
f 2679/5198/2680 2611/5117/2612 2639/5108/2640
f 2680/5199/2681 2635/5200/2636 2640/5109/2641
f 2680/5199/2681 2640/5109/2641 2622/5067/2623
f 2681/5201/2682 2622/5067/2623 2611/5050/2612
f 2671/5180/2672 2640/5202/2641 2635/5186/2636
f 2636/5203/2637 2652/5204/2653 2682/5205/2683
f 2682/5205/2683 2652/5204/2653 2672/5206/2673
f 2606/5141/2607 2683/5207/2684 2653/5139/2654
f 2649/5130/2650 2684/5208/2685 2676/5190/2677
f 2590/5154/2591 2626/5209/2627 2685/5210/2686
f 2626/5209/2627 2686/5211/2687 2685/5210/2686
f 2633/5087/2634 2687/5212/2688 2600/5088/2601
f 2688/5213/2689 2574/4974/2575 2600/5029/2601
f 2610/5049/2611 2636/5094/2637 2682/5214/2683
f 2675/5188/2676 2671/5180/2672 2635/5186/2636
f 2671/5215/2672 2623/5068/2624 2640/5109/2641
f 2630/5216/2631 2641/5217/2642 2689/5218/2690
f 2597/5140/2598 2653/5139/2654 2632/5098/2633
f 2643/5113/2644 2690/5219/2691 2599/5114/2600
f 2667/5165/2668 2676/5190/2677 2691/5220/2692
f 2667/5165/2668 2657/5149/2658 2676/5190/2677
f 2649/5130/2650 2668/5166/2669 2684/5208/2685
f 2669/5167/2670 2692/5221/2693 2602/5033/2603
f 2602/5033/2603 2692/5221/2693 2575/4980/2576
f 2628/5191/2629 2677/5192/2678 2662/5222/2663
f 2575/5223/2576 2692/5224/2693 2693/5225/2694
f 2651/5226/2652 2694/5227/2695 2638/5228/2639
f 2622/5229/2623 2681/5230/2682 2695/5231/2696
f 2682/5205/2683 2672/5206/2673 2696/5232/2697
f 2673/5189/2674 2667/5165/2668 2684/5208/2685
f 2667/5165/2668 2691/5220/2692 2684/5208/2685
f 2684/5208/2685 2691/5220/2692 2676/5190/2677
f 2626/5073/2627 2591/5155/2592 2686/5233/2687
f 2574/5089/2575 2688/5234/2689 2601/5030/2602
f 2595/5019/2596 2693/5235/2694 2674/5185/2675
f 2674/5185/2675 2697/5236/2698 2658/5150/2659
f 2698/5237/2699 2694/5227/2695 2651/5226/2652
f 2658/5150/2659 2697/5236/2698 2609/5048/2610
f 2659/5238/2660 2635/5239/2636 2699/5240/2700
f 2635/5239/2636 2680/5241/2681 2699/5240/2700
f 2611/5050/2612 2679/5242/2680 2681/5201/2682
f 2655/5243/2656 2673/5244/2674 2700/5245/2701
f 2599/5131/2600 2650/5132/2651 2586/5002/2587
f 2684/5208/2685 2668/5166/2669 2701/5246/2702
f 2670/5172/2671 2634/5171/2635 2678/5193/2679
f 2702/5247/2703 2677/5192/2678 2661/5174/2662
f 2693/5235/2694 2595/5019/2596 2575/4980/2576
f 2703/5248/2704 2651/5195/2652 2659/5197/2660
f 2704/5249/2705 2659/5197/2660 2699/5250/2700
f 2660/5153/2661 2613/5052/2614 2705/5251/2706
f 2701/5246/2702 2673/5189/2674 2684/5208/2685
f 2690/5252/2691 2650/5132/2651 2599/5131/2600
f 2706/5253/2707 2701/5246/2702 2668/5166/2669
f 2650/5254/2651 2707/5255/2708 2637/5104/2638
f 2686/5256/2687 2591/5014/2592 2618/5060/2619
f 2661/5174/2662 2670/5172/2671 2702/5247/2703
f 2662/5222/2663 2677/5192/2678 2708/5257/2709
f 2609/5048/2610 2709/5258/2710 2639/5108/2640
f 2622/5229/2623 2695/5231/2696 2680/5259/2681
f 2665/5260/2666 2683/5261/2684 2606/5262/2607
f 2673/5189/2674 2701/5246/2702 2700/5263/2701
f 2706/5253/2707 2668/5166/2669 2710/5264/2711
f 2668/5184/2669 2644/5116/2645 2710/5265/2711
f 2600/5088/2601 2687/5212/2688 2711/5266/2712
f 2570/4967/2571 2712/5267/2713 2594/5018/2595
f 2677/5192/2678 2702/5247/2703 2708/5257/2709
f 2638/5268/2639 2713/5269/2714 2678/5270/2679
f 2674/5271/2675 2714/5272/2715 2697/5273/2698
f 2697/5273/2698 2709/5274/2710 2609/5275/2610
f 2680/5241/2681 2715/5276/2716 2699/5240/2700
f 2679/5277/2680 2716/5278/2717 2681/5230/2682
f 2680/5241/2681 2717/5279/2718 2715/5276/2716
f 2610/5187/2611 2682/5280/2683 2675/5188/2676
f 2671/5180/2672 2718/5281/2719 2672/5181/2673
f 2630/5282/2631 2689/5283/2690 2665/5260/2666
f 2655/5143/2656 2719/5284/2720 2643/5182/2644
f 2643/5113/2644 2719/5285/2720 2690/5219/2691
f 2655/5243/2656 2700/5245/2701 2719/5286/2720
f 2690/5252/2691 2720/5287/2721 2650/5132/2651
f 2644/5116/2645 2590/5154/2591 2721/5288/2722
f 2590/5154/2591 2685/5210/2686 2721/5288/2722
f 2687/5212/2688 2633/5087/2634 2637/5104/2638
f 2711/5289/2712 2688/5213/2689 2600/5029/2601
f 2722/5290/2723 2664/5291/2665 2662/5292/2663
f 2703/5248/2704 2698/5293/2699 2651/5195/2652
f 2698/5237/2699 2723/5294/2724 2694/5227/2695
f 2697/5273/2698 2714/5272/2715 2709/5274/2710
f 2679/5295/2680 2724/5296/2725 2716/5297/2717
f 2680/5241/2681 2695/5298/2696 2717/5279/2718
f 2682/5280/2683 2725/5299/2726 2675/5188/2676
f 2675/5188/2676 2718/5281/2719 2671/5180/2672
f 2682/5205/2683 2696/5232/2697 2725/5300/2726
f 2644/5116/2645 2721/5288/2722 2710/5265/2711
f 2618/5060/2619 2726/5301/2727 2686/5256/2687
f 2601/5156/2602 2726/5301/2727 2618/5060/2619
f 2601/5156/2602 2688/5302/2689 2727/5303/2728
f 2594/5304/2595 2712/5305/2713 2669/5306/2670
f 2664/5307/2665 2728/5308/2729 2663/5309/2664
f 2713/5269/2714 2638/5268/2639 2694/5310/2695
f 2723/5311/2724 2729/5312/2730 2694/5310/2695
f 2639/5313/2640 2724/5296/2725 2679/5295/2680
f 2730/5314/2731 2699/5240/2700 2715/5276/2716
f 2731/5315/2732 2681/5230/2682 2716/5278/2717
f 2731/5315/2732 2695/5231/2696 2681/5230/2682
f 2732/5316/2733 2672/5181/2673 2718/5281/2719
f 2641/5217/2642 2645/5152/2646 2666/5164/2667
f 2654/5142/2655 2632/5098/2633 2653/5139/2654
f 2727/5317/2728 2688/5318/2689 2711/5266/2712
f 2601/5156/2602 2727/5303/2728 2726/5301/2727
f 2733/5319/2734 2702/5247/2703 2670/5172/2671
f 2733/5320/2734 2670/5321/2671 2678/5270/2679
f 2662/5222/2663 2708/5257/2709 2722/5322/2723
f 2702/5247/2703 2704/5323/2705 2708/5257/2709
f 2703/5248/2704 2659/5197/2660 2704/5249/2705
f 2703/5324/2704 2734/5325/2735 2698/5237/2699
f 2713/5269/2714 2694/5310/2695 2729/5312/2730
f 2735/5326/2736 2654/5142/2655 2653/5139/2654
f 2650/5132/2651 2720/5287/2721 2707/5327/2708
f 2736/5328/2737 2737/5329/2738 2738/5330/2739
f 2702/5247/2703 2733/5319/2734 2704/5323/2705
f 2704/5249/2705 2733/5331/2734 2703/5248/2704
f 2704/5332/2705 2699/5240/2700 2730/5314/2731
f 2717/5279/2718 2695/5298/2696 2739/5333/2740
f 2707/5255/2708 2687/5212/2688 2637/5104/2638
f 2685/5210/2686 2686/5211/2687 2740/5334/2741
f 2678/5270/2679 2713/5269/2714 2741/5335/2742
f 2693/5225/2694 2714/5272/2715 2674/5271/2675
f 2708/5336/2709 2730/5337/2731 2722/5338/2723
f 2704/5323/2705 2730/5339/2731 2708/5257/2709
f 2734/5325/2735 2742/5340/2743 2698/5237/2699
f 2716/5278/2717 2743/5341/2744 2731/5315/2732
f 2672/5181/2673 2732/5316/2733 2696/5342/2697
f 2641/5217/2642 2666/5164/2667 2744/5343/2745
f 2613/5052/2614 2654/5142/2655 2705/5251/2706
f 2687/5212/2688 2745/5344/2746 2711/5266/2712
f 2733/5320/2734 2678/5270/2679 2741/5335/2742
f 2734/5325/2735 2703/5324/2704 2733/5345/2734
f 2713/5269/2714 2729/5312/2730 2746/5346/2747
f 2742/5340/2743 2723/5294/2724 2698/5237/2699
f 2695/5231/2696 2731/5315/2732 2747/5347/2748
f 2695/5231/2696 2747/5347/2748 2739/5348/2740
f 2660/5153/2661 2705/5251/2706 2666/5164/2667
f 2719/5349/2720 2700/5263/2701 2748/5350/2749
f 2701/5246/2702 2706/5253/2707 2710/5264/2711
f 2707/5255/2708 2749/5351/2750 2687/5212/2688
f 2692/5352/2693 2669/5306/2670 2750/5353/2751
f 2751/5354/2752 2675/5188/2676 2725/5299/2726
f 2744/5343/2745 2689/5218/2690 2641/5217/2642
f 2690/5219/2691 2719/5285/2720 2720/5355/2721
f 2748/5350/2749 2700/5263/2701 2701/5246/2702
f 2748/5350/2749 2701/5246/2702 2710/5264/2711
f 2740/5334/2741 2686/5211/2687 2726/5356/2727
f 2745/5344/2746 2727/5317/2728 2711/5266/2712
f 2669/5306/2670 2712/5305/2713 2750/5353/2751
f 2570/5357/2571 2663/5309/2664 2712/5305/2713
f 2741/5335/2742 2752/5358/2753 2733/5320/2734
f 2713/5269/2714 2746/5346/2747 2741/5335/2742
f 2733/5359/2734 2752/5360/2753 2734/5361/2735
f 2742/5362/2743 2753/5363/2754 2723/5311/2724
f 2743/5341/2744 2747/5347/2748 2731/5315/2732
f 2654/5142/2655 2735/5326/2736 2705/5251/2706
f 2720/5364/2721 2754/5365/2755 2707/5255/2708
f 2754/5365/2755 2749/5351/2750 2707/5255/2708
f 2685/5210/2686 2740/5334/2741 2721/5288/2722
f 2749/5351/2750 2745/5344/2746 2687/5212/2688
f 2740/5334/2741 2726/5356/2727 2755/5366/2756
f 2736/5367/2737 2738/5368/2739 2756/5369/2757
f 2736/5328/2737 2757/5370/2758 2737/5329/2738
f 2639/5313/2640 2709/5274/2710 2724/5296/2725
f 2717/5279/2718 2758/5371/2759 2715/5276/2716
f 2724/5296/2725 2743/5372/2744 2716/5297/2717
f 2739/5333/2740 2759/5373/2760 2717/5279/2718
f 2675/5188/2676 2751/5354/2752 2718/5281/2719
f 2719/5349/2720 2754/5374/2755 2720/5375/2721
f 2726/5356/2727 2727/5376/2728 2755/5366/2756
f 2712/5305/2713 2663/5309/2664 2728/5308/2729
f 2693/5225/2694 2760/5377/2761 2714/5272/2715
f 2664/5291/2665 2722/5290/2723 2728/5378/2729
f 2714/5272/2715 2760/5377/2761 2709/5274/2710
f 2709/5274/2710 2760/5377/2761 2761/5379/2762
f 2729/5312/2730 2723/5311/2724 2762/5380/2763
f 2709/5274/2710 2761/5379/2762 2724/5296/2725
f 2710/5264/2711 2721/5381/2722 2763/5382/2764
f 2750/5383/2751 2764/5384/2765 2692/5224/2693
f 2693/5225/2694 2692/5224/2693 2760/5377/2761
f 2764/5384/2765 2760/5377/2761 2692/5224/2693
f 2752/5358/2753 2741/5335/2742 2765/5385/2766
f 2746/5346/2747 2765/5385/2766 2741/5335/2742
f 2722/5386/2723 2766/5387/2767 2728/5388/2729
f 2752/5360/2753 2753/5363/2754 2734/5361/2735
f 2734/5361/2735 2753/5363/2754 2742/5362/2743
f 2717/5279/2718 2759/5373/2760 2758/5371/2759
f 2739/5333/2740 2747/5389/2748 2767/5390/2768
f 2739/5333/2740 2767/5390/2768 2759/5373/2760
f 2748/5350/2749 2763/5382/2764 2719/5349/2720
f 2748/5350/2749 2710/5264/2711 2763/5382/2764
f 2763/5391/2764 2721/5288/2722 2740/5334/2741
f 2745/5344/2746 2755/5392/2756 2727/5317/2728
f 2768/5393/2769 2712/5305/2713 2728/5308/2729
f 2766/5394/2767 2722/5338/2723 2730/5337/2731
f 2729/5312/2730 2762/5380/2763 2769/5395/2770
f 2766/5394/2767 2730/5337/2731 2715/5396/2716
f 2770/5397/2771 2743/5372/2744 2724/5296/2725
f 2751/5354/2752 2732/5316/2733 2718/5281/2719
f 2683/5207/2684 2735/5326/2736 2653/5139/2654
f 2719/5349/2720 2763/5382/2764 2754/5374/2755
f 2771/5398/2772 2757/5370/2758 2736/5328/2737
f 2756/5369/2757 2738/5368/2739 2772/5399/2773
f 2772/5399/2773 2738/5368/2739 2737/5400/2738
f 2765/5401/2766 2773/5402/2774 2752/5403/2753
f 2752/5360/2753 2774/5404/2775 2753/5363/2754
f 2746/5346/2747 2729/5312/2730 2769/5395/2770
f 2753/5363/2754 2762/5380/2763 2723/5311/2724
f 2761/5379/2762 2770/5397/2771 2724/5296/2725
f 2763/5382/2764 2775/5405/2776 2754/5374/2755
f 2740/5406/2741 2775/5405/2776 2763/5382/2764
f 2754/5365/2755 2775/5407/2776 2749/5351/2750
f 2740/5334/2741 2755/5366/2756 2775/5408/2776
f 2775/5408/2776 2755/5366/2756 2749/5409/2750
f 2749/5351/2750 2755/5392/2756 2745/5344/2746
f 2757/5370/2758 2776/5410/2777 2737/5329/2738
f 2773/5402/2774 2774/5411/2775 2752/5403/2753
f 2774/5404/2775 2762/5380/2763 2753/5363/2754
f 2766/5394/2767 2715/5396/2716 2777/5412/2778
f 2732/5316/2733 2778/5413/2779 2696/5342/2697
f 2771/5414/2772 2779/5415/2780 2757/5416/2758
f 2756/5369/2757 2771/5414/2772 2736/5367/2737
f 2712/5305/2713 2780/5417/2781 2750/5353/2751
f 2781/5418/2782 2768/5393/2769 2728/5308/2729
f 2715/5396/2716 2758/5419/2759 2777/5412/2778
f 2782/5420/2783 2751/5421/2752 2725/5422/2726
f 2725/5422/2726 2696/5423/2697 2782/5420/2783
f 2665/5260/2666 2783/5424/2784 2683/5261/2684
f 2712/5305/2713 2768/5393/2769 2780/5417/2781
f 2764/5384/2765 2750/5383/2751 2780/5425/2781
f 2760/5377/2761 2764/5384/2765 2761/5379/2762
f 2784/5426/2785 2747/5347/2748 2743/5341/2744
f 2747/5389/2748 2785/5427/2786 2767/5390/2768
f 2737/5400/2738 2786/5428/2787 2772/5399/2773
f 2776/5410/2777 2786/5429/2787 2737/5329/2738
f 2764/5384/2765 2780/5425/2781 2787/5430/2788
f 2781/5431/2782 2788/5432/2789 2789/5433/2790
f 2728/5388/2729 2788/5432/2789 2781/5431/2782
f 2728/5388/2729 2766/5387/2767 2788/5432/2789
f 2751/5354/2752 2778/5413/2779 2732/5316/2733
f 2778/5413/2779 2782/5434/2783 2696/5342/2697
f 2665/5260/2666 2689/5283/2690 2783/5424/2784
f 2683/5261/2684 2790/5435/2791 2735/5436/2736
f 2771/5414/2772 2756/5369/2757 2791/5437/2792
f 2764/5384/2765 2787/5430/2788 2761/5379/2762
f 2787/5430/2788 2792/5438/2793 2761/5379/2762
f 2770/5397/2771 2784/5439/2785 2743/5372/2744
f 2782/5434/2783 2778/5413/2779 2751/5354/2752
f 2666/5164/2667 2793/5440/2794 2744/5343/2745
f 2683/5261/2684 2783/5424/2784 2790/5435/2791
f 2765/5385/2766 2746/5346/2747 2794/5441/2795
f 2768/5442/2769 2781/5431/2782 2795/5443/2796
f 2780/5425/2781 2796/5444/2797 2787/5430/2788
f 2769/5395/2770 2762/5380/2763 2797/5445/2798
f 2666/5164/2667 2705/5251/2706 2793/5440/2794
f 2791/5437/2792 2779/5415/2780 2771/5414/2772
f 2786/5428/2787 2798/5446/2799 2772/5399/2773
f 2794/5447/2795 2773/5402/2774 2765/5401/2766
f 2773/5402/2774 2797/5448/2798 2774/5411/2775
f 2797/5445/2798 2762/5380/2763 2774/5404/2775
f 2784/5449/2785 2785/5450/2786 2747/5451/2748
f 2746/5346/2747 2769/5395/2770 2794/5441/2795
f 2789/5433/2790 2788/5432/2789 2799/5452/2800
f 2792/5438/2793 2800/5453/2801 2770/5397/2771
f 2792/5438/2793 2770/5397/2771 2761/5379/2762
f 2777/5454/2778 2758/5455/2759 2801/5456/2802
f 2744/5457/2745 2783/5424/2784 2689/5283/2690
f 2779/5415/2780 2776/5458/2777 2757/5416/2758
f 2791/5437/2792 2756/5369/2757 2772/5399/2773
f 2795/5459/2796 2802/5460/2803 2768/5461/2769
f 2781/5431/2782 2789/5433/2790 2795/5443/2796
f 2787/5430/2788 2796/5444/2797 2803/5462/2804
f 2769/5395/2770 2797/5445/2798 2794/5441/2795
f 2787/5430/2788 2803/5462/2804 2792/5438/2793
f 2788/5432/2789 2804/5463/2805 2799/5452/2800
f 2791/5437/2792 2805/5464/2806 2779/5415/2780
f 2798/5446/2799 2791/5437/2792 2772/5399/2773
f 2780/5417/2781 2768/5393/2769 2806/5465/2807
f 2768/5461/2769 2802/5460/2803 2807/5466/2808
f 2789/5467/2790 2800/5453/2801 2792/5438/2793
f 2799/5452/2800 2800/5468/2801 2789/5433/2790
f 2770/5469/2771 2800/5470/2801 2808/5471/2809
f 2766/5472/2767 2777/5473/2778 2809/5474/2810
f 2770/5469/2771 2808/5471/2809 2784/5475/2785
f 2784/5449/2785 2808/5476/2809 2785/5450/2786
f 2758/5455/2759 2759/5477/2760 2810/5478/2811
f 2758/5455/2759 2810/5478/2811 2801/5456/2802
f 2759/5477/2760 2767/5479/2768 2810/5478/2811
f 2776/5458/2777 2779/5415/2780 2805/5464/2806
f 2786/5428/2787 2805/5480/2806 2798/5446/2799
f 2768/5393/2769 2807/5481/2808 2806/5465/2807
f 2780/5417/2781 2806/5465/2807 2796/5482/2797
f 2705/5251/2706 2735/5326/2736 2793/5440/2794
f 2786/5428/2787 2776/5483/2777 2805/5480/2806
f 2799/5452/2800 2811/5484/2812 2800/5468/2801
f 2801/5456/2802 2812/5485/2813 2813/5486/2814
f 2773/5402/2774 2794/5447/2795 2797/5448/2798
f 2789/5433/2790 2814/5487/2815 2795/5443/2796
f 2792/5488/2793 2803/5489/2804 2814/5490/2815
f 2789/5433/2790 2792/5491/2793 2814/5487/2815
f 2804/5463/2805 2811/5484/2812 2799/5452/2800
f 2766/5387/2767 2809/5492/2810 2788/5432/2789
f 2777/5473/2778 2815/5493/2816 2809/5474/2810
f 2793/5494/2794 2735/5436/2736 2816/5495/2817
f 2791/5437/2792 2817/5496/2818 2805/5464/2806
f 2798/5446/2799 2818/5497/2819 2791/5437/2792
f 2811/5498/2812 2819/5499/2820 2800/5470/2801
f 2800/5470/2801 2819/5499/2820 2808/5471/2809
f 2801/5456/2802 2813/5486/2814 2777/5454/2778
f 2801/5456/2802 2810/5478/2811 2812/5485/2813
f 2798/5446/2799 2820/5500/2821 2818/5497/2819
f 2805/5480/2806 2820/5500/2821 2798/5446/2799
f 2821/5501/2822 2822/5502/2823 2823/5503/2824
f 2811/5484/2812 2804/5463/2805 2824/5504/2825
f 2808/5476/2809 2825/5505/2826 2785/5450/2786
f 2744/5457/2745 2816/5495/2817 2783/5424/2784
f 2793/5494/2794 2816/5495/2817 2744/5457/2745
f 2820/5500/2821 2807/5466/2808 2802/5460/2803
f 2795/5443/2796 2814/5487/2815 2802/5506/2803
f 2824/5507/2825 2819/5499/2820 2811/5498/2812
f 2788/5432/2789 2809/5492/2810 2804/5463/2805
f 2825/5505/2826 2767/5508/2768 2785/5450/2786
f 2790/5435/2791 2816/5495/2817 2735/5436/2736
f 2791/5437/2792 2818/5497/2819 2826/5509/2827
f 2820/5510/2821 2806/5511/2807 2807/5512/2808
f 2822/5502/2823 2827/5513/2828 2823/5503/2824
f 2824/5504/2825 2804/5463/2805 2828/5514/2829
f 2819/5499/2820 2815/5515/2816 2808/5471/2809
f 2777/5473/2778 2813/5516/2814 2815/5493/2816
f 2813/5486/2814 2812/5485/2813 2829/5517/2830
f 2791/5437/2792 2826/5509/2827 2817/5496/2818
f 2803/5489/2804 2796/5518/2797 2830/5519/2831
f 2824/5507/2825 2831/5520/2832 2819/5499/2820
f 2815/5521/2816 2825/5505/2826 2808/5476/2809
f 2825/5505/2826 2832/5522/2833 2767/5508/2768
f 2783/5424/2784 2816/5495/2817 2790/5435/2791
f 2817/5496/2818 2820/5510/2821 2805/5464/2806
f 2802/5523/2803 2814/5524/2815 2833/5525/2834
f 2830/5519/2831 2814/5490/2815 2803/5489/2804
f 2819/5499/2820 2834/5526/2835 2815/5515/2816
f 2809/5492/2810 2815/5527/2816 2834/5528/2835
f 2832/5529/2833 2810/5478/2811 2767/5479/2768
f 2821/5530/2822 2823/5531/2824 2827/5532/2828
f 2826/5509/2827 2820/5500/2821 2802/5460/2803
f 2812/5485/2813 2835/5533/2836 2829/5517/2830
f 2826/5509/2827 2836/5534/2837 2817/5496/2818
f 2817/5496/2818 2806/5511/2807 2820/5510/2821
f 2818/5497/2819 2820/5500/2821 2826/5509/2827
f 2806/5511/2807 2837/5535/2838 2796/5536/2797
f 2828/5514/2829 2804/5463/2805 2838/5537/2839
f 2804/5463/2805 2809/5492/2810 2838/5537/2839
f 2819/5499/2820 2831/5520/2832 2834/5526/2835
f 2810/5478/2811 2832/5529/2833 2812/5485/2813
f 2802/5460/2803 2833/5538/2834 2826/5509/2827
f 2839/5539/2840 2822/5540/2823 2840/5541/2841
f 2837/5542/2838 2830/5519/2831 2796/5518/2797
f 2814/5490/2815 2830/5519/2831 2833/5543/2834
f 2840/5541/2841 2828/5544/2829 2838/5545/2839
f 2838/5537/2839 2809/5492/2810 2834/5528/2835
f 2815/5521/2816 2841/5546/2842 2825/5505/2826
f 2822/5540/2823 2839/5539/2840 2827/5547/2828
f 2840/5541/2841 2838/5545/2839 2839/5539/2840
f 2815/5493/2816 2813/5516/2814 2841/5548/2842
f 2829/5549/2830 2842/5550/2843 2813/5551/2814
f 2829/5517/2830 2835/5533/2836 2843/5552/2844
f 2812/5485/2813 2832/5529/2833 2835/5533/2836
f 2817/5496/2818 2837/5535/2838 2806/5511/2807
f 2822/5553/2823 2821/5554/2822 2840/5555/2841
f 2840/5555/2841 2844/5556/2845 2828/5557/2829
f 2844/5558/2845 2845/5559/2846 2824/5507/2825
f 2845/5559/2846 2831/5520/2832 2824/5507/2825
f 2843/5552/2844 2842/5560/2843 2829/5517/2830
f 2828/5514/2829 2844/5561/2845 2824/5504/2825
f 2839/5539/2840 2838/5545/2839 2846/5562/2847
f 2831/5520/2832 2847/5563/2848 2834/5526/2835
f 2826/5509/2827 2833/5538/2834 2836/5534/2837
f 2827/5547/2828 2848/5564/2849 2821/5554/2822
f 2840/5555/2841 2849/5565/2850 2844/5556/2845
f 2838/5545/2839 2834/5566/2835 2846/5562/2847
f 2825/5505/2826 2850/5567/2851 2832/5522/2833
f 2850/5568/2851 2835/5533/2836 2832/5529/2833
f 2817/5496/2818 2836/5534/2837 2837/5535/2838
f 2821/5554/2822 2849/5565/2850 2840/5555/2841
f 2836/5534/2837 2830/5569/2831 2837/5535/2838
f 2836/5534/2837 2833/5538/2834 2830/5569/2831
f 2813/5551/2814 2842/5550/2843 2841/5570/2842
f 2841/5546/2842 2850/5567/2851 2825/5505/2826
f 2841/5546/2842 2851/5571/2852 2850/5567/2851
f 2843/5552/2844 2835/5533/2836 2850/5568/2851
f 2821/5554/2822 2848/5564/2849 2849/5565/2850
f 2848/5564/2849 2827/5547/2828 2839/5539/2840
f 2844/5556/2845 2849/5565/2850 2845/5572/2846
f 2845/5572/2846 2849/5565/2850 2847/5573/2848
f 2845/5559/2846 2847/5563/2848 2831/5520/2832
f 2851/5574/2852 2843/5552/2844 2850/5568/2851
f 2846/5562/2847 2852/5575/2853 2839/5539/2840
f 2841/5570/2842 2853/5576/2854 2851/5577/2852
f 2834/5566/2835 2847/5573/2848 2846/5562/2847
f 2848/5564/2849 2852/5575/2853 2849/5565/2850
f 2842/5550/2843 2853/5576/2854 2841/5570/2842
f 2846/5562/2847 2847/5573/2848 2852/5575/2853
f 2852/5575/2853 2848/5564/2849 2839/5539/2840
f 2849/5565/2850 2852/5575/2853 2847/5573/2848
f 2843/5552/2844 2851/5574/2852 2842/5560/2843
f 2842/5550/2843 2851/5577/2852 2853/5576/2854
