# Blender 4.4.0
# www.blender.org
mtllib Pac_Dance_Move_1108002314_texture.mtl
o Pac_Dance_Move_1108002314_texture
v -0.514319 -0.382327 -0.397553
v -0.541601 -0.347062 -0.396021
v -0.528404 -0.261067 -0.401915
v -0.502634 -0.305263 -0.392224
v -0.557528 -0.280148 -0.394628
v -0.512525 -0.259136 -0.395967
v -0.543504 -0.237986 -0.399521
v -0.519600 -0.234134 -0.390194
v -0.518853 -0.420549 -0.394237
v -0.570716 -0.327519 -0.385125
v -0.538132 -0.218483 -0.386503
v -0.505181 -0.500151 -0.381919
v -0.500736 -0.441599 -0.386063
v -0.567272 -0.409390 -0.376492
v -0.493867 -0.367382 -0.380407
v -0.491014 -0.259919 -0.372268
v -0.578070 -0.224188 -0.386371
v -0.522397 -0.506515 -0.379011
v -0.483486 -0.298934 -0.369478
v -0.576279 -0.204902 -0.380474
v -0.549785 -0.477939 -0.372364
v -0.645109 -0.263420 -0.354502
v -0.496047 -0.512966 -0.372676
v -0.530732 -0.512411 -0.369953
v -0.488573 -0.497514 -0.369149
v -0.615728 -0.193341 -0.363118
v -0.562597 -0.178711 -0.333208
v -0.859291 0.193736 -0.373072
v -0.817441 0.188976 -0.370636
v -0.840013 0.166952 -0.371087
v -0.835026 0.218634 -0.365635
v -0.571013 -0.502285 -0.353728
v -0.478585 -0.459055 -0.355600
v -0.640173 -0.357578 -0.348186
v -0.492255 -0.229972 -0.338277
v -0.864617 0.132980 -0.361313
v -0.803401 0.170279 -0.362936
v -0.807265 0.215117 -0.360615
v -0.896929 0.206290 -0.358659
v -0.873931 0.224993 -0.357228
v -0.479981 -0.391294 -0.355045
v -0.714366 -0.243550 -0.321615
v -0.845685 0.129142 -0.361136
v -0.825704 0.127156 -0.357261
v -0.894010 0.146696 -0.353141
v -0.883412 0.107508 -0.346780
v -0.775303 0.192885 -0.348419
v -0.485927 -0.513284 -0.348303
v -0.506914 -0.518527 -0.353172
v -0.631862 -0.488385 -0.328057
v -0.705231 -0.300593 -0.324325
v -0.592107 -0.171800 -0.345122
v -0.851949 0.113977 -0.354657
v -0.804500 0.128836 -0.348274
v -0.577279 -0.517395 -0.332876
v -0.470501 -0.373035 -0.329618
v -0.545697 -0.189235 -0.327971
v -0.682866 -0.208503 -0.329205
v -0.908510 0.125461 -0.339461
v -0.773533 0.209648 -0.341566
v -0.502128 -0.212481 -0.301393
v -0.650958 -0.184018 -0.334663
v -0.628396 -0.177960 -0.338959
v -0.856421 0.085348 -0.334075
v -0.828056 0.092384 -0.333852
v -0.780527 0.147591 -0.337061
v -0.940268 0.206904 -0.332296
v -0.927557 0.226634 -0.337319
v -0.624412 -0.508593 -0.322423
v -0.468664 -0.291247 -0.326371
v -0.808975 0.240042 -0.332421
v -0.867798 0.256342 -0.321839
v -0.682947 -0.430210 -0.313656
v -0.797583 0.107722 -0.326029
v -0.560004 -0.527264 -0.285362
v -0.454464 -0.511072 -0.303103
v -0.704919 -0.370969 -0.313548
v -0.591250 -0.179395 -0.330962
v -0.893164 0.082457 -0.323476
v -0.474251 -0.246072 -0.310130
v -0.755221 0.181662 -0.313500
v -0.961549 0.208175 -0.314317
v -0.784379 0.237427 -0.313797
v -0.932919 0.252656 -0.313453
v -0.464882 -0.341684 -0.298720
v -0.572774 -0.183585 -0.325534
v -0.615576 -0.176472 -0.321925
v -0.956722 0.146674 -0.302618
v -0.772315 0.130117 -0.306938
v -0.957957 0.219215 -0.318241
v -0.725588 -0.304550 -0.311225
v -0.685642 -0.199489 -0.310105
v -0.859914 0.070823 -0.313442
v -0.826319 0.081770 -0.318821
v -0.760339 0.207224 -0.315117
v -0.958799 0.241482 -0.310357
v -0.830641 0.262251 -0.305241
v -0.436367 -0.464444 -0.277543
v -0.447357 -0.414996 -0.295108
v -0.728144 -0.246568 -0.311302
v -0.550031 -0.191717 -0.314704
v -0.605021 -0.182681 -0.318899
v -0.642768 -0.178183 -0.304281
v -0.924666 0.091684 -0.303026
v -0.461364 -0.518362 -0.294115
v -0.496183 -0.525676 -0.276907
v -0.431393 -0.507474 -0.265014
v -0.700324 -0.493215 -0.290388
v -0.532572 -0.199509 -0.302199
v -0.593938 -0.177426 -0.287131
v -0.896739 0.265780 -0.302636
v -0.470249 -0.256698 -0.285154
v -0.557370 -0.185251 -0.299244
v -0.618249 -0.182744 -0.307672
v -0.895398 0.062904 -0.290968
v -0.716011 -0.404574 -0.298281
v -0.724646 -0.231543 -0.292464
v -0.806737 0.092074 -0.295995
v -0.758713 0.156557 -0.284388
v -0.777136 0.242073 -0.272138
v -0.980353 0.235161 -0.291338
v -0.648670 -0.520201 -0.279418
v -0.668036 -0.512101 -0.295320
v -0.730871 -0.364563 -0.292108
v -0.740962 -0.291901 -0.291870
v -0.670619 -0.191029 -0.292359
v -0.843942 0.069864 -0.295283
v -0.977439 0.257164 -0.278621
v -0.453870 -0.371425 -0.280547
v -0.738397 -0.255179 -0.290993
v -0.642720 -0.185182 -0.292999
v -0.887756 0.058402 -0.274650
v -0.989971 0.199748 -0.270709
v -0.806069 0.267407 -0.262321
v -0.960344 0.266865 -0.276549
v -0.609065 -0.178941 -0.279687
v -0.923520 0.065981 -0.268664
v -0.698302 -0.512498 -0.275920
v -0.715331 -0.456517 -0.283496
v -0.738786 -0.349170 -0.277604
v -0.532637 -0.211029 -0.268250
v -0.826699 0.082386 -0.267764
v -0.752785 0.186034 -0.262999
v -0.713837 -0.501584 -0.279046
v -0.461303 -0.345732 -0.256438
v -0.699066 -0.212655 -0.277291
v -0.777910 0.132932 -0.273882
v -0.527149 -0.529975 -0.210801
v -0.470896 -0.314033 -0.261016
v -0.726343 -0.236085 -0.272297
v -0.481765 -0.230992 -0.262852
v -0.514029 -0.206102 -0.254276
v -0.950956 0.089971 -0.262887
v -0.974009 0.133703 -0.266338
v -0.839756 0.271976 -0.274441
v -0.722059 -0.450325 -0.264019
v -0.426812 -0.422836 -0.252095
v -0.742167 -0.263154 -0.263444
v -0.687160 -0.211562 -0.272883
v -0.660163 -0.189993 -0.272938
v -0.560759 -0.197950 -0.257495
v -0.929705 0.275077 -0.266083
v -0.553240 0.374726 -0.270048
v -0.543118 0.403059 -0.275407
v -0.528488 0.365643 -0.270501
v -0.516466 0.372456 -0.266393
v -0.511727 0.408672 -0.266487
v -0.528383 0.435316 -0.265988
v -0.849458 0.071446 -0.244674
v -0.805055 0.117401 -0.251131
v -0.994309 0.241660 -0.258531
v -0.603117 -0.188823 -0.253988
v -0.550976 0.427822 -0.253869
v -0.647054 -0.525408 -0.226083
v -0.738141 -0.323168 -0.234061
v -0.846121 0.289892 -0.191271
v -0.544200 0.347382 -0.256328
v -0.561573 0.392654 -0.260671
v -0.509649 0.429803 -0.253588
v -0.711953 -0.513436 -0.242751
v -0.421271 -0.516846 -0.214380
v -0.731539 -0.383344 -0.242839
v -0.708177 -0.233936 -0.251801
v -0.531875 -0.220596 -0.251000
v -0.628836 -0.194724 -0.247121
v -0.953110 0.075111 -0.232704
v -0.761137 0.155353 -0.255098
v -0.997377 0.158948 -0.228636
v -0.757893 0.220006 -0.251637
v -0.564578 0.351718 -0.248174
v -0.424874 -0.399048 -0.224883
v -0.486995 -0.258394 -0.231495
v -0.726556 -0.251700 -0.237154
v -0.524285 -0.202103 -0.254762
v -0.764446 0.248483 -0.244500
v -0.989096 0.259707 -0.248168
v -0.966188 0.273722 -0.238572
v -0.527145 0.442191 -0.256407
v -0.412504 -0.506626 -0.222352
v -0.897984 0.058565 -0.233006
v -0.784792 0.130664 -0.239945
v -0.745951 0.184152 -0.241337
v -1.001940 0.207297 -0.218713
v -0.783713 0.274395 -0.236006
v -0.808611 0.277185 -0.234622
v -0.922787 0.287017 -0.198912
v -0.522807 0.349771 -0.244529
v -0.448213 -0.364226 -0.222107
v -0.473175 -0.333215 -0.225602
v -0.482202 -0.307005 -0.232970
v -0.519550 -0.207203 -0.219202
v -0.317648 0.002638 -0.245250
v -0.278051 0.052604 -0.245485
v -0.261826 -0.015064 -0.246584
v -0.246482 0.066220 -0.241630
v -0.991113 0.124683 -0.218787
v -0.580826 0.360086 -0.228244
v -0.685767 -0.226997 -0.233019
v -0.240517 -0.063699 -0.236090
v -0.310435 -0.036532 -0.241867
v -0.347203 0.012808 -0.241265
v -0.303171 0.078685 -0.241666
v -0.346365 0.084442 -0.235456
v -0.809783 0.115963 -0.235253
v -0.732569 0.249052 -0.230771
v -0.577053 0.397268 -0.214772
v -0.411046 -0.434842 -0.200460
v -0.730723 -0.289498 -0.213541
v -0.708265 -0.244609 -0.234618
v -0.538186 -0.232154 -0.230244
v -0.530507 -0.228953 -0.239006
v -0.532732 -0.219016 -0.218216
v -0.509191 -0.222634 -0.225313
v -0.275430 -0.089069 -0.228130
v -0.374644 -0.027571 -0.231231
v -0.375131 0.008142 -0.235248
v -0.368528 0.077088 -0.232243
v -0.196147 0.000036 -0.235058
v -0.260403 0.113183 -0.234044
v -0.749714 0.154571 -0.224314
v -0.714458 0.214325 -0.226383
v -0.587319 0.331273 -0.201206
v -0.689119 -0.518141 -0.209207
v -0.705936 -0.504474 -0.216246
v -0.718898 -0.253508 -0.221927
v -0.332641 -0.061730 -0.231640
v -0.180293 0.069052 -0.226399
v -0.946614 0.068548 -0.215079
v -0.835644 0.099576 -0.214962
v -0.201535 0.119576 -0.222239
v -0.314275 0.136579 -0.227140
v -0.708873 0.179459 -0.215242
v -1.000980 0.251658 -0.178630
v -0.502256 0.403133 -0.233080
v -0.551466 0.441714 -0.190687
v -0.533740 0.447826 -0.204096
v -0.494938 -0.250052 -0.218958
v -0.552761 -0.230328 -0.223601
v -0.600819 -0.225808 -0.208534
v -0.179846 -0.065140 -0.219778
v -0.407003 0.078182 -0.221427
v -0.378182 0.137659 -0.217958
v -0.762499 0.127780 -0.197346
v -0.742315 0.290710 -0.219108
v -0.955471 0.284400 -0.170488
v -0.511851 0.355338 -0.213448
v -0.622447 -0.527605 -0.176081
v -0.497677 -0.301783 -0.207945
v -0.690960 -0.246766 -0.214393
v -0.207433 -0.102592 -0.215028
v -0.398400 -0.059620 -0.214945
v -0.436370 -0.024242 -0.209716
v -0.143792 -0.016342 -0.213805
v -0.904175 0.063906 -0.206095
v -0.398474 0.114898 -0.218520
v -0.252699 0.162806 -0.215056
v -0.686898 0.243693 -0.205358
v -0.572604 0.319141 -0.197984
v -0.526893 0.327914 -0.189778
v -0.543238 -0.234363 -0.220132
v -0.124780 0.041029 -0.205683
v -0.548543 0.308478 -0.171625
v -0.523453 0.445961 -0.197741
v -0.647384 -0.237092 -0.199665
v -0.223815 -0.139025 -0.198017
v -0.308190 -0.135384 -0.200111
v -0.371197 -0.101541 -0.206100
v -0.855686 0.090372 -0.200534
v -0.802028 0.113968 -0.207110
v -0.316745 0.173046 -0.213031
v -0.980315 0.274316 -0.171153
v -0.510212 0.431547 -0.180537
v -0.427050 -0.519756 -0.153632
v -0.713796 -0.394360 -0.186226
v -0.552739 -0.240873 -0.209280
v -0.519003 -0.217716 -0.203698
v -0.466183 0.005224 -0.195462
v -0.123236 0.103001 -0.195075
v -0.738115 0.135826 -0.192103
v -0.353515 0.181133 -0.204758
v -0.697846 0.286118 -0.203048
v -0.804561 0.292324 -0.202671
v -0.587993 0.395204 -0.193359
v -0.405660 -0.498045 -0.189294
v -0.469019 -0.352882 -0.182983
v -0.701095 -0.249010 -0.206905
v -0.662981 -0.247487 -0.197012
v -0.559741 -0.238356 -0.212586
v -0.554307 -0.227719 -0.197783
v -0.520948 -0.238363 -0.198566
v -0.572105 -0.241217 -0.202604
v -0.456286 -0.059682 -0.189417
v -0.450229 0.100282 -0.195871
v -0.153651 0.144854 -0.195617
v -0.197175 0.165050 -0.202964
v -0.672267 0.170611 -0.198224
v -0.665606 0.194984 -0.197062
v -0.740285 0.312507 -0.200954
v -0.699230 0.321030 -0.191001
v -0.428529 -0.389355 -0.185179
v -0.524724 -0.265483 -0.182869
v -0.561978 -0.238911 -0.203392
v -0.156144 -0.104430 -0.192496
v -0.099878 -0.076754 -0.174075
v -0.081170 0.005835 -0.180182
v -0.974190 0.089578 -0.191761
v -0.828431 0.106254 -0.186512
v -0.417382 0.155927 -0.196122
v -0.998814 0.132930 -0.190472
v -0.294225 0.227176 -0.182144
v -0.688832 -0.513946 -0.182186
v -0.719371 -0.290633 -0.190466
v -0.584116 -0.245671 -0.194638
v -0.352809 -0.162786 -0.172819
v -0.453602 0.133068 -0.186580
v -0.231181 0.214385 -0.182594
v -0.504780 0.377372 -0.178060
v -0.499862 -0.314855 -0.191368
v -0.716062 -0.276151 -0.188528
v -0.675315 -0.271627 -0.187170
v -0.152483 -0.140789 -0.167858
v -0.413180 -0.129652 -0.175136
v -0.472765 -0.026909 -0.190259
v -0.965016 0.082572 -0.174616
v -0.694082 0.138287 -0.189576
v -0.407840 0.192156 -0.178315
v -0.658840 0.221134 -0.182840
v -0.876157 0.290088 -0.162520
v -0.712675 0.334397 -0.175338
v -0.602611 0.354864 -0.179254
v -0.549081 0.453458 -0.158363
v -0.696187 -0.485557 -0.178727
v -0.705314 -0.276772 -0.177748
v -0.688747 -0.268694 -0.179525
v -0.585894 -0.242036 -0.182222
v -0.596102 -0.249245 -0.189281
v -0.465802 -0.094894 -0.167026
v -0.086427 -0.050261 -0.173427
v -0.948072 0.077076 -0.173862
v -0.775450 0.116086 -0.168437
v -0.751245 0.118767 -0.177094
v -0.643462 0.157198 -0.190569
v -0.644768 0.112603 -0.188993
v -0.790225 0.322320 -0.164870
v -0.509851 0.352091 -0.165982
v -0.412508 -0.431559 -0.168540
v -0.707726 -0.347075 -0.163260
v -0.524237 -0.297209 -0.170733
v -0.607495 -0.251702 -0.187187
v -0.523668 -0.241602 -0.178459
v -0.532386 -0.223484 -0.181602
v -0.297133 -0.180672 -0.165443
v -0.726377 0.103509 -0.173194
v -0.453189 0.170438 -0.168051
v -0.140337 0.189975 -0.164689
v -0.338496 0.241283 -0.165515
v -0.655305 0.291952 -0.178330
v -0.668530 0.270273 -0.183552
v -0.661295 0.309160 -0.182433
v -0.573277 0.426329 -0.175870
v -0.402669 -0.511791 -0.172730
v -0.716244 -0.302650 -0.182621
v -0.542821 -0.230076 -0.178360
v -0.492126 -0.019600 -0.177398
v -0.492861 0.061099 -0.166722
v -0.073918 0.097176 -0.165305
v -0.505366 0.097589 -0.153979
v -0.861038 0.100048 -0.180292
v -0.988162 0.110971 -0.171584
v -0.610374 0.102930 -0.177574
v -0.112525 0.151148 -0.170921
v -0.614031 0.149301 -0.171876
v -0.201949 0.231291 -0.160640
v -0.837659 0.298228 -0.162106
v -0.647905 0.304240 -0.189799
v -0.646811 0.317459 -0.177621
v -0.451825 -0.371834 -0.165612
v -0.511616 -0.321526 -0.168102
v -0.634109 -0.259219 -0.185436
v -0.521453 -0.256538 -0.171419
v -0.628059 -0.261159 -0.180216
v -0.504479 -0.068667 -0.154000
v -0.922767 0.084969 -0.159667
v -0.695105 0.053524 -0.169920
v -0.652192 0.063157 -0.177101
v -0.624270 0.074517 -0.176074
v -0.638875 0.301127 -0.176472
v -0.690192 0.336863 -0.167624
v -0.609744 0.389910 -0.173056
v -0.593930 0.403027 -0.179571
v -0.406773 -0.499300 -0.158622
v -0.709943 -0.309480 -0.169409
v -0.721236 -0.292994 -0.168973
v -0.653688 -0.264077 -0.171475
v -0.612359 -0.248162 -0.167807
v -0.557619 -0.245671 -0.170176
v -0.105002 -0.121097 -0.152951
v -1.002770 0.222528 -0.160616
v -0.661374 0.321102 -0.170531
v -0.646285 0.335985 -0.168958
v -0.499721 0.373598 -0.153842
v -0.588175 0.424288 -0.167242
v -0.429707 -0.404076 -0.144602
v -0.236604 -0.204409 -0.137975
v -0.708823 0.050766 -0.161485
v -0.683225 0.037359 -0.158528
v -0.391529 0.245202 -0.141775
v -0.640897 0.287491 -0.157653
v -0.644232 0.314750 -0.162631
v -0.614677 0.344535 -0.158116
v -0.524376 0.448938 -0.157402
v -0.494233 -0.526329 -0.125849
v -0.694868 -0.286329 -0.156472
v -0.540896 -0.267005 -0.163619
v -0.545165 -0.236486 -0.153705
v -0.043529 0.013980 -0.149327
v -0.626687 0.065438 -0.162599
v -0.592891 0.092131 -0.159989
v -0.614818 0.193426 -0.144124
v -0.255821 0.258113 -0.151400
v -0.585375 0.306440 -0.143377
v -0.630491 0.350513 -0.148746
v -0.636371 0.376555 -0.149993
v -0.625485 0.420455 -0.157787
v -0.674547 -0.501045 -0.132573
v -0.515706 -0.311829 -0.148793
v -0.646929 -0.269379 -0.155853
v -0.578830 -0.256748 -0.157530
v -0.558029 -0.239899 -0.157451
v -0.408393 -0.165283 -0.149599
v -0.526372 -0.040512 -0.143520
v -0.812054 0.120235 -0.138158
v -0.755022 0.105607 -0.156213
v -0.502703 0.139948 -0.143019
v -0.623343 0.238679 -0.135222
v -0.561099 0.304648 -0.144564
v -0.633578 0.310965 -0.149091
v -0.656109 0.363573 -0.154401
v -0.648415 0.365030 -0.160082
v -0.640295 0.392015 -0.146256
v -0.571506 0.443569 -0.156819
v -0.651343 -0.517667 -0.122846
v -0.534397 -0.300994 -0.160476
v -0.552643 -0.275026 -0.153378
v -0.535263 -0.249438 -0.156063
v -0.155076 -0.185490 -0.128147
v -0.604754 0.078554 -0.154603
v -0.882085 0.113372 -0.153683
v -0.559749 0.132191 -0.119740
v -0.446448 0.200958 -0.150569
v -0.157376 0.235842 -0.135364
v -0.979349 0.269222 -0.143040
v -0.520535 0.331178 -0.146680
v -0.669303 0.340830 -0.138004
v -0.657159 0.343186 -0.145646
v -0.736208 0.347424 -0.126779
v -0.502601 0.426327 -0.143780
v -0.503342 -0.349272 -0.149222
v -0.513949 -0.335012 -0.155534
v -0.369365 -0.194898 -0.135598
v -0.043168 -0.039693 -0.139647
v -0.035366 0.085635 -0.132905
v -0.961005 0.094565 -0.146286
v -0.929754 0.098111 -0.140765
v -0.845000 0.122455 -0.142682
v -0.992832 0.152442 -0.138472
v -0.999000 0.183627 -0.141752
v -0.995326 0.246746 -0.141664
v -0.282724 0.274359 -0.135680
v -0.644809 0.331932 -0.153170
v -0.640802 0.354483 -0.149665
v -0.657354 0.384436 -0.149828
v -0.492876 0.403374 -0.139410
v -0.515558 0.446673 -0.142875
v -0.616029 0.469388 -0.137395
v -0.426230 -0.440615 -0.129897
v -0.682955 -0.428948 -0.137401
v -0.695140 -0.328736 -0.147003
v -0.694956 -0.303532 -0.142367
v -0.669043 -0.289924 -0.144553
v -0.542626 -0.266832 -0.142349
v -0.569186 -0.247035 -0.148963
v -0.093876 -0.153023 -0.120236
v -0.051540 -0.097817 -0.124228
v -0.563553 0.106402 -0.119127
v -0.582841 0.090220 -0.136365
v -0.075478 0.184347 -0.121726
v -0.574264 0.152683 -0.121483
v -0.505524 0.165722 -0.124065
v -0.961010 0.274352 -0.138786
v -0.637548 0.295246 -0.146101
v -0.563032 0.295542 -0.128412
v -0.629263 0.336877 -0.142143
v -0.703045 0.354036 -0.120819
v -0.529224 0.457565 -0.142876
v -0.589910 -0.524609 -0.114874
v -0.461451 -0.383960 -0.116996
v -0.529671 -0.326481 -0.152969
v -0.599929 -0.283224 -0.136805
v -0.571763 -0.268292 -0.144412
v -0.479955 -0.147861 -0.118324
v -0.530308 0.022518 -0.132467
v -0.668762 0.048889 -0.146156
v -0.630387 0.072483 -0.146683
v -0.650714 0.060553 -0.144396
v -0.973761 0.111617 -0.140718
v -0.782543 0.109738 -0.122720
v -0.653623 0.412325 -0.138729
v -0.638882 0.461761 -0.136938
v -0.557439 0.461825 -0.143003
v -0.421308 -0.514940 -0.121483
v -0.575865 -0.333970 -0.127593
v -0.564736 -0.255730 -0.138684
v -0.307160 -0.207315 -0.133811
v -0.725986 0.032517 -0.117776
v -0.758790 0.085478 -0.134780
v -0.772196 0.100806 -0.125345
v -0.538817 0.120183 -0.129130
v -0.896192 0.269833 -0.122119
v -0.493767 0.361495 -0.122683
v -0.653109 0.424183 -0.135623
v -0.663265 -0.509354 -0.123099
v -0.672318 -0.410503 -0.123279
v -0.478078 -0.366903 -0.130112
v -0.683629 -0.338278 -0.135303
v -0.553720 -0.350766 -0.125289
v -0.573100 -0.286419 -0.139459
v -0.563790 -0.283275 -0.138274
v -0.558830 -0.262065 -0.126495
v -0.551275 -0.098568 -0.095452
v -0.736306 0.041617 -0.120946
v -0.544064 0.050984 -0.120768
v -0.686978 0.039841 -0.132063
v -0.663004 0.045749 -0.139104
v -0.643920 0.042197 -0.126556
v -0.625239 0.068192 -0.136735
v -0.608167 0.080941 -0.134407
v -0.550933 0.094959 -0.121385
v -0.042508 0.143626 -0.114599
v -0.518767 0.153020 -0.129855
v -0.984837 0.248729 -0.124702
v -0.857095 0.280251 -0.122144
v -0.783561 0.327872 -0.120425
v -0.617342 0.330659 -0.128422
v -0.463275 0.445261 -0.136229
v -0.464757 0.416027 -0.135122
v -0.529613 -0.361544 -0.115592
v -0.690615 -0.330058 -0.118146
v -0.646923 -0.312463 -0.125597
v -0.571918 -0.277774 -0.127750
v -0.569691 -0.263870 -0.120802
v -0.528512 -0.123132 -0.100787
v -0.018122 0.012718 -0.122622
v -0.550406 -0.026997 -0.117670
v -0.545126 0.011256 -0.123133
v -0.678878 0.034914 -0.119421
v -0.884847 0.139909 -0.125932
v -0.543545 0.132642 -0.123006
v -0.492510 0.213832 -0.092910
v -0.107820 0.224895 -0.112180
v -0.212656 0.280504 -0.109022
v -0.822789 0.299123 -0.118959
v -0.686189 0.352223 -0.116846
v -0.668785 0.350926 -0.131098
v -0.659349 0.384002 -0.130899
v -0.483662 0.391712 -0.129734
v -0.666680 0.465430 -0.113491
v -0.495558 0.480146 -0.119278
v -0.473227 0.467798 -0.128651
v -0.435939 -0.196693 -0.095825
v -0.951694 0.109288 -0.130417
v -0.990776 0.177077 -0.126518
v -0.451783 0.250926 -0.096231
v -0.613205 0.233990 -0.121421
v -0.547964 0.312409 -0.124819
v -0.591698 0.303129 -0.121633
v -0.507641 0.344660 -0.113606
v -0.670945 0.425206 -0.124225
v -0.438240 0.426391 -0.119684
v -0.550852 0.499409 -0.116260
v -0.663628 -0.307029 -0.118310
v -0.562753 -0.274800 -0.110409
v -0.185612 -0.214074 -0.107969
v -0.613558 0.029622 -0.119337
v -0.586096 0.042569 -0.123217
v -0.584272 0.086580 -0.121806
v -0.545891 0.148621 -0.126743
v -0.985671 0.226475 -0.118622
v -0.961870 0.256411 -0.116395
v -0.342318 0.297695 -0.093860
v -0.575051 0.298361 -0.120978
v -0.634602 0.290818 -0.116627
v -0.454382 0.461032 -0.126179
v -0.636890 0.486355 -0.114281
v -0.664541 -0.417428 -0.112468
v -0.659290 -0.344917 -0.121852
v -0.535233 -0.372192 -0.104602
v -0.568228 -0.352977 -0.117148
v -0.608179 -0.324728 -0.119193
v -0.375647 -0.225374 -0.092885
v -0.019486 -0.078121 -0.097879
v -0.640984 0.029223 -0.115320
v -0.561242 0.064143 -0.116782
v -0.920098 0.151438 -0.102124
v -0.556885 0.108913 -0.116977
v -0.528511 0.165877 -0.119314
v -0.115841 0.252279 -0.087000
v -0.628557 0.327081 -0.113511
v -0.676551 0.387734 -0.116198
v -0.476461 0.371668 -0.102279
v -0.467837 0.387385 -0.118984
v -0.450957 0.394217 -0.121334
v -0.441474 0.411015 -0.121383
v -0.588026 0.509129 -0.104044
v -0.450343 -0.516723 -0.097736
v -0.658100 -0.437989 -0.108911
v -0.462637 -0.412011 -0.096475
v -0.658573 -0.388124 -0.111540
v -0.667039 -0.336313 -0.115665
v -0.594246 -0.344944 -0.115900
v -0.564595 -0.056891 -0.094747
v -0.584545 0.000626 -0.109995
v -0.710952 0.036082 -0.106430
v -0.665369 0.022455 -0.107008
v -0.964150 0.147329 -0.112789
v -0.832816 0.141125 -0.109517
v -0.555508 0.140794 -0.115093
v -0.880501 0.166296 -0.106654
v -0.856347 0.162191 -0.100956
v -0.539295 0.164297 -0.106285
v -0.587821 0.188235 -0.091897
v -0.612595 0.251722 -0.104645
v -0.566351 0.300561 -0.115290
v -0.699266 0.358140 -0.099216
v -0.433540 0.451680 -0.111742
v -0.459462 0.491647 -0.108731
v -0.439808 -0.505785 -0.101166
v -0.656318 -0.489094 -0.105378
v -0.634233 -0.334033 -0.109016
v -0.575556 -0.306118 -0.111141
v -0.576586 -0.290090 -0.116281
v -0.569564 -0.294441 -0.102302
v -0.584932 -0.279115 -0.095661
v -0.245900 -0.236019 -0.096551
v -0.128784 -0.206617 -0.083581
v -0.564561 0.082782 -0.109251
v -0.566671 0.093755 -0.106692
v -0.547535 0.147426 -0.105261
v -0.602667 0.216010 -0.100912
v -0.547797 0.303825 -0.107291
v -0.535729 0.329467 -0.095736
v -0.481586 0.362280 -0.079280
v -0.440600 0.386320 -0.103232
v -0.427671 0.417365 -0.105241
v -0.419549 0.429601 -0.105693
v -0.694230 0.425430 -0.098363
v -0.448956 0.490762 -0.101833
v -0.636914 -0.379904 -0.102050
v -0.480845 -0.394371 -0.094623
v -0.631739 -0.344911 -0.106795
v -0.555901 -0.362965 -0.104759
v -0.654186 -0.342827 -0.102823
v -0.575964 -0.348068 -0.102932
v -0.620463 -0.339896 -0.105333
v -0.662315 -0.325270 -0.107119
v -0.644827 -0.324787 -0.100465
v -0.593853 -0.302103 -0.102809
v -0.301736 -0.247981 -0.080689
v -0.615353 -0.014908 -0.083077
v 0.000520 0.095783 -0.080830
v -0.889511 0.179522 -0.100119
v -0.961761 0.193594 -0.100596
v -0.388575 0.284856 -0.093063
v -0.575992 0.288912 -0.104423
v -0.633362 0.318822 -0.092976
v -0.452851 0.375240 -0.101157
v -0.688790 0.463454 -0.087372
v -0.548766 0.515721 -0.093079
v -0.471481 -0.519403 -0.089513
v -0.586720 -0.352656 -0.099186
v -0.066388 -0.144458 -0.102885
v 0.010120 0.006652 -0.079309
v -0.785976 0.114848 -0.092266
v -0.557725 0.154608 -0.097596
v -0.529296 0.182401 -0.088719
v -0.959574 0.234488 -0.102457
v -0.907222 0.244113 -0.103512
v -0.561235 0.297597 -0.099553
v -0.615363 0.309716 -0.078064
v -0.622019 0.320034 -0.100205
v -0.726242 0.355358 -0.090776
v -0.409940 0.458396 -0.098099
v -0.475635 0.499691 -0.095304
v -0.520732 -0.519315 -0.074920
v -0.616786 -0.508640 -0.079380
v -0.647801 -0.445436 -0.100104
v -0.676442 -0.429791 -0.099648
v -0.661445 -0.394696 -0.095805
v -0.563375 -0.355952 -0.091559
v -0.610934 -0.361852 -0.105089
v -0.619114 -0.322635 -0.091106
v -0.596738 -0.313208 -0.090224
v -0.431208 -0.215892 -0.071139
v -0.655496 0.016090 -0.090775
v -0.548741 0.163113 -0.084862
v -0.943557 0.190490 -0.094272
v -0.536843 0.177780 -0.086370
v -0.878604 0.243572 -0.097308
v -0.616798 0.253932 -0.070235
v -0.367160 0.306656 -0.073149
v -0.639718 0.288927 -0.092226
v -0.281898 0.321168 -0.064341
v -0.797599 0.307635 -0.098611
v -0.433355 0.394810 -0.090400
v -0.409186 0.430804 -0.096653
v -0.659652 0.492654 -0.086392
v -0.638621 -0.494444 -0.088524
v -0.635906 -0.463581 -0.085413
v -0.658762 -0.425265 -0.109227
v -0.647735 -0.414993 -0.095679
v -0.649088 -0.405098 -0.098952
v -0.671158 -0.425986 -0.091218
v -0.576328 -0.369330 -0.102639
v -0.607122 -0.381503 -0.097262
v -0.631877 -0.347338 -0.095415
v -0.753531 0.044755 -0.067922
v -0.774029 0.098372 -0.083292
v -0.031675 0.176628 -0.075563
v -0.067805 0.223439 -0.072777
v -0.827926 0.255469 -0.080042
v -0.585128 0.285967 -0.081500
v -0.422626 0.409445 -0.095831
v -0.433404 0.476311 -0.094783
v -0.451842 0.505003 -0.081998
v -0.510234 0.508524 -0.087051
v -0.591078 0.518549 -0.075276
v -0.588385 -0.516458 -0.075675
v -0.560789 -0.380364 -0.091477
v -0.631315 -0.378941 -0.083084
v -0.615251 -0.351417 -0.090642
v -0.606864 -0.307297 -0.089719
v -0.587098 -0.296486 -0.083014
v -0.204542 -0.246292 -0.064556
v -0.074670 -0.191267 -0.051302
v -0.708118 0.022859 -0.071508
v -0.718607 0.038291 -0.081655
v -0.606230 0.224886 -0.075508
v -0.156309 0.293712 -0.050158
v -0.640146 0.315586 -0.077621
v -0.544798 0.304693 -0.085544
v -0.750286 0.337312 -0.076862
v -0.357026 0.383037 -0.089789
v -0.345059 0.407693 -0.088978
v -0.400942 0.458177 -0.080181
v -0.488254 0.508401 -0.080933
v -0.645854 -0.445828 -0.090250
v -0.633912 -0.402306 -0.082429
v -0.580124 -0.400550 -0.088975
v -0.569139 -0.390341 -0.085122
v -0.564375 -0.398348 -0.085791
v -0.608363 -0.387534 -0.077292
v -0.634437 -0.331100 -0.088492
v -0.402265 -0.328774 -0.084894
v -0.400291 -0.300501 -0.083229
v -0.364580 -0.323151 -0.087488
v -0.358054 -0.283177 -0.083171
v -0.483574 -0.185465 -0.068834
v -0.681953 0.022026 -0.050358
v -0.786984 0.125940 -0.070897
v -0.891266 0.213832 -0.095245
v -0.864379 0.196411 -0.085644
v -0.557284 0.293755 -0.085934
v -0.396228 0.293200 -0.075560
v -0.716453 0.356357 -0.077503
v -0.430317 0.389300 -0.085745
v -0.388599 0.369494 -0.078212
v -0.327495 0.371558 -0.078375
v -0.367206 0.445940 -0.079522
v -0.468356 -0.504423 -0.078135
v -0.601241 -0.413048 -0.083970
v -0.571900 -0.379743 -0.079115
v -0.615384 -0.338401 -0.084909
v -0.382727 -0.264423 -0.080246
v -0.015464 -0.121967 -0.055152
v -0.566839 -0.093724 -0.069256
v -0.581052 -0.067324 -0.065462
v -0.742013 0.037884 -0.060674
v -0.823370 0.158264 -0.074913
v -0.557494 0.176138 -0.070621
v -0.529279 0.208640 -0.061788
v -0.651648 0.298219 -0.071580
v -0.462692 0.356849 -0.065042
v -0.445168 0.370884 -0.075661
v -0.439518 0.381337 -0.078583
v -0.319477 0.399666 -0.074482
v -0.407836 0.486583 -0.074268
v -0.609683 -0.477844 -0.076235
v -0.609404 -0.421675 -0.086682
v -0.625911 -0.423146 -0.085292
v -0.629839 -0.438108 -0.087900
v -0.483925 -0.440085 -0.080005
v -0.518782 -0.423483 -0.076309
v -0.355178 -0.339777 -0.073845
v -0.330776 -0.318445 -0.072781
v -0.352912 -0.248774 -0.070128
v -0.790134 0.274342 -0.062145
v -0.568785 0.290163 -0.070582
v -0.425389 0.281114 -0.072895
v -0.353697 0.313263 -0.068250
v -0.329677 0.317157 -0.066754
v -0.253836 0.327277 -0.047844
v -0.528382 0.336849 -0.062059
v -0.437145 0.374936 -0.067188
v -0.717711 0.412576 -0.069086
v -0.433395 0.488131 -0.073050
v -0.476225 0.504619 -0.062035
v -0.592146 -0.438830 -0.077862
v -0.623188 -0.417971 -0.074556
v -0.563541 -0.432523 -0.075336
v -0.395846 -0.342474 -0.074164
v -0.313406 -0.262481 -0.061233
v -0.333211 -0.254648 -0.066472
v -0.373164 -0.240730 -0.070319
v -0.390303 -0.235927 -0.067216
v -0.405255 -0.231988 -0.063992
v -0.833911 0.185172 -0.068307
v -0.827368 0.215551 -0.062449
v -0.501590 0.239475 -0.040730
v -0.456920 0.268763 -0.060322
v -0.549915 0.311281 -0.070783
v -0.485012 0.356780 -0.049147
v -0.722636 0.343935 -0.059287
v -0.363856 0.332097 -0.071037
v -0.334557 0.328346 -0.062951
v -0.401620 0.464432 -0.063900
v -0.457137 0.511460 -0.055229
v -0.624624 0.515867 -0.060706
v -0.554121 0.519797 -0.063783
v -0.505592 -0.508657 -0.065574
v -0.467903 -0.314849 -0.055072
v -0.432044 -0.258028 -0.067169
v -0.400402 -0.238616 -0.066587
v -0.374933 -0.248024 -0.070650
v -0.533905 -0.155173 -0.038438
v 0.021797 -0.042508 -0.038353
v -0.613841 -0.042196 -0.038494
v -0.661729 0.011497 -0.051366
v -0.548494 0.176451 -0.066173
v -0.617126 0.235399 -0.061555
v -0.442226 0.280300 -0.055233
v -0.427649 0.300657 -0.065572
v -0.614833 0.310784 -0.052324
v -0.393063 0.341376 -0.062910
v -0.403964 0.356707 -0.059372
v -0.308308 0.387761 -0.057902
v -0.330961 0.438631 -0.058262
v -0.377109 -0.351712 -0.052043
v -0.294824 -0.262785 -0.054672
v -0.234158 -0.256089 -0.057330
v 0.709517 -0.255105 -0.066378
v 0.802546 -0.190198 -0.066637
v 0.820672 -0.218258 -0.066086
v 0.811657 -0.252560 -0.065914
v 0.685036 -0.253175 -0.065987
v 0.703619 -0.199431 -0.066944
v 0.679032 -0.249484 -0.065973
v 0.675127 -0.218617 -0.066532
v 0.847504 -0.213910 -0.065265
v 0.656267 -0.212572 -0.067830
v 0.885226 -0.158402 -0.066456
v 0.887163 -0.206121 -0.066067
v 0.770490 -0.060851 -0.066940
v 0.648010 -0.172658 -0.066184
v 0.624062 -0.159424 -0.066659
v 0.625315 -0.166288 -0.066337
v 0.929675 -0.094412 -0.066876
v 0.922209 -0.155454 -0.066007
v 0.574807 -0.157328 -0.065472
v 0.575150 -0.112448 -0.066239
v 0.913559 -0.055267 -0.066948
v 0.597371 -0.048384 -0.066766
v 0.558631 -0.090947 -0.066987
v 0.989834 -0.091953 -0.064812
v 0.983962 -0.086197 -0.068550
v 0.993786 -0.087319 -0.064341
v 0.525735 -0.091537 -0.067310
v 0.530524 -0.042571 -0.067720
v 0.990225 -0.032895 -0.068309
v 0.675349 0.000203 -0.067006
v 0.621971 0.126148 -0.066222
v 0.935190 0.057529 -0.066994
v 0.993338 0.055761 -0.067943
v 0.845570 0.047002 -0.066888
v 0.532586 0.059377 -0.065747
v 0.524705 -0.013272 -0.065345
v 0.568574 0.067705 -0.065964
v 0.559960 0.058689 -0.065157
v 0.713041 0.155597 -0.066723
v 0.920999 0.126005 -0.066233
v 0.782851 0.110050 -0.066901
v 0.887596 0.130691 -0.066523
v 0.570208 0.127242 -0.065088
v 0.828299 0.176858 -0.066188
v 0.886248 0.172508 -0.065289
v 0.618262 0.170071 -0.065341
v 0.656122 0.172711 -0.065308
v 0.825903 0.205617 -0.066289
v 0.706191 0.204555 -0.066315
v 0.829698 0.184069 -0.063137
v 0.741973 0.207156 -0.065709
v 0.778204 0.218487 -0.065369
v -0.590381 0.221526 -0.049188
v 0.790008 0.244345 -0.064471
v 0.819114 0.270950 -0.070300
v 0.820873 0.246379 -0.066825
v 0.764835 0.280026 -0.059216
v -0.645075 0.272656 -0.046501
v -0.450592 0.296056 -0.046575
v -0.748248 0.320395 -0.054430
v -0.696826 0.478210 -0.052259
v -0.658165 0.510547 -0.040413
v -0.526889 0.513702 -0.056180
v -0.573866 -0.501224 -0.066362
v -0.459244 -0.339690 -0.041110
v -0.676440 -0.319735 -0.066462
v -0.670085 -0.311622 -0.068189
v -0.643411 -0.329366 -0.057263
v -0.691766 -0.291077 -0.057075
v -0.759877 -0.285402 -0.062551
v -0.738998 -0.308424 -0.062384
v -0.753836 -0.308382 -0.060808
v 0.813841 -0.257498 -0.062842
v 0.820281 -0.252976 -0.062890
v -0.440586 -0.227293 -0.067436
v -0.426636 -0.230841 -0.059376
v -0.234002 -0.210651 -0.075774
v -0.240283 -0.219216 -0.068383
v -0.216011 -0.211395 -0.065382
v -0.447930 -0.214433 -0.057895
v 0.858184 -0.214293 -0.060463
v 0.885190 -0.212397 -0.062303
v -0.233390 -0.201234 -0.071046
v 0.892510 -0.205658 -0.058272
v -0.488793 -0.192562 -0.046369
v 0.643685 -0.209655 -0.059450
v 0.890350 -0.164409 -0.064329
v 0.627489 -0.177708 -0.060152
v 0.568496 -0.160408 -0.059364
v 0.897788 -0.161354 -0.062784
v 0.921216 -0.159832 -0.063327
v 0.566131 -0.106448 -0.058832
v 0.961789 -0.095212 -0.053588
v 0.937426 -0.098480 -0.057333
v 0.523727 -0.067040 -0.063232
v 0.995870 -0.042916 -0.061577
v 0.998559 0.056309 -0.062864
v 0.523941 0.056987 -0.061005
v -0.723939 0.043789 -0.054298
v -0.752989 0.049074 -0.049927
v 0.027562 0.048916 -0.040520
v 0.940256 0.069506 -0.065014
v 0.947150 0.068357 -0.056092
v 0.975963 0.061035 -0.062225
v 0.997221 0.060605 -0.058580
v -0.775009 0.113073 -0.060825
v 0.566002 0.088578 -0.061794
v 0.938461 0.131805 -0.061652
v 0.612151 0.130644 -0.062521
v 0.892335 0.134356 -0.061416
v 0.617864 0.136892 -0.060072
v 0.000792 0.156735 -0.035747
v 0.626656 0.175495 -0.060081
v 0.864139 0.175621 -0.051319
v -0.038856 0.211202 -0.045320
v 0.667819 0.207456 -0.058615
v 0.803393 0.217168 -0.063800
v 0.755514 0.221778 -0.054337
v 0.829238 0.250722 -0.057313
v 0.825296 0.282537 -0.061802
v -0.555622 0.303408 -0.062693
v -0.410481 0.345721 -0.048154
v -0.311778 0.330619 -0.044863
v -0.728348 0.405257 -0.046560
v -0.366808 0.459075 -0.044154
v -0.401264 0.485942 -0.044939
v -0.448301 0.508331 -0.048139
v -0.596470 0.531749 -0.056762
v -0.578257 0.523065 -0.055906
v -0.538011 -0.504905 -0.063950
v -0.310097 -0.321445 -0.048457
v -0.727810 -0.330825 -0.050611
v -0.792851 -0.293798 -0.055838
v -0.808181 -0.269747 -0.061007
v -0.757947 -0.257080 -0.055383
v -0.478899 -0.264307 -0.046404
v -0.291366 -0.269520 -0.045739
v -0.826091 -0.235794 -0.060246
v 0.708186 -0.258700 -0.058355
v -0.439902 -0.235769 -0.055538
v -0.260656 -0.217188 -0.062366
v -0.253927 -0.225976 -0.059523
v 0.651748 -0.214045 -0.052874
v 0.674216 -0.216615 -0.051591
v -0.247673 -0.209430 -0.065723
v -0.219036 -0.227122 -0.044795
v -0.226144 -0.184257 -0.049986
v -0.191736 -0.200764 -0.065154
v -0.199889 -0.194598 -0.064492
v -0.204324 -0.211067 -0.069007
v -0.184474 -0.210886 -0.059227
v 0.623164 -0.209405 -0.054462
v 0.617067 -0.164268 -0.057702
v 0.892486 -0.166786 -0.057670
v 0.932829 -0.128870 -0.055907
v 0.530359 -0.103523 -0.055717
v 0.998921 0.000339 -0.041010
v 0.530054 0.062971 -0.056937
v 0.564189 0.068784 -0.056288
v 0.965681 0.066768 -0.057058
v 0.944403 0.126186 -0.052815
v 0.646184 0.177223 -0.054092
v -0.556669 0.192276 -0.041702
v -0.550879 0.191483 -0.038597
v 0.661810 0.184996 -0.057148
v 0.705461 0.211059 -0.054288
v 0.766159 0.248561 -0.055106
v 0.851277 0.289111 -0.055923
v 0.850561 0.254575 -0.055499
v 0.828402 0.295591 -0.057450
v -0.582828 0.297722 -0.055085
v 0.794589 0.294870 -0.059395
v -0.660696 0.315042 -0.057623
v -0.648850 0.321493 -0.053690
v -0.311508 0.341029 -0.035153
v -0.451382 0.361187 -0.039390
v -0.310062 0.417224 -0.037952
v -0.414921 0.496136 -0.039720
v -0.547389 0.524942 -0.051062
v -0.670814 -0.342907 -0.044345
v -0.323994 -0.339282 -0.032956
v -0.589131 -0.307934 -0.038873
v -0.822394 -0.273645 -0.051380
v 0.677793 -0.255636 -0.046881
v 0.683793 -0.259039 -0.039229
v -0.846969 -0.233605 -0.049133
v -0.791691 -0.224038 -0.050078
v -0.278897 -0.228792 -0.045717
v 0.825903 -0.217781 -0.038757
v -0.448957 -0.221502 -0.041638
v 0.621116 -0.169515 -0.054173
v -0.048403 -0.177816 -0.029063
v 0.929887 -0.160826 -0.052810
v 0.943363 -0.158194 -0.049953
v 0.954028 -0.108297 -0.049733
v 0.945382 -0.124017 -0.047611
v 0.523839 -0.009372 -0.045950
v -0.713303 0.031089 -0.044758
v 0.558053 0.063872 -0.046803
v 0.944959 0.091606 -0.049042
v 0.969597 0.089886 -0.049371
v 0.566342 0.123935 -0.053846
v 0.571454 0.130194 -0.057166
v -0.770838 0.134132 -0.043927
v 0.892402 0.169673 -0.036648
v 0.805372 0.218772 -0.034181
v 0.783823 0.224732 -0.050655
v 0.710204 0.244816 -0.053963
v 0.798987 0.241850 -0.043211
v 0.824991 0.246891 -0.047659
v 0.786442 0.239120 -0.052416
v 0.694492 0.244763 -0.054323
v 0.716940 0.304378 -0.055150
v 0.660761 0.248757 -0.054445
v 0.665987 0.323660 -0.054307
v -0.590616 0.314338 -0.034118
v 0.744590 0.304619 -0.050423
v 0.807857 0.297704 -0.054745
v -0.667808 0.306715 -0.053419
v -0.543415 0.321505 -0.047984
v -0.565794 0.305128 -0.044077
v -0.273387 0.335522 -0.032321
v -0.439553 0.374740 -0.045083
v -0.423508 0.367491 -0.039476
v -0.433991 0.491797 -0.037413
v -0.606473 0.520474 -0.049850
v -0.776986 -0.314838 -0.042126
v -0.255778 -0.186656 -0.037116
v 0.891220 -0.208215 -0.010490
v -0.848213 -0.189477 -0.048371
v -0.831553 -0.175261 -0.044346
v -0.239186 -0.153070 -0.018230
v 0.891483 -0.170764 -0.037251
v 0.895092 -0.163226 -0.038504
v 0.564572 -0.112379 -0.022205
v -0.011106 -0.135289 -0.023733
v 0.009523 -0.096240 -0.023359
v 0.524712 -0.100495 -0.041500
v 0.971109 0.070649 -0.047497
v 0.022764 0.104316 -0.029786
v 0.895367 0.133798 -0.006947
v 0.700858 0.211903 -0.045210
v -0.533403 0.223927 -0.033263
v 0.702370 0.239979 -0.049382
v -0.079922 0.257600 -0.030301
v -0.636794 0.236726 -0.044315
v -0.451408 0.282810 -0.024727
v 0.614722 0.312588 -0.049497
v 0.633528 0.303377 -0.052980
v 0.643148 0.265285 -0.047716
v 0.654485 0.322619 -0.051147
v 0.689931 0.321081 -0.049006
v 0.636620 0.344522 -0.048783
v 0.662468 0.331462 -0.045587
v -0.514794 0.338952 -0.039568
v -0.516231 0.521742 -0.044347
v -0.351324 -0.348833 -0.031141
v -0.611466 -0.348439 -0.032871
v -0.510313 -0.325104 -0.028911
v -0.576412 -0.325349 -0.038890
v -0.551963 -0.322247 -0.056930
v -0.559803 -0.298307 -0.055280
v -0.813351 -0.290235 -0.040394
v -0.502533 -0.301369 -0.041487
v -0.528337 -0.290642 -0.040535
v -0.642519 -0.269857 -0.032659
v -0.282116 -0.269046 -0.033920
v -0.747427 -0.228297 -0.035532
v -0.134657 -0.231953 -0.038833
v 0.822581 -0.224896 -0.013649
v -0.864763 -0.184525 -0.035177
v -0.216068 -0.183907 -0.038557
v -0.847761 -0.163808 -0.040173
v 0.032242 0.002232 -0.025692
v -0.752840 0.073873 -0.026173
v -0.782757 0.170116 -0.028925
v 0.641607 0.173376 -0.032357
v 0.829922 0.190588 -0.036467
v 0.625285 0.259819 -0.038377
v 0.613848 0.286765 -0.043427
v 0.651130 0.255052 -0.041305
v 0.855293 0.263213 -0.021979
v -0.676419 0.313806 -0.045319
v -0.438473 0.316736 -0.031442
v 0.649938 0.361214 -0.036776
v -0.552656 -0.352594 -0.032347
v -0.544841 -0.342465 -0.045706
v -0.525076 -0.307314 -0.039260
v -0.531719 -0.336512 -0.036703
v -0.516118 -0.311974 -0.034464
v -0.579021 -0.299381 -0.036950
v -0.516764 -0.290911 -0.045918
v -0.503506 -0.259164 -0.036622
v -0.532554 -0.253128 -0.040538
v -0.520359 -0.268352 -0.039175
v -0.561700 -0.260024 -0.038656
v -0.835842 -0.265520 -0.030992
v 0.778405 -0.259073 -0.002839
v -0.463431 -0.222990 -0.032620
v 0.671367 -0.222009 -0.025801
v -0.282445 -0.219880 -0.043012
v 0.624706 -0.211698 0.006985
v 0.622637 -0.210321 -0.016633
v -0.466318 -0.213966 -0.027918
v -0.140087 -0.211600 -0.017542
v 0.999721 0.060692 -0.050983
v 0.564543 0.105759 0.025375
v 0.612909 0.133141 -0.024347
v 0.790945 0.223177 -0.033683
v 0.702764 0.233621 -0.033872
v -0.753448 0.281540 -0.035334
v 0.832932 0.294277 -0.001836
v -0.671603 0.344998 -0.025558
v 0.616279 0.353149 -0.035914
v -0.402881 0.460434 -0.038240
v -0.479364 0.497246 -0.036223
v -0.638234 0.516857 -0.027058
v -0.548159 0.515800 -0.043555
v -0.456346 -0.343345 -0.014906
v -0.717996 -0.340228 -0.031299
v -0.689864 -0.228462 -0.018873
v 0.885738 -0.213482 0.001016
v -0.205767 -0.063202 0.071617
v 0.559447 -0.104355 -0.025023
v -0.592947 -0.073758 -0.008754
v -0.667280 0.022853 -0.020973
v 0.563816 0.069766 -0.025433
v 0.650219 0.183388 -0.025235
v 0.836392 0.185262 -0.021852
v -0.768820 0.198494 -0.019196
v -0.765881 0.235722 -0.030790
v 0.852991 0.287467 -0.023917
v 0.774463 0.300098 0.010945
v 0.804397 0.297564 -0.010063
v -0.541022 0.308939 -0.034939
v -0.619854 0.323068 -0.030142
v -0.718660 0.325841 -0.040912
v 0.603777 0.330014 -0.025823
v -0.727642 0.356185 0.000040
v 0.631856 0.364608 -0.033272
v -0.311872 0.341640 -0.006855
v -0.338968 0.445788 -0.029323
v -0.707491 0.477938 -0.011469
v -0.405050 0.471178 -0.038223
v -0.462704 0.503094 -0.020866
v -0.624586 0.516175 -0.010534
v -0.579358 -0.343824 -0.021510
v -0.763418 -0.326058 -0.020716
v -0.291088 -0.313954 -0.018619
v -0.584675 -0.274645 -0.025548
v -0.522998 -0.239985 -0.022740
v 0.726233 -0.259379 0.025189
v -0.177521 -0.263717 0.005952
v -0.855573 -0.231367 -0.026319
v -0.539472 -0.225453 -0.027406
v 0.677065 -0.255920 0.002844
v 0.647233 -0.214123 -0.006852
v -0.824074 -0.143326 -0.023380
v -0.233258 -0.074281 0.055858
v 0.619815 -0.169081 -0.018032
v 0.907577 -0.162053 0.021939
v 0.967022 -0.099206 -0.028140
v 0.972736 -0.094255 -0.033091
v -0.617061 -0.044027 -0.018934
v -0.630463 -0.021526 -0.006592
v 0.620867 0.174898 -0.017775
v 0.856068 0.183771 0.003033
v 0.659112 0.189299 -0.015517
v -0.609992 0.208985 -0.025474
v 0.789656 0.234492 -0.029045
v -0.655413 0.243677 -0.037076
v -0.702017 0.285965 -0.021466
v -0.724813 0.293601 -0.026056
v -0.416328 0.354001 -0.021435
v -0.490816 0.360065 -0.013948
v 0.661803 0.360041 -0.016413
v -0.479540 0.360236 -0.015102
v -0.452330 0.499680 -0.013546
v -0.522022 0.509305 -0.036777
v -0.514806 -0.333971 -0.027247
v -0.791412 -0.310032 -0.017357
v -0.577499 -0.248795 -0.018691
v -0.220395 -0.270920 -0.002326
v -0.513923 -0.236490 -0.015512
v -0.294917 -0.228696 -0.026965
v -0.248940 -0.241016 0.014872
v -0.295339 -0.220196 -0.030281
v -0.322119 -0.209997 0.005648
v -0.172351 -0.226134 -0.012106
v -0.786767 -0.186346 -0.024383
v -0.536505 -0.165979 0.001618
v -0.866615 -0.132214 -0.013801
v -0.844785 -0.127848 -0.017582
v -0.560072 -0.131792 -0.015764
v 0.961464 -0.119512 -0.019840
v 0.996345 -0.088785 -0.003263
v -0.733369 0.059653 -0.008953
v -0.721044 0.052445 -0.026134
v 0.977957 0.060034 -0.016168
v 0.035289 0.068097 -0.010838
v 0.968023 0.088338 -0.004018
v -0.561654 0.185136 -0.026546
v 0.698269 0.213735 -0.016856
v 0.829318 0.203980 0.026570
v 0.696157 0.242280 0.002255
v 0.665515 0.245559 0.014781
v -0.455615 0.295934 -0.022059
v -0.712760 0.313981 -0.032837
v -0.710734 0.318604 -0.027904
v 0.703960 0.317402 0.005647
v -0.442312 0.382021 -0.030523
v -0.437204 0.391506 -0.028285
v -0.733144 0.380799 -0.009775
v -0.366987 0.445764 -0.011292
v -0.437495 0.485900 -0.009277
v -0.648084 -0.351732 -0.018295
v -0.703957 -0.345646 -0.009326
v -0.504234 -0.337450 -0.011673
v -0.570330 -0.223089 -0.010511
v 0.829416 -0.217446 -0.009431
v -0.193090 -0.131286 0.002791
v -0.873917 -0.148285 -0.001509
v 0.529754 -0.103189 0.047238
v 0.999469 0.024876 0.024366
v -0.707318 0.044185 -0.022940
v 0.969790 0.065593 -0.019698
v 0.945761 0.099460 0.037158
v 0.566302 0.127262 0.007603
v 0.940045 0.133218 0.016146
v 0.617884 0.139253 0.008489
v -0.749396 0.141443 -0.019117
v 0.654375 0.258023 -0.001493
v -0.522320 0.239011 -0.001680
v -0.120680 0.291295 -0.005281
v 0.612059 0.276704 -0.012555
v -0.568855 0.317799 -0.033464
v 0.671312 0.326973 -0.013265
v 0.666680 0.333263 -0.019709
v 0.631254 0.375301 -0.009048
v -0.416954 0.453209 -0.021606
v -0.516859 0.497872 -0.012874
v -0.538486 -0.358246 -0.016987
v -0.419267 -0.337247 -0.010920
v -0.370982 -0.331457 -0.009284
v -0.515328 -0.350811 -0.008327
v 0.815636 -0.258878 0.010138
v -0.595754 -0.208084 -0.008175
v -0.642606 -0.216062 -0.008021
v -0.478520 -0.212106 -0.014232
v 0.610193 -0.164955 -0.001086
v 0.977314 -0.093390 0.007403
v 0.999155 -0.077433 0.009562
v 0.950069 0.091905 -0.020321
v 0.945902 0.125699 0.037443
v 0.867661 0.175083 -0.018599
v -0.008011 0.198196 0.008512
v -0.538132 0.223674 -0.009555
v -0.669241 0.213199 -0.016408
v 0.801770 0.244679 -0.012552
v 0.633205 0.258156 0.008420
v 0.851375 0.253334 -0.041284
v -0.701233 0.227027 -0.014545
v -0.703593 0.308213 -0.029987
v -0.449259 0.305576 -0.005863
v -0.554047 0.331013 -0.012690
v -0.530793 0.330778 -0.016806
v -0.586348 0.328470 -0.015653
v -0.187292 0.322523 0.014656
v -0.305884 0.335737 -0.014907
v -0.454314 0.376383 0.001013
v -0.424660 0.390383 -0.021309
v -0.324703 0.422884 -0.009286
v -0.418165 0.479646 -0.001299
v -0.482083 0.484609 -0.017219
v -0.274698 -0.273021 -0.014458
v 0.674768 -0.232797 -0.002985
v -0.225348 -0.240472 0.007302
v -0.124631 -0.241907 0.005381
v -0.735372 -0.208044 -0.014432
v -0.869242 -0.193620 0.007443
v -0.063106 -0.208344 0.023453
v -0.216028 -0.151188 -0.005942
v 0.566729 -0.159960 0.028862
v -0.807927 -0.122617 0.004488
v -0.579758 -0.114766 0.020914
v 0.993964 -0.093040 0.035396
v 0.524377 0.010802 0.041785
v -0.709334 0.057960 -0.015764
v 0.525888 0.058229 0.029515
v 0.972223 0.059811 0.004934
v -0.735944 0.080159 0.001576
v -0.560337 0.181079 -0.017498
v 0.663910 0.208370 0.022010
v -0.042080 0.237793 0.004168
v -0.456605 0.282834 -0.005020
v -0.692912 0.303467 -0.030139
v -0.683821 0.341851 -0.008591
v -0.467077 0.365362 -0.000220
v -0.442811 0.401759 -0.021546
v -0.444632 0.397409 -0.000492
v -0.727222 0.437895 0.023151
v -0.410250 0.469425 -0.011810
v -0.580360 0.508919 -0.002415
v -0.847638 -0.246045 0.011866
v -0.331677 -0.219598 0.007192
v -0.318189 -0.226252 -0.004716
v -0.535677 -0.211302 -0.002083
v -0.128073 -0.202288 -0.002619
v -0.226077 -0.115443 0.018915
v -0.723029 0.062020 0.000313
v 0.007857 0.163771 -0.004493
v 0.899756 0.133286 0.016591
v -0.576361 0.168215 -0.005583
v 0.694028 0.213303 0.052151
v -0.719514 0.243529 -0.015456
v 0.795959 0.226363 -0.005165
v -0.074530 0.266739 0.007888
v -0.416865 0.354474 0.001345
v -0.627342 0.353894 -0.000012
v 0.617565 0.366368 0.011888
v 0.645053 0.377561 0.003851
v -0.412657 0.382597 -0.009788
v -0.438030 0.412185 -0.019525
v -0.414302 0.440658 -0.015085
v -0.398177 0.439526 -0.006047
v -0.441599 0.476310 0.007428
v -0.672270 0.504165 0.003644
v -0.568075 -0.366264 0.007969
v -0.589752 -0.346423 0.014235
v -0.822892 -0.274827 0.033199
v -0.274132 -0.282220 0.010206
v 0.680399 -0.258819 0.000193
v 0.655170 -0.228084 0.005683
v -0.694227 -0.207568 0.004062
v -0.589169 -0.198211 0.002061
v -0.751084 -0.186903 0.007356
v -0.773123 -0.165472 0.013013
v 0.945885 -0.129314 0.000501
v -0.820251 -0.117305 0.001913
v 0.524987 -0.098706 0.045480
v -0.663978 0.037620 -0.004178
v 0.864190 0.174196 0.024164
v -0.737822 0.200960 -0.007750
v 0.699835 0.234189 0.002827
v 0.812758 0.249939 -0.006926
v -0.450412 0.288001 -0.002172
v -0.707989 0.338383 0.002188
v -0.430572 0.427135 -0.019294
v -0.437110 0.429016 -0.014074
v -0.424455 0.445954 -0.013684
v -0.486523 -0.342843 0.008675
v -0.320993 -0.312375 0.025089
v -0.296413 -0.313820 0.008983
v -0.271063 -0.280444 0.013101
v 0.822710 -0.246708 0.022040
v -0.493716 -0.206316 0.007804
v -0.305793 -0.145903 0.053453
v 0.896117 -0.164937 -0.002661
v 0.944368 -0.160656 0.027706
v 0.563518 -0.108405 0.044287
v 1.000400 -0.082946 0.045740
v -0.601974 -0.062683 0.017596
v 0.028662 -0.081178 0.030009
v 0.045836 0.003405 0.032852
v 0.573145 0.131410 0.011363
v -0.720363 0.152937 -0.000215
v -0.569842 0.170721 -0.001277
v 0.636818 0.177568 0.003750
v 0.813066 0.211093 0.029269
v 0.844763 0.292803 0.061386
v 0.853937 0.281702 0.066282
v 0.671595 0.336974 0.051110
v -0.285262 0.337658 0.017756
v 0.605947 0.344093 0.017314
v -0.400282 0.425024 -0.000739
v -0.459245 0.482094 0.014908
v -0.555493 -0.375708 0.017183
v -0.520524 -0.219582 0.009412
v -0.616474 -0.204749 0.002981
v 0.893742 -0.178758 0.011407
v -0.252652 -0.139779 0.007175
v 0.615200 -0.169464 0.020975
v 0.900557 -0.163593 0.025249
v 0.005143 -0.127476 0.021044
v -0.845125 -0.107537 0.010587
v 0.970885 -0.096786 0.040048
v -0.695663 0.071621 -0.005499
v 0.893551 0.169570 0.069396
v 0.832637 0.189332 0.044690
v -0.614978 0.165026 0.012900
v -0.694426 0.170601 0.004376
v 0.796988 0.257267 -0.002414
v -0.492517 0.268256 0.034584
v -0.697702 0.343174 0.007193
v -0.548167 0.356507 0.016119
v 0.669248 0.327981 0.012278
v -0.673851 0.353584 -0.007394
v -0.321733 0.395739 0.005706
v -0.480077 0.466908 0.003198
v -0.504900 -0.350440 0.016394
v -0.426255 -0.317420 0.017651
v -0.780449 -0.302243 0.063736
v -0.283262 -0.230520 0.027441
v 0.841933 -0.214319 0.018871
v -0.659117 -0.208045 0.013908
v 0.965814 -0.121033 0.032434
v -0.708690 0.073188 0.014069
v -0.676559 0.069850 -0.001895
v 0.031850 0.124321 0.028898
v -0.597568 0.109471 -0.005295
v -0.592165 0.114445 0.002165
v -0.613065 0.110963 0.001479
v -0.581472 0.157840 0.008325
v 0.642059 0.184353 0.039316
v -0.570981 0.175454 0.031016
v 0.603465 0.302941 0.031507
v -0.512582 0.377050 0.042711
v -0.648308 0.358542 0.001047
v -0.485909 0.380592 0.005069
v -0.394805 0.389633 0.009489
v -0.340211 0.409125 0.014546
v -0.425244 0.447629 0.007394
v -0.516532 0.471046 0.030055
v -0.617208 -0.349832 0.019703
v -0.516771 -0.345392 0.021969
v -0.529282 -0.362825 0.019213
v 0.670825 -0.230842 0.031191
v 0.829666 -0.221148 0.023039
v -0.108221 -0.206847 0.021958
v -0.505744 -0.196676 0.022608
v -0.028510 -0.172496 0.017455
v -0.257028 -0.106378 0.044178
v -0.860113 -0.109042 0.025577
v -0.616695 -0.022457 0.012603
v -0.687227 0.081824 0.003134
v -0.677699 0.083425 -0.001226
v -0.656180 0.084484 0.000723
v -0.660197 0.091578 0.000148
v -0.677275 0.088794 0.003986
v -0.653257 0.098909 0.004807
v 0.964769 0.089508 0.042071
v -0.636494 0.104891 -0.001957
v 0.949674 0.091303 0.069022
v -0.639440 0.110316 0.004760
v -0.605069 0.092200 0.008034
v -0.618857 0.107006 -0.001231
v -0.616548 0.115030 0.006053
v -0.715039 0.078471 0.016869
v 0.611398 0.131686 0.084904
v 0.699489 0.223273 0.047258
v 0.824244 0.246735 0.025651
v 0.845927 0.249144 0.037620
v 0.812419 0.274806 0.008822
v 0.816604 0.289820 0.016831
v 0.741725 0.303565 0.018513
v -0.438154 0.316009 0.024948
v 0.676919 0.321699 0.020102
v -0.564714 0.353791 0.011994
v -0.314822 0.336773 0.014988
v -0.636988 0.355354 0.009632
v -0.465787 0.380986 0.012452
v -0.406730 0.363036 0.020079
v 0.638579 0.373588 0.036824
v -0.443745 0.415643 0.013007
v -0.383939 0.403427 0.010301
v -0.426127 0.459452 0.012288
v -0.593920 0.496693 0.033166
v -0.800319 -0.288660 0.063648
v -0.195190 -0.252164 0.049470
v -0.335221 -0.224928 0.012946
v -0.527992 -0.213286 0.019282
v -0.047948 -0.200670 0.060609
v 0.891034 -0.209418 0.059781
v -0.216013 -0.107479 0.037729
v -0.814394 -0.103254 0.028837
v -0.648462 0.048540 0.011953
v 0.996140 0.057795 0.017631
v -0.671411 0.090160 0.015804
v -0.606456 0.065953 0.020047
v -0.599739 0.116029 0.018621
v 0.692304 0.244987 0.034130
v 0.657082 0.264253 0.014923
v 0.819061 0.253571 0.041048
v -0.038971 0.248455 0.054408
v 0.793189 0.273149 0.012134
v 0.807906 0.289286 0.011998
v -0.329866 0.342796 0.029882
v -0.689833 0.365809 0.028670
v -0.622853 0.368771 0.015349
v -0.645744 0.374753 0.022752
v -0.479278 0.391374 0.010806
v -0.676641 -0.347453 0.081712
v -0.744880 -0.324290 0.046511
v -0.384068 -0.299566 0.024550
v -0.282150 -0.284168 0.024291
v 0.676117 -0.236850 0.042781
v -0.149312 -0.241768 0.065830
v 0.647517 -0.214509 0.059974
v -0.506780 -0.204758 0.021470
v 0.618492 -0.203105 0.031185
v -0.789741 -0.114776 0.045606
v 0.043587 0.079851 0.050799
v -0.594388 0.101020 0.011391
v -0.630616 0.106818 0.020834
v 0.895253 0.142417 0.041876
v -0.646036 0.140713 0.025207
v 0.858430 0.184567 0.053666
v 0.804527 0.219999 0.038889
v -0.470379 0.286701 0.058820
v -0.107912 0.293030 0.040501
v -0.441262 0.300444 0.032610
v -0.728365 0.418449 0.048058
v -0.350888 0.386533 0.032481
v -0.435514 0.440040 0.017120
v -0.717123 0.457811 0.037808
v -0.569184 -0.376929 0.045874
v -0.556142 -0.190266 0.042502
v -0.102909 -0.195591 0.029041
v -0.746056 -0.175945 0.052078
v 0.605561 -0.163655 0.059620
v -0.566037 -0.145364 0.045088
v -0.244237 -0.118353 0.021511
v -0.841641 -0.096394 0.038117
v -0.600354 0.077727 0.021515
v -0.589439 0.139214 0.026134
v 0.621178 0.174187 0.050367
v 0.840037 0.186253 0.046510
v -0.008070 0.213569 0.064519
v 0.668586 0.248496 0.039767
v 0.641387 0.263632 0.045427
v 0.688558 0.315601 0.021895
v -0.719871 0.368913 0.035873
v 0.661561 0.358510 0.056902
v -0.688865 0.484825 0.039804
v -0.659559 0.485052 0.058466
v -0.476246 -0.321971 0.036461
v 0.821491 -0.256252 0.094124
v -0.611590 -0.028777 0.029561
v -0.613550 0.005748 0.025259
v 0.968183 0.068198 0.049831
v -0.641198 0.110039 0.028459
v 0.565829 0.128332 0.079534
v 0.658057 0.189991 0.085465
v 0.698041 0.241875 0.035377
v -0.537829 0.227565 0.043172
v 0.757495 0.279045 0.022241
v 0.819004 0.291540 0.058908
v 0.673330 0.318381 0.027391
v -0.242662 0.335501 0.074029
v -0.710642 0.376443 0.051425
v -0.485969 0.410872 0.021610
v -0.509162 0.390831 0.047885
v -0.339815 0.373428 0.032734
v -0.376750 0.382112 0.030147
v -0.462923 0.415304 0.021156
v -0.480876 0.454189 0.012680
v -0.461456 0.460826 0.022462
v -0.591596 -0.348334 0.055192
v -0.496451 -0.333842 0.046175
v -0.427214 -0.280758 0.047312
v -0.295414 -0.286742 0.035209
v -0.236652 -0.256952 0.051512
v -0.363005 -0.226108 0.041053
v 0.623164 -0.211723 0.092015
v -0.507865 -0.203495 0.036035
v 0.945463 -0.133360 0.093403
v -0.867297 -0.127816 0.039755
v 0.950375 -0.125602 0.045512
v 0.557321 -0.102993 0.059494
v -0.606492 0.047454 0.026353
v 0.978572 0.059066 0.044806
v 0.019907 0.164019 0.079354
v 0.796328 0.224642 0.040697
v 0.789695 0.272996 0.041311
v 0.791725 0.264410 0.046408
v 0.813848 0.269091 0.046970
v 0.616965 0.274470 0.057284
v 0.737694 0.281278 0.023932
v 0.679897 0.288494 0.022688
v 0.668410 0.308637 0.025698
v 0.664273 0.283418 0.029304
v -0.420586 0.325940 0.053393
v -0.328737 0.336632 0.035917
v -0.727729 0.396973 0.047748
v -0.478502 0.441030 0.018052
v -0.488224 0.423343 0.025143
v -0.510979 0.447659 0.045305
v -0.186726 -0.281727 0.085692
v -0.845146 -0.236672 0.060290
v -0.377835 -0.215021 0.057023
v -0.529960 -0.208821 0.043961
v -0.593346 -0.186156 0.074609
v -0.142131 -0.060633 0.124455
v 0.895952 -0.180504 0.056302
v -0.754518 -0.163960 0.067422
v 0.565478 -0.107524 0.097803
v -0.584335 -0.117157 0.056237
v -0.595463 0.124268 0.032189
v 0.853413 0.185506 0.085848
v 0.854586 0.260914 0.066554
v 0.660383 0.271165 0.036527
v 0.705158 0.275860 0.026695
v 0.689783 0.276730 0.033564
v -0.550817 0.372577 0.036985
v 0.650710 0.366818 0.057497
v -0.583478 -0.352873 0.066431
v -0.514153 -0.337254 0.044403
v -0.320500 -0.285760 0.045032
v -0.278470 -0.241038 0.067405
v -0.092644 -0.200957 0.041694
v 0.615285 -0.174558 0.053246
v -0.244279 -0.080788 0.058706
v -0.604666 -0.061325 0.079480
v -0.602120 0.091989 0.064100
v 0.827971 0.248240 0.057556
v 0.729399 0.253601 0.034336
v 0.704460 0.248433 0.031263
v 0.750526 0.274752 0.042630
v 0.681143 0.283630 0.045602
v 0.676112 0.327296 0.049609
v -0.667247 0.408249 0.077619
v -0.545007 -0.376278 0.059917
v -0.637359 -0.352609 0.086492
v -0.360046 -0.276552 0.047987
v -0.235609 -0.293122 0.080322
v 0.683494 -0.259000 0.088712
v 0.816641 -0.259346 0.089023
v 0.653549 -0.229017 0.057288
v -0.517867 -0.213092 0.052458
v -0.631388 -0.193568 0.080591
v -0.017291 -0.168739 0.085476
v -0.226860 -0.069915 0.064022
v 0.975592 -0.092694 0.076900
v -0.820161 -0.089765 0.072178
v 0.037244 -0.067301 0.078152
v -0.609365 0.037530 0.082406
v -0.572276 0.171030 0.089856
v 0.687007 0.252685 0.040555
v 0.661095 0.266495 0.055137
v 0.611531 0.340518 0.058011
v -0.692404 0.390014 0.066693
v -0.707032 0.456650 0.064231
v -0.275669 -0.297971 0.099867
v -0.402758 -0.264311 0.049866
v -0.111994 -0.246977 0.081879
v 0.652559 -0.219262 0.068052
v 0.824688 -0.222797 0.071664
v -0.680642 -0.195370 0.074059
v -0.537480 -0.190074 0.077626
v -0.512980 -0.197743 0.055637
v -0.862058 -0.182061 0.071933
v 0.005479 -0.136924 0.082889
v 0.997416 0.055748 0.092937
v 0.570522 0.130995 0.096023
v 0.790187 0.223687 0.050315
v 0.701585 0.238891 0.049748
v 0.731823 0.244147 0.049728
v -0.068527 0.271958 0.075684
v -0.176079 0.323734 0.073218
v -0.427663 0.310106 0.057845
v -0.470419 -0.283392 0.066235
v -0.323936 -0.232829 0.086747
v 0.838698 -0.214360 0.090707
v -0.529671 -0.182135 0.063528
v -0.331620 -0.170264 0.055078
v 0.944700 -0.160477 0.094930
v 0.529552 0.062717 0.089423
v 0.558171 0.064553 0.091522
v 0.663279 0.207075 0.091579
v 0.813025 0.210907 0.069515
v 0.686553 0.245225 0.056451
v 0.692029 0.257613 0.052975
v 0.705831 0.244825 0.052040
v 0.846558 0.250537 0.070827
v 0.630436 0.266831 0.075532
v 0.689162 0.278665 0.049959
v 0.649815 0.268913 0.062882
v 0.665557 0.290722 0.057045
v 0.666462 0.304484 0.057032
v 0.678880 0.314343 0.065672
v -0.344589 0.334710 0.049701
v 0.623808 0.359006 0.058253
v -0.381791 0.332626 0.065748
v -0.563168 0.466125 0.060930
v -0.508822 -0.318276 0.065059
v -0.292919 -0.240399 0.085478
v -0.378419 -0.222560 0.056489
v -0.357694 -0.227727 0.087550
v 0.884799 -0.213201 0.092167
v -0.079896 -0.195526 0.060657
v -0.074726 -0.184553 0.068919
v 0.903062 -0.160401 0.098558
v 0.567485 -0.160414 0.083394
v 0.963975 -0.122289 0.095966
v -0.797268 -0.098425 0.078158
v -0.857144 -0.109329 0.059434
v 0.525084 -0.101558 0.081857
v 0.036680 0.118133 0.078576
v 0.899394 0.133026 0.084766
v 0.718850 0.250043 0.057862
v 0.745600 0.247648 0.051662
v 0.773046 0.248329 0.047922
v 0.780120 0.264841 0.047645
v 0.759066 0.258677 0.049360
v 0.807623 0.255697 0.055914
v 0.659896 0.249023 0.087462
v 0.790486 0.266660 0.052483
v 0.763363 0.267842 0.049112
v 0.808108 0.286919 0.055538
v 0.709001 0.285632 0.059429
v -0.289848 0.338328 0.068685
v -0.716921 0.401358 0.067937
v -0.597512 0.403728 0.065498
v -0.516149 0.413897 0.059402
v -0.511930 -0.339576 0.083954
v -0.331014 -0.285728 0.081233
v -0.420755 -0.259557 0.097325
v -0.422576 -0.258397 0.060409
v 0.678930 -0.256013 0.093681
v -0.712039 -0.188710 0.075329
v -0.609115 -0.025728 0.091751
v 0.982156 0.065173 0.070197
v 0.803886 0.219729 0.085343
v 0.746761 0.222504 0.054261
v 0.737200 0.243970 0.058457
v -0.518345 0.250666 0.078005
v 0.746346 0.249353 0.053811
v 0.732826 0.249055 0.059158
v 0.753882 0.257678 0.055457
v 0.777546 0.253047 0.057903
v 0.786142 0.247458 0.063420
v 0.738017 0.291767 0.062001
v 0.765120 0.271820 0.056544
v 0.763276 0.290788 0.060672
v 0.688645 0.296212 0.064385
v -0.354739 0.333326 0.063207
v -0.358886 0.340451 0.057476
v -0.535643 0.435185 0.066187
v -0.087086 -0.231068 0.093760
v 0.827188 -0.217283 0.081274
v -0.522724 -0.205588 0.066381
v -0.503866 -0.217269 0.058871
v -0.530582 -0.184446 0.080457
v -0.524172 -0.195304 0.065534
v -0.555756 -0.162088 0.091016
v -0.310562 -0.147105 0.065120
v -0.573056 -0.140550 0.099315
v -0.310736 -0.124939 0.079469
v -0.840634 -0.096811 0.085641
v 0.999654 -0.048036 0.093729
v 0.048636 0.024937 0.094128
v 0.564928 0.070488 0.090017
v 0.564871 0.107583 0.086455
v 0.967469 0.068953 0.073928
v 0.946280 0.132731 0.091524
v 0.866001 0.173293 0.086559
v 0.831445 0.188577 0.093297
v 0.728936 0.220226 0.058055
v 0.731506 0.237919 0.053309
v 0.706939 0.245326 0.058150
v 0.746815 0.244142 0.065285
v 0.653650 0.270827 0.076791
v 0.713510 0.299080 0.065072
v 0.614048 0.299735 0.080498
v 0.610817 0.320783 0.068057
v 0.677065 0.344902 0.066462
v 0.605080 0.361051 0.065640
v 0.663370 0.369384 0.066092
v -0.538406 0.409756 0.069834
v -0.718177 0.427321 0.071434
v -0.606824 0.470010 0.074619
v -0.563008 -0.366882 0.084542
v -0.585939 -0.347416 0.073054
v -0.682844 -0.342301 0.101736
v -0.439639 -0.252658 0.070313
v -0.827747 -0.245419 0.095143
v -0.388555 -0.219483 0.069226
v -0.512946 -0.225332 0.069017
v -0.371385 -0.197767 0.067865
v 0.618499 -0.206583 0.097841
v -0.342116 -0.170928 0.069248
v -0.064112 -0.160231 0.102645
v -0.324348 -0.164956 0.066153
v -0.306342 -0.147463 0.070577
v -0.216127 -0.069974 0.074721
v -0.237081 -0.063929 0.070578
v -0.199859 -0.042556 0.087436
v 0.962116 0.086569 0.088878
v 0.827120 0.246475 0.087412
v 0.707719 0.302424 0.069121
v 0.601118 0.333630 0.071750
v -0.257148 -0.266487 0.088919
v 0.671377 -0.231375 0.095070
v 0.676937 -0.236463 0.095298
v -0.282297 -0.183573 0.073161
v -0.312316 -0.203253 0.078006
v -0.735557 -0.175993 0.099640
v 0.949203 -0.124640 0.094152
v -0.783631 -0.111567 0.091273
v 0.996719 -0.091116 0.091732
v -0.193274 -0.026984 0.106945
v 0.998730 0.015108 0.095848
v 0.525077 0.052498 0.089222
v 0.617718 0.137091 0.095470
v 0.829309 0.203753 0.086545
v 0.739076 0.219030 0.089147
v 0.713483 0.243211 0.086857
v 0.848905 0.258571 0.080336
v 0.793038 0.292911 0.081692
v 0.689099 0.306407 0.071805
v -0.394762 0.323204 0.070228
v -0.374446 0.329319 0.067388
v 0.640942 0.371055 0.068122
v -0.694247 0.402209 0.078242
v -0.540862 -0.363088 0.096625
v 0.773963 -0.258953 0.091969
v -0.489495 -0.223379 0.081102
v -0.345273 -0.186199 0.082177
v 0.897941 -0.165856 0.096588
v -0.274688 -0.165141 0.083833
v -0.852292 -0.128831 0.110906
v -0.589391 -0.098056 0.116935
v -0.802472 -0.094953 0.117837
v 0.635966 0.182099 0.096312
v -0.108001 0.292424 0.106238
v 0.681765 0.311402 0.092681
v 0.678649 0.333540 0.092463
v -0.323348 0.335018 0.107247
v -0.692840 0.446843 0.084834
v -0.501178 -0.314104 0.092585
v -0.504944 -0.300214 0.074317
v -0.495905 -0.281846 0.081762
v -0.218185 -0.270587 0.101424
v -0.266399 -0.257428 0.087208
v -0.193824 -0.269144 0.110305
v -0.497721 -0.235491 0.074925
v -0.371732 -0.214544 0.083706
v -0.369649 -0.224265 0.088078
v 0.649244 -0.213139 0.094915
v -0.512250 -0.221519 0.084186
v -0.510894 -0.209862 0.085486
v 0.891505 -0.208213 0.096341
v -0.279192 -0.208607 0.083662
v 0.609731 -0.162409 0.098463
v 0.556337 -0.101103 0.089741
v -0.276885 -0.079014 0.093344
v -0.231715 -0.036116 0.100098
v 0.921840 0.131784 0.096480
v 0.895704 0.135401 0.095299
v 0.889210 0.169208 0.094853
v 0.620522 0.175446 0.094061
v 0.757901 0.247301 0.088230
v 0.834320 0.288654 0.087236
v 0.604317 0.362356 0.092961
v 0.667007 0.366731 0.092038
v -0.602878 0.419416 0.078759
v -0.560392 0.426339 0.078270
v -0.602111 0.451170 0.085396
v -0.661334 0.452712 0.089257
v -0.451941 -0.247490 0.076505
v -0.168082 -0.260823 0.112101
v -0.150237 -0.253408 0.121413
v -0.846802 -0.200195 0.104122
v -0.099525 -0.210232 0.095488
v -0.067392 -0.186941 0.086438
v 0.617529 -0.179323 0.096145
v -0.581961 -0.173269 0.105230
v -0.312204 -0.133515 0.083246
v -0.757344 -0.157730 0.111045
v 0.969752 -0.096800 0.091621
v -0.216385 -0.045296 0.099206
v 0.524899 -0.049388 0.089148
v 0.974449 0.059959 0.096364
v 0.040786 0.088883 0.113623
v 0.945303 0.091213 0.094624
v 0.832339 0.249878 0.089343
v 0.657953 0.266794 0.089537
v -0.455838 0.292226 0.110424
v 0.692966 0.302582 0.092638
v 0.620589 0.315939 0.086512
v -0.697015 0.420944 0.086250
v -0.579172 -0.343022 0.091911
v -0.617412 -0.347833 0.111239
v -0.772821 -0.285627 0.111098
v -0.502487 -0.279832 0.089284
v -0.806371 -0.260501 0.108299
v -0.503003 -0.262456 0.087470
v -0.476060 -0.239741 0.080981
v -0.471234 -0.236888 0.088006
v -0.501774 -0.216823 0.106991
v -0.297128 -0.229357 0.094540
v -0.328446 -0.222810 0.093722
v -0.349083 -0.202597 0.092390
v -0.062739 -0.173365 0.094279
v -0.730763 -0.172207 0.147197
v 0.023640 -0.097483 0.116832
v -0.174484 -0.020121 0.132810
v -0.201562 -0.030072 0.101403
v 0.044604 -0.003022 0.126652
v -0.593287 0.098696 0.128062
v -0.585403 0.130154 0.126024
v 0.709931 0.213085 0.092323
v -0.505843 0.261179 0.103632
v 0.644690 0.292898 0.089453
v 0.724214 0.299020 0.091317
v -0.218850 0.329637 0.117926
v -0.628996 0.431450 0.088751
v -0.685418 -0.328097 0.133117
v -0.261776 -0.302221 0.117836
v 0.727790 -0.258914 0.088971
v 0.658699 -0.218300 0.093670
v -0.359700 -0.216723 0.095642
v -0.674393 -0.186651 0.111083
v 0.623109 -0.168599 0.099032
v -0.846869 -0.138671 0.130762
v -0.315539 -0.126111 0.101433
v -0.316185 -0.116161 0.097481
v 0.561808 -0.096487 0.094979
v 0.979539 -0.088154 0.093646
v 0.527989 -0.098418 0.093942
v -0.242440 -0.043478 0.095607
v 0.859779 0.167779 0.095468
v -0.160003 0.312834 0.125858
v 0.609443 0.326445 0.095891
v -0.275179 0.336222 0.112910
v -0.492303 -0.288221 0.118132
v -0.456544 -0.243605 0.118698
v -0.496088 -0.248541 0.109957
v -0.281327 -0.239166 0.106530
v -0.125324 -0.232565 0.106935
v -0.255371 -0.210607 0.103314
v -0.644682 -0.184775 0.105055
v -0.614217 -0.186701 0.106138
v -0.272381 -0.143911 0.114426
v 0.569990 -0.154540 0.096788
v -0.839944 -0.108064 0.125013
v 0.963114 0.065358 0.095931
v 0.609840 0.127687 0.097292
v 0.849828 0.180316 0.097785
v 0.662061 0.189157 0.094954
v 0.797042 0.256430 0.092274
v -0.039611 0.246929 0.119936
v 0.812164 0.284962 0.092365
v 0.635531 0.319559 0.092639
v -0.573789 -0.331961 0.108760
v -0.376437 -0.267340 0.120595
v -0.263762 -0.271765 0.107317
v 0.706834 -0.254229 0.099470
v 0.700740 -0.244484 0.097872
v 0.760142 -0.252137 0.100268
v -0.281711 -0.228990 0.109271
v 0.820798 -0.214025 0.097610
v 0.851660 -0.210715 0.096021
v -0.052547 -0.199973 0.118653
v -0.543841 -0.189036 0.113251
v -0.536570 -0.183811 0.109229
v -0.065407 -0.180512 0.105848
v 0.967554 -0.089510 0.097423
v 0.529708 -0.031382 0.094365
v 0.529583 0.056540 0.095859
v 0.568805 0.067389 0.096734
v 0.624755 0.134373 0.099918
v 0.910525 0.127549 0.098805
v 0.889788 0.136645 0.098897
v -0.011304 0.209678 0.135687
v -0.537872 0.214805 0.132949
v 0.772693 0.217441 0.095377
v 0.813567 0.209076 0.099808
v 0.740739 0.262137 0.091384
v -0.401453 0.313380 0.136079
v -0.179663 -0.279033 0.109829
v 0.791715 -0.248272 0.097737
v -0.267586 -0.256290 0.112482
v 0.801211 -0.224204 0.098042
v 0.689916 -0.214443 0.099284
v -0.511100 -0.221608 0.117909
v 0.648275 -0.199501 0.097486
v 0.825779 -0.201930 0.097512
v 0.869441 -0.199650 0.099339
v 0.634020 -0.192046 0.101049
v -0.255235 -0.176882 0.110574
v -0.700232 -0.181035 0.135768
v -0.056487 -0.162750 0.113998
v 0.921747 -0.149300 0.099358
v 0.931157 -0.134460 0.097968
v 0.941935 -0.102709 0.097725
v -0.311930 -0.108549 0.101870
v -0.251713 -0.048317 0.101531
v -0.821447 -0.096493 0.129804
v 0.977039 -0.078895 0.099805
v 0.559449 -0.078740 0.096743
v 0.981503 -0.040225 0.095518
v 0.975471 -0.015748 0.100490
v 0.553238 -0.056350 0.097662
v 0.549371 -0.036806 0.095901
v -0.596874 -0.034081 0.135315
v 0.552070 0.020741 0.099506
v 0.546222 0.028581 0.096036
v 0.974692 0.014616 0.097980
v 0.562930 0.049284 0.103163
v 0.565843 0.050926 0.098767
v 0.927273 0.072120 0.097839
v 0.924324 0.089060 0.097134
v 0.607768 0.071074 0.097806
v 0.912311 0.099022 0.097304
v 0.855638 0.140515 0.098912
v 0.658045 0.168208 0.098993
v 0.692572 0.181859 0.095369
v 0.684624 0.171305 0.114629
v 0.711785 0.186016 0.096268
v 0.729870 0.198715 0.095855
v 0.784284 0.197425 0.099232
v -0.653569 -0.342409 0.127321
v -0.508218 -0.316128 0.121566
v -0.118000 -0.245647 0.121402
v 0.754609 -0.250130 0.114579
v 0.668874 -0.201548 0.099286
v 0.672603 -0.199083 0.107358
v 0.824039 -0.198417 0.115544
v 0.843980 -0.196334 0.106454
v 0.649442 -0.194036 0.104255
v 0.876779 -0.182656 0.099553
v -0.600082 -0.186903 0.125561
v 0.879081 -0.161961 0.101742
v 0.619806 -0.157232 0.099706
v 0.914786 -0.156169 0.112237
v 0.584095 -0.129711 0.100925
v 0.613850 -0.130799 0.102018
v 0.925995 -0.136216 0.110536
v 0.584686 -0.125392 0.113696
v -0.304900 -0.116721 0.117961
v 0.579009 -0.086669 0.102526
v 0.940733 -0.089101 0.104093
v 0.972609 -0.083417 0.114777
v -0.243355 -0.044430 0.107218
v 0.972788 -0.029939 0.113725
v 0.553667 -0.050436 0.105267
v 0.599950 0.057719 0.103728
v 0.598663 0.063113 0.098360
v 0.584227 0.052713 0.101416
v 0.615297 0.073616 0.101780
v 0.927619 0.064694 0.115846
v 0.970145 0.061611 0.114278
v 0.908266 0.117381 0.112561
v 0.616090 0.127592 0.110666
v 0.621858 0.128684 0.115045
v 0.903737 0.132190 0.115151
v 0.023425 0.141160 0.131961
v 0.652670 0.135331 0.100501
v 0.842867 0.150119 0.103740
v 0.821911 0.158546 0.100355
v 0.796869 0.192381 0.099409
v 0.727396 0.196402 0.112032
v -0.548343 -0.339587 0.123808
v -0.227348 -0.294592 0.118174
v -0.303544 -0.291145 0.118429
v -0.226082 -0.285403 0.117085
v 0.704868 -0.252203 0.114032
v 0.790791 -0.246518 0.113299
v -0.235992 -0.238380 0.141765
v 0.695059 -0.216516 0.113585
v 0.819001 -0.217077 0.114219
v 0.868773 -0.194982 0.115204
v -0.232035 -0.209206 0.123778
v 0.662040 -0.196290 0.114784
v -0.648900 -0.176687 0.117303
v -0.627301 -0.170911 0.121917
v -0.555963 -0.190174 0.129398
v 0.877900 -0.160926 0.115089
v 0.623928 -0.155529 0.114309
v -0.769811 -0.149777 0.143726
v 0.612864 -0.126271 0.114975
v 0.930379 -0.126304 0.115397
v 0.586010 -0.088750 0.114516
v -0.285220 -0.095676 0.117988
v 0.560381 -0.074519 0.114055
v -0.239246 -0.050495 0.117875
v 0.554740 -0.034855 0.114188
v -0.232367 -0.045015 0.114802
v 0.554065 0.001066 0.114241
v -0.599290 0.022708 0.135266
v 0.558590 0.036360 0.115053
v 0.609315 0.061678 0.114892
v 0.920922 0.084792 0.116258
v 0.859572 0.134849 0.115736
v 0.655668 0.129684 0.115096
v 0.812035 0.161235 0.114869
v 0.713368 0.187875 0.114061
v -0.174290 -0.272802 0.117076
v -0.275850 -0.279632 0.112575
v -0.138686 -0.252349 0.122486
v -0.820200 -0.227904 0.121396
v 0.799517 -0.225746 0.115503
v -0.108110 -0.211707 0.126645
v 0.633964 -0.187206 0.114443
v -0.608994 -0.180660 0.126320
v -0.557249 -0.156177 0.132335
v -0.106843 -0.093425 0.129330
v -0.794983 -0.108126 0.142693
v 0.938012 -0.087271 0.115472
v -0.203803 -0.007401 0.129567
v 0.971198 0.040152 0.115186
v 0.585791 0.048347 0.114784
v 0.616416 0.073050 0.114636
v 0.662039 0.165400 0.112558
v 0.793251 0.190916 0.114772
v -0.001504 0.186204 0.150637
v -0.492343 0.265784 0.139195
v -0.277320 -0.293670 0.120315
v -0.434309 -0.250368 0.137834
v -0.289420 -0.236986 0.125467
v -0.142315 -0.245110 0.122516
v -0.515508 -0.205771 0.121211
v 0.682500 -0.198462 0.115314
v -0.096844 -0.193242 0.152799
v -0.531356 -0.192480 0.121930
v 0.003113 -0.123265 0.149138
v -0.303923 -0.125945 0.120371
v -0.143505 -0.052044 0.133749
v -0.332061 0.330338 0.140669
v -0.613188 -0.322160 0.139935
v -0.303894 -0.271324 0.116233
v -0.327560 -0.277325 0.126778
v -0.297806 -0.258672 0.128291
v -0.502242 -0.261219 0.135232
v 0.707370 -0.223149 0.115656
v -0.501818 -0.210985 0.133694
v 0.749702 -0.125649 0.115688
v -0.534214 -0.199319 0.122988
v -0.219215 -0.198161 0.175261
v -0.530101 -0.186392 0.127217
v 0.675109 -0.111137 0.115611
v 0.828660 -0.089672 0.115725
v -0.050897 -0.143201 0.134563
v -0.034597 -0.173205 0.149389
v -0.276894 -0.133755 0.142476
v -0.070042 -0.128777 0.133204
v 0.963440 -0.035369 0.115661
v -0.268061 -0.070190 0.126765
v 0.712050 -0.003812 0.115833
v 0.613350 -0.001367 0.114849
v 0.878859 0.008929 0.116056
v 0.789953 0.032821 0.116016
v 0.666875 0.047270 0.115595
v 0.746152 0.116181 0.115720
v 0.901147 0.106379 0.115930
v -0.089102 -0.220414 0.146577
v -0.828416 -0.148929 0.151824
v -0.696022 -0.170952 0.158869
v -0.745662 -0.167786 0.148637
v -0.648421 -0.163669 0.131828
v -0.051384 -0.155475 0.133087
v -0.304060 -0.115117 0.138425
v -0.307186 -0.113086 0.127073
v -0.295823 -0.096125 0.128964
v 0.032162 -0.052074 0.149826
v -0.239139 -0.035815 0.134051
v -0.218703 -0.015881 0.134088
v -0.559872 0.165293 0.162537
v -0.077951 0.258261 0.175666
v -0.270684 0.328039 0.163820
v -0.566438 -0.301594 0.130722
v -0.324286 -0.265524 0.125543
v -0.337914 -0.261916 0.128990
v -0.151391 -0.245761 0.134463
v -0.780578 -0.247021 0.137508
v -0.528226 -0.228225 0.141199
v -0.618070 -0.139830 0.150993
v -0.254346 -0.168094 0.154199
v -0.574442 -0.122332 0.144402
v -0.199536 -0.002385 0.138848
v -0.524089 -0.293390 0.141774
v -0.716972 -0.292114 0.147601
v -0.380919 -0.258387 0.140650
v -0.312230 -0.247589 0.131827
v -0.346597 -0.244464 0.128175
v -0.358993 -0.241449 0.125564
v -0.310696 -0.242386 0.141688
v -0.347103 -0.239960 0.139679
v -0.373458 -0.232513 0.141667
v -0.374787 -0.235729 0.130566
v -0.146704 -0.229897 0.154930
v -0.524992 -0.180588 0.162674
v -0.602934 -0.185641 0.145259
v -0.827722 -0.113433 0.148429
v -0.309247 -0.106740 0.135576
v -0.272723 -0.069283 0.135351
v -0.127001 0.289643 0.160480
v -0.279810 -0.235608 0.150873
v -0.418098 -0.234449 0.137564
v -0.393022 -0.229603 0.130387
v -0.408454 -0.222253 0.132593
v -0.398548 -0.220763 0.138514
v -0.420088 -0.209744 0.134567
v -0.802131 -0.208681 0.140055
v -0.430192 -0.198179 0.141339
v -0.432653 -0.204886 0.133815
v -0.582420 -0.208666 0.137798
v -0.598984 -0.212894 0.147951
v -0.686647 -0.162649 0.163352
v -0.060392 -0.157103 0.153019
v -0.632501 -0.134202 0.147188
v -0.649762 -0.133049 0.150867
v -0.226970 -0.029564 0.142268
v -0.143334 -0.062286 0.147297
v -0.198201 -0.009222 0.149350
v 0.032938 0.072891 0.170839
v -0.223054 0.317326 0.172339
v -0.665943 -0.313728 0.159820
v -0.546188 -0.291329 0.145496
v -0.521454 -0.266349 0.146702
v -0.171568 -0.249055 0.161586
v -0.171064 -0.242026 0.158989
v -0.409362 -0.247982 0.147921
v -0.402169 -0.220585 0.155134
v -0.435589 -0.226862 0.138638
v -0.458626 -0.210854 0.144588
v -0.438539 -0.194658 0.135798
v -0.431740 -0.198080 0.158230
v -0.557281 -0.213401 0.142582
v -0.448809 -0.169595 0.142348
v -0.455539 -0.172806 0.137409
v -0.060125 -0.147739 0.149511
v -0.289004 -0.099752 0.151052
v -0.579370 -0.077383 0.167340
v -0.251944 -0.069861 0.160258
v -0.579283 0.060424 0.187231
v -0.401608 0.304899 0.168417
v -0.599861 -0.278827 0.151474
v -0.566783 -0.263819 0.140899
v -0.543492 -0.258283 0.152602
v -0.428124 -0.244694 0.150555
v -0.155676 -0.247112 0.171780
v -0.351387 -0.226212 0.151127
v -0.483225 -0.212967 0.164974
v -0.590401 -0.250356 0.147597
v -0.435482 -0.231391 0.150960
v -0.218107 -0.224677 0.168784
v -0.602517 -0.163058 0.167389
v -0.458728 -0.152614 0.145324
v -0.468051 -0.142962 0.147871
v -0.813738 -0.115905 0.153223
v 0.017396 -0.075421 0.175609
v -0.575203 0.113330 0.175883
v -0.299066 -0.224912 0.158770
v -0.472078 -0.200779 0.151871
v -0.483672 -0.179813 0.148363
v -0.453518 -0.163613 0.170333
v -0.788598 -0.139401 0.156160
v -0.283086 -0.112618 0.168306
v -0.204917 -0.032094 0.169001
v -0.702140 -0.258465 0.169865
v -0.446049 -0.229870 0.158216
v -0.461071 -0.213885 0.166084
v -0.785685 -0.170126 0.155426
v -0.495192 -0.164563 0.153352
v -0.737423 -0.174230 0.163499
v -0.726407 -0.158073 0.183130
v -0.073612 -0.160165 0.170292
v -0.764136 -0.168657 0.154325
v -0.492401 -0.142070 0.154080
v -0.273875 -0.117536 0.182299
v -0.128432 -0.155653 0.225679
v 0.015228 0.129446 0.178359
v -0.178271 -0.249114 0.181342
v -0.239373 -0.238102 0.174624
v -0.316905 -0.200417 0.163023
v -0.343217 -0.193395 0.158928
v -0.358976 -0.194639 0.156254
v -0.498991 -0.186049 0.195900
v -0.755696 -0.189904 0.157774
v -0.352073 -0.189767 0.164464
v -0.370720 -0.170116 0.155813
v -0.487044 -0.185312 0.169339
v -0.504339 -0.158812 0.163225
v -0.368989 -0.152333 0.159305
v -0.373989 -0.151781 0.152776
v -0.009656 -0.120791 0.184416
v -0.475690 -0.118807 0.158242
v -0.623390 -0.123245 0.169004
v -0.644984 -0.113830 0.177458
v -0.198588 -0.035474 0.174558
v 0.030643 0.000144 0.189786
v -0.519186 0.208984 0.188129
v -0.049010 0.232483 0.184092
v -0.718621 -0.226822 0.166043
v -0.277277 -0.226354 0.170255
v -0.082135 -0.198065 0.182703
v -0.401686 -0.184309 0.165830
v -0.371399 -0.168449 0.167359
v -0.548743 -0.139086 0.182944
v -0.507459 -0.139566 0.163633
v -0.388775 -0.145373 0.160993
v -0.470386 -0.121136 0.177340
v -0.475805 -0.106179 0.166794
v -0.491266 -0.098687 0.170744
v -0.332850 0.316656 0.185218
v -0.672918 -0.291887 0.175126
v -0.625429 -0.241701 0.184893
v -0.194392 -0.236897 0.186609
v -0.618352 -0.221478 0.181476
v -0.469726 -0.214663 0.172708
v -0.717258 -0.186969 0.176427
v -0.318011 -0.201164 0.169929
v -0.621525 -0.186805 0.218409
v -0.362823 -0.191719 0.181540
v -0.394136 -0.132599 0.181271
v -0.398982 -0.133909 0.171218
v -0.562321 -0.110508 0.184805
v -0.507006 -0.105359 0.178033
v -0.206900 -0.089894 0.225267
v -0.575939 -0.012302 0.192251
v -0.023131 0.196258 0.189497
v -0.473400 0.260364 0.180308
v -0.170133 0.291872 0.197218
v -0.646867 -0.282943 0.180102
v -0.296120 -0.202139 0.176121
v -0.433820 -0.170411 0.179144
v -0.510068 -0.140340 0.177759
v -0.684702 -0.105120 0.207226
v -0.628677 -0.119294 0.184013
v -0.209694 -0.244554 0.201509
v -0.124513 -0.214497 0.200715
v -0.220361 -0.193498 0.205429
v -0.035945 -0.144896 0.197973
v -0.105218 -0.165653 0.200533
v -0.265898 -0.126547 0.196820
v -0.477792 -0.094629 0.177576
v -0.695934 -0.222156 0.196850
v -0.483634 -0.194620 0.188682
v -0.283203 -0.204087 0.196915
v -0.137781 -0.193993 0.197659
v -0.377064 -0.181040 0.196240
v -0.711239 -0.142267 0.193999
v -0.700031 -0.117976 0.203364
v -0.610016 -0.143888 0.187110
v -0.512341 -0.127153 0.200959
v -0.405283 -0.125755 0.180714
v -0.267130 -0.114233 0.189415
v -0.503992 -0.085083 0.188714
v -0.481693 -0.079583 0.179243
v -0.198234 -0.079021 0.218831
v -0.217816 -0.218255 0.210467
v -0.348677 -0.202932 0.195144
v -0.260246 -0.142601 0.208187
v -0.004424 -0.078665 0.218856
v 0.014289 -0.044592 0.211023
v -0.010784 0.139799 0.224672
v -0.432189 0.270869 0.203619
v -0.294794 0.306481 0.211402
v -0.671207 -0.241467 0.198009
v -0.649371 -0.242021 0.199508
v -0.234234 -0.220744 0.215591
v -0.247711 -0.165251 0.223846
v -0.501231 -0.164479 0.207386
v -0.430407 -0.135158 0.189576
v -0.456703 -0.133439 0.188777
v -0.405109 -0.115952 0.192407
v -0.410279 -0.110918 0.193733
v -0.494445 -0.062730 0.199703
v -0.550401 0.135002 0.207558
v -0.124042 0.261933 0.219826
v -0.633265 -0.231216 0.199151
v -0.263181 -0.213837 0.208818
v -0.316308 -0.213335 0.209763
v -0.725921 -0.151266 0.203717
v -0.514380 -0.156816 0.216896
v -0.425953 -0.106068 0.200928
v -0.672011 -0.099326 0.217630
v -0.474226 -0.080413 0.202761
v -0.480666 -0.058656 0.198368
v -0.034433 0.176028 0.231351
v -0.230887 0.300956 0.210183
v -0.219644 -0.225369 0.215243
v -0.140711 -0.165275 0.234122
v -0.261189 -0.127077 0.206994
v -0.256249 -0.131001 0.217065
v -0.558469 -0.056693 0.216862
v -0.380843 0.285410 0.218096
v -0.719573 -0.176118 0.224983
v -0.405135 -0.135508 0.227628
v -0.734769 -0.112378 0.226142
v -0.546934 -0.106846 0.215724
v -0.456087 -0.100748 0.204212
v -0.559392 0.074702 0.219086
v -0.483181 0.222950 0.216742
v -0.206006 -0.240416 0.216238
v -0.276943 -0.201381 0.213084
v -0.336752 -0.209472 0.229306
v -0.210819 -0.218261 0.215720
v -0.409485 -0.099592 0.205281
v -0.508963 -0.086141 0.226014
v -0.483957 -0.047515 0.218688
v -0.052415 0.214635 0.216312
v -0.229823 -0.241493 0.220777
v -0.173851 -0.219873 0.227509
v -0.239234 -0.218120 0.225070
v -0.095094 -0.163715 0.239799
v -0.520631 -0.132576 0.233092
v -0.648519 -0.116634 0.232041
v -0.550313 0.016552 0.236666
v -0.667889 -0.205476 0.237094
v -0.359555 -0.197200 0.237250
v -0.631068 -0.151074 0.237775
v -0.256816 -0.141767 0.225080
v -0.731586 -0.098293 0.238101
v -0.704035 -0.089277 0.245366
v -0.466595 -0.060048 0.226966
v 0.009116 0.049154 0.255769
v -0.535207 0.128865 0.232344
v 0.003533 0.088263 0.235363
v -0.519303 0.171138 0.223339
v -0.094254 0.235112 0.234589
v -0.290844 -0.209304 0.237977
v -0.256570 -0.208430 0.240971
v -0.217939 -0.203937 0.230623
v -0.514844 -0.130246 0.233832
v -0.422812 -0.078506 0.224588
v 0.008989 0.011664 0.256479
v -0.186984 0.264985 0.251041
v -0.648681 -0.182196 0.248966
v -0.235400 -0.185700 0.244089
v -0.049212 -0.120495 0.239858
v -0.408684 -0.081347 0.229965
v 0.004901 -0.008003 0.255658
v -0.251002 -0.232997 0.237825
v -0.246795 -0.214160 0.231456
v -0.708374 -0.179720 0.247431
v -0.183820 -0.161264 0.259225
v -0.378646 -0.177500 0.249850
v -0.515312 -0.095830 0.244803
v -0.473291 -0.041674 0.237078
v -0.411571 0.246486 0.248468
v -0.243298 -0.231759 0.245005
v -0.250671 -0.218780 0.239797
v -0.276153 -0.198362 0.254366
v -0.252797 -0.152450 0.238689
v -0.748797 -0.119482 0.255060
v -0.198893 -0.136948 0.276826
v -0.010722 -0.025831 0.268210
v -0.525530 0.095220 0.256510
v -0.345884 0.265446 0.256689
v -0.270835 0.280328 0.247928
v -0.135851 -0.153459 0.279543
v -0.400156 -0.143844 0.252459
v -0.165602 -0.146688 0.253628
v -0.529733 -0.047573 0.256062
v -0.481892 -0.044086 0.241955
v -0.482484 0.180387 0.255157
v -0.305724 -0.208402 0.272076
v -0.232491 -0.180754 0.258398
v -0.158382 -0.157121 0.250546
v -0.522865 -0.101765 0.245116
v -0.406077 -0.088795 0.251870
v -0.679244 -0.103532 0.253608
v -0.505839 -0.063133 0.248744
v -0.072553 0.182350 0.269454
v -0.347989 -0.198052 0.267270
v -0.240856 -0.168259 0.268133
v -0.489022 0.136534 0.277086
v -0.440399 0.208043 0.266058
v -0.285584 -0.222708 0.262191
v -0.263826 -0.210085 0.251837
v -0.246243 -0.172066 0.263423
v -0.094402 -0.131375 0.269195
v -0.449743 -0.061785 0.272452
v -0.018491 0.100911 0.258963
v -0.010146 0.090647 0.256852
v -0.131697 0.235601 0.261311
v -0.240664 -0.213468 0.265490
v -0.289546 -0.206668 0.265034
v -0.683910 -0.169128 0.263264
v -0.668979 -0.124881 0.263514
v -0.515127 -0.074408 0.258765
v -0.434075 -0.076004 0.275421
v -0.283668 -0.226828 0.266994
v -0.320563 -0.202347 0.282752
v -0.175898 -0.181262 0.268287
v -0.728241 -0.145969 0.270220
v -0.214169 -0.145437 0.272819
v -0.180194 -0.149342 0.264829
v -0.721159 -0.102462 0.272446
v -0.482891 -0.031801 0.264458
v -0.115440 0.209842 0.277520
v -0.212779 -0.153824 0.273385
v -0.398988 -0.110655 0.281639
v -0.465119 -0.038694 0.270270
v -0.472613 -0.032666 0.275781
v 0.015303 0.005297 0.264056
v 0.001173 -0.009631 0.268296
v 0.011463 0.043191 0.262125
v -0.510750 -0.001019 0.277160
v -0.503334 0.062341 0.282864
v -0.002108 0.081665 0.262894
v -0.282318 0.252249 0.279537
v -0.380926 -0.164456 0.282101
v -0.196438 -0.143655 0.275891
v -0.736773 -0.120239 0.276168
v -0.062998 -0.073098 0.283711
v -0.508127 -0.042154 0.273891
v 0.015484 -0.015108 0.273998
v 0.025831 0.058027 0.269626
v 0.022709 0.094141 0.271891
v -0.015215 0.093718 0.266892
v -0.040432 0.104368 0.280509
v -0.377917 0.227870 0.281894
v -0.689041 -0.135973 0.274602
v -0.394848 -0.136534 0.280454
v -0.407457 -0.097003 0.285039
v -0.205190 -0.166364 0.292585
v -0.498482 -0.037486 0.278629
v -0.009389 -0.023692 0.277803
v 0.010440 -0.025303 0.280035
v 0.024336 0.027256 0.283661
v -0.024178 0.095537 0.276629
v -0.176674 0.231079 0.286827
v -0.284540 -0.209443 0.286531
v -0.354409 -0.184355 0.285472
v -0.452510 -0.068341 0.282678
v -0.485610 -0.055830 0.282650
v 0.002031 -0.037916 0.289305
v 0.008818 -0.038237 0.288394
v 0.015128 0.118624 0.297204
v -0.402811 0.184577 0.303511
v -0.230770 0.231571 0.298554
v -0.298549 -0.213123 0.285112
v -0.271180 -0.199696 0.289461
v -0.256073 -0.178724 0.299175
v -0.154345 -0.158222 0.293443
v -0.398938 -0.140139 0.286124
v -0.121480 -0.096011 0.310283
v -0.427523 -0.085575 0.285601
v -0.462909 -0.091259 0.285196
v -0.016205 -0.001637 0.286660
v 0.025701 0.063194 0.300279
v -0.039570 0.089373 0.288922
v -0.445983 0.157856 0.296701
v -0.325162 -0.218284 0.297286
v -0.334904 -0.192783 0.288966
v -0.403447 -0.158679 0.290483
v -0.437893 -0.121806 0.286574
v -0.404380 -0.107719 0.289206
v -0.430610 -0.132549 0.292475
v -0.453367 -0.108480 0.290966
v -0.046756 -0.004917 0.300198
v 0.024478 0.096037 0.292670
v -0.462452 0.126590 0.301045
v -0.294105 -0.226051 0.299996
v 0.010196 -0.007649 0.298926
v -0.269392 -0.216514 0.306980
v -0.343374 -0.183867 0.301611
v -0.347158 -0.177365 0.300578
v -0.187358 -0.158458 0.302156
v -0.453490 -0.086346 0.302015
v -0.050809 0.030854 0.311540
v -0.001026 0.004810 0.304314
v 0.012196 0.017083 0.300292
v -0.114404 0.171558 0.306783
v -0.261618 -0.184422 0.301666
v -0.378436 -0.164340 0.299526
v -0.459821 -0.050113 0.306953
v -0.160269 0.177603 0.327466
v -0.325226 0.208086 0.312356
v -0.274828 0.217646 0.311328
v -0.290112 -0.232029 0.311826
v -0.156135 -0.110603 0.317246
v -0.420860 -0.118514 0.306188
v -0.454537 0.054423 0.319217
v -0.035350 0.031095 0.305106
v 0.011384 0.043372 0.302046
v -0.044222 0.075849 0.296253
v -0.020524 0.086860 0.308396
v -0.097822 0.106043 0.318916
v 0.016777 0.101250 0.311307
v -0.103524 0.135557 0.315661
v -0.313599 -0.235106 0.321524
v -0.339420 -0.220645 0.326526
v -0.195687 -0.138647 0.312875
v -0.040486 0.048168 0.308690
v -0.055560 0.038007 0.309537
v 0.015432 0.072338 0.306640
v -0.140902 0.177790 0.318163
v -0.205023 0.190057 0.329462
v -0.343343 -0.167273 0.313304
v -0.261267 -0.168766 0.312284
v -0.003488 0.029810 0.311822
v -0.021781 0.039991 0.309389
v 0.019269 0.089566 0.323168
v -0.420743 0.110596 0.328493
v -0.254439 -0.149559 0.318523
v -0.343078 -0.154317 0.314357
v -0.074794 0.013660 0.318092
v -0.061936 0.026213 0.320372
v -0.048457 0.030713 0.315260
v -0.022197 0.044695 0.316748
v 0.001370 0.053486 0.317871
v -0.004922 0.074327 0.323382
v -0.021454 0.066168 0.319087
v -0.113683 0.168810 0.314625
v -0.125070 0.176304 0.313356
v -0.329700 0.172855 0.333368
v -0.274936 -0.228085 0.329750
v -0.349352 -0.192325 0.332503
v -0.253738 -0.184720 0.337259
v -0.104437 -0.001854 0.330355
v -0.071030 0.027330 0.317880
v -0.027100 0.041913 0.327058
v -0.014696 0.049037 0.321888
v -0.063328 0.034224 0.324222
v -0.100940 0.057696 0.329825
v -0.136891 0.173341 0.323311
v -0.347668 -0.170470 0.350357
v -0.335854 -0.151522 0.323859
v -0.264783 -0.157318 0.325534
v -0.384408 -0.006205 0.347772
v -0.416647 0.034515 0.338571
v -0.017844 0.063218 0.328869
v -0.382985 0.135998 0.335011
v -0.107968 0.128052 0.324726
v -0.299170 -0.237496 0.347507
v -0.261127 -0.213533 0.349678
v -0.323512 -0.142329 0.326844
v -0.327749 -0.135084 0.327318
v -0.064431 0.019405 0.333934
v -0.104819 0.174921 0.364009
v -0.273116 0.162650 0.346760
v -0.278092 -0.142490 0.326594
v -0.231401 -0.093639 0.344591
v -0.210650 -0.082409 0.346033
v -0.329990 -0.064639 0.352789
v -0.157753 -0.037254 0.342548
v -0.102557 0.013599 0.332820
v -0.053629 0.042693 0.338813
v -0.200677 0.157160 0.348242
v -0.336363 -0.224022 0.350226
v -0.296119 -0.136882 0.330204
v -0.315668 -0.095480 0.344558
v -0.090230 0.010635 0.345196
v -0.106874 0.091466 0.337648
v -0.147066 0.156270 0.339388
v -0.117922 0.009328 0.340647
v -0.085065 0.020423 0.346587
v -0.075200 0.015916 0.346356
v -0.103827 0.031256 0.343391
v -0.111013 0.008431 0.345867
v -0.043364 0.043919 0.340071
v -0.287954 -0.230068 0.367684
v -0.265871 -0.159076 0.361869
v -0.304215 -0.140678 0.364175
v -0.285010 -0.105350 0.342591
v -0.103734 0.073813 0.357243
v -0.118977 0.176500 0.368693
v -0.373382 0.074164 0.351578
v -0.356550 0.102060 0.351924
v -0.107045 0.127850 0.364878
v -0.341330 -0.188053 0.375743
v -0.286535 -0.150502 0.380002
v -0.259037 -0.070693 0.362167
v -0.298987 -0.085484 0.355131
v -0.129824 0.039234 0.348617
v -0.120993 0.028255 0.345999
v -0.296597 0.127305 0.356950
v -0.166044 0.131420 0.353277
v -0.261438 -0.199893 0.369589
v -0.327951 -0.149189 0.364399
v -0.186676 -0.015735 0.355333
v -0.110071 0.040673 0.360929
v -0.121849 0.070471 0.353637
v -0.128376 0.078063 0.351866
v -0.152510 0.142062 0.350694
v -0.225059 -0.028128 0.366870
v -0.225694 -0.002251 0.367313
v -0.339039 0.009988 0.361310
v -0.215821 0.069773 0.364425
v -0.184274 0.088439 0.360629
v -0.126790 0.102701 0.355318
v -0.152700 0.115464 0.359764
v -0.181477 0.121011 0.358006
v -0.171875 0.124350 0.369132
v -0.222202 0.123077 0.358676
v -0.324944 -0.219248 0.378933
v -0.289996 -0.043841 0.365627
v -0.308869 0.061639 0.365518
v -0.115421 0.101836 0.369575
v -0.284888 0.084254 0.365190
v -0.125761 0.142751 0.369261
v -0.199982 0.104674 0.361659
v -0.231705 0.071374 0.364510
v -0.207865 0.083334 0.373832
v -0.157189 0.126563 0.373939
v -0.276314 -0.180850 0.392747
v -0.328306 -0.163759 0.384266
v -0.306787 -0.152846 0.385733
v -0.259373 -0.018341 0.369571
v -0.108904 0.168102 0.377770
v -0.290982 -0.207167 0.392743
v -0.311965 -0.184698 0.400481
vn 0.2704 -0.0477 -0.9616
vn -0.2720 -0.0805 -0.9589
vn 0.1010 0.0804 -0.9916
vn 0.5942 0.0227 -0.8040
vn -0.3340 -0.0393 -0.9417
vn 0.5377 0.1922 -0.8209
vn -0.0436 0.2795 -0.9591
vn 0.5202 0.5297 -0.6699
vn -0.0440 -0.1321 -0.9903
vn -0.4241 -0.0803 -0.9020
vn 0.2923 0.7005 -0.6511
vn 0.2577 -0.2711 -0.9274
vn 0.5695 -0.0611 -0.8197
vn -0.4124 -0.1442 -0.8995
vn 0.7690 -0.0308 -0.6385
vn 0.8208 0.2865 -0.4941
vn -0.2935 0.1812 -0.9386
vn -0.2014 -0.4958 -0.8448
vn 0.8674 0.0561 -0.4944
vn -0.0222 0.5807 -0.8138
vn -0.4213 -0.1916 -0.8865
vn -0.4249 -0.0380 -0.9044
vn 0.4518 -0.6787 -0.5790
vn -0.2435 -0.8061 -0.5393
vn 0.7818 -0.1752 -0.5985
vn -0.3327 0.4880 -0.8069
vn 0.3047 0.9511 0.0512
vn -0.1613 0.0959 -0.9822
vn 0.2584 0.0431 -0.9651
vn 0.0515 -0.1778 -0.9827
vn 0.0802 0.5359 -0.8404
vn -0.4204 -0.4874 -0.7654
vn 0.8598 -0.0195 -0.5103
vn -0.4360 -0.1210 -0.8918
vn 0.7246 0.6256 -0.2892
vn -0.2008 -0.2705 -0.9415
vn 0.4336 -0.1960 -0.8795
vn 0.3558 0.4832 -0.7999
vn -0.3930 0.1548 -0.9064
vn -0.1560 0.5785 -0.8006
vn 0.8950 0.0245 -0.4454
vn -0.5544 0.1667 -0.8154
vn 0.0517 -0.3369 -0.9401
vn 0.2670 -0.4114 -0.8715
vn -0.4426 -0.1693 -0.8806
vn -0.3175 -0.4599 -0.8293
vn 0.6935 0.0137 -0.7204
vn 0.5460 -0.7666 -0.3381
vn 0.0768 -0.9782 -0.1932
vn -0.4419 -0.2795 -0.8524
vn -0.4748 -0.0812 -0.8763
vn 0.0806 0.9720 -0.2205
vn 0.0231 -0.4986 -0.8665
vn 0.5004 -0.4263 -0.7536
vn -0.1982 -0.8975 -0.3941
vn 0.9367 0.0826 -0.3402
vn 0.4962 0.8674 -0.0372
vn -0.5868 0.4909 -0.6440
vn -0.5671 -0.3063 -0.7646
vn 0.6966 0.4249 -0.5781
vn 0.5967 0.7991 -0.0733
vn -0.4483 0.7790 -0.4383
vn -0.2404 0.9089 -0.3409
vn 0.0275 -0.7173 -0.6962
vn 0.3157 -0.6662 -0.6757
vn 0.7244 -0.3372 -0.6013
vn -0.5835 -0.0275 -0.8116
vn -0.4183 0.3896 -0.8205
vn -0.3510 -0.6797 -0.6441
vn 0.9746 0.0941 -0.2030
vn 0.3064 0.7860 -0.5370
vn -0.0043 0.8338 -0.5521
vn -0.4789 -0.1730 -0.8607
vn 0.6425 -0.6259 -0.4421
vn -0.0327 -0.9943 -0.1016
vn 0.7407 -0.5217 -0.4232
vn -0.5195 -0.1587 -0.8396
vn 0.1378 0.8848 0.4452
vn -0.3628 -0.6806 -0.6366
vn 0.9012 0.4076 -0.1474
vn 0.9554 -0.0726 -0.2862
vn -0.7366 -0.1060 -0.6679
vn 0.5849 0.7358 -0.3413
vn -0.2538 0.7456 -0.6162
vn 0.9852 0.1226 -0.1194
vn 0.0994 0.9514 0.2914
vn 0.1096 0.9593 0.2604
vn -0.7426 -0.2854 -0.6059
vn 0.8364 -0.5268 -0.1513
vn -0.6558 0.1046 -0.7477
vn -0.6773 -0.0924 -0.7298
vn -0.6016 0.7800 -0.1723
vn 0.0718 -0.9037 -0.4221
vn 0.4197 -0.8355 -0.3547
vn 0.8975 0.3748 -0.2323
vn -0.5328 0.4831 -0.6948
vn 0.1995 0.8974 -0.3936
vn 0.8995 0.0052 -0.4369
vn 0.9001 0.1309 -0.4157
vn -0.7755 0.2866 -0.5625
vn 0.3616 0.9273 0.0962
vn 0.1538 0.9594 0.2365
vn -0.1174 0.9611 0.2500
vn -0.6248 -0.5448 -0.5593
vn 0.3477 -0.9192 -0.1847
vn 0.1008 -0.9925 -0.0696
vn 0.8057 -0.4468 -0.3890
vn -0.4977 -0.3331 -0.8008
vn 0.3765 0.9145 0.1479
vn 0.0865 0.9903 0.1090
vn -0.0625 0.9084 -0.4134
vn 0.9745 0.2021 0.0975
vn 0.3832 0.9206 0.0751
vn 0.0587 0.9839 0.1686
vn -0.2441 -0.8931 -0.3778
vn -0.6574 -0.1850 -0.7305
vn -0.7531 0.6494 -0.1055
vn 0.6628 -0.7466 0.0567
vn 0.9245 -0.3812 -0.0042
vn 0.7426 0.5946 -0.3082
vn -0.8102 0.1844 -0.5563
vn -0.1353 -0.9716 -0.1942
vn -0.3026 -0.7828 -0.5437
vn -0.8433 -0.1663 -0.5111
vn -0.9454 -0.0330 -0.3243
vn -0.4455 0.8848 0.1367
vn 0.3489 -0.9338 -0.0798
vn -0.6225 0.6434 -0.4456
vn 0.9222 0.3049 -0.2379
vn -0.9389 0.2862 -0.1911
vn -0.1194 0.9617 0.2468
vn 0.0315 -0.9961 -0.0825
vn -0.9093 -0.1096 -0.4015
vn 0.3328 0.8739 -0.3544
vn -0.3053 0.8782 -0.3682
vn -0.0847 0.9817 0.1707
vn -0.4496 -0.8518 -0.2689
vn -0.3414 -0.8538 -0.3930
vn -0.8592 -0.1513 -0.4887
vn -0.9824 -0.1230 -0.1409
vn -0.0227 0.9489 0.3148
vn 0.6268 -0.7509 0.2080
vn 0.9850 0.0322 -0.1695
vn -0.7534 -0.4511 -0.4785
vn 0.9208 0.3900 -0.0037
vn -0.4862 0.8081 0.3326
vn 0.7250 -0.6522 0.2212
vn 0.0334 -0.9994 -0.0026
vn 0.9651 0.1846 0.1860
vn -0.7213 0.6632 0.1996
vn 0.8308 0.5210 0.1961
vn 0.4668 0.8828 0.0518
vn -0.7307 -0.5419 -0.4152
vn -0.8266 -0.3500 -0.4408
vn 0.1014 0.9640 -0.2460
vn -0.9856 -0.1577 -0.0616
vn 0.9274 0.1543 -0.3408
vn -0.9556 0.2670 0.1247
vn -0.4402 0.7813 0.4425
vn -0.3586 0.8867 0.2920
vn 0.3524 0.8183 0.4541
vn -0.0942 0.9653 -0.2435
vn -0.4921 -0.2173 -0.8430
vn -0.2519 0.1703 -0.9527
vn 0.2432 -0.4442 -0.8623
vn 0.7104 -0.2914 -0.6406
vn 0.6999 0.0694 -0.7109
vn 0.0252 0.6097 -0.7922
vn 0.4586 -0.8529 0.2494
vn 0.6568 -0.7250 0.2075
vn -0.9367 0.2099 -0.2802
vn 0.0740 0.8679 0.4911
vn -0.6963 0.5857 -0.4148
vn -0.1157 -0.9927 -0.0336
vn -0.9747 -0.0506 0.2179
vn -0.0773 0.9741 -0.2125
vn -0.0313 -0.7637 -0.6449
vn -0.8168 0.1615 -0.5539
vn 0.8111 0.4814 -0.3321
vn -0.7370 -0.6722 0.0700
vn 0.4822 -0.8694 -0.1079
vn -0.9759 -0.1478 0.1609
vn -0.5011 0.7669 0.4010
vn -0.3976 0.8107 0.4297
vn -0.1526 0.8378 0.5242
vn -0.6131 -0.7590 -0.2189
vn 0.8324 -0.5426 -0.1127
vn -0.9559 -0.1636 -0.2439
vn 0.7196 0.2213 -0.6582
vn -0.6183 -0.4681 -0.6313
vn 0.9068 0.3902 -0.1596
vn 0.9034 0.1468 0.4030
vn -0.6943 0.6089 0.3836
vn -0.2623 0.9450 -0.1954
vn 0.5352 0.4402 -0.7210
vn -0.7355 0.6482 -0.1972
vn -0.3299 0.9308 -0.1574
vn 0.0668 0.9273 -0.3684
vn 0.8911 -0.3832 -0.2429
vn 0.0639 -0.9893 0.1314
vn 0.5621 -0.7942 -0.2309
vn 0.7664 -0.2028 -0.6095
vn -0.9942 0.0006 -0.1079
vn 0.1774 0.7846 -0.5940
vn 0.0732 0.9416 -0.3286
vn -0.0899 0.9912 -0.0973
vn 0.6052 -0.7152 -0.3497
vn 0.7936 0.6083 0.0169
vn 0.8222 0.5170 0.2382
vn 0.8897 0.2364 0.3907
vn 0.1496 0.9132 0.3791
vn -0.1021 -0.0326 -0.9942
vn 0.0146 0.0839 -0.9964
vn 0.0718 -0.0812 -0.9941
vn 0.1396 0.1224 -0.9826
vn -0.8843 -0.3965 -0.2466
vn -0.8789 -0.0552 -0.4738
vn -0.4525 0.7410 0.4962
vn 0.1256 -0.2623 -0.9568
vn -0.0981 -0.1954 -0.9758
vn -0.1721 -0.0128 -0.9850
vn -0.0608 0.1556 -0.9860
vn -0.1502 0.1583 -0.9759
vn 0.5221 -0.8525 -0.0272
vn 0.4347 0.2440 -0.8669
vn -0.8600 0.3896 -0.3296
vn 0.9774 0.1841 -0.1035
vn -0.9093 0.1682 0.3807
vn -0.4404 0.8011 0.4054
vn -0.2162 0.9620 0.1669
vn -0.6754 0.6820 0.2805
vn -0.6846 0.7289 0.0075
vn 0.7922 0.4881 0.3662
vn -0.0282 -0.4011 -0.9156
vn -0.2572 -0.1817 -0.9491
vn -0.2770 -0.0320 -0.9603
vn -0.2200 0.1179 -0.9683
vn 0.2713 -0.0381 -0.9618
vn 0.0802 0.2634 -0.9614
vn 0.6157 -0.6160 -0.4914
vn 0.5085 0.0029 -0.8610
vn -0.7234 -0.5277 -0.4451
vn -0.3933 -0.9128 0.1101
vn -0.8742 -0.3830 0.2985
vn -0.6446 0.6577 0.3898
vn -0.1696 -0.3261 -0.9300
vn 0.3130 0.1291 -0.9410
vn -0.3749 -0.9270 -0.0079
vn 0.5521 -0.8115 0.1914
vn 0.2509 0.2725 -0.9289
vn -0.0585 0.3028 -0.9513
vn 0.3922 -0.3710 -0.8418
vn -0.9187 0.3939 0.0299
vn 0.9950 0.0032 -0.0995
vn -0.6155 0.7500 -0.2422
vn -0.0969 0.9873 -0.1257
vn 0.7886 0.2856 0.5445
vn 0.2579 0.7691 0.5848
vn 0.0948 0.7198 0.6877
vn 0.3446 -0.2534 -0.9039
vn -0.3720 0.0963 -0.9232
vn -0.2273 0.3162 -0.9211
vn 0.3684 -0.8390 -0.4005
vn 0.1308 0.5325 -0.8363
vn -0.2206 0.9698 0.1039
vn 0.9040 -0.4080 -0.1275
vn -0.0981 -0.9940 0.0492
vn 0.8174 0.2674 0.5103
vn -0.2267 0.8157 0.5322
vn 0.2352 -0.4225 -0.8753
vn -0.3218 -0.3194 -0.8913
vn -0.4036 -0.1358 -0.9048
vn 0.4264 -0.1118 -0.8976
vn 0.1599 -0.9340 0.3194
vn -0.3258 0.2203 -0.9194
vn 0.1062 0.4140 -0.9041
vn 0.5847 0.1500 -0.7972
vn -0.2815 -0.8680 -0.4090
vn 0.6656 -0.7209 -0.1930
vn -0.4174 0.9086 -0.0178
vn 0.4614 0.0611 -0.8851
vn 0.2925 -0.9426 -0.1613
vn 0.4983 0.8659 -0.0453
vn -0.1840 0.6515 0.7360
vn 0.1560 -0.5793 -0.8000
vn -0.0936 -0.5339 -0.8404
vn -0.2473 -0.4355 -0.8655
vn 0.4099 -0.8288 0.3809
vn 0.3584 -0.9233 -0.1379
vn -0.0427 0.4281 -0.9027
vn -0.5625 0.8246 0.0599
vn 0.9010 0.4295 -0.0604
vn 0.3608 -0.9291 0.0807
vn -0.9198 -0.1214 0.3731
vn -0.3652 0.9224 -0.1259
vn 0.5256 0.7116 0.4663
vn -0.5300 0.0381 -0.8471
vn 0.4584 0.2200 -0.8611
vn 0.2191 -0.6431 -0.7338
vn -0.1885 0.4768 -0.8586
vn 0.4385 0.2238 -0.8704
vn -0.1917 0.8601 -0.4728
vn -0.7828 0.3760 -0.4958
vn 0.9868 -0.0558 -0.1519
vn 0.6434 0.7113 0.2830
vn -0.2159 0.8633 0.4563
vn -0.3036 0.5652 0.7670
vn 0.2380 0.8245 0.5134
vn -0.5157 0.8510 -0.0996
vn 0.9099 0.1451 0.3887
vn -0.0096 0.9532 0.3023
vn -0.4525 -0.3255 -0.8302
vn -0.5248 0.1387 -0.8399
vn 0.3789 0.3567 -0.8539
vn 0.2613 0.4377 -0.8603
vn 0.2761 -0.2196 -0.9357
vn 0.5412 0.0988 -0.8351
vn -0.1045 0.7375 -0.6672
vn 0.2208 0.6100 -0.7610
vn 0.8251 0.5557 0.1021
vn 0.8670 -0.0375 0.4968
vn -0.3090 0.8899 -0.3355
vn 0.3985 -0.4224 -0.8141
vn 0.5202 -0.3235 -0.7905
vn 0.5765 -0.0431 -0.8159
vn -0.7600 -0.6488 -0.0390
vn 0.2700 -0.9486 0.1654
vn -0.3764 0.4004 -0.8355
vn -0.9623 -0.2718 -0.0052
vn 0.0021 0.5959 -0.8030
vn -0.6467 -0.7159 0.2631
vn -0.9653 0.0970 0.2425
vn -0.1978 0.9507 0.2388
vn -0.1947 -0.6195 -0.7604
vn -0.5254 0.2786 -0.8039
vn 0.1833 0.5547 -0.8116
vn 0.9906 -0.0929 -0.1004
vn 0.7337 0.5212 0.4360
vn -0.7839 0.4997 0.3684
vn -0.0346 0.9551 0.2942
vn 0.3704 -0.5671 -0.7356
vn -0.3640 -0.5065 -0.7817
vn -0.5414 -0.1806 -0.8211
vn -0.5437 -0.8026 0.2456
vn 0.0327 -0.3380 -0.9406
vn -0.3413 0.5429 -0.7673
vn 0.7079 0.2098 -0.6744
vn -0.1354 0.9793 0.1502
vn -0.0484 0.8727 -0.4859
vn -0.8154 -0.0668 -0.5750
vn -0.1508 0.9030 -0.4023
vn -0.9123 -0.1831 0.3663
vn -0.4068 0.7303 0.5488
vn -0.1059 0.8780 0.4669
vn -0.2528 0.9669 0.0358
vn -0.1706 0.9699 0.1736
vn -0.4743 -0.4451 -0.7596
vn 0.5692 -0.2171 -0.7930
vn -0.1557 -0.9214 0.3561
vn -0.0176 -0.9796 -0.2004
vn -0.0960 -0.7937 -0.6007
vn 0.3566 0.0351 -0.9336
vn 0.1031 -0.1361 -0.9853
vn -0.3507 0.8842 -0.3085
vn 0.8946 -0.4225 -0.1455
vn 0.9557 0.2361 0.1756
vn -0.8555 -0.0337 0.5167
vn 0.7143 0.4342 0.5489
vn -0.2473 0.9121 0.3271
vn 0.8656 0.3193 0.3856
vn 0.1958 0.8682 0.4559
vn -0.0421 -0.6913 -0.7214
vn -0.2988 -0.4199 -0.8570
vn -0.5157 0.4535 -0.7269
vn 0.4122 0.5196 -0.7484
vn -0.1700 0.6722 -0.7206
vn 0.4885 -0.4179 -0.7660
vn 0.6601 0.0097 -0.7512
vn 0.0940 0.3974 -0.9128
vn -0.5784 0.6520 -0.4902
vn 0.8707 -0.4811 0.1018
vn -0.8953 0.0411 0.4436
vn -0.5054 0.8248 0.2535
vn -0.6378 -0.0617 -0.7677
vn -0.6392 0.0604 -0.7667
vn 0.6014 0.2174 -0.7688
vn -0.5808 0.1356 -0.8027
vn 0.2495 -0.8415 0.4793
vn -0.8537 -0.4866 0.1857
vn 0.5344 -0.0754 -0.8419
vn 0.5124 0.3855 -0.7673
vn 0.6613 0.2447 -0.7091
vn 0.2761 0.6344 -0.7220
vn -0.3439 0.9370 -0.0613
vn 0.2341 -0.0521 -0.9708
vn 0.5118 0.5763 -0.6372
vn 0.6415 0.7271 0.2446
vn 0.8037 0.4490 0.3904
vn -0.1226 0.7650 0.6323
vn 0.8860 -0.2174 0.4095
vn -0.2586 0.9659 0.0154
vn -0.5901 -0.3247 -0.7392
vn 0.1906 -0.8130 0.5501
vn -0.2249 -0.4597 -0.8591
vn 0.1487 -0.5431 -0.8264
vn 0.4060 -0.5298 -0.7446
vn 0.8801 -0.1872 -0.4363
vn 0.2212 0.8582 -0.4633
vn -0.6337 0.0923 -0.7681
vn -0.5287 0.4926 -0.6912
vn 0.9475 -0.1244 0.2947
vn -0.8772 -0.2059 0.4338
vn -0.9222 0.0675 0.3808
vn -0.2576 0.9541 0.1529
vn -0.2682 0.9199 0.2863
vn -0.5029 0.8557 0.1222
vn 0.5023 -0.4775 -0.7209
vn -0.9900 0.0445 0.1336
vn -0.0602 0.6815 -0.7294
vn 0.5503 0.2714 -0.7896
vn 0.9366 -0.1505 -0.3165
vn -0.3192 0.5504 -0.7715
vn 0.8114 0.4501 0.3729
vn 0.1218 -0.7468 -0.6538
vn -0.4655 -0.5839 -0.6651
vn 0.1296 -0.9230 -0.3622
vn -0.3144 0.6853 -0.6569
vn 0.8746 -0.1893 -0.4464
vn 0.8649 0.3612 -0.3486
vn -0.6536 -0.6016 -0.4592
vn 0.4476 0.8653 -0.2255
vn 0.0627 -0.9947 0.0821
vn -0.3556 0.6813 0.6398
vn 0.7804 -0.2749 0.5617
vn 0.1903 0.7939 0.5775
vn 0.6793 -0.0164 -0.7337
vn 0.4785 -0.8758 -0.0635
vn 0.7305 -0.3519 -0.5853
vn 0.7745 0.3526 -0.5253
vn 0.1341 0.7171 -0.6840
vn -0.4469 -0.8446 -0.2949
vn -0.1703 -0.3385 -0.9254
vn -0.1435 0.0678 -0.9873
vn -0.4698 0.2428 -0.8487
vn -0.8279 -0.3028 0.4720
vn 0.4801 0.3558 0.8018
vn -0.2267 0.7314 0.6432
vn -0.3308 0.7185 0.6119
vn -0.5093 0.8524 0.1180
vn -0.3570 -0.6404 -0.6800
vn -0.6993 -0.1156 -0.7054
vn -0.1958 -0.9505 0.2414
vn -0.4795 -0.6982 -0.5316
vn -0.5267 0.3403 -0.7790
vn 0.8065 0.1394 -0.5746
vn 0.2721 -0.9396 -0.2077
vn 0.9599 -0.0585 -0.2743
vn -0.8148 0.1359 -0.5636
vn 0.0902 0.1995 -0.9757
vn -0.3273 0.1918 -0.9252
vn -0.2150 0.6537 -0.7255
vn -0.3565 -0.8813 0.3104
vn 0.3995 0.4020 0.8239
vn 0.8020 -0.3313 0.4970
vn 0.7942 0.1279 0.5940
vn 0.3429 -0.6892 -0.6383
vn 0.5107 -0.8520 -0.1154
vn 0.2396 -0.7352 0.6341
vn 0.3522 0.1891 -0.9166
vn -0.4858 0.5665 -0.6657
vn 0.3677 0.6719 -0.6429
vn -0.5456 0.7638 0.3448
vn 0.7063 -0.7074 -0.0252
vn -0.1852 0.7989 -0.5722
vn -0.8647 0.2847 -0.4138
vn -0.2544 0.9449 -0.2060
vn 0.6650 0.2617 -0.6994
vn 0.3857 0.7488 0.5391
vn 0.4669 0.4162 0.7802
vn -0.2279 -0.7401 -0.6328
vn 0.6965 -0.1989 -0.6895
vn 0.7281 0.1825 -0.6607
vn -0.3712 -0.7398 0.5612
vn 0.1642 -0.7127 0.6820
vn -0.1104 -0.8006 0.5890
vn -0.8513 -0.2700 0.4498
vn -0.9564 -0.0561 0.2865
vn -0.8861 0.3260 0.3295
vn 0.0112 0.7857 -0.6185
vn 0.8079 0.1221 -0.5766
vn 0.5475 0.0305 -0.8362
vn -0.6990 0.2869 -0.6550
vn 0.5635 -0.0238 -0.8258
vn 0.5839 0.5605 -0.5873
vn -0.1467 0.5838 -0.7985
vn 0.8352 0.1864 0.5173
vn -0.8304 -0.0794 0.5515
vn -0.8764 -0.1248 0.4652
vn -0.6752 0.3578 0.6450
vn -0.1890 0.6799 0.7086
vn 0.8565 -0.3371 0.3909
vn -0.5493 0.7245 0.4165
vn 0.5067 -0.5993 -0.6198
vn 0.6570 -0.3953 -0.6420
vn 0.6541 -0.4415 -0.6142
vn 0.6297 -0.7423 -0.2291
vn 0.5958 0.4893 -0.6369
vn 0.6721 0.5168 -0.5303
vn -0.4226 0.5902 -0.6878
vn -0.2052 0.8802 0.4280
vn 0.9803 -0.0629 -0.1875
vn 0.3022 -0.9521 -0.0464
vn 0.7370 -0.2714 -0.6190
vn 0.0053 0.9673 -0.2537
vn 0.2680 0.7028 -0.6589
vn -0.0669 -0.9883 0.1371
vn 0.5661 0.6348 0.5259
vn 0.1975 0.2708 0.9421
vn -0.0185 0.5004 0.8656
vn -0.6920 0.4453 0.5682
vn -0.4886 -0.6028 -0.6308
vn -0.6471 0.0584 -0.7602
vn 0.4268 -0.9008 -0.0797
vn 0.4696 -0.8829 0.0010
vn 0.5223 -0.8295 -0.1978
vn -0.6393 -0.5141 0.5719
vn -0.4874 -0.8710 -0.0608
vn -0.6084 0.1178 -0.7849
vn -0.4034 0.4463 -0.7988
vn -0.0170 0.6802 -0.7328
vn 0.7148 -0.5641 0.4133
vn 0.3382 0.3911 0.8559
vn -0.5679 0.6682 0.4806
vn -0.0772 -0.7755 -0.6266
vn -0.2479 -0.9544 -0.1664
vn -0.7744 -0.4859 -0.4052
vn -0.7418 -0.6231 -0.2480
vn -0.5415 0.1518 -0.8269
vn -0.1360 0.7841 0.6055
vn 0.8046 -0.5371 -0.2532
vn -0.5612 0.2292 -0.7953
vn -0.6536 -0.5692 0.4989
vn -0.7658 0.0400 0.6418
vn 0.3777 0.8103 0.4481
vn -0.6905 -0.4518 0.5649
vn 0.2681 0.7077 0.6537
vn 0.0771 -0.0583 0.9953
vn 0.3911 -0.7346 0.5545
vn 0.3708 0.7010 0.6092
vn -0.7429 -0.4115 -0.5279
vn -0.6731 -0.6442 -0.3633
vn -0.3808 0.0229 -0.9244
vn 0.1647 -0.9796 -0.1154
vn 0.2485 -0.7872 -0.5644
vn 0.1096 -0.6399 -0.7606
vn 0.3435 -0.5235 -0.7797
vn 0.4376 -0.7248 -0.5322
vn -0.6144 -0.0010 -0.7890
vn 0.7026 0.3599 -0.6138
vn -0.2643 0.4208 -0.8678
vn -0.6612 0.4233 0.6194
vn -0.3359 0.7983 0.4999
vn -0.5030 0.8561 0.1187
vn -0.4003 -0.8280 -0.3926
vn 0.3301 0.1681 -0.9289
vn 0.3371 -0.1975 -0.9205
vn 0.2349 0.7540 0.6134
vn -0.7094 -0.2693 0.6513
vn 0.2201 0.7067 0.6725
vn -0.8464 -0.5324 0.0095
vn -0.4858 0.8048 0.3410
vn -0.6232 -0.5550 -0.5510
vn 0.7873 -0.0296 -0.6158
vn -0.6219 -0.1570 -0.7672
vn -0.4057 -0.0196 -0.9138
vn -0.0966 -0.8887 -0.4482
vn 0.1918 -0.6150 0.7648
vn -0.4111 0.0482 -0.9103
vn -0.5754 0.6133 -0.5410
vn 0.5000 0.6181 -0.6066
vn 0.2496 0.7952 -0.5526
vn -0.5531 0.7430 0.3768
vn -0.3147 0.7174 -0.6215
vn -0.6827 0.2944 -0.6688
vn -0.8486 0.1027 -0.5190
vn 0.6194 -0.3902 -0.6813
vn -0.6120 0.4638 -0.6406
vn 0.1046 0.6022 -0.7915
vn 0.0769 0.4824 -0.8726
vn -0.4055 -0.7248 -0.5570
vn -0.1717 -0.5875 0.7908
vn -0.7721 -0.1246 0.6232
vn -0.5062 0.6803 -0.5301
vn 0.8675 -0.0144 -0.4973
vn 0.6546 -0.7539 -0.0565
vn -0.5167 -0.8014 -0.3013
vn 0.6425 -0.7663 -0.0009
vn -0.6522 0.1312 -0.7466
vn 0.6209 -0.0194 -0.7837
vn 0.0821 0.7087 -0.7007
vn -0.0376 0.7535 0.6563
vn 0.8118 0.0737 0.5793
vn 0.2648 -0.7833 -0.5624
vn -0.0597 -0.4056 -0.9121
vn 0.0797 -0.1057 -0.9912
vn 0.6539 -0.3315 -0.6801
vn -0.5865 0.2697 -0.7637
vn -0.7394 0.0954 0.6665
vn -0.2608 0.6278 0.7334
vn -0.1414 0.7987 -0.5849
vn -0.0922 -0.9677 -0.2348
vn 0.9795 0.1943 0.0534
vn 0.4862 0.3619 -0.7954
vn -0.3354 0.7363 -0.5877
vn -0.9998 0.0127 0.0170
vn -0.5683 -0.3959 0.7213
vn 0.2100 0.5753 0.7905
vn 0.3679 0.8191 0.4402
vn 0.1963 0.4258 0.8833
vn -0.2556 -0.7818 -0.5688
vn 0.7853 -0.3080 -0.5370
vn -0.1432 -0.6877 -0.7118
vn -0.0094 0.1390 -0.9903
vn 0.0974 -0.4144 0.9048
vn -0.2027 -0.1530 -0.9672
vn -0.3065 0.7388 -0.6002
vn 0.4605 0.7370 -0.4947
vn 0.5358 -0.8020 -0.2640
vn -0.6679 0.0635 -0.7415
vn 0.4261 -0.7930 -0.4355
vn 0.2136 -0.6682 -0.7127
vn 0.4095 -0.5119 -0.7551
vn 0.6473 -0.2118 -0.7322
vn -0.1323 0.8364 -0.5320
vn 0.4134 -0.7586 0.5036
vn -0.6953 -0.0729 0.7150
vn 0.5846 0.2942 0.7561
vn -0.7560 0.3818 0.5317
vn -0.4568 -0.6394 0.6184
vn 0.1744 0.6208 0.7644
vn -0.7294 -0.3078 -0.6109
vn -0.3171 -0.4492 -0.8353
vn -0.0363 -0.9956 -0.0867
vn -0.1301 -0.8816 -0.4537
vn -0.4323 -0.3486 0.8316
vn -0.4605 -0.7562 0.4649
vn -0.0545 0.6342 -0.7712
vn -0.1991 -0.5678 0.7987
vn -0.4109 -0.6115 0.6762
vn -0.7237 0.6057 -0.3308
vn 0.7352 0.5547 -0.3896
vn 0.9315 0.3544 -0.0819
vn 0.4246 -0.8998 -0.1003
vn -0.5414 0.6577 -0.5237
vn 0.5521 0.2691 -0.7892
vn 0.2303 0.7131 -0.6622
vn 0.6768 -0.0941 0.7302
vn -0.7548 -0.1199 0.6449
vn 0.3965 0.9070 0.1421
vn 0.4062 -0.7519 -0.5193
vn -0.1070 -0.2898 -0.9511
vn 0.9161 -0.2641 0.3016
vn -0.3362 0.8363 0.4331
vn 0.0947 -0.8305 -0.5489
vn 0.4144 -0.7654 -0.4924
vn -0.1050 0.2914 -0.9508
vn 0.1091 -0.2183 -0.9698
vn -0.5146 0.7581 -0.4006
vn 0.9212 0.3532 -0.1631
vn 0.6520 -0.7263 -0.2176
vn 0.7274 -0.6813 0.0815
vn 0.3418 -0.9131 -0.2222
vn 0.7285 -0.5549 -0.4017
vn 0.6695 -0.3926 -0.6306
vn 0.6133 -0.1781 -0.7695
vn -0.7645 0.1626 -0.6238
vn 0.5820 0.6121 -0.5354
vn -0.7247 0.2730 0.6327
vn 0.2910 0.5330 0.7945
vn -0.7441 -0.5449 0.3865
vn 0.5072 0.6832 0.5253
vn -0.5575 -0.5612 0.6118
vn 0.1286 0.8906 0.4361
vn 0.7125 0.6829 0.1613
vn -0.3627 -0.0034 0.9319
vn -0.1245 0.7634 0.6338
vn -0.6710 -0.1030 -0.7343
vn -0.0264 -0.8150 -0.5789
vn -0.4613 -0.6627 -0.5899
vn 0.8355 0.2157 -0.5054
vn -0.0396 -0.3389 0.9400
vn -0.4729 -0.0701 0.8783
vn -0.3022 0.7642 -0.5699
vn 0.0691 -0.9455 -0.3182
vn 0.5605 -0.8236 -0.0868
vn 0.3730 -0.7946 -0.4791
vn -0.7497 0.4553 -0.4802
vn 0.1228 0.9263 -0.3563
vn 0.2293 -0.8679 0.4406
vn -0.1175 0.3635 0.9242
vn 0.6198 -0.5593 -0.5504
vn 0.8710 -0.0551 -0.4882
vn -0.6867 -0.7061 0.1730
vn 0.3761 0.7376 -0.5608
vn -0.5267 0.6512 -0.5464
vn -0.2919 0.2878 0.9121
vn -0.1049 0.4223 0.9004
vn 0.4906 -0.8241 -0.2833
vn -0.4507 -0.8839 -0.1246
vn -0.1678 -0.9088 -0.3821
vn -0.3257 0.9425 0.0746
vn 0.6675 0.2937 -0.6842
vn 0.0678 0.8897 -0.4515
vn 0.0171 -0.8709 0.4912
vn -0.3878 -0.4921 0.7794
vn -0.8258 -0.0623 0.5606
vn -0.7920 -0.6067 0.0679
vn -0.5317 0.4456 0.7202
vn 0.4311 0.6458 0.6302
vn 0.5995 0.3690 0.7103
vn 0.4972 0.8399 0.2178
vn -0.0877 -0.9631 0.2546
vn -0.3333 -0.6443 -0.6883
vn -0.4003 -0.8492 -0.3444
vn -0.3524 0.7552 -0.5527
vn -0.1480 -0.0709 0.9864
vn -0.6715 0.6101 -0.4205
vn -0.2849 0.4187 0.8623
vn 0.8275 0.4190 0.3738
vn -0.0590 0.4923 -0.8684
vn 0.9092 0.2726 0.3146
vn 0.0385 0.8633 -0.5031
vn -0.6041 0.6438 0.4696
vn 0.6194 -0.5609 -0.5492
vn 0.4594 0.0072 -0.8882
vn -0.4786 0.7719 -0.4185
vn -0.5802 -0.2232 0.7833
vn -0.4965 0.0393 0.8672
vn 0.0064 -0.3438 0.9390
vn -0.6915 -0.0024 0.7223
vn -0.2561 0.0731 0.9639
vn -0.2743 -0.3959 0.8764
vn -0.5718 0.1151 0.8123
vn 0.6167 0.3999 0.6780
vn -0.6531 -0.3204 0.6862
vn -0.7752 -0.6317 0.0012
vn -0.8873 -0.4583 0.0515
vn 0.7418 0.4603 -0.4877
vn 0.6149 0.6326 -0.4709
vn -0.4919 0.4703 0.7327
vn -0.2343 -0.9713 0.0400
vn 0.2759 -0.4302 -0.8595
vn 0.5098 0.6064 -0.6103
vn 0.3713 0.8753 -0.3098
vn 0.1268 0.9446 -0.3027
vn -0.1076 0.9364 -0.3341
vn -0.1618 -0.7612 0.6280
vn 0.5842 0.1682 0.7940
vn -0.6212 0.1979 0.7583
vn 0.6244 0.1668 0.7631
vn -0.9504 -0.2410 0.1966
vn 0.2126 0.0602 0.9753
vn 0.2459 -0.8727 -0.4218
vn 0.5701 -0.7212 -0.3935
vn -0.4561 -0.8885 -0.0506
vn -0.3591 -0.9331 0.0211
vn 0.8562 0.5117 -0.0704
vn 0.3674 0.8524 -0.3721
vn 0.3947 -0.8519 0.3443
vn 0.8048 -0.5628 0.1886
vn -0.5385 0.7462 0.3915
vn 0.0989 -0.2342 -0.9672
vn 0.3743 0.1917 -0.9073
vn 0.5206 0.6919 -0.5002
vn 0.2343 0.9557 -0.1783
vn -0.7468 -0.1037 0.6569
vn -0.6125 0.0702 0.7873
vn -0.1740 0.3188 0.9317
vn -0.1207 0.0361 0.9920
vn 0.0316 0.2473 0.9684
vn 0.5408 0.2194 0.8120
vn -0.3795 0.1881 0.9059
vn -0.2401 -0.3325 -0.9120
vn -0.2217 0.1021 -0.9698
vn 0.1601 -0.2459 -0.9560
vn 0.2003 0.1691 -0.9650
vn -0.5435 -0.7096 -0.4484
vn -0.2865 -0.9537 0.0913
vn -0.6939 -0.5701 0.4398
vn -0.2244 0.0612 0.9726
vn -0.4415 -0.2783 0.8530
vn 0.5739 -0.8189 0.0012
vn -0.2854 0.5596 -0.7781
vn -0.8138 0.5501 -0.1872
vn -0.0150 -0.6239 -0.7814
vn -0.2430 -0.4749 -0.8458
vn 0.5505 -0.2566 -0.7944
vn 0.3503 0.6598 -0.6648
vn 0.4554 -0.2244 0.8615
vn 0.0333 0.0978 0.9946
vn -0.3005 -0.1425 0.9431
vn 0.6506 -0.0403 0.7584
vn -0.0359 0.3008 -0.9530
vn 0.7764 -0.4707 -0.4192
vn -0.8212 -0.4444 -0.3580
vn -0.7663 -0.4856 -0.4207
vn -0.2209 -0.9530 0.2074
vn -0.5997 -0.5313 0.5984
vn 0.4321 0.7412 -0.5137
vn -0.6423 0.6141 -0.4587
vn 0.8323 0.1459 0.5347
vn 0.2292 -0.9595 -0.1640
vn 0.6352 -0.7363 -0.2332
vn 0.6335 -0.6710 -0.3852
vn 0.7190 0.1857 -0.6697
vn 0.5988 0.6884 -0.4094
vn -0.2689 0.0623 0.9612
vn -0.0286 -0.1426 0.9894
vn -0.3042 -0.4085 0.8606
vn -0.2231 0.0959 0.9701
vn 0.3253 0.1812 0.9281
vn 0.0880 0.2992 0.9501
vn 0.3042 -0.7487 -0.5890
vn 0.5523 -0.2901 -0.7815
vn 0.0095 -0.3237 -0.9461
vn -0.5839 0.4125 0.6992
vn 0.3350 -0.8820 0.3315
vn -0.4604 0.5909 -0.6625
vn 0.0866 0.4547 -0.8864
vn 0.0656 0.7056 -0.7056
vn 0.1953 0.9056 -0.3764
vn 0.5843 -0.8087 -0.0672
vn 0.1276 -0.9432 -0.3068
vn -0.8695 0.1986 -0.4522
vn 0.4119 0.8604 -0.3001
vn -0.0017 0.9996 0.0284
vn -0.1823 0.1705 0.9683
vn -0.1722 -0.4525 0.8750
vn -0.0829 0.2145 0.9732
vn -0.1233 -0.8106 -0.5724
vn 0.2966 -0.4304 -0.8525
vn 0.0964 -0.3281 -0.9397
vn -0.2310 -0.4539 -0.8606
vn -0.2589 -0.3830 -0.8867
vn -0.2834 -0.3214 -0.9035
vn -0.5907 -0.2378 0.7711
vn -0.5270 0.1581 0.8350
vn -0.5615 0.7409 -0.3684
vn -0.5573 0.7532 -0.3495
vn 0.7936 -0.5953 0.1256
vn 0.2723 -0.9620 0.0211
vn -0.9011 0.3762 0.2156
vn 0.0284 -0.1232 -0.9920
vn 0.4356 0.0560 -0.8984
vn 0.7628 0.6209 -0.1804
vn 0.0014 1.0000 0.0074
vn -0.2458 0.9370 -0.2481
vn 0.1206 0.9579 -0.2605
vn 0.1767 -0.3501 0.9199
vn -0.4032 -0.2424 -0.8824
vn -0.3338 0.2064 -0.9198
vn -0.1322 0.3037 -0.9435
vn -0.0059 0.3112 -0.9503
vn -0.6971 -0.6501 -0.3022
vn 0.9140 -0.2121 -0.3457
vn -0.7359 -0.6421 -0.2148
vn -0.6292 -0.7765 -0.0330
vn -0.3288 0.7874 -0.5215
vn 0.6574 0.6244 0.4218
vn -0.7118 0.4746 -0.5178
vn -0.5286 0.3577 -0.7698
vn -0.3247 -0.8936 0.3100
vn -0.4583 -0.0124 -0.8887
vn -0.5821 -0.5095 -0.6337
vn 0.9480 -0.0188 -0.3177
vn 0.6311 0.6825 -0.3686
vn 0.0283 -0.9934 -0.1107
vn 0.1803 -0.8236 -0.5377
vn 0.1481 -0.9102 -0.3867
vn -0.0264 -0.5518 -0.8335
vn 0.0077 -0.0098 -0.9999
vn 0.3574 -0.2971 -0.8854
vn 0.1312 -0.2626 -0.9559
vn -0.2138 -0.6254 -0.7504
vn 0.0027 -0.0059 -1.0000
vn -0.6366 -0.3468 -0.6888
vn -0.4110 -0.3762 -0.8304
vn 0.0616 -0.6672 -0.7423
vn -0.2835 -0.5856 -0.7594
vn 0.0756 -0.0629 -0.9952
vn 0.4431 -0.2859 -0.8497
vn 0.0001 -0.0008 -1.0000
vn -0.7448 -0.6602 0.0968
vn -0.1698 -0.1850 -0.9680
vn -0.4283 -0.3130 -0.8477
vn 0.1895 -0.1837 -0.9645
vn 0.4255 -0.2805 -0.8604
vn -0.3019 -0.4286 -0.8516
vn -0.3048 -0.0753 -0.9494
vn -0.0070 -0.0022 -1.0000
vn 0.0037 -0.0001 -1.0000
vn -0.0368 -0.1970 -0.9797
vn 0.3613 -0.7645 -0.5339
vn 0.0904 -0.3290 -0.9400
vn 0.8019 -0.3005 -0.5163
vn -0.6163 -0.3163 -0.7212
vn -0.2405 -0.0064 -0.9706
vn 0.3974 -0.0112 -0.9176
vn -0.0025 0.0007 -1.0000
vn -0.0995 0.1089 -0.9891
vn 0.0951 0.0961 -0.9908
vn 0.3255 0.4092 -0.8524
vn 0.0007 0.0019 -1.0000
vn -0.2079 0.5570 -0.8040
vn -0.7807 0.0168 -0.6246
vn -0.4037 0.1586 -0.9010
vn -0.3572 0.8178 0.4512
vn -0.0055 0.0093 -0.9999
vn 0.0830 0.2780 -0.9570
vn 0.0014 0.0043 -1.0000
vn 0.1526 0.1387 -0.9785
vn -0.5127 0.5051 -0.6943
vn 0.1531 0.1353 -0.9789
vn 0.5137 0.5963 -0.6168
vn -0.6542 0.4194 -0.6294
vn -0.1791 0.3305 -0.9267
vn 0.6200 0.4560 -0.6385
vn -0.0670 0.5252 -0.8483
vn 0.7858 0.3571 -0.5049
vn -0.0787 0.3817 -0.9209
vn 0.0243 0.6112 -0.7911
vn 0.5662 0.8107 0.1491
vn -0.1333 -0.6205 -0.7728
vn 0.2990 0.1939 -0.9344
vn 0.3826 -0.6306 -0.6752
vn -0.1013 0.0219 -0.9946
vn 0.6278 0.3892 0.6741
vn -0.8730 0.2169 -0.4369
vn -0.5325 0.5400 0.6518
vn -0.7525 0.5958 -0.2806
vn -0.4243 0.8921 -0.1556
vn 0.1928 0.8999 -0.3911
vn -0.1416 -0.1399 0.9800
vn -0.2910 -0.8408 -0.4566
vn -0.0759 -0.3397 -0.9375
vn 0.0519 0.1455 -0.9880
vn 0.1993 -0.4432 -0.8740
vn 0.1006 0.4136 -0.9049
vn 0.0272 0.0677 -0.9973
vn -0.0430 -0.2136 -0.9760
vn -0.2136 -0.4311 -0.8767
vn 0.2721 -0.8374 -0.4740
vn 0.7631 -0.4101 -0.4994
vn -0.4399 -0.4430 -0.7812
vn -0.1247 -0.2755 -0.9532
vn -0.0024 0.1146 0.9934
vn 0.0786 0.6353 0.7683
vn -0.0985 0.2240 0.9696
vn -0.6712 -0.5876 -0.4519
vn 0.1017 -0.9675 -0.2315
vn 0.3416 -0.8183 -0.4622
vn 0.0140 -0.5892 0.8079
vn 0.9110 -0.3424 -0.2297
vn -0.5907 -0.7424 -0.3162
vn -0.3451 -0.5984 -0.7231
vn 0.5232 -0.2059 -0.8270
vn -0.5078 -0.2386 -0.8278
vn -0.6772 -0.6379 -0.3666
vn 0.2368 -0.8180 -0.5242
vn 0.2577 -0.8050 -0.5344
vn -0.6799 -0.5711 -0.4601
vn 0.3028 -0.8627 -0.4050
vn 0.4378 -0.4749 -0.7634
vn -0.9245 0.0150 -0.3809
vn 0.9291 -0.0230 -0.3692
vn 0.8281 0.2998 -0.4736
vn -0.8208 0.3695 -0.4356
vn -0.2966 -0.9205 0.2542
vn -0.7519 -0.5829 0.3081
vn 0.9252 0.0640 -0.3740
vn 0.6006 0.0052 -0.7996
vn 0.3375 0.4128 -0.8460
vn 0.1425 0.8736 -0.4653
vn 0.4202 0.8612 -0.2858
vn -0.8756 -0.3150 0.3661
vn -0.9342 0.0373 -0.3548
vn 0.4827 0.6538 -0.5827
vn -0.1898 0.7984 -0.5715
vn 0.5978 0.6004 -0.5312
vn -0.8940 0.2738 -0.3548
vn 0.8361 0.4056 -0.3693
vn -0.2062 0.9315 -0.2997
vn 0.1774 0.9801 -0.0891
vn 0.7146 0.5927 -0.3716
vn -0.5391 0.6776 -0.5002
vn 0.2055 0.8132 -0.5445
vn -0.0732 0.4010 -0.9132
vn 0.5041 -0.6331 -0.5874
vn 0.1909 0.2261 -0.9552
vn 0.6337 -0.7543 0.1716
vn -0.8054 0.1244 -0.5796
vn 0.2808 0.8044 -0.5235
vn -0.9589 0.1534 -0.2385
vn 0.2698 0.9623 0.0353
vn 0.9084 0.4083 0.0901
vn 0.4947 0.8644 0.0897
vn -0.2319 0.9656 0.1180
vn 0.1257 0.9915 0.0348
vn -0.0180 -0.2515 0.9677
vn 0.7098 -0.5184 -0.4769
vn -0.2304 -0.7763 -0.5867
vn -0.3899 -0.5558 -0.7342
vn -0.2696 -0.2106 -0.9397
vn 0.1941 0.3561 -0.9141
vn -0.3677 0.2235 -0.9027
vn 0.6977 -0.3344 -0.6335
vn -0.1895 0.0374 -0.9812
vn -0.0420 -0.9735 -0.2249
vn -0.5734 -0.0069 -0.8192
vn 0.5193 -0.0457 0.8534
vn 0.1284 0.8103 0.5717
vn -0.1664 -0.9787 -0.1203
vn -0.7173 -0.6925 -0.0769
vn 0.5042 -0.3419 0.7930
vn -0.1617 0.9141 0.3719
vn -0.5005 -0.6060 0.6183
vn -0.4575 -0.2528 0.8525
vn 0.0692 -0.5791 0.8123
vn -0.0172 0.3523 0.9357
vn -0.5301 0.4946 0.6887
vn -0.6584 -0.5762 -0.4843
vn -0.3891 -0.8567 -0.3386
vn 0.9085 -0.3899 -0.1505
vn 0.6661 -0.1089 -0.7379
vn -0.4138 -0.8519 -0.3210
vn 0.9985 -0.0204 -0.0503
vn -0.3301 0.9238 -0.1941
vn -0.9066 0.3549 -0.2281
vn 0.1957 0.6112 -0.7669
vn 0.9211 0.3279 -0.2099
vn -0.2750 0.9382 -0.2103
vn 0.4321 0.9017 -0.0148
vn -0.5467 0.8208 -0.1658
vn -0.8604 0.5070 -0.0526
vn -0.5437 0.5521 -0.6321
vn -0.1145 -0.1740 -0.9781
vn 0.6689 0.5059 -0.5447
vn 0.6316 -0.5049 -0.5884
vn 0.1712 0.7990 -0.5765
vn -0.0737 -0.8685 0.4902
vn 0.0028 0.4760 -0.8795
vn 0.5293 -0.4948 0.6892
vn -0.0406 -0.8748 0.4828
vn 0.9566 0.0762 -0.2812
vn 0.5432 -0.8274 0.1428
vn 0.9198 0.3920 0.0149
vn 0.2515 0.9623 0.1040
vn 0.0565 0.9858 0.1581
vn -0.0635 -0.8678 -0.4928
vn 0.4672 -0.8839 -0.0211
vn 0.1613 0.2444 -0.9562
vn -0.6414 -0.4808 -0.5979
vn -0.7528 -0.6395 -0.1560
vn -0.2284 -0.9709 -0.0719
vn -0.7333 -0.2449 -0.6342
vn 0.2672 0.3888 -0.8817
vn 0.4602 0.6722 0.5800
vn 0.4165 -0.9067 -0.0671
vn -0.7499 -0.2127 -0.6264
vn -0.8713 -0.4247 -0.2460
vn 0.6786 -0.6626 -0.3168
vn 0.3169 -0.8410 -0.4385
vn 0.6740 -0.5436 -0.5002
vn 0.6235 -0.4199 -0.6595
vn 0.7896 -0.3534 -0.5017
vn -0.9999 0.0015 -0.0154
vn -0.6167 -0.7171 0.3247
vn -0.3844 0.9168 -0.1081
vn 0.8169 0.3900 -0.4249
vn 0.6078 0.6340 -0.4783
vn -0.9433 0.3116 -0.1145
vn -0.4257 0.8930 -0.1463
vn -0.7331 -0.3214 0.5994
vn 0.7822 0.6216 -0.0414
vn 0.4210 0.9043 -0.0710
vn 0.5485 0.4381 -0.7122
vn -0.0918 -0.0861 -0.9921
vn 0.4266 -0.8957 -0.1257
vn 0.2353 -0.9707 -0.0481
vn 0.2885 -0.6692 -0.6847
vn -0.1440 -0.6340 -0.7598
vn 0.0455 0.2831 -0.9580
vn -0.3418 -0.6497 -0.6790
vn -0.0418 0.4453 -0.8944
vn -0.0961 -0.7982 0.5947
vn 0.1514 0.9439 -0.2935
vn 0.0653 0.9576 -0.2806
vn 0.6597 0.1278 0.7406
vn 0.6464 -0.7181 -0.2579
vn 0.1788 -0.8636 0.4715
vn 0.0760 0.9739 -0.2140
vn 0.2590 -0.9180 0.3003
vn -0.7658 -0.6281 0.1377
vn 0.2786 0.9547 0.1048
vn -0.1993 0.9799 0.0084
vn -0.4368 -0.8058 -0.4000
vn 0.5435 -0.5874 0.5997
vn 0.9042 -0.4269 -0.0167
vn -0.3448 0.1770 -0.9218
vn 0.1896 0.3854 -0.9030
vn 0.5133 -0.6070 0.6067
vn 0.9767 -0.2141 -0.0165
vn 0.5837 -0.8113 -0.0341
vn -0.9543 -0.2970 -0.0338
vn 0.7964 -0.5383 -0.2756
vn 0.8817 -0.3609 -0.3038
vn -0.8519 -0.5227 -0.0310
vn 0.9534 0.2589 -0.1550
vn 0.9098 0.2476 -0.3332
vn 0.6886 0.7248 -0.0222
vn -0.5687 0.7585 -0.3183
vn -0.6742 0.6776 -0.2937
vn -0.6680 -0.5347 -0.5175
vn 0.5639 0.7549 -0.3347
vn 0.4423 0.4831 0.7556
vn -0.9400 0.2977 -0.1666
vn -0.6000 0.0265 -0.7996
vn -0.0681 -0.0704 -0.9952
vn -0.3411 -0.3334 -0.8789
vn -0.0476 0.2060 -0.9774
vn 0.2875 0.8671 -0.4068
vn -0.0640 0.3703 -0.9267
vn 0.4183 0.6790 -0.6033
vn 0.6077 -0.7763 -0.1672
vn 0.1591 0.9597 0.2316
vn 0.1645 -0.9655 0.2020
vn 0.1728 -0.8802 -0.4421
vn 0.0917 -0.5553 -0.8266
vn -0.2055 -0.3599 -0.9101
vn 0.0082 -0.2373 -0.9714
vn -0.2375 0.1460 -0.9603
vn -0.6526 -0.7130 -0.2565
vn -0.1829 -0.0953 -0.9785
vn 0.0644 0.0502 -0.9967
vn 0.1586 0.4472 -0.8803
vn 0.4961 -0.7395 -0.4550
vn 0.2879 0.5261 -0.8002
vn 0.3983 -0.8475 -0.3508
vn 0.9301 -0.3600 -0.0722
vn -0.8482 0.0190 -0.5294
vn -0.0352 -0.7030 0.7103
vn -0.2252 0.4134 -0.8822
vn 0.9535 -0.0746 -0.2921
vn -0.8473 -0.2764 0.4536
vn -0.5763 -0.2271 0.7850
vn -0.3651 0.9302 -0.0370
vn 0.9154 0.3945 -0.0793
vn -0.5409 -0.7281 -0.4210
vn -0.7501 -0.2712 -0.6032
vn -0.4959 -0.8537 -0.1591
vn 0.9853 -0.1699 -0.0152
vn 0.6819 -0.2859 0.6733
vn -0.7846 0.5645 -0.2566
vn 0.3880 0.6869 -0.6145
vn -0.1742 -0.7962 -0.5794
vn 0.1705 -0.5943 -0.7860
vn 0.3126 -0.2232 -0.9233
vn 0.5570 -0.4427 -0.7027
vn 0.0759 -0.3940 -0.9160
vn -0.4117 0.2317 -0.8814
vn -0.0580 -0.0099 -0.9983
vn -0.2366 0.4038 -0.8837
vn 0.2705 0.3697 -0.8889
vn 0.0720 0.2836 -0.9562
vn -0.4337 0.3721 -0.8206
vn -0.8097 -0.5721 -0.1306
vn 0.0071 -0.9999 -0.0122
vn -0.4975 0.3822 -0.7787
vn -0.7884 -0.5817 -0.2003
vn 0.6709 -0.2625 0.6935
vn -0.4715 -0.8818 0.0066
vn -0.7388 -0.6719 -0.0511
vn -0.7052 -0.4243 -0.5680
vn -0.6632 0.4296 0.6128
vn 0.7221 0.6907 -0.0399
vn -0.9990 0.0436 -0.0038
vn -0.4130 0.9104 -0.0243
vn 0.7934 0.5926 -0.1396
vn -0.9941 -0.0628 -0.0885
vn -0.4874 0.3056 0.8180
vn 0.1465 0.9883 0.0430
vn 0.3622 -0.7361 0.5718
vn -0.6658 0.5198 -0.5353
vn 0.5176 0.6941 0.5003
vn -0.0726 0.9143 0.3984
vn -0.1923 0.9806 0.0390
vn 0.0169 0.8373 0.5465
vn -0.0089 -0.9987 0.0495
vn -0.2320 -0.9502 -0.2082
vn 0.1572 0.6024 -0.7826
vn 0.3755 -0.9268 -0.0057
vn 0.5289 -0.5985 0.6018
vn -0.4636 -0.8857 -0.0242
vn -0.8347 -0.5271 -0.1599
vn -0.5958 -0.6869 0.4162
vn -0.9124 0.4091 -0.0137
vn -0.5698 0.8135 -0.1160
vn 0.4450 0.8936 -0.0595
vn -0.4617 0.1204 0.8788
vn -0.4510 0.2744 0.8493
vn 0.7998 0.6002 -0.0070
vn 0.2457 0.7691 0.5900
vn 0.1112 0.9870 0.1160
vn 0.3419 -0.9377 0.0617
vn -0.2840 -0.7776 0.5610
vn -0.8316 0.0956 0.5471
vn -0.9615 0.1407 -0.2359
vn -0.8964 -0.3972 0.1969
vn -0.2071 0.7935 -0.5722
vn 0.9079 0.3515 0.2285
vn 0.5019 0.8284 0.2486
vn -0.7881 0.6116 -0.0691
vn 0.9672 -0.0851 0.2394
vn -0.2620 0.8989 0.3511
vn -0.0374 0.9662 0.2549
vn -0.1815 -0.8584 -0.4798
vn -0.4094 -0.9111 -0.0486
vn 0.7986 -0.5828 -0.1503
vn -0.0899 0.3284 -0.9403
vn 0.5127 0.5623 -0.6488
vn -0.0029 -1.0000 -0.0011
vn 0.2949 -0.9235 -0.2454
vn -0.9183 -0.3661 -0.1506
vn 0.1480 0.6841 -0.7143
vn -0.8834 -0.4682 0.0181
vn -0.3724 -0.9193 -0.1277
vn 0.3534 0.5330 -0.7688
vn 0.0762 -0.7317 0.6773
vn -0.8486 -0.5239 -0.0734
vn 0.1287 -0.9917 0.0068
vn 0.7842 -0.5976 -0.1674
vn 0.3308 -0.9412 -0.0684
vn -0.8434 -0.5366 -0.0272
vn -0.7668 -0.5501 0.3307
vn -0.6712 0.7411 -0.0148
vn 0.4106 0.9118 -0.0077
vn -0.7659 0.6391 -0.0706
vn 0.2597 0.6635 0.7017
vn 0.9499 -0.3095 0.0435
vn 0.4094 0.2365 0.8812
vn 0.1838 0.2416 0.9528
vn -0.2789 0.3214 0.9049
vn -0.9872 0.1596 -0.0002
vn 0.3911 -0.8328 0.3918
vn 0.8206 0.5380 -0.1929
vn 0.0236 -0.9401 0.3401
vn 0.2948 0.8586 0.4194
vn 0.1278 0.7656 0.6305
vn 0.5460 -0.5305 -0.6485
vn -0.5784 -0.8157 0.0121
vn -0.3121 0.3261 -0.8923
vn 0.1667 -0.9496 -0.2655
vn -0.1418 0.7105 -0.6892
vn 0.5052 0.7617 0.4056
vn 0.1935 0.9589 0.2076
vn 0.7176 -0.1394 0.6823
vn 0.5938 -0.5466 0.5905
vn -0.2985 0.8998 0.3183
vn 0.4949 0.5389 -0.6816
vn -0.6949 -0.6943 -0.1872
vn -0.6829 0.5217 -0.5114
vn -0.0219 0.6829 -0.7302
vn -0.7962 -0.5548 -0.2413
vn 0.7547 -0.6358 -0.1620
vn 0.8776 -0.4775 -0.0431
vn -0.4590 -0.7102 0.5338
vn -0.1979 -0.8797 0.4324
vn 0.2745 0.9597 0.0608
vn 0.9653 0.1117 -0.2361
vn 0.7672 0.6400 0.0429
vn 0.1241 0.8310 0.5422
vn -0.7117 0.7000 -0.0591
vn 0.7900 0.6131 0.0037
vn -0.5811 -0.8137 -0.0122
vn -0.5423 -0.8310 0.1243
vn -0.9802 0.1949 -0.0346
vn -0.4916 0.0986 0.8652
vn -0.7503 -0.4893 0.4446
vn 0.2555 0.9546 0.1533
vn 0.8203 -0.4408 0.3644
vn -0.0355 -0.5092 0.8599
vn -0.9980 -0.0618 -0.0114
vn 0.1364 0.7867 0.6021
vn 0.3181 0.8445 0.4308
vn -0.0352 -0.9914 -0.1263
vn -0.2083 -0.9774 -0.0361
vn 0.2422 -0.8675 -0.4346
vn -0.0854 0.5082 -0.8570
vn 0.4915 -0.8701 -0.0364
vn -0.4858 -0.6175 0.6187
vn -0.9887 0.1138 -0.0980
vn -0.3523 -0.9359 0.0019
vn 0.9991 0.0427 0.0059
vn -0.4899 -0.6060 0.6267
vn 0.8798 0.4717 0.0582
vn 0.9726 0.2325 0.0002
vn -0.8518 0.5239 -0.0080
vn 0.4492 0.8934 -0.0088
vn -0.9257 0.3781 0.0028
vn -0.6147 -0.1126 0.7807
vn -0.4483 -0.8713 0.1998
vn -0.6168 0.7745 -0.1402
vn 0.4400 0.8677 -0.2315
vn -0.8881 -0.4583 -0.0345
vn -0.0318 -0.7425 0.6691
vn 0.5611 0.8276 0.0158
vn 0.9323 0.3386 -0.1269
vn -0.2982 0.9298 -0.2160
vn 0.8145 -0.0098 0.5801
vn 0.2849 0.8485 0.4460
vn 0.3523 -0.8488 -0.3942
vn 0.1131 -0.8660 0.4871
vn 0.0008 -0.7698 0.6383
vn 0.4492 -0.8593 -0.2446
vn 0.4938 -0.8695 -0.0088
vn 0.0253 0.5817 -0.8130
vn -0.0562 0.6958 -0.7160
vn -0.7411 -0.0821 -0.6664
vn -0.3196 -0.9465 -0.0436
vn 0.2118 -0.9772 -0.0133
vn 0.9940 -0.0966 -0.0519
vn 0.2981 0.9540 -0.0322
vn 0.9687 0.2455 -0.0365
vn 0.3812 0.9245 -0.0062
vn 0.8144 0.5394 -0.2142
vn -0.7774 0.6199 -0.1069
vn 0.1703 0.4824 0.8593
vn 0.6480 -0.6955 0.3104
vn -0.2890 -0.9519 0.1014
vn 0.7048 -0.7062 -0.0675
vn 0.1639 0.2407 0.9567
vn -0.2617 -0.1723 0.9496
vn -0.9029 0.4236 0.0725
vn 0.0142 -0.7556 0.6549
vn 0.3014 -0.7303 0.6130
vn -0.0667 -0.7576 0.6493
vn 0.2841 0.9486 -0.1393
vn 0.3648 0.9299 -0.0467
vn 0.6885 -0.5325 0.4923
vn -0.6110 -0.2530 0.7501
vn 0.6574 0.5713 0.4913
vn 0.5456 0.5711 0.6133
vn -0.0986 0.8137 0.5728
vn 0.5409 -0.7836 -0.3055
vn -0.8369 -0.5445 -0.0556
vn 0.0168 0.9634 0.2676
vn 0.4451 -0.8684 -0.2185
vn 0.3010 0.7007 -0.6469
vn -0.9750 -0.2208 0.0255
vn 0.6007 -0.7803 -0.1742
vn -0.0192 -0.7066 0.7074
vn -0.7248 -0.6890 -0.0024
vn 0.5705 0.6130 -0.5467
vn -0.8686 -0.4618 -0.1796
vn 0.4840 -0.8751 -0.0014
vn -0.9999 0.0099 0.0074
vn -0.0886 -0.6976 0.7110
vn -0.9316 0.3636 0.0043
vn 0.5710 0.8207 0.0201
vn -0.6718 -0.1658 0.7220
vn -0.6153 0.7734 0.1522
vn -0.6665 0.7455 -0.0111
vn 0.6948 0.6772 -0.2423
vn -0.6172 0.7589 -0.2076
vn 0.5032 -0.1778 0.8457
vn 0.6656 -0.5262 0.5292
vn 0.1154 -0.8117 0.5726
vn 0.8280 -0.3148 0.4641
vn 0.9095 -0.3210 0.2640
vn -0.9593 0.2811 0.0264
vn 0.9326 -0.1129 0.3429
vn 0.1516 0.9315 0.3305
vn -0.8636 -0.4975 0.0817
vn 0.7089 -0.1416 0.6910
vn 0.5148 0.7203 0.4649
vn 0.3847 0.8162 -0.4310
vn -0.7089 -0.3009 0.6379
vn -0.5004 -0.6124 0.6119
vn -0.1429 -0.7566 0.6381
vn 0.8749 0.4266 -0.2293
vn 0.3901 0.9196 -0.0465
vn -0.1007 0.7963 0.5964
vn -0.3370 0.9283 0.1574
vn -0.1265 0.1790 0.9757
vn 0.9141 0.4023 -0.0512
vn 0.5693 0.7967 -0.2027
vn -0.8994 0.4185 0.1263
vn -0.0920 -0.8042 0.5872
vn -0.7165 0.6964 0.0416
vn 0.2888 0.9565 -0.0408
vn -0.8152 0.1055 0.5695
vn 0.6064 -0.2544 0.7534
vn -0.1332 0.4344 0.8908
vn -0.2232 0.6115 0.7591
vn 0.3315 0.5964 0.7311
vn -0.3964 0.9027 0.1671
vn -0.5258 -0.7878 -0.3208
vn -0.3058 -0.9465 -0.1031
vn -0.7295 -0.6687 0.1438
vn 0.7344 -0.6786 -0.0101
vn -0.3633 -0.9317 -0.0008
vn -0.5833 -0.8022 -0.1278
vn 0.1835 0.8828 -0.4325
vn -0.0079 0.8677 -0.4971
vn 0.4418 0.7996 -0.4068
vn 0.6898 0.5900 -0.4196
vn 0.8656 -0.5005 -0.0137
vn 0.2946 0.7508 -0.5913
vn -0.9203 -0.3913 -0.0037
vn -0.5327 -0.4026 0.7444
vn 0.5055 0.8628 0.0014
vn -0.2432 0.1908 0.9510
vn -0.9868 -0.1607 -0.0219
vn -0.2304 -0.9019 0.3653
vn -0.5315 0.1669 -0.8304
vn -0.2316 -0.7429 0.6281
vn 0.0785 -0.2034 0.9760
vn 0.8558 -0.3924 0.3370
vn 0.7147 -0.3891 0.5812
vn 0.2254 -0.9680 0.1105
vn 0.1225 -0.7451 0.6556
vn 0.5451 -0.7471 0.3804
vn 0.2635 -0.9497 -0.1690
vn 0.9436 -0.3300 -0.0286
vn -0.8312 0.0520 -0.5535
vn 0.6542 -0.5725 0.4942
vn 0.7411 -0.6663 -0.0825
vn 0.7039 -0.7103 -0.0036
vn -0.8967 -0.4425 0.0071
vn 0.9655 -0.2605 -0.0063
vn -0.9215 -0.3884 -0.0077
vn 0.9363 -0.3200 -0.1447
vn 0.9893 -0.0717 -0.1272
vn -0.2788 0.9603 -0.0037
vn -0.3813 0.0835 0.9207
vn -0.6980 0.7103 0.0911
vn -0.3670 0.9281 -0.0629
vn 0.5657 0.8244 0.0163
vn 0.4188 0.8990 0.1282
vn 0.8883 0.3635 0.2808
vn 0.8619 0.4108 -0.2973
vn 0.0228 0.9994 -0.0251
vn -0.9508 0.3049 0.0557
vn -0.3997 0.2355 0.8859
vn -0.0845 0.5986 0.7966
vn 0.0035 -0.9685 -0.2491
vn 0.0675 0.8535 -0.5168
vn -0.1768 0.9128 -0.3681
vn 0.9786 -0.1954 -0.0638
vn 0.5479 -0.5932 0.5898
vn -0.7196 -0.6809 -0.1362
vn 0.6530 -0.7571 -0.0202
vn 0.8525 -0.5015 -0.1474
vn -0.1528 0.8743 -0.4607
vn 0.8216 -0.5701 0.0072
vn 0.1168 -0.6958 0.7086
vn 0.7374 0.6741 0.0428
vn 0.7599 0.6500 0.0036
vn 0.1083 0.5639 0.8187
vn -0.1398 0.2831 0.9488
vn 0.6826 -0.3709 0.6297
vn -0.5931 0.7959 -0.1214
vn 0.2677 -0.6803 0.6823
vn -0.0056 -0.7805 0.6252
vn 0.8964 0.4432 -0.0039
vn 0.3515 -0.7925 0.4984
vn 0.8102 0.2541 0.5283
vn -0.0879 0.6665 0.7403
vn 0.1358 -0.9834 0.1200
vn 0.2277 -0.6970 0.6800
vn -0.5062 -0.8256 0.2493
vn 0.2314 0.9682 0.0948
vn 0.2350 -0.9719 -0.0154
vn -0.0061 0.9691 -0.2468
vn 0.7304 -0.6821 -0.0356
vn 0.1022 -0.7184 0.6881
vn -0.2184 -0.1513 0.9641
vn 0.9407 0.3049 -0.1489
vn -0.2714 -0.0727 0.9597
vn -0.7546 -0.5865 0.2944
vn -0.0323 -0.5162 0.8559
vn -0.3856 0.8036 0.4534
vn -0.3996 0.9158 -0.0401
vn -0.8603 0.5094 -0.0220
vn -0.9870 -0.1398 0.0793
vn 0.4059 -0.6290 0.6631
vn -0.1941 -0.8377 0.5104
vn 0.3412 -0.5753 0.7434
vn -0.6325 0.3619 0.6848
vn 0.3676 0.5496 0.7502
vn 0.8638 -0.3461 0.3662
vn 0.4092 0.6841 0.6038
vn 0.0958 -0.9952 -0.0205
vn 0.3200 -0.9305 0.1784
vn 0.6768 -0.7227 -0.1397
vn -0.4455 -0.8950 -0.0202
vn 0.7718 -0.6350 -0.0325
vn -0.7280 0.4909 0.4786
vn -0.8709 -0.4311 -0.2361
vn 0.7491 -0.6413 -0.1659
vn 0.5497 -0.5935 0.5878
vn -0.7241 0.6762 -0.1356
vn -0.8710 -0.3014 0.3879
vn 0.3830 -0.7695 0.5110
vn 0.2565 -0.3350 0.9066
vn -0.1837 0.0930 0.9786
vn -0.0453 -0.3863 0.9213
vn 0.4624 -0.8442 0.2711
vn 0.4492 -0.7869 0.4232
vn 0.6948 0.7186 0.0299
vn 0.1054 -0.2659 0.9582
vn 0.4608 0.8836 0.0834
vn 0.4395 -0.8840 0.1596
vn -0.3531 0.4725 0.8075
vn -0.1143 -0.1476 0.9824
vn 0.0637 -0.9595 0.2743
vn -0.3600 -0.3333 0.8714
vn -0.3928 0.9151 0.0910
vn -0.8002 0.2972 0.5209
vn -0.2700 -0.9602 0.0719
vn 0.4984 -0.8669 0.0036
vn -0.6380 -0.2926 0.7123
vn -0.6094 0.7417 0.2803
vn 0.1890 0.6110 0.7687
vn -0.8606 0.4405 0.2555
vn 0.3515 0.7632 0.5422
vn -0.0853 -0.7391 0.6682
vn 0.2866 0.9501 0.1228
vn -0.0942 -0.8637 0.4950
vn 0.0397 -0.4818 0.8754
vn -0.7198 0.5455 0.4293
vn -0.1520 0.9628 0.2233
vn 0.6214 -0.3415 0.7052
vn -0.4248 0.3050 0.8524
vn 0.5872 0.1308 0.7988
vn 0.1479 0.8661 0.4775
vn -0.6216 -0.7405 0.2555
vn -0.1974 0.9374 0.2868
vn 0.4675 0.7619 0.4483
vn 0.2236 0.9359 -0.2723
vn 0.6728 -0.7386 -0.0427
vn 0.8398 -0.5428 -0.0059
vn -0.0123 -0.7077 0.7064
vn 0.3611 0.8543 -0.3739
vn -0.4568 -0.0418 0.8886
vn 0.6907 0.7225 0.0302
vn 0.3468 -0.8835 0.3149
vn -0.4736 0.2999 0.8281
vn -0.3197 -0.8853 0.3377
vn 0.0457 -0.7097 0.7030
vn -0.4201 -0.8606 0.2878
vn -0.7950 -0.6036 -0.0603
vn 0.6848 0.7232 -0.0894
vn 0.5932 0.1613 0.7887
vn -0.1304 0.4738 0.8709
vn 0.7408 0.3867 0.5492
vn 0.4269 -0.7541 0.4990
vn -0.0016 -0.7245 0.6893
vn -0.0149 -0.7939 0.6078
vn -0.1146 -0.4174 0.9015
vn -0.2332 -0.9670 0.1024
vn -0.4228 -0.8919 0.1607
vn 0.0070 -0.6601 0.7511
vn 0.4285 -0.8934 0.1352
vn -0.9233 -0.3838 0.0143
vn -0.4284 0.8774 0.2159
vn -0.5520 -0.8316 0.0613
vn -0.6417 0.6221 -0.4486
vn -0.9434 -0.3301 -0.0314
vn 0.7187 0.6328 -0.2880
vn 0.9884 0.1326 -0.0736
vn -0.9465 0.2695 0.1775
vn 0.3290 -0.9166 0.2273
vn 0.9671 0.2542 -0.0046
vn -0.1276 0.2926 0.9477
vn 0.5306 0.8475 -0.0111
vn 0.6099 0.7915 0.0392
vn -0.5362 0.8429 -0.0446
vn 0.4576 0.8850 -0.0859
vn -0.7569 0.6469 0.0925
vn -0.9626 0.1031 0.2505
vn 0.1563 0.5091 0.8464
vn 0.5215 -0.1659 0.8370
vn -0.8273 0.5265 0.1958
vn -0.4660 -0.8837 0.0427
vn 0.2590 0.9376 -0.2322
vn -0.7153 -0.3148 0.6239
vn 0.5353 0.8225 -0.1923
vn -0.4497 -0.8930 0.0166
vn -0.7789 -0.6140 -0.1279
vn 0.5280 -0.6016 0.5994
vn -0.2496 0.9516 -0.1792
vn -0.9242 0.2795 0.2602
vn -0.5814 0.5884 0.5619
vn -0.8137 0.5807 -0.0266
vn 0.2358 0.9717 -0.0114
vn 0.8191 0.5715 -0.0508
vn -0.5666 -0.8217 0.0617
vn 0.2302 -0.9640 0.1329
vn 0.2154 0.5196 0.8268
vn -0.6414 -0.5940 0.4856
vn 0.7398 0.5739 -0.3512
vn -0.4876 0.8015 0.3462
vn -0.1477 0.8166 0.5580
vn 0.4552 -0.6811 0.5735
vn 0.6240 -0.5115 0.5908
vn -0.9802 -0.1709 0.1001
vn -0.8835 -0.0734 0.4626
vn 0.8404 0.5374 -0.0706
vn 0.0392 -0.3705 0.9280
vn -0.8525 0.5189 0.0623
vn -0.6958 0.7059 0.1326
vn -0.8795 0.1778 0.4415
vn -0.7770 0.6294 -0.0107
vn 0.1929 0.7382 0.6464
vn -0.2495 0.9421 -0.2239
vn 0.9927 -0.1119 0.0457
vn 0.1237 0.9923 0.0073
vn -0.2663 -0.7037 0.6587
vn 0.5176 -0.1990 0.8322
vn 0.6389 -0.2987 0.7089
vn 0.5967 0.2982 0.7450
vn -0.3382 0.5941 0.7299
vn 0.1391 -0.1663 0.9762
vn 0.0888 0.4524 0.8874
vn -0.1227 0.2590 0.9581
vn -0.1699 -0.9854 -0.0088
vn 0.3762 -0.7407 0.5567
vn 0.2843 -0.5486 0.7862
vn 0.2264 -0.9386 0.2605
vn 0.1423 0.9360 0.3220
vn 0.4896 0.7478 0.4484
vn -0.3946 -0.8901 0.2280
vn -0.8436 0.5176 -0.1430
vn 0.7627 -0.1641 0.6256
vn -0.9703 0.2149 0.1114
vn 0.5485 -0.8359 -0.0179
vn -0.3290 -0.9436 0.0361
vn -0.8319 0.2056 0.5155
vn 0.3996 0.9127 -0.0852
vn 0.9051 0.4251 0.0042
vn 0.7827 0.5761 0.2357
vn 0.5332 0.7364 0.4165
vn 0.6624 0.2910 0.6903
vn -0.8286 0.0184 -0.5596
vn -0.8011 -0.5727 0.1740
vn -0.0590 0.4349 0.8986
vn 0.2136 0.4575 0.8632
vn 0.7830 -0.1910 0.5920
vn 0.6506 0.6463 0.3988
vn -0.6279 0.5381 0.5623
vn 0.2419 0.9230 0.2991
vn -0.9159 -0.2027 0.3465
vn -0.1194 0.1982 0.9729
vn 0.7087 0.0161 0.7053
vn 0.5824 0.3705 0.7236
vn 0.3277 -0.9403 -0.0920
vn -0.8602 -0.4648 0.2096
vn 0.7148 -0.3645 0.5968
vn 0.3344 0.9369 -0.1016
vn -0.2130 0.9576 -0.1938
vn -0.6077 -0.5948 0.5262
vn 0.9800 -0.1988 -0.0093
vn 0.7586 0.6315 -0.1602
vn -0.7629 -0.1431 0.6305
vn -0.9020 -0.4275 -0.0598
vn -0.8258 0.1124 0.5527
vn 0.4505 0.8584 0.2454
vn 0.9498 -0.2682 0.1609
vn -0.4018 -0.9016 0.1604
vn 0.1303 0.3308 0.9347
vn 0.6907 0.5470 0.4730
vn -0.0554 -0.7523 0.6565
vn 0.1841 0.9650 -0.1866
vn -0.7153 -0.6601 0.2293
vn 0.6216 -0.7380 0.2628
vn -0.0646 -0.9239 0.3772
vn 0.4033 0.8696 0.2848
vn -0.8016 0.4155 0.4299
vn -0.9174 -0.3973 -0.0222
vn 0.5375 -0.6120 0.5802
vn -0.9669 -0.2425 0.0792
vn -0.9807 0.1943 0.0218
vn -0.1019 -0.9897 -0.1006
vn -0.2991 0.5479 0.7812
vn -0.1232 0.5465 0.8283
vn -0.2870 0.6716 0.6831
vn 0.3265 0.8928 -0.3103
vn 0.9470 0.2247 -0.2296
vn 0.1159 -0.6465 0.7541
vn 0.3253 -0.9351 0.1403
vn -0.0248 -0.9954 0.0923
vn -0.2204 -0.8844 0.4114
vn 0.1475 -0.9745 -0.1688
vn -0.2181 -0.9538 0.2065
vn 0.2306 -0.9548 0.1875
vn -0.6294 -0.7724 0.0852
vn 0.0438 0.9204 0.3884
vn -0.0922 0.9716 -0.2181
vn 0.7768 -0.6282 0.0442
vn -0.3717 -0.6982 0.6118
vn 0.3518 -0.9343 0.0580
vn 0.0568 0.9959 -0.0709
vn 0.9631 -0.2692 -0.0024
vn -0.9909 0.0898 0.1005
vn -0.8775 0.4703 0.0933
vn 0.7534 -0.5426 0.3714
vn -0.7490 -0.6438 -0.1566
vn -0.9400 0.1707 -0.2956
vn 0.1383 -0.7476 0.6495
vn -0.6394 0.5888 0.4945
vn -0.1156 -0.9867 -0.1145
vn -0.0542 -0.8509 0.5225
vn 0.4836 -0.8749 -0.0268
vn -0.7818 -0.5839 0.2186
vn 0.8510 -0.5250 0.0155
vn 0.0856 0.9754 -0.2033
vn 0.1043 0.9206 -0.3764
vn -0.8442 -0.4917 -0.2134
vn -0.9615 -0.1601 0.2235
vn 0.8507 -0.5253 0.0205
vn 0.6809 0.4992 0.5358
vn -0.4710 0.6192 0.6283
vn 0.3720 0.7500 0.5469
vn -0.7767 0.1516 0.6114
vn -0.0674 0.9923 0.1036
vn 0.5520 0.8338 0.0056
vn 0.2925 0.9563 0.0050
vn -0.6041 0.7630 0.2302
vn 0.4141 -0.5355 0.7360
vn 0.1607 0.9085 -0.3858
vn 0.1115 -0.9657 0.2346
vn -0.7497 -0.6366 -0.1808
vn 0.5881 -0.6981 0.4084
vn 0.6112 -0.5899 0.5277
vn -0.5200 0.7979 0.3050
vn -0.3400 0.9337 0.1125
vn -0.5490 0.6335 0.5453
vn 0.4952 0.8675 -0.0484
vn 0.0585 -0.9561 -0.2870
vn 0.5787 -0.0769 -0.8119
vn -0.5647 0.6749 -0.4751
vn 0.5776 -0.7997 0.1641
vn -0.3067 -0.7816 0.5431
vn 0.7223 0.1225 -0.6806
vn 0.0853 -0.9905 0.1077
vn 0.6699 0.4551 -0.5867
vn 0.8249 -0.2660 -0.4988
vn 0.9205 0.1487 -0.3614
vn 0.3364 0.8202 0.4628
vn -0.4962 0.8078 -0.3181
vn -0.1073 0.5522 0.8268
vn 0.3260 0.6312 0.7038
vn 0.8369 -0.4534 0.3066
vn 0.4389 0.8883 -0.1351
vn 0.6735 0.5866 0.4498
vn 0.2040 0.8867 -0.4150
vn 0.2448 -0.9087 0.3380
vn -0.8013 0.4754 0.3631
vn -0.8089 -0.2352 0.5389
vn 0.2805 -0.9214 0.2690
vn -0.6936 -0.7002 0.1693
vn 0.5315 -0.5991 0.5988
vn 0.5685 0.8147 -0.1144
vn -0.8169 0.5634 0.1233
vn -0.7039 -0.6928 0.1568
vn 0.9632 0.2682 0.0188
vn 0.4214 0.9034 0.0794
vn 0.0988 0.4531 -0.8860
vn -0.0367 0.5148 0.8565
vn 0.0647 -0.1929 0.9791
vn 0.5360 0.6504 0.5382
vn -0.7205 -0.1316 0.6808
vn -0.2652 -0.5438 -0.7962
vn -0.5753 -0.6323 0.5189
vn -0.0236 -0.0366 -0.9990
vn -0.3466 0.8593 0.3762
vn -0.1060 0.6664 -0.7380
vn 0.1435 0.2761 -0.9504
vn -0.0029 0.9998 0.0172
vn -0.6455 -0.3427 0.6826
vn -0.0047 -0.7181 0.6959
vn 0.5991 -0.0196 0.8004
vn 0.8395 -0.5344 0.0980
vn -0.2509 -0.9680 0.0087
vn -0.3065 -0.9498 0.0628
vn -0.0109 -0.8799 0.4750
vn -0.6309 -0.5246 0.5716
vn 0.3062 0.9408 -0.1454
vn -0.9839 -0.0868 0.1561
vn 0.5147 0.8560 -0.0483
vn 0.2966 0.9355 0.1922
vn 0.0631 0.6904 0.7207
vn 0.1725 -0.9403 0.2934
vn -0.7241 0.6896 0.0142
vn 0.1983 -0.2915 -0.9358
vn 0.0758 0.4057 -0.9108
vn -0.1947 -0.2339 -0.9526
vn 0.1744 -0.7741 -0.6086
vn 0.0079 -0.9155 -0.4023
vn -0.0191 0.3287 -0.9442
vn -0.1952 0.4782 -0.8563
vn 0.0269 0.6644 -0.7469
vn 0.2089 0.5696 -0.7950
vn 0.0358 0.9440 0.3281
vn 0.3048 0.5273 0.7932
vn 0.4293 0.2947 0.8537
vn 0.5719 -0.8181 0.0605
vn 0.4732 -0.7741 0.4206
vn 0.6214 0.2522 -0.7418
vn -0.5565 0.2623 0.7884
vn -0.9160 -0.1046 -0.3873
vn -0.8332 -0.2711 -0.4820
vn -0.7429 -0.6683 -0.0374
vn 0.9067 -0.4038 -0.1217
vn -0.8554 -0.5154 0.0507
vn 0.8365 -0.3412 0.4288
vn -0.5402 0.8318 0.1278
vn 0.7340 -0.0346 0.6782
vn 0.9989 0.0039 0.0462
vn -0.8518 0.4082 0.3285
vn -0.9725 0.0388 0.2298
vn 0.7456 0.6500 0.1467
vn 0.6218 0.6042 0.4983
vn 0.3478 0.8721 0.3441
vn 0.4935 0.4951 0.7150
vn -0.1345 0.7798 0.6114
vn -0.1314 -0.2479 0.9598
vn -0.1195 -0.9673 0.2238
vn 0.1643 -0.9643 -0.2079
vn -0.6328 -0.7237 0.2752
vn 0.0936 0.6828 -0.7245
vn -0.7593 -0.1938 0.6213
vn -0.9723 -0.1974 0.1249
vn 0.9175 0.3317 -0.2196
vn -0.6819 0.5650 -0.4646
vn 0.5039 0.8084 -0.3044
vn 0.2517 -0.3115 0.9163
vn -0.7905 0.1416 0.5959
vn 0.1459 0.6757 0.7226
vn -0.4022 -0.8060 0.4342
vn -0.2689 -0.9338 0.2359
vn -0.3355 -0.9086 0.2489
vn -0.0027 -0.8586 0.5127
vn -0.7548 -0.5350 0.3795
vn 0.9716 0.2100 -0.1088
vn 0.6163 0.7531 0.2303
vn 0.7346 -0.6769 -0.0471
vn -0.6561 -0.4178 0.6285
vn 0.3834 -0.8620 -0.3315
vn -0.6906 -0.4898 0.5322
vn 0.4380 -0.5718 -0.6937
vn 0.6658 0.2735 -0.6942
vn -0.0117 -0.7037 0.7104
vn 0.2936 -0.7094 0.6407
vn 0.0752 -0.7097 0.7005
vn 0.6802 0.5991 0.4224
vn 0.1070 -0.8737 0.4745
vn 0.1337 0.9559 -0.2614
vn -0.9383 -0.2852 -0.1958
vn 0.3161 0.8807 0.3528
vn -0.4918 -0.5611 0.6658
vn -0.5890 -0.3187 0.7426
vn 0.4435 -0.0800 -0.8927
vn -0.0948 -0.4365 -0.8947
vn 0.4976 0.8632 -0.0858
vn 0.3208 -0.5394 0.7785
vn 0.7951 0.6064 0.0010
vn 0.5503 -0.6123 0.5677
vn -0.3649 -0.7116 0.6005
vn 0.7272 0.0200 0.6861
vn -0.9506 0.1619 0.2648
vn -0.7183 0.4139 0.5592
vn 0.8031 0.5537 0.2202
vn -0.0939 0.9274 0.3622
vn -0.0187 -0.8025 0.5963
vn 0.7550 -0.2451 0.6082
vn 0.0777 0.9876 0.1365
vn 0.4866 0.8144 -0.3162
vn -0.3427 0.8580 0.3826
vn -0.0955 0.8506 0.5170
vn -0.1181 0.9780 -0.1720
vn -0.0828 -0.5375 0.8392
vn 0.2826 -0.8332 0.4753
vn 0.0375 -0.9035 0.4268
vn -0.7162 -0.6035 0.3504
vn 0.1114 -0.6105 -0.7842
vn 0.6382 -0.4620 0.6158
vn 0.7041 0.3494 -0.6181
vn -0.9444 0.1904 0.2682
vn -0.9413 -0.2946 0.1648
vn 0.3959 0.9021 0.1719
vn -0.3015 0.6830 0.6653
vn 0.4594 0.8814 0.1097
vn 0.5027 0.2821 0.8172
vn 0.6998 0.1585 0.6965
vn -0.0972 0.9919 0.0817
vn -0.3794 0.3989 0.8349
vn 0.9624 -0.2639 -0.0649
vn 0.8684 -0.3420 0.3590
vn 0.4960 -0.3760 0.7827
vn -0.1032 0.8892 0.4458
vn 0.6974 0.7017 0.1457
vn -0.2289 0.7612 0.6068
vn 0.0266 0.4096 0.9119
vn 0.7149 -0.2106 -0.6667
vn 0.7578 0.6506 -0.0497
vn -0.1328 -0.6795 0.7215
vn 0.9503 0.2376 -0.2013
vn 0.3143 -0.7681 -0.5579
vn 0.6388 -0.4718 0.6077
vn 0.3734 -0.4851 -0.7907
vn -0.2119 -0.6572 0.7233
vn -0.3271 -0.8572 0.3977
vn 0.6072 -0.6195 0.4976
vn -0.0483 -0.9967 0.0653
vn 0.0809 0.6949 0.7146
vn 0.6718 0.7119 0.2048
vn 0.5055 0.6121 0.6081
vn -0.6972 0.4857 0.5273
vn 0.0206 -0.7598 0.6499
vn 0.3744 0.6084 0.6997
vn -0.6025 0.5329 0.5942
vn 0.4671 0.6351 0.6152
vn 0.0760 -0.5613 0.8241
vn 0.2373 -0.0452 0.9704
vn 0.1883 0.2870 0.9393
vn -0.0829 0.3663 0.9268
vn -0.0868 -0.7710 0.6309
vn -0.4365 0.7710 0.4636
vn -0.5789 0.3556 0.7338
vn -0.8481 -0.3052 0.4332
vn -0.6304 0.7747 -0.0496
vn -0.8557 0.5028 0.1222
vn -0.7948 0.0251 0.6063
vn -0.1420 0.9849 0.0989
vn 0.9210 0.3895 0.0019
vn 0.7392 0.6725 0.0349
vn 0.8398 -0.4235 0.3398
vn 0.1803 -0.8005 0.5715
vn -0.9375 0.0039 0.3479
vn 0.5681 0.6976 0.4366
vn 0.9778 0.1730 0.1179
vn 0.4553 0.3167 0.8321
vn 0.3708 -0.4745 0.7984
vn -0.5545 -0.1994 0.8079
vn -0.4678 0.8747 0.1269
vn 0.2160 0.5384 0.8146
vn -0.5420 -0.4626 0.7016
vn -0.2852 -0.1663 0.9439
vn -0.2211 -0.8590 0.4617
vn 0.1615 -0.9067 0.3897
vn -0.5123 -0.6909 0.5101
vn 0.9926 -0.0605 0.1050
vn -0.5971 -0.6086 0.5226
vn 0.8893 0.0899 0.4483
vn -0.2135 -0.2817 0.9354
vn -0.4821 -0.8385 0.2540
vn -0.0609 -0.9880 0.1423
vn 0.4158 0.0309 -0.9089
vn -0.0682 0.1009 -0.9926
vn 0.1042 -0.4569 -0.8834
vn -0.9432 -0.0350 0.3302
vn 0.1422 0.9783 -0.1509
vn 0.9105 -0.3942 0.1247
vn -0.6484 -0.7572 0.0790
vn 0.2152 -0.7333 0.6449
vn 0.9877 -0.0770 0.1360
vn -0.9596 0.1851 0.2117
vn -0.9248 0.3322 0.1853
vn -0.1390 0.7133 0.6869
vn -0.6640 0.7417 0.0953
vn -0.2113 -0.2337 0.9491
vn 0.0901 0.6847 0.7232
vn 0.1828 0.9731 0.1401
vn 0.0715 -0.2370 0.9689
vn -0.3874 -0.7707 0.5059
vn 0.0306 -0.8349 0.5495
vn 0.0071 -0.9714 0.2375
vn -0.5705 -0.6383 0.5168
vn 0.3248 0.0045 -0.9458
vn -0.1024 0.9389 -0.3286
vn -0.7936 -0.2806 0.5398
vn -0.8717 0.0193 0.4896
vn 0.8792 0.4016 -0.2562
vn 0.9499 -0.3035 0.0746
vn -0.3432 -0.1428 0.9283
vn 0.3198 -0.6099 0.7251
vn -0.5209 -0.5023 0.6902
vn 0.4738 -0.7889 0.3912
vn 0.2329 0.3568 0.9047
vn 0.3298 0.9254 0.1870
vn -0.5188 -0.4022 0.7544
vn 0.0346 0.9942 0.1020
vn 0.9532 -0.1597 0.2566
vn -0.4678 -0.8730 0.1380
vn 0.9671 0.2543 -0.0002
vn 0.8825 0.4690 0.0340
vn -0.6372 0.7705 -0.0142
vn 0.6052 -0.3311 -0.7240
vn -0.0720 0.8687 -0.4901
vn 0.0960 0.9597 -0.2643
vn 0.6918 0.6677 -0.2748
vn -0.5706 -0.4355 0.6963
vn -0.7524 0.5520 0.3594
vn 0.4607 0.7909 0.4028
vn -0.4885 0.5884 0.6443
vn 0.3421 0.4571 0.8210
vn -0.2665 0.3729 0.8888
vn 0.0103 -0.2096 0.9777
vn 0.6627 0.7355 0.1411
vn 0.0729 0.4163 0.9063
vn -0.0811 -0.1473 0.9858
vn -0.1223 -0.7099 0.6936
vn -0.2363 -0.9385 0.2516
vn 0.4302 0.5243 0.7349
vn -0.2498 -0.8798 0.4044
vn -0.6550 -0.2351 0.7181
vn 0.0548 -0.9121 0.4063
vn 0.6479 -0.5790 -0.4949
vn 0.6598 -0.5352 0.5274
vn 0.0060 -0.5733 0.8193
vn 0.6574 -0.7357 0.1630
vn 0.0765 0.9381 0.3378
vn -0.9881 0.0185 0.1525
vn -0.7871 0.6063 -0.1134
vn 0.3862 -0.6138 0.6885
vn -0.4423 0.0019 0.8968
vn -0.4820 0.3286 0.8122
vn -0.3006 0.2258 0.9266
vn -0.2909 0.6286 0.7213
vn 0.5057 0.6409 0.5775
vn 0.2622 0.7230 0.6392
vn 0.8068 0.5622 0.1818
vn -0.7940 0.5709 0.2088
vn -0.0201 0.6782 0.7346
vn 0.3106 0.5114 0.8013
vn -0.0127 -0.1137 0.9934
vn -0.3401 0.9229 0.1803
vn 0.3808 -0.9001 0.2116
vn 0.3030 -0.6017 0.7390
vn 0.7659 0.3222 0.5564
vn 0.5675 -0.5680 0.5961
vn -0.5677 -0.4807 0.6683
vn 0.8123 0.2178 0.5411
vn -0.0520 -0.4554 0.8887
vn 0.4630 -0.5661 0.6820
vn 0.2292 -0.5012 0.8344
vn -0.3483 -0.4688 0.8117
vn 0.8296 0.3683 -0.4196
vn 0.0431 0.9548 -0.2942
vn -0.9514 0.0675 0.3004
vn 0.5336 -0.4454 0.7190
vn 0.6410 -0.2500 0.7257
vn 0.5188 -0.2147 0.8275
vn 0.8134 -0.5724 -0.1038
vn 0.6586 -0.7523 -0.0155
vn -0.2091 0.8954 0.3932
vn 0.8747 -0.2429 0.4194
vn -0.4487 -0.3396 0.8267
vn 0.3895 -0.0156 0.9209
vn 0.8979 0.0532 0.4370
vn -0.7099 -0.1691 0.6838
vn -0.5446 0.0183 0.8385
vn -0.9492 -0.1077 0.2957
vn -0.7894 0.0691 0.6100
vn -0.2389 0.0298 0.9706
vn 0.6843 0.0179 0.7290
vn -0.5747 0.7797 0.2486
vn -0.3510 0.6035 0.7160
vn 0.5667 0.4851 0.6659
vn 0.4857 0.2882 0.8253
vn -0.3483 0.2814 0.8942
vn 0.7121 0.3227 0.6235
vn 0.3636 0.6165 0.6984
vn -0.3129 0.3769 0.8718
vn -0.1389 0.5580 0.8181
vn -0.2034 0.5360 0.8193
vn -0.3723 0.6857 0.6255
vn -0.1873 0.6267 0.7564
vn 0.1082 0.6441 0.7573
vn -0.0698 -0.8758 0.4775
vn 0.6602 -0.4969 0.5632
vn 0.4570 -0.8638 0.2122
vn 0.0485 -0.6694 0.7414
vn -0.2499 -0.5926 0.7657
vn -0.3390 -0.8749 0.3459
vn 0.2963 -0.3618 0.8839
vn 0.0632 -0.9720 0.2262
vn -0.2342 -0.8854 0.4016
vn 0.6290 -0.1890 0.7541
vn 0.3443 0.9007 0.2649
vn 0.6051 -0.5940 0.5301
vn -0.5855 -0.2153 0.7816
vn 0.4601 -0.6959 0.5514
vn -0.2999 -0.4624 0.8344
vn -0.5113 -0.5709 0.6424
vn 0.8465 -0.4823 0.2253
vn -0.4141 -0.5277 0.7416
vn 0.9384 -0.2931 -0.1828
vn -0.6511 -0.4294 0.6258
vn 0.5601 -0.6394 0.5267
vn 0.5528 -0.4971 0.6688
vn 0.4964 -0.7838 -0.3731
vn 0.7055 0.0112 0.7086
vn -0.9548 -0.1323 0.2662
vn -0.4728 0.7633 0.4403
vn -0.2402 0.3973 0.8857
vn -0.2173 0.7672 0.6035
vn -0.8158 0.2762 0.5082
vn 0.2693 0.3361 0.9025
vn 0.5485 0.5466 0.6327
vn 0.7872 0.1318 0.6024
vn -0.7175 0.4694 0.5146
vn -0.2914 0.5385 0.7906
vn 0.4689 0.5952 0.6526
vn 0.9228 0.3440 0.1737
vn -0.4784 0.5080 0.7163
vn 0.3755 0.6275 0.6821
vn 0.3768 0.6341 0.6752
vn 0.3124 0.4502 0.8365
vn -0.2268 0.7877 0.5728
vn -0.1016 -0.6029 0.7913
vn 0.1974 -0.6585 0.7262
vn -0.2095 -0.8841 0.4177
vn 0.0394 0.3830 0.9229
vn -0.4735 -0.6335 0.6119
vn 0.4751 -0.6433 0.6003
vn 0.4713 -0.8279 -0.3040
vn -0.6025 -0.4068 0.6867
vn 0.6154 -0.5661 0.5486
vn 0.4403 -0.5694 0.6942
vn 0.8365 -0.0126 -0.5478
vn -0.1636 -0.6764 0.7181
vn -0.1887 0.7978 -0.5726
vn 0.1857 0.6970 -0.6926
vn 0.2193 0.7202 0.6582
vn 0.3260 -0.3289 0.8863
vn -0.5849 -0.1797 0.7909
vn 0.6912 0.6024 0.3991
vn -0.2339 -0.3663 0.9006
vn 0.5996 -0.2439 0.7622
vn -0.3563 -0.1527 0.9218
vn 0.7178 -0.6960 0.0189
vn -0.5907 -0.4220 0.6878
vn 0.6693 -0.7420 0.0394
vn -0.6561 -0.0267 0.7542
vn 0.4652 -0.8825 0.0688
vn -0.6725 0.0028 0.7401
vn -0.9591 0.0260 0.2817
vn -0.6134 0.3242 0.7202
vn -0.3916 0.4104 0.8235
vn 0.6127 0.2701 0.7427
vn 0.1612 0.5220 0.8376
vn -0.2165 0.2734 0.9372
vn 0.3561 0.3828 0.8524
vn -0.3564 0.6447 0.6763
vn 0.1090 -0.3019 0.9471
vn 0.2110 0.2154 0.9535
vn 0.1785 -0.8449 0.5042
vn -0.6289 -0.4094 0.6610
vn 0.4296 -0.4170 0.8010
vn -0.6344 0.7366 -0.2344
vn -0.5034 -0.4982 0.7060
vn 0.6366 0.6938 -0.3367
vn -0.7830 -0.5893 0.1992
vn -0.6945 -0.6924 0.1957
vn 0.5065 0.6815 0.5283
vn 0.2838 -0.2923 0.9133
vn 0.1605 -0.8505 0.5009
vn 0.6651 0.0401 0.7457
vn -0.1749 0.5255 0.8326
vn -0.5788 0.1775 0.7959
vn -0.5338 0.5038 0.6792
vn 0.3736 0.5859 0.7191
vn 0.8546 0.4547 0.2509
vn -0.6056 0.7555 0.2497
vn 0.0115 -0.0357 0.9993
vn -0.3118 -0.8901 0.3324
vn 0.5224 -0.8201 0.2336
vn -0.6556 0.6896 -0.3076
vn -0.2726 -0.5423 0.7948
vn -0.2114 -0.2689 0.9397
vn -0.6059 0.7070 -0.3648
vn -0.5432 -0.0193 0.8394
vn 0.8262 -0.5095 0.2403
vn 0.7335 0.5962 -0.3264
vn -0.7289 -0.6846 -0.0042
vn -0.1436 0.9699 0.1968
vn 0.3026 -0.6007 0.7400
vn 0.1767 -0.1764 0.9683
vn 0.0481 -0.4143 0.9089
vn 0.2710 -0.2892 0.9181
vn 0.7439 0.1063 0.6598
vn -0.0776 -0.0402 0.9962
vn -0.5641 -0.7877 0.2478
vn -0.0008 -0.0017 1.0000
vn 0.2494 0.4504 0.8573
vn 0.9079 0.3995 -0.1270
vn -0.7309 -0.6027 0.3203
vn -0.0079 -0.0032 1.0000
vn 0.0019 -0.0034 1.0000
vn -0.8782 -0.4770 -0.0364
vn 0.7068 -0.6511 0.2768
vn 0.7093 0.6515 -0.2690
vn -0.6868 -0.7229 0.0751
vn 0.0949 0.0017 0.9955
vn 0.6112 -0.6144 0.4989
vn -0.0048 -0.0004 1.0000
vn -0.0092 -0.0023 1.0000
vn 0.0026 -0.0026 1.0000
vn -0.0017 0.0005 1.0000
vn -0.0090 0.0015 1.0000
vn -0.0028 0.0088 1.0000
vn 0.0905 0.0593 0.9941
vn 0.5404 -0.7882 0.2944
vn -0.5002 -0.1211 0.8574
vn -0.1743 0.8347 -0.5224
vn 0.3270 0.9136 0.2417
vn -0.3446 0.5993 -0.7225
vn -0.9459 0.3054 -0.1096
vn 0.7537 0.4155 -0.5092
vn 0.9735 -0.0929 0.2089
vn 0.6576 -0.5906 0.4678
vn 0.9496 -0.2350 0.2074
vn 0.6939 -0.7179 0.0560
vn 0.6622 -0.7478 0.0465
vn -0.8363 0.4418 0.3246
vn 0.5136 0.7964 0.3193
vn 0.0540 0.9542 0.2943
vn -0.0867 -0.4070 0.9093
vn 0.2193 -0.2393 0.9459
vn 0.1371 0.0121 0.9905
vn -0.8950 -0.1121 -0.4318
vn -0.4457 -0.3993 0.8012
vn 0.4443 0.3796 0.8115
vn 0.6805 0.5575 -0.4756
vn 0.7987 0.5862 -0.1357
vn -0.8789 -0.3951 0.2673
vn -0.0160 -0.9970 -0.0755
vn 0.3496 -0.3131 0.8830
vn -0.4584 -0.5275 0.7153
vn 0.0607 -0.3727 0.9260
vn 0.1218 -0.5685 0.8136
vn -0.2239 -0.5571 0.7997
vn 0.0042 -0.3845 0.9231
vn 0.0657 -0.8471 0.5274
vn -0.1471 -0.8244 0.5465
vn -0.2075 -0.8650 0.4569
vn -0.0281 -0.4644 0.8852
vn -0.5166 0.7243 -0.4567
vn -0.6744 -0.6684 0.3137
vn 0.9773 0.1959 0.0808
vn -0.4854 0.4534 0.7475
vn 0.9604 -0.2141 -0.1783
vn 0.7083 -0.7031 -0.0635
vn 0.4014 0.8701 0.2861
vn -0.1048 -0.9522 0.2870
vn 0.3384 0.5333 0.7753
vn -0.1102 -0.2529 0.9612
vn -0.0477 -0.1846 0.9817
vn -0.4146 -0.8612 0.2939
vn -0.3445 -0.5209 0.7810
vn -0.3817 -0.2965 0.8754
vn -0.7344 -0.6158 0.2852
vn -0.0312 -0.1856 0.9821
vn 0.1271 0.3689 0.9207
vn 0.7115 0.2230 0.6664
vn -0.4457 0.6050 -0.6598
vn -0.8248 0.2703 -0.4967
vn 0.1269 0.7249 -0.6771
vn -0.2925 0.6560 -0.6958
vn 0.6018 -0.6287 -0.4924
vn -0.6273 -0.5967 -0.5005
vn -0.0428 -0.7877 -0.6146
vn 0.9583 0.1481 0.2445
vn 0.2022 0.9214 0.3320
vn -0.1196 -0.6759 0.7272
vn -0.1664 -0.2908 0.9422
vn 0.3823 -0.0408 0.9231
vn -0.4409 -0.8022 -0.4026
vn -0.7013 0.3222 -0.6359
vn 0.2410 -0.1004 0.9653
vn -0.2590 -0.7754 0.5759
vn 0.4147 0.5625 0.7153
vn 0.5757 0.5280 0.6244
vn -0.1856 -0.2183 0.9581
vn -0.6608 -0.6645 0.3491
vn 0.0069 0.3088 0.9511
vn -0.7259 -0.5153 0.4555
vn -0.0098 -0.1697 0.9855
vn -0.7065 -0.4255 -0.5655
vn 0.6648 -0.4781 -0.5739
vn -0.9125 -0.1884 0.3631
vn 0.5955 -0.5858 -0.5497
vn -0.9071 0.0747 0.4142
vn -0.3450 0.8758 0.3375
vn 0.4742 -0.2522 0.8435
vn -0.0713 -0.0720 0.9949
vn -0.0629 0.0135 0.9979
vn -0.0526 -0.5261 0.8488
vn 0.2726 -0.9240 0.2680
vn -0.0878 -0.4705 0.8780
vn -0.4649 -0.7915 0.3968
vn 0.5201 0.0612 0.8519
vn 0.5638 0.5742 0.5937
vn 0.9024 -0.4218 -0.0877
vn 0.9915 0.1298 0.0088
vn -0.6166 -0.6177 0.4881
vn -0.3777 -0.5069 0.7749
vn -0.0402 0.4261 0.9038
vn 0.8820 -0.3523 0.3129
vn -0.8906 0.2454 0.3828
vn -0.2499 -0.6014 0.7589
vn 0.7287 0.6036 0.3236
vn 0.6293 0.2794 0.7252
vn -0.7493 -0.5386 0.3853
vn 0.2902 0.2380 0.9269
vn 0.8123 0.0125 -0.5832
vn 0.4309 -0.6475 -0.6286
vn -0.5075 -0.3221 0.7992
vn 0.2119 -0.3756 0.9022
vn 0.7148 0.4624 0.5246
vn -0.1126 -0.1255 0.9857
vn 0.6435 0.2283 0.7306
vn -0.5558 0.5359 0.6355
vn -0.8721 0.4497 -0.1929
vn -0.7563 0.2038 -0.6216
vn 0.1088 0.3549 0.9286
vn 0.3854 -0.2206 0.8960
vn 0.8865 -0.0251 -0.4620
vn -0.6774 -0.1895 -0.7108
vn 0.8875 0.3336 0.3178
vn 0.0504 -0.9833 0.1748
vn 0.1209 -0.9667 0.2258
vn -0.2689 -0.7797 0.5655
vn -0.2592 -0.7062 0.6589
vn -0.1241 -0.2737 0.9538
vn -0.2680 -0.6708 0.6915
vn -0.3040 -0.0637 0.9505
vn -0.4791 -0.8727 0.0937
vn -0.4761 -0.0846 0.8753
vn 0.7945 0.5792 0.1823
vn 0.8858 0.3314 0.3249
vn -0.8875 -0.4588 0.0432
vn -0.2381 -0.4569 0.8571
vn 0.7694 -0.5023 0.3946
vn -0.4234 -0.4574 0.7820
vn 0.5644 0.7798 -0.2710
vn 0.0933 0.9180 -0.3855
vn -0.1742 -0.6903 -0.7023
vn 0.9584 -0.0779 0.2747
vn -0.7102 0.5534 0.4351
vn 0.6394 0.6803 0.3581
vn -0.5530 -0.1847 0.8124
vn -0.4087 -0.7713 0.4879
vn 0.5505 -0.7143 0.4323
vn 0.2986 -0.1711 0.9389
vn -0.8705 -0.3883 -0.3024
vn -0.7680 -0.5039 0.3953
vn 0.8143 -0.1045 0.5710
vn 0.2153 -0.5508 0.8064
vn -0.8749 -0.3422 0.3428
vn -0.6356 -0.5069 0.5823
vn 0.2384 -0.4806 0.8439
vn -0.1523 0.9014 0.4054
vn -0.2610 -0.4972 0.8275
vn 0.6637 -0.2663 0.6990
vn -0.6129 0.4001 -0.6814
vn 0.8801 -0.2133 0.4243
vn 0.1042 -0.6349 0.7655
vn -0.7872 -0.2880 0.5453
vn -0.1077 -0.9745 -0.1969
vn 0.8378 -0.2289 0.4957
vn -0.6127 -0.7346 -0.2917
vn -0.7565 -0.6519 0.0526
vn 0.0319 -0.6413 0.7667
vn -0.8521 -0.3194 0.4145
vn 0.8273 -0.2912 0.4804
vn 0.4653 -0.6261 -0.6257
vn -0.8969 -0.0507 0.4392
vn 0.7799 0.5030 0.3725
vn -0.5367 0.7265 0.4292
vn 0.2894 0.8658 0.4082
vn 0.2444 -0.4631 0.8519
vn -0.3701 -0.8652 0.3383
vn -0.1432 -0.4451 0.8839
vn 0.9880 0.1195 0.0977
vn -0.2371 0.8158 -0.5274
vn 0.5970 0.7987 0.0747
vn -0.5675 -0.7290 -0.3828
vn 0.4349 -0.7495 0.4991
vn 0.8841 0.4673 0.0067
vn 0.6613 -0.5900 0.4632
vn -0.6440 0.4370 -0.6279
vn 0.9418 0.0947 -0.3224
vn -0.7444 -0.3680 0.5572
vn -0.6914 -0.5110 0.5106
vn 0.6069 -0.1998 0.7692
vn -0.2707 -0.9425 0.1962
vn -0.4844 0.6925 -0.5345
vn -0.7860 -0.5966 -0.1621
vn -0.4946 0.5565 -0.6676
vn -0.4281 0.5741 -0.6979
vn 0.9134 0.3506 0.2069
vn 0.9928 -0.0554 0.1063
vn -0.0018 -0.6754 0.7375
vn 0.7024 -0.4612 -0.5421
vn 0.7917 -0.4270 0.4370
vn -0.3502 -0.5326 0.7705
vn -0.1301 -0.7037 -0.6985
vn 0.8373 -0.3925 -0.3806
vn -0.3976 -0.9009 -0.1739
vn 0.9586 0.2211 -0.1794
vn 0.7692 -0.4222 0.4797
vn 0.8820 -0.2799 0.3790
vn 0.7911 0.3750 0.4833
vn -0.4284 0.7484 0.5063
vn -0.0303 0.8566 0.5151
vn -0.2842 -0.5688 0.7719
vn 0.2222 -0.5435 0.8095
vn -0.1797 -0.9704 0.1612
vn 0.8455 0.5340 -0.0085
vn 0.8288 -0.0151 0.5593
vn 0.1924 -0.3221 0.9269
vn -0.4629 -0.4149 0.7833
vn -0.7855 -0.5630 0.2569
vn -0.1371 -0.6754 0.7246
vn 0.6345 -0.6617 0.3994
vn -0.7995 0.3348 0.4987
vn 0.3814 0.7986 0.4655
vn 0.5875 -0.4895 0.6444
vn -0.4515 -0.8289 0.3303
vn -0.0022 -0.9930 -0.1185
vn -0.9488 0.0510 -0.3118
vn -0.2715 -0.6279 0.7294
vn 0.0869 -0.5705 0.8167
vn 0.2388 0.9647 -0.1108
vn -0.8104 -0.3359 0.4800
vn -0.3823 -0.6938 0.6104
vn 0.7216 0.4457 0.5299
vn 0.1508 0.8584 0.4903
vn -0.4532 -0.1204 -0.8833
vn -0.5363 0.4591 -0.7083
vn 0.8634 -0.1665 -0.4762
vn 0.7764 -0.3885 -0.4962
vn -0.8383 -0.1381 0.5274
vn -0.2744 0.7953 0.5405
vn -0.8671 -0.4838 0.1186
vn -0.9524 -0.3047 -0.0133
vn -0.7083 0.4050 -0.5782
vn -0.7895 -0.3041 0.5332
vn -0.2763 -0.4794 0.8329
vn -0.8214 0.1245 0.5566
vn -0.5686 0.6007 0.5620
vn 0.1990 -0.8787 0.4340
vn -0.1624 -0.9751 0.1511
vn -0.2970 -0.9530 0.0603
vn -0.0908 0.6403 -0.7627
vn -0.6298 -0.5774 0.5196
vn 0.9202 -0.3397 0.1944
vn 0.1916 -0.9305 0.3121
vn 0.6302 0.6086 0.4821
vn -0.4990 -0.7963 -0.3420
vn 0.3375 -0.7399 0.5819
vn -0.5550 -0.7540 -0.3514
vn 0.4980 -0.6435 0.5812
vn -0.3743 -0.4910 0.7867
vn 0.6550 0.6587 0.3703
vn -0.7930 0.0014 0.6093
vn 0.0186 -0.6641 0.7474
vn -0.5799 -0.8102 0.0853
vn 0.7771 0.1568 0.6095
vn 0.9014 -0.2026 -0.3827
vn -0.5556 0.8016 -0.2210
vn 0.0273 0.9961 0.0835
vn -0.6562 -0.6146 0.4377
vn 0.9720 0.2083 0.1085
vn -0.7415 0.3051 0.5976
vn 0.8203 0.3494 0.4528
vn -0.6953 0.4497 0.5607
vn 0.4900 0.6946 0.5267
vn 0.3320 -0.9431 0.0203
vn -0.6552 -0.7181 -0.2346
vn 0.3974 0.7771 -0.4881
vn 0.6638 -0.2643 0.6997
vn -0.2500 -0.8609 0.4432
vn 0.9804 -0.0564 -0.1887
vn 0.2130 0.7866 0.5796
vn 0.4634 -0.3512 0.8136
vn 0.6907 0.7160 -0.1015
vn 0.6169 -0.5188 0.5919
vn -0.7163 -0.6757 0.1741
vn 0.8816 -0.4089 0.2357
vn -0.5589 -0.7107 -0.4272
vn -0.5971 -0.7782 -0.1948
vn -0.5033 -0.6664 0.5501
vn -0.3070 0.5891 -0.7475
vn -0.7479 -0.6506 0.1318
vn 0.7712 -0.3195 0.5506
vn -0.3528 -0.8580 0.3733
vn -0.3808 0.6719 0.6353
vn 0.1234 -0.8734 0.4711
vn -0.7202 -0.0805 -0.6891
vn -0.1078 -0.9043 -0.4130
vn 0.9480 -0.0309 -0.3169
vn -0.9820 0.1349 0.1325
vn -0.0638 -0.3835 -0.9213
vn 0.6613 -0.5405 0.5202
vn -0.7149 0.1707 0.6781
vn -0.1771 0.7342 0.6554
vn 0.0281 0.7882 0.6148
vn 0.4655 -0.6036 0.6473
vn -0.9245 -0.3568 0.1340
vn -0.5991 -0.3797 -0.7050
vn -0.6970 -0.1447 0.7023
vn 0.5846 -0.7486 0.3127
vn -0.5826 0.4850 0.6521
vn -0.3439 -0.9379 -0.0457
vn 0.0860 0.7609 -0.6431
vn -0.5302 0.2445 -0.8119
vn -0.2933 -0.3478 0.8905
vn -0.8580 -0.5100 -0.0617
vn 0.4585 0.7302 0.5065
vn 0.7290 -0.5239 0.4406
vn 0.5857 0.4778 0.6548
vn -0.4599 -0.8412 0.2842
vn 0.4194 0.0811 -0.9042
vn -0.6188 0.3228 0.7161
vn -0.4567 0.5685 0.6843
vn -0.6090 -0.3984 -0.6859
vn -0.6332 -0.1696 -0.7552
vn 0.7675 0.3453 -0.5402
vn 0.5078 -0.5268 0.6816
vn -0.7403 -0.6536 -0.1573
vn 0.7072 0.5143 0.4852
vn 0.7869 0.5595 0.2602
vn 0.3553 0.7058 0.6128
vn 0.2760 -0.6820 0.6773
vn -0.1572 -0.6847 -0.7116
vn 0.0280 -0.4686 0.8830
vn 0.5357 0.3114 0.7849
vn 0.2236 -0.4503 0.8644
vn -0.5159 -0.8207 -0.2455
vn -0.2630 -0.9479 0.1799
vn -0.4266 -0.8722 -0.2394
vn 0.2727 -0.7190 0.6393
vn -0.5092 -0.4963 0.7031
vn 0.4092 -0.3380 -0.8475
vn -0.5034 0.1846 -0.8441
vn -0.1611 0.6707 0.7241
vn 0.1304 -0.9667 0.2202
vn 0.4251 0.6122 0.6667
vn -0.0171 0.3026 -0.9530
vn -0.9470 -0.2387 -0.2151
vn -0.7227 -0.6898 -0.0423
vn -0.3317 -0.8203 -0.4658
vn 0.8260 -0.2104 -0.5229
vn 0.5933 -0.6999 -0.3977
vn 0.7379 0.0714 -0.6711
vn -0.6385 -0.0455 0.7683
vn -0.6473 0.0791 0.7582
vn 0.5514 0.4053 -0.7292
vn -0.0438 0.7120 0.7008
vn -0.6599 -0.7510 0.0209
vn -0.2868 0.2063 -0.9355
vn -0.5591 0.1150 0.8211
vn 0.5363 -0.3992 0.7437
vn -0.1334 -0.4748 0.8699
vn 0.7688 -0.4794 -0.4232
vn 0.8306 0.0480 -0.5548
vn 0.6689 0.4012 -0.6258
vn 0.4331 0.8888 -0.1499
vn 0.5707 0.4395 0.6936
vn -0.2783 0.6185 0.7348
vn 0.2231 -0.0219 0.9745
vn -0.9380 -0.2682 -0.2194
vn -0.6008 -0.5882 -0.5414
vn 0.1660 -0.6694 0.7241
vn -0.3458 -0.7554 0.5566
vn -0.5763 -0.8117 -0.0950
vn 0.6791 -0.5440 -0.4928
vn 0.9680 -0.1781 0.1768
vn 0.0670 0.9858 0.1542
vn 0.2358 0.6880 0.6864
vn 0.4164 -0.9071 0.0607
vn -0.5207 -0.7663 0.3764
vn -0.2946 -0.3914 -0.8718
vn -0.7946 -0.5462 -0.2651
vn -0.3220 -0.9233 0.2095
vn 0.4938 -0.8685 0.0438
vn 0.2873 0.9466 0.1467
vn -0.3439 0.4927 0.7994
vn 0.0866 0.6870 0.7215
vn -0.1979 -0.9388 -0.2820
vn 0.6830 -0.6885 0.2436
vn 0.4619 -0.5677 0.6815
vn 0.4197 -0.6229 0.6602
vn -0.4126 -0.1698 -0.8949
vn 0.4143 -0.3881 0.8232
vn -0.2420 -0.4886 -0.8383
vn -0.7476 -0.4513 -0.4873
vn -0.1588 -0.4171 0.8949
vn 0.8350 -0.0674 0.5461
vn 0.0663 0.6391 0.7662
vn -0.4598 0.4226 0.7810
vn -0.5053 -0.6624 -0.5530
vn -0.6568 -0.7523 0.0528
vn -0.6256 -0.7675 -0.1404
vn -0.3825 -0.4039 -0.8310
vn -0.4573 -0.1927 -0.8682
vn -0.6813 -0.6832 0.2627
vn -0.7917 -0.5919 0.1509
vn 0.4267 -0.2603 0.8661
vn 0.9780 0.1918 0.0818
vn -0.5287 0.2648 0.8065
vn 0.1310 -0.8105 -0.5709
vn 0.6509 -0.2521 0.7161
vn 0.7371 -0.5678 -0.3665
vn -0.9022 -0.4207 0.0954
vn -0.6154 -0.4819 0.6238
vn 0.0527 -0.6226 0.7808
vn -0.5622 -0.2949 0.7727
vn 0.3603 -0.8135 0.4565
vn -0.2897 -0.3097 0.9056
vn 0.7395 -0.1152 0.6632
vn 0.6122 0.5797 0.5377
vn 0.9173 -0.3942 0.0554
vn -0.3878 -0.6970 0.6032
vn -0.5187 -0.1695 0.8380
vn 0.2282 0.6028 0.7646
vn -0.1628 0.5824 0.7964
vn -0.0430 0.6107 0.7907
vn 0.2531 -0.9080 -0.3339
vn 0.3160 -0.4019 0.8594
vn -0.3781 -0.3615 0.8523
vn -0.5143 0.0450 0.8564
vn 0.2884 -0.5748 0.7658
vn 0.6627 -0.2176 0.7166
vn -0.0387 0.3670 0.9294
vn -0.4497 0.5632 0.6932
vn 0.6714 0.1995 0.7138
vn 0.3741 0.6484 0.6630
vn 0.6925 0.2762 0.6664
vn -0.2465 -0.9456 -0.2125
vn -0.7821 -0.5990 -0.1722
vn 0.1605 -0.4835 0.8605
vn -0.5888 0.6622 0.4635
vn -0.2086 0.7367 0.6433
vn 0.7069 -0.2023 0.6777
vn 0.3044 0.7333 0.6079
vn 0.1111 0.5721 0.8126
vn -0.9842 0.1052 0.1421
vn 0.9432 -0.1507 0.2961
vn 0.1110 -0.3689 0.9228
vn -0.0334 -0.6898 0.7232
vn 0.5189 0.1502 0.8415
vn -0.4042 0.2236 0.8869
vn 0.3288 -0.4116 0.8500
vn -0.5428 -0.2222 0.8099
vn 0.3950 -0.1516 0.9061
vn -0.0817 -0.9350 0.3450
vn 0.3045 -0.9512 -0.0507
vn 0.3440 -0.8846 0.3149
vn 0.5690 -0.2143 0.7939
vn 0.0709 0.2413 0.9678
vn -0.5448 0.6317 0.5515
vn 0.8463 0.5323 -0.0230
vn 0.0817 0.9326 -0.3514
vn -0.1914 0.4455 0.8746
vn 0.5813 -0.8113 -0.0622
vn -0.9914 -0.1261 -0.0354
vn 0.9994 0.0354 0.0026
vn 0.4350 -0.2410 0.8676
vn 0.0331 0.1132 0.9930
vn 0.5711 -0.7150 0.4032
vn 0.3118 -0.5260 0.7913
vn -0.8080 0.5792 -0.1077
vn 0.7556 0.0910 0.6487
vn -0.0634 0.9007 0.4297
vn -0.9397 0.3023 0.1600
vn -0.7514 0.6356 0.1772
vn 0.8627 0.3044 0.4039
vn -0.3223 -0.1199 0.9390
vn -0.3929 -0.0129 0.9195
vn 0.0441 0.4015 0.9148
vn -0.2979 0.3356 0.8937
vn 0.9507 0.1376 0.2781
vn 0.0325 -0.9897 0.1391
vn 0.8446 -0.5189 0.1317
vn -0.4804 0.4741 0.7379
vn -0.2281 -0.3095 0.9231
vn 0.1892 -0.9292 -0.3175
vn 0.7570 0.6371 0.1451
vn -0.0502 0.4195 0.9064
vn 0.4597 0.2642 0.8479
vn 0.1528 -0.4658 0.8716
vn 0.2481 -0.3614 0.8988
vn -0.2638 -0.2372 0.9349
vn 0.3101 -0.2421 0.9194
vn 0.6493 -0.2151 0.7295
vn -0.4343 0.7778 0.4543
vn 0.0770 0.4086 0.9094
vn -0.7004 -0.6872 0.1930
vn 0.0597 0.4319 0.8999
vn -0.1893 -0.3967 0.8982
vn -0.7863 -0.5976 0.1572
vn 0.9799 0.0733 0.1853
vn -0.3475 0.6633 0.6628
vn 0.1153 -0.4575 0.8817
vn -0.6726 0.4861 0.5580
vn 0.3107 -0.5947 0.7415
vn 0.9456 -0.1113 0.3058
vn 0.1708 -0.8136 0.5558
vn 0.2320 0.1383 0.9628
vn 0.3096 -0.8367 0.4517
vn 0.7993 0.5234 0.2953
vn -0.0276 0.9611 0.2749
vn 0.0042 -0.4449 0.8956
vn 0.9385 -0.0089 0.3452
vn -0.2639 0.8527 0.4510
vn -0.2818 0.0885 0.9554
vn -0.2252 0.2000 0.9536
vn 0.9478 -0.0750 0.3099
vn -0.8541 -0.0707 0.5153
vn 0.3803 0.7231 0.5766
vn 0.0699 -0.3362 0.9392
vn -0.1408 -0.4089 0.9016
vn 0.1359 -0.1446 0.9801
vn -0.3590 -0.2800 0.8903
vn -0.1090 0.2566 0.9604
vn -0.2985 0.7115 0.6361
vn 0.8580 -0.2408 0.4538
vn -0.5687 0.7653 0.3015
vn 0.2693 -0.1365 0.9533
vn 0.1512 -0.2753 0.9494
vn -0.5742 -0.1246 0.8092
vn -0.1088 -0.1017 0.9889
vn -0.6201 0.7145 0.3239
vn 0.2087 -0.1400 0.9679
vn 0.1647 0.0116 0.9863
vn -0.2043 -0.0441 0.9779
vn 0.1139 -0.2692 0.9563
vn 0.3274 -0.3390 0.8820
vn -0.3717 -0.2075 0.9048
vn 0.2815 -0.4143 0.8655
vn -0.3032 0.6179 0.7254
vn -0.5125 0.6396 0.5729
vn 0.0071 0.2283 0.9736
vn -0.4616 -0.6436 0.6105
vn -0.1239 -0.1315 0.9836
vn -0.1183 0.0672 0.9907
vn -0.0913 -0.1704 0.9811
vn -0.0458 0.1157 0.9922
vn 0.0038 -0.3669 0.9302
vn -0.2935 0.4056 0.8656
vn -0.0317 0.0302 0.9990
vn -0.0707 -0.1144 0.9909
vn 0.0760 -0.1597 0.9842
vn 0.5734 0.1202 0.8104
vn -0.6061 0.4434 0.6603
vn -0.1005 0.6716 0.7341
vn -0.0078 -0.0419 0.9991
vn 0.4222 0.3052 0.8536
vn 0.2517 -0.4882 0.8357
vn -0.2198 0.0112 0.9755
vt 0.081683 0.970230
vt 0.071162 0.976751
vt 0.047793 0.970489
vt 0.576453 0.302065
vt 0.559232 0.312424
vt 0.536767 0.314809
vt 0.583477 0.290436
vt 0.570091 0.275320
vt 0.575392 0.308365
vt 0.586946 0.303366
vt 0.583777 0.310800
vt 0.092118 0.972676
vt 0.577293 0.273428
vt 0.592385 0.309314
vt 0.590425 0.117341
vt 0.569378 0.136914
vt 0.572800 0.127451
vt 0.555739 0.137080
vt 0.582325 0.148209
vt 0.568583 0.157181
vt 0.553224 0.122197
vt 0.536324 0.121284
vt 0.573066 0.319726
vt 0.599948 0.298195
vt 0.594876 0.120281
vt 0.532810 0.115128
vt 0.605432 0.304666
vt 0.590443 0.133092
vt 0.571406 0.168956
vt 0.602442 0.270776
vt 0.756245 0.576652
vt 0.758208 0.567600
vt 0.760391 0.570504
vt 0.760944 0.575420
vt 0.585385 0.115464
vt 0.559019 0.321929
vt 0.618037 0.303100
vt 0.395245 0.504870
vt 0.396207 0.512438
vt 0.390582 0.509533
vt 0.614327 0.321945
vt 0.063415 0.647330
vt 0.079046 0.651613
vt 0.069180 0.658646
vt 0.074310 0.639094
vt 0.760072 0.555877
vt 0.575002 0.107253
vt 0.587182 0.174833
vt 0.582456 0.248054
vt 0.585393 0.330081
vt 0.057611 0.670474
vt 0.083591 0.659906
vt 0.084897 0.641778
vt 0.049891 0.638381
vt 0.060016 0.633141
vt 0.555588 0.112029
vt 0.838861 0.321148
vt 0.775500 0.321809
vt 0.761041 0.296765
vt 0.064552 0.673100
vt 0.072884 0.675332
vt 0.046518 0.663989
vt 0.767467 0.562499
vt 0.047930 0.679711
vt 0.097264 0.653900
vt 0.566923 0.712291
vt 0.567344 0.702677
vt 0.581689 0.706823
vt 0.389336 0.518986
vt 0.383361 0.513650
vt 0.762314 0.538053
vt 0.610538 0.150784
vt 0.261456 0.330200
vt 0.228978 0.327359
vt 0.250727 0.293688
vt 0.805979 0.294293
vt 0.621138 0.313782
vt 0.061089 0.678925
vt 0.081651 0.676687
vt 0.751873 0.572362
vt 0.752236 0.552868
vt 0.986341 0.793239
vt 0.963868 0.805876
vt 0.979169 0.787433
vt 0.609262 0.326481
vt 0.483913 0.039746
vt 0.522061 0.040569
vt 0.467377 0.058414
vt 0.038592 0.671887
vt 0.581081 0.700315
vt 0.596030 0.341806
vt 0.502631 0.029375
vt 0.516019 0.028103
vt 0.627464 0.308273
vt 0.055696 0.691691
vt 0.072113 0.691441
vt 0.094223 0.671693
vt 0.030584 0.635724
vt 0.039218 0.626019
vt 0.754398 0.540317
vt 0.957368 0.792661
vt 0.557579 0.701110
vt 0.569283 0.688648
vt 0.544052 0.695208
vt 0.550018 0.677878
vt 0.606077 0.175515
vt 0.562935 0.337286
vt 0.086321 0.687825
vt 0.738541 0.553568
vt 0.389494 0.538898
vt 0.345662 0.929559
vt 0.353757 0.898430
vt 0.368013 0.915593
vt 0.375736 0.939518
vt 0.623051 0.319444
vt 0.039477 0.690450
vt 0.580632 0.340648
vt 0.251252 0.352509
vt 0.144063 0.662126
vt 0.156571 0.655975
vt 0.155760 0.668880
vt 0.596334 0.702255
vt 0.590181 0.716130
vt 0.521371 0.421268
vt 0.515616 0.461169
vt 0.507750 0.453359
vt 0.507874 0.329303
vt 0.505904 0.345586
vt 0.499990 0.340562
vt 0.580006 0.685781
vt 0.489323 0.344983
vt 0.500214 0.322062
vt 0.968931 0.779689
vt 0.618742 0.323739
vt 0.571455 0.933050
vt 0.583009 0.933048
vt 0.576577 0.936956
vt 0.533496 0.443758
vt 0.112273 0.666672
vt 0.100791 0.684271
vt 0.501077 0.352361
vt 0.484947 0.324177
vt 0.409692 0.519381
vt 0.270931 0.334499
vt 0.479646 0.027039
vt 0.518902 0.015620
vt 0.532132 0.020124
vt 0.143624 0.652878
vt 0.133966 0.665423
vt 0.132143 0.658957
vt 0.590128 0.694859
vt 0.493477 0.353157
vt 0.564502 0.674533
vt 0.434129 0.520942
vt 0.405623 0.551243
vt 0.423950 0.544974
vt 0.258044 0.355476
vt 0.232061 0.358960
vt 0.612007 0.330660
vt 0.584656 0.937453
vt 0.628002 0.321922
vt 0.502707 0.013040
vt 0.073946 0.698300
vt 0.168880 0.649187
vt 0.169235 0.668172
vt 0.190269 0.658004
vt 0.504425 0.354480
vt 0.384770 0.540070
vt 0.370660 0.538541
vt 0.389780 0.555036
vt 0.758922 0.517490
vt 0.776628 0.522738
vt 0.607365 0.338346
vt 0.599526 0.943843
vt 0.582579 0.946436
vt 0.479481 0.336606
vt 0.383255 0.934872
vt 0.044776 0.690738
vt 0.053097 0.700362
vt 0.029202 0.701395
vt 0.234104 0.367762
vt 0.616897 0.334344
vt 0.590208 0.932620
vt 0.514124 0.007422
vt 0.154960 0.642257
vt 0.476762 0.313700
vt 0.353474 0.522859
vt 0.369081 0.902025
vt 0.259669 0.365676
vt 0.120186 0.666827
vt 0.121633 0.654159
vt 0.610221 0.711106
vt 0.609948 0.700880
vt 0.590881 0.674197
vt 0.494649 0.363007
vt 0.744189 0.530519
vt 0.750546 0.527166
vt 0.353948 0.873934
vt 0.379823 0.912819
vt 0.276792 0.344715
vt 0.484235 0.013943
vt 0.628181 0.334471
vt 0.136197 0.648163
vt 0.089455 0.700932
vt 0.486453 0.364018
vt 0.977325 0.773849
vt 0.393057 0.935087
vt 0.268118 0.357705
vt 0.498607 0.007267
vt 0.151223 0.636636
vt 0.505279 0.371507
vt 0.580198 0.664588
vt 0.481971 0.358695
vt 0.991086 0.776840
vt 0.034624 0.731441
vt 0.602845 0.936095
vt 0.164174 0.632954
vt 0.747432 0.517516
vt 0.364428 0.883530
vt 0.387553 0.914776
vt 0.615797 0.346532
vt 0.596503 0.920733
vt 0.125353 0.641650
vt 0.533740 0.471694
vt 0.608444 0.687347
vt 0.750119 0.513155
vt 0.763972 0.508043
vt 0.969395 0.767565
vt 0.247013 0.377286
vt 0.230567 0.377643
vt 0.105170 0.663777
vt 0.101878 0.652000
vt 0.978402 0.437843
vt 0.982832 0.424209
vt 0.990671 0.433779
vt 0.347785 0.551757
vt 0.056554 0.730602
vt 0.267267 0.370111
vt 0.987213 0.301819
vt 0.979097 0.293181
vt 0.992388 0.289346
vt 0.971679 0.288901
vt 0.983122 0.281099
vt 0.543451 0.420498
vt 0.558557 0.432159
vt 0.549260 0.449523
vt 0.567685 0.663274
vt 0.753129 0.499087
vt 0.419955 0.562060
vt 0.439958 0.549973
vt 0.570821 0.203033
vt 0.582431 0.217069
vt 0.569113 0.214481
vt 0.992154 0.296852
vt 0.243871 0.381684
vt 0.230213 0.387003
vt 0.484563 0.002460
vt 0.617381 0.957324
vt 0.603936 0.960097
vt 0.606986 0.911774
vt 0.473711 0.351739
vt 0.462599 0.324710
vt 0.397289 0.301727
vt 0.405412 0.315797
vt 0.385110 0.308671
vt 0.383314 0.316121
vt 0.396099 0.330736
vt 0.419102 0.329694
vt 0.371836 0.881811
vt 0.279156 0.363066
vt 0.624205 0.346417
vt 0.134460 0.629292
vt 0.109295 0.640060
vt 0.491367 0.374254
vt 0.963972 0.767025
vt 0.591151 0.183410
vt 0.615875 0.352338
vt 0.615319 0.937579
vt 0.177947 0.634277
vt 0.423350 0.316143
vt 0.730431 0.526727
vt 0.608822 0.199007
vt 0.439266 0.339421
vt 0.382135 0.294112
vt 0.408894 0.302527
vt 0.623681 0.106105
vt 0.616990 0.098196
vt 0.627015 0.091641
vt 0.740095 0.511401
vt 0.382063 0.572204
vt 0.391139 0.897747
vt 0.405443 0.913932
vt 0.260129 0.383712
vt 0.716976 0.989098
vt 0.715397 0.974073
vt 0.725938 0.987607
vt 0.620218 0.925188
vt 0.560781 0.417661
vt 0.571938 0.432871
vt 0.618778 0.705600
vt 0.617849 0.695028
vt 0.556971 0.468287
vt 0.603712 0.675491
vt 0.395769 0.283870
vt 0.428514 0.571946
vt 0.079293 0.709532
vt 0.282248 0.376565
vt 0.979693 0.277801
vt 0.982765 0.278711
vt 0.598195 0.666126
vt 0.483920 0.374284
vt 0.474821 0.369093
vt 0.425295 0.330871
vt 0.618343 0.104315
vt 0.388935 0.571874
vt 0.721753 0.995981
vt 0.153110 0.621165
vt 0.090045 0.648812
vt 0.099639 0.639183
vt 0.615002 0.683358
vt 0.501094 0.388418
vt 0.590226 0.657555
vt 0.582532 0.654288
vt 0.455312 0.364109
vt 0.446421 0.321838
vt 0.368710 0.307254
vt 0.443664 0.571020
vt 0.450377 0.557762
vt 0.070125 0.743360
vt 0.055739 0.744326
vt 0.072710 0.730789
vt 0.999848 0.295340
vt 0.988535 0.273105
vt 0.866001 0.349992
vt 0.874720 0.363419
vt 0.857314 0.361862
vt 0.013279 0.805919
vt 0.020754 0.804600
vt 0.013309 0.821188
vt 0.567831 0.457973
vt 0.407837 0.276058
vt 0.255398 0.395694
vt 0.843759 0.362851
vt 0.856072 0.348524
vt 0.870842 0.343734
vt 0.882981 0.359499
vt 0.515892 0.749674
vt 0.529436 0.765283
vt 0.518098 0.773673
vt 0.108831 0.634034
vt 0.608456 0.660597
vt 0.429586 0.287003
vt 0.403169 0.511663
vt 0.395745 0.497014
vt 0.399964 0.493474
vt 0.369604 0.514935
vt 0.359092 0.507741
vt 0.369373 0.495472
vt 0.608782 0.221161
vt 0.590087 0.231764
vt 0.267962 0.387215
vt 0.180936 0.002563
vt 0.170437 0.004041
vt 0.174765 0.001138
vt 0.915111 0.682558
vt 0.924991 0.686902
vt 0.908735 0.688742
vt 0.991405 0.276661
vt 0.954039 0.476006
vt 0.968396 0.465575
vt 0.968102 0.474343
vt 0.840315 0.352384
vt 0.863391 0.333669
vt 0.871944 0.336549
vt 0.521312 0.740849
vt 0.532937 0.758744
vt 0.028310 0.821269
vt 0.515604 0.789665
vt 0.507387 0.776217
vt 0.502454 0.785134
vt 0.625700 0.689455
vt 0.629242 0.699812
vt 0.619698 0.668451
vt 0.403756 0.255164
vt 0.729543 0.514540
vt 0.732682 0.509351
vt 0.754839 0.480295
vt 0.597603 0.236123
vt 0.590667 0.241229
vt 0.227325 0.404096
vt 0.851480 0.340999
vt 0.015769 0.832806
vt 0.035419 0.807323
vt 0.173884 0.618699
vt 0.579779 0.431835
vt 0.578333 0.410906
vt 0.116598 0.623177
vt 0.043669 0.446415
vt 0.035328 0.434518
vt 0.052898 0.438420
vt 0.534005 0.784349
vt 0.628832 0.677759
vt 0.485382 0.399683
vt 0.632232 0.077558
vt 0.613972 0.085238
vt 0.455123 0.302978
vt 0.599765 0.115830
vt 0.598636 0.107708
vt 0.995209 0.076229
vt 0.999882 0.077657
vt 0.999832 0.089702
vt 0.998719 0.278356
vt 0.167606 0.010392
vt 0.186837 0.017516
vt 0.641113 0.936051
vt 0.029090 0.836366
vt 0.542015 0.750534
vt 0.033697 0.795387
vt 0.548808 0.771285
vt 0.148760 0.825887
vt 0.156044 0.812425
vt 0.164766 0.822820
vt 0.549286 0.486427
vt 0.600966 0.647078
vt 0.466454 0.390032
vt 0.613887 0.061949
vt 0.715759 0.529001
vt 0.088561 0.732418
vt 0.266226 0.400205
vt 0.920584 0.677688
vt 0.021634 0.843412
vt 0.857368 0.324680
vt 0.869048 0.318238
vt 0.039642 0.827450
vt 0.587979 0.416556
vt 0.547640 0.761343
vt 0.030415 0.451481
vt 0.526683 0.802746
vt 0.768955 0.799180
vt 0.752747 0.801649
vt 0.762185 0.779975
vt 0.385701 0.253395
vt 0.344379 0.289873
vt 0.353635 0.316660
vt 0.925116 0.667116
vt 0.927352 0.675050
vt 0.893517 0.358055
vt 0.901170 0.378974
vt 0.876072 0.370727
vt 0.046784 0.816135
vt 0.337189 0.273119
vt 0.593099 0.105081
vt 0.716974 0.555980
vt 0.975659 0.744531
vt 0.975659 0.715950
vt 0.996359 0.736079
vt 0.986175 0.268137
vt 0.830586 0.367191
vt 0.822330 0.360070
vt 0.830474 0.339910
vt 0.843777 0.327752
vt 0.132800 0.611329
vt 0.103135 0.625053
vt 0.544110 0.792507
vt 0.475084 0.398207
vt 0.589183 0.093427
vt 0.401591 0.472036
vt 0.427040 0.514824
vt 0.653273 0.186839
vt 0.625031 0.175886
vt 0.936057 0.670652
vt 0.991511 0.270330
vt 0.894017 0.389554
vt 0.152975 0.610944
vt 0.745002 0.172554
vt 0.758455 0.173731
vt 0.746270 0.190547
vt 0.161790 0.796989
vt 0.168992 0.815024
vt 0.555794 0.786560
vt 0.742300 0.777676
vt 0.586448 0.643241
vt 0.437300 0.276749
vt 0.390041 0.486164
vt 0.650452 0.922063
vt 0.623968 0.883743
vt 0.644580 0.872199
vt 0.551731 0.841835
vt 0.539427 0.835494
vt 0.551731 0.830096
vt 0.457812 0.568139
vt 0.087457 0.706587
vt 0.602715 0.247081
vt 0.271639 0.400622
vt 0.263701 0.413950
vt 0.936224 0.666359
vt 0.943802 0.678084
vt 0.973035 0.465447
vt 0.980330 0.471568
vt 0.970611 0.474171
vt 0.256576 0.417653
vt 0.945121 0.661806
vt 0.979992 0.465447
vt 0.907385 0.642605
vt 0.951301 0.640359
vt 0.861963 0.309294
vt 0.870557 0.387124
vt 0.732770 0.183029
vt 0.021644 0.425969
vt 0.027271 0.413551
vt 0.022740 0.438216
vt 0.902132 0.221431
vt 0.903164 0.234640
vt 0.890232 0.214460
vt 0.891348 0.240356
vt 0.886510 0.222174
vt 0.733801 0.796638
vt 0.602518 0.637044
vt 0.721386 0.791071
vt 0.726911 0.772588
vt 0.437475 0.491299
vt 0.344141 0.509932
vt 0.351433 0.494378
vt 0.104328 0.716471
vt 0.942209 0.667865
vt 0.599463 0.387304
vt 0.575041 0.398558
vt 0.568510 0.367832
vt 0.932063 0.697884
vt 0.033302 0.847295
vt 0.047898 0.844186
vt 0.055921 0.826085
vt 0.583797 0.447952
vt 0.162706 0.846582
vt 0.152536 0.847118
vt 0.158267 0.835836
vt 0.556498 0.745638
vt 0.562347 0.766497
vt 0.575325 0.467546
vt 0.551618 0.804070
vt 0.722636 0.512242
vt 0.619160 0.229372
vt 0.954145 0.657807
vt 0.825776 0.325847
vt 0.564749 0.753189
vt 0.012966 0.451654
vt 0.030243 0.467607
vt 0.016719 0.469120
vt 0.595540 0.070120
vt 0.090718 0.742076
vt 0.616497 0.236753
vt 0.601873 0.253488
vt 0.619193 0.259670
vt 0.608336 0.267904
vt 0.033425 0.856965
vt 0.840178 0.313392
vt 0.978548 0.504937
vt 0.984652 0.496536
vt 0.989543 0.503290
vt 0.692850 0.405497
vt 0.711431 0.402113
vt 0.709127 0.410164
vt 0.177866 0.802997
vt 0.899388 0.204532
vt 0.571300 0.776779
vt 0.881694 0.230526
vt 0.436588 0.368120
vt 0.435671 0.325937
vt 0.715946 0.773580
vt 0.422332 0.251358
vt 0.462422 0.890624
vt 0.460887 0.897123
vt 0.450623 0.903798
vt 0.631647 0.923743
vt 0.540580 0.850041
vt 0.621588 0.243312
vt 0.620069 0.252071
vt 0.972593 0.077927
vt 0.971126 0.055542
vt 0.991073 0.052383
vt 0.961567 0.661762
vt 0.961621 0.653065
vt 0.017215 0.851852
vt 0.928549 0.616487
vt 0.937332 0.601751
vt 0.949031 0.603752
vt 0.951608 0.617972
vt 0.052954 0.838177
vt 0.685558 0.389395
vt 0.707198 0.396258
vt 0.155284 0.855601
vt 0.173235 0.830490
vt 0.173178 0.822855
vt 0.881026 0.207319
vt 0.884658 0.190726
vt 0.589271 0.624567
vt 0.594571 0.058856
vt 0.722328 0.504388
vt 0.365445 0.484872
vt 0.541893 0.819664
vt 0.646132 0.213268
vt 0.087511 0.521174
vt 0.099596 0.491469
vt 0.108612 0.505789
vt 0.966449 0.647267
vt 0.985857 0.473623
vt 0.949773 0.695405
vt 0.816035 0.337830
vt 0.959773 0.603103
vt 0.956507 0.597725
vt 0.181914 0.818072
vt 0.267905 0.726023
vt 0.266692 0.740687
vt 0.256454 0.731858
vt 0.006874 0.426410
vt 0.002408 0.376275
vt 0.015949 0.390936
vt 0.003900 0.394954
vt 0.746648 0.757940
vt 0.753886 0.765452
vt 0.738470 0.756993
vt 0.455478 0.286751
vt 0.392763 0.479016
vt 0.625969 0.226510
vt 0.100460 0.746670
vt 0.590144 0.409891
vt 0.953864 0.689327
vt 0.987170 0.467932
vt 0.928403 0.630613
vt 0.918680 0.628572
vt 0.956264 0.591023
vt 0.963173 0.594780
vt 0.901198 0.400653
vt 0.879323 0.403110
vt 0.739456 0.203034
vt 0.719998 0.191136
vt 0.867641 0.406337
vt 0.161739 0.857967
vt 0.147338 0.872624
vt 0.722111 0.412495
vt 0.722874 0.424976
vt 0.872599 0.186343
vt 0.013619 0.415762
vt 0.869473 0.202960
vt 0.003398 0.445555
vt 0.574803 0.795827
vt 0.747961 0.050231
vt 0.734967 0.052315
vt 0.736796 0.041944
vt 0.722513 0.039852
vt 0.741931 0.753304
vt 0.736952 0.749703
vt 0.597897 0.120554
vt 0.535158 0.827474
vt 0.265495 0.291367
vt 0.241398 0.282420
vt 0.258702 0.273670
vt 0.624584 0.391475
vt 0.603787 0.402981
vt 0.609777 0.385640
vt 0.988095 0.043330
vt 0.602984 0.407447
vt 0.977458 0.044019
vt 0.103912 0.417324
vt 0.109039 0.411570
vt 0.104984 0.425851
vt 0.941522 0.589955
vt 0.706893 0.384079
vt 0.688249 0.364455
vt 0.905610 0.174517
vt 0.890545 0.173044
vt 0.880035 0.176341
vt 0.858335 0.388312
vt 0.279011 0.737279
vt 0.717522 0.055929
vt 0.745077 0.748792
vt 0.695663 0.800796
vt 0.718717 0.762895
vt 0.227239 0.126149
vt 0.223908 0.109304
vt 0.233274 0.117156
vt 0.248843 0.124206
vt 0.386752 0.475866
vt 0.532677 0.850156
vt 0.634105 0.227983
vt 0.627840 0.234620
vt 0.633995 0.391873
vt 0.617325 0.402949
vt 0.596661 0.418999
vt 0.122240 0.417513
vt 0.965881 0.682076
vt 0.045744 0.855027
vt 0.755589 0.200306
vt 0.494100 0.406535
vt 0.732975 0.753269
vt 0.307955 0.753944
vt 0.309874 0.763265
vt 0.298015 0.759805
vt 0.608731 0.049304
vt 0.585676 0.066200
vt 0.248049 0.112728
vt 0.352438 0.479215
vt 0.529897 0.815544
vt 0.802341 0.349081
vt 0.525766 0.510534
vt 0.521826 0.503601
vt 0.531269 0.497469
vt 0.074519 0.998490
vt 0.056598 0.992667
vt 0.074968 0.988746
vt 0.501610 0.524143
vt 0.480229 0.512171
vt 0.565266 0.504166
vt 0.587875 0.784975
vt 0.751831 0.747681
vt 0.302440 0.746874
vt 0.312096 0.744045
vt 0.322941 0.777567
vt 0.316104 0.761409
vt 0.332049 0.255162
vt 0.363454 0.248976
vt 0.352086 0.262507
vt 0.443492 0.261924
vt 0.579315 0.101074
vt 0.424039 0.459543
vt 0.634642 0.246650
vt 0.100027 0.482143
vt 0.113228 0.485026
vt 0.109164 0.445015
vt 0.095381 0.473835
vt 0.091887 0.460123
vt 0.110925 0.461510
vt 0.098057 0.453822
vt 0.717342 0.202966
vt 0.881771 0.170590
vt 0.895612 0.158761
vt 0.436335 0.991638
vt 0.431123 0.982001
vt 0.440570 0.978560
vt 0.990177 0.061570
vt 0.994933 0.090521
vt 0.978661 0.075295
vt 0.001103 0.461411
vt 0.324450 0.244388
vt 0.348977 0.218788
vt 0.280234 0.754041
vt 0.272955 0.766201
vt 0.263066 0.744446
vt 0.255505 0.761420
vt 0.238865 0.091475
vt 0.465643 0.902669
vt 0.450843 0.821336
vt 0.470611 0.823345
vt 0.466483 0.833556
vt 0.246862 0.263677
vt 0.619277 0.413243
vt 0.126361 0.440526
vt 0.114368 0.452772
vt 0.920247 0.618132
vt 0.947100 0.582068
vt 0.180535 0.844878
vt 0.178998 0.828979
vt 0.854414 0.406544
vt 0.775618 0.768815
vt 0.773581 0.742461
vt 0.321796 0.220586
vt 0.335790 0.214761
vt 0.298280 0.738427
vt 0.286454 0.774832
vt 0.283929 0.769356
vt 0.373173 0.253486
vt 0.221096 0.093837
vt 0.263382 0.117063
vt 0.460583 0.910324
vt 0.704421 0.517236
vt 0.233857 0.275091
vt 0.121877 0.489325
vt 0.111340 0.472652
vt 0.032535 0.870066
vt 0.444226 0.983905
vt 0.441725 0.993102
vt 0.703016 0.364205
vt 0.844021 0.192067
vt 0.862852 0.182707
vt 0.844793 0.391082
vt 0.278327 0.722396
vt 0.420671 0.761002
vt 0.419496 0.742883
vt 0.429632 0.750322
vt 0.472620 0.407114
vt 0.309903 0.205829
vt 0.303624 0.785776
vt 0.298849 0.778340
vt 0.904354 0.285317
vt 0.895264 0.308244
vt 0.882917 0.295574
vt 0.092957 0.956795
vt 0.095192 0.941988
vt 0.106461 0.946089
vt 0.266110 0.772807
vt 0.574417 0.085197
vt 0.526772 0.841896
vt 0.528031 0.847291
vt 0.118722 0.507675
vt 0.645531 0.403330
vt 0.786596 0.731050
vt 0.810457 0.736559
vt 0.781249 0.751927
vt 0.874685 0.101103
vt 0.891338 0.088941
vt 0.889440 0.104689
vt 0.066714 0.826954
vt 0.065201 0.838825
vt 0.732191 0.213444
vt 0.721296 0.394323
vt 0.506306 0.539736
vt 0.716991 0.382121
vt 0.177351 0.855697
vt 0.743473 0.415596
vt 0.689714 0.727133
vt 0.704062 0.735418
vt 0.669968 0.748320
vt 0.718803 0.752416
vt 0.298483 0.730955
vt 0.485376 0.411877
vt 0.013161 0.410679
vt 0.004434 0.411172
vt 0.293432 0.751965
vt 0.283040 0.759728
vt 0.275806 0.778941
vt 0.574427 0.073371
vt 0.573340 0.095074
vt 0.270674 0.082620
vt 0.443452 0.901897
vt 0.448893 0.891555
vt 0.363357 0.470542
vt 0.605558 0.906692
vt 0.605750 0.871053
vt 0.263791 0.261609
vt 0.649214 0.227439
vt 0.644978 0.240519
vt 0.637038 0.412282
vt 0.125831 0.478026
vt 0.123732 0.450539
vt 0.048179 0.864969
vt 0.060652 0.853716
vt 0.447174 0.963793
vt 0.447895 0.974127
vt 0.170110 0.867025
vt 0.758765 0.217200
vt 0.906669 0.183350
vt 0.927573 0.188800
vt 0.913399 0.210537
vt 0.263221 0.705434
vt 0.461085 0.399518
vt 0.752557 0.741797
vt 0.302302 0.730622
vt 0.338014 0.208798
vt 0.284342 0.745907
vt 0.321154 0.290034
vt 0.319704 0.799529
vt 0.335118 0.781685
vt 0.441164 0.907789
vt 0.697599 0.532363
vt 0.458510 0.456822
vt 0.520287 0.825610
vt 0.234436 0.256087
vt 0.611535 0.441201
vt 0.589903 0.437743
vt 0.135950 0.447933
vt 0.014085 0.871280
vt 0.918516 0.598316
vt 0.961552 0.574100
vt 0.801402 0.431493
vt 0.784605 0.419144
vt 0.804068 0.423634
vt 0.448235 0.991691
vt 0.447625 0.999388
vt 0.729071 0.400575
vt 0.182960 0.842942
vt 0.904445 0.215767
vt 0.417913 0.772446
vt 0.434972 0.773607
vt 0.780584 0.040493
vt 0.783608 0.049562
vt 0.777830 0.052890
vt 0.262676 0.786726
vt 0.258719 0.069571
vt 0.572952 0.102234
vt 0.467782 0.933536
vt 0.450747 0.913770
vt 0.398057 0.460969
vt 0.463962 0.797586
vt 0.197321 0.250698
vt 0.129886 0.456992
vt 0.807532 0.753996
vt 0.890852 0.419079
vt 0.547976 0.521082
vt 0.799537 0.417151
vt 0.520501 0.542532
vt 0.517490 0.553064
vt 0.185431 0.838933
vt 0.860175 0.417442
vt 0.845764 0.410234
vt 0.973649 0.090615
vt 0.757996 0.063370
vt 0.773533 0.042466
vt 0.094111 0.931514
vt 0.106902 0.927544
vt 0.250056 0.778618
vt 0.255966 0.789753
vt 0.236221 0.070198
vt 0.444791 0.823117
vt 0.441082 0.827071
vt 0.523669 0.805740
vt 0.536001 0.805400
vt 0.591743 0.903044
vt 0.523333 0.832994
vt 0.095385 0.180544
vt 0.107399 0.184628
vt 0.106996 0.203686
vt 0.275745 0.255808
vt 0.247467 0.228506
vt 0.202670 0.284864
vt 0.130719 0.491855
vt 0.646664 0.253427
vt 0.134905 0.465942
vt 0.926518 0.574300
vt 0.543952 0.526677
vt 0.880641 0.422815
vt 0.814774 0.429343
vt 0.807599 0.420822
vt 0.811588 0.411950
vt 0.796242 0.408368
vt 0.452794 0.990447
vt 0.452491 0.983237
vt 0.867600 0.421907
vt 0.746162 0.220356
vt 0.850191 0.412738
vt 0.734489 0.747615
vt 0.788606 0.058412
vt 0.792759 0.053151
vt 0.744582 0.065143
vt 0.715342 0.067635
vt 0.383045 0.246629
vt 0.379178 0.235682
vt 0.556186 0.080209
vt 0.561126 0.070835
vt 0.052434 0.204210
vt 0.514523 0.846118
vt 0.101669 0.171362
vt 0.124593 0.176353
vt 0.641355 0.432145
vt 0.149510 0.447195
vt 0.151075 0.437138
vt 0.147134 0.453778
vt 0.140985 0.461464
vt 0.836621 0.749801
vt 0.921695 0.582269
vt 0.704332 0.199756
vt 0.713735 0.211279
vt 0.811781 0.617008
vt 0.807306 0.609847
vt 0.819353 0.613906
vt 0.901084 0.429555
vt 0.890540 0.426209
vt 0.820102 0.425159
vt 0.086463 0.785042
vt 0.115107 0.778093
vt 0.105378 0.786111
vt 0.699777 0.348381
vt 0.716807 0.356548
vt 0.856274 0.419326
vt 0.280296 0.699397
vt 0.438011 0.761081
vt 0.606528 0.021053
vt 0.606528 0.001803
vt 0.623619 0.014884
vt 0.731607 0.067206
vt 0.909244 0.300599
vt 0.886588 0.314847
vt 0.882713 0.318288
vt 0.875995 0.315056
vt 0.296922 0.788704
vt 0.278243 0.789569
vt 0.571663 0.065748
vt 0.250784 0.048618
vt 0.554890 0.099061
vt 0.552221 0.089111
vt 0.267093 0.225745
vt 0.208484 0.288712
vt 0.200463 0.294912
vt 0.869607 0.121081
vt 0.730701 0.390797
vt 0.703889 0.725823
vt 0.295823 0.707768
vt 0.979339 0.105944
vt 0.947066 0.097296
vt 0.986660 0.099134
vt 0.629113 0.000547
vt 0.947519 0.105343
vt 0.333201 0.683159
vt 0.313327 0.665982
vt 0.337691 0.671144
vt 0.363691 0.214376
vt 0.114241 0.933290
vt 0.120458 0.953183
vt 0.256260 0.798524
vt 0.547318 0.069667
vt 0.251805 0.709169
vt 0.253808 0.685293
vt 0.257755 0.709759
vt 0.439031 0.928703
vt 0.671760 0.129703
vt 0.688875 0.119735
vt 0.700659 0.126418
vt 0.393329 0.984510
vt 0.415213 0.984510
vt 0.403233 0.997327
vt 0.203338 0.308589
vt 0.226650 0.294608
vt 0.958895 0.714277
vt 0.966962 0.701387
vt 0.985632 0.707453
vt 0.543914 0.500899
vt 0.813291 0.399081
vt 0.887653 0.442495
vt 0.881653 0.448032
vt 0.881946 0.434667
vt 0.466766 0.989630
vt 0.451479 0.974430
vt 0.863784 0.433761
vt 0.862211 0.425602
vt 0.867615 0.432827
vt 0.120286 0.786646
vt 0.127922 0.785228
vt 0.135321 0.795674
vt 0.729643 0.729877
vt 0.739719 0.738637
vt 0.780320 0.060567
vt 0.032242 0.385698
vt 0.033161 0.405706
vt 0.344837 0.683028
vt 0.352595 0.685642
vt 0.344784 0.695745
vt 0.358114 0.210411
vt 0.404899 0.252060
vt 0.395216 0.249591
vt 0.410791 0.237472
vt 0.302019 0.794759
vt 0.097715 0.918528
vt 0.547271 0.082835
vt 0.280057 0.067139
vt 0.591754 0.909751
vt 0.078935 0.169543
vt 0.509773 0.845508
vt 0.144739 0.090713
vt 0.145631 0.111997
vt 0.130171 0.111527
vt 0.108610 0.153519
vt 0.742672 0.170152
vt 0.731398 0.132234
vt 0.754357 0.139174
vt 0.722756 0.162622
vt 0.779944 0.773845
vt 0.077050 0.833322
vt 0.070703 0.852982
vt 0.819547 0.407699
vt 0.869600 0.440172
vt 0.875737 0.427694
vt 0.744551 0.370918
vt 0.108484 0.787415
vt 0.141055 0.788906
vt 0.844506 0.413414
vt 0.445033 0.754982
vt 0.001694 0.426867
vt 0.391118 0.232945
vt 0.281104 0.801533
vt 0.111354 0.917167
vt 0.564967 0.060767
vt 0.557377 0.059994
vt 0.649867 0.015135
vt 0.655947 0.003200
vt 0.657211 0.018129
vt 0.551112 0.063937
vt 0.265542 0.671078
vt 0.270272 0.684726
vt 0.422314 0.913656
vt 0.304677 0.073183
vt 0.446583 0.945900
vt 0.407231 0.451456
vt 0.449613 0.795508
vt 0.512878 0.818582
vt 0.050780 0.182572
vt 0.087067 0.165065
vt 0.166089 0.095603
vt 0.812071 0.625719
vt 0.898330 0.431950
vt 0.893435 0.437508
vt 0.554564 0.514439
vt 0.826319 0.416962
vt 0.862889 0.423733
vt 0.747432 0.396641
vt 0.190795 0.854257
vt 0.121942 0.779380
vt 0.726891 0.347788
vt 0.721661 0.339040
vt 0.669707 0.715015
vt 0.692421 0.707180
vt 0.139167 0.780654
vt 0.954067 0.184900
vt 0.935418 0.213564
vt 0.078516 0.004456
vt 0.078516 0.045617
vt 0.065323 0.009917
vt 0.435801 0.242822
vt 0.351742 0.678081
vt 0.888612 0.323151
vt 0.987002 0.002518
vt 0.982421 0.008822
vt 0.973234 0.000014
vt 0.102789 0.912687
vt 0.538973 0.075153
vt 0.538608 0.093627
vt 0.392734 0.452276
vt 0.440256 0.813793
vt 0.166535 0.074347
vt 0.720929 0.114608
vt 0.697960 0.997469
vt 0.706706 0.987924
vt 0.709138 0.998402
vt 0.190033 0.301440
vt 0.213353 0.331154
vt 0.196552 0.326346
vt 0.220386 0.321058
vt 0.214638 0.311606
vt 0.143149 0.469567
vt 0.985090 0.690129
vt 0.572945 0.588796
vt 0.572945 0.563243
vt 0.592298 0.582092
vt 0.826141 0.441095
vt 0.869815 0.427219
vt 0.866854 0.426821
vt 0.709008 0.335079
vt 0.130214 0.777072
vt 0.953992 0.193461
vt 0.947048 0.205707
vt 0.348568 0.665939
vt 0.126742 0.940507
vt 0.128126 0.952500
vt 0.120431 0.915999
vt 0.874463 0.327515
vt 0.550392 0.054604
vt 0.677942 0.099982
vt 0.673650 0.089730
vt 0.685892 0.088108
vt 0.664373 0.072791
vt 0.683137 0.077103
vt 0.236625 0.707781
vt 0.631380 0.059143
vt 0.639677 0.057563
vt 0.645829 0.074192
vt 0.592496 0.917440
vt 0.584036 0.907521
vt 0.047064 0.166537
vt 0.511282 0.827589
vt 0.066616 0.154496
vt 0.136518 0.129562
vt 0.080145 0.153022
vt 0.160042 0.117871
vt 0.743880 0.123960
vt 0.731998 0.114098
vt 0.094159 0.156387
vt 0.712334 0.107016
vt 0.689987 0.985778
vt 0.188172 0.312727
vt 0.217035 0.303209
vt 0.834314 0.771670
vt 0.811516 0.781596
vt 0.889930 0.121092
vt 0.851812 0.106741
vt 0.819204 0.379010
vt 0.836321 0.386025
vt 0.731023 0.229822
vt 0.745929 0.354131
vt 0.118494 0.771428
vt 0.717226 0.708434
vt 0.023916 0.912159
vt 0.023916 0.942038
vt 0.002103 0.923967
vt 0.362470 0.679525
vt 0.400415 0.226924
vt 0.101155 0.905631
vt 0.111900 0.907754
vt 0.109084 0.901821
vt 0.695377 0.110441
vt 0.236241 0.685573
vt 0.957762 0.709764
vt 0.942549 0.710946
vt 0.952640 0.699226
vt 0.414350 0.447723
vt 0.252217 0.212293
vt 0.170754 0.112758
vt 0.091576 0.145370
vt 0.701106 0.972143
vt 0.057490 0.864998
vt 0.819880 0.631084
vt 0.690743 0.208716
vt 0.708285 0.222851
vt 0.523451 0.570877
vt 0.514092 0.558946
vt 0.198431 0.843465
vt 0.130955 0.770903
vt 0.152071 0.776812
vt 0.150261 0.797570
vt 0.172250 0.790373
vt 0.738458 0.715990
vt 0.961044 0.200163
vt 0.782514 0.069008
vt 0.764992 0.072165
vt 0.433965 0.732312
vt 0.792994 0.415051
vt 0.782540 0.396295
vt 0.792109 0.389493
vt 0.359085 0.695010
vt 0.358613 0.670450
vt 0.389009 0.207568
vt 0.390598 0.223172
vt 0.897964 0.321646
vt 0.644213 0.000526
vt 0.676444 0.056854
vt 0.539413 0.102157
vt 0.434702 0.441752
vt 0.421125 0.820594
vt 0.443875 0.796087
vt 0.584595 0.916307
vt 0.040878 0.181808
vt 0.150803 0.133593
vt 0.191417 0.096924
vt 0.184076 0.084970
vt 0.727909 0.097549
vt 0.679326 0.989326
vt 0.872481 0.130212
vt 0.832436 0.411019
vt 0.139428 0.769658
vt 0.717488 0.698317
vt 0.130285 0.749781
vt 0.148088 0.773923
vt 0.756311 0.076701
vt 0.420893 0.957638
vt 0.425609 0.930895
vt 0.440177 0.964023
vt 0.785171 0.381298
vt 0.417444 0.229551
vt 0.123704 0.028455
vt 0.135757 0.003133
vt 0.143670 0.025404
vt 0.106689 0.722097
vt 0.125160 0.726114
vt 0.122575 0.744509
vt 0.699153 0.101022
vt 0.690315 0.070310
vt 0.284643 0.659082
vt 0.247815 0.665905
vt 0.408998 0.919946
vt 0.430927 0.813657
vt 0.432058 0.802099
vt 0.569680 0.885542
vt 0.565937 0.891595
vt 0.564890 0.881739
vt 0.451713 0.791243
vt 0.571732 0.888515
vt 0.566656 0.899406
vt 0.558809 0.899112
vt 0.577879 0.916122
vt 0.177167 0.129560
vt 0.205558 0.119032
vt 0.972743 0.378697
vt 0.978673 0.379215
vt 0.971662 0.386891
vt 0.063428 0.147786
vt 0.746771 0.110893
vt 0.582648 0.602778
vt 0.802145 0.616439
vt 0.565278 0.543645
vt 0.533278 0.566264
vt 0.698068 0.684270
vt 0.752370 0.231594
vt 0.449674 0.768326
vt 0.741825 0.083970
vt 0.439153 0.936404
vt 0.378127 0.677292
vt 0.693745 0.088181
vt 0.655124 0.054976
vt 0.553557 0.398084
vt 0.569709 0.396712
vt 0.572371 0.404731
vt 0.965569 0.692686
vt 0.935567 0.700525
vt 0.420771 0.838385
vt 0.411744 0.826477
vt 0.508799 0.790492
vt 0.561658 0.885278
vt 0.577825 0.906879
vt 0.547561 0.902333
vt 0.551909 0.894328
vt 0.963732 0.384842
vt 0.039890 0.154209
vt 0.218078 0.076122
vt 0.206058 0.091834
vt 0.678196 0.980088
vt 0.972086 0.163518
vt 0.990482 0.165032
vt 0.988086 0.179580
vt 0.979337 0.151298
vt 0.969267 0.682772
vt 0.602567 0.560658
vt 0.578308 0.552153
vt 0.842374 0.438523
vt 0.566135 0.519680
vt 0.273046 0.879550
vt 0.266875 0.874372
vt 0.279865 0.872621
vt 0.452612 0.740015
vt 0.118447 0.691108
vt 0.229709 0.900199
vt 0.239476 0.897882
vt 0.240857 0.904239
vt 0.114728 0.002617
vt 0.135310 0.947653
vt 0.153972 0.743859
vt 0.908921 0.319822
vt 0.874906 0.342406
vt 0.038639 0.304327
vt 0.040613 0.288449
vt 0.079398 0.292134
vt 0.077922 0.274255
vt 0.688493 0.048556
vt 0.817980 0.667071
vt 0.837531 0.668813
vt 0.832131 0.680428
vt 0.838251 0.677462
vt 0.440384 0.794720
vt 0.446937 0.785029
vt 0.559060 0.910097
vt 0.030322 0.159097
vt 0.197635 0.154557
vt 0.182326 0.157366
vt 0.957259 0.382149
vt 0.221817 0.114756
vt 0.130758 0.142931
vt 0.069261 0.141223
vt 0.705650 0.095220
vt 0.718735 0.096530
vt 0.596366 0.501990
vt 0.586265 0.504137
vt 0.590672 0.489319
vt 0.575966 0.491112
vt 0.853054 0.125692
vt 0.851134 0.427028
vt 0.208578 0.843238
vt 0.714017 0.669773
vt 0.731826 0.672315
vt 0.773155 0.101271
vt 0.764322 0.091978
vt 0.777320 0.095283
vt 0.775342 0.089851
vt 0.785643 0.075023
vt 0.767536 0.081265
vt 0.264017 0.885930
vt 0.387411 0.700005
vt 0.359153 0.658638
vt 0.366452 0.664422
vt 0.775940 0.391153
vt 0.897098 0.327373
vt 0.750691 0.345747
vt 0.754335 0.338952
vt 0.768543 0.356967
vt 0.781397 0.348387
vt 0.788719 0.339552
vt 0.797767 0.349627
vt 0.702715 0.102829
vt 0.049675 0.259564
vt 0.708826 0.044561
vt 0.561587 0.414259
vt 0.391018 0.840910
vt 0.409433 0.441373
vt 0.567675 0.929861
vt 0.569177 0.942021
vt 0.557071 0.933746
vt 0.170784 0.154222
vt 0.017096 0.571016
vt 0.024529 0.581247
vt 0.005417 0.581659
vt 0.730576 0.076289
vt 0.726214 0.084866
vt 0.571841 0.501657
vt 0.998949 0.178961
vt 0.997404 0.151985
vt 0.834602 0.106835
vt 0.570102 0.523474
vt 0.591904 0.528972
vt 0.814548 0.635108
vt 0.808963 0.632672
vt 0.713018 0.507971
vt 0.708930 0.427228
vt 0.746347 0.480005
vt 0.570973 0.538857
vt 0.837340 0.447012
vt 0.718684 0.322202
vt 0.142474 0.759678
vt 0.277057 0.684748
vt 0.267579 0.691412
vt 0.429986 0.979267
vt 0.233580 0.907935
vt 0.123687 0.906995
vt 0.081808 0.831153
vt 0.094986 0.832767
vt 0.077522 0.842187
vt 0.743264 0.348997
vt 0.734940 0.342212
vt 0.741063 0.340839
vt 0.748244 0.348333
vt 0.748401 0.343636
vt 0.800511 0.338405
vt 0.662419 0.042631
vt 0.494768 0.797587
vt 0.418766 0.808370
vt 0.423826 0.785241
vt 0.429878 0.786596
vt 0.430488 0.792415
vt 0.501819 0.815717
vt 0.569296 0.910639
vt 0.497065 0.832502
vt 0.497097 0.848047
vt 0.952868 0.386123
vt 0.958467 0.385339
vt 0.055781 0.138942
vt 0.597330 0.483974
vt 0.584933 0.477081
vt 0.790399 0.786645
vt 0.600981 0.613001
vt 0.203407 0.858932
vt 0.447696 0.782749
vt 0.141417 0.703078
vt 0.378764 0.664019
vt 0.767968 0.418099
vt 0.767614 0.401167
vt 0.982581 0.762465
vt 0.984788 0.765923
vt 0.977172 0.769315
vt 0.983594 0.807420
vt 0.968788 0.807420
vt 0.981351 0.799846
vt 0.136403 0.034125
vt 0.113560 0.028988
vt 0.136308 0.931580
vt 0.749540 0.356132
vt 0.888970 0.344633
vt 0.214592 0.709120
vt 0.553300 0.379227
vt 0.559076 0.361140
vt 0.568434 0.381097
vt 0.843116 0.684942
vt 0.409719 0.795216
vt 0.421008 0.781676
vt 0.566944 0.916328
vt 0.939343 0.379177
vt 0.488158 0.842535
vt 0.482526 0.849083
vt 0.557739 0.924067
vt 0.960000 0.389635
vt 0.970187 0.391063
vt 0.029064 0.142324
vt 0.601869 0.498087
vt 0.714503 0.081256
vt 0.786977 0.801265
vt 0.807291 0.791954
vt 0.791508 0.811102
vt 0.798802 0.788801
vt 0.777637 0.793753
vt 0.781472 0.785129
vt 0.773972 0.785437
vt 0.767429 0.785943
vt 0.528390 0.581552
vt 0.757887 0.102472
vt 0.749069 0.096634
vt 0.291396 0.684946
vt 0.303305 0.697811
vt 0.310074 0.706646
vt 0.139033 0.953041
vt 0.139573 0.944385
vt 0.132086 0.912538
vt 0.904785 0.330754
vt 0.780442 0.370461
vt 0.793730 0.367701
vt 0.692818 0.039780
vt 0.571098 0.343962
vt 0.550090 0.342180
vt 0.538416 0.413438
vt 0.535574 0.400356
vt 0.917593 0.723122
vt 0.922835 0.705241
vt 0.856815 0.644540
vt 0.854142 0.657677
vt 0.843824 0.655045
vt 0.491139 0.793321
vt 0.481909 0.807482
vt 0.478571 0.801671
vt 0.430034 0.782039
vt 0.415396 0.774210
vt 0.597924 0.528653
vt 0.574120 0.520221
vt 0.770296 0.787762
vt 0.781383 0.788249
vt 0.881563 0.132444
vt 0.826900 0.633236
vt 0.824506 0.648269
vt 0.693293 0.228384
vt 0.850008 0.371746
vt 0.448764 0.831794
vt 0.440030 0.860495
vt 0.423705 0.858201
vt 0.848805 0.419139
vt 0.146750 0.761258
vt 0.259156 0.879568
vt 0.260799 0.873721
vt 0.309111 0.699185
vt 0.762148 0.394068
vt 0.247538 0.896335
vt 0.258587 0.884318
vt 0.254008 0.902660
vt 0.088032 0.009101
vt 0.767431 0.372024
vt 0.787069 0.375554
vt 0.986010 0.772145
vt 0.761155 0.365993
vt 0.805561 0.338963
vt 0.096301 0.262938
vt 0.075139 0.245669
vt 0.398758 0.794892
vt 0.570499 0.925480
vt 0.552364 0.916756
vt 0.608264 0.489055
vt 0.815270 0.793796
vt 0.840327 0.789751
vt 0.978010 0.676984
vt 0.563999 0.511281
vt 0.802544 0.576824
vt 0.770557 0.601855
vt 0.763525 0.592176
vt 0.766076 0.579735
vt 0.562102 0.513775
vt 0.811336 0.577032
vt 0.805745 0.596614
vt 0.813555 0.578234
vt 0.815556 0.589195
vt 0.293468 0.922117
vt 0.292708 0.910627
vt 0.303509 0.922170
vt 0.313329 0.653849
vt 0.314912 0.647906
vt 0.326543 0.665707
vt 0.329917 0.910266
vt 0.320231 0.921869
vt 0.784554 0.647471
vt 0.316547 0.633423
vt 0.321885 0.625986
vt 0.318909 0.626548
vt 0.381715 0.648703
vt 0.179377 0.166681
vt 0.171145 0.203452
vt 0.167036 0.177147
vt 0.239504 0.199902
vt 0.241560 0.188517
vt 0.249658 0.210031
vt 0.006096 0.160737
vt 0.046432 0.190043
vt 0.006821 0.226106
vt 0.257177 0.179705
vt 0.186381 0.212304
vt 0.213314 0.150623
vt 0.298357 0.205166
vt 0.913669 0.772187
vt 0.918795 0.787064
vt 0.906478 0.775220
vt 0.754029 0.963647
vt 0.752665 0.965032
vt 0.752780 0.962923
vt 0.918135 0.764687
vt 0.932920 0.770736
vt 0.738418 0.964787
vt 0.172544 0.921203
vt 0.174292 0.948863
vt 0.144466 0.965395
vt 0.755614 0.975049
vt 0.746130 0.982114
vt 0.215377 0.952704
vt 0.862791 0.991902
vt 0.851972 0.971458
vt 0.861330 0.964407
vt 0.839222 0.984407
vt 0.724800 0.981325
vt 0.958563 0.785569
vt 0.941147 0.772013
vt 0.946712 0.800445
vt 0.976408 0.148671
vt 0.958015 0.172745
vt 0.950565 0.145954
vt 0.029013 0.555748
vt 0.055856 0.594196
vt 0.033400 0.621482
vt 0.935226 0.180015
vt 0.336107 0.552433
vt 0.325552 0.557184
vt 0.322194 0.555447
vt 0.034434 0.546567
vt 0.053770 0.505547
vt 0.071160 0.531007
vt 0.753311 0.911873
vt 0.767207 0.914546
vt 0.765812 0.929632
vt 0.406401 0.076756
vt 0.394551 0.106014
vt 0.375498 0.069444
vt 0.071814 0.560520
vt 0.962923 0.346225
vt 0.993876 0.346225
vt 0.993636 0.364133
vt 0.382170 0.058408
vt 0.052671 0.619225
vt 0.365866 0.097423
vt 0.361132 0.076956
vt 0.443956 0.954284
vt 0.476586 0.931893
vt 0.466903 0.984651
vt 0.068937 0.503193
vt 0.074228 0.512289
vt 0.489435 0.984580
vt 0.617035 0.770566
vt 0.598076 0.760049
vt 0.622973 0.749772
vt 0.916532 0.714544
vt 0.910948 0.726605
vt 0.912713 0.714954
vt 0.161873 0.761264
vt 0.633075 0.755877
vt 0.501552 0.950882
vt 0.500201 0.969935
vt 0.265540 0.865298
vt 0.620308 0.150606
vt 0.638332 0.151223
vt 0.631265 0.161971
vt 0.624683 0.127910
vt 0.219326 0.908471
vt 0.210598 0.900034
vt 0.762177 0.405370
vt 0.756811 0.404634
vt 0.373281 0.655612
vt 0.142118 0.035119
vt 0.136891 0.037699
vt 0.916199 0.325397
vt 0.076226 0.830724
vt 0.078702 0.824689
vt 0.220189 0.672591
vt 0.227765 0.647544
vt 0.242448 0.643775
vt 0.850182 0.667918
vt 0.404254 0.822285
vt 0.608310 0.525575
vt 0.040952 0.478006
vt 0.041214 0.480533
vt 0.033046 0.481536
vt 0.058828 0.058264
vt 0.056855 0.069859
vt 0.055250 0.058895
vt 0.074996 0.085327
vt 0.073800 0.074587
vt 0.078014 0.077613
vt 0.765169 0.577704
vt 0.762800 0.579713
vt 0.871834 0.134930
vt 0.876482 0.136554
vt 0.390579 0.426842
vt 0.392291 0.423736
vt 0.394800 0.431129
vt 0.866142 0.133922
vt 0.307635 0.924732
vt 0.318848 0.924340
vt 0.388275 0.428719
vt 0.323121 0.924059
vt 0.851226 0.132038
vt 0.309071 0.640261
vt 0.332290 0.912823
vt 0.313826 0.628110
vt 0.237737 0.200526
vt 0.175889 0.165143
vt 0.173282 0.167798
vt 0.166446 0.174429
vt 0.236048 0.187003
vt 0.236834 0.183948
vt 0.908846 0.771686
vt 0.157395 0.208716
vt 0.165236 0.202807
vt 0.758570 0.968852
vt 0.926346 0.764465
vt 0.809745 0.551188
vt 0.840238 0.544148
vt 0.820322 0.572493
vt 0.740935 0.962966
vt 0.724754 0.950615
vt 0.754391 0.958313
vt 0.769657 0.942829
vt 0.770261 0.944245
vt 0.345525 0.512100
vt 0.338601 0.553003
vt 0.847905 0.452479
vt 0.844375 0.459869
vt 0.573281 0.547840
vt 0.757922 0.659229
vt 0.756883 0.646776
vt 0.767960 0.646002
vt 0.768960 0.927704
vt 0.770363 0.929810
vt 0.857622 0.965382
vt 0.772749 0.937754
vt 0.771988 0.943050
vt 0.559367 0.578268
vt 0.056662 0.603004
vt 0.397556 0.043716
vt 0.383697 0.051174
vt 0.045396 0.493211
vt 0.054293 0.501268
vt 0.371030 0.063701
vt 0.057591 0.500970
vt 0.744542 0.242637
vt 0.762935 0.111004
vt 0.072526 0.504429
vt 0.355277 0.085483
vt 0.760902 0.239189
vt 0.608319 0.745767
vt 0.282932 0.861470
vt 0.457054 0.775366
vt 0.497905 0.980324
vt 0.911482 0.765654
vt 0.904700 0.759102
vt 0.905314 0.749476
vt 0.638224 0.163672
vt 0.645745 0.148686
vt 0.144225 0.946187
vt 0.145008 0.954145
vt 0.758396 0.372251
vt 0.128557 0.039453
vt 0.896701 0.346927
vt 0.035041 0.253174
vt 0.048792 0.234280
vt 0.561331 0.341607
vt 0.553040 0.321136
vt 0.538081 0.352378
vt 0.532535 0.392530
vt 0.863658 0.646296
vt 0.863624 0.652998
vt 0.392034 0.827958
vt 0.383586 0.836742
vt 0.473306 0.825246
vt 0.587514 0.466589
vt 0.076543 0.065366
vt 0.086399 0.089546
vt 0.085431 0.099578
vt 0.068352 0.093041
vt 0.873150 0.154714
vt 0.882632 0.147534
vt 0.891466 0.155676
vt 0.816915 0.798374
vt 0.083408 0.112848
vt 0.803039 0.573678
vt 0.873752 0.140177
vt 0.308385 0.606419
vt 0.312524 0.606819
vt 0.311784 0.612766
vt 0.306515 0.643283
vt 0.306369 0.651325
vt 0.307117 0.611630
vt 0.388189 0.422514
vt 0.402661 0.422865
vt 0.240568 0.013904
vt 0.238117 0.005230
vt 0.244753 0.003967
vt 0.402409 0.437858
vt 0.399895 0.438879
vt 0.398941 0.432766
vt 0.405873 0.435321
vt 0.306506 0.633697
vt 0.246571 0.212554
vt 0.317779 0.623107
vt 0.173228 0.163316
vt 0.163439 0.191048
vt 0.229650 0.180171
vt 0.230804 0.176470
vt 0.734704 0.952790
vt 0.337057 0.557158
vt 0.322041 0.560805
vt 0.773758 0.935336
vt 0.059109 0.596111
vt 0.537275 0.047092
vt 0.553495 0.025685
vt 0.555041 0.030862
vt 0.079004 0.508660
vt 0.918415 0.698264
vt 0.274956 0.855722
vt 0.283484 0.858541
vt 0.154999 0.748822
vt 0.599526 0.752171
vt 0.627157 0.743804
vt 0.125025 0.667372
vt 0.613651 0.139295
vt 0.657099 0.157189
vt 0.647684 0.166782
vt 0.651578 0.145903
vt 0.393804 0.668282
vt 0.642820 0.132289
vt 0.264771 0.893052
vt 0.162963 0.730740
vt 0.239652 0.915082
vt 0.245110 0.914111
vt 0.110381 0.832254
vt 0.100187 0.841457
vt 0.128167 0.044184
vt 0.143654 0.049263
vt 0.095266 0.817414
vt 0.139467 0.055374
vt 0.097123 0.235403
vt 0.533811 0.363521
vt 0.858043 0.662761
vt 0.064841 0.048687
vt 0.034398 0.473582
vt 0.597398 0.465269
vt 0.025435 0.494319
vt 0.091182 0.101716
vt 0.816293 0.571579
vt 0.812081 0.567241
vt 0.089851 0.118015
vt 0.070747 0.109390
vt 0.299959 0.664848
vt 0.311372 0.661372
vt 0.309077 0.596668
vt 0.324535 0.614166
vt 0.295366 0.933504
vt 0.865108 0.139341
vt 0.313815 0.623938
vt 0.838752 0.646808
vt 0.333692 0.916223
vt 0.608496 0.548483
vt 0.160929 0.176018
vt 0.156886 0.181210
vt 0.156414 0.202129
vt 0.156368 0.194925
vt 0.757933 0.429323
vt 0.942718 0.765192
vt 0.427548 0.877923
vt 0.438699 0.869768
vt 0.437902 0.883336
vt 0.959992 0.772288
vt 0.435573 0.890829
vt 0.324236 0.565681
vt 0.774335 0.928691
vt 0.778486 0.932688
vt 0.056993 0.617436
vt 0.044112 0.489786
vt 0.046600 0.491435
vt 0.538404 0.593842
vt 0.506516 0.591020
vt 0.354314 0.069811
vt 0.275421 0.853814
vt 0.592570 0.756306
vt 0.907629 0.737620
vt 0.888960 0.731727
vt 0.642814 0.756299
vt 0.897776 0.748291
vt 0.640291 0.741644
vt 0.002038 0.784792
vt 0.017927 0.787065
vt 0.008081 0.794186
vt 0.009077 0.775279
vt 0.726741 0.036620
vt 0.734489 0.012772
vt 0.740613 0.039756
vt 0.637158 0.168791
vt 0.893084 0.755058
vt 0.898203 0.764889
vt 0.889105 0.759815
vt 0.594209 0.130711
vt 0.639156 0.732102
vt 0.666098 0.732410
vt 0.192934 0.027653
vt 0.220322 0.032082
vt 0.192866 0.041658
vt 0.666990 0.746445
vt 0.631216 0.104694
vt 0.265896 0.900890
vt 0.923284 0.133633
vt 0.947576 0.138566
vt 0.933496 0.176209
vt 0.640777 0.110104
vt 0.649179 0.134386
vt 0.235515 0.916348
vt 0.145436 0.935975
vt 0.152436 0.944432
vt 0.116062 0.036786
vt 0.085467 0.815097
vt 0.748035 0.363076
vt 0.108804 0.255661
vt 0.198911 0.709005
vt 0.528704 0.376184
vt 0.866235 0.635409
vt 0.868587 0.642362
vt 0.088512 0.078961
vt 0.803463 0.816983
vt 0.880342 0.167382
vt 0.293696 0.606228
vt 0.328400 0.942490
vt 0.696429 0.452876
vt 0.680015 0.446902
vt 0.700720 0.444517
vt 0.676531 0.438812
vt 0.699802 0.429612
vt 0.365466 0.424321
vt 0.335669 0.926776
vt 0.163985 0.157534
vt 0.224552 0.191643
vt 0.830169 0.581490
vt 0.837789 0.566157
vt 0.915123 0.761051
vt 0.917050 0.758509
vt 0.776803 0.936319
vt 0.749047 0.653747
vt 0.546920 0.047128
vt 0.551762 0.009487
vt 0.574527 0.014297
vt 0.623642 0.738917
vt 0.283522 0.677051
vt 0.635671 0.733089
vt 0.885128 0.752624
vt 0.460639 0.760202
vt 0.253078 0.872838
vt 0.312135 0.689815
vt 0.328840 0.732803
vt 0.324835 0.721699
vt 0.336874 0.706533
vt 0.308668 0.718028
vt 0.331876 0.695679
vt 0.304312 0.714610
vt 0.388058 0.656348
vt 0.936409 0.128974
vt 0.308694 0.733473
vt 0.301575 0.718905
vt 0.141895 0.922810
vt 0.854369 0.673369
vt 0.611892 0.477492
vt 0.022237 0.481943
vt 0.114200 0.993593
vt 0.099256 0.993490
vt 0.100775 0.984874
vt 0.545276 0.922504
vt 0.517119 0.912762
vt 0.514883 0.905270
vt 0.502893 0.910332
vt 0.503327 0.921386
vt 0.094533 0.093420
vt 0.873453 0.167580
vt 0.488288 0.916956
vt 0.036392 0.068881
vt 0.821288 0.802326
vt 0.060661 0.099736
vt 0.610787 0.586327
vt 0.744826 0.589177
vt 0.292848 0.943931
vt 0.675077 0.453943
vt 0.284033 0.619615
vt 0.246169 0.015945
vt 0.251819 0.006922
vt 0.669593 0.444656
vt 0.836846 0.651673
vt 0.760370 0.638358
vt 0.768020 0.633957
vt 0.558711 0.143751
vt 0.550409 0.152880
vt 0.534320 0.140310
vt 0.527569 0.147436
vt 0.513316 0.150816
vt 0.513721 0.128366
vt 0.743931 0.119697
vt 0.081269 0.500914
vt 0.900259 0.710366
vt 0.988115 0.743395
vt 0.984700 0.753905
vt 0.978012 0.746904
vt 0.346281 0.713261
vt 0.340178 0.724660
vt 0.187496 0.022639
vt 0.189691 0.019979
vt 0.665241 0.172380
vt 0.398013 0.654929
vt 0.024320 0.903230
vt 0.024147 0.898798
vt 0.032855 0.904453
vt 0.751447 0.387539
vt 0.962183 0.142242
vt 0.919997 0.130902
vt 0.434695 0.020451
vt 0.433399 0.005034
vt 0.439570 0.007010
vt 0.421542 0.016040
vt 0.509216 0.895479
vt 0.503233 0.900977
vt 0.531146 0.907778
vt 0.489534 0.909573
vt 0.496244 0.899671
vt 0.486780 0.905755
vt 0.467979 0.904470
vt 0.486170 0.899350
vt 0.512358 0.920288
vt 0.480998 0.909985
vt 0.484004 0.915169
vt 0.041410 0.495454
vt 0.869190 0.171737
vt 0.868695 0.160523
vt 0.485531 0.929761
vt 0.866809 0.165934
vt 0.024177 0.507858
vt 0.018885 0.512881
vt 0.018297 0.499575
vt 0.098029 0.107479
vt 0.776688 0.555431
vt 0.865425 0.143911
vt 0.298176 0.654923
vt 0.305579 0.596413
vt 0.285933 0.632540
vt 0.294669 0.629132
vt 0.977782 0.762105
vt 0.973763 0.766123
vt 0.965762 0.762511
vt 0.424339 0.440151
vt 0.817388 0.599430
vt 0.773577 0.943419
vt 0.770750 0.955837
vt 0.088141 0.615480
vt 0.059795 0.489203
vt 0.353624 0.052367
vt 0.891026 0.744933
vt 0.630373 0.728696
vt 0.205222 0.908602
vt 0.342465 0.701087
vt 0.314887 0.697194
vt 0.166918 0.706441
vt 0.272377 0.892292
vt 0.676778 0.144507
vt 0.244468 0.926188
vt 0.448121 0.036762
vt 0.427221 0.032413
vt 0.076598 0.811585
vt 0.538029 0.335546
vt 0.852503 0.689744
vt 0.842502 0.692257
vt 0.879254 0.628048
vt 0.880779 0.637006
vt 0.862810 0.665260
vt 0.617991 0.525582
vt 0.079342 0.057647
vt 0.020606 0.492275
vt 0.024381 0.497397
vt 0.481383 0.921890
vt 0.999786 0.074539
vt 0.995305 0.071162
vt 0.995992 0.064391
vt 0.041952 0.090565
vt 0.327711 0.947974
vt 0.797527 0.011522
vt 0.749671 0.037697
vt 0.785527 0.009812
vt 0.336890 0.923909
vt 0.223925 0.189330
vt 0.802546 0.643541
vt 0.874107 0.611042
vt 0.868804 0.594049
vt 0.882747 0.598702
vt 0.451891 0.866967
vt 0.312890 0.565998
vt 0.744485 0.663297
vt 0.587476 0.744377
vt 0.899931 0.700356
vt 0.501499 0.130135
vt 0.505286 0.159579
vt 0.491934 0.136268
vt 0.163393 0.680867
vt 0.672385 0.159366
vt 0.970553 0.759431
vt 0.972229 0.745784
vt 0.985169 0.759749
vt 0.671354 0.111750
vt 0.668507 0.130265
vt 0.152502 0.934559
vt 0.259205 0.910558
vt 0.053108 0.890540
vt 0.913297 0.333362
vt 0.434349 0.045498
vt 0.917059 0.347672
vt 0.421445 0.024878
vt 0.141512 0.066111
vt 0.122984 0.050337
vt 0.071243 0.227370
vt 0.199439 0.663008
vt 0.533962 0.342668
vt 0.851247 0.699295
vt 0.884033 0.644865
vt 0.520213 0.901356
vt 0.092028 0.069987
vt 0.809741 0.818778
vt 0.028980 0.502357
vt 0.020010 0.520781
vt 0.014132 0.512954
vt 0.797970 0.543496
vt 0.673340 0.988010
vt 0.651648 0.995058
vt 0.656152 0.970087
vt 0.708317 0.462309
vt 0.692613 0.461779
vt 0.024821 0.518199
vt 0.286937 0.666624
vt 0.863631 0.144338
vt 0.289919 0.644669
vt 0.663816 0.430123
vt 0.330468 0.421411
vt 0.238830 0.060834
vt 0.305642 0.615654
vt 0.137141 0.151041
vt 0.144902 0.206253
vt 0.761933 0.967428
vt 0.763426 0.968392
vt 0.880847 0.592928
vt 0.887294 0.586878
vt 0.460493 0.844140
vt 0.072955 0.597320
vt 0.077469 0.493543
vt 0.338587 0.088759
vt 0.333600 0.079808
vt 0.590874 0.738088
vt 0.256835 0.860665
vt 0.026760 0.791092
vt 0.027708 0.787408
vt 0.207930 0.912048
vt 0.419542 0.982279
vt 0.394584 0.982022
vt 0.416597 0.960933
vt 0.029646 0.924150
vt 0.183173 0.714863
vt 0.181068 0.735094
vt 0.337558 0.748175
vt 0.994521 0.451799
vt 0.983307 0.459946
vt 0.976515 0.439906
vt 0.121020 0.814197
vt 0.125735 0.835906
vt 0.411578 0.008646
vt 0.114731 0.813596
vt 0.748061 0.369603
vt 0.508361 0.386753
vt 0.859794 0.675118
vt 0.586628 0.453465
vt 0.489538 0.896621
vt 0.098615 0.079139
vt 0.030917 0.508805
vt 0.472551 0.018174
vt 0.451362 0.016644
vt 0.451362 0.005037
vt 0.019960 0.523726
vt 0.309502 0.587578
vt 0.333470 0.589280
vt 0.304065 0.589365
vt 0.295771 0.577378
vt 0.420217 0.426877
vt 0.705778 0.412094
vt 0.684150 0.420419
vt 0.821774 0.656845
vt 0.270180 0.518468
vt 0.279007 0.544021
vt 0.261390 0.549486
vt 0.285075 0.519530
vt 0.291049 0.550181
vt 0.815527 0.649365
vt 0.141503 0.198388
vt 0.761904 0.958861
vt 0.565133 0.141431
vt 0.557855 0.160489
vt 0.440865 0.889776
vt 0.433138 0.898692
vt 0.782848 0.941865
vt 0.750239 0.645920
vt 0.788527 0.936265
vt 0.272038 0.851434
vt 0.619763 0.724683
vt 0.869358 0.711242
vt 0.491473 0.162149
vt 0.628413 0.712720
vt 0.166767 0.031105
vt 0.316457 0.689645
vt 0.186633 0.728331
vt 0.189638 0.730948
vt 0.955997 0.110978
vt 0.087835 0.806154
vt 0.083097 0.803635
vt 0.910293 0.350913
vt 0.034053 0.216268
vt 0.055452 0.213198
vt 0.509667 0.371949
vt 0.510241 0.395592
vt 0.025743 0.472989
vt 0.081632 0.048675
vt 0.271134 0.824487
vt 0.277133 0.812713
vt 0.287842 0.830867
vt 0.116365 0.987486
vt 0.455033 0.036210
vt 0.479419 0.003676
vt 0.012126 0.517213
vt 0.032870 0.515304
vt 0.009996 0.532643
vt 0.297937 0.944861
vt 0.182649 0.897537
vt 0.212219 0.885975
vt 0.186640 0.899778
vt 0.256029 0.519820
vt 0.299796 0.528824
vt 0.202510 0.185575
vt 0.786876 0.953277
vt 0.444066 0.883884
vt 0.565016 0.156863
vt 0.783752 0.939143
vt 0.582521 0.049215
vt 0.043621 0.473585
vt 0.583458 0.029106
vt 0.065929 0.482589
vt 0.526988 0.159494
vt 0.172254 0.023441
vt 0.293359 0.671465
vt 0.401204 0.952430
vt 0.465363 0.746706
vt 0.357819 0.727069
vt 0.486490 0.486831
vt 0.476026 0.481862
vt 0.481207 0.477681
vt 0.470258 0.475308
vt 0.917879 0.336444
vt 0.144256 0.837785
vt 0.805375 0.004145
vt 0.818351 0.006588
vt 0.806174 0.026236
vt 0.827981 0.020346
vt 0.811637 0.023014
vt 0.408088 0.028189
vt 0.519817 0.331942
vt 0.867128 0.681699
vt 0.503262 0.889676
vt 0.628613 0.497567
vt 0.623945 0.480495
vt 0.492852 0.887037
vt 0.485721 0.890779
vt 0.279423 0.337678
vt 0.280960 0.308660
vt 0.295335 0.314954
vt 0.040069 0.515164
vt 0.876622 0.909710
vt 0.863359 0.922657
vt 0.853753 0.902962
vt 0.016295 0.533520
vt 0.011897 0.534375
vt 0.234628 0.224735
vt 0.229536 0.223071
vt 0.770091 0.968060
vt 0.747708 0.950139
vt 0.559268 0.049230
vt 0.585903 0.037706
vt 0.343061 0.077153
vt 0.754902 0.253563
vt 0.272702 0.673235
vt 0.286276 0.670129
vt 0.247432 0.875581
vt 0.240010 0.866571
vt 0.027890 0.775390
vt 0.648188 0.987577
vt 0.644388 0.965668
vt 0.655695 0.959140
vt 0.368847 0.712006
vt 0.650862 0.172740
vt 0.375595 0.959877
vt 0.193673 0.725172
vt 0.960308 0.752921
vt 0.957884 0.743581
vt 0.474628 0.493155
vt 0.981356 0.232461
vt 0.978477 0.223601
vt 0.991577 0.226364
vt 0.465500 0.484058
vt 0.085098 0.031680
vt 0.790370 0.030300
vt 0.141785 0.820483
vt 0.122378 0.046458
vt 0.104356 0.797660
vt 0.066026 0.806959
vt 0.076492 0.800061
vt 0.090692 0.214583
vt 0.507158 0.354570
vt 0.857604 0.696529
vt 0.825848 0.809881
vt 0.462707 0.035795
vt 0.276296 0.337503
vt 0.894574 0.919138
vt 0.896746 0.931457
vt 0.884360 0.913296
vt 0.339016 0.598124
vt 0.627438 0.582851
vt 0.051188 0.105325
vt 0.674147 0.471249
vt 0.968539 0.557240
vt 0.955849 0.570717
vt 0.959989 0.554523
vt 0.064652 0.119710
vt 0.630683 0.556527
vt 0.244971 0.030309
vt 0.774256 0.016681
vt 0.216696 0.213099
vt 0.308583 0.505954
vt 0.333272 0.538221
vt 0.806879 0.653841
vt 0.273432 0.456269
vt 0.245785 0.463126
vt 0.279203 0.445641
vt 0.265577 0.450513
vt 0.248018 0.453282
vt 0.267405 0.442571
vt 0.954117 0.739153
vt 0.447650 0.889220
vt 0.384250 0.579721
vt 0.365822 0.583923
vt 0.788245 0.942323
vt 0.545375 0.053322
vt 0.550702 0.164766
vt 0.086411 0.500533
vt 0.270750 0.847915
vt 0.284692 0.844124
vt 0.596862 0.720466
vt 0.469741 0.770055
vt 0.313967 0.683829
vt 0.038248 0.915714
vt 0.196699 0.712036
vt 0.041125 0.920715
vt 0.056410 0.900513
vt 0.111125 0.803733
vt 0.659491 0.349231
vt 0.656594 0.337413
vt 0.660935 0.341802
vt 0.648670 0.354654
vt 0.097933 0.564032
vt 0.075201 0.561643
vt 0.093363 0.533222
vt 0.514557 0.343861
vt 0.880051 0.662262
vt 0.695614 0.477989
vt 0.048914 0.507728
vt 0.792878 0.177187
vt 0.768285 0.185206
vt 0.766944 0.177651
vt 0.785313 0.183495
vt 0.027423 0.522633
vt 0.787479 0.169009
vt 0.923983 0.943294
vt 0.928460 0.949688
vt 0.899405 0.934668
vt 0.185284 0.873096
vt 0.657549 0.463368
vt 0.241920 0.043822
vt 0.566041 0.163119
vt 0.558684 0.165482
vt 0.787547 0.932359
vt 0.738965 0.660758
vt 0.581267 0.013744
vt 0.265853 0.844746
vt 0.598474 0.711275
vt 0.470628 0.782835
vt 0.231738 0.872805
vt 0.209662 0.872696
vt 0.228856 0.879457
vt 0.214276 0.883343
vt 0.039690 0.793353
vt 0.000198 0.966608
vt 0.005476 0.962412
vt 0.009843 0.971676
vt 0.190375 0.686358
vt 0.470244 0.758945
vt 0.272442 0.908074
vt 0.389177 0.616398
vt 0.376704 0.629646
vt 0.349710 0.628357
vt 0.043446 0.869634
vt 0.063119 0.867544
vt 0.403420 0.042892
vt 0.399148 0.021766
vt 0.095480 0.792570
vt 0.393702 0.640068
vt 0.384926 0.648835
vt 0.663896 0.354057
vt 0.517628 0.323906
vt 0.384285 0.744128
vt 0.375893 0.753781
vt 0.368548 0.728101
vt 0.043121 0.197391
vt 0.676231 0.405750
vt 0.674956 0.417289
vt 0.666367 0.400771
vt 0.203460 0.639362
vt 0.223072 0.636829
vt 0.521941 0.891337
vt 0.290178 0.192773
vt 0.300758 0.187699
vt 0.310140 0.196528
vt 0.120588 0.089470
vt 0.461213 0.051779
vt 0.471761 0.038817
vt 0.106957 0.000031
vt 0.104106 0.002424
vt 0.089901 0.000802
vt 0.343777 0.020746
vt 0.345043 0.022938
vt 0.320623 0.022352
vt 0.629471 0.603719
vt 0.286552 0.649228
vt 0.882978 0.919417
vt 0.040636 0.518932
vt 0.980932 0.592109
vt 0.963219 0.578368
vt 0.982111 0.578637
vt 0.977145 0.567312
vt 0.133930 0.189974
vt 0.300030 0.505091
vt 0.226128 0.177914
vt 0.201863 0.183797
vt 0.459654 0.872050
vt 0.326205 0.075337
vt 0.218996 0.869602
vt 0.625124 0.714068
vt 0.987195 0.317257
vt 0.987677 0.335771
vt 0.982655 0.314796
vt 0.373782 0.974917
vt 0.316575 0.684226
vt 0.467589 0.728211
vt 0.063580 0.918766
vt 0.668919 0.340580
vt 0.669616 0.361482
vt 0.666429 0.363307
vt 0.674879 0.371635
vt 0.679694 0.368181
vt 0.680863 0.375903
vt 0.682598 0.385273
vt 0.116557 0.979407
vt 0.616486 0.451133
vt 0.592807 0.445318
vt 0.472966 0.037676
vt 0.904809 0.915761
vt 0.266198 0.317308
vt 0.275646 0.303602
vt 0.036446 0.099965
vt 0.832848 0.663269
vt 0.266791 0.578876
vt 0.149746 0.148350
vt 0.165305 0.154992
vt 0.126994 0.170445
vt 0.205731 0.198914
vt 0.277626 0.436688
vt 0.870119 0.584991
vt 0.773167 0.624716
vt 0.763317 0.620135
vt 0.751741 0.631324
vt 0.045843 0.472863
vt 0.526455 0.172599
vt 0.267924 0.843464
vt 0.087398 0.491158
vt 0.733382 0.665648
vt 0.033941 0.978470
vt 0.038093 0.986601
vt 0.004895 0.986299
vt 0.880850 0.743907
vt 0.045167 0.881677
vt 0.048030 0.888422
vt 0.004498 0.889209
vt 0.665439 0.081065
vt 0.973257 0.719387
vt 0.046190 0.923874
vt 0.825693 0.056729
vt 0.111621 0.050686
vt 0.266874 0.923995
vt 0.411335 0.055430
vt 0.109967 0.540114
vt 0.689184 0.357527
vt 0.860557 0.709213
vt 0.296567 0.177214
vt 0.299355 0.184919
vt 0.281975 0.190233
vt 0.506807 0.877749
vt 0.320744 0.179274
vt 0.314359 0.182974
vt 0.302088 0.177570
vt 0.625207 0.537500
vt 0.026475 0.527435
vt 0.045806 0.514468
vt 0.980265 0.561429
vt 0.048864 0.116981
vt 0.342654 0.945204
vt 0.345629 0.937546
vt 0.788761 0.714618
vt 0.777794 0.748094
vt 0.771425 0.723501
vt 0.226780 0.228464
vt 0.135948 0.149248
vt 0.342109 0.510125
vt 0.275618 0.622340
vt 0.848679 0.584248
vt 0.284225 0.497061
vt 0.285868 0.455180
vt 0.265168 0.466260
vt 0.261712 0.463413
vt 0.920625 0.732692
vt 0.565858 0.173322
vt 0.317212 0.054268
vt 0.218719 0.854276
vt 0.865090 0.699883
vt 0.248992 0.845155
vt 0.227936 0.856184
vt 0.007971 0.956490
vt 0.309821 0.667266
vt 0.066412 0.907740
vt 0.467085 0.506597
vt 0.482724 0.497840
vt 0.809763 0.039635
vt 0.059471 0.892895
vt 0.129885 0.065780
vt 0.383227 0.761660
vt 0.415730 0.762785
vt 0.411502 0.774746
vt 0.863144 0.703388
vt 0.121416 0.988699
vt 0.122639 0.980912
vt 0.641340 0.495450
vt 0.122364 0.063237
vt 0.467870 0.052289
vt 0.327408 0.578259
vt 0.306167 0.955296
vt 0.991132 0.552504
vt 0.872522 0.927967
vt 0.856613 0.931730
vt 0.121842 0.207014
vt 0.557397 0.173570
vt 0.571159 0.177916
vt 0.738104 0.649885
vt 0.238210 0.566428
vt 0.236199 0.565383
vt 0.240996 0.561483
vt 0.079351 0.624910
vt 0.262383 0.840651
vt 0.097670 0.484130
vt 0.569142 0.742154
vt 0.266328 0.833756
vt 0.169226 0.014307
vt 0.000681 0.956441
vt 0.320375 0.680187
vt 0.364422 0.752529
vt 0.144578 0.797173
vt 0.065440 0.883097
vt 0.123486 0.801736
vt 0.395355 0.784344
vt 0.108119 0.206991
vt 0.335375 0.787474
vt 0.354632 0.760388
vt 0.355259 0.796449
vt 0.664887 0.380512
vt 0.873587 0.695368
vt 0.671583 0.423019
vt 0.654459 0.407142
vt 0.851677 0.744508
vt 0.842507 0.754004
vt 0.837039 0.737213
vt 0.320058 0.163875
vt 0.334101 0.163580
vt 0.330584 0.171025
vt 0.304231 0.205935
vt 0.492963 0.877309
vt 0.898136 0.902592
vt 0.300992 0.957670
vt 0.939391 0.953854
vt 0.198695 0.954827
vt 0.195171 0.963970
vt 0.176320 0.951968
vt 0.836775 0.603053
vt 0.828808 0.620801
vt 0.769430 0.701724
vt 0.273193 0.490324
vt 0.242541 0.440585
vt 0.882795 0.581424
vt 0.461055 0.886213
vt 0.564877 0.178916
vt 0.567567 0.181613
vt 0.573328 0.186904
vt 0.570562 0.187890
vt 0.565292 0.183976
vt 0.566915 0.193203
vt 0.800313 0.939711
vt 0.569560 0.199512
vt 0.590219 0.056777
vt 0.250190 0.561069
vt 0.248371 0.558241
vt 0.254015 0.556145
vt 0.241714 0.571747
vt 0.244172 0.562429
vt 0.240587 0.559720
vt 0.552036 0.173782
vt 0.066298 0.457272
vt 0.044818 0.982697
vt 0.048139 0.975575
vt 0.088711 0.982498
vt 0.622173 0.700225
vt 0.968091 0.308392
vt 0.956359 0.314033
vt 0.974851 0.344125
vt 0.002764 0.945162
vt 0.006397 0.900827
vt 0.014366 0.878260
vt 0.008562 0.110296
vt 0.033953 0.117366
vt 0.025925 0.124789
vt 0.993059 0.048949
vt 0.987795 0.029301
vt 0.993007 0.013888
vt 0.386743 0.573994
vt 0.402691 0.581843
vt 0.801995 0.040534
vt 0.463107 0.501034
vt 0.118921 0.054538
vt 0.171001 0.578626
vt 0.165597 0.579893
vt 0.163377 0.574436
vt 0.111515 0.793795
vt 0.410569 0.621581
vt 0.389636 0.036979
vt 0.648532 0.367391
vt 0.639548 0.345372
vt 0.383471 0.781858
vt 0.678655 0.393747
vt 0.665637 0.387668
vt 0.285931 0.158282
vt 0.301065 0.160402
vt 0.126593 0.070458
vt 0.708676 0.489218
vt 0.358154 0.603316
vt 0.343460 0.624880
vt 0.291354 0.959641
vt 0.797471 0.181212
vt 0.210243 0.959684
vt 0.219976 0.959238
vt 0.211593 0.965331
vt 0.938859 0.346997
vt 0.923353 0.346547
vt 0.929241 0.328427
vt 0.339769 0.959093
vt 0.349785 0.945467
vt 0.760120 0.023411
vt 0.302651 0.484883
vt 0.469794 0.873349
vt 0.791275 0.948501
vt 0.561555 0.186933
vt 0.488735 0.874149
vt 0.481135 0.894917
vt 0.471004 0.889081
vt 0.232382 0.562315
vt 0.644256 0.953023
vt 0.165266 0.022657
vt 0.970598 0.300941
vt 0.985418 0.304087
vt 0.482208 0.768408
vt 0.034838 0.094205
vt 0.032786 0.106844
vt 0.025277 0.094070
vt 0.008862 0.100531
vt 0.025872 0.110391
vt 0.740264 0.261147
vt 0.746332 0.272529
vt 0.740884 0.268234
vt 0.159536 0.564056
vt 0.143398 0.568384
vt 0.142777 0.555379
vt 0.189359 0.585498
vt 0.164156 0.587983
vt 0.155804 0.582428
vt 0.415108 0.645238
vt 0.120650 0.793433
vt 0.342664 0.807717
vt 0.479409 0.577711
vt 0.459917 0.564085
vt 0.477668 0.567121
vt 0.314596 0.139439
vt 0.315513 0.809099
vt 0.292629 0.853942
vt 0.109918 0.053610
vt 0.638233 0.470272
vt 0.476500 0.042360
vt 0.898684 0.896938
vt 0.796091 0.209441
vt 0.311460 0.578920
vt 0.447146 0.422066
vt 0.915579 0.890193
vt 0.911909 0.922812
vt 0.199306 0.964000
vt 0.930402 0.906214
vt 0.943467 0.932548
vt 0.923459 0.929021
vt 0.320787 0.483240
vt 0.118661 0.216402
vt 0.771471 0.614773
vt 0.745803 0.986754
vt 0.757757 0.978069
vt 0.768188 0.998858
vt 0.469808 0.841421
vt 0.739793 0.640603
vt 0.244735 0.582014
vt 0.807462 0.937796
vt 0.234721 0.570085
vt 0.241395 0.553830
vt 0.520835 0.182512
vt 0.334360 0.044204
vt 0.237475 0.840949
vt 0.159797 0.423832
vt 0.150447 0.407262
vt 0.158841 0.416583
vt 0.032607 0.970275
vt 0.800891 0.925960
vt 0.797312 0.911770
vt 0.817764 0.920612
vt 0.476943 0.747724
vt 0.313357 0.670195
vt 0.823529 0.908129
vt 0.811361 0.906512
vt 0.816522 0.904029
vt 0.959403 0.347759
vt 0.986596 0.367516
vt 0.963815 0.371436
vt 0.441628 0.490745
vt 0.469940 0.525770
vt 0.757753 0.257945
vt 0.109741 0.568955
vt 0.372056 0.809454
vt 0.655895 0.380031
vt 0.093378 0.573833
vt 0.327938 0.192101
vt 0.333200 0.152760
vt 0.337392 0.157897
vt 0.223779 0.979795
vt 0.940219 0.959036
vt 0.996397 0.567163
vt 0.996526 0.597785
vt 0.212926 0.226085
vt 0.810579 0.661990
vt 0.768491 0.731593
vt 0.765245 0.712960
vt 0.762326 0.018891
vt 0.285102 0.477952
vt 0.254660 0.549855
vt 0.240237 0.579065
vt 0.258154 0.833855
vt 0.088906 0.478391
vt 0.317501 0.088396
vt 0.136204 0.431791
vt 0.141405 0.409349
vt 0.983897 0.195702
vt 0.976659 0.185741
vt 0.993886 0.186410
vt 0.157194 0.031892
vt 0.963219 0.341855
vt 0.147501 0.054142
vt 0.155613 0.038957
vt 0.173367 0.053854
vt 0.794419 0.040723
vt 0.767502 0.034955
vt 0.611961 0.022161
vt 0.611961 0.048531
vt 0.606498 0.037265
vt 0.377604 0.001516
vt 0.080622 0.583219
vt 0.063955 0.576696
vt 0.264756 0.175426
vt 0.638386 0.537255
vt 0.280852 0.275137
vt 0.923755 0.917360
vt 0.763396 0.834157
vt 0.756115 0.807331
vt 0.783927 0.815468
vt 0.184282 0.860163
vt 0.754656 0.693383
vt 0.878635 0.577466
vt 0.477726 0.851422
vt 0.799462 0.944158
vt 0.563591 0.200549
vt 0.239051 0.550271
vt 0.032423 0.455190
vt 0.345896 0.046682
vt 0.277241 0.953141
vt 0.287823 0.911857
vt 0.289142 0.936144
vt 0.137582 0.410357
vt 0.626800 0.702375
vt 0.973311 0.616834
vt 0.958800 0.624375
vt 0.955858 0.617998
vt 0.914923 0.568750
vt 0.917716 0.566966
vt 0.918281 0.585975
vt 0.972214 0.636106
vt 0.006549 0.087825
vt 0.842842 0.000401
vt 0.830354 0.017590
vt 0.818424 0.000083
vt 0.040671 0.133867
vt 0.365210 0.386867
vt 0.355588 0.384961
vt 0.353967 0.379786
vt 0.088427 0.055181
vt 0.083855 0.928725
vt 0.126693 0.564158
vt 0.125020 0.554295
vt 0.136533 0.540957
vt 0.624036 0.370980
vt 0.601440 0.372524
vt 0.620358 0.351977
vt 0.016760 0.323123
vt 0.022522 0.330239
vt 0.008406 0.335287
vt 0.625324 0.357988
vt 0.433817 0.641414
vt 0.424048 0.654283
vt 0.632122 0.351213
vt 0.637299 0.370632
vt 0.476705 0.560904
vt 0.485629 0.559703
vt 0.488840 0.568091
vt 0.824352 0.729954
vt 0.829387 0.742694
vt 0.350031 0.159471
vt 0.339138 0.150007
vt 0.351906 0.149397
vt 0.880429 0.017837
vt 0.889083 0.010313
vt 0.892750 0.020962
vt 0.916461 0.179092
vt 0.907031 0.165101
vt 0.914351 0.161688
vt 0.343648 0.584206
vt 0.973113 0.441093
vt 0.981259 0.463402
vt 0.961109 0.455398
vt 0.813598 0.170454
vt 0.955283 0.933943
vt 0.929373 0.875966
vt 0.197858 0.971676
vt 0.133667 0.499302
vt 0.133305 0.478548
vt 0.167612 0.509905
vt 0.257510 0.488609
vt 0.117564 0.200068
vt 0.200907 0.195968
vt 0.888693 0.573991
vt 0.486612 0.866345
vt 0.245472 0.590264
vt 0.796933 0.946103
vt 0.210737 0.833759
vt 0.725850 0.652151
vt 0.484821 0.779766
vt 0.032215 0.965515
vt 0.176516 0.998302
vt 0.147490 0.999418
vt 0.157244 0.989316
vt 0.270217 0.598124
vt 0.273406 0.610761
vt 0.258801 0.606602
vt 0.437399 0.098945
vt 0.425929 0.074096
vt 0.434566 0.069385
vt 0.487342 0.242107
vt 0.486091 0.259538
vt 0.477409 0.238471
vt 0.389147 0.714609
vt 0.420728 0.104070
vt 0.044998 0.117305
vt 0.632323 0.984762
vt 0.617751 0.961441
vt 0.644891 0.939146
vt 0.846390 0.825477
vt 0.827383 0.822206
vt 0.840629 0.813462
vt 0.340823 0.405506
vt 0.358061 0.396228
vt 0.353922 0.415736
vt 0.343710 0.385937
vt 0.381031 0.376835
vt 0.426494 0.587241
vt 0.745067 0.274962
vt 0.121000 0.539114
vt 0.117016 0.564195
vt 0.633410 0.387142
vt 0.623719 0.378355
vt 0.475317 0.547482
vt 0.478281 0.555419
vt 0.647113 0.396754
vt 0.460863 0.552851
vt 0.928294 0.172230
vt 0.002665 0.112094
vt 0.034645 0.135329
vt 0.004939 0.132708
vt 0.372876 0.614338
vt 0.688298 0.496104
vt 0.819920 0.160790
vt 0.208872 0.975294
vt 0.752989 0.847788
vt 0.730501 0.813362
vt 0.946183 0.913409
vt 0.668199 0.333602
vt 0.612628 0.293009
vt 0.673019 0.287741
vt 0.938089 0.216074
vt 0.947808 0.218056
vt 0.937301 0.220743
vt 0.391651 0.869248
vt 0.377955 0.848783
vt 0.399433 0.847608
vt 0.152309 0.490935
vt 0.953417 0.980979
vt 0.959112 0.999876
vt 0.949553 0.987212
vt 0.802883 0.660560
vt 0.849779 0.579407
vt 0.233360 0.546058
vt 0.252652 0.526458
vt 0.225425 0.562608
vt 0.222674 0.558207
vt 0.147109 0.394418
vt 0.174118 0.954468
vt 0.163032 0.988586
vt 0.139088 0.971812
vt 0.031734 0.078700
vt 0.942613 0.310062
vt 0.251880 0.592001
vt 0.263607 0.585779
vt 0.171096 0.038970
vt 0.901934 0.546488
vt 0.907035 0.533758
vt 0.912567 0.541422
vt 0.881422 0.537680
vt 0.292669 0.390522
vt 0.297348 0.378912
vt 0.459856 0.514189
vt 0.756274 0.270287
vt 0.640943 0.579890
vt 0.640341 0.610467
vt 0.629742 0.611858
vt 0.014156 0.338143
vt 0.032224 0.999609
vt 0.030682 0.989874
vt 0.043447 0.999817
vt 0.296473 0.128943
vt 0.331531 0.207009
vt 0.345789 0.166712
vt 0.313513 0.838734
vt 0.878954 0.002111
vt 0.029215 0.696874
vt 0.010059 0.696874
vt 0.017065 0.685060
vt 0.985563 0.182017
vt 0.947672 0.182017
vt 0.970311 0.169971
vt 0.520008 0.416983
vt 0.502853 0.433812
vt 0.518322 0.399748
vt 0.572806 0.629449
vt 0.563141 0.626712
vt 0.568831 0.624720
vt 0.954237 0.227154
vt 0.945836 0.897365
vt 0.761089 0.692526
vt 0.864689 0.566868
vt 0.222775 0.582511
vt 0.458277 0.233116
vt 0.473262 0.226380
vt 0.470132 0.243201
vt 0.739496 0.886737
vt 0.717855 0.876473
vt 0.734841 0.867850
vt 0.722925 0.897731
vt 0.855428 0.812745
vt 0.407878 0.909580
vt 0.417376 0.893373
vt 0.416466 0.913072
vt 0.423461 0.903557
vt 0.810221 0.893389
vt 0.382650 0.381783
vt 0.731540 0.268823
vt 0.130479 0.592954
vt 0.648074 0.596863
vt 0.467971 0.531303
vt 0.487671 0.530437
vt 0.478489 0.543347
vt 0.078681 0.597142
vt 0.337489 0.188111
vt 0.834014 0.714106
vt 0.641629 0.455866
vt 0.631148 0.445405
vt 0.967996 0.060933
vt 0.947465 0.093907
vt 0.930337 0.084018
vt 0.413989 0.170389
vt 0.400407 0.219211
vt 0.388021 0.199585
vt 0.387281 0.020263
vt 0.282989 0.277327
vt 0.907758 0.890569
vt 0.198950 0.011222
vt 0.201360 0.004116
vt 0.207708 0.007806
vt 0.874632 0.955163
vt 0.861831 0.612471
vt 0.751696 0.687642
vt 0.737179 0.694203
vt 0.296599 0.446992
vt 0.299292 0.459147
vt 0.754897 0.615923
vt 0.504621 0.851411
vt 0.692179 0.305033
vt 0.688178 0.282550
vt 0.701955 0.311716
vt 0.196266 0.562236
vt 0.210396 0.550935
vt 0.723046 0.662674
vt 0.966735 0.597534
vt 0.275905 0.925184
vt 0.267861 0.614833
vt 0.908578 0.565806
vt 0.243500 0.601148
vt 0.920733 0.557666
vt 0.627230 0.989215
vt 0.609392 0.995011
vt 0.615927 0.965225
vt 0.906616 0.485847
vt 0.928668 0.459590
vt 0.932167 0.474096
vt 0.128848 0.577709
vt 0.097350 0.584576
vt 0.846723 0.710119
vt 0.913465 0.129838
vt 0.644884 0.701390
vt 0.658294 0.685218
vt 0.668113 0.691928
vt 0.495519 0.411640
vt 0.905319 0.367281
vt 0.932989 0.377513
vt 0.089290 0.298154
vt 0.090037 0.305167
vt 0.084993 0.301162
vt 0.973338 0.240353
vt 0.969203 0.240504
vt 0.976345 0.226959
vt 0.889085 0.945502
vt 0.113768 0.108617
vt 0.125829 0.124389
vt 0.103032 0.133972
vt 0.190056 0.978562
vt 0.219234 0.230992
vt 0.229113 0.524303
vt 0.218519 0.487617
vt 0.764325 0.605306
vt 0.655560 0.873530
vt 0.658623 0.882195
vt 0.647056 0.869584
vt 0.690059 0.276974
vt 0.696332 0.298411
vt 0.952958 0.393338
vt 0.948184 0.397886
vt 0.933848 0.379536
vt 0.912851 0.576057
vt 0.750889 0.882583
vt 0.486860 0.757451
vt 0.863481 0.829992
vt 0.482163 0.728474
vt 0.804750 0.896854
vt 0.715911 0.284668
vt 0.694655 0.283099
vt 0.699203 0.264859
vt 0.660091 0.906740
vt 0.660091 0.953839
vt 0.644769 0.950387
vt 0.820043 0.727686
vt 0.370384 0.150000
vt 0.871118 0.011111
vt 0.900585 0.168983
vt 0.636958 0.685990
vt 0.979647 0.241378
vt 0.832408 0.191769
vt 0.971883 0.221556
vt 0.206508 0.016223
vt 0.177866 0.978908
vt 0.954440 0.335647
vt 0.027773 0.580097
vt 0.012566 0.557814
vt 0.023776 0.558792
vt 0.159495 0.520793
vt 0.378111 0.606212
vt 0.257380 0.577530
vt 0.033370 0.369461
vt 0.000081 0.369031
vt 0.005153 0.353170
vt 0.052631 0.769015
vt 0.051837 0.792016
vt 0.030143 0.785066
vt 0.945697 0.411846
vt 0.948773 0.403378
vt 0.967760 0.404751
vt 0.147659 0.989291
vt 0.260410 0.624466
vt 0.929753 0.549519
vt 0.932725 0.556205
vt 0.580095 0.977528
vt 0.583479 0.981318
vt 0.571086 0.985602
vt 0.748963 0.864722
vt 0.448029 0.215220
vt 0.459115 0.216428
vt 0.848670 0.793662
vt 0.191876 0.065271
vt 0.924291 0.538865
vt 0.186512 0.050483
vt 0.921363 0.534456
vt 0.396372 0.895020
vt 0.567443 0.985189
vt 0.560159 0.962774
vt 0.568952 0.965851
vt 0.441385 0.180466
vt 0.440384 0.195152
vt 0.421264 0.169691
vt 0.395828 0.395370
vt 0.749129 0.280225
vt 0.663414 0.586201
vt 0.658904 0.611252
vt 0.457850 0.599707
vt 0.450476 0.651538
vt 0.278203 0.140189
vt 0.358199 0.166627
vt 0.971479 0.095188
vt 0.316899 0.305437
vt 0.503550 0.446746
vt 0.832868 0.207999
vt 0.821591 0.164254
vt 0.836047 0.173493
vt 0.952968 0.242389
vt 0.960120 0.220191
vt 0.555655 0.622170
vt 0.552061 0.616523
vt 0.570724 0.561246
vt 0.118552 0.515341
vt 0.119619 0.511533
vt 0.147500 0.537896
vt 0.805633 0.217560
vt 0.807107 0.242654
vt 0.791821 0.246465
vt 0.201785 0.219329
vt 0.152248 0.480568
vt 0.176353 0.501269
vt 0.397203 0.879586
vt 0.383422 0.879776
vt 0.267518 0.471347
vt 0.386385 0.888959
vt 0.743956 0.008866
vt 0.938813 0.039065
vt 0.941392 0.028731
vt 0.966306 0.038463
vt 0.228684 0.604292
vt 0.731400 0.643418
vt 0.892508 0.625582
vt 0.894978 0.638037
vt 0.892746 0.660285
vt 0.986070 0.594625
vt 0.049783 0.760501
vt 0.943321 0.549060
vt 0.756287 0.873143
vt 0.751755 0.891346
vt 0.435092 0.049693
vt 0.455969 0.038787
vt 0.427169 0.063596
vt 0.866878 0.794458
vt 0.869051 0.807701
vt 0.485816 0.231532
vt 0.232741 0.626918
vt 0.495904 0.238945
vt 0.183818 0.041492
vt 0.866616 0.813451
vt 0.297443 0.967925
vt 0.278337 0.972010
vt 0.283154 0.957921
vt 0.414920 0.057072
vt 0.936551 0.532336
vt 0.031987 0.067407
vt 0.034641 0.073977
vt 0.020342 0.069653
vt 0.383067 0.407109
vt 0.932544 0.501379
vt 0.730993 0.282653
vt 0.119907 0.574486
vt 0.435068 0.516120
vt 0.244275 0.135465
vt 0.217559 0.139374
vt 0.219561 0.130115
vt 0.459985 0.538242
vt 0.358003 0.178169
vt 0.926825 0.160467
vt 0.378806 0.999385
vt 0.371709 0.977542
vt 0.391178 0.984695
vt 0.051346 0.025777
vt 0.005537 0.017942
vt 0.042715 0.005445
vt 0.669582 0.681143
vt 0.413648 0.167271
vt 0.456849 0.144069
vt 0.963880 0.659685
vt 0.985551 0.629856
vt 0.993411 0.677950
vt 0.573267 0.656230
vt 0.950642 0.953150
vt 0.963865 0.934222
vt 0.966168 0.954508
vt 0.900297 0.941529
vt 0.369766 0.829885
vt 0.378707 0.813054
vt 0.381566 0.840386
vt 0.163022 0.473379
vt 0.873163 0.559242
vt 0.659659 0.877885
vt 0.974646 0.395310
vt 0.879968 0.783138
vt 0.899667 0.801961
vt 0.880442 0.806577
vt 0.756445 0.886474
vt 0.868058 0.786797
vt 0.986213 0.625185
vt 0.756039 0.853864
vt 0.041072 0.333066
vt 0.046170 0.338058
vt 0.033948 0.334346
vt 0.018129 0.316655
vt 0.023900 0.313887
vt 0.026590 0.329667
vt 0.498504 0.225489
vt 0.501840 0.230537
vt 0.015264 0.304437
vt 0.024014 0.360266
vt 0.022926 0.335587
vt 0.305675 0.969460
vt 0.307682 0.958185
vt 0.023165 0.341753
vt 0.014907 0.341811
vt 0.309581 0.982467
vt 0.776805 0.858243
vt 0.016227 0.353177
vt 0.401196 0.224420
vt 0.441932 0.204577
vt 0.302172 0.994460
vt 0.405672 0.877273
vt 0.423292 0.869993
vt 0.751122 0.285183
vt 0.753639 0.283266
vt 0.761871 0.268718
vt 0.757288 0.290456
vt 0.901970 0.472113
vt 0.232861 0.160549
vt 0.288997 0.121043
vt 0.275302 0.124505
vt 0.667613 0.667032
vt 0.941975 0.369419
vt 0.665220 0.495747
vt 0.975246 0.223745
vt 0.208331 0.000137
vt 0.214797 0.011137
vt 0.100528 0.120939
vt 0.094135 0.134265
vt 0.094989 0.124603
vt 0.086405 0.130697
vt 0.095226 0.116677
vt 0.082727 0.145523
vt 0.044852 0.122030
vt 0.809847 0.672780
vt 0.013734 0.553906
vt 0.803259 0.671444
vt 0.790600 0.698321
vt 0.936980 0.987177
vt 0.942018 0.999302
vt 0.934359 0.987714
vt 0.438399 0.658729
vt 0.430406 0.667300
vt 0.431952 0.650696
vt 0.275842 0.391374
vt 0.300818 0.422844
vt 0.891416 0.554170
vt 0.740408 0.627261
vt 0.657798 0.872905
vt 0.702615 0.968471
vt 0.687627 0.973341
vt 0.683436 0.923566
vt 0.804710 0.945087
vt 0.111389 0.621281
vt 0.599649 0.050951
vt 0.153744 0.394266
vt 0.128718 0.414393
vt 0.137688 0.390178
vt 0.947020 0.421642
vt 0.049910 0.797497
vt 0.060006 0.801823
vt 0.571901 0.970485
vt 0.586333 0.952711
vt 0.594440 0.947197
vt 0.596338 0.962916
vt 0.870914 0.780710
vt 0.588964 0.979605
vt 0.584397 0.991263
vt 0.603510 0.965145
vt 0.758268 0.883238
vt 0.043483 0.326088
vt 0.047802 0.333679
vt 0.196340 0.049975
vt 0.787299 0.877470
vt 0.414348 0.859177
vt 0.787133 0.856963
vt 0.386317 0.417751
vt 0.402801 0.412346
vt 0.905140 0.518441
vt 0.905480 0.501410
vt 0.609410 0.616087
vt 0.615451 0.615961
vt 0.617188 0.622794
vt 0.893639 0.476487
vt 0.634437 0.618075
vt 0.451735 0.532820
vt 0.110741 0.579833
vt 0.267007 0.153698
vt 0.343210 0.200127
vt 0.820152 0.725310
vt 0.325577 0.850367
vt 0.323505 0.808888
vt 0.681141 0.677423
vt 0.500787 0.670631
vt 0.482587 0.686452
vt 0.482700 0.672446
vt 0.827883 0.160648
vt 0.217826 0.004653
vt 0.820969 0.149141
vt 0.933104 0.873540
vt 0.803489 0.136353
vt 0.816190 0.131842
vt 0.830369 0.023723
vt 0.841452 0.010514
vt 0.891280 0.023850
vt 0.021156 0.553782
vt 0.026462 0.554969
vt 0.013436 0.551664
vt 0.747677 0.034193
vt 0.756908 0.685488
vt 0.745658 0.044644
vt 0.252305 0.886425
vt 0.949983 0.856692
vt 0.962143 0.856692
vt 0.957804 0.915031
vt 0.706353 0.967520
vt 0.656606 0.870748
vt 0.665832 0.875450
vt 0.662160 0.877437
vt 0.811245 0.939495
vt 0.678989 0.279788
vt 0.164647 0.399876
vt 0.612518 0.966349
vt 0.024514 0.305689
vt 0.473692 0.208790
vt 0.178190 0.073877
vt 0.784463 0.929565
vt 0.409741 0.860422
vt 0.420531 0.840978
vt 0.897512 0.493722
vt 0.893033 0.133967
vt 0.681883 0.697777
vt 0.484181 0.434656
vt 0.104556 0.261827
vt 0.117958 0.304629
vt 0.097297 0.285608
vt 0.090312 0.284721
vt 0.108346 0.308800
vt 0.111287 0.307829
vt 0.021171 0.539687
vt 0.031865 0.541248
vt 0.365417 0.841210
vt 0.930707 0.964355
vt 0.930707 0.991462
vt 0.915145 0.989758
vt 0.170970 0.506536
vt 0.374742 0.873616
vt 0.296992 0.438459
vt 0.731563 0.688618
vt 0.747841 0.683139
vt 0.616819 0.267556
vt 0.627257 0.268212
vt 0.305569 0.398273
vt 0.165392 0.008469
vt 0.154006 0.031668
vt 0.145359 0.008748
vt 0.793451 0.959507
vt 0.652760 0.584124
vt 0.651920 0.549103
vt 0.656018 0.545989
vt 0.600182 0.005079
vt 0.130644 0.391389
vt 0.068392 0.796216
vt 0.060642 0.810432
vt 0.605290 0.991929
vt 0.456874 0.210474
vt 0.275787 0.994111
vt 0.269702 0.969869
vt 0.250504 0.988947
vt 0.272866 0.992890
vt 0.233271 0.991816
vt 0.547546 0.938223
vt 0.582598 0.949613
vt 0.526877 0.949281
vt 0.466031 0.172424
vt 0.406649 0.403272
vt 0.399765 0.871415
vt 0.398353 0.368209
vt 0.811094 0.884383
vt 0.815604 0.880772
vt 0.755733 0.289727
vt 0.671886 0.620550
vt 0.648188 0.618567
vt 0.124866 0.583265
vt 0.449126 0.542715
vt 0.352327 0.194319
vt 0.503586 0.684507
vt 0.299812 0.274705
vt 0.225914 0.017074
vt 0.829008 0.140508
vt 0.954807 0.209456
vt 0.977558 0.998534
vt 0.972635 0.982848
vt 0.983607 0.992484
vt 0.144300 0.540068
vt 0.004462 0.551100
vt 0.446819 0.653116
vt 0.440953 0.677944
vt 0.792789 0.670000
vt 0.609750 0.819337
vt 0.617198 0.803570
vt 0.620480 0.817996
vt 0.678943 0.577442
vt 0.670895 0.572457
vt 0.679341 0.552320
vt 0.684474 0.560598
vt 0.765093 0.147616
vt 0.791153 0.122792
vt 0.792905 0.150680
vt 0.265209 0.648389
vt 0.229612 0.608814
vt 0.927871 0.527384
vt 0.492881 0.745720
vt 0.791728 0.428446
vt 0.799733 0.445612
vt 0.781615 0.439871
vt 0.419297 0.391964
vt 0.420260 0.372291
vt 0.758022 0.296074
vt 0.738971 0.296676
vt 0.104079 0.593115
vt 0.369016 0.172988
vt 0.365922 0.164281
vt 0.372827 0.159363
vt 0.688067 0.705854
vt 0.947066 0.435260
vt 0.489259 0.438534
vt 0.950510 0.424177
vt 0.980923 0.420251
vt 0.226651 0.009037
vt 0.961371 0.819718
vt 0.966863 0.811817
vt 0.966902 0.817138
vt 0.839030 0.162478
vt 0.089940 0.318284
vt 0.222150 0.000188
vt 0.217887 0.027188
vt 0.206681 0.024439
vt 0.959078 0.218412
vt 0.519656 0.482952
vt 0.509614 0.470633
vt 0.520283 0.470087
vt 0.713537 0.829247
vt 0.838006 0.131256
vt 0.835769 0.903491
vt 0.841675 0.888484
vt 0.855585 0.899956
vt 0.878628 0.904818
vt 0.871729 0.884886
vt 0.954600 0.998829
vt 0.849522 0.559917
vt 0.778814 0.674703
vt 0.423189 0.662017
vt 0.756597 0.670831
vt 0.837579 0.949678
vt 0.840686 0.939091
vt 0.868875 0.958536
vt 0.850142 0.932063
vt 0.896795 0.664002
vt 0.906659 0.647571
vt 0.163235 0.390793
vt 0.669769 0.555732
vt 0.980103 0.411731
vt 0.054783 0.310383
vt 0.194804 0.090155
vt 0.458316 0.192523
vt 0.875998 0.483294
vt 0.633633 0.633188
vt 0.671109 0.640235
vt 0.268272 0.117573
vt 0.249714 0.141484
vt 0.260836 0.129363
vt 0.260616 0.148112
vt 0.249448 0.167858
vt 0.399356 0.949411
vt 0.367874 0.958571
vt 0.372149 0.952620
vt 0.683405 0.672763
vt 0.947594 0.288463
vt 0.954882 0.276735
vt 0.976607 0.281069
vt 0.956488 0.266183
vt 0.465497 0.682673
vt 0.462501 0.668832
vt 0.547756 0.635722
vt 0.019185 0.003574
vt 0.033343 0.003574
vt 0.022272 0.009190
vt 0.544520 0.622710
vt 0.946274 0.876140
vt 0.128933 0.160406
vt 0.024611 0.686412
vt 0.020071 0.680094
vt 0.024620 0.680012
vt 0.650379 0.822078
vt 0.627512 0.813019
vt 0.647399 0.804793
vt 0.182923 0.489772
vt 0.303080 0.446396
vt 0.627191 0.259918
vt 0.638049 0.268758
vt 0.956548 0.021971
vt 0.979691 0.034300
vt 0.664152 0.883357
vt 0.729351 0.635181
vt 0.841687 0.909594
vt 0.851459 0.903516
vt 0.837697 0.919457
vt 0.470145 0.207526
vt 0.225023 0.619126
vt 0.781850 0.898266
vt 0.425116 0.400977
vt 0.418857 0.413385
vt 0.896197 0.513221
vt 0.117925 0.587851
vt 0.810052 0.728357
vt 0.815647 0.720155
vt 0.824633 0.708901
vt 0.342958 0.843194
vt 0.329444 0.858398
vt 0.374813 0.161898
vt 0.074483 0.043648
vt 0.062027 0.010709
vt 0.947501 0.051507
vt 0.486978 0.696005
vt 0.400255 0.943456
vt 0.378472 0.944158
vt 0.693242 0.667049
vt 0.692088 0.662988
vt 0.267061 0.283420
vt 0.238458 0.001135
vt 0.702270 0.664418
vt 0.702983 0.668035
vt 0.227361 0.031772
vt 0.501753 0.454984
vt 0.980306 0.839266
vt 0.966878 0.833501
vt 0.979944 0.809717
vt 0.840813 0.148248
vt 0.538043 0.621437
vt 0.657598 0.791085
vt 0.669037 0.817344
vt 0.658747 0.809547
vt 0.723043 0.796297
vt 0.532280 0.620825
vt 0.829840 0.906012
vt 0.831520 0.888977
vt 0.032182 0.695500
vt 0.754191 0.606521
vt 0.604840 0.273211
vt 0.749533 0.671787
vt 0.742505 0.683417
vt 0.620286 0.265134
vt 0.740195 0.618764
vt 0.312590 0.975167
vt 0.321725 0.988886
vt 0.312361 0.990869
vt 0.670176 0.873525
vt 0.665756 0.870479
vt 0.202360 0.593719
vt 0.196769 0.582549
vt 0.066354 0.780919
vt 0.076404 0.321313
vt 0.507985 0.201255
vt 0.777649 0.919787
vt 0.212765 0.057868
vt 0.569801 0.962120
vt 0.707359 0.298012
vt 0.615440 0.644431
vt 0.248816 0.153082
vt 0.243146 0.178493
vt 0.336059 0.806431
vt 0.909494 0.119856
vt 0.402996 0.947140
vt 0.319148 0.280145
vt 0.388105 0.162555
vt 0.384961 0.937577
vt 0.966513 0.849178
vt 0.959802 0.852040
vt 0.961224 0.836449
vt 0.097310 0.315014
vt 0.708397 0.657337
vt 0.078289 0.313518
vt 0.973993 0.816205
vt 0.961611 0.965699
vt 0.836204 0.886558
vt 0.442194 0.685851
vt 0.020298 0.672076
vt 0.016686 0.672654
vt 0.875963 0.882967
vt 0.876612 0.885663
vt 0.303584 0.440719
vt 0.182214 0.992419
vt 0.201760 0.990709
vt 0.181956 0.997509
vt 0.760823 0.672560
vt 0.148300 0.033329
vt 0.153286 0.387692
vt 0.762749 0.122673
vt 0.891506 0.533537
vt 0.788313 0.451871
vt 0.439670 0.417400
vt 0.886782 0.506369
vt 0.723730 0.295434
vt 0.418603 0.946854
vt 0.418671 0.958259
vt 0.471812 0.419706
vt 0.683497 0.651990
vt 0.399922 0.916736
vt 0.408870 0.931357
vt 0.491423 0.455208
vt 0.551523 0.650204
vt 0.264934 0.279432
vt 0.503193 0.475680
vt 0.952821 0.962040
vt 0.943475 0.959959
vt 0.710776 0.811997
vt 0.978842 0.974544
vt 0.995455 0.984816
vt 0.856327 0.893838
vt 0.001692 0.680845
vt 0.431842 0.681595
vt 0.667116 0.881496
vt 0.000012 0.353515
vt 0.651463 0.543949
vt 0.910725 0.659227
vt 0.146540 0.389435
vt 0.055018 0.761642
vt 0.487090 0.193444
vt 0.498140 0.766736
vt 0.201197 0.041825
vt 0.387131 0.017166
vt 0.322737 0.017166
vt 0.337387 0.008853
vt 0.470194 0.183692
vt 0.888041 0.519935
vt 0.231991 0.173317
vt 0.104484 0.606198
vt 0.809574 0.712642
vt 0.022363 0.036188
vt 0.349101 0.857488
vt 0.474827 0.441012
vt 0.129113 0.313474
vt 0.122637 0.314858
vt 0.305015 0.270073
vt 0.494333 0.461884
vt 0.264216 0.272368
vt 0.976814 0.219813
vt 0.968674 0.219396
vt 0.219278 0.925505
vt 0.218840 0.928645
vt 0.209113 0.925059
vt 0.075765 0.317201
vt 0.958203 0.357701
vt 0.152347 0.899487
vt 0.171768 0.912212
vt 0.152575 0.929656
vt 0.100273 0.143525
vt 0.535698 0.625198
vt 0.170847 0.991124
vt 0.186280 0.491861
vt 0.306625 0.444589
vt 0.949779 0.010890
vt 0.959959 0.021886
vt 0.981658 0.033293
vt 0.152796 0.035093
vt 0.145859 0.045041
vt 0.664958 0.263494
vt 0.664922 0.267661
vt 0.661754 0.267242
vt 0.657970 0.542660
vt 0.888251 0.668035
vt 0.901179 0.667015
vt 0.045550 0.752651
vt 0.711714 0.655879
vt 0.251481 0.949603
vt 0.266975 0.964720
vt 0.235296 0.966083
vt 0.779551 0.112618
vt 0.744965 0.127881
vt 0.985151 0.400577
vt 0.804372 0.122828
vt 0.028370 0.988753
vt 0.028370 0.999956
vt 0.013358 0.996527
vt 0.024924 0.272575
vt 0.013366 0.292593
vt 0.017376 0.236142
vt 0.024926 0.303377
vt 0.180202 0.643971
vt 0.708485 0.984056
vt 0.708485 0.947706
vt 0.717141 0.959600
vt 0.505603 0.960161
vt 0.518986 0.919073
vt 0.552580 0.927449
vt 0.506390 0.167561
vt 0.764904 0.430160
vt 0.778273 0.427804
vt 0.662436 0.958647
vt 0.662436 0.901442
vt 0.684152 0.915659
vt 0.235415 0.041280
vt 0.501912 0.932511
vt 0.226128 0.071603
vt 0.790537 0.877505
vt 0.641588 0.669005
vt 0.930652 0.304478
vt 0.932828 0.293630
vt 0.966076 0.306257
vt 0.395354 0.158070
vt 0.328322 0.277629
vt 0.292325 0.270559
vt 0.480970 0.447344
vt 0.287465 0.261480
vt 0.972594 0.258431
vt 0.111563 0.324429
vt 0.219152 0.917002
vt 0.204138 0.918496
vt 0.088408 0.325945
vt 0.975090 0.216948
vt 0.964699 0.215284
vt 0.764651 0.193659
vt 0.772002 0.188337
vt 0.770161 0.192688
vt 0.995202 0.998947
vt 0.975778 0.957516
vt 0.967748 0.975235
vt 0.172135 0.917893
vt 0.533042 0.979776
vt 0.539927 0.973462
vt 0.539277 0.979011
vt 0.172086 0.523830
vt 0.173080 0.515076
vt 0.031686 0.667526
vt 0.182631 0.505796
vt 0.014333 0.670482
vt 0.765944 0.670434
vt 0.792247 0.665741
vt 0.886410 0.889200
vt 0.422776 0.682371
vt 0.307569 0.437925
vt 0.881326 0.880176
vt 0.957358 0.007081
vt 0.309502 0.423218
vt 0.315539 0.415713
vt 0.961244 0.011420
vt 0.962905 0.017090
vt 0.865995 0.547794
vt 0.516972 0.861225
vt 0.521387 0.877789
vt 0.518605 0.878538
vt 0.509675 0.864725
vt 0.315798 0.400803
vt 0.510957 0.885984
vt 0.312235 0.996359
vt 0.322522 0.994513
vt 0.514794 0.884025
vt 0.641711 0.266051
vt 0.654466 0.261559
vt 0.657015 0.262199
vt 0.646382 0.272838
vt 0.675161 0.877387
vt 0.675987 0.872413
vt 0.828273 0.925975
vt 0.673021 0.246317
vt 0.826756 0.932850
vt 0.698784 0.255250
vt 0.835420 0.942473
vt 0.157483 0.376694
vt 0.678783 0.541859
vt 0.683453 0.547525
vt 0.056245 0.754437
vt 0.070817 0.767005
vt 0.688561 0.532445
vt 0.692122 0.536380
vt 0.076623 0.773993
vt 0.080702 0.782019
vt 0.126317 0.386411
vt 0.089985 0.795556
vt 0.791587 0.108371
vt 0.782350 0.085536
vt 0.458927 0.388946
vt 0.610284 0.657242
vt 0.761898 0.311188
vt 0.800083 0.460034
vt 0.662509 0.666504
vt 0.833625 0.699058
vt 0.328817 0.795505
vt 0.375999 0.183630
vt 0.837450 0.529163
vt 0.802954 0.539341
vt 0.806109 0.519679
vt 0.307332 0.264367
vt 0.099573 0.328957
vt 0.761347 0.187146
vt 0.102841 0.333127
vt 0.977554 0.213053
vt 0.971710 0.214239
vt 0.511389 0.497159
vt 0.769670 0.195628
vt 0.776896 0.194794
vt 0.095546 0.334493
vt 0.961333 0.211475
vt 0.757666 0.195666
vt 0.706500 0.800499
vt 0.758363 0.199829
vt 0.941924 0.427866
vt 0.928474 0.421262
vt 0.941530 0.411705
vt 0.959250 0.206704
vt 0.840348 0.884080
vt 0.143788 0.549430
vt 0.177580 0.529758
vt 0.859211 0.883642
vt 0.849281 0.877592
vt 0.179074 0.518385
vt 0.861558 0.878641
vt 0.018658 0.664358
vt 0.874177 0.874664
vt 0.189815 0.500405
vt 0.313613 0.440340
vt 0.317319 0.450193
vt 0.762501 0.667283
vt 0.320359 0.422451
vt 0.515109 0.856865
vt 0.518555 0.858951
vt 0.665710 0.246331
vt 0.667299 0.249305
vt 0.660747 0.253531
vt 0.674893 0.242365
vt 0.678427 0.881884
vt 0.667747 0.886797
vt 0.877325 0.678132
vt 0.887251 0.676654
vt 0.633847 0.541665
vt 0.652100 0.538378
vt 0.654366 0.536218
vt 0.893488 0.673507
vt 0.720408 0.642362
vt 0.667040 0.535035
vt 0.169729 0.378924
vt 0.150793 0.375915
vt 0.141913 0.376958
vt 0.074797 0.762556
vt 0.125453 0.376060
vt 0.787911 0.077230
vt 0.799031 0.112628
vt 0.709896 0.664839
vt 0.270813 0.954924
vt 0.364125 0.204100
vt 0.802348 0.713546
vt 0.893571 0.115950
vt 0.970150 0.043742
vt 0.058194 0.047536
vt 0.910212 0.293712
vt 0.684185 0.973847
vt 0.672126 0.955614
vt 0.682664 0.949530
vt 0.152512 0.323409
vt 0.129143 0.319973
vt 0.297528 0.267108
vt 0.802509 0.950815
vt 0.816885 0.941167
vt 0.828789 0.965574
vt 0.117420 0.331653
vt 0.277895 0.258643
vt 0.980167 0.217123
vt 0.966202 0.211398
vt 0.493830 0.485716
vt 0.773471 0.199778
vt 0.777494 0.197793
vt 0.952885 0.966827
vt 0.945737 0.967171
vt 0.173764 0.899051
vt 0.961817 0.204374
vt 0.531355 0.974471
vt 0.184858 0.550185
vt 0.837825 0.877121
vt 0.641243 0.791303
vt 0.851292 0.872026
vt 0.181914 0.518899
vt 0.871395 0.868211
vt 0.009719 0.660504
vt 0.610207 0.796406
vt 0.882304 0.872959
vt 0.512040 0.851537
vt 0.516796 0.851525
vt 0.764155 0.661513
vt 0.521992 0.860627
vt 0.758064 0.663843
vt 0.996187 0.047693
vt 0.999990 0.052928
vt 0.995591 0.053927
vt 0.524383 0.870574
vt 0.881921 0.541143
vt 0.527320 0.879619
vt 0.639724 0.262445
vt 0.647719 0.256907
vt 0.660859 0.895086
vt 0.666691 0.239445
vt 0.680098 0.876490
vt 0.159671 0.369424
vt 0.667091 0.527971
vt 0.138782 0.369555
vt 0.086201 0.769943
vt 0.086282 0.776081
vt 0.927087 0.310128
vt 0.468136 0.446014
vt 0.455171 0.432932
vt 0.677330 0.936842
vt 0.814216 0.515219
vt 0.835053 0.525071
vt 0.473779 0.694909
vt 0.293956 0.258837
vt 0.535972 0.641611
vt 0.763549 0.198369
vt 0.976385 0.981357
vt 0.939609 0.965558
vt 0.760228 0.206403
vt 0.924696 0.401832
vt 0.943370 0.397048
vt 0.078520 0.939635
vt 0.047377 0.953019
vt 0.027837 0.951309
vt 0.622109 0.794539
vt 0.194730 0.503703
vt 0.604117 0.788997
vt 0.592132 0.793983
vt 0.322546 0.448851
vt 0.787703 0.658573
vt 0.698219 0.166258
vt 0.695798 0.145429
vt 0.703003 0.146899
vt 0.655798 0.902870
vt 0.668181 0.892161
vt 0.656921 0.248786
vt 0.671454 0.238395
vt 0.874841 0.689588
vt 0.871610 0.683698
vt 0.678903 0.220569
vt 0.911896 0.681010
vt 0.679711 0.536318
vt 0.124331 0.370033
vt 0.711572 0.650417
vt 0.800252 0.106476
vt 0.766608 0.909460
vt 0.928764 0.125543
vt 0.456892 0.447494
vt 0.949422 0.277288
vt 0.672428 0.646143
vt 0.486451 0.462556
vt 0.959973 0.259905
vt 0.788701 0.538600
vt 0.832051 0.947582
vt 0.972169 0.243692
vt 0.193890 0.917918
vt 0.983755 0.245665
vt 0.108584 0.337470
vt 0.100942 0.337009
vt 0.525356 0.951986
vt 0.514037 0.959592
vt 0.181322 0.914324
vt 0.754158 0.597975
vt 0.022610 0.663736
vt 0.710898 0.042200
vt 0.724466 0.021301
vt 0.715259 0.047545
vt 0.213861 0.621308
vt 0.642014 0.519681
vt 0.789850 0.067778
vt 0.739616 0.307644
vt 0.818022 0.697791
vt 0.383133 0.175753
vt 0.667312 0.975969
vt 0.667465 0.957279
vt 0.515067 0.568623
vt 0.502514 0.591328
vt 0.487260 0.594297
vt 0.461835 0.455927
vt 0.917251 0.312163
vt 0.472727 0.459413
vt 0.951735 0.265073
vt 0.420541 0.930201
vt 0.803483 0.113872
vt 0.817700 0.117910
vt 0.810153 0.124182
vt 0.125427 0.332649
vt 0.708648 0.645289
vt 0.324894 0.251698
vt 0.300722 0.216981
vt 0.280717 0.252650
vt 0.120010 0.385203
vt 0.183040 0.909486
vt 0.759587 0.974743
vt 0.798096 0.988312
vt 0.770018 0.994361
vt 0.180928 0.919348
vt 0.087494 0.994904
vt 0.077302 0.989387
vt 0.087769 0.989649
vt 0.154936 0.879377
vt 0.918878 0.421033
vt 0.780041 0.202164
vt 0.764781 0.227715
vt 0.985134 0.210453
vt 0.973760 0.187164
vt 0.550218 0.968068
vt 0.791058 0.273118
vt 0.815761 0.268434
vt 0.789707 0.234394
vt 0.838940 0.850580
vt 0.228036 0.547055
vt 0.266463 0.212641
vt 0.989530 0.260639
vt 0.975615 0.260639
vt 0.984474 0.250407
vt 0.068076 0.954206
vt 0.323858 0.425496
vt 0.366198 0.464975
vt 0.778163 0.653642
vt 0.760072 0.265972
vt 0.521543 0.846940
vt 0.882937 0.832820
vt 0.361904 0.428119
vt 0.043512 0.994866
vt 0.035039 0.988934
vt 0.052836 0.989389
vt 0.541622 0.864858
vt 0.968952 0.637647
vt 0.926973 0.637647
vt 0.941013 0.620576
vt 0.557622 0.843520
vt 0.568092 0.863815
vt 0.955224 0.545004
vt 0.953641 0.567645
vt 0.920083 0.569380
vt 0.714551 0.157074
vt 0.557498 0.876160
vt 0.694404 0.892656
vt 0.714436 0.880929
vt 0.720150 0.898817
vt 0.676599 0.906557
vt 0.333965 0.407715
vt 0.535799 0.882440
vt 0.542771 0.885805
vt 0.583599 0.885309
vt 0.683805 0.871083
vt 0.667030 0.215039
vt 0.427518 0.999489
vt 0.406061 0.999489
vt 0.426651 0.979892
vt 0.168805 0.319805
vt 0.130703 0.336591
vt 0.080879 0.930962
vt 0.026141 0.948747
vt 0.027701 0.927051
vt 0.654108 0.498350
vt 0.689921 0.499453
vt 0.887305 0.682678
vt 0.369542 0.983569
vt 0.322652 0.983569
vt 0.362196 0.940338
vt 0.119096 0.754885
vt 0.917821 0.119971
vt 0.673535 0.983138
vt 0.495527 0.573917
vt 0.044021 0.047916
vt 0.278013 0.094939
vt 0.307136 0.082105
vt 0.293683 0.114195
vt 0.784052 0.520357
vt 0.961151 0.376584
vt 0.443975 0.696160
vt 0.776036 0.263396
vt 0.964598 0.982601
vt 0.652040 0.790087
vt 0.951069 0.972667
vt 0.545387 0.967000
vt 0.021063 0.656352
vt 0.029825 0.653014
vt 0.018819 0.660550
vt 0.791517 0.651520
vt 0.743239 0.608916
vt 0.673905 0.168059
vt 0.677223 0.154559
vt 0.687826 0.170129
vt 0.219782 0.954757
vt 0.233192 0.941955
vt 0.272837 0.942875
vt 0.763351 0.446003
vt 0.719220 0.311113
vt 0.801446 0.702822
vt 0.491689 0.601637
vt 0.483430 0.604767
vt 0.508264 0.602041
vt 0.954015 0.260388
vt 0.479983 0.710129
vt 0.808443 0.103978
vt 0.198050 0.906175
vt 0.196531 0.925889
vt 0.942649 0.980475
vt 0.954715 0.736197
vt 0.947947 0.712993
vt 0.967053 0.722966
vt 0.940625 0.732339
vt 0.556655 0.975253
vt 0.795200 0.678226
vt 0.012551 0.656476
vt 0.895567 0.895119
vt 0.892723 0.890128
vt 0.903554 0.885030
vt 0.892997 0.897195
vt 0.700550 0.172858
vt 0.385816 0.193840
vt 0.349882 0.819353
vt 0.360187 0.846585
vt 0.496470 0.707929
vt 0.015623 0.044860
vt 0.499207 0.615936
vt 0.474347 0.615772
vt 0.036125 0.052559
vt 0.022903 0.058495
vt 0.029245 0.059195
vt 0.512591 0.615752
vt 0.502491 0.626282
vt 0.028962 0.065247
vt 0.012176 0.062566
vt 0.014397 0.057317
vt 0.799563 0.960798
vt 0.947025 0.246609
vt 0.904115 0.431981
vt 0.903464 0.411957
vt 0.096974 0.993264
vt 0.609252 0.775482
vt 0.613113 0.785514
vt 0.017933 0.656774
vt 0.005025 0.645969
vt 0.779245 0.649550
vt 0.025064 0.955657
vt 0.902338 0.883201
vt 0.775976 0.451977
vt 0.835639 0.124855
vt 0.825656 0.126954
vt 0.831861 0.113021
vt 0.315576 0.091861
vt 0.806384 0.973497
vt 0.789138 0.970827
vt 0.316480 0.117156
vt 0.327367 0.106698
vt 0.329920 0.095681
vt 0.326301 0.116401
vt 0.336034 0.097528
vt 0.332088 0.112729
vt 0.328164 0.126172
vt 0.466130 0.703275
vt 0.329724 0.135555
vt 0.325312 0.133545
vt 0.164939 0.879462
vt 0.798785 0.072629
vt 0.801792 0.066895
vt 0.810406 0.073234
vt 0.960817 0.984286
vt 0.933722 0.968134
vt 0.545022 0.958195
vt 0.943033 0.980974
vt 0.947949 0.983539
vt 0.926514 0.382065
vt 0.888239 0.886218
vt 0.700120 0.040044
vt 0.717291 0.002265
vt 0.676063 0.175975
vt 0.724030 0.002738
vt 0.299726 0.068998
vt 0.277026 0.056928
vt 0.309768 0.044434
vt 0.706454 0.315623
vt 0.897012 0.002739
vt 0.910928 0.009908
vt 0.899144 0.011150
vt 0.792408 0.702595
vt 0.821861 0.110370
vt 0.816410 0.504095
vt 0.813370 0.486715
vt 0.816233 0.488276
vt 0.472445 0.624872
vt 0.308629 0.108482
vt 0.341477 0.116096
vt 0.314556 0.127470
vt 0.122215 0.899136
vt 0.107321 0.899136
vt 0.114825 0.881824
vt 0.101544 0.893814
vt 0.339073 0.137860
vt 0.807410 0.080531
vt 0.100701 0.900733
vt 0.799564 0.089662
vt 0.808703 0.091259
vt 0.086501 0.883409
vt 0.089376 0.880274
vt 0.318861 0.351366
vt 0.343718 0.360150
vt 0.331217 0.375047
vt 0.556543 0.964444
vt 0.017042 0.648602
vt 0.784224 0.678395
vt 0.028110 0.960729
vt 0.897454 0.869404
vt 0.697290 0.180340
vt 0.723471 0.625752
vt 0.187034 0.617150
vt 0.065106 0.999760
vt 0.046333 0.999760
vt 0.051442 0.993858
vt 0.805662 0.688248
vt 0.839784 0.096160
vt 0.832698 0.103402
vt 0.825735 0.091268
vt 0.821630 0.101168
vt 0.830970 0.079261
vt 0.303202 0.116889
vt 0.806544 0.490499
vt 0.455701 0.632015
vt 0.469648 0.637804
vt 0.681731 0.625025
vt 0.821441 0.080091
vt 0.307016 0.125380
vt 0.847092 0.969133
vt 0.130155 0.895787
vt 0.878650 0.312570
vt 0.861596 0.294610
vt 0.874791 0.291625
vt 0.762565 0.278481
vt 0.091527 0.907042
vt 0.781820 0.966857
vt 0.932795 0.978003
vt 0.075666 0.875909
vt 0.070249 0.868765
vt 0.618597 0.787227
vt 0.076435 0.961200
vt 0.915444 0.872118
vt 0.453404 0.734776
vt 0.432580 0.728899
vt 0.438904 0.717807
vt 0.183239 0.597371
vt 0.757866 0.890848
vt 0.791521 0.469797
vt 0.760270 0.321599
vt 0.831327 0.684189
vt 0.384841 0.205490
vt 0.517051 0.643431
vt 0.507930 0.646127
vt 0.348267 0.090267
vt 0.535803 0.023378
vt 0.544628 0.004454
vt 0.548635 0.026343
vt 0.112265 0.870076
vt 0.536025 0.040711
vt 0.097819 0.861765
vt 0.541334 0.214318
vt 0.537263 0.239121
vt 0.527265 0.228652
vt 0.068908 0.890680
vt 0.632864 0.786305
vt 0.622016 0.774753
vt 0.028161 0.645197
vt 0.917836 0.863936
vt 0.922853 0.873060
vt 0.461250 0.721346
vt 0.849379 0.543003
vt 0.681444 0.196379
vt 0.644801 0.178008
vt 0.906981 0.026568
vt 0.921983 0.030440
vt 0.906549 0.049329
vt 0.300684 0.128034
vt 0.132298 0.887590
vt 0.137954 0.861015
vt 0.143306 0.904859
vt 0.823942 0.496128
vt 0.126473 0.873446
vt 0.640663 0.777931
vt 0.643567 0.760896
vt 0.090912 0.851628
vt 0.657285 0.785424
vt 0.306417 0.330770
vt 0.302250 0.362177
vt 0.292757 0.346645
vt 0.311807 0.962446
vt 0.319513 0.957997
vt 0.318978 0.978785
vt 0.646844 0.784224
vt 0.074832 0.850263
vt 0.921018 0.725184
vt 0.568070 0.255686
vt 0.566808 0.299249
vt 0.538653 0.265761
vt 0.256459 0.044076
vt 0.284454 0.036752
vt 0.807881 0.478755
vt 0.838745 0.979976
vt 0.489719 0.663635
vt 0.467998 0.663006
vt 0.458050 0.657549
vt 0.927805 0.962882
vt 0.907397 0.990972
vt 0.899882 0.963135
vt 0.653693 0.778184
vt 0.968654 0.005312
vt 0.959885 0.002617
vt 0.968588 0.001512
vt 0.112962 0.851895
vt 0.094212 0.842099
vt 0.311739 0.352194
vt 0.907489 0.815242
vt 0.904584 0.800420
vt 0.908589 0.800396
vt 0.816227 0.283533
vt 0.988262 0.868311
vt 0.987597 0.875912
vt 0.981607 0.870509
vt 0.361637 0.358052
vt 0.350604 0.366742
vt 0.358034 0.371066
vt 0.355012 0.346302
vt 0.696269 0.002038
vt 0.414564 0.742188
vt 0.407706 0.721344
vt 0.249962 0.929895
vt 0.946869 0.492479
vt 0.954213 0.506820
vt 0.944967 0.507968
vt 0.925878 0.042195
vt 0.810450 0.984214
vt 0.797532 0.982183
vt 0.652924 0.746896
vt 0.668316 0.764970
vt 0.364599 0.100726
vt 0.773753 0.291671
vt 0.925054 0.826352
vt 0.928678 0.809481
vt 0.972219 0.005195
vt 0.891018 0.826145
vt 0.897540 0.810370
vt 0.087732 0.431600
vt 0.090692 0.419195
vt 0.092280 0.435943
vt 0.903659 0.386491
vt 0.978736 0.864878
vt 0.977261 0.873018
vt 0.975856 0.867767
vt 0.913591 0.786558
vt 0.379486 0.374460
vt 0.652747 0.826430
vt 0.669428 0.820027
vt 0.662227 0.843386
vt 0.651978 0.840882
vt 0.653687 0.848761
vt 0.927446 0.862073
vt 0.917156 0.857600
vt 0.984434 0.883153
vt 0.684896 0.200797
vt 0.216117 0.938829
vt 0.935723 0.495680
vt 0.737139 0.322124
vt 0.918781 0.015382
vt 0.826923 0.062303
vt 0.819736 0.474696
vt 0.817245 0.060793
vt 0.129598 0.866990
vt 0.936774 0.049277
vt 0.929486 0.058225
vt 0.361577 0.123488
vt 0.979333 0.010517
vt 0.978016 0.012364
vt 0.794388 0.057712
vt 0.808269 0.043395
vt 0.075319 0.427980
vt 0.086927 0.441714
vt 0.881288 0.822573
vt 0.319159 0.953960
vt 0.989684 0.389972
vt 0.984281 0.377592
vt 0.991082 0.382778
vt 0.709840 0.821488
vt 0.707950 0.834333
vt 0.704642 0.829908
vt 0.907085 0.371161
vt 0.979254 0.883169
vt 0.988289 0.880106
vt 0.457321 0.709305
vt 0.876890 0.861302
vt 0.884967 0.840655
vt 0.840689 0.764901
vt 0.857774 0.770452
vt 0.840923 0.780742
vt 0.244002 0.048018
vt 0.252302 0.024318
vt 0.272637 0.927667
vt 0.749863 0.909253
vt 0.776976 0.465100
vt 0.924571 0.008439
vt 0.820122 0.676041
vt 0.519262 0.659056
vt 0.507469 0.666036
vt 0.983440 0.017317
vt 0.357080 0.147154
vt 0.973800 0.875043
vt 0.344229 0.321372
vt 0.364698 0.348445
vt 0.789343 0.685686
vt 0.850401 0.752458
vt 0.852151 0.077363
vt 0.845443 0.061677
vt 0.053770 0.737219
vt 0.048641 0.745131
vt 0.031180 0.746918
vt 0.035105 0.737520
vt 0.914230 0.432226
vt 0.942673 0.430711
vt 0.926032 0.448470
vt 0.944268 0.446760
vt 0.843455 0.307157
vt 0.851604 0.282420
vt 0.803455 0.292013
vt 0.542983 0.255809
vt 0.558266 0.251675
vt 0.068770 0.905530
vt 0.984209 0.393149
vt 0.916996 0.850568
vt 0.932634 0.843753
vt 0.988569 0.884536
vt 0.856762 0.790767
vt 0.934528 0.509384
vt 0.935895 0.034095
vt 0.126926 0.848970
vt 0.984169 0.025205
vt 0.558083 0.229422
vt 0.875635 0.815139
vt 0.319188 0.327510
vt 0.039810 0.229008
vt 0.043939 0.233928
vt 0.026262 0.233842
vt 0.333248 0.321536
vt 0.378062 0.359161
vt 0.970321 0.882796
vt 0.701086 0.835220
vt 0.913918 0.855002
vt 0.980847 0.889412
vt 0.987527 0.888767
vt 0.002382 0.604482
vt 0.025532 0.583941
vt 0.028549 0.626253
vt 0.664341 0.006658
vt 0.881208 0.281366
vt 0.861516 0.276595
vt 0.560406 0.201488
vt 0.867591 0.830526
vt 0.965640 0.015710
vt 0.918000 0.843088
vt 0.656702 0.856847
vt 0.437067 0.702154
vt 0.423223 0.707758
vt 0.280116 0.013183
vt 0.395826 0.108113
vt 0.415719 0.107064
vt 0.407499 0.114853
vt 0.723745 0.328674
vt 0.935641 0.022541
vt 0.940024 0.007041
vt 0.937707 0.015563
vt 0.893811 0.265607
vt 0.866606 0.267809
vt 0.884344 0.248895
vt 0.898164 0.251256
vt 0.960047 0.809853
vt 0.954282 0.818086
vt 0.954876 0.794870
vt 0.965059 0.859602
vt 0.971092 0.860152
vt 0.932495 0.126160
vt 0.924690 0.110797
vt 0.933054 0.103462
vt 0.963734 0.870559
vt 0.696496 0.804339
vt 0.686150 0.835263
vt 0.680850 0.816477
vt 0.672600 0.838528
vt 0.702272 0.843200
vt 0.699449 0.845860
vt 0.984104 0.896095
vt 0.391287 0.743672
vt 0.224690 0.925915
vt 0.763781 0.461080
vt 0.946116 0.003856
vt 0.943708 0.011250
vt 0.874412 0.255370
vt 0.973225 0.024929
vt 0.088400 0.408988
vt 0.855079 0.719672
vt 0.866594 0.716842
vt 0.870065 0.727185
vt 0.407351 0.358697
vt 0.857422 0.733957
vt 0.973081 0.392480
vt 0.096004 0.413764
vt 0.691525 0.851049
vt 0.353333 0.319111
vt 0.666869 0.868420
vt 0.654339 0.864767
vt 0.247261 0.449322
vt 0.234623 0.460135
vt 0.230067 0.445441
vt 0.262265 0.005622
vt 0.784993 0.477268
vt 0.794373 0.488833
vt 0.800502 0.476969
vt 0.018894 0.744695
vt 0.573373 0.232671
vt 0.831340 0.285746
vt 0.914973 0.846910
vt 0.914440 0.842535
vt 0.856491 0.742741
vt 0.865578 0.757688
vt 0.232866 0.435711
vt 0.691041 0.247305
vt 0.396414 0.121471
vt 0.381647 0.117036
vt 0.957558 0.830639
vt 0.072006 0.405583
vt 0.519957 0.075077
vt 0.504876 0.052411
vt 0.530517 0.049349
vt 0.722272 0.847030
vt 0.104623 0.390435
vt 0.866152 0.743352
vt 0.676087 0.857323
vt 0.469265 0.113730
vt 0.463128 0.120825
vt 0.458108 0.107728
vt 0.431853 0.108165
vt 0.424063 0.116243
vt 0.031382 0.754998
vt 0.802505 0.458696
vt 0.985132 0.030888
vt 0.010836 0.471375
vt 0.023038 0.471375
vt 0.019330 0.480025
vt 0.017897 0.739154
vt 0.007104 0.699659
vt 0.700808 0.853717
vt 0.972691 0.896013
vt 0.207383 0.711378
vt 0.221948 0.719020
vt 0.198613 0.722015
vt 0.692853 0.240434
vt 0.216138 0.441280
vt 0.450011 0.114675
vt 0.942213 0.516209
vt 0.932480 0.520434
vt 0.020239 0.754487
vt 0.905928 0.454974
vt 0.865215 0.262456
vt 0.860582 0.271137
vt 0.858308 0.273232
vt 0.957185 0.001667
vt 0.051787 0.425357
vt 0.938799 0.471596
vt 0.873529 0.734739
vt 0.109260 0.407677
vt 0.370764 0.321064
vt 0.824964 0.279663
vt 0.829106 0.265595
vt 0.835773 0.282248
vt 0.893515 0.446722
vt 0.950989 0.020897
vt 0.878092 0.247076
vt 0.522561 0.094770
vt 0.504348 0.102702
vt 0.500821 0.089527
vt 0.965592 0.463321
vt 0.391057 0.332318
vt 0.025297 0.631595
vt 0.040579 0.632861
vt 0.921424 0.107348
vt 0.924145 0.105527
vt 0.104167 0.359653
vt 0.082434 0.335885
vt 0.107125 0.352282
vt 0.091546 0.335015
vt 0.083138 0.349643
vt 0.069118 0.333937
vt 0.211150 0.456124
vt 0.955502 0.518787
vt 0.990988 0.507257
vt 0.981896 0.551653
vt 0.448954 0.121532
vt 0.304828 0.012636
vt 0.438781 0.118048
vt 0.754236 0.458133
vt 0.964409 0.855556
vt 0.976252 0.848856
vt 0.976635 0.858605
vt 0.979892 0.843739
vt 0.987546 0.851595
vt 0.850747 0.274198
vt 0.962830 0.886601
vt 0.696305 0.869773
vt 0.223703 0.410377
vt 0.401224 0.694388
vt 0.323500 0.006385
vt 0.952402 0.522069
vt 0.768343 0.476752
vt 0.749960 0.338520
vt 0.429228 0.374259
vt 0.415673 0.338144
vt 0.944567 0.104730
vt 0.936669 0.095275
vt 0.944910 0.097015
vt 0.207989 0.735760
vt 0.188914 0.745409
vt 0.952570 0.838709
vt 0.957526 0.854614
vt 0.704433 0.869540
vt 0.236501 0.476491
vt 0.212822 0.486944
vt 0.409124 0.692000
vt 0.872423 0.777826
vt 0.390493 0.696591
vt 0.842685 0.274378
vt 0.009124 0.762220
vt 0.011152 0.752838
vt 0.866059 0.257815
vt 0.033598 0.421885
vt 0.062506 0.397360
vt 0.931729 0.061675
vt 0.930838 0.068913
vt 0.913382 0.071300
vt 0.492691 0.076499
vt 0.908311 0.054989
vt 0.966696 0.897394
vt 0.201739 0.444064
vt 0.408747 0.127646
vt 0.011453 0.765937
vt 0.989358 0.843401
vt 0.990811 0.849378
vt 0.988574 0.846827
vt 0.432329 0.343448
vt 0.984678 0.859594
vt 0.926832 0.099947
vt 0.095549 0.377847
vt 0.875552 0.735448
vt 0.231214 0.994384
vt 0.199812 0.994384
vt 0.226500 0.990888
vt 0.418218 0.681912
vt 0.453833 0.130283
vt 0.393941 0.134255
vt 0.376586 0.127568
vt 0.782388 0.490705
vt 0.034895 0.771131
vt 0.995336 0.847989
vt 0.037070 0.395792
vt 0.167885 0.746949
vt 0.190974 0.765619
vt 0.163995 0.764364
vt 0.491706 0.057610
vt 0.011522 0.631778
vt 0.879239 0.759520
vt 0.200103 0.437189
vt 0.431732 0.127217
vt 0.511145 0.115843
vt 0.496666 0.129055
vt 0.482913 0.117918
vt 0.934924 0.090828
vt 0.016571 0.633397
vt 0.876975 0.744158
vt 0.715863 0.874110
vt 0.065998 0.348859
vt 0.048993 0.340150
vt 0.242907 0.734279
vt 0.201696 0.415069
vt 0.939741 0.531362
vt 0.485591 0.094953
vt 0.927687 0.087333
vt 0.851543 0.262699
vt 0.440739 0.134446
vt 0.420100 0.131368
vt 0.789942 0.506904
vt 0.510614 0.733859
vt 0.488887 0.729831
vt 0.492324 0.722882
vt 0.493433 0.738130
vt 0.989036 0.855674
vt 0.928195 0.081537
vt 0.929847 0.089360
vt 0.011020 0.640632
vt 0.201819 0.753565
vt 0.000167 0.631199
vt 0.643936 0.979355
vt 0.636869 0.979355
vt 0.640912 0.967625
vt 0.227627 0.373145
vt 0.219700 0.397052
vt 0.218155 0.390906
vt 0.179535 0.466101
vt 0.925795 0.237919
vt 0.933967 0.249743
vt 0.927412 0.250651
vt 0.945598 0.227936
vt 0.755655 0.469277
vt 0.963407 0.109529
vt 0.985898 0.117715
vt 0.960475 0.118139
vt 0.485811 0.126192
vt 0.487127 0.135250
vt 0.488082 0.740037
vt 0.495876 0.742596
vt 0.054143 0.382090
vt 0.057197 0.355529
vt 0.034715 0.356495
vt 0.735357 0.852273
vt 0.200043 0.402399
vt 0.759286 0.845311
vt 0.790674 0.851645
vt 0.758577 0.851367
vt 0.770496 0.841187
vt 0.494860 0.717196
vt 0.513435 0.731490
vt 0.505375 0.739748
vt 0.478739 0.108952
vt 0.977913 0.134433
vt 0.076243 0.380696
vt 0.914367 0.084738
vt 0.009178 0.637394
vt 0.085466 0.362789
vt 0.177518 0.481001
vt 0.182791 0.435748
vt 0.904774 0.244704
vt 0.951375 0.534744
vt 0.508405 0.709036
vt 0.036424 0.378149
vt 0.916348 0.082491
vt 0.894069 0.104428
vt 0.556895 0.995309
vt 0.548544 0.984706
vt 0.558173 0.978453
vt 0.881943 0.751410
vt 0.177383 0.447742
vt 0.814404 0.243908
vt 0.810427 0.242187
vt 0.812977 0.241465
vt 0.402333 0.690005
vt 0.410040 0.686398
vt 0.394699 0.689027
vt 0.828413 0.248888
vt 0.845092 0.251412
vt 0.722470 0.949072
vt 0.722470 0.974836
vt 0.717883 0.970662
vt 0.920830 0.253455
vt 0.900306 0.247954
vt 0.776121 0.498712
vt 0.481906 0.132204
vt 0.482775 0.131237
vt 0.996184 0.057284
vt 0.999889 0.056080
vt 0.999670 0.064686
vt 0.476359 0.072839
vt 0.005184 0.642863
vt 0.071801 0.001308
vt 0.086361 0.000034
vt 0.087748 0.002420
vt 0.084880 0.372629
vt 0.224674 0.750755
vt 0.178200 0.414537
vt 0.177991 0.397059
vt 0.405451 0.682400
vt 0.816002 0.253259
vt 0.864523 0.966368
vt 0.879669 0.962283
vt 0.865177 0.992062
vt 0.900838 0.258524
vt 0.913803 0.268332
vt 0.930799 0.255608
vt 0.944299 0.255191
vt 0.517064 0.222415
vt 0.534150 0.241774
vt 0.493143 0.246659
vt 0.406517 0.139333
vt 0.986997 0.148203
vt 0.062285 0.367086
vt 0.910354 0.080151
vt 0.909249 0.072952
vt 0.477809 0.058587
vt 0.908831 0.081741
vt 0.781307 0.827381
vt 0.788753 0.831938
vt 0.525575 0.267315
vt 0.958543 0.530961
vt 0.965235 0.138999
vt 0.548298 0.992712
vt 0.819518 0.242891
vt 0.817931 0.246117
vt 0.415631 0.679216
vt 0.408093 0.679962
vt 0.885474 0.984751
vt 0.937226 0.258839
vt 0.757524 0.481179
vt 0.527129 0.724607
vt 0.475771 0.089171
vt 0.794832 0.864602
vt 0.799822 0.862099
vt 0.794887 0.875880
vt 0.884696 0.991824
vt 0.898745 0.973180
vt 0.887338 0.998838
vt 0.815540 0.238265
vt 0.411172 0.675028
vt 0.409498 0.675632
vt 0.396690 0.681142
vt 0.924500 0.279470
vt 0.418009 0.144753
vt 0.763751 0.492998
vt 0.528547 0.731414
vt 0.524272 0.738135
vt 0.530202 0.741577
vt 0.528138 0.715146
vt 0.530894 0.700046
vt 0.180311 0.774240
vt 0.190163 0.774129
vt 0.474466 0.059269
vt 0.213611 0.771478
vt 0.795082 0.843795
vt 0.813614 0.878026
vt 0.814333 0.854737
vt 0.905682 0.996079
vt 0.251812 0.740401
vt 0.418444 0.667081
vt 0.894199 0.276641
vt 0.902842 0.032601
vt 0.903777 0.041327
vt 0.897266 0.042898
vt 0.429800 0.141172
vt 0.538059 0.743235
vt 0.474992 0.099846
vt 0.468094 0.063234
vt 0.543702 0.998965
vt 0.535101 0.986128
vt 0.546015 0.993455
vt 0.545883 0.983376
vt 0.822538 0.823928
vt 0.818503 0.843053
vt 0.815852 0.829930
vt 0.547029 0.979927
vt 0.792664 0.825427
vt 0.248455 0.752928
vt 0.913860 0.280088
vt 0.437863 0.143198
vt 0.965409 0.541038
vt 0.537631 0.731091
vt 0.516955 0.676646
vt 0.834970 0.804841
vt 0.403537 0.671469
vt 0.897873 0.962985
vt 0.539260 0.720394
vt 0.471183 0.111278
vt 0.467996 0.095133
vt 0.466851 0.091516
vt 0.968922 0.145141
vt 0.187239 0.781994
vt 0.825809 0.856871
vt 0.982599 0.953359
vt 0.971919 0.921103
vt 0.991931 0.934226
vt 0.407709 0.666400
vt 0.397171 0.668369
vt 0.864818 0.254610
vt 0.944645 0.543849
vt 0.533961 0.704763
vt 0.465124 0.079100
vt 0.835145 0.876369
vt 0.820272 0.229520
vt 0.946253 0.265074
vt 0.632648 0.818156
vt 0.632700 0.844994
vt 0.604872 0.833983
vt 0.399666 0.152661
vt 0.384339 0.147140
vt 0.766330 0.503822
vt 0.545026 0.732700
vt 0.205434 0.780876
vt 0.443471 0.026180
vt 0.448341 0.015736
vt 0.449018 0.029919
vt 0.847728 0.235016
vt 0.967992 0.930967
vt 0.739613 0.566067
vt 0.722847 0.576265
vt 0.723928 0.559049
vt 0.734426 0.589621
vt 0.883332 0.042989
vt 0.890461 0.033322
vt 0.904681 0.081726
vt 0.865227 0.244105
vt 0.945158 0.284262
vt 0.922262 0.290964
vt 0.498264 0.286061
vt 0.388654 0.157377
vt 0.549915 0.744092
vt 0.121206 0.296215
vt 0.134161 0.290294
vt 0.143041 0.314383
vt 0.516173 0.664775
vt 0.526928 0.661898
vt 0.453371 0.048353
vt 0.835434 0.829517
vt 0.862704 0.044488
vt 0.857994 0.054765
vt 0.738660 0.611906
vt 0.725193 0.595689
vt 0.519404 0.290400
vt 0.535374 0.306144
vt 0.521508 0.306165
vt 0.632379 0.864541
vt 0.606674 0.856959
vt 0.160005 0.314401
vt 0.147020 0.317515
vt 0.538338 0.697013
vt 0.274434 0.900423
vt 0.291149 0.888719
vt 0.283366 0.909979
vt 0.405614 0.660845
vt 0.708470 0.565829
vt 0.695014 0.568126
vt 0.698699 0.538685
vt 0.686846 0.560061
vt 0.721385 0.610435
vt 0.722381 0.621845
vt 0.485089 0.280570
vt 0.864536 0.230004
vt 0.874337 0.241887
vt 0.540989 0.686457
vt 0.170842 0.317351
vt 0.457563 0.086866
vt 0.987833 0.910421
vt 0.976614 0.912873
vt 0.969189 0.920521
vt 0.953924 0.931640
vt 0.692913 0.574373
vt 0.708712 0.584357
vt 0.704424 0.600752
vt 0.862780 0.030236
vt 0.680013 0.620074
vt 0.691609 0.599736
vt 0.696128 0.615945
vt 0.513393 0.293358
vt 0.517445 0.298345
vt 0.607862 0.824371
vt 0.405913 0.159996
vt 0.118421 0.275590
vt 0.552056 0.726796
vt 0.150401 0.298007
vt 0.552079 0.703091
vt 0.246375 0.776639
vt 0.530680 0.984904
vt 0.525395 0.986563
vt 0.525767 0.973985
vt 0.952595 0.924309
vt 0.695331 0.579931
vt 0.851057 0.065813
vt 0.847275 0.057574
vt 0.870283 0.091742
vt 0.518148 0.305559
vt 0.165885 0.294208
vt 0.173805 0.309818
vt 0.224320 0.831034
vt 0.219262 0.824980
vt 0.228144 0.823298
vt 0.292179 0.907340
vt 0.807279 0.212822
vt 0.837665 0.209996
vt 0.812979 0.223603
vt 0.846261 0.222095
vt 0.871901 0.959844
vt 0.895314 0.948507
vt 0.916384 0.960673
vt 0.497392 0.991522
vt 0.693921 0.592436
vt 0.874606 0.223097
vt 0.492377 0.288817
vt 0.423143 0.158087
vt 0.563465 0.740593
vt 0.560113 0.718693
vt 0.236947 0.837860
vt 0.184555 0.305749
vt 0.185798 0.309823
vt 0.172483 0.336560
vt 0.440028 0.068604
vt 0.974798 0.903293
vt 0.533045 0.989486
vt 0.498595 0.312622
vt 0.963130 0.487538
vt 0.979291 0.497807
vt 0.969002 0.511513
vt 0.628571 0.877383
vt 0.228077 0.811922
vt 0.187631 0.836940
vt 0.190407 0.804994
vt 0.317288 0.906049
vt 0.315719 0.897130
vt 0.638521 0.028778
vt 0.614247 0.054338
vt 0.615989 0.024805
vt 0.285792 0.875084
vt 0.309463 0.846057
vt 0.314625 0.870476
vt 0.916725 0.949917
vt 0.506621 0.964786
vt 0.688804 0.575661
vt 0.836419 0.050799
vt 0.017467 0.153884
vt 0.020719 0.136608
vt 0.032791 0.154387
vt 0.605019 0.823060
vt 0.590881 0.849942
vt 0.137763 0.277915
vt 0.232274 0.801553
vt 0.239972 0.787498
vt 0.241261 0.790578
vt 0.224418 0.775788
vt 0.652102 0.049079
vt 0.896034 0.611398
vt 0.905604 0.608795
vt 0.904459 0.629954
vt 0.895717 0.628257
vt 0.856619 0.026078
vt 0.747617 0.897502
vt 0.740508 0.910121
vt 0.718917 0.901263
vt 0.474351 0.287069
vt 0.595256 0.826592
vt 0.957650 0.507065
vt 0.985063 0.479039
vt 0.317173 0.847124
vt 0.911698 0.608800
vt 0.865071 0.619987
vt 0.899033 0.600334
vt 0.686579 0.908406
vt 0.703171 0.913178
vt 0.690518 0.918649
vt 0.916961 0.635554
vt 0.676686 0.582445
vt 0.836114 0.044775
vt 0.123210 0.256933
vt 0.117841 0.239467
vt 0.136547 0.245686
vt 0.136636 0.225291
vt 0.245904 0.827672
vt 0.252800 0.800683
vt 0.216893 0.787129
vt 0.629558 0.022968
vt 0.928295 0.953560
vt 0.686354 0.921816
vt 0.992921 0.974931
vt 0.985312 0.964064
vt 0.993579 0.938177
vt 0.730605 0.925023
vt 0.590224 0.807696
vt 0.501815 0.318522
vt 0.003327 0.076783
vt 0.003327 0.109766
vt 0.000110 0.103424
vt 0.860223 0.213188
vt 0.868486 0.211964
vt 0.477910 0.305653
vt 0.582672 0.878156
vt 0.162881 0.278304
vt 0.257023 0.814692
vt 0.191248 0.783236
vt 0.627491 0.013336
vt 0.634303 0.018156
vt 0.874318 0.540812
vt 0.848672 0.538841
vt 0.843462 0.525945
vt 0.695141 0.932257
vt 0.697260 0.942279
vt 0.903683 0.563759
vt 0.004849 0.155023
vt 0.002555 0.136583
vt 0.582041 0.833414
vt 0.950516 0.489014
vt 0.148583 0.209832
vt 0.153024 0.226346
vt 0.183877 0.285273
vt 0.196837 0.278289
vt 0.641459 0.007026
vt 0.876738 0.524951
vt 0.709462 0.927692
vt 0.715985 0.946630
vt 0.831651 0.519029
vt 0.831522 0.514766
vt 0.461190 0.292191
vt 0.587107 0.827277
vt 0.332462 0.908160
vt 0.329022 0.873204
vt 0.336513 0.887423
vt 0.343726 0.880616
vt 0.660379 0.036240
vt 0.859964 0.490758
vt 0.845378 0.199342
vt 0.845037 0.494776
vt 0.823579 0.507966
vt 0.827659 0.496207
vt 0.575431 0.839303
vt 0.573672 0.832701
vt 0.572345 0.856519
vt 0.149248 0.263429
vt 0.647785 0.017872
vt 0.884625 0.508736
vt 0.677850 0.030769
vt 0.677021 0.051262
vt 0.136110 0.984046
vt 0.119812 0.975699
vt 0.136251 0.977085
vt 0.817879 0.513080
vt 0.121448 0.963785
vt 0.132772 0.961512
vt 0.555813 0.811101
vt 0.572688 0.811417
vt 0.563918 0.821536
vt 0.567000 0.846344
vt 0.948296 0.475233
vt 0.176895 0.218485
vt 0.864101 0.485492
vt 0.740003 0.946878
vt 0.853376 0.486799
vt 0.464572 0.303445
vt 0.846310 0.477935
vt 0.882432 0.471675
vt 0.851730 0.467043
vt 0.825513 0.488877
vt 0.936881 0.483512
vt 0.555978 0.802504
vt 0.178071 0.239480
vt 0.178377 0.273325
vt 0.190585 0.264907
vt 0.348050 0.910448
vt 0.347951 0.895108
vt 0.095096 0.973393
vt 0.093195 0.960806
vt 0.091044 0.982751
vt 0.112333 0.952625
vt 0.830504 0.484638
vt 0.570698 0.825894
vt 0.492903 0.318577
vt 0.584688 0.802256
vt 0.158693 0.245310
vt 0.266468 0.830764
vt 0.264491 0.806797
vt 0.170940 0.257742
vt 0.194608 0.253825
s 1
usemtl Material
f 1/1/1 2/2/2 3/3/3
f 3/4/3 4/5/4 1/6/1
f 5/7/5 3/4/3 2/8/2
f 3/4/3 6/9/6 4/5/4
f 3/4/3 5/7/5 7/10/7
f 6/9/6 7/10/7 8/11/8
f 3/4/3 7/10/7 6/9/6
f 9/12/9 2/2/2 1/1/1
f 2/8/2 10/13/10 5/7/5
f 7/10/7 11/14/11 8/11/8
f 12/15/12 9/16/9 13/17/13
f 9/16/9 1/18/1 13/17/13
f 14/19/14 2/20/2 9/16/9
f 1/18/1 15/21/15 13/17/13
f 1/18/1 4/22/4 15/21/15
f 4/5/4 6/9/6 16/23/16
f 7/10/7 5/7/5 17/24/17
f 7/10/7 17/24/17 11/14/11
f 18/25/18 9/16/9 12/15/12
f 4/22/4 19/26/19 15/21/15
f 20/27/20 11/14/11 17/24/17
f 21/28/21 9/16/9 18/25/18
f 21/28/21 14/19/14 9/16/9
f 2/20/2 14/19/14 10/29/10
f 22/30/22 17/24/17 5/7/5
f 6/9/6 8/11/8 16/23/16
f 23/31/23 24/32/24 18/33/18
f 12/34/12 23/31/23 18/33/18
f 13/17/13 25/35/25 12/15/12
f 13/17/13 15/21/15 25/35/25
f 4/5/4 16/23/16 19/36/19
f 17/24/17 26/37/26 20/27/20
f 12/38/12 25/39/25 23/40/23
f 20/27/20 27/41/27 11/14/11
f 28/42/28 29/43/29 30/44/30
f 28/42/28 31/45/31 29/43/29
f 24/32/24 32/46/32 18/33/18
f 25/35/25 15/21/15 33/47/33
f 14/19/14 34/48/34 10/29/10
f 34/49/34 5/7/5 10/13/10
f 16/23/16 8/11/8 35/50/35
f 8/11/8 11/14/11 35/50/35
f 36/51/36 28/42/28 30/44/30
f 30/44/30 29/43/29 37/52/37
f 29/43/29 31/45/31 38/53/38
f 39/54/39 40/55/40 28/42/28
f 28/42/28 40/55/40 31/45/31
f 15/21/15 19/26/19 41/56/41
f 5/7/5 34/49/34 22/30/22
f 42/57/42 26/58/26 17/59/17
f 43/60/43 30/44/30 44/61/44
f 30/44/30 43/60/43 36/51/36
f 44/61/44 30/44/30 37/52/37
f 36/51/36 45/62/45 28/42/28
f 45/62/45 39/54/39 28/42/28
f 32/46/32 21/63/21 18/33/18
f 46/64/46 45/62/45 36/51/36
f 29/43/29 47/65/47 37/52/37
f 29/66/29 38/67/38 47/68/47
f 23/40/23 48/69/48 49/70/49
f 32/46/32 50/71/50 21/63/21
f 21/28/21 50/72/50 14/19/14
f 51/73/51 22/74/22 34/75/34
f 17/59/17 22/76/22 42/57/42
f 26/37/26 52/77/52 20/27/20
f 36/51/36 43/60/43 53/78/53
f 53/78/53 43/60/43 44/61/44
f 37/52/37 54/79/54 44/61/44
f 23/31/23 49/80/49 24/32/24
f 24/32/24 55/81/55 32/46/32
f 23/40/23 25/39/25 48/69/48
f 15/21/15 41/56/41 33/47/33
f 41/82/41 19/83/19 56/84/56
f 35/50/35 11/14/11 57/85/57
f 58/86/58 26/87/26 42/88/42
f 20/27/20 52/77/52 27/41/27
f 36/51/36 53/78/53 46/64/46
f 45/62/45 46/64/46 59/89/59
f 38/67/38 60/90/60 47/68/47
f 55/81/55 24/32/24 49/80/49
f 57/85/57 61/91/61 35/50/35
f 58/86/58 62/92/62 26/87/26
f 27/41/27 57/85/57 11/14/11
f 26/87/26 62/92/62 63/93/63
f 26/37/26 63/94/63 52/77/52
f 46/64/46 53/78/53 64/95/64
f 44/61/44 65/96/65 53/78/53
f 37/52/37 66/97/66 54/79/54
f 37/52/37 47/65/47 66/97/66
f 39/54/39 45/62/45 67/98/67
f 68/99/68 40/55/40 39/54/39
f 32/46/32 55/81/55 69/100/69
f 69/100/69 50/71/50 32/46/32
f 56/84/56 19/83/19 70/101/70
f 53/78/53 65/96/65 64/95/64
f 31/102/31 71/103/71 38/67/38
f 31/102/31 40/104/40 72/105/72
f 50/72/50 73/106/73 14/19/14
f 73/106/73 34/48/34 14/19/14
f 19/36/19 16/23/16 70/107/70
f 44/61/44 54/79/54 65/96/65
f 54/79/54 66/97/66 74/108/74
f 38/67/38 71/103/71 60/90/60
f 49/80/49 75/109/75 55/81/55
f 48/69/48 25/39/25 76/110/76
f 34/111/34 73/112/73 77/113/77
f 77/113/77 51/114/51 34/111/34
f 52/77/52 78/115/78 27/41/27
f 59/89/59 46/64/46 79/116/79
f 65/96/65 54/79/54 74/108/74
f 45/62/45 59/89/59 67/98/67
f 70/107/70 16/23/16 80/117/80
f 51/73/51 42/118/42 22/74/22
f 16/23/16 35/50/35 80/117/80
f 64/119/64 79/120/79 46/121/46
f 47/68/47 81/122/81 66/123/66
f 59/124/59 82/125/82 67/126/67
f 47/68/47 60/90/60 81/122/81
f 39/127/39 67/128/67 68/129/68
f 71/103/71 83/130/83 60/90/60
f 68/129/68 84/131/84 40/132/40
f 56/84/56 70/101/70 85/133/85
f 78/115/78 86/134/86 27/41/27
f 52/135/52 87/136/87 78/137/78
f 88/138/88 82/125/82 59/124/59
f 66/97/66 81/139/81 89/140/89
f 67/128/67 90/141/90 68/129/68
f 84/131/84 72/142/72 40/132/40
f 31/102/31 72/105/72 71/103/71
f 25/39/25 33/143/33 76/110/76
f 91/144/91 42/118/42 51/73/51
f 58/86/58 92/145/92 62/92/62
f 63/93/63 87/146/87 52/147/52
f 64/119/64 93/148/93 79/120/79
f 64/119/64 65/149/65 94/150/94
f 74/108/74 66/97/66 89/140/89
f 83/130/83 95/151/95 60/90/60
f 90/141/90 96/152/96 68/129/68
f 68/129/68 96/152/96 84/131/84
f 71/103/71 72/105/72 97/153/97
f 33/143/33 41/154/41 98/155/98
f 41/154/41 99/156/99 98/155/98
f 42/118/42 100/157/100 58/158/58
f 27/41/27 101/159/101 57/85/57
f 87/136/87 102/160/102 78/137/78
f 78/115/78 102/161/102 86/134/86
f 63/93/63 103/162/103 87/146/87
f 64/119/64 94/150/94 93/148/93
f 65/96/65 74/108/74 94/163/94
f 79/120/79 104/164/104 59/165/59
f 104/164/104 88/166/88 59/165/59
f 81/122/81 60/90/60 95/151/95
f 90/141/90 67/128/67 82/167/82
f 49/70/49 105/168/105 106/169/106
f 48/69/48 105/168/105 49/70/49
f 76/110/76 33/143/33 107/170/107
f 50/71/50 108/171/108 73/172/73
f 91/144/91 100/157/100 42/118/42
f 61/91/61 57/85/57 109/173/109
f 86/134/86 101/159/101 27/41/27
f 63/93/63 62/92/62 103/162/103
f 102/160/102 110/174/110 86/175/86
f 111/176/111 72/142/72 84/131/84
f 48/69/48 76/110/76 105/168/105
f 77/113/77 91/177/91 51/114/51
f 80/178/80 112/179/112 70/180/70
f 100/157/100 92/181/92 58/158/58
f 57/85/57 101/159/101 109/173/109
f 101/159/101 86/134/86 113/182/113
f 87/136/87 114/183/114 102/160/102
f 87/146/87 103/162/103 114/184/114
f 93/148/93 115/185/115 79/120/79
f 72/142/72 111/176/111 97/186/97
f 49/70/49 106/169/106 75/187/75
f 73/112/73 116/188/116 77/113/77
f 116/188/116 91/177/91 77/113/77
f 100/157/100 117/189/117 92/181/92
f 114/183/114 110/174/110 102/160/102
f 74/190/74 118/191/118 94/150/94
f 89/192/89 81/122/81 119/193/119
f 83/130/83 120/194/120 95/151/95
f 90/141/90 121/195/121 96/152/96
f 97/153/97 83/130/83 71/103/71
f 69/100/69 122/196/122 123/197/123
f 55/81/55 122/196/122 69/100/69
f 69/100/69 108/171/108 50/71/50
f 107/170/107 33/143/33 98/155/98
f 108/198/108 116/188/116 73/112/73
f 116/188/116 124/199/124 91/177/91
f 91/144/91 125/200/125 100/157/100
f 92/145/92 126/201/126 62/92/62
f 86/134/86 110/202/110 113/182/113
f 93/148/93 94/150/94 127/203/127
f 94/150/94 118/191/118 127/203/127
f 118/204/118 74/108/74 89/140/89
f 90/141/90 82/167/82 121/195/121
f 96/152/96 128/205/128 84/131/84
f 56/84/56 85/133/85 129/206/129
f 124/199/124 125/207/125 91/177/91
f 125/200/125 130/208/130 100/157/100
f 100/157/100 130/208/130 117/189/117
f 62/92/62 126/201/126 103/162/103
f 103/162/103 131/209/131 114/184/114
f 115/185/115 93/148/93 132/210/132
f 93/148/93 127/203/127 132/210/132
f 115/185/115 104/164/104 79/120/79
f 82/167/82 133/211/133 121/195/121
f 121/195/121 128/205/128 96/152/96
f 97/153/97 134/212/134 83/130/83
f 111/176/111 84/131/84 135/213/135
f 108/171/108 69/100/69 123/197/123
f 41/82/41 56/84/56 99/214/99
f 56/84/56 129/206/129 99/214/99
f 85/215/85 70/180/70 112/179/112
f 80/117/80 35/50/35 61/91/61
f 101/159/101 113/182/113 109/173/109
f 114/183/114 136/216/136 110/174/110
f 115/185/115 137/217/137 104/164/104
f 75/109/75 122/196/122 55/81/55
f 123/197/123 138/218/138 108/171/108
f 108/198/108 139/219/139 116/188/116
f 124/199/124 140/220/140 125/207/125
f 109/173/109 113/182/113 141/221/141
f 126/201/126 131/209/131 103/162/103
f 114/183/114 131/222/131 136/216/136
f 127/203/127 118/191/118 142/223/142
f 88/138/88 133/224/133 82/125/82
f 95/151/95 143/225/143 81/122/81
f 95/151/95 120/194/120 143/225/143
f 84/131/84 128/205/128 135/213/135
f 76/110/76 107/170/107 105/168/105
f 144/226/144 108/171/108 138/218/138
f 144/226/144 139/227/139 108/171/108
f 116/188/116 139/219/139 124/199/124
f 85/133/85 145/228/145 129/206/129
f 117/189/117 146/229/146 92/181/92
f 92/181/92 146/229/146 126/230/126
f 89/231/89 147/232/147 118/191/118
f 89/233/89 119/234/119 147/235/147
f 106/169/106 148/236/148 75/187/75
f 123/197/123 122/196/122 138/218/138
f 85/215/85 112/179/112 149/237/149
f 130/208/130 150/238/150 117/189/117
f 80/239/80 61/240/61 151/241/151
f 109/242/109 152/243/152 61/240/61
f 104/244/104 153/245/153 88/138/88
f 88/138/88 153/245/153 154/246/154
f 88/138/88 154/246/154 133/224/133
f 97/153/97 155/247/155 134/212/134
f 139/227/139 144/226/144 156/248/156
f 98/155/98 99/156/99 157/249/157
f 139/219/139 140/220/140 124/199/124
f 99/156/99 129/250/129 157/249/157
f 125/251/125 158/252/158 130/253/130
f 80/239/80 151/241/151 112/254/112
f 146/229/146 159/255/159 126/230/126
f 159/255/159 160/256/160 126/230/126
f 126/201/126 160/257/160 131/209/131
f 110/174/110 161/258/161 113/259/113
f 131/222/131 160/260/160 136/216/136
f 83/130/83 134/212/134 120/194/120
f 111/176/111 162/261/162 155/262/155
f 111/176/111 155/262/155 97/186/97
f 163/263/163 164/264/164 165/265/165
f 165/265/165 164/264/164 166/266/166
f 164/264/164 167/267/167 166/266/166
f 164/264/164 168/268/168 167/267/167
f 156/269/156 140/220/140 139/219/139
f 150/238/150 130/208/130 158/270/158
f 161/271/161 141/221/141 113/182/113
f 169/272/169 132/210/132 127/203/127
f 142/223/142 118/191/118 170/273/170
f 170/273/170 118/191/118 147/232/147
f 128/205/128 121/195/121 171/274/171
f 135/213/135 162/261/162 111/176/111
f 145/228/145 85/133/85 149/275/149
f 140/276/140 158/252/158 125/251/125
f 150/238/150 146/229/146 117/189/117
f 141/221/141 152/277/152 109/173/109
f 172/278/172 110/174/110 136/216/136
f 127/203/127 142/223/142 169/272/169
f 137/217/137 153/279/153 104/164/104
f 119/193/119 81/122/81 143/225/143
f 133/211/133 171/274/171 121/195/121
f 164/264/164 173/280/173 168/268/168
f 122/196/122 174/281/174 138/218/138
f 140/276/140 175/282/175 158/252/158
f 110/174/110 172/278/172 161/258/161
f 162/261/162 176/283/176 155/262/155
f 165/265/165 177/284/177 163/263/163
f 164/264/164 163/263/163 178/285/178
f 164/264/164 178/285/178 173/280/173
f 168/286/168 179/287/179 167/288/167
f 138/218/138 174/281/174 180/289/180
f 105/168/105 107/170/107 181/290/181
f 180/289/180 144/226/144 138/218/138
f 182/291/182 175/292/175 140/220/140
f 150/238/150 183/293/183 146/229/146
f 146/229/146 183/293/183 159/255/159
f 61/240/61 152/243/152 151/241/151
f 141/294/141 161/295/161 184/296/184
f 160/260/160 185/297/185 136/216/136
f 136/216/136 185/297/185 172/278/172
f 132/210/132 137/217/137 115/185/115
f 137/298/137 186/299/186 153/245/153
f 147/300/147 119/193/119 187/301/187
f 133/224/133 154/246/154 188/302/188
f 143/225/143 120/194/120 189/303/189
f 190/304/190 163/263/163 177/284/177
f 105/168/105 181/290/181 106/169/106
f 144/226/144 180/289/180 156/248/156
f 156/269/156 182/291/182 140/220/140
f 157/249/157 129/250/129 191/305/191
f 112/179/112 192/306/192 149/237/149
f 158/270/158 193/307/193 150/238/150
f 150/238/150 193/307/193 183/293/183
f 141/308/141 194/309/194 152/243/152
f 189/303/189 120/194/120 195/310/195
f 135/213/135 128/205/128 196/311/196
f 135/213/135 197/312/197 162/261/162
f 173/280/173 198/313/198 168/268/168
f 168/286/168 198/314/198 179/287/179
f 75/109/75 174/281/174 122/196/122
f 107/170/107 98/155/98 199/315/199
f 98/155/98 157/249/157 199/315/199
f 141/294/141 184/296/184 194/316/194
f 132/210/132 169/272/169 200/317/200
f 147/232/147 187/318/187 170/273/170
f 187/318/187 201/319/201 170/273/170
f 119/193/119 143/225/143 187/301/187
f 143/225/143 189/303/189 202/320/202
f 133/211/133 203/321/203 171/274/171
f 171/274/171 196/311/196 128/205/128
f 195/310/195 120/194/120 204/322/204
f 155/247/155 205/323/205 134/212/134
f 162/261/162 206/324/206 176/283/176
f 155/262/155 176/283/176 205/325/205
f 165/265/165 207/326/207 177/284/177
f 163/263/163 190/304/190 178/285/178
f 129/250/129 208/327/208 191/305/191
f 145/328/145 208/327/208 129/250/129
f 149/237/149 209/329/209 145/330/145
f 210/331/210 149/237/149 192/306/192
f 112/254/112 151/241/151 192/332/192
f 194/309/194 211/333/211 152/243/152
f 212/334/212 213/335/213 214/336/214
f 213/337/213 215/338/215 214/339/214
f 132/210/132 200/317/200 137/217/137
f 153/245/153 216/340/216 154/246/154
f 134/212/134 204/322/204 120/194/120
f 205/323/205 204/322/204 134/212/134
f 190/304/190 217/341/217 178/285/178
f 165/265/165 166/266/166 207/326/207
f 183/293/183 218/342/218 159/255/159
f 214/336/214 219/343/219 220/344/220
f 212/334/212 214/336/214 220/344/220
f 212/334/212 220/344/220 221/345/221
f 212/334/212 222/346/222 213/335/213
f 221/345/221 222/346/222 212/334/212
f 221/347/221 223/348/223 222/349/222
f 170/273/170 201/319/201 224/350/224
f 188/302/188 154/246/154 216/340/216
f 189/303/189 195/310/195 225/351/225
f 196/311/196 197/312/197 135/213/135
f 162/261/162 197/312/197 206/324/206
f 178/285/178 226/352/226 173/280/173
f 107/353/107 199/354/199 181/355/181
f 157/356/157 191/357/191 227/358/227
f 175/282/175 228/359/228 158/252/158
f 228/359/228 193/360/193 158/252/158
f 183/293/183 193/307/193 229/361/229
f 184/362/184 230/363/230 231/364/231
f 231/365/231 232/366/232 184/367/184
f 151/241/151 152/243/152 233/368/233
f 232/369/232 194/370/194 184/371/184
f 220/344/220 219/343/219 234/372/234
f 235/373/235 236/374/236 220/344/220
f 236/374/236 221/345/221 220/344/220
f 236/375/236 237/376/237 221/347/221
f 214/339/214 215/338/215 238/377/238
f 221/347/221 237/376/237 223/348/223
f 222/349/222 239/378/239 213/379/213
f 213/379/213 239/378/239 215/380/215
f 187/301/187 240/381/240 201/382/201
f 143/225/143 240/381/240 187/301/187
f 143/225/143 202/320/202 240/381/240
f 189/303/189 241/383/241 202/320/202
f 189/303/189 225/351/225 241/383/241
f 190/304/190 242/384/242 217/341/217
f 217/341/217 226/352/226 178/285/178
f 180/289/180 174/281/174 243/385/243
f 156/248/156 244/386/244 182/387/182
f 193/360/193 245/388/245 229/389/229
f 183/293/183 229/361/229 218/342/218
f 159/255/159 218/342/218 160/256/160
f 218/342/218 185/390/185 160/256/160
f 234/372/234 246/391/246 220/344/220
f 214/339/214 238/377/238 219/392/219
f 246/391/246 235/373/235 220/344/220
f 215/338/215 247/393/247 238/377/238
f 200/317/200 186/394/186 137/217/137
f 248/395/248 186/299/186 200/396/200
f 186/299/186 216/340/216 153/245/153
f 249/397/249 142/223/142 170/273/170
f 239/398/239 250/399/250 215/400/215
f 222/349/222 251/401/251 239/378/239
f 202/320/202 241/383/241 252/402/252
f 203/321/203 253/403/253 171/274/171
f 253/403/253 196/311/196 171/274/171
f 166/404/166 167/288/167 254/405/254
f 167/288/167 179/287/179 254/405/254
f 255/406/255 198/313/198 173/280/173
f 255/407/255 256/408/256 198/314/198
f 257/409/257 192/410/192 151/411/151
f 257/412/257 151/241/151 233/368/233
f 258/413/258 230/363/230 161/414/161
f 184/362/184 161/414/161 230/363/230
f 233/368/233 152/243/152 211/333/211
f 259/415/259 161/258/161 172/278/172
f 219/392/219 238/377/238 260/416/260
f 236/375/236 261/417/261 237/376/237
f 215/338/215 250/418/250 247/393/247
f 169/272/169 142/223/142 249/397/249
f 223/348/223 262/419/262 251/401/251
f 223/348/223 251/401/251 222/349/222
f 201/420/201 240/421/240 263/422/263
f 133/224/133 188/302/188 203/423/203
f 195/310/195 204/322/204 264/424/264
f 197/312/197 265/425/265 206/324/206
f 266/426/266 166/404/166 254/405/254
f 75/109/75 267/427/267 174/281/174
f 243/385/243 244/386/244 180/289/180
f 180/289/180 244/386/244 156/248/156
f 157/356/157 227/358/227 199/354/199
f 149/237/149 210/331/210 209/329/209
f 268/428/268 210/331/210 192/306/192
f 229/361/229 269/429/269 218/342/218
f 232/366/232 231/365/231 230/430/230
f 270/431/270 219/392/219 260/416/260
f 271/432/271 272/433/272 235/373/235
f 260/416/260 238/377/238 273/434/273
f 200/396/200 274/435/274 248/395/248
f 170/273/170 224/350/224 249/397/249
f 237/376/237 275/436/275 223/348/223
f 223/348/223 275/436/275 262/419/262
f 239/398/239 276/437/276 250/399/250
f 239/378/239 251/401/251 276/438/276
f 241/439/241 225/440/225 277/441/277
f 190/304/190 278/442/278 242/384/242
f 190/304/190 177/284/177 278/442/278
f 207/326/207 279/443/279 177/284/177
f 166/266/166 266/444/266 207/326/207
f 230/430/230 258/445/258 280/446/280
f 185/297/185 259/415/259 172/278/172
f 246/391/246 271/432/271 235/373/235
f 272/433/272 236/374/236 235/373/235
f 236/447/236 272/448/272 261/449/261
f 238/377/238 247/393/247 281/450/281
f 261/417/261 275/436/275 237/376/237
f 202/320/202 252/402/252 240/381/240
f 177/284/177 279/443/279 282/451/282
f 207/326/207 266/444/266 279/443/279
f 179/287/179 198/314/198 283/452/283
f 75/109/75 148/453/148 267/427/267
f 280/446/280 232/366/232 230/430/230
f 284/454/284 185/455/185 218/456/218
f 232/457/232 211/333/211 194/309/194
f 234/372/234 270/458/270 285/459/285
f 219/343/219 270/458/270 234/372/234
f 286/460/286 246/391/246 234/372/234
f 287/461/287 271/432/271 246/391/246
f 238/377/238 281/450/281 273/434/273
f 200/317/200 169/272/169 288/462/288
f 201/319/201 289/463/289 224/350/224
f 251/401/251 262/419/262 290/464/290
f 251/401/251 290/464/290 276/438/276
f 197/312/197 291/465/291 265/425/265
f 225/351/225 195/310/195 264/424/264
f 179/287/179 283/452/283 292/466/292
f 198/314/198 256/408/256 283/452/283
f 181/355/181 293/467/293 106/468/106
f 294/469/294 175/282/175 182/470/182
f 210/331/210 268/428/268 209/329/209
f 228/359/228 245/388/245 193/360/193
f 258/445/258 295/471/295 280/446/280
f 211/333/211 296/472/296 233/368/233
f 286/460/286 287/461/287 246/391/246
f 272/448/272 297/473/297 261/449/261
f 200/317/200 288/462/288 274/474/274
f 169/272/169 249/397/249 288/462/288
f 247/475/247 250/476/250 298/477/298
f 240/421/240 252/478/252 299/479/299
f 300/480/300 290/464/290 262/419/262
f 277/441/277 225/440/225 301/481/301
f 302/482/302 204/322/204 205/323/205
f 204/322/204 302/482/302 264/424/264
f 217/341/217 303/483/303 226/352/226
f 199/354/199 227/358/227 304/484/304
f 244/485/244 294/486/294 182/487/182
f 209/488/209 305/489/305 208/490/208
f 145/328/145 209/491/209 208/327/208
f 192/306/192 257/492/257 268/428/268
f 245/388/245 306/493/306 229/389/229
f 229/361/229 306/494/306 269/429/269
f 269/429/269 307/495/307 218/342/218
f 258/445/258 308/496/308 295/471/295
f 295/471/295 309/497/309 280/446/280
f 233/498/233 310/499/310 257/500/257
f 218/342/218 307/495/307 284/501/284
f 258/445/258 311/502/311 308/496/308
f 280/446/280 309/497/309 232/366/232
f 233/498/233 296/503/296 310/499/310
f 161/504/161 259/505/259 311/502/311
f 161/504/161 311/502/311 258/445/258
f 312/506/312 272/433/272 271/432/271
f 297/473/297 313/507/313 261/449/261
f 247/475/247 298/477/298 281/508/281
f 250/399/250 314/509/314 298/510/298
f 250/399/250 315/511/315 314/509/314
f 240/421/240 299/479/299 263/422/263
f 276/437/276 315/511/315 250/399/250
f 252/512/252 241/513/241 316/514/316
f 241/513/241 277/515/277 317/516/317
f 264/517/264 301/481/301 225/440/225
f 318/518/318 264/424/264 302/482/302
f 318/519/318 319/520/319 264/517/264
f 278/442/278 177/284/177 282/451/282
f 255/406/255 173/280/173 226/352/226
f 148/521/148 106/468/106 293/467/293
f 191/357/191 208/522/208 320/523/320
f 268/428/268 257/492/257 321/524/321
f 295/471/295 308/496/308 322/525/322
f 322/525/322 308/496/308 311/502/311
f 284/526/284 259/527/259 185/528/185
f 309/497/309 296/529/296 232/366/232
f 323/530/323 270/431/270 260/416/260
f 260/416/260 273/434/273 324/531/324
f 273/434/273 281/450/281 325/532/325
f 326/533/326 216/340/216 186/299/186
f 327/534/327 249/535/249 289/536/289
f 289/463/289 249/397/249 224/350/224
f 261/417/261 313/537/313 275/436/275
f 289/536/289 201/420/201 263/422/263
f 275/436/275 328/538/328 262/419/262
f 216/340/216 329/539/329 188/302/188
f 290/464/290 300/480/300 330/540/330
f 241/513/241 317/516/317 316/514/316
f 196/311/196 291/465/291 197/312/197
f 254/405/254 179/287/179 292/466/292
f 331/541/331 244/386/244 243/385/243
f 332/542/332 245/388/245 228/359/228
f 295/471/295 322/525/322 309/497/309
f 311/502/311 259/505/259 333/543/333
f 296/472/296 211/333/211 232/457/232
f 286/460/286 234/372/234 285/459/285
f 287/461/287 286/460/286 334/544/334
f 323/530/323 260/416/260 324/531/324
f 326/533/326 186/299/186 248/395/248
f 326/533/326 329/539/329 216/340/216
f 335/545/335 275/436/275 313/537/313
f 335/545/335 328/538/328 275/436/275
f 328/538/328 300/480/300 262/419/262
f 276/437/276 336/546/336 315/511/315
f 290/547/290 330/548/330 276/437/276
f 319/520/319 301/481/301 264/517/264
f 266/426/266 254/405/254 337/549/337
f 191/357/191 320/523/320 227/358/227
f 268/428/268 338/550/338 209/329/209
f 332/542/332 339/551/339 245/388/245
f 245/388/245 339/551/339 306/493/306
f 269/552/269 340/553/340 307/554/307
f 323/530/323 341/555/341 270/431/270
f 342/556/342 271/432/271 287/461/287
f 272/557/272 343/558/343 297/559/297
f 248/560/248 344/561/344 326/562/326
f 299/479/299 252/478/252 345/563/345
f 316/514/316 345/564/345 252/512/252
f 300/480/300 328/538/328 346/565/346
f 277/515/277 347/566/347 317/516/317
f 206/324/206 348/567/348 176/283/176
f 205/325/205 176/283/176 302/568/302
f 349/569/349 319/520/319 318/519/318
f 217/341/217 242/384/242 350/570/350
f 337/549/337 254/405/254 292/466/292
f 256/571/256 255/572/255 351/573/351
f 181/355/181 199/354/199 304/484/304
f 352/574/352 294/486/294 244/485/244
f 338/575/338 305/489/305 209/488/209
f 306/493/306 339/551/339 353/576/353
f 354/577/354 340/553/340 269/552/269
f 306/493/306 354/577/354 269/552/269
f 257/578/257 310/579/310 321/580/321
f 333/543/333 355/581/355 311/502/311
f 356/582/356 333/543/333 259/505/259
f 311/502/311 355/581/355 322/525/322
f 322/525/322 355/581/355 309/497/309
f 270/431/270 341/555/341 285/583/285
f 342/584/342 357/585/357 312/586/312
f 271/587/271 342/584/342 312/586/312
f 273/434/273 358/588/358 324/531/324
f 273/434/273 325/532/325 358/588/358
f 248/560/248 274/589/274 359/590/359
f 249/535/249 327/534/327 288/591/288
f 263/422/263 360/592/360 289/536/289
f 263/422/263 299/479/299 361/593/361
f 345/564/345 362/594/362 363/595/363
f 345/564/345 316/514/316 362/594/362
f 188/302/188 329/539/329 203/423/203
f 317/516/317 362/594/362 316/514/316
f 330/548/330 336/546/336 276/437/276
f 302/482/302 364/596/364 318/518/318
f 266/426/266 337/549/337 365/597/365
f 331/541/331 352/598/352 244/386/244
f 227/358/227 320/523/320 366/599/366
f 208/490/208 305/489/305 320/600/320
f 175/282/175 367/601/367 228/359/228
f 268/602/268 321/603/321 368/604/368
f 356/582/356 259/505/259 369/605/369
f 296/503/296 370/606/370 310/499/310
f 309/497/309 371/607/371 296/529/296
f 285/459/285 372/608/372 286/460/286
f 272/609/272 312/586/312 343/610/343
f 361/593/361 299/479/299 373/611/373
f 345/563/345 373/611/373 299/479/299
f 374/612/374 328/613/328 335/614/335
f 315/511/315 375/615/375 314/509/314
f 300/616/300 376/617/376 330/618/330
f 253/403/253 291/465/291 196/311/196
f 301/481/301 377/619/377 378/620/378
f 319/520/319 379/621/379 301/481/301
f 350/570/350 303/483/303 217/341/217
f 226/352/226 303/483/303 380/622/380
f 174/281/174 267/427/267 243/385/243
f 181/355/181 304/484/304 381/623/381
f 228/359/228 382/624/382 332/542/332
f 368/625/368 338/550/338 268/428/268
f 356/582/356 355/581/355 333/543/333
f 259/527/259 284/526/284 369/626/369
f 309/497/309 383/627/383 371/607/371
f 296/503/296 371/628/371 370/606/370
f 287/629/287 334/630/334 342/584/342
f 384/631/384 297/632/297 343/610/343
f 384/633/384 385/634/385 297/473/297
f 385/634/385 313/507/313 297/473/297
f 281/508/281 386/635/386 325/636/325
f 248/560/248 359/590/359 344/561/344
f 385/634/385 387/637/387 313/507/313
f 281/508/281 298/477/298 386/635/386
f 288/591/288 388/638/388 274/639/274
f 288/591/288 327/534/327 388/638/388
f 326/562/326 389/640/389 329/641/329
f 363/595/363 362/594/362 390/642/390
f 314/509/314 391/643/391 298/510/298
f 392/644/392 362/594/362 317/516/317
f 315/511/315 336/546/336 393/645/393
f 300/480/300 346/565/346 376/646/376
f 277/441/277 301/481/301 378/620/378
f 348/647/348 394/648/394 176/649/176
f 176/649/176 394/648/394 302/650/302
f 301/481/301 379/621/379 377/619/377
f 395/651/395 377/619/377 379/621/379
f 395/651/395 379/621/379 396/652/396
f 351/653/351 283/452/283 256/408/256
f 305/489/305 397/654/397 320/600/320
f 294/469/294 367/601/367 175/282/175
f 367/601/367 382/624/382 228/359/228
f 338/655/338 368/656/368 398/657/398
f 306/493/306 353/576/353 354/577/354
f 340/658/340 399/659/399 307/660/307
f 310/579/310 400/661/400 321/580/321
f 307/660/307 399/659/399 284/526/284
f 399/659/399 401/662/401 369/626/369
f 369/626/369 284/526/284 399/659/399
f 310/579/310 370/663/370 400/661/400
f 356/664/356 369/665/369 355/666/355
f 402/667/402 384/631/384 312/586/312
f 343/610/343 312/586/312 384/631/384
f 274/589/274 403/668/403 359/590/359
f 388/669/388 403/668/403 274/589/274
f 404/670/404 363/595/363 405/671/405
f 404/670/404 345/564/345 363/595/363
f 363/595/363 406/672/406 405/671/405
f 363/595/363 390/642/390 406/672/406
f 313/507/313 387/637/387 335/673/335
f 360/592/360 263/422/263 361/593/361
f 390/642/390 362/594/362 392/644/392
f 374/612/374 346/674/346 328/613/328
f 347/566/347 392/644/392 317/516/317
f 315/511/315 393/645/393 375/615/375
f 302/650/302 394/648/394 364/675/364
f 395/651/395 396/652/396 407/676/407
f 318/519/318 364/677/364 349/569/349
f 319/520/319 408/678/408 379/621/379
f 303/679/303 409/680/409 410/681/410
f 410/681/410 380/682/380 303/679/303
f 226/352/226 380/622/380 255/406/255
f 304/484/304 411/683/411 381/623/381
f 305/489/305 338/575/338 398/684/398
f 382/624/382 412/685/412 332/542/332
f 332/542/332 413/686/413 339/551/339
f 339/551/339 413/686/413 353/576/353
f 340/658/340 354/687/354 414/688/414
f 399/659/399 340/658/340 414/688/414
f 399/659/399 414/688/414 401/662/401
f 401/662/401 415/689/415 369/626/369
f 369/665/369 415/690/415 355/666/355
f 416/691/416 383/627/383 309/497/309
f 286/460/286 372/608/372 334/544/334
f 323/530/323 417/692/417 341/555/341
f 289/536/289 360/592/360 327/534/327
f 298/477/298 391/693/391 386/635/386
f 314/509/314 375/615/375 391/643/391
f 203/321/203 418/694/418 253/403/253
f 377/619/377 395/651/395 407/676/407
f 379/621/379 419/695/419 396/652/396
f 396/696/396 419/697/419 420/698/420
f 349/569/349 408/678/408 319/520/319
f 266/426/266 365/597/365 279/699/279
f 337/549/337 292/466/292 421/700/421
f 410/681/410 422/701/422 380/682/380
f 181/355/181 381/623/381 293/467/293
f 304/484/304 366/599/366 411/683/411
f 304/484/304 227/358/227 366/599/366
f 320/523/320 423/702/423 366/599/366
f 320/600/320 397/654/397 423/703/423
f 332/542/332 412/685/412 413/686/413
f 401/662/401 414/688/414 415/689/415
f 355/581/355 416/691/416 309/497/309
f 285/459/285 424/704/424 372/608/372
f 323/530/323 324/531/324 417/692/417
f 425/705/425 404/706/404 426/707/426
f 404/708/404 405/709/405 426/710/426
f 326/562/326 344/561/344 389/640/389
f 404/706/404 373/711/373 345/712/345
f 329/539/329 418/713/418 203/423/203
f 376/646/376 346/565/346 427/714/427
f 378/620/378 377/619/377 428/715/428
f 206/324/206 265/425/265 348/567/348
f 396/696/396 429/716/429 407/717/407
f 408/718/408 419/697/419 379/719/379
f 242/720/242 430/721/430 350/722/350
f 350/570/350 409/723/409 303/483/303
f 283/452/283 431/724/431 292/466/292
f 148/521/148 293/467/293 432/725/432
f 331/541/331 243/385/243 267/427/267
f 367/601/367 412/685/412 382/624/382
f 354/577/354 353/576/353 433/726/433
f 321/603/321 400/727/400 434/728/434
f 355/666/355 415/690/415 416/729/416
f 370/730/370 371/731/371 435/732/435
f 383/733/383 435/732/435 371/731/371
f 325/636/325 386/635/386 436/734/436
f 405/671/405 437/735/437 426/736/426
f 405/671/405 406/672/406 437/735/437
f 406/737/406 390/738/390 438/739/438
f 392/740/392 347/741/347 439/742/439
f 336/546/336 330/548/330 440/743/440
f 377/619/377 407/676/407 428/715/428
f 278/744/278 441/745/441 242/720/242
f 442/746/442 443/747/443 350/748/350
f 350/748/350 443/747/443 409/749/409
f 409/680/409 444/750/444 410/681/410
f 444/750/444 422/701/422 410/681/410
f 255/572/255 380/751/380 351/573/351
f 445/752/445 352/753/352 331/754/331
f 368/656/368 446/755/446 398/657/398
f 321/603/321 434/728/434 368/604/368
f 354/687/354 447/756/447 414/688/414
f 415/690/415 448/757/448 416/729/416
f 416/729/416 449/758/449 383/733/383
f 334/630/334 450/759/450 342/584/342
f 312/586/312 357/585/357 402/667/402
f 384/631/384 402/667/402 451/760/451
f 327/534/327 452/761/452 388/638/388
f 373/611/373 453/762/453 361/593/361
f 387/637/387 454/763/454 335/673/335
f 378/620/378 347/764/347 277/441/277
f 378/620/378 428/715/428 455/765/455
f 441/745/441 278/744/278 282/766/282
f 441/745/441 282/766/282 456/767/456
f 457/768/457 407/717/407 429/716/429
f 419/697/419 458/769/458 420/698/420
f 459/770/459 420/698/420 458/769/458
f 350/722/350 430/721/430 442/771/442
f 460/772/460 444/750/444 409/680/409
f 380/682/380 422/701/422 461/773/461
f 461/774/461 351/573/351 380/751/380
f 462/775/462 331/541/331 267/427/267
f 293/467/293 381/623/381 411/683/411
f 368/656/368 463/776/463 446/755/446
f 368/604/368 434/728/434 464/777/464
f 434/728/434 400/727/400 465/778/465
f 447/756/447 415/689/415 414/688/414
f 465/778/465 400/727/400 370/730/370
f 370/730/370 435/732/435 465/778/465
f 341/555/341 466/779/466 285/583/285
f 467/780/467 437/781/437 406/737/406
f 467/780/467 406/737/406 438/739/438
f 425/705/425 373/711/373 404/706/404
f 468/782/468 403/668/403 388/669/388
f 452/761/452 327/534/327 360/592/360
f 390/642/390 469/783/469 438/784/438
f 390/642/390 392/644/392 469/783/469
f 454/763/454 374/785/374 335/673/335
f 374/612/374 470/786/470 346/674/346
f 375/787/375 393/788/393 471/789/471
f 336/546/336 440/743/440 393/645/393
f 472/790/472 291/465/291 253/403/253
f 282/766/282 473/791/473 456/767/456
f 430/721/430 242/720/242 441/745/441
f 474/792/474 475/793/475 419/697/419
f 364/794/364 476/795/476 349/796/349
f 279/797/279 365/798/365 473/799/473
f 365/597/365 337/549/337 421/700/421
f 443/747/443 460/800/460 409/749/409
f 292/466/292 477/801/477 421/700/421
f 305/489/305 398/684/398 478/802/478
f 478/802/478 398/684/398 479/803/479
f 463/804/463 368/604/368 464/777/464
f 433/726/433 353/576/353 413/686/413
f 447/756/447 354/687/354 433/805/433
f 449/758/449 416/729/416 448/757/448
f 449/758/449 435/732/435 383/733/383
f 334/806/334 372/807/372 480/808/480
f 450/809/450 334/810/334 480/811/480
f 325/532/325 436/812/436 481/813/481
f 358/588/358 325/532/325 481/813/481
f 386/635/386 482/814/482 436/734/436
f 344/561/344 359/590/359 483/815/483
f 403/668/403 483/815/483 359/590/359
f 425/705/425 453/816/453 373/711/373
f 403/668/403 468/782/468 484/817/484
f 388/638/388 452/761/452 485/818/485
f 360/592/360 361/593/361 453/762/453
f 329/641/329 389/640/389 486/819/486
f 486/820/486 487/821/487 329/822/329
f 329/822/329 487/821/487 418/823/418
f 346/674/346 470/786/470 427/824/427
f 347/764/347 378/620/378 455/765/455
f 418/694/418 488/825/488 253/403/253
f 376/617/376 489/826/489 330/618/330
f 330/618/330 489/826/489 440/827/440
f 429/716/429 396/696/396 490/828/490
f 420/698/420 490/828/490 396/696/396
f 408/718/408 474/792/474 419/697/419
f 419/697/419 475/793/475 458/769/458
f 420/698/420 491/829/491 490/828/490
f 420/698/420 459/770/459 491/829/491
f 459/770/459 458/769/458 492/830/492
f 421/700/421 477/801/477 493/831/493
f 292/466/292 494/832/494 477/801/477
f 422/701/422 495/833/495 461/773/461
f 292/466/292 431/724/431 494/832/494
f 351/573/351 431/834/431 283/835/283
f 366/599/366 496/836/496 411/683/411
f 352/574/352 497/837/497 294/486/294
f 294/486/294 497/837/497 367/838/367
f 479/839/479 398/657/398 446/755/446
f 367/601/367 498/840/498 412/685/412
f 498/840/498 499/841/499 412/685/412
f 412/685/412 499/841/499 413/686/413
f 499/841/499 433/726/433 413/686/413
f 433/805/433 500/842/500 447/756/447
f 434/728/434 501/843/501 464/777/464
f 465/778/465 501/843/501 434/728/434
f 448/757/448 502/844/502 449/758/449
f 341/555/341 417/692/417 503/845/503
f 324/531/324 358/588/358 504/846/504
f 438/739/438 505/847/505 506/848/506
f 388/638/388 485/818/485 468/849/468
f 391/693/391 507/850/507 386/635/386
f 392/851/392 439/852/439 508/853/508
f 374/612/374 509/854/509 470/786/470
f 253/403/253 488/825/488 472/790/472
f 291/465/291 510/855/510 265/425/265
f 407/676/407 511/856/511 428/715/428
f 407/717/407 457/768/457 511/857/511
f 456/767/456 512/858/512 441/745/441
f 429/716/429 513/859/513 457/768/457
f 282/451/282 279/443/279 473/860/473
f 429/716/429 490/828/490 513/859/513
f 514/861/514 408/718/408 349/862/349
f 459/770/459 443/747/443 491/829/491
f 491/829/491 443/747/443 442/746/442
f 444/750/444 495/833/495 422/701/422
f 351/573/351 515/863/515 431/834/431
f 148/453/148 516/864/516 267/427/267
f 148/521/148 432/725/432 516/865/516
f 423/703/423 397/654/397 517/866/517
f 518/867/518 446/755/446 463/776/463
f 415/689/415 519/868/519 448/869/448
f 520/870/520 502/844/502 448/757/448
f 285/583/285 466/779/466 424/871/424
f 521/872/521 357/585/357 342/584/342
f 451/760/451 522/873/522 384/631/384
f 426/874/426 437/875/437 523/876/523
f 437/781/437 524/877/524 525/878/525
f 438/739/438 506/848/506 467/780/467
f 403/668/403 484/817/484 483/815/483
f 344/561/344 483/815/483 389/640/389
f 389/640/389 483/815/483 526/879/526
f 453/762/453 527/880/527 360/592/360
f 360/592/360 527/880/527 452/761/452
f 392/851/392 508/853/508 469/881/469
f 391/882/391 375/787/375 507/883/507
f 291/884/291 472/885/472 510/886/510
f 490/828/490 442/746/442 513/859/513
f 490/828/490 491/829/491 442/746/442
f 443/747/443 459/770/459 460/800/460
f 492/830/492 460/800/460 459/770/459
f 528/887/528 460/800/460 492/830/492
f 444/750/444 529/888/529 495/833/495
f 431/724/431 515/889/515 494/832/494
f 495/890/495 530/891/530 461/774/461
f 461/774/461 530/891/530 351/573/351
f 351/573/351 530/891/530 515/863/515
f 432/725/432 293/467/293 531/892/531
f 293/467/293 411/683/411 531/892/531
f 352/753/352 445/752/445 497/893/497
f 479/839/479 446/755/446 518/867/518
f 518/867/518 463/776/463 532/894/532
f 447/756/447 519/868/519 415/689/415
f 520/870/520 533/895/533 502/844/502
f 502/844/502 533/895/533 449/758/449
f 449/758/449 533/895/533 435/732/435
f 372/807/372 534/896/534 480/808/480
f 450/759/450 521/872/521 342/584/342
f 358/588/358 481/813/481 504/846/504
f 384/633/384 522/897/522 385/634/385
f 426/707/426 535/898/535 425/705/425
f 437/875/437 525/899/525 523/876/523
f 467/780/467 524/877/524 437/781/437
f 425/705/425 536/900/536 453/816/453
f 453/816/453 536/900/536 537/901/537
f 453/762/453 537/902/537 527/880/527
f 387/637/387 538/903/538 454/763/454
f 526/879/526 486/819/486 389/640/389
f 509/904/509 374/785/374 454/763/454
f 439/742/439 347/741/347 455/905/455
f 510/886/510 539/906/539 265/907/265
f 539/906/539 348/647/348 265/907/265
f 474/792/474 408/718/408 514/861/514
f 365/798/365 421/908/421 540/909/540
f 528/887/528 444/910/444 460/800/460
f 541/911/541 444/910/444 528/887/528
f 541/912/541 529/888/529 444/750/444
f 542/913/542 331/754/331 462/914/462
f 542/913/542 445/752/445 331/754/331
f 496/915/496 366/916/366 423/703/423
f 543/917/543 367/838/367 497/837/497
f 544/918/544 305/489/305 478/802/478
f 544/918/544 397/654/397 305/489/305
f 545/919/545 498/920/498 367/921/367
f 478/922/478 479/839/479 546/923/546
f 532/894/532 463/776/463 547/924/547
f 463/804/463 464/777/464 548/925/548
f 499/841/499 500/926/500 433/726/433
f 501/843/501 465/778/465 549/927/549
f 435/732/435 549/927/549 465/778/465
f 324/531/324 504/846/504 417/692/417
f 550/928/550 451/760/451 402/667/402
f 535/898/535 551/929/551 425/705/425
f 522/897/522 552/930/552 385/634/385
f 553/931/553 523/876/523 554/932/554
f 554/932/554 525/899/525 555/933/555
f 525/899/525 554/932/554 523/876/523
f 555/933/555 525/899/525 556/934/556
f 536/900/536 425/705/425 551/929/551
f 525/878/525 524/877/524 556/935/556
f 557/936/557 524/877/524 467/780/467
f 385/634/385 558/937/558 387/637/387
f 558/937/558 538/903/538 387/637/387
f 482/814/482 386/635/386 559/938/559
f 560/939/560 454/763/454 538/903/538
f 386/635/386 507/850/507 559/938/559
f 488/940/488 418/823/418 487/821/487
f 561/941/561 472/885/472 488/942/488
f 348/647/348 562/943/562 394/648/394
f 394/648/394 563/944/563 364/675/364
f 513/945/513 442/771/442 564/946/564
f 564/946/564 442/771/442 430/721/430
f 493/831/493 565/947/565 566/948/566
f 493/831/493 477/801/477 565/947/565
f 531/892/531 411/683/411 496/836/496
f 543/949/543 545/919/545 367/921/367
f 397/654/397 544/918/544 517/866/517
f 567/950/567 544/918/544 478/802/478
f 546/923/546 479/839/479 518/867/518
f 498/920/498 568/951/568 499/952/499
f 569/953/569 519/868/519 500/842/500
f 519/868/519 447/756/447 500/842/500
f 547/954/547 520/870/520 519/955/519
f 548/925/548 464/777/464 501/843/501
f 519/955/519 520/870/520 448/757/448
f 520/870/520 570/956/570 571/957/571
f 571/957/571 533/895/533 520/870/520
f 372/807/372 424/958/424 534/896/534
f 341/555/341 503/845/503 466/779/466
f 521/872/521 572/959/572 357/585/357
f 572/959/572 402/667/402 357/585/357
f 481/960/481 436/734/436 573/961/573
f 574/962/574 575/963/575 451/964/451
f 451/965/451 575/966/575 522/897/522
f 426/874/426 523/876/523 553/931/553
f 554/932/554 576/967/576 553/931/553
f 552/930/552 558/937/558 385/634/385
f 524/877/524 557/936/557 556/935/556
f 467/780/467 506/848/506 557/936/557
f 438/968/438 469/969/469 505/970/505
f 485/971/485 577/972/577 468/782/468
f 578/973/578 560/939/560 538/903/538
f 470/786/470 509/854/509 579/974/579
f 471/789/471 580/975/580 375/787/375
f 440/976/440 581/977/581 393/978/393
f 394/648/394 562/943/562 582/979/582
f 582/979/582 563/944/563 394/648/394
f 364/794/364 563/980/563 476/795/476
f 514/981/514 583/982/583 474/983/474
f 474/792/474 584/984/584 475/793/475
f 365/798/365 540/909/540 473/799/473
f 475/793/475 584/984/584 458/769/458
f 584/984/584 585/985/585 458/769/458
f 458/769/458 585/985/585 492/830/492
f 421/700/421 493/831/493 586/986/586
f 585/985/585 528/887/528 492/830/492
f 493/831/493 566/948/566 586/986/586
f 541/912/541 587/987/587 529/888/529
f 494/832/494 588/988/588 477/801/477
f 477/801/477 588/988/588 589/989/589
f 477/801/477 589/989/589 565/947/565
f 494/832/494 515/889/515 588/988/588
f 478/922/478 546/923/546 567/990/567
f 498/920/498 545/919/545 568/951/568
f 518/867/518 532/894/532 546/923/546
f 463/776/463 548/991/548 547/924/547
f 548/991/548 570/992/570 547/924/547
f 547/954/547 570/956/570 520/870/520
f 571/957/571 549/927/549 533/895/533
f 549/927/549 435/732/435 533/895/533
f 480/811/480 590/993/590 450/809/450
f 402/667/402 572/959/572 550/928/550
f 436/734/436 482/814/482 573/961/573
f 483/815/483 484/817/484 591/994/591
f 483/815/483 591/994/591 526/879/526
f 468/782/468 577/972/577 484/817/484
f 560/939/560 509/904/509 454/763/454
f 486/820/486 592/995/592 487/821/487
f 579/974/579 593/996/593 470/786/470
f 507/883/507 375/787/375 580/975/580
f 470/786/470 593/996/593 427/824/427
f 455/997/455 511/998/511 594/999/594
f 393/978/393 581/977/581 471/1000/471
f 455/997/455 428/1001/428 511/998/511
f 539/906/539 562/943/562 348/647/348
f 456/1002/456 473/1003/473 595/1004/595
f 441/745/441 596/1005/596 430/721/430
f 473/799/473 597/1006/597 595/1007/595
f 476/795/476 514/981/514 349/796/349
f 585/985/585 598/1008/598 528/887/528
f 528/887/528 598/1008/598 541/911/541
f 565/947/565 599/1009/599 566/948/566
f 598/1010/598 587/1011/587 541/1012/541
f 495/890/495 600/1013/600 530/891/530
f 500/1014/500 601/1015/601 569/1016/569
f 499/1017/499 601/1018/601 500/1019/500
f 548/991/548 602/1020/602 570/992/570
f 548/991/548 501/1021/501 602/1020/602
f 466/1022/466 603/1023/603 424/1024/424
f 503/845/503 417/692/417 504/846/504
f 575/966/575 552/930/552 522/897/522
f 426/707/426 553/1025/553 535/898/535
f 554/932/554 555/933/555 576/967/576
f 555/933/555 556/934/556 604/1026/604
f 604/1027/604 556/1028/556 605/1029/605
f 556/935/556 557/936/557 605/1030/605
f 557/936/557 506/848/506 606/1031/606
f 506/1032/506 505/1033/505 606/1034/606
f 578/1035/578 607/1036/607 560/1037/560
f 592/995/592 608/1038/608 487/821/487
f 487/821/487 608/1038/608 488/940/488
f 488/940/488 608/1038/608 561/1039/561
f 472/885/472 561/941/561 609/1040/609
f 427/1041/427 610/1042/610 376/617/376
f 376/617/376 610/1042/610 489/826/489
f 512/1043/512 611/1044/611 441/1045/441
f 441/745/441 611/1046/611 596/1005/596
f 511/1047/511 457/1048/457 612/1049/612
f 596/1005/596 564/946/564 430/721/430
f 583/1050/583 584/984/584 474/792/474
f 586/1051/586 540/909/540 421/908/421
f 613/1052/613 599/1009/599 565/947/565
f 565/947/565 589/989/589 613/1052/613
f 529/888/529 614/1053/614 495/833/495
f 600/1013/600 515/863/515 530/891/530
f 267/427/267 516/864/516 462/775/462
f 497/837/497 615/1054/615 543/917/543
f 543/949/543 616/1055/616 545/919/545
f 567/950/567 617/1056/617 544/918/544
f 532/1057/532 618/1058/618 546/1059/546
f 499/952/499 568/951/568 601/1060/601
f 547/1061/547 619/1062/619 532/1063/532
f 619/1062/619 547/1061/547 519/1064/519
f 620/1065/620 480/808/480 534/896/534
f 481/813/481 573/1066/573 621/1067/621
f 604/1027/604 605/1029/605 575/966/575
f 622/1068/622 555/933/555 604/1026/604
f 575/966/575 605/1029/605 552/930/552
f 557/1069/557 623/1070/623 605/1029/605
f 623/1070/623 557/1069/557 606/1034/606
f 591/994/591 484/817/484 624/1071/624
f 625/1072/625 505/970/505 469/969/469
f 624/1071/624 484/817/484 577/972/577
f 626/1073/626 560/1037/560 607/1036/607
f 626/1074/626 509/904/509 560/939/560
f 471/789/471 627/1075/627 580/975/580
f 609/1040/609 510/886/510 472/885/472
f 609/1040/609 539/906/539 510/886/510
f 581/1076/581 440/827/440 489/826/489
f 512/1043/512 456/1002/456 595/1004/595
f 628/1077/628 513/945/513 564/946/564
f 584/984/584 629/1078/629 585/985/585
f 630/1079/630 540/909/540 586/1051/586
f 566/948/566 631/1080/631 586/986/586
f 632/1081/632 631/1080/631 566/948/566
f 629/1082/629 598/1083/598 585/1084/585
f 566/948/566 633/1085/633 632/1081/632
f 566/948/566 599/1009/599 633/1085/633
f 614/1086/614 529/1087/529 587/1011/587
f 600/1013/600 588/1088/588 515/863/515
f 634/1089/634 495/833/495 614/1053/614
f 634/1090/634 600/1013/600 495/890/495
f 635/1091/635 432/725/432 531/892/531
f 497/893/497 445/752/445 636/1092/636
f 637/1093/637 423/703/423 517/866/517
f 543/949/543 638/1094/638 616/1055/616
f 639/1095/639 545/919/545 616/1055/616
f 618/1058/618 532/1057/532 640/1096/640
f 569/1016/569 619/1062/619 519/1064/519
f 504/846/504 481/813/481 621/1067/621
f 451/964/451 641/1097/641 574/962/574
f 574/1098/574 642/1099/642 575/966/575
f 553/1025/553 643/1100/643 535/898/535
f 576/967/576 555/933/555 644/1101/644
f 623/1070/623 552/930/552 605/1029/605
f 623/1070/623 558/937/558 552/930/552
f 558/937/558 625/1102/625 538/903/538
f 591/994/591 645/1103/645 526/879/526
f 538/903/538 625/1102/625 578/973/578
f 625/1072/625 469/969/469 578/1035/578
f 485/818/485 452/761/452 646/1104/646
f 469/969/469 647/1105/647 578/1035/578
f 578/1035/578 647/1105/647 607/1036/607
f 485/971/485 648/1106/648 577/972/577
f 485/971/485 649/1107/649 648/1106/648
f 526/1108/526 645/1109/645 486/820/486
f 486/820/486 645/1109/645 592/995/592
f 650/1110/650 626/1073/626 607/1036/607
f 439/852/439 455/1111/455 651/1112/651
f 594/1113/594 511/1114/511 652/1115/652
f 652/1116/652 511/1047/511 612/1049/612
f 512/1043/512 653/1117/653 611/1044/611
f 595/1004/595 653/1117/653 512/1043/512
f 457/1048/457 513/945/513 628/1077/628
f 514/981/514 654/1118/654 583/982/583
f 584/1119/584 583/1120/583 629/1121/629
f 586/1051/586 631/1122/631 630/1079/630
f 613/1052/613 655/1123/655 599/1009/599
f 589/989/589 656/1124/656 613/1052/613
f 589/989/589 588/988/588 656/1124/656
f 657/1125/657 531/892/531 496/836/496
f 445/752/445 658/1126/658 636/1092/636
f 545/919/545 639/1095/639 568/951/568
f 532/1057/532 619/1127/619 640/1096/640
f 659/1128/659 619/1062/619 569/1016/569
f 660/1129/660 661/1130/661 662/1131/662
f 570/992/570 602/1020/602 661/1132/661
f 661/1133/661 663/1134/663 570/1135/570
f 570/1135/570 663/1134/663 571/1136/571
f 501/843/501 549/927/549 602/1137/602
f 664/1138/664 424/1024/424 603/1023/603
f 466/1139/466 503/1140/503 665/1141/665
f 642/1099/642 604/1027/604 575/966/575
f 555/933/555 622/1068/622 644/1101/644
f 553/931/553 576/967/576 643/1142/643
f 606/1034/606 666/1143/666 623/1070/623
f 623/1070/623 666/1143/666 558/937/558
f 666/1143/666 667/1144/667 558/937/558
f 558/937/558 667/1144/667 625/1102/625
f 667/1144/667 505/1033/505 625/1102/625
f 485/971/485 646/1145/646 649/1107/649
f 647/1105/647 668/1146/668 607/1036/607
f 455/1111/455 594/1147/594 669/1148/669
f 595/1004/595 670/1149/670 653/1117/653
f 612/1049/612 457/1048/457 628/1077/628
f 595/1007/595 597/1006/597 671/1150/671
f 595/1007/595 671/1150/671 670/1151/670
f 473/799/473 540/909/540 597/1006/597
f 540/909/540 630/1079/630 672/1152/672
f 583/982/583 654/1118/654 629/1153/629
f 632/1081/632 633/1085/633 673/1154/673
f 633/1155/633 599/1156/599 674/1157/674
f 655/1158/655 675/1159/675 599/1156/599
f 598/1010/598 676/1160/676 587/1011/587
f 656/1161/656 677/1162/677 613/1163/613
f 613/1163/613 677/1162/677 655/1158/655
f 531/892/531 657/1125/657 635/1091/635
f 636/1164/636 615/1054/615 497/837/497
f 423/703/423 637/1093/637 496/915/496
f 615/1054/615 638/1165/638 543/917/543
f 638/1094/638 678/1166/678 616/1055/616
f 544/918/544 679/1167/679 517/866/517
f 617/1056/617 679/1167/679 544/918/544
f 678/1166/678 680/1168/680 616/1055/616
f 618/1058/618 681/1169/681 546/1059/546
f 616/1055/616 680/1168/680 682/1170/682
f 640/1096/640 683/1171/683 618/1058/618
f 616/1055/616 682/1170/682 639/1095/639
f 640/1172/640 619/1062/619 684/1173/684
f 619/1062/619 659/1128/659 684/1173/684
f 568/951/568 685/1174/685 601/1060/601
f 601/1015/601 686/1175/686 569/1016/569
f 661/1130/661 660/1129/660 687/1176/687
f 602/1020/602 662/1177/662 661/1132/661
f 549/1178/549 571/1136/571 602/1020/602
f 424/958/424 664/1179/664 534/896/534
f 620/1065/620 534/896/534 688/1180/688
f 480/811/480 620/1181/620 590/993/590
f 590/993/590 521/1182/521 450/809/450
f 642/1183/642 689/1184/689 622/1068/622
f 604/1026/604 642/1183/642 622/1068/622
f 573/961/573 482/814/482 690/1185/690
f 606/1034/606 667/1144/667 666/1143/666
f 606/1034/606 505/1033/505 667/1144/667
f 624/1071/624 577/972/577 691/1186/691
f 469/969/469 508/1187/508 647/1105/647
f 668/1146/668 650/1110/650 607/1036/607
f 645/1109/645 692/1188/692 592/995/592
f 592/995/592 692/1188/692 608/1038/608
f 651/1112/651 455/1111/455 669/1148/669
f 427/1189/427 593/1190/593 693/1191/693
f 611/1044/611 653/1117/653 694/1192/694
f 612/1049/612 628/1077/628 695/1193/695
f 540/909/540 672/1152/672 597/1006/597
f 631/1122/631 632/1194/632 696/1195/696
f 631/1122/631 696/1195/696 630/1079/630
f 632/1194/632 673/1196/673 696/1195/696
f 633/1155/633 674/1157/674 673/1197/673
f 674/1157/674 599/1156/599 675/1159/675
f 676/1160/676 697/1198/697 587/1011/587
f 600/1199/600 634/1200/634 698/1201/698
f 432/725/432 635/1091/635 699/1202/699
f 542/913/542 658/1126/658 445/752/445
f 681/1203/681 567/990/567 546/923/546
f 640/1096/640 700/1204/700 683/1171/683
f 639/1095/639 685/1174/685 568/951/568
f 659/1128/659 569/1016/569 686/1175/686
f 601/1060/601 685/1174/685 686/1205/686
f 687/1176/687 663/1206/663 661/1130/661
f 571/1136/571 663/1134/663 602/1020/602
f 504/846/504 701/1207/701 503/845/503
f 504/846/504 621/1067/621 701/1207/701
f 550/1208/550 641/1097/641 451/964/451
f 621/1209/621 573/961/573 702/1210/702
f 537/901/537 703/1211/703 527/1212/527
f 452/761/452 527/880/527 703/1213/703
f 645/1103/645 591/994/591 624/1071/624
f 577/972/577 648/1106/648 691/1186/691
f 647/1105/647 508/1187/508 704/1214/704
f 439/852/439 651/1112/651 508/853/508
f 626/1073/626 705/1215/705 509/1216/509
f 705/1215/705 579/1217/579 509/1216/509
f 608/1038/608 706/1218/706 561/1039/561
f 594/1147/594 652/1219/652 669/1148/669
f 561/941/561 706/1220/706 609/1040/609
f 609/1040/609 707/1221/707 539/906/539
f 627/1075/627 471/789/471 581/1222/581
f 427/1223/427 693/1224/693 610/1225/610
f 694/1192/694 596/1226/596 611/1044/611
f 653/1117/653 670/1149/670 708/1227/708
f 564/946/564 596/1005/596 709/1228/709
f 709/1228/709 710/1229/710 564/946/564
f 564/946/564 710/1229/710 628/1077/628
f 563/980/563 711/1230/711 476/795/476
f 629/1082/629 676/1231/676 598/1083/598
f 675/1159/675 655/1158/655 712/1232/712
f 588/988/588 713/1233/713 656/1124/656
f 714/1234/714 516/865/516 432/725/432
f 715/1235/715 542/913/542 462/914/462
f 658/1126/658 716/1236/716 636/1092/636
f 717/1237/717 615/1054/615 636/1164/636
f 717/1237/717 638/1165/638 615/1054/615
f 637/1093/637 517/866/517 679/1167/679
f 718/1238/718 678/1166/678 638/1094/638
f 719/1239/719 681/1169/681 618/1058/618
f 700/1204/700 640/1096/640 720/1240/720
f 719/1239/719 618/1058/618 683/1171/683
f 720/1240/720 640/1096/640 684/1241/684
f 659/1128/659 686/1175/686 721/1242/721
f 722/1243/722 687/1176/687 660/1129/660
f 620/1181/620 723/1244/723 590/993/590
f 644/1101/644 622/1068/622 724/1245/724
f 690/1185/690 482/814/482 559/938/559
f 646/1104/646 452/761/452 703/1213/703
f 668/1146/668 647/1105/647 704/1214/704
f 725/1246/725 650/1110/650 668/1146/668
f 726/1247/726 692/1188/692 645/1109/645
f 704/1214/704 508/1187/508 651/1248/651
f 650/1110/650 727/1249/727 626/1073/626
f 706/1218/706 608/1038/608 692/1188/692
f 609/1040/609 706/1220/706 707/1221/707
f 728/1250/728 539/906/539 707/1221/707
f 728/1250/728 562/943/562 539/906/539
f 652/1251/652 612/1252/612 729/1253/729
f 730/1254/730 610/1225/610 693/1224/693
f 694/1192/694 653/1117/653 708/1227/708
f 731/1255/731 612/1049/612 695/1193/695
f 732/1256/732 489/1257/489 610/1258/610
f 582/1259/582 733/1260/733 563/1261/563
f 711/1230/711 514/981/514 476/795/476
f 673/1197/673 674/1157/674 734/1262/734
f 735/1263/735 675/1159/675 712/1232/712
f 634/1264/634 614/1086/614 736/1265/736
f 713/1266/713 588/1088/588 600/1013/600
f 715/1235/715 737/1267/737 542/913/542
f 658/1126/658 738/1268/738 716/1236/716
f 636/1269/636 739/1270/739 717/1271/717
f 636/1092/636 716/1236/716 739/1272/739
f 716/1273/716 740/1274/740 739/1270/739
f 740/1274/740 741/1275/741 739/1270/739
f 717/1237/717 742/1276/742 638/1165/638
f 743/1277/743 720/1240/720 744/1278/744
f 617/1279/617 567/1280/567 681/1281/681
f 743/1277/743 700/1204/700 720/1240/720
f 678/1166/678 745/1282/745 680/1168/680
f 745/1282/745 682/1170/682 680/1168/680
f 684/1173/684 721/1242/721 720/1283/720
f 682/1170/682 686/1205/686 639/1095/639
f 684/1173/684 659/1128/659 721/1242/721
f 639/1095/639 686/1205/686 685/1174/685
f 688/1180/688 534/896/534 664/1179/664
f 603/1284/603 466/1139/466 665/1141/665
f 642/1285/642 574/962/574 641/1097/641
f 535/898/535 746/1286/746 551/929/551
f 746/1286/746 536/900/536 551/929/551
f 573/961/573 690/1185/690 702/1210/702
f 746/1286/746 747/1287/747 536/900/536
f 747/1287/747 537/901/537 536/900/536
f 624/1288/624 726/1247/726 645/1109/645
f 559/938/559 507/850/507 748/1289/748
f 727/1249/727 705/1215/705 626/1073/626
f 507/883/507 580/975/580 749/1290/749
f 728/1250/728 750/1291/750 562/943/562
f 729/1253/729 612/1252/612 731/1292/731
f 596/1226/596 694/1192/694 751/1293/751
f 628/1077/628 710/1229/710 695/1193/695
f 514/981/514 711/1230/711 654/1118/654
f 674/1157/674 675/1159/675 752/1294/752
f 675/1159/675 735/1263/735 752/1294/752
f 655/1158/655 677/1162/677 753/1295/753
f 754/1296/754 677/1297/677 656/1298/656
f 698/1201/698 755/1299/755 600/1199/600
f 634/1200/634 756/1300/756 698/1201/698
f 432/725/432 699/1202/699 714/1234/714
f 462/914/462 516/1301/516 757/1302/757
f 542/913/542 737/1267/737 658/1126/658
f 658/1126/658 737/1267/737 738/1268/738
f 496/915/496 637/1093/637 657/1303/657
f 739/1270/739 742/1304/742 717/1271/717
f 739/1270/739 741/1275/741 742/1304/742
f 742/1276/742 718/1305/718 638/1165/638
f 741/1275/741 678/1306/678 718/1307/718
f 617/1279/617 681/1281/681 758/1308/758
f 759/1309/759 745/1282/745 678/1166/678
f 743/1277/743 683/1171/683 700/1204/700
f 720/1240/720 721/1310/721 760/1311/760
f 722/1243/722 761/1312/761 687/1176/687
f 660/1313/660 762/1314/762 722/1315/722
f 662/1316/662 762/1314/762 660/1313/660
f 687/1176/687 761/1312/761 663/1206/663
f 603/1023/603 763/1317/763 664/1138/664
f 665/1141/665 503/1140/503 764/1318/764
f 503/1140/503 701/1319/701 764/1318/764
f 622/1068/622 689/1184/689 724/1245/724
f 576/967/576 765/1320/765 643/1142/643
f 644/1101/644 765/1320/765 576/967/576
f 643/1100/643 766/1321/766 535/898/535
f 537/901/537 747/1287/747 703/1211/703
f 725/1246/725 668/1146/668 704/1214/704
f 669/1322/669 767/1323/767 651/1324/651
f 581/1222/581 768/1325/768 627/1075/627
f 562/943/562 750/1291/750 582/979/582
f 750/1326/750 733/1260/733 582/1259/582
f 731/1327/731 695/1328/695 769/1329/769
f 489/1257/489 732/1256/732 581/1330/581
f 670/1151/670 671/1150/671 770/1331/770
f 733/1260/733 771/1332/771 563/1261/563
f 563/980/563 771/1333/771 711/1230/711
f 654/1118/654 676/1334/676 629/1153/629
f 752/1335/752 735/1336/735 772/1337/772
f 772/1337/772 735/1336/735 773/1338/773
f 752/1294/752 734/1262/734 674/1157/674
f 735/1263/735 712/1232/712 774/1339/774
f 753/1295/753 712/1232/712 655/1158/655
f 600/1340/600 755/1341/755 713/1342/713
f 713/1342/713 755/1341/755 775/1343/775
f 738/1268/738 776/1344/776 716/1236/716
f 716/1236/716 776/1344/776 740/1345/740
f 741/1275/741 718/1307/718 742/1304/742
f 777/1346/777 678/1306/678 741/1275/741
f 777/1347/777 759/1309/759 678/1166/678
f 743/1277/743 744/1278/744 778/1348/778
f 778/1348/778 779/1349/779 743/1277/743
f 758/1308/758 780/1350/780 617/1279/617
f 720/1240/720 781/1351/781 744/1278/744
f 720/1240/720 760/1311/760 781/1351/781
f 681/1169/681 719/1239/719 758/1352/758
f 682/1170/682 745/1282/745 782/1353/782
f 682/1354/682 782/1355/782 686/1175/686
f 686/1175/686 782/1355/782 721/1242/721
f 783/1356/783 784/1357/784 785/1358/785
f 785/1358/785 784/1357/784 786/1359/786
f 602/1020/602 663/1134/663 662/1177/662
f 590/993/590 787/1360/787 521/1182/521
f 644/1101/644 724/1245/724 788/1361/788
f 644/1101/644 788/1361/788 765/1320/765
f 703/1213/703 789/1362/789 646/1104/646
f 650/1110/650 725/1246/725 727/1249/727
f 691/1363/691 790/1364/790 624/1288/624
f 649/1365/649 791/1366/791 648/1367/648
f 648/1367/648 791/1366/791 691/1368/691
f 624/1288/624 790/1364/790 726/1247/726
f 726/1247/726 706/1218/706 692/1188/692
f 726/1369/726 790/1370/790 707/1221/707
f 726/1369/726 707/1221/707 706/1220/706
f 707/1221/707 790/1370/790 728/1250/728
f 652/1371/652 767/1323/767 669/1322/669
f 596/1226/596 751/1293/751 709/1372/709
f 708/1227/708 770/1373/770 792/1374/792
f 693/1224/693 793/1375/793 730/1254/730
f 708/1227/708 670/1149/670 770/1373/770
f 711/1230/711 794/1376/794 654/1118/654
f 654/1118/654 794/1376/794 676/1334/676
f 795/1377/795 752/1378/752 796/1379/796
f 752/1378/752 772/1380/772 796/1379/796
f 772/1380/772 773/1381/773 797/1382/797
f 752/1294/752 795/1383/795 734/1262/734
f 735/1336/735 798/1384/798 773/1338/773
f 774/1339/774 798/1385/798 735/1263/735
f 614/1086/614 587/1011/587 736/1265/736
f 656/1298/656 713/1386/713 754/1296/754
f 516/1301/516 714/1387/714 757/1302/757
f 657/1125/657 799/1388/799 635/1091/635
f 740/1274/740 777/1346/777 741/1275/741
f 800/1389/800 778/1390/778 744/1391/744
f 779/1349/779 801/1392/801 743/1277/743
f 743/1277/743 801/1392/801 683/1171/683
f 760/1393/760 802/1394/802 745/1395/745
f 760/1396/760 721/1242/721 802/1397/802
f 784/1357/784 803/1398/803 786/1359/786
f 761/1399/761 762/1314/762 663/1400/663
f 762/1314/762 662/1316/662 663/1400/663
f 787/1360/787 572/1401/572 521/1182/521
f 701/1319/701 621/1402/621 804/1403/804
f 550/1208/550 805/1404/805 641/1097/641
f 641/1097/641 806/1405/806 642/1285/642
f 642/1406/642 806/1407/806 689/1408/689
f 535/898/535 807/1409/807 746/1286/746
f 643/1142/643 765/1320/765 766/1410/766
f 646/1145/646 808/1411/808 649/1107/649
f 704/1214/704 651/1248/651 809/1412/809
f 810/1413/810 579/974/579 705/1414/705
f 749/1290/749 580/975/580 627/1075/627
f 767/1415/767 652/1251/652 729/1253/729
f 751/1293/751 694/1192/694 792/1374/792
f 792/1374/792 694/1192/694 708/1227/708
f 731/1327/731 769/1329/769 811/1416/811
f 630/1079/630 696/1195/696 812/1417/812
f 813/1418/813 812/1419/812 696/1420/696
f 813/1421/813 696/1422/696 673/1423/673
f 814/1424/814 673/1423/673 734/1425/734
f 797/1382/797 773/1381/773 815/1426/815
f 816/1427/816 712/1232/712 753/1295/753
f 757/1302/757 715/1235/715 462/914/462
f 799/1388/799 699/1202/699 635/1091/635
f 657/1303/657 637/1093/637 799/1428/799
f 817/1429/817 738/1268/738 737/1267/737
f 818/1430/818 819/1431/819 820/1432/820
f 820/1432/820 740/1345/740 776/1344/776
f 820/1432/820 819/1431/819 740/1345/740
f 821/1433/821 637/1093/637 679/1167/679
f 740/1274/740 819/1434/819 777/1346/777
f 822/1435/822 617/1056/617 780/1436/780
f 778/1437/778 780/1350/780 779/1438/779
f 617/1056/617 822/1435/822 679/1167/679
f 780/1350/780 758/1308/758 779/1438/779
f 801/1392/801 719/1239/719 683/1171/683
f 759/1309/759 760/1439/760 745/1282/745
f 785/1358/785 823/1440/823 783/1356/783
f 823/1440/823 785/1358/785 824/1441/824
f 782/1355/782 802/1397/802 721/1242/721
f 762/1314/762 761/1399/761 722/1315/722
f 824/1441/824 785/1358/785 786/1359/786
f 825/1442/825 620/1065/620 688/1180/688
f 763/1443/763 603/1284/603 665/1141/665
f 807/1409/807 535/898/535 766/1321/766
f 808/1444/808 646/1104/646 789/1362/789
f 690/1185/690 559/938/559 748/1289/748
f 725/1246/725 704/1214/704 809/1412/809
f 748/1445/748 507/883/507 749/1290/749
f 691/1368/691 791/1366/791 790/1370/790
f 750/1326/750 826/1446/826 733/1260/733
f 751/1293/751 792/1374/792 827/1447/827
f 593/1448/593 828/1449/828 693/1224/693
f 828/1449/828 793/1375/793 693/1224/693
f 730/1450/730 829/1451/829 610/1452/610
f 710/1453/710 709/1454/709 695/1455/695
f 732/1256/732 610/1258/610 830/1456/830
f 581/1330/581 732/1256/732 831/1457/831
f 597/1006/597 832/1458/832 671/1150/671
f 630/1079/630 812/1417/812 672/1152/672
f 833/1459/833 795/1377/795 796/1379/796
f 814/1424/814 734/1425/734 795/1377/795
f 794/1376/794 834/1460/834 676/1334/676
f 834/1461/834 697/1198/697 676/1160/676
f 697/1198/697 736/1265/736 587/1011/587
f 835/1462/835 816/1463/816 753/1464/753
f 753/1464/753 677/1297/677 754/1296/754
f 775/1343/775 836/1465/836 713/1342/713
f 817/1429/817 820/1432/820 738/1268/738
f 799/1428/799 637/1093/637 821/1433/821
f 738/1268/738 820/1432/820 776/1344/776
f 818/1430/818 837/1466/837 800/1467/800
f 838/1468/838 777/1346/777 819/1434/819
f 837/1469/837 780/1350/780 778/1437/778
f 839/1470/839 780/1436/780 837/1471/837
f 800/1389/800 744/1391/744 781/1472/781
f 779/1438/779 758/1308/758 801/1473/801
f 801/1473/801 758/1308/758 719/1474/719
f 781/1475/781 760/1439/760 759/1309/759
f 783/1356/783 823/1440/823 840/1476/840
f 802/1397/802 782/1355/782 745/1477/745
f 786/1478/786 841/1479/841 824/1480/824
f 842/1481/842 841/1479/841 786/1478/786
f 786/1478/786 803/1482/803 842/1481/842
f 803/1482/803 825/1442/825 842/1481/842
f 825/1442/825 688/1180/688 842/1481/842
f 825/1442/825 843/1483/843 620/1065/620
f 844/1484/844 620/1065/620 843/1483/843
f 845/1485/845 620/1065/620 844/1484/844
f 747/1287/747 789/1486/789 703/1211/703
f 649/1365/649 846/1487/846 791/1366/791
f 791/1366/791 847/1488/847 790/1370/790
f 593/996/593 848/1489/848 849/1490/849
f 593/996/593 849/1490/849 828/1491/828
f 792/1492/792 770/1331/770 850/1493/850
f 770/1331/770 671/1150/671 850/1493/850
f 672/1152/672 851/1494/851 597/1006/597
f 711/1230/711 771/1333/771 852/1495/852
f 852/1495/852 794/1376/794 711/1230/711
f 772/1380/772 853/1496/853 796/1379/796
f 853/1496/853 772/1380/772 854/1497/854
f 797/1382/797 854/1497/854 772/1380/772
f 673/1423/673 814/1424/814 813/1421/813
f 814/1424/814 795/1377/795 833/1459/833
f 712/1232/712 855/1498/855 774/1339/774
f 712/1499/712 816/1463/816 855/1500/855
f 713/1386/713 836/1501/836 856/1502/856
f 736/1503/736 857/1504/857 634/1200/634
f 713/1386/713 856/1502/856 754/1296/754
f 634/1200/634 857/1504/857 756/1300/756
f 756/1505/756 858/1506/858 698/1507/698
f 699/1508/699 859/1509/859 714/1510/714
f 699/1508/699 799/1428/799 859/1509/859
f 715/1235/715 817/1429/817 737/1267/737
f 817/1429/817 818/1430/818 820/1432/820
f 817/1429/817 837/1466/837 818/1430/818
f 679/1167/679 822/1435/822 821/1433/821
f 819/1431/819 818/1430/818 838/1511/838
f 800/1467/800 837/1466/837 778/1512/778
f 822/1435/822 780/1436/780 839/1470/839
f 783/1356/783 860/1513/860 784/1357/784
f 861/1514/861 803/1398/803 784/1357/784
f 862/1515/862 863/1516/863 803/1482/803
f 803/1482/803 863/1516/863 825/1442/825
f 863/1516/863 843/1483/843 825/1442/825
f 620/1181/620 845/1517/845 723/1244/723
f 572/1518/572 864/1519/864 550/1208/550
f 805/1404/805 806/1405/806 641/1097/641
f 621/1209/621 702/1210/702 865/1520/865
f 689/1184/689 866/1521/866 724/1245/724
f 866/1522/866 867/1523/867 724/1524/724
f 724/1245/724 867/1525/867 788/1361/788
f 868/1526/868 725/1246/725 809/1412/809
f 868/1526/868 727/1249/727 725/1246/725
f 593/996/593 579/974/579 848/1489/848
f 728/1250/728 790/1370/790 750/1291/750
f 729/1527/729 869/1528/869 767/1323/767
f 849/1490/849 870/1529/870 828/1491/828
f 793/1375/793 828/1449/828 871/1530/871
f 709/1531/709 751/1532/751 872/1533/872
f 831/1457/831 768/1534/768 581/1330/581
f 873/1535/873 853/1496/853 793/1375/793
f 793/1375/793 853/1496/853 730/1254/730
f 730/1254/730 853/1496/853 829/1536/829
f 610/1452/610 829/1451/829 830/1537/830
f 853/1496/853 873/1535/873 796/1379/796
f 796/1379/796 874/1538/874 833/1459/833
f 815/1426/815 875/1539/875 797/1382/797
f 815/1540/815 773/1338/773 876/1541/876
f 798/1384/798 876/1541/876 773/1338/773
f 753/1464/753 754/1296/754 835/1462/835
f 799/1428/799 821/1433/821 859/1509/859
f 817/1429/817 839/1542/839 837/1466/837
f 859/1509/859 821/1433/821 822/1435/822
f 838/1468/838 781/1472/781 777/1346/777
f 818/1543/818 781/1472/781 838/1468/838
f 800/1389/800 781/1472/781 818/1543/818
f 781/1472/781 759/1544/759 777/1346/777
f 840/1476/840 823/1440/823 877/1545/877
f 688/1180/688 841/1479/841 842/1481/842
f 664/1179/664 878/1546/878 688/1180/688
f 664/1179/664 879/1547/879 878/1546/878
f 763/1317/763 879/1548/879 664/1138/664
f 803/1398/803 861/1514/861 862/1549/862
f 880/1550/880 881/1551/881 882/1552/882
f 880/1550/880 882/1552/882 883/1553/883
f 845/1554/845 862/1549/862 861/1514/861
f 862/1515/862 844/1484/844 863/1516/863
f 844/1484/844 843/1483/843 863/1516/863
f 880/1550/880 884/1555/884 885/1556/885
f 884/1555/884 886/1557/886 885/1556/885
f 880/1550/880 885/1556/885 881/1551/881
f 844/1484/844 862/1515/862 845/1485/845
f 886/1557/886 887/1558/887 885/1556/885
f 882/1559/882 881/1560/881 888/1561/888
f 887/1562/887 889/1563/889 885/1564/885
f 888/1561/888 890/1565/890 891/1566/891
f 881/1560/881 890/1565/890 888/1561/888
f 885/1556/885 892/1567/892 881/1551/881
f 893/1568/893 894/1569/894 889/1563/889
f 889/1563/889 894/1569/894 885/1564/885
f 895/1570/895 894/1569/894 893/1568/893
f 885/1564/885 894/1569/894 892/1571/892
f 701/1319/701 804/1403/804 764/1318/764
f 890/1572/890 896/1573/896 897/1574/897
f 898/1575/898 899/1576/899 894/1577/894
f 881/1578/881 892/1579/892 900/1580/900
f 894/1577/894 899/1576/899 901/1581/901
f 890/1572/890 900/1582/900 896/1573/896
f 881/1583/881 900/1582/900 890/1572/890
f 550/1208/550 864/1519/864 805/1404/805
f 894/1577/894 901/1581/901 892/1584/892
f 902/1585/902 901/1586/901 899/1587/899
f 903/1588/903 904/1589/904 905/1590/905
f 906/1591/906 907/1592/907 902/1585/902
f 905/1590/905 904/1589/904 908/1593/908
f 902/1585/902 907/1592/907 901/1586/901
f 901/1594/901 909/1595/909 892/1596/892
f 896/1597/896 908/1593/908 904/1589/904
f 896/1597/896 900/1598/900 908/1593/908
f 901/1594/901 910/1599/910 909/1595/909
f 900/1600/900 911/1601/911 912/1602/912
f 900/1600/900 913/1603/913 911/1601/911
f 912/1604/912 908/1593/908 900/1598/900
f 914/1605/914 907/1592/907 915/1606/915
f 907/1592/907 916/1607/916 901/1586/901
f 900/1608/900 892/1609/892 913/1610/913
f 907/1592/907 914/1605/914 916/1607/916
f 901/1611/901 916/1612/916 910/1613/910
f 913/1610/913 892/1609/892 909/1614/909
f 914/1615/914 917/1616/917 916/1617/916
f 909/1618/909 910/1619/910 918/1620/918
f 913/1621/913 919/1622/919 911/1623/911
f 913/1624/913 920/1625/920 921/1626/921
f 909/1618/909 918/1620/918 920/1627/920
f 909/1628/909 920/1629/920 913/1630/913
f 921/1626/921 919/1631/919 913/1624/913
f 910/1613/910 916/1612/916 922/1632/922
f 920/1625/920 923/1633/923 921/1626/921
f 923/1633/923 924/1634/924 921/1626/921
f 920/1635/920 918/1636/918 923/1637/923
f 925/1638/925 926/1639/926 910/1619/910
f 926/1639/926 918/1620/918 910/1619/910
f 918/1636/918 927/1640/927 923/1637/923
f 918/1641/918 926/1642/926 928/1643/928
f 923/1644/923 927/1645/927 929/1646/929
f 868/1526/868 810/1647/810 727/1249/727
f 918/1641/918 928/1643/928 930/1648/930
f 810/1647/810 705/1215/705 727/1249/727
f 918/1636/918 930/1649/930 927/1640/927
f 930/1649/930 931/1650/931 927/1640/927
f 651/1324/651 767/1323/767 932/1651/932
f 933/1652/933 934/1653/934 935/1654/935
f 934/1653/934 933/1652/933 936/1655/936
f 731/1327/731 937/1656/937 729/1657/729
f 937/1656/937 731/1327/731 811/1416/811
f 870/1658/870 871/1530/871 828/1449/828
f 870/1658/870 938/1659/938 871/1530/871
f 792/1374/792 850/1660/850 827/1447/827
f 709/1531/709 769/1329/769 695/1328/695
f 871/1530/871 873/1535/873 793/1375/793
f 829/1536/829 853/1496/853 854/1497/854
f 830/1456/830 829/1661/829 854/1662/854
f 597/1006/597 851/1494/851 832/1458/832
f 939/1663/939 852/1495/852 771/1333/771
f 874/1538/874 796/1379/796 873/1535/873
f 813/1418/813 814/1664/814 833/1665/833
f 940/1666/940 697/1198/697 834/1461/834
f 736/1265/736 941/1667/941 857/1668/857
f 698/1507/698 942/1669/942 755/1341/755
f 755/1341/755 942/1669/942 775/1343/775
f 757/1302/757 943/1670/943 715/1235/715
f 943/1670/943 817/1429/817 715/1235/715
f 943/1670/943 839/1542/839 817/1429/817
f 944/1671/944 783/1356/783 840/1476/840
f 945/1672/945 946/1673/946 947/1674/947
f 945/1675/945 948/1676/948 946/1677/946
f 949/1678/949 948/1676/948 950/1679/950
f 950/1679/950 948/1676/948 945/1675/945
f 950/1679/950 951/1680/951 949/1678/949
f 841/1479/841 688/1180/688 878/1546/878
f 952/1681/952 880/1550/880 883/1553/883
f 952/1681/952 883/1553/883 953/1682/953
f 883/1553/883 882/1552/882 953/1682/953
f 954/1683/954 723/1244/723 955/1684/955
f 955/1684/955 723/1244/723 845/1517/845
f 956/1685/956 957/1686/957 958/1687/958
f 959/1688/959 590/993/590 723/1244/723
f 960/1689/960 891/1566/891 961/1690/961
f 960/1689/960 888/1561/888 891/1566/891
f 956/1685/956 958/1687/958 962/1691/962
f 961/1690/961 891/1566/891 963/1692/963
f 959/1688/959 964/1693/964 787/1360/787
f 959/1688/959 787/1360/787 590/993/590
f 965/1694/965 893/1568/893 889/1563/889
f 890/1565/890 966/1695/966 891/1566/891
f 967/1696/967 895/1570/895 893/1568/893
f 968/1697/968 898/1575/898 894/1577/894
f 966/1698/966 890/1572/890 969/1699/969
f 969/1699/969 897/1574/897 970/1700/970
f 969/1699/969 890/1572/890 897/1574/897
f 899/1576/899 971/1701/971 902/1702/902
f 906/1591/906 902/1585/902 971/1703/971
f 896/1573/896 972/1704/972 973/1705/973
f 896/1597/896 904/1589/904 972/1706/972
f 904/1589/904 903/1588/903 972/1706/972
f 974/1707/974 907/1592/907 906/1591/906
f 621/1708/621 865/1709/865 804/1710/804
f 908/1593/908 975/1711/975 905/1590/905
f 974/1707/974 915/1606/915 907/1592/907
f 975/1711/975 908/1593/908 976/1712/976
f 908/1713/908 912/1714/912 976/1715/976
f 915/1716/915 977/1717/977 914/1615/914
f 766/1410/766 978/1718/978 807/1719/807
f 807/1409/807 979/1720/979 746/1286/746
f 690/1721/690 980/1722/980 702/1723/702
f 981/1724/981 982/1725/982 911/1623/911
f 911/1601/911 983/1726/983 912/1602/912
f 982/1725/982 983/1727/983 911/1623/911
f 983/1727/983 984/1728/984 912/1714/912
f 919/1622/919 981/1724/981 911/1623/911
f 746/1286/746 985/1729/985 747/1287/747
f 986/1730/986 922/1632/922 916/1612/916
f 747/1287/747 985/1729/985 789/1486/789
f 981/1731/981 919/1631/919 987/1732/987
f 922/1733/922 988/1734/988 910/1619/910
f 989/1735/989 987/1732/987 919/1631/919
f 921/1626/921 989/1735/989 919/1631/919
f 990/1736/990 910/1619/910 988/1734/988
f 690/1185/690 748/1289/748 991/1737/991
f 990/1736/990 925/1638/925 910/1619/910
f 808/1738/808 846/1487/846 649/1365/649
f 925/1638/925 992/1739/992 926/1639/926
f 923/1633/923 993/1740/993 924/1634/924
f 748/1289/748 994/1741/994 991/1737/991
f 926/1642/926 995/1742/995 928/1643/928
f 809/1743/809 651/1324/651 932/1651/932
f 749/1290/749 994/1744/994 748/1445/748
f 931/1650/931 996/1745/996 927/1640/927
f 930/1746/930 997/1747/997 931/1748/931
f 790/1370/790 847/1488/847 750/1291/750
f 935/1654/935 934/1653/934 998/1749/998
f 934/1653/934 936/1655/936 999/1750/999
f 850/1493/850 1000/1751/1000 827/1752/827
f 871/1530/871 1001/1753/1001 873/1535/873
f 830/1456/830 1002/1754/1002 732/1256/732
f 671/1150/671 832/1458/832 850/1493/850
f 794/1376/794 1003/1755/1003 834/1460/834
f 774/1756/774 1004/1757/1004 798/1384/798
f 774/1758/774 855/1500/855 1004/1759/1004
f 816/1463/816 1005/1760/1005 855/1500/855
f 856/1502/856 1006/1761/1006 754/1296/754
f 698/1507/698 858/1506/858 942/1669/942
f 756/1505/756 1007/1762/1007 1008/1763/1008
f 756/1505/756 1008/1763/1008 858/1506/858
f 714/1387/714 1009/1764/1009 757/1302/757
f 714/1387/714 859/1765/859 1009/1764/1009
f 757/1302/757 1009/1764/1009 943/1670/943
f 1009/1764/1009 839/1542/839 943/1670/943
f 859/1509/859 822/1435/822 1009/1766/1009
f 839/1470/839 1009/1766/1009 822/1435/822
f 823/1440/823 824/1441/824 1010/1767/1010
f 1011/1768/1011 950/1679/950 945/1675/945
f 1012/1769/1012 1013/1770/1013 951/1680/951
f 1013/1770/1013 949/1678/949 951/1680/951
f 949/1678/949 1014/1771/1014 948/1676/948
f 1015/1772/1015 861/1773/861 784/1774/784
f 824/1480/824 841/1479/841 1016/1775/1016
f 1013/1770/1013 1017/1776/1017 949/1678/949
f 949/1678/949 1017/1776/1017 1014/1771/1014
f 1018/1777/1018 880/1550/880 952/1681/952
f 1019/1778/1019 955/1684/955 861/1773/861
f 1019/1778/1019 954/1683/954 955/1684/955
f 861/1773/861 955/1684/955 845/1517/845
f 954/1683/954 959/1688/959 723/1244/723
f 1020/1779/1020 1021/1780/1021 957/1781/957
f 1022/1782/1022 889/1563/889 1023/1783/1023
f 1020/1779/1020 957/1781/957 1024/1784/1024
f 956/1685/956 1024/1785/1024 957/1686/957
f 1025/1786/1025 958/1687/958 957/1686/957
f 1022/1782/1022 965/1694/965 889/1563/889
f 1024/1785/1024 956/1685/956 962/1691/962
f 1026/1787/1026 962/1788/962 958/1789/958
f 1027/1790/1027 1028/1791/1028 1029/1792/1029
f 1030/1793/1030 1027/1790/1027 1029/1792/1029
f 967/1696/967 965/1694/965 1031/1794/1031
f 965/1694/965 967/1696/967 893/1568/893
f 891/1566/891 966/1695/966 963/1692/963
f 968/1697/968 894/1577/894 1032/1795/1032
f 1032/1796/1032 894/1569/894 895/1570/895
f 1033/1797/1033 966/1698/966 969/1699/969
f 897/1574/897 896/1573/896 1034/1798/1034
f 968/1697/968 971/1701/971 898/1575/898
f 971/1701/971 899/1576/899 898/1575/898
f 1034/1798/1034 896/1573/896 973/1705/973
f 1035/1799/1035 906/1800/906 971/1701/971
f 1036/1801/1036 975/1711/975 976/1712/976
f 765/1320/765 978/1718/978 766/1410/766
f 977/1717/977 1037/1802/1037 914/1615/914
f 976/1715/976 912/1714/912 984/1728/984
f 1038/1803/1038 916/1617/916 917/1616/917
f 1039/1804/1039 983/1727/983 982/1725/982
f 1038/1805/1038 986/1730/986 916/1612/916
f 981/1806/981 987/1807/987 1040/1808/1040
f 989/1735/989 921/1626/921 924/1634/924
f 992/1739/992 1041/1809/1041 926/1639/926
f 993/1810/993 923/1644/923 929/1646/929
f 1042/1811/1042 868/1812/868 809/1743/809
f 868/1526/868 1043/1813/1043 810/1647/810
f 926/1642/926 1044/1814/1044 995/1742/995
f 1045/1815/1045 930/1648/930 928/1643/928
f 869/1528/869 932/1651/932 767/1323/767
f 826/1446/826 750/1326/750 847/1816/847
f 936/1655/936 933/1652/933 1046/1817/1046
f 934/1653/934 999/1750/999 998/1749/998
f 999/1750/999 1047/1818/1047 1048/1819/1048
f 1049/1820/1049 1047/1818/1047 999/1750/999
f 1050/1821/1050 751/1293/751 827/1447/827
f 936/1655/936 1051/1822/1051 999/1750/999
f 999/1750/999 1051/1822/1051 1049/1820/1049
f 1050/1823/1050 872/1533/872 751/1532/751
f 826/1446/826 939/1824/939 733/1260/733
f 769/1329/769 709/1531/709 872/1533/872
f 1052/1825/1052 769/1329/769 1053/1826/1053
f 1052/1825/1052 811/1416/811 769/1329/769
f 939/1824/939 771/1332/771 733/1260/733
f 832/1458/832 1000/1751/1000 850/1493/850
f 851/1827/851 672/1828/672 812/1419/812
f 1054/1829/1054 854/1662/854 797/1830/797
f 812/1419/812 813/1418/813 1055/1831/1055
f 797/1830/797 875/1832/875 1054/1829/1054
f 815/1540/815 876/1541/876 1056/1833/1056
f 876/1541/876 798/1384/798 1004/1757/1004
f 1005/1760/1005 816/1463/816 1057/1834/1057
f 1057/1834/1057 816/1463/816 835/1462/835
f 1006/1761/1006 835/1462/835 754/1296/754
f 836/1465/836 775/1343/775 942/1669/942
f 1058/1835/1058 858/1506/858 1008/1763/1008
f 1059/1836/1059 1011/1768/1011 945/1675/945
f 1059/1837/1059 945/1672/945 947/1674/947
f 1060/1838/1060 823/1440/823 1010/1767/1010
f 944/1671/944 860/1513/860 783/1356/783
f 1011/1768/1011 951/1680/951 950/1679/950
f 1061/1839/1061 947/1674/947 946/1673/946
f 1062/1840/1062 1013/1770/1013 1012/1769/1012
f 1016/1775/1016 841/1479/841 878/1546/878
f 1063/1841/1063 884/1555/884 1064/1842/1064
f 1064/1842/1064 884/1555/884 1018/1777/1018
f 1018/1777/1018 884/1555/884 880/1550/880
f 1017/1776/1017 1013/1770/1013 1062/1840/1062
f 886/1557/886 884/1555/884 1063/1841/1063
f 1062/1840/1062 1065/1843/1065 1017/1776/1017
f 1017/1776/1017 1066/1844/1066 1014/1771/1014
f 1063/1845/1063 1023/1783/1023 886/1846/886
f 886/1846/886 1023/1783/1023 887/1562/887
f 1019/1778/1019 959/1688/959 954/1683/954
f 1067/1847/1067 1021/1780/1021 1020/1779/1020
f 1021/1780/1021 1025/1848/1025 957/1781/957
f 889/1563/889 887/1562/887 1023/1783/1023
f 888/1561/888 1068/1849/1068 882/1559/882
f 888/1561/888 960/1689/960 1068/1849/1068
f 1025/1786/1025 1029/1792/1029 958/1687/958
f 1069/1850/1069 964/1693/964 959/1688/959
f 1029/1792/1029 1028/1791/1028 958/1687/958
f 1031/1794/1031 1070/1851/1070 967/1696/967
f 864/1519/864 572/1518/572 787/1852/787
f 967/1696/967 1070/1851/1070 895/1570/895
f 963/1692/963 966/1695/966 1033/1853/1033
f 1070/1851/1070 1032/1796/1032 895/1570/895
f 1071/1854/1071 764/1318/764 804/1403/804
f 970/1700/970 897/1574/897 1072/1855/1072
f 1072/1855/1072 1034/1798/1034 1073/1856/1073
f 1072/1855/1072 897/1574/897 1034/1798/1034
f 1034/1798/1034 1074/1857/1074 1075/1858/1075
f 1034/1798/1034 973/1705/973 1074/1857/1074
f 806/1407/806 866/1859/866 689/1408/689
f 974/1707/974 1076/1860/1076 915/1606/915
f 765/1861/765 788/1862/788 1077/1863/1077
f 915/1606/915 1076/1860/1076 977/1864/977
f 765/1861/765 1077/1863/1077 978/1865/978
f 979/1720/979 985/1729/985 746/1286/746
f 914/1615/914 1078/1866/1078 917/1616/917
f 914/1615/914 1037/1802/1037 1078/1866/1078
f 982/1725/982 981/1724/981 1079/1867/1079
f 982/1725/982 1079/1867/1079 1039/1804/1039
f 1079/1867/1079 1080/1868/1080 1039/1804/1039
f 986/1730/986 1081/1869/1081 922/1632/922
f 922/1733/922 1081/1870/1081 1082/1871/1082
f 922/1733/922 1082/1871/1082 988/1734/988
f 1083/1872/1083 808/1873/808 789/1486/789
f 989/1735/989 924/1634/924 1084/1874/1084
f 1043/1875/1043 868/1812/868 1042/1811/1042
f 1041/1876/1041 1044/1814/1044 926/1642/926
f 846/1487/846 847/1488/847 791/1366/791
f 1042/1811/1042 809/1743/809 932/1651/932
f 996/1877/996 1085/1878/1085 927/1645/927
f 1045/1815/1045 997/1879/997 930/1648/930
f 997/1747/997 1086/1880/1086 931/1748/931
f 1045/1815/1045 1087/1881/1087 997/1879/997
f 935/1882/935 1088/1883/1088 933/1884/933
f 935/1882/935 1089/1885/1089 1088/1883/1088
f 997/1886/997 1087/1887/1087 1046/1888/1046
f 935/1654/935 998/1749/998 1089/1889/1089
f 1090/1890/1090 1046/1891/1046 933/1892/933
f 999/1750/999 1048/1819/1048 998/1749/998
f 1087/1893/1087 936/1655/936 1046/1817/1046
f 1087/1881/1087 1091/1894/1091 1092/1895/1092
f 1093/1896/1093 1094/1897/1094 1091/1898/1091
f 1087/1881/1087 1092/1895/1092 936/1899/936
f 936/1655/936 1092/1900/1092 1051/1822/1051
f 1050/1823/1050 1095/1901/1095 872/1533/872
f 1094/1902/1094 1092/1903/1092 1091/1904/1091
f 1092/1900/1092 1096/1905/1096 1051/1822/1051
f 1096/1905/1096 1097/1906/1097 1051/1822/1051
f 811/1416/811 1052/1825/1052 1098/1907/1098
f 1000/1751/1000 1099/1908/1099 1100/1909/1100
f 1000/1751/1000 832/1458/832 1099/1908/1099
f 830/1456/830 854/1662/854 1002/1754/1002
f 1002/1754/1002 1101/1910/1101 732/1256/732
f 1001/1753/1001 874/1538/874 873/1535/873
f 1055/1831/1055 813/1418/813 1102/1911/1102
f 874/1538/874 1103/1912/1103 833/1459/833
f 813/1418/813 833/1665/833 1102/1911/1102
f 875/1913/875 815/1540/815 1056/1833/1056
f 1003/1914/1003 940/1666/940 834/1461/834
f 697/1198/697 940/1666/940 736/1265/736
f 940/1666/940 941/1667/941 736/1265/736
f 835/1462/835 1006/1761/1006 1104/1915/1104
f 857/1916/857 1105/1917/1105 756/1505/756
f 756/1505/756 1105/1917/1105 1007/1762/1007
f 877/1545/877 944/1671/944 840/1476/840
f 1106/1918/1106 951/1680/951 1011/1768/1011
f 1106/1918/1106 1012/1769/1012 951/1680/951
f 824/1480/824 1016/1775/1016 1010/1919/1010
f 860/1920/860 1015/1772/1015 784/1774/784
f 1019/1778/1019 1069/1850/1069 959/1688/959
f 1020/1779/1020 1024/1784/1024 1107/1921/1107
f 963/1692/963 1108/1922/1108 961/1690/961
f 1065/1923/1065 1109/1924/1109 1017/1925/1017
f 1017/1925/1017 1110/1926/1110 1066/1927/1066
f 962/1691/962 1111/1928/1111 1024/1785/1024
f 1017/1925/1017 1109/1924/1109 1110/1926/1110
f 1033/1853/1033 1112/1929/1112 963/1692/963
f 1033/1797/1033 969/1699/969 1113/1930/1113
f 1114/1931/1114 971/1701/971 968/1697/968
f 1034/1798/1034 1075/1858/1075 1073/1856/1073
f 1115/1932/1115 804/1710/804 1116/1933/1116
f 906/1591/906 1035/1934/1035 1117/1935/1117
f 973/1705/973 972/1704/972 1074/1857/1074
f 917/1616/917 1078/1866/1078 1038/1803/1038
f 1039/1804/1039 1118/1936/1118 983/1727/983
f 690/1721/690 1119/1937/1119 980/1722/980
f 981/1806/981 1040/1808/1040 1079/1938/1079
f 789/1486/789 985/1729/985 1083/1872/1083
f 989/1939/989 1120/1940/1120 987/1807/987
f 928/1643/928 995/1742/995 1121/1941/1121
f 928/1643/928 1121/1941/1121 1045/1815/1045
f 810/1413/810 1122/1942/1122 579/974/579
f 996/1877/996 931/1748/931 1085/1878/1085
f 1045/1815/1045 1123/1943/1123 1087/1881/1087
f 1046/1891/1046 1086/1880/1086 997/1747/997
f 1046/1891/1046 1090/1890/1090 1086/1880/1086
f 933/1892/933 1088/1944/1088 1090/1890/1090
f 627/1075/627 1124/1945/1124 749/1290/749
f 1087/1881/1087 1123/1943/1123 1091/1894/1091
f 869/1528/869 729/1527/729 1125/1946/1125
f 849/1490/849 1126/1947/1126 870/1529/870
f 1127/1948/1127 1128/1949/1128 1129/1950/1129
f 1128/1949/1128 1130/1951/1130 1129/1950/1129
f 1093/1952/1093 1129/1950/1129 1130/1951/1130
f 1093/1952/1093 1130/1951/1130 1094/1953/1094
f 1000/1954/1000 1050/1821/1050 827/1447/827
f 1097/1906/1097 1049/1820/1049 1051/1822/1051
f 1094/1902/1094 1131/1955/1131 1092/1903/1092
f 1127/1948/1127 1132/1956/1132 1128/1949/1128
f 732/1256/732 1101/1910/1101 831/1457/831
f 1128/1949/1128 1132/1956/1132 1130/1951/1130
f 1130/1951/1130 1133/1957/1133 1094/1953/1094
f 854/1662/854 1054/1829/1054 1002/1754/1002
f 832/1458/832 851/1494/851 1134/1958/1134
f 835/1462/835 1104/1915/1104 1057/1834/1057
f 942/1669/942 1135/1959/1135 836/1465/836
f 858/1506/858 1058/1835/1058 942/1669/942
f 942/1669/942 1058/1835/1058 1135/1959/1135
f 1060/1838/1060 1136/1960/1136 823/1440/823
f 947/1674/947 1137/1961/1137 1059/1837/1059
f 1138/1962/1138 860/1963/860 944/1964/944
f 947/1965/947 1061/1966/1061 1139/1967/1139
f 1140/1968/1140 1139/1967/1139 1141/1969/1141
f 1012/1769/1012 1106/1918/1106 1142/1970/1142
f 1012/1769/1012 1142/1970/1142 1062/1840/1062
f 860/1920/860 1143/1971/1143 1015/1772/1015
f 1141/1969/1141 1144/1972/1144 1140/1968/1140
f 948/1676/948 1145/1973/1145 946/1677/946
f 879/1547/879 1146/1974/1146 878/1546/878
f 948/1676/948 1014/1771/1014 1147/1975/1147
f 1015/1772/1015 1019/1778/1019 861/1773/861
f 763/1443/763 665/1141/665 1148/1976/1148
f 882/1552/882 1149/1977/1149 953/1682/953
f 882/1559/882 1068/1849/1068 1149/1978/1149
f 665/1141/665 764/1318/764 1148/1976/1148
f 965/1694/965 1022/1782/1022 1031/1794/1031
f 1065/1923/1065 1150/1979/1150 1109/1924/1109
f 1111/1980/1111 1107/1921/1107 1024/1784/1024
f 958/1789/958 1151/1981/1151 1026/1787/1026
f 1028/1982/1028 1151/1981/1151 958/1789/958
f 1109/1924/1109 1152/1983/1152 1110/1926/1110
f 787/1852/787 964/1984/964 864/1519/864
f 969/1699/969 970/1700/970 1113/1930/1113
f 702/1723/702 1153/1985/1153 865/1986/865
f 979/1987/979 1154/1988/1154 985/1989/985
f 1039/1804/1039 1080/1868/1080 1118/1936/1118
f 1083/1990/1083 1155/1991/1155 808/1992/808
f 808/1738/808 1155/1993/1155 846/1487/846
f 1041/1809/1041 992/1739/992 1156/1994/1156
f 929/1646/929 927/1645/927 1157/1995/1157
f 1043/1996/1043 1122/1997/1122 810/1998/810
f 1086/1880/1086 1085/1878/1085 931/1748/931
f 749/1290/749 1124/1945/1124 994/1744/994
f 1129/1950/1129 1158/1999/1158 1159/2000/1159
f 1093/1896/1093 1160/2001/1160 1129/2002/1129
f 627/1075/627 768/1325/768 1124/1945/1124
f 1048/1819/1048 1047/1818/1047 1161/2003/1161
f 1159/2000/1159 1127/1948/1127 1129/1950/1129
f 811/1416/811 1098/1907/1098 937/1656/937
f 1000/1954/1000 1100/2004/1100 1050/1821/1050
f 1098/2005/1098 1052/2006/1052 1162/2007/1162
f 769/1329/769 872/1533/872 1053/1826/1053
f 871/1530/871 1163/2008/1163 1001/1753/1001
f 1092/1903/1092 1131/1955/1131 1096/2009/1096
f 1094/1902/1094 1133/2010/1133 1131/1955/1131
f 1132/2011/1132 1133/2012/1133 1130/2013/1130
f 1132/2011/1132 1164/2014/1164 1133/2012/1133
f 823/1440/823 1136/1960/1136 877/1545/877
f 1165/2015/1165 1140/1968/1140 1166/2016/1166
f 1165/2015/1165 1139/1967/1139 1140/1968/1140
f 1137/2017/1137 947/1965/947 1139/1967/1139
f 1166/2016/1166 1167/2018/1167 1168/2019/1168
f 1169/2020/1169 860/2021/860 1138/2022/1138
f 1140/1968/1140 1167/2018/1167 1166/2016/1166
f 1139/1967/1139 1170/2023/1170 1141/1969/1141
f 1169/2020/1169 1143/2024/1143 860/2021/860
f 1167/2018/1167 1171/2025/1171 1143/2024/1143
f 946/1673/946 1145/2026/1145 1061/1839/1061
f 1144/1972/1144 1171/2025/1171 1167/2018/1167
f 1171/2027/1171 1172/2028/1172 1143/1971/1143
f 1144/1972/1144 1141/1969/1141 1173/2029/1173
f 1171/2027/1171 1174/2030/1174 1172/2028/1172
f 1175/2031/1175 1173/2032/1173 1141/2033/1141
f 878/1546/878 1146/1974/1146 1016/1775/1016
f 1062/1840/1062 1176/2034/1176 1065/1843/1065
f 1018/1777/1018 952/1681/952 1177/2035/1177
f 1178/2036/1178 1019/1778/1019 1015/1772/1015
f 1066/1844/1066 1147/1975/1147 1014/1771/1014
f 1063/1845/1063 1179/2037/1179 1023/1783/1023
f 1020/1779/1020 1180/2038/1180 1067/1847/1067
f 1020/1779/1020 1107/1921/1107 1180/2038/1180
f 1023/1783/1023 1181/2039/1181 1022/1782/1022
f 1031/1794/1031 1022/1782/1022 1182/2040/1182
f 1069/2041/1069 1183/2042/1183 964/2043/964
f 1030/1793/1030 1184/2044/1184 1027/1790/1027
f 804/1710/804 1115/1932/1115 1071/2045/1071
f 906/1591/906 1117/1935/1117 974/1707/974
f 804/1710/804 865/1709/865 1116/1933/1116
f 702/1723/702 980/1722/980 1153/1985/1153
f 976/1715/976 1185/2046/1185 1036/2047/1036
f 976/1715/976 984/1728/984 1185/2046/1185
f 986/1730/986 1186/2048/1186 1081/1869/1081
f 1082/1871/1082 1187/2049/1187 988/1734/988
f 989/1735/989 1084/1874/1084 1120/2050/1120
f 1086/1880/1086 1188/2051/1188 1085/1878/1085
f 1121/1941/1121 1189/2052/1189 1045/1815/1045
f 1086/1880/1086 1090/1890/1090 1188/2051/1188
f 869/1528/869 1125/1946/1125 932/1651/932
f 579/974/579 1122/1942/1122 848/1489/848
f 1045/1815/1045 1189/2052/1189 1123/1943/1123
f 1090/1890/1090 1088/1944/1088 1188/2051/1188
f 1125/2053/1125 729/1657/729 937/1656/937
f 1129/1950/1129 1160/2054/1160 1158/1999/1158
f 870/1529/870 1126/1947/1126 938/2055/938
f 826/1446/826 1190/2056/1190 939/1824/939
f 1050/1823/1050 1100/2057/1100 1095/1901/1095
f 1049/1820/1049 1191/2058/1191 1047/1818/1047
f 1052/1825/1052 1053/1826/1053 1192/2059/1192
f 1099/1908/1099 832/1458/832 1134/1958/1134
f 1127/2060/1127 1193/2061/1193 1132/2011/1132
f 874/1538/874 1001/1753/1001 1103/1912/1103
f 833/1665/833 1103/2062/1103 1102/1911/1102
f 794/1376/794 852/1495/852 1003/1755/1003
f 855/1500/855 1194/2063/1194 1004/1759/1004
f 836/1465/836 1195/2064/1195 856/2065/856
f 941/2066/941 1196/2067/1196 857/1916/857
f 1105/1917/1105 1008/1763/1008 1007/1762/1007
f 1058/1835/1058 1008/1763/1008 1197/2068/1197
f 944/1671/944 877/1545/877 1198/2069/1198
f 1011/1768/1011 1059/1836/1059 1199/2070/1199
f 1167/2018/1167 1169/2020/1169 1168/2019/1168
f 1139/2071/1139 1061/1839/1061 1170/2072/1170
f 1143/2024/1143 1169/2020/1169 1167/2018/1167
f 1140/1968/1140 1144/1972/1144 1167/2018/1167
f 1171/2025/1171 1144/1972/1144 1174/2073/1174
f 1173/2074/1173 1174/2075/1174 1144/2076/1144
f 1143/1971/1143 1172/2028/1172 1015/1772/1015
f 1147/1975/1147 1200/2077/1200 948/1676/948
f 1172/2028/1172 1178/2036/1178 1015/1772/1015
f 1178/2036/1178 1069/1850/1069 1019/1778/1019
f 1025/1786/1025 1030/1793/1030 1029/1792/1029
f 961/1690/961 1201/2078/1201 960/1689/960
f 1028/2079/1028 1202/2080/1202 1151/2081/1151
f 1109/1924/1109 1150/1979/1150 1152/1983/1152
f 1033/1853/1033 1113/2082/1113 1112/1929/1112
f 971/1701/971 1114/1931/1114 1203/2083/1203
f 1035/1799/1035 971/1701/971 1203/2083/1203
f 806/1405/806 805/1404/805 1204/2084/1204
f 806/2085/806 1204/2086/1204 866/2087/866
f 1077/1863/1077 788/1862/788 1205/2088/1205
f 983/1727/983 1185/2046/1185 984/1728/984
f 1038/1803/1038 1078/1866/1078 1206/2089/1206
f 1154/1988/1154 1083/1990/1083 985/1989/985
f 1119/1937/1119 690/1721/690 991/2090/991
f 1041/1876/1041 1207/2091/1207 1044/1814/1044
f 929/1646/929 1208/2092/1208 993/1810/993
f 846/2093/846 1209/2094/1209 847/2095/847
f 847/1816/847 1210/2096/1210 826/1446/826
f 1210/2096/1210 1190/2056/1190 826/1446/826
f 1047/1818/1047 1211/2097/1211 1161/2003/1161
f 938/2098/938 1163/2099/1163 871/2100/871
f 1096/1905/1096 1212/2101/1212 1097/1906/1097
f 1213/2102/1213 1049/1820/1049 1097/1906/1097
f 1100/1909/1100 1099/1908/1099 1214/2103/1214
f 872/1533/872 1095/1901/1095 1215/2104/1215
f 1192/2105/1192 1162/2007/1162 1052/2006/1052
f 939/1663/939 1216/2106/1216 852/1495/852
f 1214/2103/1214 1099/1908/1099 1134/1958/1134
f 1217/2107/1217 1193/2061/1193 1127/2060/1127
f 852/1495/852 1216/2106/1216 1218/2108/1218
f 1193/2061/1193 1219/2109/1219 1132/2011/1132
f 1132/2011/1132 1219/2109/1219 1164/2014/1164
f 875/1832/875 1056/2110/1056 1220/2111/1220
f 876/1541/876 1221/2112/1221 1056/1833/1056
f 1003/1914/1003 1222/2113/1222 940/1666/940
f 876/1541/876 1004/1757/1004 1221/2112/1221
f 1223/2114/1223 1194/2063/1194 855/1500/855
f 855/1500/855 1005/1760/1005 1223/2114/1223
f 1195/2064/1195 1224/2115/1224 856/2065/856
f 1135/1959/1135 1195/2064/1195 836/1465/836
f 857/1916/857 1196/2067/1196 1105/1917/1105
f 1105/1917/1105 1225/2116/1225 1008/1763/1008
f 1139/1967/1139 1226/2117/1226 1137/2017/1137
f 1011/1768/1011 1227/2118/1227 1106/1918/1106
f 1168/2019/1168 1169/2020/1169 1138/2022/1138
f 1016/1775/1016 1228/2119/1228 1010/1919/1010
f 1061/1839/1061 1229/2120/1229 1170/2072/1170
f 1141/2033/1141 1170/2072/1170 1175/2031/1175
f 1062/1840/1062 1142/1970/1142 1176/2034/1176
f 1173/2032/1173 1230/2121/1230 1174/2122/1174
f 1177/2035/1177 1231/2123/1231 1018/1777/1018
f 948/1676/948 1200/2077/1200 1145/1973/1145
f 1148/2124/1148 1232/2125/1232 763/2126/763
f 1065/1923/1065 1176/2127/1176 1233/2128/1233
f 1175/2031/1175 1234/2129/1234 1173/2032/1173
f 1063/1845/1063 1235/2130/1235 1179/2037/1179
f 1178/2036/1178 1183/2131/1183 1069/1850/1069
f 1181/2039/1181 1023/1783/1023 1236/2132/1236
f 1022/1782/1022 1181/2039/1181 1182/2040/1182
f 1031/1794/1031 1182/2040/1182 1070/1851/1070
f 1110/1926/1110 1237/2133/1237 1066/1927/1066
f 962/1691/962 1238/2134/1238 1111/1928/1111
f 1026/1787/1026 1238/2135/1238 962/1788/962
f 1070/1851/1070 1239/2136/1239 1032/1796/1032
f 970/1700/970 1240/2137/1240 1113/1930/1113
f 1072/1855/1072 1240/2137/1240 970/1700/970
f 972/1704/972 1241/2138/1241 1074/1857/1074
f 972/1706/972 1242/2139/1242 1241/2140/1241
f 972/1706/972 903/1588/903 1242/2139/1242
f 1243/2141/1243 1244/2142/1244 866/2087/866
f 866/1522/866 1244/2143/1244 867/1523/867
f 1038/1805/1038 1206/2144/1206 986/1730/986
f 988/1734/988 1187/2049/1187 990/1736/990
f 925/1638/925 1245/2145/1245 992/1739/992
f 992/1739/992 1245/2145/1245 1156/1994/1156
f 1155/1991/1155 1209/2094/1209 846/2093/846
f 1208/2146/1208 1246/2147/1246 993/1740/993
f 929/1646/929 1157/1995/1157 1208/2092/1208
f 1044/1814/1044 1247/2148/1247 995/1742/995
f 1125/1946/1125 1248/2149/1248 932/1651/932
f 1188/2150/1188 1088/1883/1088 1249/2151/1249
f 1125/2053/1125 937/1656/937 1250/2152/1250
f 998/1749/998 1048/1819/1048 1089/1889/1089
f 1098/2153/1098 1251/2154/1251 937/2155/937
f 1098/2005/1098 1162/2007/1162 1251/2156/1251
f 1212/2101/1212 1213/2102/1213 1097/1906/1097
f 1190/2056/1190 1252/2157/1252 939/1824/939
f 1252/2157/1252 1216/2158/1216 939/1824/939
f 1159/2000/1159 1217/2159/1217 1127/1948/1127
f 1215/2104/1215 1053/1826/1053 872/1533/872
f 1253/2160/1253 1001/2161/1001 1163/2162/1163
f 1254/2163/1254 1134/2164/1134 851/1827/851
f 1133/2012/1133 1164/2014/1164 1255/2165/1255
f 851/1827/851 812/1419/812 1256/2166/1256
f 1256/2166/1256 812/1419/812 1055/1831/1055
f 1253/2167/1253 1103/1912/1103 1001/1753/1001
f 1257/2168/1257 1006/1761/1006 856/1502/856
f 1258/2169/1258 1135/1959/1135 1197/2068/1197
f 1225/2116/1225 1197/2068/1197 1008/1763/1008
f 1058/1835/1058 1197/2068/1197 1135/1959/1135
f 1165/2015/1165 1226/2117/1226 1139/1967/1139
f 1227/2118/1227 1011/1768/1011 1199/2070/1199
f 1060/1838/1060 1010/1767/1010 1228/2170/1228
f 1168/2019/1168 1138/2022/1138 1259/2171/1259
f 1260/2172/1260 1142/1970/1142 1106/1918/1106
f 1016/1775/1016 1146/1974/1146 1228/2119/1228
f 1061/1839/1061 1145/2026/1145 1229/2120/1229
f 1229/2120/1229 1261/2173/1261 1170/2072/1170
f 1170/2072/1170 1261/2173/1261 1175/2031/1175
f 1262/2174/1262 879/2175/879 763/2176/763
f 1064/1842/1064 1018/1777/1018 1231/2123/1231
f 1263/2177/1263 1174/2122/1174 1230/2121/1230
f 1264/2178/1264 1265/2179/1265 1067/1847/1067
f 1067/1847/1067 1180/2038/1180 1266/2180/1266
f 1236/2132/1236 1023/1783/1023 1179/2037/1179
f 1233/2128/1233 1150/1979/1150 1065/1923/1065
f 1266/2180/1266 1180/2038/1180 1267/2181/1267
f 1180/2038/1180 1107/1921/1107 1267/2181/1267
f 1268/2182/1268 1184/2044/1184 1030/1793/1030
f 1147/2183/1147 1066/1927/1066 1269/2184/1269
f 1270/2185/1270 864/1519/864 964/1984/964
f 1269/2184/1269 1066/1927/1066 1237/2133/1237
f 1271/2186/1271 1152/2187/1152 1150/2188/1150
f 1152/2187/1152 1272/2189/1272 1110/2190/1110
f 1272/2189/1272 1152/2187/1152 1271/2186/1271
f 1273/2191/1273 805/1404/805 864/1519/864
f 1274/2192/1274 1074/1857/1074 1241/2138/1241
f 903/1588/903 905/1590/905 1275/2193/1275
f 1205/2088/1205 788/1862/788 867/1523/867
f 979/1987/979 807/2194/807 1276/2195/1276
f 1277/2196/1277 807/2197/807 978/1865/978
f 1278/2198/1278 1185/2046/1185 983/1727/983
f 1279/2199/1279 980/1722/980 1119/1937/1119
f 1118/1936/1118 1080/1868/1080 1280/2200/1280
f 1207/2091/1207 1247/2148/1247 1044/1814/1044
f 1281/2201/1281 1042/1811/1042 932/1651/932
f 995/1742/995 1282/2202/1282 1121/1941/1121
f 927/1645/927 1085/1878/1085 1283/2203/1283
f 1210/2204/1210 847/2095/847 1209/2094/1209
f 1282/2202/1282 1189/2052/1189 1121/1941/1121
f 1284/2205/1284 1091/1894/1091 1123/1943/1123
f 1285/2206/1285 1160/2001/1160 1093/1896/1093
f 1286/2207/1286 938/2055/938 1126/1947/1126
f 1252/2157/1252 1287/2208/1287 1216/2158/1216
f 1287/2208/1287 1288/2209/1288 1216/2158/1216
f 1096/2009/1096 1131/1955/1131 1289/2210/1289
f 875/1832/875 1220/2111/1220 1054/1829/1054
f 1055/1831/1055 1102/1911/1102 1290/2211/1290
f 1102/1911/1102 1291/2212/1291 1290/2211/1290
f 1103/2062/1103 1291/2212/1291 1102/1911/1102
f 852/1495/852 1292/2213/1292 1003/1755/1003
f 1194/2214/1194 1293/2215/1293 1004/1757/1004
f 1222/2113/1222 941/1667/941 940/1666/940
f 1294/2216/1294 1104/1915/1104 1006/1761/1006
f 856/1502/856 1224/2217/1224 1257/2168/1257
f 1195/2064/1195 1135/1959/1135 1258/2169/1258
f 1105/1917/1105 1196/2067/1196 1225/2116/1225
f 1059/1837/1059 1137/1961/1137 1295/2218/1295
f 1059/1836/1059 1296/2219/1296 1199/2070/1199
f 1059/2220/1059 1295/2221/1295 1296/2222/1296
f 1297/2223/1297 1138/1962/1138 944/1964/944
f 879/2175/879 1262/2174/1262 1146/2224/1146
f 763/2176/763 1232/2225/1232 1262/2174/1262
f 1263/2177/1263 1172/2226/1172 1174/2122/1174
f 1234/2129/1234 1230/2121/1230 1173/2032/1173
f 1298/2227/1298 1234/2129/1234 1175/2031/1175
f 1172/2226/1172 1263/2177/1263 1178/2228/1178
f 1067/1847/1067 1265/2179/1265 1021/1780/1021
f 1264/2178/1264 1067/1847/1067 1266/2180/1266
f 960/1689/960 1299/2229/1299 1068/1849/1068
f 961/1690/961 1108/1922/1108 1201/2078/1201
f 1027/2230/1027 1300/2231/1300 1028/2232/1028
f 1150/2188/1150 1301/2233/1301 1271/2186/1271
f 1272/2189/1272 1237/2234/1237 1110/2190/1110
f 1075/1858/1075 1074/1857/1074 1274/2192/1274
f 1035/1799/1035 1203/2083/1203 1302/2235/1302
f 1204/2086/1204 1243/2141/1243 866/2087/866
f 1036/2047/1036 1185/2046/1185 1303/2236/1303
f 1205/2088/1205 1304/2237/1304 1077/1863/1077
f 807/2194/807 1277/2238/1277 1276/2195/1276
f 1278/2198/1278 983/1727/983 1305/2239/1305
f 1305/2239/1305 983/1727/983 1118/1936/1118
f 1305/2239/1305 1118/1936/1118 1280/2200/1280
f 1079/1938/1079 1040/1808/1040 1306/2240/1306
f 1081/1870/1081 1307/2241/1307 1082/1871/1082
f 1120/1940/1120 1308/2242/1308 987/1807/987
f 1187/2049/1187 1309/2243/1309 990/1736/990
f 1083/1990/1083 1310/2244/1310 1155/1991/1155
f 990/1736/990 1309/2243/1309 925/1638/925
f 1281/2201/1281 1043/1875/1043 1042/1811/1042
f 927/1645/927 1283/2203/1283 1157/1995/1157
f 1285/2206/1285 1311/2245/1311 1160/2001/1160
f 1312/2246/1312 849/1490/849 848/1489/848
f 1250/2247/1250 937/2155/937 1251/2154/1251
f 1124/1945/1124 768/1325/768 1313/2248/1313
f 1047/1818/1047 1191/2058/1191 1211/2097/1211
f 1314/2249/1314 1217/2159/1217 1159/2000/1159
f 1213/2102/1213 1191/2058/1191 1049/1820/1049
f 1214/2250/1214 1315/2251/1315 1100/2252/1100
f 1100/2252/1100 1315/2251/1315 1095/2253/1095
f 1216/2106/1216 1288/2254/1288 1218/2108/1218
f 1134/2164/1134 1254/2163/1254 1214/2255/1214
f 1131/2256/1131 1133/2257/1133 1316/2258/1316
f 1133/2257/1133 1255/2259/1255 1317/2260/1317
f 1318/2261/1318 1164/2014/1164 1219/2109/1219
f 1194/2063/1194 1223/2114/1223 1319/2262/1319
f 1258/2169/1258 1320/2263/1320 1195/2064/1195
f 1166/2016/1166 1168/2019/1168 1321/2264/1321
f 1136/1960/1136 1322/2265/1322 877/1545/877
f 1136/1960/1136 1323/2266/1323 1322/2265/1322
f 1259/2171/1259 1324/2267/1324 1168/2019/1168
f 1199/2070/1199 1296/2219/1296 1227/2118/1227
f 1138/2022/1138 1297/2268/1297 1259/2171/1259
f 952/2269/952 1325/2270/1325 1177/2271/1177
f 1145/2026/1145 1326/2272/1326 1229/2120/1229
f 1229/2120/1229 1326/2272/1326 1261/2173/1261
f 1200/2273/1200 1327/2274/1327 1145/2275/1145
f 1175/2031/1175 1261/2173/1261 1298/2227/1298
f 1178/2228/1178 1263/2177/1263 1328/2276/1328
f 1178/2228/1178 1328/2276/1328 1183/2277/1183
f 1025/1786/1025 1268/2182/1268 1030/1793/1030
f 963/1692/963 1112/1929/1112 1108/1922/1108
f 1032/1795/1032 1239/2278/1239 1329/2279/1329
f 1242/2139/1242 903/1588/903 1330/2280/1330
f 975/1711/975 1331/2281/1331 905/1590/905
f 1331/2281/1331 975/1711/975 1036/1801/1036
f 1244/2143/1244 1205/2088/1205 867/1523/867
f 1077/1863/1077 1304/2237/1304 978/1865/978
f 978/1865/978 1304/2237/1304 1277/2196/1277
f 1079/1938/1079 1306/2240/1306 1332/2282/1332
f 1306/2240/1306 1040/1808/1040 1333/2283/1333
f 987/1807/987 1308/2242/1308 1040/1808/1040
f 993/1740/993 1246/2147/1246 1334/2284/1334
f 994/1741/994 1335/2285/1335 991/1737/991
f 1043/2286/1043 1336/2287/1336 1122/1942/1122
f 1248/2149/1248 1281/2201/1281 932/1651/932
f 1125/1946/1125 1250/2288/1250 1337/2289/1337
f 1249/2151/1249 1088/1883/1088 1338/2290/1338
f 1091/2291/1091 1284/2292/1284 1285/2293/1285
f 1160/2054/1160 1339/2294/1339 1158/1999/1158
f 1161/2003/1161 1340/2295/1340 1048/1819/1048
f 1250/2247/1250 1251/2154/1251 1341/2296/1341
f 1252/2157/1252 1342/2297/1342 1287/2208/1287
f 1286/2298/1286 1343/2299/1343 938/2098/938
f 938/2098/938 1343/2299/1343 1163/2099/1163
f 1342/2297/1342 1288/2209/1288 1287/2208/1287
f 1315/2251/1315 1214/2250/1214 1344/2300/1344
f 1345/2301/1345 1344/2302/1344 1214/2303/1214
f 1315/2251/1315 1346/2304/1346 1095/2253/1095
f 831/1457/831 1347/2305/1347 768/1534/768
f 1131/2256/1131 1316/2258/1316 1289/2306/1289
f 1214/2255/1214 1254/2163/1254 1345/2307/1345
f 1133/2257/1133 1317/2260/1317 1316/2258/1316
f 1002/1754/1002 1054/1829/1054 1348/2308/1348
f 1101/1910/1101 1002/1754/1002 1348/2308/1348
f 851/1827/851 1256/2166/1256 1254/2163/1254
f 852/1495/852 1218/2108/1218 1292/2213/1292
f 1055/1831/1055 1290/2211/1290 1349/2309/1349
f 1253/2310/1253 1350/2311/1350 1103/2062/1103
f 1219/2109/1219 1193/2061/1193 1318/2261/1318
f 1103/2062/1103 1350/2311/1350 1291/2212/1291
f 1221/2112/1221 1351/2312/1351 1056/1833/1056
f 1005/1760/1005 1057/1834/1057 1352/2313/1352
f 1006/1761/1006 1257/2168/1257 1294/2216/1294
f 1195/2064/1195 1353/2314/1353 1224/2115/1224
f 1321/2264/1321 1165/2015/1165 1166/2016/1166
f 1324/2267/1324 1321/2264/1321 1168/2019/1168
f 1198/2069/1198 877/1545/877 1322/2265/1322
f 1106/1918/1106 1227/2118/1227 1260/2172/1260
f 1146/1974/1146 1354/2315/1354 1228/2119/1228
f 1146/2224/1146 1262/2174/1262 1354/2316/1354
f 953/2317/953 1325/2270/1325 952/2269/952
f 1326/2272/1326 1298/2227/1298 1261/2173/1261
f 1355/2318/1355 1179/2319/1179 1235/2320/1235
f 1021/1780/1021 1265/2179/1265 1356/2321/1356
f 1025/1848/1025 1021/1780/1021 1356/2321/1356
f 1148/1976/1148 764/1318/764 1357/2322/1357
f 1299/2229/1299 1149/1978/1149 1068/1849/1068
f 1358/2323/1358 1200/2077/1200 1147/1975/1147
f 1233/2128/1233 1359/2324/1359 1150/1979/1150
f 1328/2325/1328 964/2326/964 1183/2327/1183
f 1358/2323/1358 1147/1975/1147 1269/2328/1269
f 764/1318/764 1071/1854/1071 1360/2329/1360
f 1361/2330/1361 1026/1787/1026 1151/1981/1151
f 1361/2331/1361 1151/2081/1151 1202/2080/1202
f 1362/2332/1362 968/1697/968 1032/1795/1032
f 1363/2333/1363 1269/2334/1269 1237/2234/1237
f 1364/2335/1364 805/1404/805 1273/2191/1273
f 1330/2336/1330 903/2337/903 1365/2338/1365
f 1365/2338/1365 903/2337/903 1275/2339/1275
f 1275/2339/1275 905/2340/905 1331/2341/1331
f 1076/1860/1076 1366/2342/1366 977/1864/977
f 1153/1985/1153 980/1722/980 1279/2199/1279
f 1367/2343/1367 1277/2196/1277 1304/2237/1304
f 1366/2344/1366 1368/2345/1368 977/1717/977
f 1276/2195/1276 1154/1988/1154 979/1987/979
f 1368/2345/1368 1037/1802/1037 977/1717/977
f 1369/2346/1369 1278/2198/1278 1305/2239/1305
f 1332/2282/1332 1080/2347/1080 1079/1938/1079
f 1310/2244/1310 1083/1990/1083 1370/2348/1370
f 1207/2349/1207 1041/1809/1041 1156/1994/1156
f 1371/2350/1371 1043/1875/1043 1281/2201/1281
f 1371/2350/1371 1336/2351/1336 1043/1875/1043
f 1372/2352/1372 1282/2202/1282 995/1742/995
f 1373/2353/1373 994/1744/994 1124/1945/1124
f 1340/2295/1340 1089/1889/1089 1048/1819/1048
f 1374/2354/1374 1126/1947/1126 849/1490/849
f 1158/1999/1158 1314/2249/1314 1159/2000/1159
f 1162/2007/1162 1375/2355/1375 1251/2156/1251
f 1251/2356/1251 1342/2297/1342 1252/2157/1252
f 1375/2355/1375 1342/2357/1342 1251/2156/1251
f 1376/2358/1376 1162/2007/1162 1192/2105/1192
f 1377/2359/1377 1256/2166/1256 1055/1831/1055
f 1378/2360/1378 1290/2361/1290 1291/2362/1291
f 1379/2363/1379 1290/2361/1290 1378/2360/1378
f 1380/2364/1380 1222/2365/1222 1003/2366/1003
f 1293/2215/1293 1221/2112/1221 1004/1757/1004
f 1381/2367/1381 1223/2114/1223 1005/1760/1005
f 1353/2314/1353 1195/2064/1195 1320/2263/1320
f 1382/2368/1382 1197/2068/1197 1225/2116/1225
f 1258/2169/1258 1197/2068/1197 1382/2368/1382
f 1324/2267/1324 1259/2171/1259 1297/2268/1297
f 1176/2127/1176 1383/2369/1383 1233/2128/1233
f 1327/2370/1327 1326/2272/1326 1145/2026/1145
f 1384/2371/1384 1264/2372/1264 1266/2373/1266
f 1384/2371/1384 1385/2374/1385 1264/2372/1264
f 1383/2369/1383 1359/2324/1359 1233/2128/1233
f 1234/2129/1234 1386/2375/1386 1230/2121/1230
f 1384/2371/1384 1266/2373/1266 1267/2376/1267
f 1184/2377/1184 1387/2378/1387 1027/2379/1027
f 1387/2380/1387 1300/2231/1300 1027/2230/1027
f 1182/2040/1182 1239/2136/1239 1070/1851/1070
f 1359/2324/1359 1301/2381/1301 1150/1979/1150
f 1032/1795/1032 1329/2279/1329 1362/2332/1362
f 1026/1787/1026 1388/2382/1388 1238/2135/1238
f 1362/2332/1362 1114/1931/1114 968/1697/968
f 1277/2238/1277 1367/2383/1367 1389/2384/1389
f 1332/2385/1332 1280/2200/1280 1080/1868/1080
f 1119/1937/1119 991/2090/991 1390/2386/1390
f 1120/1940/1120 1391/2387/1391 1308/2242/1308
f 993/1740/993 1334/2284/1334 924/1634/924
f 1084/1874/1084 924/1634/924 1334/2284/1334
f 1392/2388/1392 1281/2201/1281 1248/2149/1248
f 1248/2149/1248 1125/1946/1125 1337/2289/1337
f 1372/2352/1372 1393/2389/1393 1282/2202/1282
f 1335/2390/1335 994/1744/994 1373/2353/1373
f 1337/2289/1337 1250/2288/1250 1341/2391/1341
f 1209/2392/1209 1394/2393/1394 1210/2394/1210
f 1188/2150/1188 1249/2151/1249 1395/2395/1395
f 1249/2396/1249 1338/2397/1338 1395/2398/1395
f 1091/1898/1091 1285/2206/1285 1093/1896/1093
f 1088/1883/1088 1089/1885/1089 1338/2290/1338
f 1312/2246/1312 848/1489/848 1122/1942/1122
f 1210/2096/1210 1394/2399/1394 1190/2056/1190
f 1124/1945/1124 1396/2400/1396 1373/2353/1373
f 1190/2056/1190 1394/2399/1394 1252/2157/1252
f 1396/2400/1396 1124/1945/1124 1313/2248/1313
f 1215/2104/1215 1095/1901/1095 1346/2401/1346
f 1397/2402/1397 1253/2403/1253 1163/2404/1163
f 1053/2405/1053 1398/2406/1398 1192/2105/1192
f 1055/1831/1055 1349/2309/1349 1377/2359/1377
f 1399/2407/1399 1318/2261/1318 1193/2061/1193
f 1255/2165/1255 1164/2014/1164 1400/2408/1400
f 1349/2309/1349 1290/2211/1290 1379/2409/1379
f 1253/2403/1253 1401/2410/1401 1350/2411/1350
f 1378/2360/1378 1291/2362/1291 1402/2412/1402
f 1319/2262/1319 1403/2413/1403 1194/2063/1194
f 1403/2414/1403 1404/2415/1404 1194/2416/1194
f 1404/2417/1404 1293/2215/1293 1194/2214/1194
f 1319/2262/1319 1223/2114/1223 1381/2367/1381
f 1381/2367/1381 1005/1760/1005 1352/2313/1352
f 1294/2418/1294 1257/2419/1257 1405/2420/1405
f 1104/1915/1104 1294/2216/1294 1057/1834/1057
f 1352/2313/1352 1057/1834/1057 1294/2216/1294
f 1222/2113/1222 1406/2421/1406 941/1667/941
f 1406/2421/1406 1196/2422/1196 941/1667/941
f 1226/2117/1226 1165/2015/1165 1407/2423/1407
f 1137/2424/1137 1226/2425/1226 1408/2426/1408
f 1260/2172/1260 1409/2427/1409 1142/1970/1142
f 1409/2427/1409 1176/2034/1176 1142/1970/1142
f 1228/2428/1228 1354/2316/1354 1410/2429/1410
f 1063/2430/1063 1064/2431/1064 1411/2432/1411
f 1411/2433/1411 1235/2434/1235 1063/2435/1063
f 1148/1976/1148 1357/2322/1357 1232/2436/1232
f 1179/2037/1179 1412/2437/1412 1236/2132/1236
f 1200/2273/1200 1413/2438/1413 1327/2274/1327
f 764/1318/764 1360/2329/1360 1357/2322/1357
f 1298/2227/1298 1386/2375/1386 1234/2129/1234
f 1326/2272/1326 1414/2439/1414 1298/2227/1298
f 1358/2440/1358 1269/2441/1269 1415/2442/1415
f 1269/2441/1269 1416/2443/1416 1415/2442/1415
f 864/1519/864 1270/2185/1270 1273/2191/1273
f 1073/1856/1073 1075/1858/1075 1417/2444/1417
f 1237/2234/1237 1418/2445/1418 1363/2333/1363
f 1075/1858/1075 1274/2192/1274 1417/2444/1417
f 1237/2234/1237 1272/2189/1272 1418/2445/1418
f 1035/1799/1035 1302/2235/1302 1117/2446/1117
f 1117/2446/1117 1302/2235/1302 1419/2447/1419
f 1205/2088/1205 1420/2448/1420 1304/2237/1304
f 986/1730/986 1206/2144/1206 1186/2048/1186
f 1154/1988/1154 1370/2348/1370 1083/1990/1083
f 1309/2243/1309 1245/2145/1245 925/1638/925
f 1334/2284/1334 1246/2147/1246 1421/2449/1421
f 995/1742/995 1247/2148/1247 1372/2352/1372
f 1422/2450/1422 1394/2393/1394 1209/2392/1209
f 1189/2052/1189 1423/2451/1423 1123/1943/1123
f 1338/2452/1338 1089/2453/1089 1424/2454/1424
f 1341/2296/1341 1251/2154/1251 1394/2455/1394
f 1252/2157/1252 1394/2399/1394 1251/2356/1251
f 1374/2354/1374 1425/2456/1425 1126/1947/1126
f 1347/2457/1347 1313/2248/1313 768/1325/768
f 1375/2355/1375 1426/2458/1426 1342/2357/1342
f 1162/2007/1162 1376/2358/1376 1375/2355/1375
f 1346/2304/1346 1315/2251/1315 1344/2300/1344
f 1253/2403/1253 1397/2402/1397 1401/2410/1401
f 1164/2014/1164 1318/2261/1318 1400/2408/1400
f 1291/2362/1291 1350/2459/1350 1402/2412/1402
f 1402/2412/1402 1427/2460/1427 1428/2461/1428
f 1350/2459/1350 1427/2460/1427 1402/2412/1402
f 1428/2461/1428 1427/2460/1427 1429/2462/1429
f 1427/2460/1427 1403/2463/1403 1429/2462/1429
f 1319/2464/1319 1429/2462/1429 1403/2463/1403
f 1221/2112/1221 1293/2215/1293 1351/2312/1351
f 1319/2464/1319 1381/2465/1381 1429/2462/1429
f 1382/2368/1382 1320/2263/1320 1258/2169/1258
f 944/1964/944 1430/2466/1430 1297/2223/1297
f 1060/1838/1060 1431/2467/1431 1136/1960/1136
f 1060/1838/1060 1432/2468/1432 1431/2467/1431
f 1060/1838/1060 1228/2170/1228 1432/2468/1432
f 1354/2316/1354 1433/2469/1433 1410/2429/1410
f 1355/2318/1355 1412/2470/1412 1179/2319/1179
f 953/2317/953 1149/2471/1149 1434/2472/1434
f 1358/2323/1358 1413/2473/1413 1200/2077/1200
f 1298/2227/1298 1414/2439/1414 1386/2375/1386
f 1435/2474/1435 1270/2185/1270 964/1984/964
f 1107/1921/1107 1436/2475/1436 1267/2181/1267
f 1113/1930/1113 1437/2476/1437 1112/2477/1112
f 1113/1930/1113 1240/2137/1240 1437/2476/1437
f 1073/1856/1073 1438/2478/1438 1072/1855/1072
f 1361/2330/1361 1388/2382/1388 1026/1787/1026
f 1114/1931/1114 1439/2479/1439 1203/2083/1203
f 1275/2339/1275 1331/2341/1331 1440/2480/1440
f 1204/2086/1204 1441/2481/1441 1243/2141/1243
f 1116/2482/1116 865/1986/865 1442/2483/1442
f 974/1707/974 1366/2342/1366 1076/1860/1076
f 1205/2088/1205 1244/2143/1244 1420/2448/1420
f 1153/1985/1153 1279/2199/1279 1443/2484/1443
f 1277/2238/1277 1389/2384/1389 1276/2195/1276
f 1040/1808/1040 1308/2242/1308 1333/2283/1333
f 1444/2485/1444 1082/1871/1082 1307/2241/1307
f 1444/2485/1444 1187/2049/1187 1082/1871/1082
f 1310/2244/1310 1445/2486/1445 1155/1991/1155
f 1392/2388/1392 1446/2487/1446 1281/2201/1281
f 1446/2487/1446 1371/2350/1371 1281/2201/1281
f 1445/2486/1445 1209/2094/1209 1155/1991/1155
f 1447/2488/1447 1156/1994/1156 1245/2145/1245
f 1390/2386/1390 991/2090/991 1335/2489/1335
f 1448/2490/1448 1283/2491/1283 1085/2492/1085
f 1282/2202/1282 1423/2451/1423 1189/2052/1189
f 1085/1878/1085 1188/2051/1188 1395/2493/1395
f 1449/2494/1449 1450/2495/1450 1211/2496/1211
f 1425/2456/1425 1286/2207/1286 1126/1947/1126
f 1289/2497/1289 1212/2101/1212 1096/1905/1096
f 1397/2498/1397 1163/2099/1163 1343/2299/1343
f 1426/2458/1426 1288/2499/1288 1342/2357/1342
f 1347/2305/1347 831/1457/831 1101/1910/1101
f 1317/2260/1317 1255/2259/1255 1451/2500/1451
f 1452/2501/1452 1101/1910/1101 1348/2308/1348
f 1398/2502/1398 1053/1826/1053 1215/2104/1215
f 1453/2503/1453 1193/2061/1193 1217/2107/1217
f 1453/2503/1453 1399/2407/1399 1193/2061/1193
f 1292/2504/1292 1380/2364/1380 1003/2366/1003
f 1454/2505/1454 1427/2460/1427 1350/2459/1350
f 1379/2363/1379 1402/2412/1402 1428/2461/1428
f 1353/2314/1353 1455/2506/1455 1224/2115/1224
f 1225/2507/1225 1196/2508/1196 1406/2509/1406
f 1456/2510/1456 1165/2015/1165 1321/2264/1321
f 1456/2511/1456 1407/2512/1407 1165/2513/1165
f 1430/2514/1430 944/1671/944 1198/2069/1198
f 1457/2515/1457 1263/2177/1263 1230/2121/1230
f 1457/2515/1457 1328/2276/1328 1263/2177/1263
f 1327/2370/1327 1458/2516/1458 1326/2272/1326
f 1435/2517/1435 964/2326/964 1328/2325/1328
f 1413/2473/1413 1358/2323/1358 1415/2518/1415
f 1414/2439/1414 1326/2272/1326 1458/2516/1458
f 1459/2519/1459 1112/1929/1112 1437/2520/1437
f 1436/2521/1436 1107/2522/1107 1460/2523/1460
f 1461/2524/1461 1329/2279/1329 1239/2278/1239
f 1437/2476/1437 1240/2137/1240 1462/2525/1462
f 1416/2526/1416 1269/2334/1269 1363/2333/1363
f 1460/2527/1460 1107/1921/1107 1111/1980/1111
f 1115/1932/1115 1116/1933/1116 1463/2528/1463
f 1464/2529/1464 1272/2189/1272 1271/2186/1271
f 1465/2530/1465 1241/2531/1241 1242/2532/1242
f 1364/2335/1364 1204/2084/1204 805/1404/805
f 1117/1935/1117 1419/2533/1419 974/1707/974
f 1304/2237/1304 1420/2448/1420 1367/2343/1367
f 1389/2384/1389 1367/2383/1367 1466/2534/1466
f 1370/2348/1370 1154/1988/1154 1276/2195/1276
f 1120/2050/1120 1084/1874/1084 1467/2535/1467
f 1445/2536/1445 1422/2450/1422 1209/2392/1209
f 1447/2488/1447 1207/2349/1207 1156/1994/1156
f 1208/2092/1208 1157/1995/1157 1468/2537/1468
f 1469/2538/1469 1248/2149/1248 1337/2289/1337
f 1470/2539/1470 1337/2289/1337 1341/2391/1341
f 1341/2391/1341 1394/2393/1394 1422/2450/1422
f 1423/2451/1423 1284/2205/1284 1123/1943/1123
f 1336/2287/1336 1312/2246/1312 1122/1942/1122
f 1395/2398/1395 1338/2397/1338 1471/2540/1471
f 1312/2246/1312 1472/2541/1472 849/1490/849
f 1375/2355/1375 1376/2358/1376 1473/2542/1473
f 1474/2543/1474 1344/2300/1344 1345/2544/1345
f 1316/2258/1316 1317/2260/1317 1475/2545/1475
f 1215/2104/1215 1346/2401/1346 1398/2502/1398
f 1348/2308/1348 1054/1829/1054 1220/2111/1220
f 1376/2358/1376 1192/2105/1192 1476/2546/1476
f 1477/2547/1477 1220/2111/1220 1056/2110/1056
f 1454/2548/1454 1350/2549/1350 1401/2550/1401
f 1378/2360/1378 1402/2412/1402 1379/2363/1379
f 1427/2460/1427 1454/2505/1454 1403/2463/1403
f 1454/2548/1454 1404/2415/1404 1403/2414/1403
f 1478/2551/1478 1455/2506/1455 1353/2314/1353
f 1324/2552/1324 1297/2223/1297 1479/2553/1479
f 1480/2554/1480 1322/2265/1322 1323/2266/1323
f 1260/2172/1260 1227/2118/1227 1481/2555/1481
f 1228/2428/1228 1410/2429/1410 1432/2556/1432
f 1262/2174/1262 1433/2469/1433 1354/2316/1354
f 1264/2178/1264 1482/2557/1482 1265/2179/1265
f 1230/2121/1230 1386/2375/1386 1457/2515/1457
f 960/1689/960 1483/2558/1483 1299/2229/1299
f 960/1689/960 1201/2078/1201 1483/2558/1483
f 1328/2325/1328 1457/2559/1457 1435/2517/1435
f 1327/2274/1327 1484/2560/1484 1458/2561/1458
f 1108/1922/1108 1112/1929/1112 1459/2519/1459
f 1073/1856/1073 1417/2444/1417 1438/2478/1438
f 1274/2192/1274 1241/2138/1241 1485/2562/1485
f 1464/2529/1464 1418/2445/1418 1272/2189/1272
f 865/1986/865 1153/1985/1153 1443/2484/1443
f 1389/2384/1389 1466/2534/1466 1486/2563/1486
f 1367/2383/1367 1487/2564/1487 1466/2534/1466
f 1389/2384/1389 1370/2348/1370 1276/2195/1276
f 1279/2199/1279 1119/1937/1119 1488/2565/1488
f 1489/2566/1489 1490/2567/1490 1491/2568/1491
f 1186/2048/1186 1307/2569/1307 1081/1869/1081
f 1390/2386/1390 1488/2565/1488 1119/1937/1119
f 1492/2570/1492 1392/2388/1392 1469/2538/1469
f 1248/2149/1248 1469/2538/1469 1392/2388/1392
f 1445/2536/1445 1470/2539/1470 1422/2450/1422
f 1447/2488/1447 1493/2571/1493 1207/2349/1207
f 1207/2091/1207 1493/2572/1493 1247/2148/1247
f 1422/2450/1422 1470/2539/1470 1341/2391/1341
f 1371/2350/1371 1494/2573/1494 1336/2351/1336
f 1157/1995/1157 1283/2203/1283 1468/2537/1468
f 1160/2001/1160 1311/2245/1311 1339/2574/1339
f 1338/2397/1338 1424/2575/1424 1471/2540/1471
f 1158/1999/1158 1339/2294/1339 1314/2249/1314
f 1425/2456/1425 1343/2576/1343 1286/2207/1286
f 1314/2249/1314 1495/2577/1495 1217/2159/1217
f 1375/2355/1375 1473/2542/1473 1426/2458/1426
f 1345/2307/1345 1254/2163/1254 1496/2578/1496
f 1398/2406/1398 1497/2579/1497 1192/2105/1192
f 1254/2163/1254 1256/2166/1256 1498/2580/1498
f 1401/2550/1401 1499/2581/1499 1454/2548/1454
f 1056/1833/1056 1351/2312/1351 1477/2582/1477
f 1351/2583/1351 1293/2584/1293 1500/2585/1500
f 1381/2465/1381 1501/2586/1501 1429/2462/1429
f 1320/2263/1320 1502/2587/1502 1353/2314/1353
f 1224/2588/1224 1455/2589/1455 1257/2419/1257
f 1295/2590/1295 1137/2591/1137 1503/2592/1503
f 1321/2593/1321 1504/2594/1504 1505/2595/1505
f 1408/2426/1408 1503/2596/1503 1137/2424/1137
f 1321/2264/1321 1324/2267/1324 1504/2597/1504
f 1297/2223/1297 1430/2466/1430 1479/2553/1479
f 1198/2069/1198 1322/2265/1322 1430/2514/1430
f 1355/2318/1355 1506/2598/1506 1412/2470/1412
f 1299/2229/1299 1483/2558/1483 1507/2599/1507
f 1413/2438/1413 1484/2560/1484 1327/2274/1327
f 1184/2377/1184 1508/2600/1508 1387/2378/1387
f 1435/2601/1435 1509/2602/1509 1270/2603/1270
f 1071/2045/1071 1510/2604/1510 1360/2605/1360
f 1436/2521/1436 1460/2523/1460 1511/2606/1511
f 1071/2045/1071 1115/1932/1115 1510/2604/1510
f 1362/2332/1362 1439/2479/1439 1114/1931/1114
f 1271/2186/1271 1512/2607/1512 1464/2529/1464
f 1242/2532/1242 1330/2336/1330 1465/2530/1465
f 974/1707/974 1419/2533/1419 1366/2342/1366
f 1036/2608/1036 1440/2480/1440 1331/2341/1331
f 1243/2141/1243 1513/2609/1513 1244/2142/1244
f 1420/2448/1420 1487/2610/1487 1367/2343/1367
f 1466/2534/1466 1514/2611/1514 1486/2563/1486
f 1466/2534/1466 1487/2564/1487 1514/2611/1514
f 1487/2564/1487 1515/2612/1515 1514/2611/1514
f 1516/2613/1516 1517/2614/1517 1487/2564/1487
f 1515/2612/1515 1518/2615/1518 1514/2611/1514
f 1487/2564/1487 1517/2614/1517 1515/2612/1515
f 1515/2612/1515 1517/2614/1517 1518/2615/1518
f 1517/2614/1517 1516/2613/1516 1519/2616/1519
f 1332/2385/1332 1520/2617/1520 1280/2200/1280
f 1516/2613/1516 1521/2618/1521 1519/2616/1519
f 1332/2282/1332 1306/2240/1306 1522/2619/1522
f 1521/2620/1521 1523/2621/1523 1519/2622/1519
f 1489/2566/1489 1491/2568/1491 1524/2623/1524
f 1525/2624/1525 1523/2621/1523 1521/2620/1521
f 1525/2624/1525 1526/2625/1526 1523/2621/1523
f 1491/2568/1491 1526/2625/1526 1525/2624/1525
f 1310/2244/1310 1527/2626/1527 1445/2486/1445
f 1187/2049/1187 1528/2627/1528 1309/2243/1309
f 1392/2388/1392 1492/2570/1492 1446/2487/1446
f 1337/2289/1337 1470/2539/1470 1469/2538/1469
f 1371/2350/1371 1446/2487/1446 1494/2573/1494
f 1393/2628/1393 1529/2629/1529 1282/2630/1282
f 1529/2631/1529 1423/2451/1423 1282/2202/1282
f 1089/2453/1089 1530/2632/1530 1424/2454/1424
f 1089/2453/1089 1531/2633/1531 1530/2632/1530
f 1340/2634/1340 1531/2633/1531 1089/2453/1089
f 1424/2575/1424 1532/2635/1532 1471/2540/1471
f 1211/2496/1211 1450/2495/1450 1161/2636/1161
f 849/1490/849 1472/2541/1472 1374/2354/1374
f 1191/2637/1191 1449/2494/1449 1211/2496/1211
f 1213/2638/1213 1533/2639/1533 1191/2640/1191
f 1289/2641/1289 1534/2642/1534 1212/2643/1212
f 1343/2644/1343 1535/2645/1535 1397/2402/1397
f 1316/2258/1316 1536/2646/1536 1289/2306/1289
f 1344/2300/1344 1474/2543/1474 1537/2647/1537
f 1348/2308/1348 1220/2111/1220 1538/2648/1538
f 1376/2358/1376 1476/2546/1476 1473/2542/1473
f 1398/2649/1398 1539/2650/1539 1497/2651/1497
f 1497/2579/1497 1476/2546/1476 1192/2105/1192
f 1256/2166/1256 1377/2359/1377 1498/2580/1498
f 1349/2309/1349 1540/2652/1540 1377/2359/1377
f 1397/2402/1397 1541/2653/1541 1401/2410/1401
f 1318/2261/1318 1542/2654/1542 1400/2408/1400
f 1379/2363/1379 1543/2655/1543 1349/2656/1349
f 1499/2581/1499 1544/2657/1544 1454/2548/1454
f 1428/2461/1428 1501/2586/1501 1379/2363/1379
f 1428/2461/1428 1429/2462/1429 1501/2586/1501
f 1381/2465/1381 1352/2658/1352 1545/2659/1545
f 1294/2418/1294 1405/2420/1405 1352/2658/1352
f 1225/2507/1225 1546/2660/1546 1382/2661/1382
f 1136/1960/1136 1431/2467/1431 1323/2266/1323
f 1260/2172/1260 1481/2555/1481 1547/2662/1547
f 1176/2127/1176 1409/2663/1409 1383/2369/1383
f 953/2317/953 1434/2472/1434 1325/2270/1325
f 1356/2321/1356 1548/2664/1548 1025/1848/1025
f 1548/2664/1548 1268/2665/1268 1025/1848/1025
f 1149/1978/1149 1507/2599/1507 1434/2666/1434
f 1384/2371/1384 1549/2667/1549 1385/2374/1385
f 1457/2668/1457 1386/2669/1386 1550/2670/1550
f 1551/2671/1551 1360/2672/1360 1510/2673/1510
f 1108/1922/1108 1459/2519/1459 1552/2674/1552
f 1437/2520/1437 1462/2675/1462 1459/2519/1459
f 1202/2080/1202 1553/2676/1553 1361/2331/1361
f 1418/2445/1418 1464/2529/1464 1554/2677/1554
f 1418/2445/1418 1554/2677/1554 1363/2333/1363
f 1420/2448/1420 1555/2678/1555 1487/2610/1487
f 1185/2046/1185 1556/2679/1556 1303/2236/1303
f 1185/2046/1185 1278/2198/1278 1556/2679/1556
f 1518/2615/1518 1557/2680/1557 1514/2611/1514
f 1558/2681/1558 1521/2682/1521 1516/2683/1516
f 1517/2614/1517 1519/2616/1519 1518/2615/1518
f 1518/2615/1518 1519/2616/1519 1557/2680/1557
f 1370/2348/1370 1527/2626/1527 1310/2244/1310
f 1525/2624/1525 1524/2623/1524 1491/2568/1491
f 1491/2568/1491 1559/2684/1559 1526/2625/1526
f 1491/2568/1491 1490/2567/1490 1559/2684/1559
f 1284/2292/1284 1560/2685/1560 1285/2293/1285
f 1561/2686/1561 1311/2245/1311 1285/2206/1285
f 1424/2454/1424 1562/2687/1562 1532/2688/1532
f 1373/2353/1373 1396/2400/1396 1563/2689/1563
f 1471/2690/1471 1532/2691/1532 1564/2692/1564
f 1212/2693/1212 1565/2694/1565 1213/2638/1213
f 1213/2638/1213 1565/2694/1565 1533/2639/1533
f 1316/2258/1316 1475/2545/1475 1536/2646/1536
f 1317/2260/1317 1451/2500/1451 1475/2545/1475
f 1220/2695/1220 1566/2696/1566 1538/2697/1538
f 1538/2648/1538 1452/2501/1452 1348/2308/1348
f 1344/2300/1344 1537/2647/1537 1346/2304/1346
f 1476/2698/1476 1567/2699/1567 1473/2700/1473
f 1346/2701/1346 1568/2702/1568 1398/2649/1398
f 1497/2651/1497 1569/2703/1569 1476/2698/1476
f 1254/2163/1254 1498/2580/1498 1496/2578/1496
f 1541/2653/1541 1499/2704/1499 1401/2410/1401
f 1377/2359/1377 1570/2705/1570 1498/2580/1498
f 1377/2359/1377 1540/2652/1540 1570/2705/1570
f 1379/2363/1379 1501/2586/1501 1543/2655/1543
f 1477/2706/1477 1351/2583/1351 1500/2585/1500
f 1544/2657/1544 1404/2415/1404 1454/2548/1454
f 1381/2465/1381 1545/2659/1545 1501/2586/1501
f 1353/2707/1353 1502/2708/1502 1478/2709/1478
f 1405/2420/1405 1257/2419/1257 1455/2589/1455
f 1382/2661/1382 1546/2660/1546 1320/2710/1320
f 1321/2593/1321 1505/2595/1505 1456/2511/1456
f 1407/2512/1407 1408/2426/1408 1226/2425/1226
f 1296/2222/1296 1571/2711/1571 1227/2712/1227
f 1227/2118/1227 1572/2713/1572 1481/2555/1481
f 1323/2266/1323 1573/2714/1573 1480/2554/1480
f 1260/2172/1260 1547/2662/1547 1409/2427/1409
f 1410/2429/1410 1574/2715/1574 1432/2556/1432
f 1355/2318/1355 1575/2716/1575 1506/2598/1506
f 1549/2667/1549 1482/2717/1482 1385/2374/1385
f 1385/2718/1385 1482/2557/1482 1264/2178/1264
f 1268/2182/1268 1576/2719/1576 1184/2044/1184
f 1412/2470/1412 1577/2720/1577 1236/2721/1236
f 1457/2668/1457 1550/2670/1550 1578/2722/1578
f 1457/2668/1457 1578/2722/1578 1435/2601/1435
f 1579/2723/1579 1239/2724/1239 1182/2725/1182
f 1416/2526/1416 1363/2333/1363 1580/2726/1580
f 1241/2138/1241 1465/2727/1465 1485/2562/1485
f 1116/2482/1116 1442/2483/1442 1463/2728/1463
f 1243/2141/1243 1441/2481/1441 1513/2609/1513
f 865/1986/865 1443/2484/1443 1442/2483/1442
f 1036/2729/1036 1303/2730/1303 1440/2731/1440
f 1513/2732/1513 1555/2678/1555 1244/2143/1244
f 1244/2143/1244 1555/2678/1555 1420/2448/1420
f 1279/2199/1279 1581/2733/1581 1443/2484/1443
f 1487/2610/1487 1555/2678/1555 1516/2683/1516
f 1555/2678/1555 1558/2681/1558 1516/2683/1516
f 1389/2384/1389 1486/2563/1486 1370/2348/1370
f 1514/2611/1514 1557/2680/1557 1486/2563/1486
f 1370/2348/1370 1486/2563/1486 1527/2626/1527
f 1521/2620/1521 1558/2734/1558 1525/2624/1525
f 1558/2734/1558 1524/2623/1524 1525/2624/1525
f 1280/2200/1280 1520/2617/1520 1305/2239/1305
f 1332/2385/1332 1522/2735/1522 1520/2617/1520
f 1524/2623/1524 1582/2736/1582 1489/2566/1489
f 1489/2566/1489 1582/2736/1582 1490/2567/1490
f 1523/2621/1523 1583/2737/1583 1519/2622/1519
f 1523/2621/1523 1526/2625/1526 1583/2737/1583
f 1527/2626/1527 1470/2738/1470 1445/2486/1445
f 1120/2050/1120 1467/2535/1467 1584/2739/1584
f 1470/2539/1470 1585/2740/1585 1469/2538/1469
f 1246/2741/1246 1586/2742/1586 1421/2743/1421
f 1448/2490/1448 1085/2492/1085 1587/2744/1587
f 1311/2245/1311 1561/2686/1561 1339/2574/1339
f 1564/2692/1564 1532/2691/1532 1565/2694/1565
f 1472/2745/1472 1588/2746/1588 1374/2747/1374
f 1313/2248/1313 1589/2748/1589 1396/2400/1396
f 1425/2456/1425 1374/2354/1374 1343/2576/1343
f 1343/2576/1343 1374/2354/1374 1590/2749/1590
f 1343/2750/1343 1590/2751/1590 1535/2752/1535
f 1217/2753/1217 1495/2754/1495 1453/2755/1453
f 1537/2647/1537 1568/2756/1568 1346/2304/1346
f 1474/2543/1474 1345/2544/1345 1496/2757/1496
f 1398/2649/1398 1568/2702/1568 1539/2650/1539
f 1477/2758/1477 1566/2696/1566 1220/2695/1220
f 1539/2650/1539 1569/2703/1569 1497/2651/1497
f 1318/2261/1318 1399/2407/1399 1542/2654/1542
f 1292/2504/1292 1591/2759/1591 1380/2364/1380
f 1544/2657/1544 1592/2760/1592 1404/2415/1404
f 1543/2655/1543 1501/2586/1501 1593/2761/1593
f 1500/2585/1500 1293/2584/1293 1592/2760/1592
f 1293/2584/1293 1404/2415/1404 1592/2760/1592
f 1545/2659/1545 1593/2761/1593 1501/2586/1501
f 1222/2365/1222 1380/2364/1380 1594/2762/1594
f 1407/2512/1407 1595/2763/1595 1408/2426/1408
f 1324/2764/1324 1479/2765/1479 1504/2594/1504
f 1235/2320/1235 1575/2716/1575 1355/2318/1355
f 1299/2229/1299 1507/2599/1507 1149/1978/1149
f 1596/2766/1596 1550/2670/1550 1386/2669/1386
f 1578/2722/1578 1509/2602/1509 1435/2601/1435
f 1508/2600/1508 1597/2767/1597 1387/2378/1387
f 1415/2442/1415 1598/2768/1598 1413/2769/1413
f 1329/2279/1329 1599/2770/1599 1362/2332/1362
f 1072/1855/1072 1438/2478/1438 1240/2137/1240
f 1270/2185/1270 1600/2771/1600 1273/2191/1273
f 1111/2772/1111 1601/2773/1601 1460/2523/1460
f 1361/2331/1361 1553/2676/1553 1388/2774/1388
f 1464/2529/1464 1602/2775/1602 1554/2677/1554
f 1583/2737/1583 1557/2776/1557 1519/2622/1519
f 1279/2199/1279 1488/2565/1488 1581/2733/1581
f 1524/2623/1524 1603/2777/1603 1582/2736/1582
f 1559/2684/1559 1583/2737/1583 1526/2625/1526
f 1490/2567/1490 1582/2736/1582 1559/2684/1559
f 1469/2538/1469 1604/2778/1604 1492/2570/1492
f 1492/2570/1492 1494/2573/1494 1446/2487/1446
f 1245/2145/1245 1605/2779/1605 1447/2488/1447
f 1208/2146/1208 1586/2780/1586 1246/2147/1246
f 1208/2781/1208 1606/2782/1606 1586/2742/1586
f 1335/2783/1335 1373/2784/1373 1607/2785/1607
f 1285/2206/1285 1608/2786/1608 1561/2686/1561
f 1424/2454/1424 1530/2632/1530 1562/2687/1562
f 1340/2634/1340 1161/2787/1161 1531/2633/1531
f 1339/2788/1339 1561/2789/1561 1609/2790/1609
f 1565/2694/1565 1532/2691/1532 1533/2639/1533
f 1564/2692/1564 1565/2694/1565 1212/2693/1212
f 1289/2306/1289 1610/2791/1610 1534/2792/1534
f 1536/2646/1536 1610/2791/1610 1289/2306/1289
f 1397/2402/1397 1535/2645/1535 1541/2653/1541
f 1288/2793/1288 1611/2794/1611 1218/2795/1218
f 1255/2165/1255 1400/2408/1400 1612/2796/1612
f 1545/2659/1545 1352/2658/1352 1405/2420/1405
f 1222/2365/1222 1613/2797/1613 1406/2798/1406
f 1406/2509/1406 1614/2799/1614 1225/2507/1225
f 1430/2514/1430 1322/2265/1322 1615/2800/1615
f 1322/2265/1322 1480/2554/1480 1615/2800/1615
f 1323/2266/1323 1431/2467/1431 1573/2714/1573
f 1410/2429/1410 1433/2469/1433 1574/2715/1574
f 1434/2472/1434 1616/2801/1616 1325/2270/1325
f 1181/2802/1181 1579/2723/1579 1182/2725/1182
f 1414/2803/1414 1596/2804/1596 1386/2805/1386
f 1387/2380/1387 1597/2806/1597 1300/2231/1300
f 1510/2604/1510 1115/1932/1115 1463/2528/1463
f 1600/2771/1600 1364/2335/1364 1273/2191/1273
f 1601/2773/1601 1111/2772/1111 1238/2807/1238
f 1441/2481/1441 1617/2808/1617 1513/2609/1513
f 1513/2732/1513 1618/2809/1618 1555/2678/1555
f 1556/2679/1556 1278/2198/1278 1369/2346/1369
f 1558/2734/1558 1603/2777/1603 1524/2623/1524
f 1619/2810/1619 1305/2239/1305 1520/2617/1520
f 1527/2626/1527 1486/2563/1486 1557/2680/1557
f 1527/2626/1527 1557/2680/1557 1620/2811/1620
f 1620/2812/1620 1557/2776/1557 1583/2737/1583
f 1621/2813/1621 1444/2485/1444 1307/2241/1307
f 1391/2814/1391 1120/2050/1120 1584/2739/1584
f 1604/2778/1604 1494/2573/1494 1492/2570/1492
f 1622/2815/1622 1247/2816/1247 1493/2817/1493
f 1606/2782/1606 1208/2781/1208 1468/2818/1468
f 1423/2451/1423 1623/2819/1623 1284/2205/1284
f 1624/2820/1624 1312/2821/1312 1336/2822/1336
f 1623/2823/1623 1560/2824/1560 1284/2825/1284
f 1624/2820/1624 1472/2826/1472 1312/2821/1312
f 1564/2692/1564 1212/2693/1212 1625/2827/1625
f 1534/2828/1534 1625/2829/1625 1212/2830/1212
f 1626/2831/1626 1191/2640/1191 1533/2639/1533
f 1627/2832/1627 1536/2833/1536 1475/2834/1475
f 1452/2501/1452 1628/2835/1628 1101/1910/1101
f 1611/2836/1611 1288/2499/1288 1426/2458/1426
f 1629/2837/1629 1611/2838/1611 1426/2839/1426
f 1539/2650/1539 1568/2702/1568 1569/2703/1569
f 1630/2840/1630 1631/2841/1631 1498/2842/1498
f 1477/2843/1477 1500/2844/1500 1632/2845/1632
f 1498/2842/1498 1570/2846/1570 1630/2840/1630
f 1633/2847/1633 1544/2848/1544 1499/2704/1499
f 1349/2656/1349 1543/2655/1543 1540/2849/1540
f 1540/2849/1540 1543/2655/1543 1634/2850/1634
f 1540/2849/1540 1634/2850/1634 1570/2846/1570
f 1634/2850/1634 1543/2655/1543 1593/2761/1593
f 1630/2840/1630 1570/2846/1570 1634/2850/1634
f 1635/2851/1635 1636/2852/1636 1478/2709/1478
f 1478/2709/1478 1636/2852/1636 1455/2853/1455
f 1595/2763/1595 1407/2512/1407 1456/2511/1456
f 1637/2854/1637 1503/2592/1503 1408/2855/1408
f 1638/2856/1638 1430/2857/1430 1615/2858/1615
f 1639/2859/1639 1480/2860/1480 1573/2861/1573
f 1432/2862/1432 1574/2863/1574 1640/2864/1640
f 1265/2179/1265 1641/2865/1641 1356/2321/1356
f 1548/2866/1548 1356/2867/1356 1641/2868/1641
f 1642/2869/1642 1549/2667/1549 1384/2371/1384
f 1576/2870/1576 1508/2600/1508 1184/2377/1184
f 1236/2721/1236 1643/2871/1643 1181/2802/1181
f 1201/2078/1201 1108/1922/1108 1552/2674/1552
f 1578/2722/1578 1644/2872/1644 1509/2602/1509
f 1438/2873/1438 1417/2874/1417 1645/2875/1645
f 1301/2233/1301 1646/2876/1646 1271/2186/1271
f 1417/2444/1417 1274/2192/1274 1647/2877/1647
f 1646/2876/1646 1512/2607/1512 1271/2186/1271
f 1203/2083/1203 1648/2878/1648 1302/2235/1302
f 1439/2479/1439 1648/2878/1648 1203/2083/1203
f 1617/2808/1617 1618/2879/1618 1513/2609/1513
f 1649/2880/1649 1558/2681/1558 1555/2678/1555
f 1649/2881/1649 1603/2777/1603 1558/2734/1558
f 1369/2346/1369 1305/2239/1305 1619/2810/1619
f 1650/2882/1650 1369/2346/1369 1619/2810/1619
f 1583/2737/1583 1559/2684/1559 1620/2812/1620
f 1527/2883/1527 1585/2740/1585 1470/2539/1470
f 1604/2778/1604 1469/2538/1469 1585/2740/1585
f 1390/2386/1390 1651/2884/1651 1488/2565/1488
f 1605/2779/1605 1493/2571/1493 1447/2488/1447
f 1085/2492/1085 1395/2398/1395 1587/2744/1587
f 1373/2353/1373 1563/2689/1563 1607/2885/1607
f 1395/2398/1395 1471/2540/1471 1652/2886/1652
f 1423/2887/1423 1529/2888/1529 1623/2889/1623
f 1285/2890/1285 1560/2891/1560 1608/2892/1608
f 1564/2893/1564 1653/2894/1653 1654/2895/1654
f 1655/2896/1655 1532/2897/1532 1562/2898/1562
f 1339/2294/1339 1656/2899/1656 1314/2249/1314
f 1564/2893/1564 1625/2900/1625 1653/2894/1653
f 1655/2901/1655 1533/2639/1533 1532/2691/1532
f 1656/2902/1656 1495/2903/1495 1314/2904/1314
f 1374/2747/1374 1588/2746/1588 1590/2751/1590
f 1625/2905/1625 1534/2906/1534 1657/2907/1657
f 1658/2908/1658 1659/2909/1659 1660/2910/1660
f 1658/2908/1658 1610/2911/1610 1659/2909/1659
f 1475/2834/1475 1451/2912/1451 1627/2832/1627
f 1101/1910/1101 1628/2835/1628 1347/2305/1347
f 1535/2645/1535 1661/2913/1661 1541/2653/1541
f 1566/2696/1566 1662/2914/1662 1538/2697/1538
f 1218/2915/1218 1663/2916/1663 1292/2504/1292
f 1292/2504/1292 1663/2916/1663 1591/2759/1591
f 1630/2840/1630 1664/2917/1664 1665/2918/1665
f 1630/2840/1630 1634/2850/1634 1664/2917/1664
f 1665/2919/1665 1664/2920/1664 1635/2851/1635
f 1634/2850/1634 1593/2761/1593 1636/2921/1636
f 1634/2850/1634 1636/2921/1636 1664/2917/1664
f 1593/2761/1593 1545/2659/1545 1636/2921/1636
f 1635/2851/1635 1478/2709/1478 1666/2922/1666
f 1636/2852/1636 1635/2851/1635 1664/2920/1664
f 1545/2659/1545 1405/2420/1405 1636/2921/1636
f 1636/2921/1636 1405/2420/1405 1455/2589/1455
f 1594/2762/1594 1613/2797/1613 1222/2365/1222
f 1225/2507/1225 1614/2799/1614 1546/2660/1546
f 1432/2862/1432 1640/2864/1640 1431/2923/1431
f 1357/2924/1357 1667/2925/1667 1232/2926/1232
f 1576/2927/1576 1268/2665/1268 1548/2664/1548
f 1383/2369/1383 1668/2928/1668 1359/2324/1359
f 1384/2371/1384 1267/2376/1267 1669/2929/1669
f 1643/2871/1643 1579/2723/1579 1181/2802/1181
f 1550/2670/1550 1596/2766/1596 1670/2930/1670
f 1550/2670/1550 1670/2930/1670 1578/2722/1578
f 1458/2931/1458 1671/2932/1671 1414/2803/1414
f 1239/2724/1239 1579/2723/1579 1461/2933/1461
f 1597/2934/1597 1672/2935/1672 1300/2936/1300
f 1462/2937/1462 1673/2938/1673 1459/2939/1459
f 1580/2940/1580 1674/2941/1674 1416/2942/1416
f 1417/2874/1417 1647/2943/1647 1645/2875/1645
f 1274/2192/1274 1485/2562/1485 1647/2877/1647
f 1460/2523/1460 1601/2773/1601 1511/2606/1511
f 1439/2944/1439 1675/2945/1675 1648/2946/1648
f 1464/2529/1464 1512/2607/1512 1602/2775/1602
f 1364/2335/1364 1676/2947/1676 1204/2084/1204
f 1204/2086/1204 1676/2948/1676 1441/2481/1441
f 1618/2809/1618 1649/2880/1649 1555/2678/1555
f 1369/2346/1369 1650/2882/1650 1556/2679/1556
f 1620/2812/1620 1585/2949/1585 1527/2950/1527
f 1559/2684/1559 1677/2951/1677 1620/2812/1620
f 1582/2736/1582 1677/2951/1677 1559/2684/1559
f 1677/2951/1677 1604/2952/1604 1585/2949/1585
f 1390/2386/1390 1335/2489/1335 1651/2884/1651
f 1334/2284/1334 1467/2535/1467 1084/1874/1084
f 1421/2449/1421 1467/2535/1467 1334/2284/1334
f 1606/2782/1606 1678/2953/1678 1586/2742/1586
f 1395/2398/1395 1652/2886/1652 1587/2744/1587
f 1471/2954/1471 1654/2955/1654 1652/2956/1652
f 1471/2690/1471 1564/2692/1564 1654/2957/1654
f 1161/2787/1161 1679/2958/1679 1531/2633/1531
f 1608/2892/1608 1680/2959/1680 1561/2960/1561
f 1561/2789/1561 1680/2961/1680 1609/2790/1609
f 1681/2962/1681 1658/2963/1658 1682/2964/1682
f 1681/2962/1681 1657/2965/1657 1658/2963/1658
f 1657/2966/1657 1610/2911/1610 1658/2908/1658
f 1534/2967/1534 1610/2911/1610 1657/2966/1657
f 1347/2457/1347 1589/2748/1589 1313/2248/1313
f 1536/2833/1536 1627/2832/1627 1659/2909/1659
f 1659/2909/1659 1610/2911/1610 1536/2833/1536
f 1473/2700/1473 1567/2699/1567 1426/2839/1426
f 1537/2647/1537 1474/2543/1474 1683/2968/1683
f 1474/2543/1474 1496/2757/1496 1683/2968/1683
f 1477/2758/1477 1632/2969/1632 1566/2696/1566
f 1400/2970/1400 1684/2971/1684 1612/2972/1612
f 1541/2653/1541 1633/2847/1633 1499/2704/1499
f 1632/2845/1632 1500/2844/1500 1592/2973/1592
f 1633/2974/1633 1592/2975/1592 1544/2976/1544
f 1478/2709/1478 1502/2708/1502 1666/2922/1666
f 1546/2660/1546 1502/2977/1502 1320/2710/1320
f 1408/2426/1408 1595/2763/1595 1685/2978/1685
f 1504/2594/1504 1686/2979/1686 1505/2595/1505
f 1479/2765/1479 1686/2979/1686 1504/2594/1504
f 1430/2857/1430 1638/2856/1638 1479/2765/1479
f 1227/2712/1227 1571/2711/1571 1572/2980/1572
f 1615/2981/1615 1480/2860/1480 1639/2859/1639
f 1431/2982/1431 1640/2983/1640 1687/2984/1687
f 1064/2985/1064 1231/2986/1231 1411/2987/1411
f 1482/2988/1482 1688/2989/1688 1265/2990/1265
f 1670/2930/1670 1644/2872/1644 1578/2722/1578
f 1508/2991/1508 1689/2992/1689 1597/2993/1597
f 1459/2939/1459 1673/2938/1673 1552/2994/1552
f 1579/2723/1579 1690/2995/1690 1461/2933/1461
f 1415/2442/1415 1416/2443/1416 1598/2768/1598
f 1601/2773/1601 1691/2996/1691 1511/2606/1511
f 1554/2677/1554 1580/2726/1580 1363/2333/1363
f 1238/2807/1238 1691/2996/1691 1601/2773/1601
f 1441/2481/1441 1692/2997/1692 1617/2808/1617
f 1603/2777/1603 1693/2998/1693 1582/2736/1582
f 1582/2736/1582 1693/2998/1693 1677/2951/1677
f 1620/2812/1620 1677/2951/1677 1585/2949/1585
f 1187/2049/1187 1444/2485/1444 1528/2627/1528
f 1531/2999/1531 1694/3000/1694 1530/3001/1530
f 1695/3002/1695 1681/3003/1681 1696/3004/1696
f 1695/3002/1695 1657/3005/1657 1681/3003/1681
f 1697/3006/1697 1625/2905/1625 1657/2907/1657
f 1660/3007/1660 1698/3008/1698 1658/3009/1658
f 1658/3009/1658 1698/3008/1698 1682/3010/1682
f 1535/2752/1535 1590/2751/1590 1661/3011/1661
f 1451/2912/1451 1699/3012/1699 1627/2832/1627
f 1538/2697/1538 1662/2914/1662 1452/3013/1452
f 1700/3014/1700 1567/2699/1567 1476/2698/1476
f 1684/2971/1684 1400/2970/1400 1542/3015/1542
f 1631/3016/1631 1496/2757/1496 1498/3017/1498
f 1665/2919/1665 1631/3016/1631 1630/3018/1630
f 1613/2797/1613 1614/3019/1614 1406/2798/1406
f 1595/2763/1595 1456/2511/1456 1701/3020/1701
f 1571/2711/1571 1296/2222/1296 1295/2221/1295
f 1702/3021/1702 1295/2590/1295 1503/2592/1503
f 1703/3022/1703 1573/2714/1573 1431/2467/1431
f 1703/3022/1703 1431/2467/1431 1687/3023/1687
f 1704/3024/1704 1262/3025/1262 1232/3026/1232
f 1705/3027/1705 1411/3028/1411 1231/3029/1231
f 1705/3030/1705 1235/2434/1235 1411/2433/1411
f 1706/3031/1706 1325/2270/1325 1616/2801/1616
f 1707/3032/1707 1577/2720/1577 1412/2470/1412
f 1644/3033/1644 1670/3034/1670 1708/3035/1708
f 1709/3036/1709 1458/2561/1458 1484/2560/1484
f 1710/3037/1710 1510/2604/1510 1463/2528/1463
f 1711/3038/1711 1238/2807/1238 1388/3039/1388
f 1712/3040/1712 1330/2336/1330 1365/2338/1365
f 1713/3041/1713 1554/2677/1554 1602/2775/1602
f 1442/2483/1442 1443/2484/1443 1714/3042/1714
f 1715/3043/1715 1649/2880/1649 1618/2809/1618
f 1186/3044/1186 1621/3045/1621 1307/3046/1307
f 1604/2952/1604 1716/3047/1716 1494/3048/1494
f 1651/2884/1651 1335/2489/1335 1607/3049/1607
f 1624/2820/1624 1336/2822/1336 1494/3050/1494
f 1622/2815/1622 1372/3051/1372 1247/2816/1247
f 1717/3052/1717 1608/2892/1608 1560/2891/1560
f 1623/2823/1623 1696/3053/1696 1560/2824/1560
f 1718/3054/1718 1680/2959/1680 1608/2892/1608
f 1696/3053/1696 1681/2962/1681 1560/2824/1560
f 1717/3055/1717 1560/2824/1560 1681/2962/1681
f 1681/2962/1681 1682/2964/1682 1717/3055/1717
f 1655/3056/1655 1626/3057/1626 1533/3058/1533
f 1719/3059/1719 1399/3060/1399 1453/3061/1453
f 1426/2839/1426 1567/2699/1567 1720/3062/1720
f 1720/3062/1720 1567/2699/1567 1700/3014/1700
f 1568/2756/1568 1537/2647/1537 1683/2968/1683
f 1721/3063/1721 1613/2797/1613 1594/2762/1594
f 1456/2511/1456 1505/2595/1505 1701/3020/1701
f 1295/2590/1295 1702/3021/1702 1571/3064/1571
f 1479/2765/1479 1638/2856/1638 1686/2979/1686
f 1640/2864/1640 1574/2863/1574 1722/3065/1722
f 1573/3066/1573 1723/3067/1723 1639/3068/1639
f 1265/2990/1265 1688/2989/1688 1641/3069/1641
f 1357/3070/1357 1360/2672/1360 1724/3071/1724
f 1707/3072/1707 1725/3073/1725 1577/3074/1577
f 1577/2720/1577 1643/2871/1643 1236/2721/1236
f 1507/3075/1507 1483/3076/1483 1726/3077/1726
f 1413/2438/1413 1727/3078/1727 1484/2560/1484
f 1670/3079/1670 1596/3080/1596 1728/3081/1728
f 1729/3082/1729 1509/2602/1509 1644/2872/1644
f 1690/3083/1690 1329/2279/1329 1461/2524/1461
f 1690/3083/1690 1599/2770/1599 1329/2279/1329
f 1359/3084/1359 1730/3085/1730 1301/2233/1301
f 1676/2947/1676 1364/2335/1364 1600/2771/1600
f 1463/2728/1463 1442/2483/1442 1731/3086/1731
f 1330/2336/1330 1712/3040/1712 1465/2530/1465
f 1649/2881/1649 1693/2998/1693 1603/2777/1603
f 1650/3087/1650 1732/3088/1732 1556/3089/1556
f 1621/3045/1621 1733/3090/1733 1444/3091/1444
f 1245/2145/1245 1309/2243/1309 1605/2779/1605
f 1734/3092/1734 1652/3093/1652 1654/3094/1654
f 1623/2823/1623 1735/3095/1735 1696/3053/1696
f 1736/3096/1736 1695/3002/1695 1696/3004/1696
f 1589/2748/1589 1737/3097/1737 1396/2400/1396
f 1697/3006/1697 1653/3098/1653 1625/2905/1625
f 1589/2748/1589 1347/2457/1347 1738/3099/1738
f 1590/2751/1590 1739/3100/1739 1661/3011/1661
f 1628/3101/1628 1738/3102/1738 1347/3103/1347
f 1255/3104/1255 1612/3105/1612 1451/3106/1451
f 1218/2915/1218 1611/2838/1611 1663/2916/1663
f 1408/2855/1408 1685/3107/1685 1637/2854/1637
f 1638/2856/1638 1615/2858/1615 1740/3108/1740
f 1639/2859/1639 1740/3109/1740 1615/2981/1615
f 1433/3110/1433 1722/3065/1722 1574/2863/1574
f 1573/3066/1573 1703/3111/1703 1723/3067/1723
f 1177/2271/1177 1325/2270/1325 1706/3031/1706
f 1507/3075/1507 1726/3077/1726 1434/3112/1434
f 1549/2667/1549 1741/3113/1741 1482/2717/1482
f 1483/3076/1483 1742/3114/1742 1726/3077/1726
f 1644/3033/1644 1708/3035/1708 1729/3115/1729
f 1509/2602/1509 1729/3082/1729 1743/3116/1743
f 1671/2932/1671 1596/2804/1596 1414/2803/1414
f 1510/2673/1510 1710/3117/1710 1551/2671/1551
f 1267/3118/1267 1436/3119/1436 1744/3120/1744
f 1438/2873/1438 1645/2875/1645 1745/3121/1745
f 1275/2339/1275 1440/2480/1440 1365/2338/1365
f 1037/1802/1037 1746/3122/1746 1078/1866/1078
f 1078/1866/1078 1747/3123/1747 1206/2089/1206
f 1444/3124/1444 1733/3125/1733 1528/3126/1528
f 1748/3127/1748 1393/3128/1393 1372/3129/1372
f 1448/3130/1448 1587/3131/1587 1749/3132/1749
f 1529/2888/1529 1735/3133/1735 1623/2889/1623
f 1717/3052/1717 1750/3134/1750 1608/2892/1608
f 1530/3001/1530 1694/3000/1694 1562/2898/1562
f 1717/3055/1717 1751/3135/1751 1750/3136/1750
f 1735/3137/1735 1752/3138/1752 1696/3139/1696
f 1696/3004/1696 1752/3140/1752 1736/3096/1736
f 1531/2999/1531 1679/3141/1679 1753/3142/1753
f 1695/3143/1695 1697/3006/1697 1657/2907/1657
f 1609/2790/1609 1754/3144/1754 1339/2788/1339
f 1717/3055/1717 1755/3145/1755 1751/3135/1751
f 1680/2961/1680 1756/3146/1756 1609/2790/1609
f 1717/3055/1717 1682/2964/1682 1755/3145/1755
f 1396/2400/1396 1737/3097/1737 1563/2689/1563
f 1698/3147/1698 1755/3145/1755 1682/2964/1682
f 1660/3007/1660 1757/3148/1757 1698/3008/1698
f 1660/3149/1660 1758/3150/1758 1757/3151/1757
f 1626/3152/1626 1449/3153/1449 1191/3154/1191
f 1627/2832/1627 1699/3012/1699 1759/3155/1759
f 1566/2696/1566 1760/3156/1760 1662/2914/1662
f 1541/2653/1541 1661/2913/1661 1633/2847/1633
f 1566/2696/1566 1632/2969/1632 1760/3156/1760
f 1426/2839/1426 1720/3062/1720 1629/2837/1629
f 1399/3157/1399 1761/3158/1761 1542/3015/1542
f 1633/2847/1633 1762/3159/1762 1592/3160/1592
f 1635/2851/1635 1666/2922/1666 1665/2919/1665
f 1546/2660/1546 1763/3161/1763 1502/2977/1502
f 1638/2856/1638 1764/3162/1764 1686/2979/1686
f 1262/3025/1262 1704/3024/1704 1433/3163/1433
f 1177/2271/1177 1706/3031/1706 1231/3164/1231
f 1383/2369/1383 1409/2663/1409 1668/2928/1668
f 1412/2470/1412 1506/2598/1506 1707/3032/1707
f 1765/3165/1765 1688/2989/1688 1482/2988/1482
f 1741/3113/1741 1765/3166/1765 1482/2717/1482
f 1384/2371/1384 1766/3167/1766 1642/2869/1642
f 1642/2869/1642 1767/3168/1767 1549/2667/1549
f 1384/2371/1384 1669/2929/1669 1766/3167/1766
f 1201/3169/1201 1768/3170/1768 1483/3076/1483
f 1201/3169/1201 1552/2994/1552 1768/3170/1768
f 1769/3171/1769 1597/2993/1597 1689/2992/1689
f 1597/2993/1597 1770/3172/1770 1672/3173/1672
f 1462/3174/1462 1240/3175/1240 1771/3176/1771
f 1463/3177/1463 1731/3178/1731 1710/3179/1710
f 1362/2332/1362 1772/3180/1772 1439/2479/1439
f 1485/3181/1485 1773/3182/1773 1647/2943/1647
f 1554/3183/1554 1774/3184/1774 1580/2940/1580
f 1512/2607/1512 1775/3185/1775 1602/2775/1602
f 1713/3186/1713 1774/3184/1774 1554/3183/1554
f 1388/2774/1388 1553/2676/1553 1711/3187/1711
f 1676/2948/1676 1692/2997/1692 1441/2481/1441
f 1419/3188/1419 1776/3189/1776 1366/3190/1366
f 1649/2881/1649 1715/3191/1715 1693/2998/1693
f 1581/2733/1581 1488/2565/1488 1777/3192/1777
f 1391/3193/1391 1584/3194/1584 1778/3195/1778
f 1716/3196/1716 1624/2820/1624 1494/3050/1494
f 1622/3197/1622 1748/3127/1748 1372/3129/1372
f 1734/3092/1734 1749/3132/1749 1652/3093/1652
f 1749/3132/1749 1587/3131/1587 1652/3093/1652
f 1750/3136/1750 1751/3135/1751 1752/3198/1752
f 1779/3199/1779 1736/3096/1736 1752/3140/1752
f 1780/3200/1780 1695/3002/1695 1736/3096/1736
f 1781/3201/1781 1734/3202/1734 1782/3203/1782
f 1734/3202/1734 1654/2895/1654 1782/3203/1782
f 1695/3143/1695 1780/3204/1780 1783/3205/1783
f 1784/3206/1784 1655/2896/1655 1562/2898/1562
f 1785/3207/1785 1718/3054/1718 1608/2892/1608
f 1695/3143/1695 1783/3205/1783 1697/3006/1697
f 1784/3206/1784 1786/3208/1786 1655/2896/1655
f 1718/3209/1718 1756/3146/1756 1680/2961/1680
f 1783/3205/1783 1787/3210/1787 1697/3006/1697
f 1786/3211/1786 1788/3212/1788 1655/3213/1655
f 1787/3214/1787 1782/3203/1782 1653/2894/1653
f 1782/3203/1782 1654/2895/1654 1653/2894/1653
f 1697/3006/1697 1787/3210/1787 1653/3098/1653
f 1789/3215/1789 1755/3145/1755 1698/3147/1698
f 1788/3216/1788 1626/3217/1626 1655/3218/1655
f 1758/3219/1758 1660/2910/1660 1659/2909/1659
f 1659/2909/1659 1627/2832/1627 1758/3219/1758
f 1758/3219/1758 1627/2832/1627 1759/3155/1759
f 1719/3059/1719 1453/3061/1453 1495/3220/1495
f 1790/3221/1790 1662/2914/1662 1760/3156/1760
f 1790/3221/1790 1452/3013/1452 1662/2914/1662
f 1629/2837/1629 1791/3222/1791 1611/2838/1611
f 1496/2757/1496 1792/3223/1792 1683/2968/1683
f 1791/3222/1791 1663/2916/1663 1611/2838/1611
f 1792/3224/1792 1569/3225/1569 1568/3226/1568
f 1793/3227/1793 1631/3016/1631 1665/2919/1665
f 1665/2919/1665 1666/2922/1666 1793/3227/1793
f 1594/2762/1594 1380/2364/1380 1591/2759/1591
f 1701/3020/1701 1505/2595/1505 1794/3228/1794
f 1505/2595/1505 1686/2979/1686 1794/3228/1794
f 1687/3229/1687 1640/2864/1640 1722/3065/1722
f 1795/3230/1795 1703/3231/1703 1687/3232/1687
f 1795/3233/1795 1796/3234/1796 1703/3235/1703
f 1797/3236/1797 1639/3068/1639 1723/3067/1723
f 1705/3027/1705 1798/3237/1798 1235/3238/1235
f 1724/3239/1724 1667/3240/1667 1357/3241/1357
f 1741/3113/1741 1549/2667/1549 1767/3168/1767
f 1689/2992/1689 1508/2991/1508 1576/3242/1576
f 1709/3243/1709 1484/3244/1484 1727/3245/1727
f 1799/3246/1799 1727/3078/1727 1413/2438/1413
f 1799/3247/1799 1413/3248/1413 1598/3249/1598
f 1743/3116/1743 1270/2603/1270 1509/2602/1509
f 1485/3181/1485 1465/3250/1465 1773/3182/1773
f 1692/2997/1692 1800/3251/1800 1617/2808/1617
f 1732/3088/1732 1650/3087/1650 1801/3252/1801
f 1734/3092/1734 1802/3253/1802 1749/3132/1749
f 1803/3254/1803 1734/3255/1734 1781/3256/1781
f 1780/3200/1780 1736/3096/1736 1804/3257/1804
f 1803/3254/1803 1780/3204/1780 1804/3258/1804
f 1803/3254/1803 1781/3256/1781 1780/3204/1780
f 1781/3256/1781 1783/3205/1783 1780/3204/1780
f 1694/3000/1694 1784/3206/1784 1562/2898/1562
f 1805/3259/1805 1472/2826/1472 1624/2820/1624
f 1751/3260/1751 1779/3199/1779 1752/3140/1752
f 1806/3261/1806 1807/3262/1807 1808/3263/1808
f 1781/3264/1781 1809/3265/1809 1783/3266/1783
f 1784/3206/1784 1810/3267/1810 1809/3268/1809
f 1784/3206/1784 1809/3268/1809 1786/3208/1786
f 1609/2790/1609 1756/3146/1756 1754/3144/1754
f 1809/3265/1809 1781/3264/1781 1782/3269/1782
f 1807/3262/1807 1811/3270/1811 1808/3263/1808
f 1808/3263/1808 1787/3271/1787 1783/3266/1783
f 1782/3272/1782 1786/3211/1786 1809/3273/1809
f 1808/3263/1808 1812/3274/1812 1787/3271/1787
f 1787/3271/1787 1812/3274/1812 1782/3275/1782
f 1812/3276/1812 1786/3211/1786 1782/3272/1782
f 1751/3260/1751 1789/3277/1789 1779/3199/1779
f 1808/3263/1808 1813/3278/1813 1812/3274/1812
f 1786/3211/1786 1812/3276/1812 1788/3212/1788
f 1679/3141/1679 1161/3279/1161 1450/3280/1450
f 1755/3145/1755 1789/3215/1789 1751/3135/1751
f 1812/3276/1812 1813/3281/1813 1788/3212/1788
f 1698/3008/1698 1814/3282/1814 1789/3283/1789
f 1698/3008/1698 1757/3148/1757 1814/3282/1814
f 1815/3284/1815 1760/3156/1760 1816/3285/1816
f 1816/3285/1816 1760/3156/1760 1632/2969/1632
f 1816/3285/1816 1632/2969/1632 1592/3286/1592
f 1816/3285/1816 1592/3286/1592 1762/3287/1762
f 1719/3059/1719 1761/3288/1761 1399/3060/1399
f 1568/2756/1568 1683/2968/1683 1792/3223/1792
f 1569/3225/1569 1792/3224/1792 1700/3289/1700
f 1666/3290/1666 1763/3161/1763 1817/3291/1817
f 1666/3290/1666 1502/2977/1502 1763/3161/1763
f 1503/2592/1503 1637/2854/1637 1702/3021/1702
f 1796/3292/1796 1723/3067/1723 1703/3111/1703
f 1724/3071/1724 1360/2672/1360 1818/3293/1818
f 1766/3167/1766 1767/3168/1767 1642/2869/1642
f 1668/2928/1668 1730/3294/1730 1359/2324/1359
f 1726/3077/1726 1742/3114/1742 1819/3295/1819
f 1708/3035/1708 1670/3034/1670 1820/3296/1820
f 1821/3297/1821 1729/3115/1729 1708/3035/1708
f 1670/3079/1670 1728/3081/1728 1820/3298/1820
f 1820/3298/1820 1728/3081/1728 1822/3299/1822
f 1823/3300/1823 1743/3301/1743 1729/3302/1729
f 1824/3303/1824 1270/3304/1270 1743/3301/1743
f 1598/3249/1598 1416/2942/1416 1674/2941/1674
f 1824/3305/1824 1600/2771/1600 1270/2185/1270
f 1599/2770/1599 1772/3180/1772 1362/2332/1362
f 1744/3120/1744 1436/3119/1436 1825/3306/1825
f 1826/3307/1826 1676/2947/1676 1600/2771/1600
f 1436/2521/1436 1511/2606/1511 1827/3308/1827
f 1646/2876/1646 1775/3185/1775 1512/2607/1512
f 1302/3309/1302 1776/3310/1776 1419/3311/1419
f 1775/3312/1775 1828/3313/1828 1602/3314/1602
f 1440/2480/1440 1303/3315/1303 1829/3316/1829
f 1617/2808/1617 1800/3251/1800 1618/2879/1618
f 1800/3251/1800 1715/3317/1715 1618/2879/1618
f 1443/2484/1443 1581/2733/1581 1830/3318/1830
f 1619/3319/1619 1801/3252/1801 1650/3087/1650
f 1831/3320/1831 1832/3321/1832 1206/3322/1206
f 1619/2810/1619 1520/2617/1520 1833/3323/1833
f 1206/2144/1206 1832/3324/1832 1186/2048/1186
f 1308/2242/1308 1834/3325/1834 1333/2283/1333
f 1677/2951/1677 1716/3047/1716 1604/2952/1604
f 1421/2743/1421 1586/2742/1586 1835/3326/1835
f 1468/2818/1468 1283/3327/1283 1836/3328/1836
f 1448/3130/1448 1749/3132/1749 1283/3329/1283
f 1529/3330/1529 1393/3128/1393 1837/3331/1837
f 1529/3332/1529 1837/3333/1837 1735/3137/1735
f 1837/3333/1837 1803/3334/1803 1838/3335/1838
f 1837/3333/1837 1838/3335/1838 1735/3137/1735
f 1804/3258/1804 1838/3336/1838 1803/3254/1803
f 1735/3137/1735 1839/3337/1839 1752/3138/1752
f 1752/3138/1752 1839/3337/1839 1750/3338/1750
f 1838/3335/1838 1839/3337/1839 1735/3137/1735
f 1838/3335/1838 1804/3339/1804 1839/3337/1839
f 1750/3134/1750 1785/3207/1785 1608/2892/1608
f 1779/3199/1779 1807/3340/1807 1736/3096/1736
f 1736/3096/1736 1807/3340/1807 1804/3257/1804
f 1808/3263/1808 1809/3265/1809 1840/3341/1840
f 1806/3261/1806 1840/3341/1840 1804/3342/1804
f 1806/3261/1806 1808/3263/1808 1840/3341/1840
f 1784/3206/1784 1694/3000/1694 1810/3267/1810
f 1806/3261/1806 1804/3342/1804 1807/3262/1807
f 1783/3266/1783 1809/3265/1809 1808/3263/1808
f 1756/3146/1756 1718/3209/1718 1841/3343/1841
f 1789/3277/1789 1811/3344/1811 1779/3199/1779
f 1779/3199/1779 1811/3344/1811 1807/3340/1807
f 1811/3270/1811 1813/3278/1813 1808/3263/1808
f 1789/3283/1789 1814/3282/1814 1842/3345/1842
f 1811/3344/1811 1789/3277/1789 1842/3346/1842
f 1757/3347/1757 1758/3219/1758 1814/3348/1814
f 1590/2751/1590 1588/2746/1588 1739/3100/1739
f 1843/3349/1843 1844/3350/1844 1495/3220/1495
f 1495/3220/1495 1844/3350/1844 1719/3059/1719
f 1699/3351/1699 1451/3352/1451 1845/3353/1845
f 1661/2913/1661 1762/3159/1762 1633/2847/1633
f 1719/3059/1719 1846/3354/1846 1761/3288/1761
f 1612/2972/1612 1684/2971/1684 1847/3355/1847
f 1542/3015/1542 1761/3158/1761 1684/2971/1684
f 1569/2703/1569 1700/3014/1700 1476/2698/1476
f 1496/2757/1496 1631/3016/1631 1848/3356/1848
f 1631/3016/1631 1793/3227/1793 1848/3356/1848
f 1591/2759/1591 1849/3357/1849 1594/2762/1594
f 1614/2799/1614 1850/3358/1850 1546/2660/1546
f 1701/3020/1701 1851/3359/1851 1595/2763/1595
f 1685/3107/1685 1852/3360/1852 1637/2854/1637
f 1686/2979/1686 1764/3162/1764 1794/3228/1794
f 1481/3361/1481 1572/2980/1572 1853/3362/1853
f 1638/2856/1638 1740/3108/1740 1764/3162/1764
f 1639/3068/1639 1797/3236/1797 1854/3363/1854
f 1409/3364/1409 1855/3365/1855 1668/3366/1668
f 1669/2929/1669 1856/3367/1856 1766/3167/1766
f 1821/3297/1821 1708/3035/1708 1857/3368/1857
f 1669/2929/1669 1267/2376/1267 1858/3369/1858
f 1579/2723/1579 1859/3370/1859 1690/2995/1690
f 1822/3299/1822 1823/3300/1823 1820/3298/1820
f 1267/2376/1267 1744/3371/1744 1858/3369/1858
f 1769/3171/1769 1770/3172/1770 1597/2993/1597
f 1744/3371/1744 1860/3372/1860 1858/3369/1858
f 1770/3373/1770 1861/3374/1861 1672/3375/1672
f 1744/3120/1744 1862/3376/1862 1860/3377/1860
f 1825/3306/1825 1862/3376/1862 1744/3120/1744
f 1862/3376/1862 1825/3306/1825 1863/3378/1863
f 1730/3085/1730 1646/2876/1646 1301/2233/1301
f 1731/3086/1731 1442/2483/1442 1714/3042/1714
f 1302/3309/1302 1648/2946/1648 1776/3310/1776
f 1202/2080/1202 1864/3379/1864 1553/2676/1553
f 1238/2807/1238 1865/3380/1865 1691/2996/1691
f 1711/3038/1711 1865/3380/1865 1238/2807/1238
f 1028/2079/1028 1866/3381/1866 1202/2080/1202
f 1300/2231/1300 1866/3382/1866 1028/2232/1028
f 1746/3383/1746 1747/3384/1747 1078/3385/1078
f 1206/3322/1206 1747/3386/1747 1831/3320/1831
f 1520/3387/1520 1867/3388/1867 1833/3389/1833
f 1522/2735/1522 1867/3390/1867 1520/2617/1520
f 1186/3044/1186 1832/3391/1832 1621/3045/1621
f 1488/2565/1488 1651/2884/1651 1777/3192/1777
f 1835/3326/1835 1467/3392/1467 1421/2743/1421
f 1804/3339/1804 1840/3393/1840 1839/3337/1839
f 1809/3265/1809 1810/3394/1810 1840/3341/1840
f 1531/2999/1531 1868/3395/1868 1694/3000/1694
f 1531/2999/1531 1753/3142/1753 1868/3395/1868
f 1656/3396/1656 1339/2788/1339 1754/3144/1754
f 1472/2745/1472 1805/3397/1805 1588/2746/1588
f 1842/3345/1842 1869/3398/1869 1811/3399/1811
f 1758/3219/1758 1759/3155/1759 1814/3348/1814
f 1451/3352/1451 1612/2972/1612 1845/3353/1845
f 1870/3400/1870 1846/3354/1846 1719/3059/1719
f 1612/2972/1612 1847/3355/1847 1845/3353/1845
f 1721/3063/1721 1614/3019/1614 1613/2797/1613
f 1637/2854/1637 1852/3360/1852 1702/3021/1702
f 1433/3110/1433 1704/3401/1704 1722/3065/1722
f 1639/3068/1639 1854/3363/1854 1740/3402/1740
f 1641/3069/1641 1688/2989/1688 1871/3403/1871
f 1235/3404/1235 1798/3405/1798 1575/3406/1575
f 1506/3407/1506 1872/3408/1872 1707/3072/1707
f 1575/3406/1575 1873/3409/1873 1506/3407/1506
f 1506/3407/1506 1873/3409/1873 1872/3408/1872
f 1766/3167/1766 1856/3367/1856 1767/3168/1767
f 1708/3035/1708 1820/3296/1820 1857/3368/1857
f 1856/3367/1856 1669/2929/1669 1858/3369/1858
f 1643/2871/1643 1859/3370/1859 1579/2723/1579
f 1729/3302/1729 1820/3298/1820 1823/3300/1823
f 1874/3410/1874 1875/3411/1875 1862/3376/1862
f 1598/3249/1598 1674/2941/1674 1876/3412/1876
f 1863/3378/1863 1874/3410/1874 1862/3376/1862
f 1600/3413/1600 1824/3414/1824 1826/3415/1826
f 1647/2943/1647 1773/3182/1773 1877/3416/1877
f 1580/2940/1580 1878/3417/1878 1674/2941/1674
f 1440/2480/1440 1879/3418/1879 1365/2338/1365
f 1553/3419/1553 1864/3420/1864 1711/3038/1711
f 1300/2936/1300 1880/3421/1880 1866/3422/1866
f 1829/3316/1829 1303/3315/1303 1881/3423/1881
f 1366/3424/1366 1882/3425/1882 1368/3426/1368
f 1556/2679/1556 1732/3427/1732 1303/2236/1303
f 1619/3319/1619 1833/3389/1833 1801/3252/1801
f 1309/3428/1309 1528/3429/1528 1883/3430/1883
f 1391/2387/1391 1778/3431/1778 1308/2242/1308
f 1283/3327/1283 1884/3432/1884 1836/3328/1836
f 1837/3331/1837 1885/3433/1885 1803/3434/1803
f 1839/3337/1839 1840/3393/1840 1886/3435/1886
f 1753/3142/1753 1679/3141/1679 1887/3436/1887
f 1788/3212/1788 1888/3437/1888 1626/3438/1626
f 1811/3439/1811 1869/3440/1869 1813/3441/1813
f 1813/3442/1813 1869/3443/1869 1888/3444/1888
f 1813/3281/1813 1888/3437/1888 1788/3212/1788
f 1626/3152/1626 1888/3445/1888 1449/3153/1449
f 1759/3155/1759 1889/3446/1889 1814/3348/1814
f 1889/3447/1889 1842/3345/1842 1814/3282/1814
f 1842/3345/1842 1889/3447/1889 1869/3398/1869
f 1699/3012/1699 1845/3448/1845 1759/3155/1759
f 1739/3100/1739 1890/3449/1890 1661/3011/1661
f 1844/3350/1844 1870/3400/1870 1719/3059/1719
f 1890/3449/1890 1762/3450/1762 1661/3011/1661
f 1815/3284/1815 1816/3285/1816 1891/3451/1891
f 1762/3287/1762 1891/3451/1891 1816/3285/1816
f 1846/3452/1846 1892/3453/1892 1761/3158/1761
f 1761/3158/1761 1892/3453/1892 1684/2971/1684
f 1892/3453/1892 1847/3355/1847 1684/2971/1684
f 1720/3062/1720 1893/3454/1893 1629/2837/1629
f 1496/2757/1496 1848/3356/1848 1792/3223/1792
f 1663/2916/1663 1791/3222/1791 1591/2759/1591
f 1666/2922/1666 1817/3455/1817 1793/3227/1793
f 1849/3357/1849 1721/3063/1721 1594/2762/1594
f 1546/2660/1546 1850/3358/1850 1763/3161/1763
f 1701/3020/1701 1894/3456/1894 1851/3359/1851
f 1794/3228/1794 1894/3456/1894 1701/3020/1701
f 1547/3457/1547 1855/3365/1855 1409/3364/1409
f 1723/3067/1723 1796/3292/1796 1797/3236/1797
f 1706/3031/1706 1895/3458/1895 1231/3164/1231
f 1360/2672/1360 1551/2671/1551 1818/3293/1818
f 1729/3115/1729 1821/3297/1821 1896/3459/1896
f 1858/3369/1858 1897/3460/1897 1856/3367/1856
f 1858/3369/1858 1860/3372/1860 1897/3460/1897
f 1875/3411/1875 1860/3377/1860 1862/3376/1862
f 1823/3300/1823 1822/3299/1822 1743/3301/1743
f 1598/3249/1598 1876/3412/1876 1799/3247/1799
f 1743/3301/1743 1822/3299/1822 1824/3303/1824
f 1462/2937/1462 1898/3461/1898 1673/2938/1673
f 1874/3462/1874 1863/3463/1863 1899/3464/1899
f 1462/3174/1462 1771/3176/1771 1898/3465/1898
f 1240/3175/1240 1745/3121/1745 1771/3176/1771
f 1438/2873/1438 1745/3121/1745 1240/3175/1240
f 1436/3119/1436 1827/3466/1827 1825/3306/1825
f 1647/2943/1647 1877/3416/1877 1645/2875/1645
f 1646/3467/1646 1900/3468/1900 1775/3312/1775
f 1826/3307/1826 1901/3469/1901 1676/2947/1676
f 1774/3184/1774 1878/3417/1878 1580/2940/1580
f 1365/2338/1365 1879/3418/1879 1712/3040/1712
f 1713/3470/1713 1902/3471/1902 1774/3472/1774
f 1443/2484/1443 1830/3318/1830 1714/3042/1714
f 1368/2345/1368 1746/3122/1746 1037/1802/1037
f 1306/2240/1306 1333/2283/1333 1834/3325/1834
f 1493/3473/1493 1605/3474/1605 1903/3475/1903
f 1493/3473/1493 1903/3475/1903 1622/3476/1622
f 1803/3477/1803 1802/3478/1802 1734/3479/1734
f 1750/3134/1750 1886/3480/1886 1785/3207/1785
f 1750/3338/1750 1839/3337/1839 1886/3435/1886
f 1785/3207/1785 1841/3481/1841 1718/3054/1718
f 1656/3482/1656 1843/3349/1843 1495/3220/1495
f 1589/2748/1589 1904/3483/1904 1737/3097/1737
f 1589/3484/1589 1738/3485/1738 1904/3486/1904
f 1759/3155/1759 1845/3448/1845 1905/3487/1905
f 1845/3448/1845 1906/3488/1906 1905/3487/1905
f 1890/3489/1890 1891/3451/1891 1762/3287/1762
f 1760/3156/1760 1907/3490/1907 1790/3221/1790
f 1452/3013/1452 1790/3221/1790 1628/3101/1628
f 1629/2837/1629 1893/3454/1893 1791/3222/1791
f 1791/3222/1791 1849/3357/1849 1591/2759/1591
f 1721/3063/1721 1908/3491/1908 1614/3019/1614
f 1595/2763/1595 1851/3359/1851 1685/2978/1685
f 1571/2711/1571 1853/3362/1853 1572/2980/1572
f 1794/3228/1794 1764/3162/1764 1909/3492/1909
f 1764/3162/1764 1910/3493/1910 1909/3492/1909
f 1764/3162/1764 1740/3108/1740 1910/3493/1910
f 1740/3108/1740 1911/3494/1911 1910/3493/1910
f 1911/3495/1911 1740/3402/1740 1854/3363/1854
f 1797/3236/1797 1796/3292/1796 1854/3363/1854
f 1641/2868/1641 1912/3496/1912 1548/2866/1548
f 1688/2989/1688 1913/3497/1913 1871/3403/1871
f 1914/3498/1914 1576/3499/1576 1548/2866/1548
f 1821/3297/1821 1857/3368/1857 1915/3500/1915
f 1767/3501/1767 1916/3502/1916 1917/3503/1917
f 1767/3168/1767 1856/3367/1856 1916/3504/1916
f 1577/3074/1577 1725/3073/1725 1918/3505/1918
f 1857/3368/1857 1820/3296/1820 1919/3506/1919
f 1729/3115/1729 1920/3507/1920 1820/3508/1820
f 1856/3367/1856 1897/3460/1897 1916/3504/1916
f 1552/2994/1552 1673/2938/1673 1921/3509/1921
f 1874/3510/1874 1922/3511/1922 1875/3512/1875
f 1709/3513/1709 1671/2932/1671 1458/2931/1458
f 1897/3460/1897 1860/3372/1860 1875/3514/1875
f 1673/2938/1673 1898/3461/1898 1921/3509/1921
f 1599/3515/1599 1923/3516/1923 1772/3517/1772
f 1825/3306/1825 1827/3466/1827 1863/3378/1863
f 1439/3518/1439 1772/3517/1772 1675/3519/1675
f 1648/2946/1648 1924/3520/1924 1776/3310/1776
f 1648/2946/1648 1675/2945/1675 1924/3520/1924
f 1676/2948/1676 1901/3521/1901 1692/2997/1692
f 1511/2606/1511 1925/3522/1925 1827/3308/1827
f 1672/2935/1672 1880/3421/1880 1300/2936/1300
f 1602/3314/1602 1828/3313/1828 1713/3523/1713
f 1691/2996/1691 1925/3522/1925 1511/2606/1511
f 1440/2480/1440 1829/3316/1829 1879/3418/1879
f 1711/3038/1711 1926/3524/1926 1865/3380/1865
f 1778/3525/1778 1927/3526/1927 1308/3527/1308
f 1308/3527/1308 1927/3526/1927 1834/3528/1834
f 1584/3194/1584 1928/3529/1928 1778/3195/1778
f 1584/3194/1584 1467/3530/1467 1928/3529/1928
f 1467/3392/1467 1835/3326/1835 1929/3531/1929
f 1930/3532/1930 1903/3475/1903 1605/3474/1605
f 1468/2818/1468 1836/3328/1836 1606/2782/1606
f 1606/2782/1606 1836/3328/1836 1678/2953/1678
f 1749/3132/1749 1802/3253/1802 1884/3533/1884
f 1840/3341/1840 1810/3394/1810 1931/3534/1931
f 1694/3000/1694 1868/3395/1868 1810/3267/1810
f 1754/3144/1754 1843/3535/1843 1656/3396/1656
f 1888/3445/1888 1932/3536/1932 1449/3153/1449
f 1759/3155/1759 1905/3487/1905 1889/3446/1889
f 1870/3400/1870 1933/3537/1933 1846/3354/1846
f 1847/3355/1847 1934/3538/1934 1845/3353/1845
f 1846/3452/1846 1933/3539/1933 1892/3453/1892
f 1720/3062/1720 1700/3014/1700 1893/3454/1893
f 1792/3224/1792 1848/3540/1848 1935/3541/1935
f 1793/3227/1793 1817/3455/1817 1848/3356/1848
f 1848/3540/1848 1817/3291/1817 1936/3542/1936
f 1817/3291/1817 1763/3161/1763 1937/3543/1937
f 1614/2799/1614 1938/3544/1938 1850/3358/1850
f 1911/3545/1911 1854/3546/1854 1939/3547/1939
f 1854/3363/1854 1796/3292/1796 1939/3548/1939
f 1914/3549/1914 1940/3550/1940 1576/3551/1576
f 1940/3550/1940 1941/3552/1941 1576/3551/1576
f 1857/3368/1857 1919/3506/1919 1915/3500/1915
f 1915/3500/1915 1896/3459/1896 1821/3297/1821
f 1668/3366/1668 1942/3553/1942 1730/3554/1730
f 1689/2992/1689 1943/3555/1943 1769/3171/1769
f 1919/3556/1919 1820/3557/1820 1920/3558/1920
f 1729/3115/1729 1896/3459/1896 1920/3507/1920
f 1943/3555/1943 1944/3559/1944 1769/3171/1769
f 1769/3171/1769 1944/3559/1944 1770/3172/1770
f 1690/2995/1690 1859/3370/1859 1945/3560/1945
f 1596/3080/1596 1946/3561/1946 1728/3081/1728
f 1863/3562/1863 1827/3563/1827 1947/3564/1947
f 1674/3565/1674 1878/3566/1878 1948/3567/1948
f 1773/3182/1773 1465/3250/1465 1949/3568/1949
f 1465/2530/1465 1712/3040/1712 1949/3569/1949
f 1866/3422/1866 1950/3570/1950 1202/3571/1202
f 1951/3572/1951 1882/3573/1882 1366/3190/1366
f 1833/3389/1833 1952/3574/1952 1801/3252/1801
f 1777/3192/1777 1953/3575/1953 1581/2733/1581
f 1522/3576/1522 1306/3577/1306 1954/3578/1954
f 1883/3430/1883 1930/3532/1930 1309/3428/1309
f 1309/3428/1309 1930/3532/1930 1605/3474/1605
f 1283/3329/1283 1749/3132/1749 1884/3533/1884
f 1868/3395/1868 1753/3142/1753 1955/3579/1955
f 1841/3481/1841 1785/3207/1785 1956/3580/1956
f 1756/3146/1756 1841/3343/1841 1754/3144/1754
f 1450/3280/1450 1887/3436/1887 1679/3141/1679
f 1450/3280/1450 1932/3536/1932 1887/3436/1887
f 1449/3153/1449 1932/3536/1932 1450/3280/1450
f 1588/2746/1588 1957/3581/1957 1739/3100/1739
f 1889/3446/1889 1958/3582/1958 1869/3583/1869
f 1844/3350/1844 1843/3349/1843 1959/3584/1959
f 1844/3350/1844 1959/3584/1959 1870/3400/1870
f 1815/3284/1815 1907/3490/1907 1760/3156/1760
f 1960/3585/1960 1791/3222/1791 1893/3454/1893
f 1935/3541/1935 1700/3289/1700 1792/3224/1792
f 1849/3357/1849 1908/3491/1908 1721/3063/1721
f 1936/3542/1936 1817/3291/1817 1937/3543/1937
f 1763/3161/1763 1850/3358/1850 1937/3543/1937
f 1851/3586/1851 1961/3587/1961 1685/3107/1685
f 1702/3021/1702 1852/3360/1852 1962/3588/1962
f 1852/3360/1852 1685/3107/1685 1961/3587/1961
f 1963/3589/1963 1547/3590/1547 1481/3361/1481
f 1909/3492/1909 1910/3493/1910 1964/3591/1964
f 1722/3592/1722 1795/3233/1795 1687/3593/1687
f 1964/3591/1964 1910/3493/1910 1911/3494/1911
f 1667/3594/1667 1704/3024/1704 1232/3026/1232
f 1965/3595/1965 1855/3365/1855 1547/3457/1547
f 1912/3496/1912 1914/3498/1914 1548/2866/1548
f 1966/3596/1966 1939/3547/1939 1967/3597/1967
f 1967/3598/1967 1939/3548/1939 1968/3599/1968
f 1798/3405/1798 1873/3409/1873 1575/3406/1575
f 1434/2472/1434 1726/3600/1726 1616/2801/1616
f 1966/3601/1966 1915/3500/1915 1919/3506/1919
f 1896/3602/1896 1915/3603/1915 1967/3598/1967
f 1872/3408/1872 1725/3073/1725 1707/3072/1707
f 1768/3170/1768 1742/3114/1742 1483/3076/1483
f 1969/3604/1969 1920/3507/1920 1896/3459/1896
f 1922/3511/1922 1970/3605/1970 1875/3512/1875
f 1875/3606/1875 1971/3607/1971 1972/3608/1972
f 1916/3504/1916 1897/3460/1897 1972/3609/1972
f 1875/3514/1875 1972/3609/1972 1897/3460/1897
f 1944/3559/1944 1973/3610/1973 1770/3172/1770
f 1974/3611/1974 1799/3612/1799 1876/3613/1876
f 1671/2932/1671 1946/3614/1946 1596/2804/1596
f 1973/3610/1973 1861/3615/1861 1770/3172/1770
f 1599/3515/1599 1690/3616/1690 1945/3617/1945
f 1863/3562/1863 1947/3564/1947 1899/3618/1899
f 1900/3468/1900 1646/3467/1646 1730/3554/1730
f 1975/3619/1975 1731/3086/1731 1714/3042/1714
f 1672/2935/1672 1976/3620/1976 1880/3421/1880
f 1950/3621/1950 1711/3038/1711 1864/3420/1864
f 1950/3621/1950 1926/3524/1926 1711/3038/1711
f 1864/3420/1864 1202/3622/1202 1950/3621/1950
f 1977/3623/1977 1950/3570/1950 1866/3422/1866
f 1951/3572/1951 1366/3190/1366 1776/3189/1776
f 1714/3042/1714 1830/3318/1830 1978/3624/1978
f 1303/3625/1303 1732/3626/1732 1881/3627/1881
f 1732/3088/1732 1801/3252/1801 1952/3574/1952
f 1954/3628/1954 1867/3388/1867 1522/3629/1522
f 1306/3577/1306 1834/3528/1834 1954/3578/1954
f 1979/3630/1979 1980/3631/1980 1693/2998/1693
f 1980/3631/1980 1677/2951/1677 1693/2998/1693
f 1835/3326/1835 1586/2742/1586 1678/2953/1678
f 1981/3632/1981 1393/3128/1393 1748/3127/1748
f 1981/3632/1981 1837/3331/1837 1393/3128/1393
f 1981/3632/1981 1885/3433/1885 1837/3331/1837
f 1886/3633/1886 1840/3341/1840 1931/3534/1931
f 1931/3634/1931 1810/3267/1810 1868/3395/1868
f 1955/3579/1955 1753/3142/1753 1887/3436/1887
f 1588/2746/1588 1805/3397/1805 1982/3635/1982
f 1841/3343/1841 1983/3636/1983 1754/3144/1754
f 1983/3636/1983 1843/3535/1843 1754/3144/1754
f 1888/3444/1888 1869/3443/1869 1984/3637/1984
f 1958/3582/1958 1889/3446/1889 1905/3487/1905
f 1891/3451/1891 1907/3490/1907 1815/3284/1815
f 1628/3101/1628 1985/3638/1985 1738/3102/1738
f 1906/3639/1906 1845/3353/1845 1934/3538/1934
f 1791/3222/1791 1960/3585/1960 1849/3357/1849
f 1848/3540/1848 1936/3542/1936 1935/3541/1935
f 1936/3542/1936 1986/3640/1986 1935/3541/1935
f 1849/3357/1849 1960/3585/1960 1908/3491/1908
f 1908/3641/1908 1938/3544/1938 1614/2799/1614
f 1987/3642/1987 1481/3361/1481 1853/3362/1853
f 1704/3401/1704 1988/3643/1988 1722/3065/1722
f 1964/3644/1964 1911/3545/1911 1966/3596/1966
f 1911/3545/1911 1939/3547/1939 1966/3596/1966
f 1231/3164/1231 1895/3458/1895 1989/3645/1989
f 1231/3029/1231 1989/3646/1989 1705/3027/1705
f 1966/3596/1966 1967/3597/1967 1915/3647/1915
f 1688/2989/1688 1765/3165/1765 1913/3497/1913
f 1967/3598/1967 1968/3599/1968 1896/3602/1896
f 1970/3648/1970 1765/3649/1765 1741/3650/1741
f 1971/3607/1971 1970/3648/1970 1741/3650/1741
f 1872/3408/1872 1990/3651/1990 1725/3073/1725
f 1968/3599/1968 1969/3652/1969 1896/3602/1896
f 1971/3607/1971 1875/3606/1875 1970/3648/1970
f 1577/3074/1577 1918/3505/1918 1643/3653/1643
f 1725/3073/1725 1990/3651/1990 1918/3505/1918
f 1917/3503/1917 1916/3502/1916 1991/3654/1991
f 1916/3502/1916 1972/3608/1972 1991/3654/1991
f 1992/3655/1992 1709/3243/1709 1727/3245/1727
f 1599/3515/1599 1993/3656/1993 1923/3516/1923
f 1730/3554/1730 1994/3657/1994 1900/3468/1900
f 1947/3564/1947 1827/3563/1827 1995/3658/1995
f 1995/3658/1995 1827/3563/1827 1996/3659/1996
f 1675/3519/1675 1997/3660/1997 1924/3661/1924
f 1949/3569/1949 1712/3040/1712 1998/3662/1998
f 1879/3418/1879 1998/3662/1998 1712/3040/1712
f 1999/3663/1999 1951/3664/1951 1776/3665/1776
f 1691/2996/1691 1865/3380/1865 1925/3522/1925
f 1926/3524/1926 2000/3666/2000 1865/3380/1865
f 1882/3425/1882 1746/3667/1746 1368/3426/1368
f 1832/3391/1832 1733/3090/1733 1621/3045/1621
f 1980/3631/1980 1716/3047/1716 1677/2951/1677
f 2001/3668/2001 1835/3326/1835 1678/2953/1678
f 1803/3477/1803 1885/3669/1885 1802/3478/1802
f 1983/3670/1983 1959/3584/1959 1843/3349/1843
f 1738/3485/1738 2002/3671/2002 1904/3486/1904
f 1984/3672/1984 1869/3583/1869 1958/3582/1958
f 1959/3584/1959 2003/3673/2003 1870/3400/1870
f 1907/3490/1907 2004/3674/2004 1790/3221/1790
f 1933/3539/1933 1934/3538/1934 1892/3453/1892
f 1892/3453/1892 1934/3538/1934 1847/3355/1847
f 1700/3289/1700 1935/3541/1935 1986/3640/1986
f 1850/3358/1850 1938/3544/1938 1937/3543/1937
f 1852/3360/1852 1961/3587/1961 1962/3588/1962
f 1964/3644/1964 2005/3675/2005 1909/3676/1909
f 1641/3069/1641 1871/3403/1871 1912/3677/1912
f 1705/3027/1705 1989/3646/1989 1798/3237/1798
f 1939/3548/1939 2006/3678/2006 1968/3599/1968
f 1966/3596/1966 1919/3679/1919 2007/3680/2007
f 1668/3366/1668 1855/3365/1855 1942/3553/1942
f 1765/3165/1765 1970/3605/1970 2008/3681/2008
f 1576/3242/1576 2009/3682/2009 1689/2992/1689
f 1726/3600/1726 1819/3683/1819 1616/2801/1616
f 1991/3654/1991 1971/3607/1971 1767/3501/1767
f 1767/3501/1767 1971/3607/1971 1741/3650/1741
f 1917/3503/1917 1991/3654/1991 1767/3501/1767
f 1991/3654/1991 1972/3608/1972 1971/3607/1971
f 1552/2994/1552 1921/3509/1921 1768/3170/1768
f 1874/3510/1874 2010/3684/2010 1922/3511/1922
f 1992/3655/1992 2011/3685/2011 1709/3243/1709
f 1709/3243/1709 2011/3685/2011 2012/3686/2012
f 1709/3513/1709 2012/3687/2012 1671/2932/1671
f 1945/3617/1945 1993/3656/1993 1599/3515/1599
f 1899/3464/1899 1947/3688/1947 2013/3689/2013
f 2014/3690/2014 1675/3519/1675 1772/3517/1772
f 1827/3563/1827 1925/3691/1925 1996/3659/1996
f 1775/3312/1775 2015/3692/2015 1828/3313/1828
f 1833/3389/1833 2016/3693/2016 1952/3574/1952
f 1833/3389/1833 1867/3388/1867 2016/3693/2016
f 1733/3125/1733 2017/3694/2017 1528/3126/1528
f 1528/3429/1528 2017/3695/2017 1883/3430/1883
f 1928/3529/1928 1467/3530/1467 1929/3696/1929
f 1678/2953/1678 2018/3697/2018 2001/3668/2001
f 2018/3697/2018 1678/2953/1678 1836/3328/1836
f 1622/3197/1622 2019/3698/2019 1748/3127/1748
f 1624/2820/1624 1716/3196/1716 1805/3259/1805
f 1868/3395/1868 2020/3699/2020 1931/3634/1931
f 1737/3097/1737 2021/3700/2021 1563/2689/1563
f 1841/3343/1841 1956/3701/1956 1983/3636/1983
f 1887/3436/1887 1932/3536/1932 1955/3579/1955
f 1588/2746/1588 1982/3635/1982 1957/3581/1957
f 1984/3702/1984 2022/3703/2022 1888/3704/1888
f 1888/3445/1888 2022/3705/2022 1932/3536/1932
f 1959/3584/1959 1983/3670/1983 2023/3706/2023
f 2004/3674/2004 1628/3101/1628 1790/3221/1790
f 1893/3454/1893 1700/3014/1700 1960/3585/1960
f 1700/3289/1700 1986/3640/1986 1960/3707/1960
f 1938/3708/1938 1908/3491/1908 1960/3585/1960
f 1936/3542/1936 1937/3543/1937 1986/3640/1986
f 2024/3709/2024 1962/3588/1962 1961/3587/1961
f 1987/3642/1987 1963/3589/1963 1481/3361/1481
f 1796/3234/1796 1795/3233/1795 2025/3710/2025
f 1547/3590/1547 1963/3589/1963 1965/3711/1965
f 1871/3403/1871 1913/3497/1913 2026/3712/2026
f 1798/3405/1798 2027/3713/2027 2028/3714/2028
f 1895/3458/1895 2029/3715/2029 1989/3645/1989
f 1706/3031/1706 1616/2801/1616 1895/3458/1895
f 1966/3596/1966 2007/3680/2007 1964/3644/1964
f 1939/3548/1939 1796/3292/1796 2006/3678/2006
f 1765/3165/1765 2008/3681/2008 1913/3497/1913
f 1922/3511/1922 2030/3716/2030 1970/3605/1970
f 1616/2801/1616 1819/3683/1819 2031/3717/2031
f 2009/3682/2009 1943/3555/1943 1689/2992/1689
f 1742/3114/1742 2031/3718/2031 1819/3295/1819
f 1742/3114/1742 2032/3719/2032 2031/3718/2031
f 1919/3720/1919 1920/3721/1920 1969/3722/1969
f 1643/3653/1643 1918/3505/1918 1859/3723/1859
f 1768/3170/1768 2032/3719/2032 1742/3114/1742
f 1768/3170/1768 1921/3509/1921 2032/3719/2032
f 1551/2671/1551 2033/3724/2033 1818/3293/1818
f 1946/3725/1946 2034/3726/2034 1728/3727/1728
f 1822/3299/1822 1728/3081/1728 2035/3728/2035
f 1944/3559/1944 2036/3729/2036 1973/3610/1973
f 1772/3517/1772 1923/3516/1923 2014/3690/2014
f 1775/3312/1775 1900/3468/1900 2015/3692/2015
f 1924/3730/1924 1999/3663/1999 1776/3665/1776
f 1773/3182/1773 1949/3568/1949 2037/3731/2037
f 2037/3732/2037 1949/3569/1949 1998/3662/1998
f 1999/3733/1999 2038/3734/2038 1951/3572/1951
f 2000/3666/2000 1925/3522/1925 1865/3380/1865
f 1880/3421/1880 1977/3623/1977 1866/3422/1866
f 2038/3734/2038 1882/3573/1882 1951/3572/1951
f 2039/3735/2039 1882/3573/1882 2038/3734/2038
f 2039/3736/2039 1746/3667/1746 1882/3425/1882
f 2039/3736/2039 1747/3737/1747 1746/3667/1746
f 2040/3738/2040 1831/3739/1831 1747/3740/1747
f 1830/3318/1830 1581/2733/1581 1953/3575/1953
f 2040/3738/2040 1832/3391/1832 1831/3739/1831
f 1715/3191/1715 1979/3630/1979 1693/2998/1693
f 2040/3738/2040 1733/3090/1733 1832/3391/1832
f 2041/3741/2041 1883/3430/1883 2017/3695/2017
f 1928/3529/1928 2042/3742/2042 1778/3195/1778
f 2043/3743/2043 1928/3529/1928 1929/3696/1929
f 1929/3531/1929 1835/3326/1835 2001/3668/2001
f 1903/3744/1903 2019/3698/2019 1622/3197/1622
f 1651/2884/1651 1607/3049/1607 2044/3745/2044
f 2045/3746/2045 1805/3747/1805 1716/3748/1716
f 2046/3749/2046 1885/3669/1885 1981/3750/1981
f 2047/3751/2047 1884/3533/1884 1802/3253/1802
f 2047/3752/2047 1802/3478/1802 2046/3749/2046
f 2046/3749/2046 1802/3478/1802 1885/3669/1885
f 1607/3753/1607 1563/3754/1563 2021/3755/2021
f 1886/3756/1886 2048/3757/2048 1785/3758/1785
f 1931/3759/1931 2048/3757/2048 1886/3756/1886
f 2048/3760/2048 1956/3580/1956 1785/3207/1785
f 2020/3761/2020 2048/3762/2048 1931/3763/1931
f 1955/3579/1955 2020/3699/2020 1868/3395/1868
f 1955/3579/1955 2022/3705/2022 2020/3699/2020
f 2048/3764/2048 1958/3765/1958 1956/3766/1956
f 2048/3767/2048 2020/3699/2020 2022/3705/2022
f 1955/3579/1955 1932/3536/1932 2022/3705/2022
f 2021/3768/2021 1737/3769/1737 1904/3486/1904
f 2022/3770/2022 1984/3771/1984 2048/3772/2048
f 1956/3701/1956 1905/3773/1905 1983/3636/1983
f 1984/3774/1984 1958/3765/1958 2048/3764/2048
f 1905/3773/1905 2023/3775/2023 1983/3636/1983
f 2023/3706/2023 2003/3673/2003 1959/3584/1959
f 2049/3776/2049 1890/3449/1890 1739/3100/1739
f 2003/3673/2003 1933/3537/1933 1870/3400/1870
f 1906/3639/1906 1934/3538/1934 2023/3777/2023
f 2023/3777/2023 1934/3538/1934 1933/3539/1933
f 1960/3707/1960 1986/3640/1986 1938/3544/1938
f 1986/3640/1986 1937/3543/1937 1938/3544/1938
f 2005/3675/2005 1964/3644/1964 2007/3680/2007
f 2050/3778/2050 1667/3779/1667 1724/3780/1724
f 2027/3781/2027 1798/3237/1798 1989/3646/1989
f 2027/3782/2027 1989/3645/1989 2029/3715/2029
f 2029/3715/2029 1895/3458/1895 2051/3783/2051
f 1798/3405/1798 2028/3714/2028 1873/3409/1873
f 1895/3458/1895 1616/2801/1616 2051/3783/2051
f 2052/3784/2052 1913/3497/1913 2008/3681/2008
f 1616/2801/1616 2053/3785/2053 2051/3783/2051
f 1616/2801/1616 2031/3717/2031 2053/3785/2053
f 1941/3552/1941 2009/3786/2009 1576/3551/1576
f 2008/3681/2008 1970/3605/1970 2030/3716/2030
f 2054/3787/2054 1872/3408/1872 1873/3409/1873
f 2007/3788/2007 1919/3720/1919 2055/3789/2055
f 2030/3716/2030 1922/3511/1922 2010/3684/2010
f 2055/3789/2055 1919/3720/1919 1969/3722/1969
f 2056/3790/2056 1990/3651/1990 1872/3408/1872
f 1990/3651/1990 2056/3790/2056 1918/3505/1918
f 2032/3719/2032 2057/3791/2057 2031/3718/2031
f 2058/3792/2058 2032/3719/2032 1921/3509/1921
f 2059/3793/2059 1918/3794/1918 2056/3795/2056
f 2058/3792/2058 2057/3791/2057 2032/3719/2032
f 2036/3729/2036 1944/3559/1944 1943/3555/1943
f 2033/3724/2033 1551/2671/1551 1710/3117/1710
f 2060/3796/2060 1874/3462/1874 1899/3464/1899
f 1727/3245/1727 1799/3797/1799 2061/3798/2061
f 2061/3798/2061 1992/3655/1992 1727/3245/1727
f 2035/3799/2035 1728/3727/1728 2034/3726/2034
f 1942/3553/1942 1994/3657/1994 1730/3554/1730
f 2060/3796/2060 1899/3464/1899 2013/3689/2013
f 1973/3800/1973 2062/3801/2062 1861/3802/1861
f 2063/3803/2063 1771/3176/1771 1745/3121/1745
f 2064/3804/2064 2063/3803/2063 1745/3121/1745
f 1745/3121/1745 1645/2875/1645 2064/3804/2064
f 2013/3805/2013 1947/3564/1947 1995/3658/1995
f 2064/3804/2064 1645/2875/1645 2065/3806/2065
f 1645/2875/1645 1877/3416/1877 2065/3806/2065
f 1877/3416/1877 1773/3182/1773 2065/3806/2065
f 2066/3807/2066 1996/3659/1996 1925/3691/1925
f 2037/3731/2037 2065/3806/2065 1773/3182/1773
f 1925/3522/1925 2067/3808/2067 2066/3809/2066
f 1997/3660/1997 1999/3810/1999 1924/3661/1924
f 1828/3313/1828 2068/3811/2068 1713/3523/1713
f 1998/3662/1998 2069/3812/2069 2037/3732/2037
f 1997/3660/1997 2070/3813/2070 1999/3810/1999
f 1999/3733/1999 2070/3814/2070 2038/3734/2038
f 1879/3418/1879 1829/3316/1829 1998/3662/1998
f 1925/3522/1925 2000/3666/2000 2067/3808/2067
f 1998/3662/1998 2071/3815/2071 2069/3812/2069
f 1998/3662/1998 1829/3316/1829 2071/3815/2071
f 2069/3812/2069 2071/3815/2071 2072/3816/2072
f 2070/3814/2070 2073/3817/2073 2038/3734/2038
f 2038/3734/2038 2073/3817/2073 2074/3818/2074
f 1829/3316/1829 1881/3423/1881 2071/3815/2071
f 1692/2997/1692 2075/3819/2075 1800/3251/1800
f 2074/3820/2074 2076/3821/2076 2077/3822/2077
f 2074/3820/2074 2077/3822/2077 2038/3823/2038
f 2071/3815/2071 2078/3824/2078 2072/3816/2072
f 1881/3423/1881 2078/3824/2078 2071/3815/2071
f 2077/3822/2077 2039/3825/2039 2038/3823/2038
f 2078/3826/2078 1881/3627/1881 1952/3827/1952
f 2077/3822/2077 2076/3821/2076 2079/3828/2079
f 1881/3627/1881 1732/3626/1732 1952/3827/1952
f 2077/3829/2077 2079/3830/2079 2080/3831/2080
f 2080/3831/2080 2040/3738/2040 2077/3829/2077
f 2040/3738/2040 2039/3832/2039 2077/3829/2077
f 2039/3832/2039 2040/3738/2040 1747/3740/1747
f 2016/3693/2016 1954/3628/1954 2081/3833/2081
f 2016/3693/2016 1867/3388/1867 1954/3628/1954
f 2081/3833/2081 1954/3628/1954 2082/3834/2082
f 1954/3578/1954 1834/3528/1834 2082/3835/2082
f 2040/3738/2040 2083/3836/2083 1733/3090/1733
f 1834/3528/1834 1927/3526/1927 2082/3835/2082
f 2082/3835/2082 1927/3526/1927 2084/3837/2084
f 2083/3836/2083 2017/3838/2017 1733/3090/1733
f 2084/3837/2084 1927/3526/1927 2042/3839/2042
f 2042/3839/2042 1927/3526/1927 1778/3525/1778
f 2085/3840/2085 1929/3531/1929 2001/3668/2001
f 2086/3841/2086 2019/3842/2019 1903/3475/1903
f 2086/3843/2086 2087/3844/2087 2019/3698/2019
f 2086/3841/2086 2088/3845/2088 2087/3846/2087
f 2087/3844/2087 1981/3632/1981 2019/3698/2019
f 2019/3698/2019 1981/3632/1981 1748/3127/1748
f 2089/3847/2089 1981/3632/1981 2087/3844/2087
f 2090/3848/2090 1981/3632/1981 2089/3847/2089
f 1836/3328/1836 1884/3432/1884 2047/3849/2047
f 2090/3848/2090 2046/3850/2046 1981/3632/1981
f 2091/3851/2091 2046/3749/2046 2090/3852/2090
f 1956/3853/1956 1958/3582/1958 1905/3487/1905
f 1905/3854/1905 1906/3639/1906 2023/3777/2023
f 1890/3489/1890 2049/3855/2049 1891/3451/1891
f 2002/3671/2002 1738/3485/1738 1985/3856/1985
f 2003/3857/2003 2023/3777/2023 1933/3539/1933
f 1571/3064/1571 1702/3021/1702 2092/3858/2092
f 1853/3362/1853 1571/2711/1571 2092/3859/2092
f 1794/3228/1794 2093/3860/2093 1894/3456/1894
f 2026/3712/2026 1912/3677/1912 1871/3403/1871
f 2026/3712/2026 1913/3497/1913 2052/3784/2052
f 2050/3861/2050 1724/3862/1724 2094/3863/2094
f 2029/3715/2029 2095/3864/2095 2027/3782/2027
f 2029/3715/2029 2051/3783/2051 2095/3864/2095
f 2028/3714/2028 2054/3787/2054 1873/3409/1873
f 1872/3408/1872 2096/3865/2096 2056/3790/2056
f 2054/3787/2054 2096/3865/2096 1872/3408/1872
f 1918/3794/1918 2059/3793/2059 1859/3866/1859
f 2096/3865/2096 2054/3787/2054 2097/3867/2097
f 2031/3718/2031 2057/3791/2057 2098/3868/2098
f 2057/3791/2057 2099/3869/2099 2098/3868/2098
f 2058/3792/2058 2099/3869/2099 2057/3791/2057
f 1874/3510/1874 2060/3870/2060 2010/3684/2010
f 2056/3795/2056 2100/3871/2100 2059/3793/2059
f 2096/3872/2096 2100/3871/2100 2056/3795/2056
f 2096/3865/2096 2097/3867/2097 2100/3873/2100
f 1921/3509/1921 2101/3874/2101 2058/3792/2058
f 2059/3793/2059 1945/3875/1945 1859/3866/1859
f 2101/3874/2101 1921/3509/1921 1898/3461/1898
f 2012/3687/2012 2102/3876/2102 1671/2932/1671
f 1945/3875/1945 2059/3793/2059 1993/3877/1993
f 1671/2932/1671 2102/3876/2102 1946/3614/1946
f 1822/3878/1822 2035/3879/2035 1824/3880/1824
f 2101/3874/2101 1898/3461/1898 2103/3881/2103
f 1993/3656/1993 2104/3882/2104 1923/3516/1923
f 1898/3465/1898 1771/3176/1771 2103/3883/2103
f 1771/3176/1771 2063/3803/2063 2105/3884/2105
f 1923/3516/1923 2106/3885/2106 2014/3690/2014
f 2104/3882/2104 2106/3885/2106 1923/3516/1923
f 2104/3882/2104 2107/3886/2107 2106/3885/2106
f 2063/3803/2063 2064/3804/2064 2108/3887/2108
f 2106/3885/2106 1675/3519/1675 2014/3690/2014
f 1675/3519/1675 2106/3885/2106 2109/3888/2109
f 1995/3658/1995 1996/3659/1996 2110/3889/2110
f 1996/3659/1996 2066/3807/2066 2110/3889/2110
f 2109/3888/2109 2111/3890/2111 1675/3519/1675
f 1675/3519/1675 2111/3890/2111 1997/3660/1997
f 2037/3731/2037 2112/3891/2112 2065/3806/2065
f 2037/3732/2037 2113/3892/2113 2112/3893/2112
f 1997/3660/1997 2111/3890/2111 2070/3813/2070
f 2069/3812/2069 2113/3892/2113 2037/3732/2037
f 2067/3808/2067 2114/3894/2114 2066/3809/2066
f 2069/3812/2069 2072/3816/2072 2115/3895/2115
f 2067/3808/2067 2000/3666/2000 2114/3894/2114
f 2073/3896/2073 2116/3897/2116 2074/3820/2074
f 2000/3666/2000 1926/3524/1926 2114/3894/2114
f 2074/3820/2074 2116/3897/2116 2076/3821/2076
f 2117/3898/2117 2118/3899/2118 2119/3900/2119
f 2119/3900/2119 2118/3899/2118 2080/3831/2080
f 2118/3899/2118 2040/3738/2040 2080/3831/2080
f 2117/3898/2117 2083/3836/2083 2118/3899/2118
f 2117/3898/2117 2120/3901/2120 2083/3836/2083
f 2081/3833/2081 2121/3902/2121 2016/3693/2016
f 2016/3693/2016 2122/3903/2122 1952/3574/1952
f 2040/3738/2040 2118/3899/2118 2083/3836/2083
f 2083/3836/2083 2120/3901/2120 2017/3838/2017
f 2084/3904/2084 2042/3742/2042 2123/3905/2123
f 2120/3906/2120 2124/3907/2124 2017/3695/2017
f 2017/3695/2017 2124/3907/2124 2041/3741/2041
f 2041/3741/2041 2124/3907/2124 2125/3908/2125
f 1928/3529/1928 2126/3909/2126 2042/3742/2042
f 1651/2884/1651 2127/3910/2127 1777/3192/1777
f 2041/3741/2041 2086/3841/2086 1903/3475/1903
f 2041/3741/2041 2128/3911/2128 2086/3841/2086
f 1929/3531/1929 2085/3840/2085 2043/3912/2043
f 2085/3840/2085 2001/3668/2001 2129/3913/2129
f 2001/3668/2001 2130/3914/2130 2129/3913/2129
f 2041/3741/2041 1903/3475/1903 1883/3430/1883
f 1883/3430/1883 1903/3475/1903 1930/3532/1930
f 2001/3668/2001 2018/3697/2018 2130/3914/2130
f 2087/3844/2087 2088/3915/2088 2089/3847/2089
f 1836/3328/1836 2130/3914/2130 2018/3697/2018
f 2130/3914/2130 2047/3849/2047 2131/3916/2131
f 1836/3328/1836 2047/3849/2047 2130/3914/2130
f 2090/3852/2090 2132/3917/2132 2091/3851/2091
f 2131/3918/2131 2046/3749/2046 2091/3851/2091
f 2046/3749/2046 2131/3918/2131 2047/3752/2047
f 2021/3919/2021 2044/3745/2044 1607/3049/1607
f 2045/3746/2045 1982/3920/1982 1805/3747/1805
f 1851/3359/1851 1894/3456/1894 2133/3921/2133
f 1702/3021/1702 1962/3588/1962 2092/3858/2092
f 1851/3586/1851 2133/3922/2133 1961/3587/1961
f 1704/3401/1704 2134/3923/2134 1988/3643/1988
f 1667/3594/1667 2134/3924/2134 1704/3024/1704
f 1795/3233/1795 1722/3592/1722 2135/3925/2135
f 1667/3779/1667 2050/3778/2050 2134/3926/2134
f 1795/3233/1795 2135/3925/2135 2025/3710/2025
f 2026/3927/2026 2136/3928/2136 1912/3929/1912
f 2027/3713/2027 2095/3930/2095 2137/3931/2137
f 2051/3783/2051 2138/3932/2138 2095/3864/2095
f 2027/3713/2027 2137/3931/2137 2028/3714/2028
f 2030/3933/2030 2010/3934/2010 2139/3935/2139
f 2028/3714/2028 2140/3936/2140 2054/3787/2054
f 2053/3785/2053 2031/3717/2031 2141/3937/2141
f 2140/3936/2140 2097/3867/2097 2054/3787/2054
f 2098/3868/2098 2141/3938/2141 2031/3718/2031
f 2099/3869/2099 2058/3792/2058 2142/3939/2142
f 2060/3870/2060 2143/3940/2143 2010/3684/2010
f 2144/3941/2144 2100/3871/2100 2097/3942/2097
f 2011/3685/2011 1992/3655/1992 2145/3943/2145
f 2012/3686/2012 2011/3685/2011 2146/3944/2146
f 1946/3725/1946 2147/3945/2147 2034/3726/2034
f 2101/3874/2101 2103/3881/2103 2148/3946/2148
f 1973/3800/1973 2036/3947/2036 2062/3801/2062
f 1674/3565/1674 1948/3567/1948 1876/3613/1876
f 2103/3883/2103 2105/3884/2105 2148/3948/2148
f 2103/3883/2103 1771/3176/1771 2105/3884/2105
f 2105/3884/2105 2063/3803/2063 2108/3887/2108
f 2104/3882/2104 2149/3949/2149 2107/3886/2107
f 1878/3566/1878 2150/3950/2150 1948/3567/1948
f 2106/3885/2106 2107/3886/2107 2151/3951/2151
f 2064/3804/2064 2065/3806/2065 2152/3952/2152
f 2109/3888/2109 2153/3953/2153 2111/3890/2111
f 2065/3806/2065 2112/3891/2112 2152/3952/2152
f 2066/3807/2066 2154/3954/2154 2110/3889/2110
f 2068/3955/2068 1902/3471/1902 1713/3470/1713
f 2070/3813/2070 2111/3890/2111 2155/3956/2155
f 2070/3957/2070 2155/3958/2155 2073/3896/2073
f 2114/3894/2114 2156/3959/2156 2066/3809/2066
f 2073/3896/2073 2155/3958/2155 2116/3897/2116
f 2155/3958/2155 2157/3960/2157 2116/3897/2116
f 2114/3894/2114 1926/3524/1926 2158/3961/2158
f 2114/3962/2114 2158/3963/2158 2156/3964/2156
f 1950/3621/1950 2158/3961/2158 1926/3524/1926
f 2157/3960/2157 2159/3965/2159 2116/3897/2116
f 2116/3897/2116 2159/3965/2159 2076/3821/2076
f 1800/3251/1800 2160/3966/2160 1715/3317/1715
f 2159/3965/2159 2161/3967/2161 2076/3821/2076
f 2076/3968/2076 2161/3969/2161 2079/3830/2079
f 2080/3831/2080 2079/3830/2079 2119/3900/2119
f 1952/3574/1952 2122/3903/2122 2078/3970/2078
f 2162/3971/2162 2120/3901/2120 2117/3898/2117
f 2121/3902/2121 2122/3903/2122 2016/3693/2016
f 2163/3972/2163 2121/3902/2121 2081/3833/2081
f 2126/3909/2126 2123/3905/2123 2042/3742/2042
f 2085/3840/2085 2164/3973/2164 2043/3912/2043
f 2126/3909/2126 1928/3529/1928 2043/3743/2043
f 2165/3974/2165 2086/3841/2086 2128/3911/2128
f 2130/3914/2130 2131/3916/2131 2166/3975/2166
f 2088/3915/2088 2167/3976/2167 2089/3847/2089
f 2089/3847/2089 2167/3976/2167 2132/3977/2132
f 2089/3847/2089 2132/3977/2132 2090/3848/2090
f 1628/3101/1628 2004/3674/2004 1985/3638/1985
f 1961/3587/1961 2133/3922/2133 2024/3709/2024
f 2093/3860/2093 2133/3921/2133 1894/3456/1894
f 1794/3228/1794 1909/3492/1909 2093/3860/2093
f 2050/3778/2050 2168/3978/2168 2134/3926/2134
f 2026/3712/2026 2169/3979/2169 2136/3980/2136
f 1912/3929/1912 2136/3928/2136 1914/3981/1914
f 2050/3861/2050 2170/3982/2170 2168/3983/2168
f 2050/3861/2050 2094/3863/2094 2170/3982/2170
f 1965/3595/1965 2171/3984/2171 1855/3365/1855
f 2137/3931/2137 2140/3936/2140 2028/3714/2028
f 2051/3783/2051 2053/3785/2053 2138/3932/2138
f 2053/3785/2053 2172/3985/2172 2138/3932/2138
f 2053/3785/2053 2141/3937/2141 2172/3985/2172
f 1942/3553/1942 1855/3365/1855 2171/3984/2171
f 2099/3869/2099 2142/3939/2142 2098/3868/2098
f 1943/3555/1943 2173/3986/2173 2036/3729/2036
f 2144/3941/2144 2174/3987/2174 2100/3871/2100
f 2100/3871/2100 2174/3987/2174 2059/3793/2059
f 2059/3793/2059 2174/3987/2174 1993/3877/1993
f 2058/3792/2058 2101/3874/2101 2142/3939/2142
f 1799/3797/1799 1974/3988/1974 2061/3798/2061
f 2012/3686/2012 2146/3944/2146 2175/3989/2175
f 2174/3987/2174 2149/3990/2149 1993/3877/1993
f 2101/3874/2101 2148/3946/2148 2142/3939/2142
f 1824/3880/1824 2035/3879/2035 2176/3991/2176
f 1993/3656/1993 2149/3949/2149 2104/3882/2104
f 1824/3880/1824 2176/3991/2176 1826/3992/1826
f 2149/3949/2149 2151/3951/2151 2107/3886/2107
f 2106/3885/2106 2151/3951/2151 2109/3888/2109
f 2064/3804/2064 2152/3952/2152 2108/3887/2108
f 1861/3993/1861 2177/3994/2177 1672/3995/1672
f 1878/3566/1878 1902/3471/1902 2178/3996/2178
f 1878/3566/1878 1774/3472/1774 1902/3471/1902
f 2152/3952/2152 2112/3891/2112 2179/3997/2179
f 2015/3998/2015 2068/3955/2068 1828/3999/1828
f 2112/3893/2112 2113/3892/2113 2179/4000/2179
f 2111/3890/2111 2153/3953/2153 2155/3956/2155
f 2156/3959/2156 2154/4001/2154 2066/3809/2066
f 2069/3812/2069 2115/3895/2115 2113/3892/2113
f 2180/4002/2180 1977/4003/1977 1880/4004/1880
f 2072/3816/2072 2078/3824/2078 2115/3895/2115
f 2115/4005/2115 2078/3970/2078 2181/4006/2181
f 2181/4006/2181 2078/3970/2078 2122/3903/2122
f 2182/4007/2182 2119/3900/2119 2079/3830/2079
f 2182/4007/2182 2117/3898/2117 2119/3900/2119
f 2183/4008/2183 2120/3901/2120 2162/3971/2162
f 2081/3833/2081 2082/3834/2082 2163/3972/2163
f 2163/4009/2163 2082/4010/2082 2084/3904/2084
f 2163/4009/2163 2084/3904/2084 2123/3905/2123
f 2183/4008/2183 2124/4011/2124 2120/3901/2120
f 1953/3575/1953 1777/3192/1777 2127/3910/2127
f 2128/3911/2128 2041/3741/2041 2125/3908/2125
f 2126/3909/2126 2043/3743/2043 2164/4012/2164
f 2184/4013/2184 2086/3841/2086 2165/3974/2165
f 2164/3973/2164 2085/3840/2085 2129/3913/2129
f 2166/3975/2166 2129/3913/2129 2130/3914/2130
f 2088/3845/2088 2086/3841/2086 2184/4013/2184
f 2166/3975/2166 2131/3916/2131 2185/4014/2185
f 1651/2884/1651 2044/3745/2044 2186/4015/2186
f 2132/3917/2132 2185/4016/2185 2091/3851/2091
f 2185/4016/2185 2131/3918/2131 2091/3851/2091
f 1982/3635/1982 2187/4017/2187 1957/3581/1957
f 2049/3776/2049 1739/3100/1739 1957/3581/1957
f 1988/3643/1988 2135/4018/2135 1722/3065/1722
f 2188/4019/2188 2136/3980/2136 2169/3979/2169
f 2169/3979/2169 2026/3712/2026 2052/3784/2052
f 2168/4020/2168 1941/3552/1941 1940/3550/1940
f 2189/4021/2189 2006/3678/2006 1796/3292/1796
f 2008/3681/2008 2030/3716/2030 2190/4022/2190
f 2191/4023/2191 2009/3786/2009 1941/3552/1941
f 1724/3862/1724 1818/4024/1818 2094/3863/2094
f 2010/3934/2010 2143/4025/2143 2139/3935/2139
f 2191/4023/2191 2173/4026/2173 2009/3786/2009
f 1969/3722/1969 2192/4027/2192 2055/3789/2055
f 2173/4026/2173 1943/4028/1943 2009/3786/2009
f 2140/3936/2140 2193/4029/2193 2097/3867/2097
f 2193/4029/2193 2144/4030/2144 2097/3867/2097
f 2194/4031/2194 2036/3947/2036 2173/4032/2173
f 2195/4033/2195 2035/3799/2035 2034/3726/2034
f 2145/3943/2145 2146/3944/2146 2011/3685/2011
f 2105/3884/2105 2108/3887/2108 2152/3952/2152
f 2196/4034/2196 1731/3086/1731 1975/3619/1975
f 2197/4035/2197 2013/3805/2013 1995/3658/1995
f 2197/4035/2197 1995/3658/1995 2110/3889/2110
f 2198/4036/2198 1976/4037/1976 1672/4038/1672
f 2161/3969/2161 2182/4007/2182 2079/3830/2079
f 2182/4007/2182 2162/3971/2162 2117/3898/2117
f 2160/4039/2160 1979/3630/1979 1715/3191/1715
f 2183/4040/2183 2125/3908/2125 2124/3907/2124
f 2125/3908/2125 2165/3974/2165 2128/3911/2128
f 2164/3973/2164 2129/3913/2129 2166/3975/2166
f 2185/4016/2185 2132/3917/2132 2167/4041/2167
f 2049/3855/2049 2199/4042/2199 1891/3451/1891
f 1962/3588/1962 2024/3709/2024 2200/4043/2200
f 1909/3492/1909 2005/4044/2005 2093/3860/2093
f 1988/4045/1988 2134/4046/2134 2136/3928/2136
f 2188/4047/2188 2201/4048/2201 2202/4049/2202
f 2169/3979/2169 2201/4050/2201 2188/4019/2188
f 2134/4046/2134 1914/3981/1914 2136/3928/2136
f 2168/3978/2168 1914/4051/1914 2134/3926/2134
f 2201/4050/2201 2169/3979/2169 2203/4052/2203
f 2168/4020/2168 1940/3550/1940 1914/3549/1914
f 2170/4053/2170 1941/3552/1941 2168/4020/2168
f 2005/3675/2005 2007/3680/2007 2204/4054/2204
f 2055/4055/2055 2204/4056/2204 2007/4057/2007
f 2137/3931/2137 2205/4058/2205 2140/3936/2140
f 2138/3932/2138 2172/3985/2172 2095/3864/2095
f 2137/3931/2137 2095/3930/2095 2205/4058/2205
f 2206/4059/2206 1969/3652/1969 1968/3599/1968
f 2095/3864/2095 2172/3985/2172 2205/4060/2205
f 2205/4060/2205 2172/3985/2172 2207/4061/2207
f 2172/3985/2172 2141/3937/2141 2098/4062/2098
f 2205/4058/2205 2193/4029/2193 2140/3936/2140
f 2205/4058/2205 2207/4063/2207 2193/4029/2193
f 2034/3726/2034 2208/4064/2208 2195/4033/2195
f 2060/4065/2060 2209/4066/2209 2143/4067/2143
f 2195/4033/2195 2210/4068/2210 2035/3799/2035
f 2102/4069/2102 2012/4070/2012 2175/4071/2175
f 1946/3725/1946 2102/4072/2102 2147/3945/2147
f 2210/4073/2210 2176/3991/2176 2035/3879/2035
f 2144/3941/2144 2193/4074/2193 2211/4075/2211
f 2142/3939/2142 2148/3946/2148 2098/3868/2098
f 2172/4076/2172 2098/3868/2098 2212/4077/2212
f 2174/3987/2174 2144/3941/2144 2211/4075/2211
f 2174/3987/2174 2211/4075/2211 2149/3990/2149
f 2148/3946/2148 2212/4077/2212 2098/3868/2098
f 2062/3801/2062 2213/4078/2213 1861/3802/1861
f 2105/3884/2105 2152/3952/2152 2148/3948/2148
f 1710/3179/1710 1731/3178/1731 2214/4079/2214
f 2214/4079/2214 1731/3178/1731 2196/4080/2196
f 2193/4074/2193 2207/4081/2207 2211/4075/2211
f 2152/3952/2152 2179/3997/2179 2148/3948/2148
f 2211/4082/2211 2151/3951/2151 2149/3949/2149
f 2148/3948/2148 2179/3997/2179 2212/4083/2212
f 2212/4084/2212 2207/4061/2207 2172/3985/2172
f 2013/4085/2013 2197/4086/2197 2215/4087/2215
f 1861/3993/1861 2216/4088/2216 2177/3994/2177
f 2150/3950/2150 1878/3566/1878 2178/3996/2178
f 2151/3951/2151 2153/3953/2153 2109/3888/2109
f 2151/3951/2151 2211/4082/2211 2153/3953/2153
f 2179/4000/2179 2217/4089/2217 2212/4090/2212
f 2179/4000/2179 2113/3892/2113 2217/4089/2217
f 2218/4091/2218 2154/4001/2154 2156/3959/2156
f 2211/4075/2211 2207/4081/2207 2219/4092/2219
f 2155/3958/2155 2153/4093/2153 2157/3960/2157
f 2153/3953/2153 2211/4082/2211 2220/4094/2220
f 1901/3521/1901 2075/3819/2075 1692/2997/1692
f 2217/4089/2217 2221/4095/2221 2212/4090/2212
f 2113/3892/2113 2115/3895/2115 2217/4089/2217
f 1950/4096/1950 1977/4097/1977 2158/4098/2158
f 2153/4093/2153 2220/4099/2220 2157/3960/2157
f 2207/4100/2207 2222/4101/2222 2219/4102/2219
f 2211/4103/2211 2219/4104/2219 2220/4099/2220
f 2207/4105/2207 2212/4106/2212 2222/4107/2222
f 1976/4108/1976 2180/4002/2180 1880/4004/1880
f 2220/4099/2220 2219/4104/2219 2223/4109/2223
f 2157/3960/2157 2220/4099/2220 2159/3965/2159
f 2221/4110/2221 2222/4111/2222 2212/4112/2212
f 2221/4110/2221 2217/4113/2217 2181/4006/2181
f 2115/3895/2115 2181/4114/2181 2217/4089/2217
f 2220/4099/2220 2161/3967/2161 2159/3965/2159
f 2220/4099/2220 2182/4115/2182 2161/3967/2161
f 2221/4110/2221 2181/4006/2181 2121/3902/2121
f 2221/4110/2221 2163/3972/2163 2222/4111/2222
f 2221/4110/2221 2121/3902/2121 2163/3972/2163
f 2220/4099/2220 2162/4116/2162 2182/4115/2182
f 2220/4099/2220 2223/4109/2223 2162/4116/2162
f 2219/4104/2219 2224/4117/2224 2223/4109/2223
f 2181/4006/2181 2122/3903/2122 2121/3902/2121
f 2222/4111/2222 2163/3972/2163 2225/4118/2225
f 2162/3971/2162 2223/4119/2223 2183/4008/2183
f 2222/4120/2222 2224/4121/2224 2219/4122/2219
f 2222/4123/2222 2164/3973/2164 2224/4124/2224
f 2222/4125/2222 2225/4126/2225 2164/4127/2164
f 2223/4128/2223 2165/3974/2165 2183/4040/2183
f 2224/4129/2224 2165/3974/2165 2223/4128/2223
f 2123/3905/2123 2225/4130/2225 2163/4009/2163
f 2183/4040/2183 2165/3974/2165 2125/3908/2125
f 2123/3905/2123 2126/3909/2126 2225/4130/2225
f 2126/3909/2126 2164/4012/2164 2225/4130/2225
f 2224/4129/2224 2088/3845/2088 2165/3974/2165
f 2164/3973/2164 2166/3975/2166 2224/4124/2224
f 2165/3974/2165 2088/3845/2088 2184/4013/2184
f 2224/4131/2224 2185/4132/2185 2088/4133/2088
f 2224/4124/2224 2166/3975/2166 2185/4014/2185
f 2088/3915/2088 2185/4134/2185 2167/3976/2167
f 1907/3490/1907 2199/4042/2199 2004/3674/2004
f 1962/3588/1962 2200/4043/2200 2092/3858/2092
f 1853/3362/1853 2092/3859/2092 1987/3642/1987
f 1988/3643/1988 2188/4135/2188 2135/4018/2135
f 1988/4045/1988 2136/3928/2136 2188/4136/2188
f 2135/4137/2135 2188/4047/2188 2202/4049/2202
f 2025/3710/2025 2135/3925/2135 2202/4138/2202
f 1796/4139/1796 2025/4140/2025 2189/4141/2189
f 2203/4052/2203 2169/3979/2169 2052/3784/2052
f 2052/3784/2052 2008/3681/2008 2203/4052/2203
f 2008/3681/2008 2190/4022/2190 2203/4052/2203
f 1968/3599/1968 2006/3678/2006 2206/4059/2206
f 1818/4024/1818 2226/4142/2226 2094/3863/2094
f 2033/3724/2033 2226/4143/2226 1818/3293/1818
f 2055/3789/2055 2192/4027/2192 2208/4064/2208
f 2171/3984/2171 2227/4144/2227 1942/3553/1942
f 2192/4027/2192 2210/4068/2210 2195/4033/2195
f 2208/4064/2208 2192/4027/2192 2195/4033/2195
f 1710/3179/1710 2214/4079/2214 2033/4145/2033
f 2061/3798/2061 2228/4146/2228 1992/3655/1992
f 1876/3613/1876 2229/4147/2229 1974/3611/1974
f 1876/3613/1876 1948/3567/1948 2229/4147/2229
f 2230/4148/2230 2146/3944/2146 2145/3943/2145
f 2036/3947/2036 2231/4149/2231 2062/3801/2062
f 2062/3801/2062 2231/4149/2231 2213/4078/2213
f 2197/4035/2197 2232/4150/2232 2215/4151/2215
f 2197/4035/2197 2233/4152/2233 2232/4150/2232
f 2197/4035/2197 2110/3889/2110 2233/4152/2233
f 2154/3954/2154 2233/4152/2233 2110/3889/2110
f 2154/4001/2154 2218/4091/2218 2234/4153/2234
f 1714/3042/1714 2235/4154/2235 1975/3619/1975
f 1714/3042/1714 1978/3624/1978 2235/4154/2235
f 1977/4003/1977 2236/4155/2236 2158/4156/2158
f 1977/4003/1977 2237/4157/2237 2236/4155/2236
f 2075/3819/2075 2160/3966/2160 1800/3251/1800
f 1977/4003/1977 2180/4002/2180 2237/4157/2237
f 1716/3748/1716 1980/4158/1980 2238/4159/2238
f 1982/3920/1982 2045/3746/2045 2187/4160/2187
f 1904/3486/1904 2239/4161/2239 2021/3768/2021
f 2004/3674/2004 2240/4162/2240 1985/3638/1985
f 2024/3709/2024 2133/3922/2133 2241/4163/2241
f 2200/4043/2200 2024/3709/2024 2241/4163/2241
f 2242/4164/2242 2243/4165/2243 2202/4049/2202
f 2201/4048/2201 2242/4164/2242 2202/4049/2202
f 2201/4048/2201 2203/4166/2203 2242/4164/2242
f 2170/4053/2170 2244/4167/2244 1941/3552/1941
f 1965/3595/1965 2245/4168/2245 2171/3984/2171
f 1941/3552/1941 2244/4167/2244 2191/4023/2191
f 2055/4055/2055 2246/4169/2246 2204/4056/2204
f 2055/3789/2055 2208/4064/2208 2246/4170/2246
f 1969/3722/1969 2206/4171/2206 2192/4027/2192
f 2192/4027/2192 2206/4171/2206 2210/4068/2210
f 2034/3726/2034 2147/3945/2147 2208/4064/2208
f 1992/3655/1992 2228/4146/2228 2145/3943/2145
f 2146/3944/2146 2247/4172/2247 2175/3989/2175
f 1942/3553/1942 2227/4144/2227 1994/3657/1994
f 2013/4173/2013 2248/4174/2248 2060/4175/2060
f 2013/4173/2013 2215/4176/2215 2248/4174/2248
f 2213/4078/2213 2216/4177/2216 1861/3802/1861
f 1826/3307/1826 2249/4178/2249 1901/3469/1901
f 1994/3657/1994 2015/3692/2015 1900/3468/1900
f 2154/3954/2154 2234/4179/2234 2233/4152/2233
f 2156/4180/2156 2236/4181/2236 2218/4182/2218
f 2158/4183/2158 2236/4181/2236 2156/4180/2156
f 2180/4002/2180 1976/4108/1976 2250/4184/2250
f 2127/3910/2127 1651/2884/1651 2186/4015/2186
f 1716/3748/1716 2238/4159/2238 2045/3746/2045
f 1891/3451/1891 2199/4042/2199 1907/3490/1907
f 2133/3921/2133 2093/3860/2093 2251/4185/2251
f 1963/3589/1963 1987/3642/1987 2252/4186/2252
f 2252/4186/2252 2245/4187/2245 1963/3589/1963
f 1963/4188/1963 2245/4168/2245 1965/3595/1965
f 2202/4138/2202 2253/4189/2253 2025/3710/2025
f 2242/4164/2242 2203/4166/2203 2254/4190/2254
f 2243/4165/2243 2254/4190/2254 2255/4191/2255
f 2242/4164/2242 2254/4190/2254 2243/4165/2243
f 2243/4192/2243 2256/4193/2256 2253/4189/2253
f 2243/4192/2243 2255/4194/2255 2256/4193/2256
f 2190/4195/2190 2257/4196/2257 2254/4190/2254
f 2190/4195/2190 2254/4190/2254 2203/4166/2203
f 2256/4193/2256 2255/4194/2255 2258/4197/2258
f 2256/4193/2256 2259/4198/2259 2260/4199/2260
f 2256/4193/2256 2258/4197/2258 2259/4198/2259
f 2030/3933/2030 2139/3935/2139 2190/4200/2190
f 2191/4023/2191 2261/4201/2261 2173/4026/2173
f 2210/4073/2210 2206/4202/2206 2262/4203/2262
f 2102/4069/2102 2175/4071/2175 2263/4204/2263
f 1994/4205/1994 2264/4206/2264 2015/3998/2015
f 2233/4152/2233 2265/4207/2265 2232/4150/2232
f 2234/4179/2234 2265/4207/2265 2233/4152/2233
f 2015/3998/2015 2264/4206/2264 2068/3955/2068
f 2234/4179/2234 2266/4208/2266 2265/4207/2265
f 2218/4091/2218 2266/4209/2266 2234/4153/2234
f 1672/3995/1672 2177/3994/2177 2198/4210/2198
f 2236/4181/2236 2266/4211/2266 2218/4182/2218
f 1904/3486/1904 2267/4212/2267 2239/4161/2239
f 2002/3671/2002 2267/4212/2267 1904/3486/1904
f 2199/4042/2199 2240/4162/2240 2004/3674/2004
f 2093/4213/2093 2005/4214/2005 2251/4215/2251
f 2005/4214/2005 2204/4056/2204 2251/4215/2251
f 2202/4138/2202 2243/4192/2243 2253/4189/2253
f 2025/4140/2025 2253/4216/2253 2189/4141/2189
f 2256/4193/2256 2260/4199/2260 2253/4189/2253
f 2190/4200/2190 2268/4217/2268 2257/4218/2257
f 2269/4219/2269 2253/4216/2253 2270/4220/2270
f 2260/4221/2260 2270/4220/2270 2253/4216/2253
f 2269/4219/2269 2270/4220/2270 2271/4222/2271
f 2260/4221/2260 2259/4223/2259 2270/4220/2270
f 2191/4023/2191 2244/4167/2244 2261/4201/2261
f 2259/4223/2259 2272/4224/2272 2270/4220/2270
f 2270/4220/2270 2272/4224/2272 2271/4222/2271
f 2271/4222/2271 2272/4224/2272 2273/4225/2273
f 2245/4168/2245 2274/4226/2274 2171/3984/2171
f 2273/4225/2273 2275/4227/2275 2276/4228/2276
f 2102/4072/2102 2277/4229/2277 2147/3945/2147
f 2102/4230/2102 2263/4231/2263 2278/4232/2278
f 2274/4226/2274 2227/4144/2227 2171/3984/2171
f 2145/3943/2145 2228/4146/2228 2279/4233/2279
f 2145/3943/2145 2279/4233/2279 2230/4148/2230
f 2175/3989/2175 2247/4172/2247 2263/4234/2263
f 2210/4073/2210 2262/4203/2262 2176/3991/2176
f 2036/3947/2036 2280/4235/2280 2231/4149/2231
f 2280/4235/2280 2213/4078/2213 2231/4149/2231
f 2281/4236/2281 2247/4172/2247 2146/3944/2146
f 2230/4148/2230 2282/4237/2282 2146/3944/2146
f 2146/3944/2146 2282/4237/2282 2281/4236/2281
f 2176/3991/2176 2249/4238/2249 1826/3992/1826
f 1902/3471/1902 2068/3955/2068 2178/3996/2178
f 2266/4211/2266 2236/4181/2236 2283/4239/2283
f 2284/4240/2284 2285/4241/2285 1976/4037/1976
f 2198/4036/2198 2284/4240/2284 1976/4037/1976
f 2236/4155/2236 2237/4157/2237 2283/4242/2283
f 2180/4002/2180 2250/4184/2250 2237/4157/2237
f 1976/4037/1976 2285/4241/2285 2250/4243/2250
f 1953/4244/1953 2127/4245/2127 2286/4246/2286
f 1985/3638/1985 2240/4162/2240 2287/4247/2287
f 2092/4248/2092 2288/4249/2288 1987/4250/1987
f 2133/3922/2133 2289/4251/2289 2241/4163/2241
f 2251/4215/2251 2204/4056/2204 2290/4252/2290
f 2244/4253/2244 2291/4254/2291 2292/4255/2292
f 2254/4190/2254 2257/4196/2257 2255/4191/2255
f 2255/4191/2255 2257/4196/2257 2258/4256/2258
f 2253/4216/2253 2269/4219/2269 2293/4257/2293
f 2139/3935/2139 2268/4217/2268 2190/4200/2190
f 2259/4223/2259 2294/4258/2294 2272/4224/2272
f 2271/4222/2271 2295/4259/2295 2269/4219/2269
f 2273/4225/2273 2276/4228/2276 2295/4259/2295
f 2271/4222/2271 2273/4225/2273 2295/4259/2295
f 2295/4260/2295 2276/4261/2276 2296/4262/2296
f 2147/3945/2147 2246/4170/2246 2208/4064/2208
f 2276/4261/2276 2297/4263/2297 2296/4262/2296
f 2273/4225/2273 2298/4264/2298 2275/4227/2275
f 2277/4265/2277 2102/4230/2102 2278/4232/2278
f 2276/4261/2276 2275/4266/2275 2297/4263/2297
f 2147/4267/2147 2277/4265/2277 2299/4268/2299
f 2275/4266/2275 2300/4269/2300 2297/4263/2297
f 2296/4262/2296 2297/4263/2297 2301/4270/2301
f 2297/4263/2297 2300/4269/2300 2301/4270/2301
f 1948/3567/1948 2150/3950/2150 2229/4147/2229
f 2194/4031/2194 2280/4235/2280 2036/3947/2036
f 2279/4271/2279 2282/4272/2282 2230/4273/2230
f 2213/4078/2213 2302/4274/2302 2216/4177/2216
f 2303/4275/2303 2232/4150/2232 2265/4207/2265
f 2265/4207/2265 2266/4208/2266 2303/4275/2303
f 2304/4276/2304 1901/3469/1901 2249/4178/2249
f 2216/4088/2216 2284/4277/2284 2177/3994/2177
f 2284/4277/2284 2198/4210/2198 2177/3994/2177
f 2266/4211/2266 2283/4239/2283 2305/4278/2305
f 2283/4242/2283 2237/4157/2237 2285/4279/2285
f 2237/4157/2237 2250/4184/2250 2285/4279/2285
f 1830/3318/1830 1953/3575/1953 2286/4280/2286
f 2160/4039/2160 2306/4281/2306 1979/3630/1979
f 1957/4282/1957 2307/4283/2307 2049/4284/2049
f 2241/4163/2241 2308/4285/2308 2200/4043/2200
f 2241/4286/2241 2289/4287/2289 2309/4288/2309
f 2309/4288/2309 2289/4287/2289 2310/4289/2310
f 2241/4286/2241 2309/4288/2309 2308/4290/2308
f 2189/4141/2189 2293/4257/2293 2311/4291/2311
f 2253/4216/2253 2293/4257/2293 2189/4141/2189
f 2204/4056/2204 2246/4169/2246 2290/4252/2290
f 2244/4253/2244 2312/4292/2312 2291/4254/2291
f 2244/4253/2244 2170/3982/2170 2312/4292/2312
f 2170/3982/2170 2094/3863/2094 2312/4292/2312
f 2259/4293/2259 2258/4256/2258 2313/4294/2313
f 2189/4021/2189 2314/4295/2314 2006/3678/2006
f 2309/4288/2309 2277/4265/2277 2315/4296/2315
f 2295/4259/2295 2316/4297/2316 2269/4219/2269
f 2143/4025/2143 2317/4298/2317 2139/3935/2139
f 2309/4288/2309 2299/4268/2299 2277/4265/2277
f 2295/4260/2295 2296/4262/2296 2316/4299/2316
f 2246/4169/2246 2147/4267/2147 2299/4268/2299
f 2272/4224/2272 2294/4258/2294 2273/4225/2273
f 2273/4225/2273 2294/4258/2294 2298/4264/2298
f 2143/4300/2143 2209/4301/2209 2317/4302/2317
f 2214/4079/2214 2226/4303/2226 2033/4145/2033
f 2275/4266/2275 2298/4304/2298 2300/4269/2300
f 2209/4066/2209 2060/4065/2060 2248/4305/2248
f 2247/4172/2247 2318/4306/2318 2263/4234/2263
f 2301/4270/2301 2319/4307/2319 2320/4308/2320
f 2301/4270/2301 2300/4269/2300 2319/4307/2319
f 2213/4078/2213 2280/4235/2280 2302/4274/2302
f 2264/4206/2264 2321/4309/2321 2068/3955/2068
f 2068/3955/2068 2321/4309/2321 2178/3996/2178
f 2216/4088/2216 2302/4310/2302 2284/4277/2284
f 2266/4211/2266 2305/4278/2305 2303/4311/2303
f 1975/4312/1975 2235/4313/2235 2322/4314/2322
f 1979/3630/1979 2323/4315/2323 1980/3631/1980
f 2187/4017/2187 2307/4316/2307 1957/3581/1957
f 2002/3671/2002 1985/3856/1985 2287/4317/2287
f 2049/3855/2049 2307/4318/2307 2199/4042/2199
f 2200/4043/2200 2288/4319/2288 2092/3858/2092
f 2133/3921/2133 2251/4185/2251 2289/4320/2289
f 2309/4288/2309 2315/4296/2315 2308/4290/2308
f 2290/4252/2290 2246/4169/2246 2310/4289/2310
f 2310/4289/2310 2299/4268/2299 2309/4288/2309
f 2268/4321/2268 2324/4322/2324 2257/4196/2257
f 2094/3863/2094 2226/4142/2226 2312/4292/2312
f 2269/4219/2269 2316/4297/2316 2293/4257/2293
f 2259/4223/2259 2313/4323/2313 2294/4258/2294
f 2257/4196/2257 2313/4294/2313 2258/4256/2258
f 2246/4169/2246 2299/4268/2299 2310/4289/2310
f 2206/4324/2206 2006/4325/2006 2314/4326/2314
f 2277/4265/2277 2278/4232/2278 2315/4296/2315
f 2296/4262/2296 2325/4327/2325 2316/4299/2316
f 2206/4324/2206 2314/4326/2314 2262/4328/2262
f 2325/4327/2325 2296/4262/2296 2326/4329/2326
f 2261/4330/2261 2194/4331/2194 2173/4332/2173
f 2301/4270/2301 2326/4329/2326 2296/4262/2296
f 2298/4304/2298 2327/4333/2327 2300/4269/2300
f 2327/4333/2327 2319/4307/2319 2300/4269/2300
f 2328/4334/2328 2150/3950/2150 2178/3996/2178
f 2264/4206/2264 1994/4205/1994 2227/4335/2227
f 2329/4336/2329 2215/4151/2215 2232/4150/2232
f 2329/4337/2329 2232/4338/2232 2303/4311/2303
f 2322/4314/2322 2196/4339/2196 1975/4312/1975
f 2304/4340/2304 2075/3819/2075 1901/3521/1901
f 2330/4341/2330 2305/4342/2305 2283/4242/2283
f 1978/3624/1978 1830/3318/1830 2286/4280/2286
f 2251/4215/2251 2290/4252/2290 2289/4287/2289
f 2289/4287/2289 2290/4252/2290 2310/4289/2310
f 2252/4343/2252 2331/4344/2331 2245/4345/2245
f 2311/4291/2311 2332/4346/2332 2189/4141/2189
f 2332/4347/2332 2314/4348/2314 2189/4349/2189
f 2316/4297/2316 2311/4291/2311 2293/4257/2293
f 2332/4346/2332 2311/4291/2311 2316/4297/2316
f 2313/4294/2313 2257/4196/2257 2324/4322/2324
f 2292/4255/2292 2261/4350/2261 2244/4253/2244
f 2333/4351/2333 2316/4299/2316 2325/4327/2325
f 2334/4352/2334 2227/4335/2227 2274/4353/2274
f 2325/4327/2325 2326/4329/2326 2335/4354/2335
f 2229/4147/2229 2336/4355/2336 1974/3611/1974
f 2337/4356/2337 2061/4357/2061 1974/4358/1974
f 2338/4359/2338 2280/4360/2280 2194/4361/2194
f 2339/4362/2339 2229/4147/2229 2150/3950/2150
f 2326/4329/2326 2340/4363/2340 2335/4354/2335
f 2326/4329/2326 2301/4270/2301 2340/4363/2340
f 2301/4270/2301 2320/4308/2320 2340/4363/2340
f 2339/4362/2339 2150/3950/2150 2328/4334/2328
f 2248/4174/2248 2215/4176/2215 2341/4364/2341
f 2342/4365/2342 2284/4366/2284 2302/4367/2302
f 2127/4245/2127 2186/4368/2186 2343/4369/2343
f 1987/4250/1987 2288/4249/2288 2252/4343/2252
f 2291/4254/2291 2312/4292/2312 2344/4370/2344
f 2268/4217/2268 2139/3935/2139 2345/4371/2345
f 2332/4347/2332 2316/4299/2316 2333/4351/2333
f 2346/4372/2346 2347/4373/2347 2313/4294/2313
f 2313/4294/2313 2347/4373/2347 2348/4374/2348
f 2262/4375/2262 2314/4376/2314 2349/4377/2349
f 2274/4353/2274 2350/4378/2350 2334/4352/2334
f 2351/4379/2351 2352/4380/2352 2348/4381/2348
f 2335/4354/2335 2353/4382/2353 2325/4327/2325
f 2335/4354/2335 2354/4383/2354 2353/4382/2353
f 2337/4356/2337 2228/4384/2228 2061/4357/2061
f 2352/4385/2352 2355/4386/2355 2356/4387/2356
f 2196/4080/2196 2357/4388/2357 2214/4079/2214
f 2320/4308/2320 2319/4307/2319 2327/4333/2327
f 2227/4335/2227 2321/4309/2321 2264/4206/2264
f 2328/4334/2328 2178/3996/2178 2321/4309/2321
f 2320/4389/2320 2358/4390/2358 2340/4391/2340
f 2282/4272/2282 2359/4392/2359 2281/4393/2281
f 2281/4393/2281 2359/4392/2359 2247/4394/2247
f 2282/4272/2282 2360/4395/2360 2359/4392/2359
f 2284/4240/2284 2361/4396/2361 2285/4241/2285
f 2283/4242/2283 2285/4279/2285 2330/4341/2330
f 2235/4313/2235 1978/4397/1978 2362/4398/2362
f 2127/4245/2127 2343/4369/2343 2286/4246/2286
f 2045/3746/2045 2363/4399/2363 2187/4160/2187
f 2021/4400/2021 2239/4401/2239 2364/4402/2364
f 2331/4344/2331 2365/4403/2365 2245/4345/2245
f 2268/4217/2268 2366/4404/2366 2324/4405/2324
f 2245/4406/2245 2365/4407/2365 2274/4353/2274
f 2274/4353/2274 2365/4407/2365 2350/4378/2350
f 2313/4323/2313 2348/4408/2348 2294/4258/2294
f 2313/4294/2313 2324/4322/2324 2346/4372/2346
f 2214/4079/2214 2367/4409/2367 2226/4303/2226
f 2348/4410/2348 2352/4385/2352 2368/4411/2368
f 2347/4412/2347 2351/4379/2351 2348/4381/2348
f 2351/4413/2351 2369/4414/2369 2352/4385/2352
f 2350/4378/2350 2336/4355/2336 2339/4362/2339
f 2350/4378/2350 2339/4362/2339 2334/4352/2334
f 2229/4147/2229 2339/4362/2339 2336/4355/2336
f 2336/4415/2336 2337/4416/2337 1974/4417/1974
f 2352/4385/2352 2369/4414/2369 2355/4386/2355
f 2334/4352/2334 2339/4362/2339 2328/4334/2328
f 2334/4352/2334 2328/4334/2328 2227/4335/2227
f 2176/3991/2176 2262/4203/2262 2370/4418/2370
f 2335/4419/2335 2340/4391/2340 2371/4420/2371
f 2335/4419/2335 2371/4420/2371 2354/4421/2354
f 2356/4387/2356 2355/4386/2355 2372/4422/2372
f 2370/4418/2370 2249/4238/2249 2176/3991/2176
f 2227/4335/2227 2328/4334/2328 2321/4309/2321
f 2247/4394/2247 2359/4392/2359 2318/4423/2318
f 2320/4424/2320 2327/4425/2327 2373/4426/2373
f 2320/4424/2320 2373/4426/2373 2358/4427/2358
f 2358/4427/2358 2373/4426/2373 2374/4428/2374
f 2215/4429/2215 2329/4337/2329 2341/4430/2341
f 2340/4391/2340 2358/4390/2358 2375/4431/2375
f 2303/4311/2303 2305/4278/2305 2329/4337/2329
f 2361/4432/2361 2330/4341/2330 2285/4279/2285
f 1980/4158/1980 2323/4433/2323 2238/4159/2238
f 2045/3746/2045 2238/4159/2238 2363/4399/2363
f 2021/4400/2021 2364/4402/2364 2044/4434/2044
f 2376/4435/2376 2240/4162/2240 2199/4042/2199
f 2288/4249/2288 2377/4436/2377 2252/4343/2252
f 2278/4232/2278 2378/4437/2378 2315/4296/2315
f 2291/4254/2291 2379/4438/2379 2292/4255/2292
f 2278/4232/2278 2380/4439/2380 2378/4437/2378
f 2332/4347/2332 2381/4440/2381 2314/4348/2314
f 2278/4232/2278 2263/4231/2263 2380/4439/2380
f 2332/4347/2332 2333/4351/2333 2381/4440/2381
f 2365/4403/2365 2382/4441/2382 2350/4442/2350
f 2348/4408/2348 2368/4443/2368 2294/4258/2294
f 2347/4412/2347 2346/4444/2346 2383/4445/2383
f 2263/4231/2263 2318/4446/2318 2384/4447/2384
f 2382/4448/2382 2336/4415/2336 2350/4449/2350
f 2351/4413/2351 2385/4450/2385 2369/4414/2369
f 2356/4387/2356 2368/4411/2368 2352/4385/2352
f 2372/4422/2372 2368/4411/2368 2356/4387/2356
f 2280/4360/2280 2338/4359/2338 2302/4451/2302
f 2355/4452/2355 2386/4453/2386 2372/4454/2372
f 2372/4455/2372 2386/4456/2386 2387/4457/2387
f 2370/4418/2370 2388/4458/2388 2249/4238/2249
f 2371/4420/2371 2340/4391/2340 2389/4459/2389
f 2358/4390/2358 2374/4460/2374 2375/4431/2375
f 2196/4339/2196 2322/4314/2322 2357/4461/2357
f 2305/4278/2305 2330/4462/2330 2390/4463/2390
f 2075/4464/2075 2391/4465/2391 2160/4466/2160
f 2186/4368/2186 2044/4467/2044 2392/4468/2392
f 2187/4160/2187 2363/4399/2363 2393/4469/2393
f 2187/4017/2187 2393/4470/2393 2307/4316/2307
f 2002/3671/2002 2394/4471/2394 2267/4212/2267
f 2287/4317/2287 2394/4471/2394 2002/3671/2002
f 2288/4249/2288 2395/4472/2395 2377/4436/2377
f 2288/4319/2288 2200/4043/2200 2395/4473/2395
f 2308/4290/2308 2315/4296/2315 2378/4437/2378
f 2292/4255/2292 2379/4438/2379 2261/4350/2261
f 2324/4322/2324 2366/4474/2366 2396/4475/2396
f 2324/4322/2324 2396/4475/2396 2346/4372/2346
f 2346/4444/2346 2396/4476/2396 2383/4445/2383
f 2263/4231/2263 2384/4447/2384 2380/4439/2380
f 2333/4351/2333 2325/4327/2325 2353/4382/2353
f 2347/4412/2347 2383/4445/2383 2351/4379/2351
f 2397/4477/2397 2298/4264/2298 2294/4258/2294
f 2371/4420/2371 2398/4478/2398 2354/4421/2354
f 2282/4272/2282 2399/4479/2399 2360/4395/2360
f 2359/4392/2359 2360/4395/2360 2400/4480/2400
f 2340/4391/2340 2375/4431/2375 2389/4459/2389
f 2249/4178/2249 2388/4481/2388 2304/4276/2304
f 2075/4464/2075 2304/4482/2304 2391/4465/2391
f 2307/4318/2307 2376/4435/2376 2199/4042/2199
f 2200/4483/2200 2308/4290/2308 2395/4484/2395
f 2252/4343/2252 2377/4436/2377 2331/4344/2331
f 2291/4485/2291 2344/4486/2344 2401/4487/2401
f 2291/4485/2291 2401/4487/2401 2379/4488/2379
f 2139/3935/2139 2317/4298/2317 2345/4371/2345
f 2312/4489/2312 2226/4490/2226 2402/4491/2402
f 2226/4490/2226 2367/4492/2367 2402/4491/2402
f 2382/4448/2382 2337/4416/2337 2336/4415/2336
f 2294/4258/2294 2368/4443/2368 2397/4477/2397
f 2209/4301/2209 2248/4493/2248 2403/4494/2403
f 2404/4495/2404 2367/4409/2367 2214/4079/2214
f 2338/4496/2338 2194/4331/2194 2405/4497/2405
f 2397/4498/2397 2327/4333/2327 2298/4304/2298
f 2355/4452/2355 2369/4499/2369 2386/4453/2386
f 2341/4430/2341 2406/4500/2406 2248/4501/2248
f 2371/4420/2371 2389/4459/2389 2398/4478/2398
f 2329/4337/2329 2305/4278/2305 2341/4430/2341
f 2407/4502/2407 2375/4431/2375 2374/4460/2374
f 2391/4465/2391 2306/4503/2306 2160/4466/2160
f 2306/4281/2306 2323/4315/2323 1979/3630/1979
f 2392/4504/2392 2044/4434/2044 2364/4402/2364
f 2308/4290/2308 2378/4437/2378 2395/4484/2395
f 2366/4404/2366 2268/4217/2268 2345/4371/2345
f 2382/4441/2382 2365/4403/2365 2408/4505/2408
f 2381/4440/2381 2409/4506/2409 2314/4348/2314
f 2410/4507/2410 2383/4445/2383 2396/4476/2396
f 2411/4508/2411 2194/4331/2194 2261/4330/2261
f 2385/4450/2385 2412/4509/2412 2369/4414/2369
f 2413/4510/2413 2228/4384/2228 2337/4356/2337
f 2228/4384/2228 2413/4510/2413 2279/4271/2279
f 2372/4511/2372 2387/4512/2387 2368/4513/2368
f 2413/4510/2413 2414/4514/2414 2279/4271/2279
f 2282/4272/2282 2279/4271/2279 2414/4514/2414
f 2318/4423/2318 2359/4392/2359 2415/4515/2415
f 2398/4478/2398 2389/4459/2389 2416/4516/2416
f 2417/4517/2417 2387/4457/2387 2386/4456/2386
f 2341/4430/2341 2305/4278/2305 2418/4518/2418
f 2389/4459/2389 2375/4431/2375 2419/4519/2419
f 2375/4431/2375 2407/4502/2407 2420/4520/2420
f 2421/4521/2421 2284/4522/2284 2342/4523/2342
f 2421/4524/2421 2361/4396/2361 2284/4240/2284
f 2331/4344/2331 2408/4505/2408 2365/4403/2365
f 2345/4525/2345 2317/4302/2317 2422/4526/2422
f 2379/4527/2379 2411/4508/2411 2261/4330/2261
f 2385/4450/2385 2351/4413/2351 2423/4528/2423
f 2351/4379/2351 2383/4445/2383 2423/4529/2423
f 2333/4351/2333 2409/4506/2409 2381/4440/2381
f 2333/4351/2333 2353/4382/2353 2409/4506/2409
f 2338/4496/2338 2342/4365/2342 2302/4367/2302
f 2248/4501/2248 2406/4500/2406 2424/4530/2424
f 2415/4515/2415 2359/4392/2359 2400/4480/2400
f 2341/4430/2341 2418/4518/2418 2406/4500/2406
f 2374/4428/2374 2373/4426/2373 2407/4531/2407
f 2375/4431/2375 2420/4520/2420 2419/4519/2419
f 2322/4314/2322 2425/4532/2425 2357/4461/2357
f 2235/4313/2235 2362/4398/2362 2426/4533/2426
f 2186/4368/2186 2427/4534/2427 2343/4369/2343
f 2307/4535/2307 2393/4536/2393 2428/4537/2428
f 2240/4162/2240 2376/4435/2376 2429/4538/2429
f 2377/4436/2377 2430/4539/2430 2331/4344/2331
f 2395/4472/2395 2378/4540/2378 2431/4541/2431
f 2366/4542/2366 2345/4525/2345 2432/4543/2432
f 2366/4542/2366 2410/4544/2410 2396/4545/2396
f 2409/4546/2409 2349/4547/2349 2314/4548/2314
f 2194/4331/2194 2411/4508/2411 2405/4497/2405
f 2354/4421/2354 2409/4549/2409 2353/4550/2353
f 2248/4551/2248 2424/4552/2424 2433/4553/2433
f 2398/4478/2398 2434/4554/2434 2354/4421/2354
f 2368/4555/2368 2435/4556/2435 2397/4557/2397
f 2368/4555/2368 2387/4457/2387 2435/4556/2435
f 2387/4457/2387 2417/4517/2417 2435/4556/2435
f 2327/4425/2327 2436/4558/2436 2373/4426/2373
f 2417/4517/2417 2386/4456/2386 2437/4559/2437
f 2389/4459/2389 2419/4519/2419 2416/4516/2416
f 2417/4517/2417 2437/4559/2437 2438/4560/2438
f 2282/4272/2282 2414/4514/2414 2399/4479/2399
f 2420/4520/2420 2439/4561/2439 2419/4519/2419
f 2235/4313/2235 2426/4533/2426 2322/4314/2322
f 2286/4562/2286 2362/4398/2362 1978/4397/1978
f 2323/4433/2323 2440/4563/2440 2238/4159/2238
f 2186/4368/2186 2392/4468/2392 2427/4534/2427
f 2239/4161/2239 2267/4212/2267 2441/4564/2441
f 2395/4472/2395 2431/4541/2431 2377/4436/2377
f 2377/4436/2377 2431/4541/2431 2430/4539/2430
f 2331/4344/2331 2430/4539/2430 2408/4505/2408
f 2345/4525/2345 2422/4526/2422 2432/4543/2432
f 2378/4540/2378 2380/4565/2380 2442/4566/2442
f 2366/4542/2366 2443/4567/2443 2410/4544/2410
f 2383/4445/2383 2444/4568/2444 2423/4529/2423
f 2410/4507/2410 2444/4568/2444 2383/4445/2383
f 2382/4448/2382 2445/4569/2445 2337/4416/2337
f 2262/4570/2262 2349/4571/2349 2446/4572/2446
f 2415/4515/2415 2384/4573/2384 2318/4423/2318
f 2262/4570/2262 2446/4572/2446 2370/4574/2370
f 2369/4499/2369 2412/4575/2412 2386/4453/2386
f 2357/4388/2357 2404/4495/2404 2214/4079/2214
f 2337/4416/2337 2445/4569/2445 2413/4576/2413
f 2327/4425/2327 2397/4557/2397 2436/4558/2436
f 2417/4517/2417 2447/4577/2447 2435/4556/2435
f 2417/4517/2417 2438/4560/2438 2447/4577/2447
f 2399/4479/2399 2448/4578/2448 2360/4395/2360
f 2373/4426/2373 2436/4558/2436 2449/4579/2449
f 2373/4426/2373 2449/4579/2449 2407/4531/2407
f 2407/4531/2407 2449/4579/2449 2420/4580/2420
f 2420/4581/2420 2449/4582/2449 2450/4583/2450
f 2427/4534/2427 2392/4468/2392 2451/4584/2451
f 2287/4317/2287 2452/4585/2452 2394/4471/2394
f 2429/4586/2429 2452/4585/2452 2240/4587/2240
f 2401/4487/2401 2453/4588/2453 2379/4488/2379
f 2366/4542/2366 2432/4543/2432 2443/4567/2443
f 2379/4527/2379 2454/4589/2454 2411/4508/2411
f 2248/4493/2248 2433/4590/2433 2403/4494/2403
f 2354/4421/2354 2434/4554/2434 2409/4549/2409
f 2418/4518/2418 2455/4591/2455 2406/4500/2406
f 2418/4518/2418 2456/4592/2456 2455/4591/2455
f 2388/4593/2388 2457/4594/2457 2304/4482/2304
f 2420/4581/2420 2450/4583/2450 2439/4595/2439
f 2330/4341/2330 2361/4432/2361 2390/4596/2390
f 2457/4594/2457 2391/4465/2391 2304/4482/2304
f 2267/4212/2267 2394/4471/2394 2441/4564/2441
f 2307/4535/2307 2458/4597/2458 2376/4598/2376
f 2240/4587/2240 2452/4585/2452 2287/4317/2287
f 2378/4540/2378 2442/4566/2442 2431/4541/2431
f 2317/4302/2317 2209/4301/2209 2422/4526/2422
f 2409/4546/2409 2434/4599/2434 2349/4547/2349
f 2382/4448/2382 2459/4600/2459 2445/4569/2445
f 2405/4497/2405 2342/4365/2342 2338/4496/2338
f 2412/4601/2412 2460/4602/2460 2386/4603/2386
f 2386/4456/2386 2460/4604/2460 2437/4559/2437
f 2445/4569/2445 2461/4605/2461 2413/4576/2413
f 2397/4557/2397 2435/4556/2435 2436/4558/2436
f 2370/4574/2370 2462/4606/2462 2388/4593/2388
f 2436/4558/2436 2463/4607/2463 2449/4579/2449
f 2360/4395/2360 2448/4578/2448 2400/4480/2400
f 2388/4593/2388 2462/4606/2462 2457/4594/2457
f 2306/4608/2306 2464/4609/2464 2323/4610/2323
f 2238/4159/2238 2440/4563/2440 2363/4399/2363
f 2363/4611/2363 2465/4612/2465 2393/4536/2393
f 2344/4486/2344 2466/4613/2466 2401/4487/2401
f 2312/4292/2312 2466/4614/2466 2344/4370/2344
f 2410/4507/2410 2467/4615/2467 2444/4568/2444
f 2423/4616/2423 2444/4617/2444 2468/4618/2468
f 2379/4488/2379 2469/4619/2469 2454/4620/2454
f 2406/4500/2406 2455/4591/2455 2424/4530/2424
f 2447/4577/2447 2436/4558/2436 2435/4556/2435
f 2437/4559/2437 2470/4621/2470 2438/4560/2438
f 2419/4519/2419 2471/4622/2471 2416/4516/2416
f 2447/4577/2447 2438/4560/2438 2470/4621/2470
f 2357/4623/2357 2425/4624/2425 2404/4625/2404
f 2361/4432/2361 2421/4626/2421 2390/4596/2390
f 2450/4583/2450 2472/4627/2472 2439/4595/2439
f 2464/4609/2464 2440/4628/2440 2323/4610/2323
f 2473/4629/2473 2451/4630/2451 2392/4504/2392
f 2428/4537/2428 2458/4597/2458 2307/4535/2307
f 2474/4631/2474 2453/4588/2453 2401/4487/2401
f 2475/4632/2475 2312/4489/2312 2402/4491/2402
f 2476/4633/2476 2443/4567/2443 2432/4543/2432
f 2432/4543/2432 2422/4526/2422 2453/4634/2453
f 2469/4635/2469 2453/4634/2453 2422/4526/2422
f 2469/4619/2469 2379/4488/2379 2453/4588/2453
f 2384/4636/2384 2442/4566/2442 2380/4565/2380
f 2422/4526/2422 2209/4301/2209 2403/4494/2403
f 2408/4637/2408 2459/4600/2459 2382/4448/2382
f 2412/4509/2412 2385/4450/2385 2423/4528/2423
f 2402/4491/2402 2367/4492/2367 2477/4638/2477
f 2478/4639/2478 2370/4574/2370 2446/4572/2446
f 2478/4639/2478 2462/4606/2462 2370/4574/2370
f 2461/4605/2461 2414/4640/2414 2413/4576/2413
f 2479/4641/2479 2400/4480/2400 2448/4578/2448
f 2456/4592/2456 2418/4518/2418 2305/4278/2305
f 2463/4607/2463 2436/4558/2436 2447/4577/2447
f 2391/4642/2391 2480/4643/2480 2306/4644/2306
f 2364/4402/2364 2239/4401/2239 2473/4629/2473
f 2312/4489/2312 2475/4632/2475 2466/4645/2466
f 2431/4541/2431 2442/4566/2442 2481/4646/2481
f 2443/4567/2443 2467/4647/2467 2410/4544/2410
f 2423/4648/2423 2468/4649/2468 2482/4650/2482
f 2367/4492/2367 2404/4651/2404 2477/4638/2477
f 2454/4589/2454 2405/4497/2405 2411/4508/2411
f 2384/4573/2384 2415/4515/2415 2483/4652/2483
f 2454/4653/2454 2342/4523/2342 2405/4654/2405
f 2455/4591/2455 2456/4592/2456 2424/4530/2424
f 2424/4552/2424 2456/4655/2456 2484/4656/2484
f 2400/4480/2400 2479/4641/2479 2415/4515/2415
f 2485/4657/2485 2399/4658/2399 2461/4659/2461
f 2461/4659/2461 2399/4658/2399 2414/4660/2414
f 2399/4658/2399 2486/4661/2486 2448/4662/2448
f 2322/4314/2322 2426/4533/2426 2425/4532/2425
f 2449/4582/2449 2487/4663/2487 2450/4583/2450
f 2450/4583/2450 2487/4663/2487 2472/4627/2472
f 2362/4664/2362 2286/4665/2286 2488/4666/2488
f 2464/4609/2464 2489/4667/2489 2440/4628/2440
f 2343/4369/2343 2427/4534/2427 2490/4668/2490
f 2440/4628/2440 2491/4669/2491 2363/4611/2363
f 2491/4669/2491 2465/4612/2465 2363/4611/2363
f 2392/4504/2392 2364/4402/2364 2473/4629/2473
f 2239/4161/2239 2441/4564/2441 2492/4670/2492
f 2401/4487/2401 2466/4613/2466 2474/4631/2474
f 2431/4541/2431 2481/4646/2481 2430/4539/2430
f 2444/4671/2444 2467/4672/2467 2493/4673/2493
f 2443/4674/2443 2494/4675/2494 2467/4672/2467
f 2422/4526/2422 2495/4676/2495 2469/4635/2469
f 2422/4526/2422 2403/4494/2403 2495/4676/2495
f 2398/4478/2398 2496/4677/2496 2434/4554/2434
f 2398/4478/2398 2416/4516/2416 2496/4677/2496
f 2437/4559/2437 2460/4604/2460 2470/4621/2470
f 2470/4621/2470 2497/4678/2497 2447/4577/2447
f 2419/4519/2419 2439/4561/2439 2471/4622/2471
f 2439/4595/2439 2472/4627/2472 2471/4679/2471
f 2362/4398/2362 2498/4680/2498 2426/4533/2426
f 2286/4246/2286 2343/4369/2343 2488/4681/2488
f 2239/4401/2239 2492/4682/2492 2473/4629/2473
f 2393/4536/2393 2465/4612/2465 2428/4537/2428
f 2394/4471/2394 2452/4585/2452 2499/4683/2499
f 2458/4684/2458 2429/4538/2429 2376/4435/2376
f 2432/4543/2432 2453/4634/2453 2476/4633/2476
f 2442/4685/2442 2384/4573/2384 2500/4686/2500
f 2423/4648/2423 2482/4650/2482 2412/4601/2412
f 2403/4687/2403 2501/4688/2501 2495/4689/2495
f 2403/4687/2403 2433/4553/2433 2501/4688/2501
f 2404/4625/2404 2502/4690/2502 2477/4691/2477
f 2434/4599/2434 2446/4692/2446 2349/4547/2349
f 2496/4693/2496 2446/4692/2446 2434/4599/2434
f 2415/4515/2415 2479/4641/2479 2483/4652/2483
f 2470/4621/2470 2460/4604/2460 2503/4694/2503
f 2470/4621/2470 2503/4694/2503 2497/4678/2497
f 2463/4607/2463 2447/4577/2447 2497/4678/2497
f 2463/4695/2463 2487/4663/2487 2449/4582/2449
f 2463/4695/2463 2497/4696/2497 2487/4663/2487
f 2426/4533/2426 2498/4680/2498 2504/4697/2504
f 2457/4594/2457 2480/4698/2480 2391/4465/2391
f 2362/4398/2362 2488/4699/2488 2498/4680/2498
f 2480/4643/2480 2464/4700/2464 2306/4644/2306
f 2474/4631/2474 2505/4701/2505 2453/4588/2453
f 2453/4588/2453 2505/4701/2505 2476/4702/2476
f 2443/4567/2443 2476/4633/2476 2506/4703/2506
f 2408/4637/2408 2430/4704/2430 2507/4705/2507
f 2469/4706/2469 2495/4707/2495 2508/4708/2508
f 2412/4601/2412 2482/4650/2482 2509/4709/2509
f 2454/4710/2454 2469/4706/2469 2508/4708/2508
f 2412/4601/2412 2509/4709/2509 2460/4602/2460
f 2471/4622/2471 2510/4711/2510 2416/4516/2416
f 2425/4624/2425 2502/4690/2502 2404/4625/2404
f 2399/4658/2399 2485/4657/2485 2486/4661/2486
f 2487/4663/2487 2511/4712/2511 2472/4627/2472
f 2428/4537/2428 2465/4612/2465 2512/4713/2512
f 2512/4713/2512 2458/4597/2458 2428/4537/2428
f 2466/4613/2466 2513/4714/2513 2474/4631/2474
f 2476/4715/2476 2514/4716/2514 2506/4717/2506
f 2442/4685/2442 2500/4686/2500 2481/4718/2481
f 2506/4717/2506 2494/4675/2494 2443/4674/2443
f 2467/4672/2467 2515/4719/2515 2493/4673/2493
f 2408/4637/2408 2507/4705/2507 2459/4600/2459
f 2424/4552/2424 2516/4720/2516 2433/4553/2433
f 2424/4552/2424 2484/4656/2484 2516/4720/2516
f 2445/4569/2445 2459/4600/2459 2517/4721/2517
f 2478/4639/2478 2446/4572/2446 2496/4722/2496
f 2305/4278/2305 2390/4463/2390 2456/4592/2456
f 2421/4723/2421 2518/4724/2518 2390/4725/2390
f 2426/4533/2426 2519/4726/2519 2425/4532/2425
f 2426/4533/2426 2504/4697/2504 2519/4726/2519
f 2464/4609/2464 2520/4727/2520 2489/4667/2489
f 2440/4628/2440 2489/4667/2489 2491/4669/2491
f 2458/4597/2458 2521/4728/2521 2429/4729/2429
f 2452/4585/2452 2429/4586/2429 2522/4730/2522
f 2466/4613/2466 2475/4731/2475 2513/4714/2513
f 2505/4732/2505 2514/4716/2514 2476/4715/2476
f 2430/4704/2430 2481/4733/2481 2507/4705/2507
f 2402/4734/2402 2523/4735/2523 2475/4736/2475
f 2402/4734/2402 2477/4691/2477 2523/4735/2523
f 2460/4602/2460 2509/4709/2509 2524/4737/2524
f 2342/4523/2342 2525/4738/2525 2421/4521/2421
f 2445/4569/2445 2517/4721/2517 2461/4605/2461
f 2416/4516/2416 2510/4711/2510 2496/4677/2496
f 2462/4606/2462 2526/4739/2526 2457/4594/2457
f 2472/4627/2472 2527/4740/2527 2471/4679/2471
f 2472/4627/2472 2511/4712/2511 2527/4740/2527
f 2488/4681/2488 2343/4369/2343 2490/4668/2490
f 2491/4669/2491 2528/4741/2528 2465/4612/2465
f 2394/4471/2394 2499/4683/2499 2441/4564/2441
f 2474/4631/2474 2513/4714/2513 2505/4701/2505
f 2444/4742/2444 2493/4743/2493 2529/4744/2529
f 2506/4717/2506 2514/4716/2514 2494/4675/2494
f 2467/4672/2467 2494/4675/2494 2515/4719/2515
f 2495/4689/2495 2501/4688/2501 2530/4745/2530
f 2454/4653/2454 2531/4746/2531 2342/4523/2342
f 2342/4523/2342 2531/4746/2531 2525/4738/2525
f 2484/4656/2484 2456/4655/2456 2516/4720/2516
f 2462/4606/2462 2478/4639/2478 2532/4747/2532
f 2460/4604/2460 2533/4748/2533 2503/4694/2503
f 2486/4661/2486 2534/4749/2534 2448/4662/2448
f 2534/4749/2534 2479/4750/2479 2448/4662/2448
f 2425/4624/2425 2519/4751/2519 2502/4690/2502
f 2471/4679/2471 2527/4740/2527 2535/4752/2535
f 2473/4629/2473 2492/4682/2492 2536/4753/2536
f 2522/4730/2522 2499/4683/2499 2452/4585/2452
f 2529/4744/2529 2468/4649/2468 2444/4742/2444
f 2537/4754/2537 2482/4650/2482 2468/4649/2468
f 2500/4686/2500 2384/4573/2384 2483/4652/2483
f 2516/4720/2516 2456/4655/2456 2538/4755/2538
f 2532/4747/2532 2526/4739/2526 2462/4606/2462
f 2520/4756/2520 2464/4700/2464 2480/4643/2480
f 2489/4667/2489 2539/4757/2539 2491/4669/2491
f 2539/4757/2539 2528/4741/2528 2491/4669/2491
f 2540/4758/2540 2512/4713/2512 2465/4612/2465
f 2429/4586/2429 2521/4759/2521 2522/4730/2522
f 2541/4760/2541 2514/4761/2514 2505/4762/2505
f 2541/4760/2541 2542/4763/2542 2514/4761/2514
f 2514/4716/2514 2542/4764/2542 2494/4675/2494
f 2530/4765/2530 2508/4708/2508 2495/4707/2495
f 2501/4688/2501 2433/4553/2433 2543/4766/2543
f 2433/4553/2433 2516/4720/2516 2543/4766/2543
f 2508/4767/2508 2531/4746/2531 2454/4653/2454
f 2477/4691/2477 2502/4690/2502 2544/4768/2544
f 2525/4738/2525 2518/4769/2518 2421/4521/2421
f 2496/4722/2496 2532/4747/2532 2478/4639/2478
f 2485/4770/2485 2461/4771/2461 2517/4772/2517
f 2496/4773/2496 2510/4774/2510 2532/4775/2532
f 2487/4663/2487 2545/4776/2545 2511/4712/2511
f 2490/4777/2490 2546/4778/2546 2547/4779/2547
f 2427/4780/2427 2546/4778/2546 2490/4777/2490
f 2451/4630/2451 2473/4629/2473 2536/4753/2536
f 2492/4670/2492 2441/4564/2441 2548/4781/2548
f 2441/4564/2441 2499/4683/2499 2548/4781/2548
f 2458/4597/2458 2512/4713/2512 2521/4728/2521
f 2513/4782/2513 2475/4783/2475 2549/4784/2549
f 2529/4744/2529 2493/4743/2493 2550/4785/2550
f 2493/4743/2493 2515/4786/2515 2550/4785/2550
f 2494/4787/2494 2542/4763/2542 2515/4788/2515
f 2481/4733/2481 2551/4789/2551 2507/4705/2507
f 2516/4720/2516 2538/4755/2538 2543/4766/2543
f 2479/4750/2479 2552/4790/2552 2483/4791/2483
f 2524/4792/2524 2533/4748/2533 2460/4604/2460
f 2479/4750/2479 2534/4749/2534 2552/4790/2552
f 2471/4679/2471 2553/4793/2553 2510/4774/2510
f 2503/4794/2503 2554/4795/2554 2497/4796/2497
f 2533/4797/2533 2554/4795/2554 2503/4794/2503
f 2471/4679/2471 2535/4752/2535 2553/4793/2553
f 2457/4594/2457 2526/4739/2526 2480/4698/2480
f 2465/4612/2465 2528/4741/2528 2540/4758/2540
f 2505/4762/2505 2513/4798/2513 2555/4799/2555
f 2505/4762/2505 2555/4799/2555 2541/4760/2541
f 2541/4760/2541 2550/4800/2550 2542/4763/2542
f 2468/4649/2468 2529/4744/2529 2556/4801/2556
f 2549/4784/2549 2475/4783/2475 2557/4802/2557
f 2556/4801/2556 2537/4754/2537 2468/4649/2468
f 2542/4763/2542 2550/4800/2550 2515/4788/2515
f 2551/4789/2551 2558/4803/2558 2507/4705/2507
f 2501/4688/2501 2543/4766/2543 2530/4745/2530
f 2456/4655/2456 2559/4804/2559 2538/4755/2538
f 2560/4805/2560 2531/4746/2531 2508/4767/2508
f 2531/4746/2531 2560/4805/2560 2525/4738/2525
f 2532/4775/2532 2510/4774/2510 2553/4793/2553
f 2485/4657/2485 2561/4806/2561 2486/4661/2486
f 2497/4696/2497 2554/4807/2554 2487/4663/2487
f 2487/4663/2487 2554/4807/2554 2545/4776/2545
f 2527/4740/2527 2562/4808/2562 2535/4752/2535
f 2527/4740/2527 2511/4712/2511 2562/4808/2562
f 2490/4777/2490 2547/4779/2547 2488/4809/2488
f 2536/4753/2536 2492/4682/2492 2563/4810/2563
f 2513/4798/2513 2549/4811/2549 2555/4799/2555
f 2481/4733/2481 2500/4812/2500 2551/4789/2551
f 2530/4765/2530 2564/4813/2564 2508/4708/2508
f 2459/4600/2459 2507/4705/2507 2558/4803/2558
f 2459/4600/2459 2558/4803/2558 2517/4721/2517
f 2456/4655/2456 2390/4814/2390 2559/4804/2559
f 2524/4815/2524 2565/4816/2565 2533/4817/2533
f 2485/4657/2485 2517/4721/2517 2561/4806/2561
f 2532/4747/2532 2553/4818/2553 2526/4739/2526
f 2545/4776/2545 2566/4819/2566 2511/4712/2511
f 2511/4712/2511 2566/4819/2566 2562/4808/2562
f 2562/4820/2562 2566/4821/2566 2567/4822/2567
f 2504/4697/2504 2568/4823/2568 2569/4824/2569
f 2504/4697/2504 2498/4680/2498 2568/4823/2568
f 2498/4680/2498 2570/4825/2570 2568/4823/2568
f 2571/4826/2571 2572/4827/2572 2480/4643/2480
f 2498/4828/2498 2488/4829/2488 2570/4830/2570
f 2480/4643/2480 2572/4827/2572 2520/4756/2520
f 2488/4809/2488 2573/4831/2573 2570/4832/2570
f 2488/4809/2488 2547/4779/2547 2573/4831/2573
f 2520/4727/2520 2539/4757/2539 2489/4667/2489
f 2521/4759/2521 2574/4833/2574 2522/4730/2522
f 2555/4834/2555 2529/4744/2529 2541/4835/2541
f 2541/4835/2541 2529/4744/2529 2550/4785/2550
f 2482/4650/2482 2537/4754/2537 2509/4709/2509
f 2543/4836/2543 2538/4837/2538 2530/4838/2530
f 2509/4709/2509 2575/4839/2575 2524/4737/2524
f 2559/4804/2559 2564/4813/2564 2538/4755/2538
f 2483/4791/2483 2552/4790/2552 2500/4812/2500
f 2560/4805/2560 2576/4840/2576 2525/4738/2525
f 2525/4841/2525 2576/4842/2576 2518/4843/2518
f 2517/4721/2517 2577/4844/2577 2561/4806/2561
f 2486/4661/2486 2561/4806/2561 2534/4749/2534
f 2502/4690/2502 2519/4751/2519 2578/4845/2578
f 2553/4793/2553 2579/4846/2579 2526/4847/2526
f 2535/4752/2535 2579/4846/2579 2553/4793/2553
f 2519/4726/2519 2504/4697/2504 2569/4824/2569
f 2569/4824/2569 2568/4823/2568 2580/4848/2580
f 2480/4643/2480 2526/4849/2526 2571/4826/2571
f 2570/4850/2570 2581/4851/2581 2568/4852/2568
f 2570/4832/2570 2573/4831/2573 2581/4853/2581
f 2573/4831/2573 2582/4854/2582 2581/4853/2581
f 2573/4831/2573 2547/4779/2547 2583/4855/2583
f 2546/4778/2546 2583/4855/2583 2547/4779/2547
f 2427/4780/2427 2584/4856/2584 2546/4778/2546
f 2427/4857/2427 2451/4858/2451 2584/4859/2584
f 2521/4728/2521 2512/4713/2512 2585/4860/2585
f 2475/4783/2475 2523/4861/2523 2557/4802/2557
f 2500/4812/2500 2586/4862/2586 2551/4789/2551
f 2530/4765/2530 2538/4755/2538 2564/4813/2564
f 2508/4708/2508 2576/4863/2576 2560/4864/2560
f 2575/4839/2575 2587/4865/2587 2524/4737/2524
f 2559/4804/2559 2390/4814/2390 2518/4866/2518
f 2517/4721/2517 2558/4803/2558 2577/4844/2577
f 2502/4690/2502 2578/4845/2578 2544/4768/2544
f 2552/4790/2552 2534/4749/2534 2561/4806/2561
f 2533/4797/2533 2565/4867/2565 2588/4868/2588
f 2573/4831/2573 2583/4855/2583 2582/4854/2582
f 2451/4858/2451 2536/4869/2536 2584/4859/2584
f 2548/4870/2548 2563/4810/2563 2492/4682/2492
f 2549/4784/2549 2557/4802/2557 2589/4871/2589
f 2500/4812/2500 2552/4790/2552 2586/4862/2586
f 2564/4813/2564 2576/4863/2576 2508/4708/2508
f 2524/4815/2524 2587/4872/2587 2565/4816/2565
f 2535/4752/2535 2562/4808/2562 2579/4846/2579
f 2562/4820/2562 2590/4873/2590 2579/4874/2579
f 2562/4820/2562 2567/4822/2567 2590/4873/2590
f 2519/4726/2519 2569/4824/2569 2591/4875/2591
f 2580/4848/2580 2592/4876/2592 2569/4824/2569
f 2568/4852/2568 2581/4851/2581 2593/4877/2593
f 2546/4778/2546 2584/4856/2584 2594/4878/2594
f 2546/4778/2546 2594/4878/2594 2583/4855/2583
f 2540/4758/2540 2585/4860/2585 2512/4713/2512
f 2499/4683/2499 2595/4879/2595 2548/4781/2548
f 2555/4799/2555 2549/4811/2549 2596/4880/2596
f 2537/4754/2537 2597/4881/2597 2509/4709/2509
f 2509/4709/2509 2597/4881/2597 2575/4839/2575
f 2551/4789/2551 2586/4862/2586 2558/4803/2558
f 2559/4804/2559 2576/4863/2576 2564/4813/2564
f 2559/4804/2559 2518/4866/2518 2576/4863/2576
f 2552/4790/2552 2561/4806/2561 2586/4862/2586
f 2533/4797/2533 2588/4868/2588 2554/4795/2554
f 2545/4882/2545 2598/4883/2598 2566/4884/2566
f 2566/4885/2566 2598/4886/2598 2567/4887/2567
f 2590/4873/2590 2567/4822/2567 2599/4888/2599
f 2591/4875/2591 2592/4876/2592 2600/4889/2600
f 2600/4889/2600 2592/4876/2592 2601/4890/2601
f 2591/4875/2591 2569/4824/2569 2592/4876/2592
f 2579/4874/2579 2571/4826/2571 2526/4849/2526
f 2579/4874/2579 2590/4873/2590 2571/4826/2571
f 2568/4823/2568 2593/4891/2593 2580/4848/2580
f 2583/4855/2583 2602/4892/2602 2582/4854/2582
f 2583/4855/2583 2594/4878/2594 2602/4892/2602
f 2603/4893/2603 2585/4860/2585 2540/4758/2540
f 2522/4730/2522 2604/4894/2604 2499/4683/2499
f 2555/4799/2555 2605/4895/2605 2529/4896/2529
f 2529/4896/2529 2605/4895/2605 2556/4897/2556
f 2606/4898/2606 2549/4811/2549 2607/4899/2607
f 2557/4900/2557 2523/4735/2523 2608/4901/2608
f 2609/4902/2609 2587/4865/2587 2575/4839/2575
f 2558/4803/2558 2586/4862/2586 2577/4844/2577
f 2544/4768/2544 2578/4845/2578 2610/4903/2610
f 2611/4904/2611 2554/4795/2554 2588/4868/2588
f 2611/4904/2611 2598/4883/2598 2554/4795/2554
f 2599/4905/2599 2598/4883/2598 2612/4906/2612
f 2554/4795/2554 2598/4883/2598 2545/4882/2545
f 2599/4907/2599 2567/4887/2567 2598/4886/2598
f 2578/4845/2578 2519/4751/2519 2613/4908/2613
f 2519/4726/2519 2591/4875/2591 2613/4909/2613
f 2581/4853/2581 2582/4854/2582 2614/4910/2614
f 2594/4911/2594 2584/4912/2584 2615/4913/2615
f 2528/4741/2528 2539/4757/2539 2616/4914/2616
f 2616/4914/2616 2540/4758/2540 2528/4741/2528
f 2604/4894/2604 2522/4730/2522 2574/4833/2574
f 2555/4799/2555 2596/4880/2596 2605/4895/2605
f 2617/4915/2617 2556/4897/2556 2605/4895/2605
f 2596/4880/2596 2549/4811/2549 2606/4898/2606
f 2618/4916/2618 2537/4754/2537 2556/4801/2556
f 2618/4916/2618 2597/4881/2597 2537/4754/2537
f 2575/4839/2575 2619/4917/2619 2609/4902/2609
f 2619/4918/2619 2620/4919/2620 2609/4920/2609
f 2609/4920/2609 2620/4919/2620 2621/4921/2621
f 2609/4920/2609 2621/4921/2621 2587/4872/2587
f 2586/4862/2586 2561/4806/2561 2577/4844/2577
f 2587/4872/2587 2621/4921/2621 2565/4816/2565
f 2622/4922/2622 2623/4923/2623 2620/4924/2620
f 2621/4921/2621 2588/4925/2588 2565/4816/2565
f 2621/4926/2621 2611/4904/2611 2588/4868/2588
f 2598/4883/2598 2611/4904/2611 2612/4906/2612
f 2612/4906/2612 2611/4904/2611 2620/4924/2620
f 2620/4924/2620 2611/4904/2611 2621/4926/2621
f 2624/4927/2624 2578/4845/2578 2613/4908/2613
f 2582/4854/2582 2602/4892/2602 2625/4928/2625
f 2539/4757/2539 2626/4929/2626 2616/4914/2616
f 2595/4930/2595 2563/4810/2563 2548/4870/2548
f 2604/4894/2604 2595/4879/2595 2499/4683/2499
f 2627/4931/2627 2605/4895/2605 2596/4880/2596
f 2607/4899/2607 2549/4811/2549 2589/4932/2589
f 2544/4768/2544 2523/4735/2523 2477/4691/2477
f 2619/4933/2619 2622/4922/2622 2620/4924/2620
f 2620/4924/2620 2623/4923/2623 2612/4906/2612
f 2592/4876/2592 2628/4934/2628 2601/4890/2601
f 2592/4876/2592 2580/4848/2580 2628/4934/2628
f 2591/4875/2591 2600/4889/2600 2613/4909/2613
f 2593/4877/2593 2581/4851/2581 2614/4935/2614
f 2582/4854/2582 2625/4928/2625 2614/4910/2614
f 2605/4895/2605 2627/4931/2627 2617/4915/2617
f 2596/4880/2596 2629/4936/2629 2627/4931/2627
f 2596/4880/2596 2606/4898/2606 2629/4936/2629
f 2617/4937/2617 2618/4916/2618 2556/4801/2556
f 2597/4881/2597 2630/4938/2630 2631/4939/2631
f 2597/4881/2597 2618/4916/2618 2630/4938/2630
f 2589/4871/2589 2557/4802/2557 2632/4940/2632
f 2632/4941/2632 2557/4900/2557 2608/4901/2608
f 2623/4923/2623 2633/4942/2633 2612/4906/2612
f 2612/4906/2612 2633/4942/2633 2599/4905/2599
f 2613/4943/2613 2634/4944/2634 2624/4945/2624
f 2613/4909/2613 2600/4889/2600 2635/4946/2635
f 2580/4848/2580 2636/4947/2636 2628/4934/2628
f 2593/4891/2593 2636/4947/2636 2580/4848/2580
f 2520/4756/2520 2572/4827/2572 2539/4948/2539
f 2616/4914/2616 2603/4893/2603 2540/4758/2540
f 2536/4753/2536 2563/4810/2563 2637/4949/2637
f 2606/4898/2606 2607/4899/2607 2638/4950/2638
f 2631/4939/2631 2639/4951/2639 2597/4881/2597
f 2575/4839/2575 2639/4951/2639 2619/4917/2619
f 2597/4881/2597 2639/4951/2639 2575/4839/2575
f 2544/4768/2544 2610/4903/2610 2523/4735/2523
f 2599/4905/2599 2633/4942/2633 2640/4952/2640
f 2640/4953/2640 2571/4826/2571 2590/4873/2590
f 2599/4888/2599 2640/4953/2640 2590/4873/2590
f 2594/4878/2594 2615/4954/2615 2602/4892/2602
f 2563/4955/2563 2595/4956/2595 2641/4957/2641
f 2585/4860/2585 2642/4958/2642 2521/4728/2521
f 2642/4958/2642 2574/4959/2574 2521/4728/2521
f 2574/4833/2574 2643/4960/2643 2604/4894/2604
f 2627/4931/2627 2629/4936/2629 2644/4961/2644
f 2618/4916/2618 2617/4937/2617 2630/4938/2630
f 2608/4901/2608 2523/4735/2523 2645/4962/2645
f 2622/4963/2622 2619/4964/2619 2646/4965/2646
f 2523/4735/2523 2610/4903/2610 2645/4962/2645
f 2578/4845/2578 2624/4927/2624 2610/4903/2610
f 2601/4890/2601 2635/4946/2635 2600/4889/2600
f 2571/4826/2571 2647/4966/2647 2572/4827/2572
f 2634/4944/2634 2613/4943/2613 2648/4967/2648
f 2593/4968/2593 2649/4969/2649 2636/4970/2636
f 2593/4968/2593 2614/4971/2614 2649/4969/2649
f 2650/4972/2650 2651/4973/2651 2615/4913/2615
f 2584/4912/2584 2652/4974/2652 2615/4913/2615
f 2572/4827/2572 2626/4975/2626 2539/4948/2539
f 2615/4954/2615 2651/4976/2651 2602/4892/2602
f 2602/4892/2602 2653/4977/2653 2625/4928/2625
f 2584/4859/2584 2536/4869/2536 2654/4978/2654
f 2642/4958/2642 2643/4979/2643 2574/4959/2574
f 2627/4931/2627 2655/4980/2655 2617/4915/2617
f 2606/4898/2606 2638/4950/2638 2629/4936/2629
f 2617/4981/2617 2656/4982/2656 2630/4983/2630
f 2632/4984/2632 2657/4985/2657 2589/4932/2589
f 2619/4917/2619 2639/4951/2639 2646/4986/2646
f 2622/4922/2622 2646/4987/2646 2623/4923/2623
f 2623/4923/2623 2646/4987/2646 2633/4942/2633
f 2601/4890/2601 2628/4934/2628 2635/4946/2635
f 2658/4988/2658 2650/4972/2650 2659/4989/2659
f 2614/4971/2614 2625/4990/2625 2660/4991/2660
f 2650/4972/2650 2615/4913/2615 2652/4974/2652
f 2572/4827/2572 2647/4966/2647 2626/4975/2626
f 2654/4978/2654 2536/4869/2536 2637/4992/2637
f 2637/4992/2637 2563/4993/2563 2661/4994/2661
f 2595/4956/2595 2604/4995/2604 2662/4996/2662
f 2627/4931/2627 2644/4961/2644 2655/4980/2655
f 2630/4983/2630 2663/4997/2663 2631/4998/2631
f 2607/4899/2607 2664/4999/2664 2638/4950/2638
f 2589/4932/2589 2657/4985/2657 2607/4899/2607
f 2608/5000/2608 2645/5001/2645 2632/5002/2632
f 2571/4826/2571 2640/4953/2640 2647/4966/2647
f 2613/4909/2613 2635/4946/2635 2665/5003/2665
f 2665/5004/2665 2666/5005/2666 2613/5006/2613
f 2613/5006/2613 2666/5005/2666 2648/5007/2648
f 2649/4969/2649 2614/4971/2614 2660/4991/2660
f 2625/4990/2625 2667/5008/2667 2660/4991/2660
f 2625/4990/2625 2653/5009/2653 2667/5008/2667
f 2584/4859/2584 2654/4978/2654 2652/5010/2652
f 2668/5011/2668 2616/5012/2616 2626/4975/2626
f 2603/4893/2603 2642/4958/2642 2585/4860/2585
f 2595/4956/2595 2662/4996/2662 2641/4957/2641
f 2607/4899/2607 2669/5013/2669 2664/4999/2664
f 2631/4998/2631 2663/4997/2663 2670/5014/2670
f 2631/4939/2631 2670/5015/2670 2639/4951/2639
f 2607/4899/2607 2657/4985/2657 2669/5013/2669
f 2628/4934/2628 2665/5003/2665 2635/4946/2635
f 2628/4934/2628 2636/4947/2636 2665/5003/2665
f 2671/5016/2671 2634/4944/2634 2672/5017/2672
f 2634/4944/2634 2673/5018/2673 2672/5017/2672
f 2634/4944/2634 2648/4967/2648 2673/5018/2673
f 2649/4969/2649 2665/5004/2665 2636/4970/2636
f 2648/4967/2648 2674/5019/2674 2673/5018/2673
f 2666/5005/2666 2674/5020/2674 2648/5007/2648
f 2649/4969/2649 2675/5021/2675 2665/5004/2665
f 2660/4991/2660 2675/5021/2675 2649/4969/2649
f 2660/4991/2660 2676/5022/2676 2675/5021/2675
f 2658/4988/2658 2677/5023/2677 2650/4972/2650
f 2650/5024/2650 2677/5025/2677 2651/5026/2651
f 2651/4976/2651 2653/4977/2653 2602/4892/2602
f 2637/4992/2637 2678/5027/2678 2654/4978/2654
f 2679/5028/2679 2678/5027/2678 2637/4992/2637
f 2661/4994/2661 2679/5028/2679 2637/4992/2637
f 2661/5029/2661 2563/4955/2563 2641/4957/2641
f 2603/4893/2603 2680/5030/2680 2642/4958/2642
f 2655/5031/2655 2656/4982/2656 2617/4981/2617
f 2644/4961/2644 2629/4936/2629 2681/5032/2681
f 2630/4983/2630 2682/5033/2682 2663/4997/2663
f 2638/4950/2638 2664/4999/2664 2683/5034/2683
f 2624/4927/2624 2684/5035/2684 2610/4903/2610
f 2624/4945/2624 2634/4944/2634 2671/5016/2671
f 2672/5036/2672 2685/5037/2685 2671/5038/2671
f 2673/5018/2673 2674/5019/2674 2686/5039/2686
f 2666/5005/2666 2665/5004/2665 2687/5040/2687
f 2659/4989/2659 2685/5041/2685 2688/5042/2688
f 2666/5005/2666 2687/5040/2687 2674/5020/2674
f 2659/4989/2659 2688/5042/2688 2658/4988/2658
f 2659/4989/2659 2650/4972/2650 2685/5041/2685
f 2650/4972/2650 2652/4974/2652 2689/5043/2689
f 2660/4991/2660 2667/5008/2667 2676/5022/2676
f 2651/5026/2651 2676/5022/2676 2653/5009/2653
f 2661/4994/2661 2690/5044/2690 2679/5028/2679
f 2638/4950/2638 2683/5034/2683 2629/4936/2629
f 2691/5045/2691 2692/5046/2692 2663/4997/2663
f 2663/4997/2663 2692/5046/2692 2670/5014/2670
f 2664/5047/2664 2669/5048/2669 2693/5049/2693
f 2632/5002/2632 2645/5001/2645 2657/5050/2657
f 2646/5051/2646 2694/5052/2694 2633/5053/2633
f 2633/5053/2633 2694/5052/2694 2640/4953/2640
f 2640/4953/2640 2695/5054/2695 2647/4966/2647
f 2624/5055/2624 2671/5056/2671 2684/5057/2684
f 2671/5038/2671 2685/5037/2685 2689/5058/2689
f 2665/5004/2665 2675/5021/2675 2687/5040/2687
f 2658/4988/2658 2688/5042/2688 2677/5023/2677
f 2650/4972/2650 2689/5043/2689 2685/5041/2685
f 2675/5021/2675 2676/5022/2676 2696/5059/2696
f 2677/5025/2677 2676/5022/2676 2651/5026/2651
f 2668/5011/2668 2697/5060/2697 2616/5012/2616
f 2654/4978/2654 2678/5027/2678 2698/5061/2698
f 2697/5062/2697 2603/4893/2603 2616/4914/2616
f 2655/4980/2655 2644/4961/2644 2699/5063/2699
f 2629/4936/2629 2700/5064/2700 2681/5032/2681
f 2629/4936/2629 2683/5034/2683 2700/5064/2700
f 2656/4982/2656 2682/5033/2682 2630/4983/2630
f 2682/5033/2682 2691/5045/2691 2663/4997/2663
f 2664/5047/2664 2693/5049/2693 2683/5065/2683
f 2692/5046/2692 2701/5066/2701 2670/5014/2670
f 2670/5014/2670 2702/5067/2702 2639/5068/2639
f 2701/5066/2701 2702/5067/2702 2670/5014/2670
f 2639/4951/2639 2702/5069/2702 2646/4986/2646
f 2703/5070/2703 2672/5017/2672 2673/5018/2673
f 2703/5070/2703 2673/5018/2673 2686/5039/2686
f 2688/5071/2688 2685/5037/2685 2672/5036/2672
f 2696/5059/2696 2676/5022/2676 2677/5025/2677
f 2653/5009/2653 2676/5022/2676 2667/5008/2667
f 2647/4966/2647 2668/5011/2668 2626/4975/2626
f 2652/5010/2652 2654/4978/2654 2698/5061/2698
f 2698/5061/2698 2678/5027/2678 2704/5072/2704
f 2705/5073/2705 2643/5074/2643 2642/5075/2642
f 2643/5076/2643 2662/4996/2662 2604/4995/2604
f 2699/5063/2699 2644/4961/2644 2681/5032/2681
f 2669/5048/2669 2706/5077/2706 2693/5049/2693
f 2657/5078/2657 2707/5079/2707 2669/5048/2669
f 2707/5080/2707 2657/5050/2657 2708/5081/2708
f 2657/5050/2657 2645/5001/2645 2708/5081/2708
f 2709/5082/2709 2646/5083/2646 2702/5084/2702
f 2610/5085/2610 2684/5086/2684 2710/5087/2710
f 2684/5057/2684 2671/5056/2671 2711/5088/2711
f 2711/5089/2711 2671/5038/2671 2689/5058/2689
f 2686/5090/2686 2674/5020/2674 2687/5040/2687
f 2688/5042/2688 2712/5091/2712 2677/5023/2677
f 2687/5040/2687 2675/5021/2675 2696/5059/2696
f 2695/5054/2695 2668/5011/2668 2647/4966/2647
f 2697/5092/2697 2680/5093/2680 2603/5094/2603
f 2690/5095/2690 2661/5029/2661 2641/4957/2641
f 2641/4957/2641 2662/4996/2662 2713/5096/2713
f 2714/5097/2714 2682/5033/2682 2656/4982/2656
f 2715/5098/2715 2702/5099/2702 2701/5100/2701
f 2715/5098/2715 2716/5101/2716 2702/5099/2702
f 2707/5079/2707 2706/5077/2706 2669/5048/2669
f 2646/5083/2646 2709/5082/2709 2694/5102/2694
f 2703/5103/2703 2717/5104/2717 2688/5105/2688
f 2688/5105/2688 2672/5106/2672 2703/5103/2703
f 2712/5091/2712 2696/5107/2696 2677/5023/2677
f 2652/5108/2652 2718/5109/2718 2689/5110/2689
f 2652/5010/2652 2698/5061/2698 2718/5111/2718
f 2690/5095/2690 2641/4957/2641 2719/5112/2719
f 2642/5075/2642 2680/5113/2680 2705/5073/2705
f 2643/5074/2643 2705/5073/2705 2662/5114/2662
f 2706/5077/2706 2707/5079/2707 2715/5098/2715
f 2645/5001/2645 2610/5085/2610 2710/5087/2710
f 2640/4953/2640 2694/5052/2694 2695/5054/2695
f 2710/5087/2710 2684/5086/2684 2720/5115/2720
f 2717/5104/2717 2721/5116/2721 2688/5105/2688
f 2686/5117/2686 2722/5118/2722 2703/5103/2703
f 2711/5119/2711 2723/5120/2723 2724/5121/2724
f 2688/5105/2688 2721/5116/2721 2712/5122/2712
f 2689/5110/2689 2723/5120/2723 2711/5119/2711
f 2686/5090/2686 2687/5040/2687 2725/5123/2725
f 2687/5040/2687 2696/5059/2696 2725/5123/2725
f 2712/5091/2712 2725/5124/2725 2696/5107/2696
f 2689/5110/2689 2718/5109/2718 2723/5120/2723
f 2655/5031/2655 2699/5125/2699 2714/5097/2714
f 2655/5031/2655 2714/5097/2714 2656/4982/2656
f 2699/5125/2699 2681/5126/2681 2726/5127/2726
f 2681/5126/2681 2700/5128/2700 2726/5127/2726
f 2693/5049/2693 2706/5077/2706 2727/5129/2727
f 2701/5100/2701 2728/5130/2728 2715/5098/2715
f 2715/5098/2715 2707/5079/2707 2729/5131/2729
f 2702/5084/2702 2716/5132/2716 2709/5082/2709
f 2708/5081/2708 2645/5001/2645 2710/5087/2710
f 2684/5057/2684 2711/5088/2711 2720/5133/2720
f 2711/5119/2711 2724/5121/2724 2720/5134/2720
f 2686/5135/2686 2725/5136/2725 2722/5137/2722
f 2723/5120/2723 2718/5109/2718 2730/5138/2730
f 2719/5112/2719 2641/4957/2641 2713/5096/2713
f 2690/5095/2690 2719/5112/2719 2731/5139/2731
f 2678/5027/2678 2679/5028/2679 2704/5072/2704
f 2690/5044/2690 2731/5140/2731 2679/5028/2679
f 2693/5049/2693 2727/5129/2727 2683/5065/2683
f 2715/5098/2715 2729/5131/2729 2716/5101/2716
f 2717/5104/2717 2703/5103/2703 2722/5118/2722
f 2721/5141/2721 2725/5142/2725 2712/5143/2712
f 2695/5054/2695 2732/5144/2732 2668/5011/2668
f 2733/5145/2733 2668/5011/2668 2732/5144/2732
f 2718/5111/2718 2698/5061/2698 2734/5146/2734
f 2668/5011/2668 2733/5145/2733 2697/5060/2697
f 2662/4996/2662 2705/5147/2705 2713/5096/2713
f 2714/5097/2714 2735/5148/2735 2682/5033/2682
f 2735/5148/2735 2691/5045/2691 2682/5033/2682
f 2706/5077/2706 2736/5149/2736 2727/5129/2727
f 2706/5077/2706 2715/5098/2715 2736/5149/2736
f 2729/5131/2729 2707/5079/2707 2737/5150/2737
f 2729/5151/2729 2738/5152/2738 2716/5132/2716
f 2710/5153/2710 2720/5154/2720 2739/5155/2739
f 2722/5118/2722 2721/5116/2721 2717/5104/2717
f 2720/5134/2720 2740/5156/2740 2739/5157/2739
f 2740/5156/2740 2720/5134/2720 2724/5121/2724
f 2722/5118/2722 2725/5158/2725 2721/5116/2721
f 2733/5159/2733 2741/5160/2741 2697/5092/2697
f 2741/5160/2741 2680/5093/2680 2697/5092/2697
f 2742/5161/2742 2719/5112/2719 2713/5096/2713
f 2741/5162/2741 2705/5073/2705 2680/5113/2680
f 2700/5128/2700 2683/5163/2683 2743/5164/2743
f 2692/5046/2692 2691/5045/2691 2744/5165/2744
f 2692/5046/2692 2744/5165/2744 2701/5066/2701
f 2701/5066/2701 2744/5165/2744 2728/5166/2728
f 2715/5098/2715 2728/5130/2728 2736/5149/2736
f 2729/5151/2729 2737/5167/2737 2738/5152/2738
f 2738/5152/2738 2709/5082/2709 2716/5132/2716
f 2710/5153/2710 2739/5155/2739 2745/5168/2745
f 2724/5121/2724 2723/5120/2723 2746/5169/2746
f 2724/5121/2724 2746/5169/2746 2740/5156/2740
f 2695/5054/2695 2694/5052/2694 2732/5144/2732
f 2740/5156/2740 2747/5170/2747 2739/5157/2739
f 2739/5155/2739 2747/5171/2747 2748/5172/2748
f 2740/5156/2740 2746/5169/2746 2747/5170/2747
f 2730/5173/2730 2718/5111/2718 2734/5146/2734
f 2719/5112/2719 2742/5161/2742 2749/5174/2749
f 2698/5061/2698 2704/5072/2704 2734/5146/2734
f 2707/5080/2707 2708/5081/2708 2737/5175/2737
f 2708/5081/2708 2710/5087/2710 2745/5176/2745
f 2750/5177/2750 2745/5176/2745 2751/5178/2751
f 2709/5082/2709 2752/5179/2752 2694/5102/2694
f 2739/5155/2739 2748/5172/2748 2745/5168/2745
f 2745/5168/2745 2748/5172/2748 2753/5180/2753
f 2730/5138/2730 2746/5169/2746 2723/5120/2723
f 2694/5052/2694 2752/5181/2752 2732/5144/2732
f 2748/5172/2748 2754/5182/2754 2753/5180/2753
f 2747/5171/2747 2755/5183/2755 2748/5172/2748
f 2748/5172/2748 2755/5183/2755 2754/5182/2754
f 2754/5182/2754 2755/5183/2755 2756/5184/2756
f 2757/5185/2757 2742/5161/2742 2713/5096/2713
f 2742/5161/2742 2758/5186/2758 2749/5174/2749
f 2713/5096/2713 2705/5147/2705 2759/5187/2759
f 2758/5186/2758 2731/5139/2731 2749/5174/2749
f 2749/5174/2749 2731/5139/2731 2719/5112/2719
f 2714/5097/2714 2699/5125/2699 2760/5188/2760
f 2700/5128/2700 2743/5164/2743 2726/5127/2726
f 2714/5097/2714 2760/5188/2760 2735/5148/2735
f 2738/5152/2738 2761/5189/2761 2709/5082/2709
f 2708/5081/2708 2745/5176/2745 2750/5177/2750
f 2745/5168/2745 2753/5180/2753 2751/5190/2751
f 2752/5179/2752 2762/5191/2762 2732/5192/2732
f 2732/5193/2732 2762/5194/2762 2733/5195/2733
f 2755/5183/2755 2747/5171/2747 2763/5196/2763
f 2764/5197/2764 2733/5195/2733 2762/5194/2762
f 2764/5197/2764 2741/5198/2741 2733/5195/2733
f 2755/5199/2755 2765/5200/2765 2756/5201/2756
f 2766/5202/2766 2757/5185/2757 2759/5187/2759
f 2741/5162/2741 2759/5203/2759 2705/5073/2705
f 2713/5096/2713 2759/5187/2759 2757/5185/2757
f 2679/5028/2679 2731/5140/2731 2704/5072/2704
f 2699/5125/2699 2726/5127/2726 2760/5188/2760
f 2683/5163/2683 2727/5204/2727 2743/5164/2743
f 2737/5167/2737 2761/5189/2761 2738/5152/2738
f 2737/5175/2737 2708/5081/2708 2750/5177/2750
f 2709/5082/2709 2761/5189/2761 2752/5179/2752
f 2752/5179/2752 2761/5189/2761 2762/5191/2762
f 2751/5190/2751 2753/5180/2753 2767/5205/2767
f 2746/5169/2746 2763/5206/2763 2747/5170/2747
f 2746/5169/2746 2730/5138/2730 2763/5206/2763
f 2753/5180/2753 2768/5207/2768 2767/5205/2767
f 2730/5173/2730 2734/5146/2734 2763/5208/2763
f 2767/5205/2767 2766/5209/2766 2764/5210/2764
f 2768/5207/2768 2766/5209/2766 2767/5205/2767
f 2766/5209/2766 2759/5211/2759 2764/5210/2764
f 2756/5184/2756 2769/5212/2769 2754/5182/2754
f 2759/5203/2759 2741/5162/2741 2764/5213/2764
f 2766/5202/2766 2758/5186/2758 2757/5185/2757
f 2755/5199/2755 2763/5214/2763 2765/5200/2765
f 2757/5185/2757 2758/5186/2758 2742/5161/2742
f 2743/5164/2743 2727/5204/2727 2770/5215/2770
f 2691/5045/2691 2771/5216/2771 2744/5165/2744
f 2744/5165/2744 2772/5217/2772 2728/5166/2728
f 2761/5218/2761 2737/5175/2737 2773/5219/2773
f 2750/5177/2750 2773/5219/2773 2737/5175/2737
f 2750/5177/2750 2751/5178/2751 2773/5219/2773
f 2773/5220/2773 2764/5197/2764 2762/5194/2762
f 2773/5220/2773 2751/5221/2751 2764/5197/2764
f 2773/5220/2773 2762/5194/2762 2761/5222/2761
f 2751/5221/2751 2767/5223/2767 2764/5197/2764
f 2754/5182/2754 2768/5207/2768 2753/5180/2753
f 2766/5209/2766 2768/5207/2768 2758/5224/2758
f 2754/5182/2754 2769/5212/2769 2768/5207/2768
f 2765/5200/2765 2769/5225/2769 2756/5201/2756
f 2734/5146/2734 2774/5226/2774 2763/5208/2763
f 2758/5186/2758 2769/5225/2769 2731/5139/2731
f 2734/5146/2734 2704/5072/2704 2774/5226/2774
f 2735/5148/2735 2771/5216/2771 2691/5045/2691
f 2769/5212/2769 2758/5224/2758 2768/5207/2768
f 2769/5225/2769 2765/5200/2765 2774/5227/2774
f 2769/5225/2769 2774/5227/2774 2731/5139/2731
f 2704/5072/2704 2731/5140/2731 2774/5226/2774
f 2743/5164/2743 2775/5228/2775 2726/5127/2726
f 2744/5165/2744 2771/5216/2771 2772/5217/2772
f 2774/5227/2774 2765/5200/2765 2763/5214/2763
f 2743/5164/2743 2770/5215/2770 2775/5228/2775
f 2727/5129/2727 2736/5149/2736 2770/5229/2770
f 2728/5130/2728 2772/5230/2772 2736/5149/2736
f 2726/5127/2726 2775/5228/2775 2760/5188/2760
f 2760/5188/2760 2776/5231/2776 2735/5148/2735
f 2735/5148/2735 2776/5231/2776 2771/5216/2771
f 2775/5228/2775 2776/5231/2776 2760/5188/2760
f 2776/5231/2776 2772/5217/2772 2771/5216/2771
f 2775/5228/2775 2770/5215/2770 2776/5231/2776
f 2772/5217/2772 2776/5231/2776 2770/5215/2770
f 2736/5232/2736 2772/5217/2772 2770/5215/2770
